Town,Name,Address,Phone,Website
London,Novotel London Waterloo,"113 Lambeth Rd, London SE1 7LS, UK",020 7660 0674,https://all.accor.com/lien_externe.svlt?goto=fiche_hotel&code_hotel=1785&merchantid=seo-maps-GB-1785&sourceid=aw-cen&utm_medium=seo%20maps&utm_source=google%20Maps&utm_campaign=seo%20maps
London,Holiday Inn Express London - Victoria by IHG,"106-110 Belgrave Rd, Pimlico, London SW1V 2BJ, UK",020 7630 8888,https://www.ihg.com/holidayinnexpress/hotels/gb/en/london/lonve/hoteldetail?cm_mmc=GoogleMaps-_-EX-_-GB-_-LONVE
London,Residence Inn by Marriott London Bridge,"201, 211 Long Ln, London SE1 4PN, UK",020 3146 7344,https://www.marriott.com/en-us/hotels/lonri-residence-inn-london-bridge/overview/?scid=f2ae0541-1279-4f24-b197-a979c79310b0
London,DoubleTree by Hilton London - Tower of London,"7 Pepys St, London EC3N 4AF, UK",020 7709 1000,https://www.hilton.com/en/hotels/lontldi-doubletree-london-tower-of-london/?SEO_id=GMB-EMEA-DI-LONTLDI
London,Premier Inn London Southwark (Southwark Station) hotel,"31 The Cut, London SE1 8LE, UK",0333 015 0106,https://www.premierinn.com/gb/en/hotels/england/greater-london/london/london-southwark-southwark-station.html?cid=GLBC_LONCUT
London,Travelodge London Central City Road,"1-23 City Rd, London EC1Y 1AG, UK",,https://www.travelodge.co.uk/hotels/340/London-Central-City-Road-hotel?utm_source=google&utm_medium=GHA_Organic&utm_campaign=GHA_London%20Central%20City%20Road
London,Holiday Inn London - West,"4 Portal Way, London W3 6RT, UK",020 8753 0800,https://www.ihg.com/holidayinn/hotels/gb/en/london/lonpw/hoteldetail
London,ibis Styles London Southwark,"43-47 Southwark Bridge Rd, London SE1 9HH, UK",020 7015 1480,https://all.accor.com/lien_externe.svlt?goto=fiche_hotel&code_hotel=7465&merchantid=seo-maps-GB-7465&sourceid=aw-cen&utm_medium=seo%20maps&utm_source=google%20Maps&utm_campaign=seo%20maps
London,DoubleTree by Hilton London Elstree,"Barnet By-Pass, Borehamwood WD6 5PU, UK",020 8214 9988,https://www.hilton.com/en/hotels/lonledi-doubletree-london-elstree/?SEO_id=GMB-EMEA-DI-LONLEDI
London,Novotel London Tower Bridge,"10 Pepys St, London EC3N 2NR, UK",020 7660 0675,https://all.accor.com/lien_externe.svlt?goto=fiche_hotel&code_hotel=3107&merchantid=seo-maps-GB-3107&sourceid=aw-cen&utm_medium=seo%20maps&utm_source=google%20Maps&utm_campaign=seo%20maps
London,Premier Inn London Hammersmith (Talgarth Road) hotel,"181 Talgarth Rd, London W6 8DN, UK",0333 003 8101,https://www.premierinn.com/gb/en/hotels/england/greater-london/london/london-hammersmith-talgarth-road.html?cid=GLBC_LONTAL
London,Hilton London Canary Wharf,"S Quay Square, Marsh Wall, London E14 9SH, UK",020 3002 2300,https://www.hilton.com/en/hotels/loncwhi-hilton-london-canary-wharf/?SEO_id=GMB-EMEA-HI-LONCWHI
London,Travelodge London Richmond Central,"9 Paradise Rd, Richmond TW9 1RX, UK",0871 559 1876,https://www.travelodge.co.uk/hotels/600/London-Richmond-Central-hotel?utm_source=google&utm_medium=GHA_Organic&utm_campaign=GHA_London%20Richmond%20Central&WT.tsrc=GHA_Organic
London,DoubleTree by Hilton London - Ealing,"2-8 Hanger Ln, London W5 3HN, UK",020 8896 8400,https://www.hilton.com/en/hotels/lonecdi-doubletree-london-ealing/?SEO_id=GMB-EMEA-DI-LONECDI
London,"Holiday Inn London - Whitechapel, an IHG Hotel","5 Cavell St, London E1 2BP, UK",020 7791 9010,https://www.ihg.com/holidayinn/hotels/gb/en/london/lonuk/hoteldetail?cm_mmc=GoogleMaps-_-HI-_-GB-_-LONUK
Birmingham,Travelodge Birmingham Central Bull Ring,"Upper Dean St, Birmingham B5 4SG, UK",0800 640 3481,https://www.travelodge.co.uk/hotels/503/birmingham-central-bull-ring-hotel?utm_source=google&utm_medium=GHA_Organic&utm_campaign=GHA_Birmingham%20Central%20Bull%20Ring&WT.tsrc=GHA_Organic
Birmingham,Travelodge Birmingham Fort Dunlop,"Fort Dunlop Fort Parkway, Fort Pkwy, Birmingham B24 9FD, UK",0121 747 9958,https://www.travelodge.co.uk/hotels/304/birmingham-fort-dunlop-hotel?utm_source=google&utm_medium=GHA_Organic&utm_campaign=GHA_Birmingham%20Fort%20Dunlop&WT.tsrc=GHA_Organic
Birmingham,ibis budget Birmingham Centre,"1 Great Colmore St, Birmingham B15 2AP, UK",0121 622 7575,https://all.accor.com/lien_externe.svlt?goto=fiche_hotel&code_hotel=5678&merchantid=seo-maps-GB-5678&sourceid=aw-cen&utm_medium=seo%20maps&utm_source=google%20Maps&utm_campaign=seo%20maps
Birmingham,Holiday Inn Express Birmingham - City Centre by IHG,"19 Holliday St, Birmingham B1 1HH, UK",0121 516 1990,https://www.ihg.com/holidayinnexpress/hotels/gb/en/birmingham/bhxcc/hoteldetail?cm_mmc=GoogleMaps-_-EX-_-GB-_-BHXCC
Birmingham,Holiday Inn Birmingham City Centre by IHG,"Smallbrook Queensway, Birmingham B5 4EW, UK",0121 634 6200,https://www.ihg.com/holidayinn/hotels/gb/en/birmingham/bhxwm/hoteldetail?cm_mmc=GoogleMaps-_-HI-_-GB-_-BHXWM
Birmingham,Premier Inn Birmingham City Centre (New St Station) hotel,"Exchange Buildings, Stephenson Pl, Birmingham B2 4NH, UK",0333 321 9318,https://www.premierinn.com/gb/en/hotels/england/west-midlands/birmingham/birmingham-city-centre-new-st-station.html?cid=GLBC_BIREXC
Birmingham,Premier Inn Birmingham City Centre (Waterloo Street) hotel,"3-6 Waterloo St, Birmingham B2 5PG, UK",0333 777 3903,https://www.premierinn.com/gb/en/hotels/england/west-midlands/birmingham/birmingham-city-centre-waterloo-street.html?cid=GLBC_BIRSOL
Birmingham,Hampton by Hilton Birmingham Broad Street,"200 Broad St, Birmingham B15 1SU, UK",0121 329 7450,https://www.hilton.com/en/hotels/bhxbshx-hampton-birmingham-broad-street/?SEO_id=GMB-EMEA-HX-BHXBSHX
Birmingham,Premier Inn West Bromwich Town Centre (New Square) hotel,"Congregation Way, West Bromwich B70 7PU, UK",0871 622 0761,https://www.premierinn.com/gb/en/hotels/england/west-midlands/west-bromwich/west-bromwich-town-centre-new-square.html?cid=GLBC_BROTOW
Birmingham,"Radisson Blu Hotel, Birmingham","12 Holloway Circus, St. Chads Tunnel, Birmingham B1 1BT, UK",0121 654 6000,https://www.radissonhotels.com/en-us/hotels/radisson-blu-birmingham?cid=a:se+b:gmb+c:emea+i:local+e:rdb+d:ukirwe+h:GBBHX1
Birmingham,Holiday Inn Express Birmingham - Star City by IHG,"Cuckoo Rd, Heartlands Pkwy, Nechells, Birmingham B7 5SB, UK",0333 320 9358,https://www.ihg.com/holidayinnexpress/hotels/gb/en/birmingham/bhxsc/hoteldetail?cm_mmc=GoogleMaps-_-EX-_-GB-_-BHXSC
Birmingham,Travelodge Birmingham Central,"230 Broad St, Birmingham B15 1AY, UK",0800 640 3507,https://www.travelodge.co.uk/hotels/109/birmingham-central-hotel?utm_source=google&utm_medium=GHA_Organic&utm_campaign=GHA_Birmingham%20Central&WT.tsrc=GHA_Organic
Birmingham,Novotel Birmingham Centre,"70 Broad St, Birmingham B1 2HT, UK",0121 619 9002,https://all.accor.com/hotel/1077/index.en.shtml
Birmingham,Hilton Birmingham Metropole,"Pendigo Way, Marston Green, Birmingham B40 1PP, UK",0121 780 4242,https://www.hilton.com/en/hotels/bhxmetw-hilton-birmingham-metropole/?SEO_id=GMB-EMEA-TW-BHXMETW
Birmingham,Hilton Garden Inn Birmingham Brindleyplace,"1 Brunswick Square, Birmingham B1 2HW, UK",0121 643 1003,https://www.hilton.com/en/hotels/bhxbpgi-hilton-garden-inn-birmingham-brindleyplace/?SEO_id=GMB-EMEA-GI-BHXBPGI
Birmingham,Premier Inn Birmingham (Great Barr/M6 J7) hotel,"222 Birmingham Rd, Great Barr, Birmingham B43 7AG, UK",0333 777 3902,https://www.premierinn.com/gb/en/hotels/england/west-midlands/birmingham/birmingham-great-barrm6-j7.html?cid=GLBC_BIRCOL
Birmingham,Travelodge Birmingham Yardley,"A45 Off, 1741 Coventry Rd, Steyning Rd, Birmingham B26 1DS, UK",0871 984 6065,https://www.travelodge.co.uk/hotels/111/birmingham-yardley-hotel?utm_source=google&utm_medium=GHA_Organic&utm_campaign=GHA_Birmingham%20Yardley&WT.tsrc=GHA_Organic
Birmingham,Mercure Birmingham West Hotel,"Birmingham Rd, West Bromwich B70 6TU, UK",0121 609 9988,https://all.accor.com/lien_externe.svlt?goto=fiche_hotel&code_hotel=B538&merchantid=seo-maps-GB-B538&sourceid=aw-cen&utm_medium=seo%20maps&utm_source=google%20Maps&utm_campaign=seo%20maps
Birmingham,Crowne Plaza Birmingham Nec by IHG,"National Exhibition Centre, Pendigo Way, Marston Green, Birmingham B40 1PS, UK",0371 942 9160,https://www.ihg.com/crowneplaza/hotels/gb/en/birmingham/bhxpw/hoteldetail?cm_mmc=GoogleMaps-_-CP-_-GB-_-BHXPW
Birmingham,ibis Birmingham New Street Station,"Arcadian Centre, 21 Ladywell Walk, Birmingham B5 4ST, UK",0121 619 9000,https://all.accor.com/lien_externe.svlt?goto=fiche_hotel&code_hotel=1459&merchantid=seo-maps-GB-1459&sourceid=aw-cen&utm_medium=seo%20maps&utm_source=google%20Maps&utm_campaign=seo%20maps
Birmingham,Premier Inn Birmingham City Centre (Exchange Square) hotel,"6 Exchange Sq, The Priory Queensway, Birmingham B4 6FY, UK",0300 373 0322,https://www.premierinn.com/gb/en/hotels/england/west-midlands/birmingham/birmingham-city-centre-exchange-square.html?cid=GLBC_BIRESQ
Birmingham,Aloft by Marriott Birmingham Eastside,"4 Woodcock St, Birmingham B7 4BL, UK",0121 820 6000,https://www.marriott.com/en-us/hotels/bhxal-aloft-birmingham-eastside/overview/?scid=f2ae0541-1279-4f24-b197-a979c79310b0
Birmingham,Travelodge Birmingham Central Newhall Street,"Charlotte St, Birmingham B3 1PW, UK",0871 984 6377,https://www.travelodge.co.uk/hotels/379/birmingham-central-newhall-street-hotel?utm_source=google&utm_medium=GHA_Organic&utm_campaign=GHA_Birmingham%20Central%20Newhall%20Street&WT.tsrc=GHA_Organic
Birmingham,Premier Inn Birmingham South (Hall Green) hotel,"Stratford Rd, Birmingham B28 9ES, UK",0333 777 3914,https://www.premierinn.com/gb/en/hotels/england/west-midlands/birmingham/birmingham-south-hall-green.html?cid=GLBC_BIRTOB
Birmingham,ibis budget Birmingham Airport - NEC,"Birmingham Airport, Ambassador Rd, Birmingham B26 3QL, UK",0121 619 9001,https://all.accor.com/lien_externe.svlt?goto=fiche_hotel&code_hotel=6365&merchantid=seo-maps-GB-6365&sourceid=aw-cen&utm_medium=seo%20maps&utm_source=google%20Maps&utm_campaign=seo%20maps
Birmingham,Travelodge Birmingham Frankley M5 Southbound,"Moto Service Area, illey lane M5, Birmingham B32 4AR, UK",0871 984 6067,https://www.travelodge.co.uk/hotels/113/birmingham-frankley-m5-southbound-hotel?utm_source=google&utm_medium=GHA_Organic&utm_campaign=GHA_Birmingham%20Frankley%20M5%20Southbound&WT.tsrc=GHA_Organic
Birmingham,Holiday Inn Express Birmingham - Snow Hill by IHG,"Snow Hill Plaza, St. Chads Queensway, Birmingham B4 6HY, UK",0371 902 1636,https://www.ihg.com/holidayinnexpress/hotels/gb/en/birmingham/bhxsh/hoteldetail?cm_mmc=GoogleMaps-_-EX-_-GB-_-BHXSH
Birmingham,Premier Inn Birmingham Central (Hagley Road) hotel,"176-184 Hagley Rd, Birmingham B16 9NY, UK",0333 777 3908,https://www.premierinn.com/gb/en/hotels/england/west-midlands/birmingham/birmingham-central-hagley-road.html?cid=GLBC_BIRDUC
Birmingham,Holiday Inn Express Birmingham - South A45 by IHG,"1270 Coventry Rd, Yardley, Birmingham B25 8BJ, UK",0121 289 3333,https://www.ihg.com/holidayinnexpress/hotels/gb/en/birmingham/bhxbs/hoteldetail?cm_mmc=GoogleMaps-_-EX-_-GB-_-BHXBS
Birmingham,Travelodge Birmingham Sheldon,"2225 Coventry Rd, Sheldon, Birmingham B26 3EH, UK",,https://www.travelodge.co.uk/hotels/445/birmingham-sheldon-hotel?utm_source=google&utm_medium=GHA_Organic&utm_campaign=GHA_Birmingham%20Sheldon&WT.tsrc=GHA_Organic
Leeds,Novotel Leeds Centre,"4 Whitehall Rd, Whitehall Quay, Leeds LS1 4HR, UK",0113 396 9001,https://all.accor.com/lien_externe.svlt?goto=fiche_hotel&code_hotel=3270&merchantid=seo-maps-GB-3270&sourceid=aw-cen&utm_medium=seo%20maps&utm_source=google%20Maps&utm_campaign=seo%20maps
Leeds,Leeds Marriott Hotel,"4 Trevelyan Square, Boar Ln, Leeds LS1 6ET, UK",0113 236 6366,https://www.marriott.com/en-us/hotels/lbadt-leeds-marriott-hotel/overview/?scid=f2ae0541-1279-4f24-b197-a979c79310b0
Leeds,Hampton by Hilton Leeds City Centre,"1 Gower St, Leeds LS2 7BP, UK",0113 819 4900,https://www.hilton.com/en/hotels/lbaukhx-hampton-leeds-city-centre/?SEO_id=GMB-EMEA-HX-LBAUKHX
Leeds,ibis Styles Leeds City Centre Arena,"Wade Ln, Leeds LS2 8NJ, UK",0113 831 4530,https://all.accor.com/lien_externe.svlt?goto=fiche_hotel&code_hotel=9687&merchantid=seo-maps-GB-9687&sourceid=aw-cen&utm_medium=seo%20maps&utm_source=google%20Maps&utm_campaign=seo%20maps
Leeds,Premier Inn Leeds City Centre (Whitehall Road) hotel,"1 Whitehall Riverside, Lower Wortley, Leeds LS1 4EQ, UK",0333 234 6551,https://www.premierinn.com/gb/en/hotels/england/west-yorkshire/leeds/leeds-city-centre-whitehall-road.html?cid=GLBC_LEEWHI
Leeds,Holiday Inn Express Leeds - City Centre by IHG,"Off Cavendish St, Kirkstall Rd, Leeds LS3 1LY, UK",0371 902 1616,https://www.ihg.com/holidayinnexpress/hotels/gb/en/leeds/leecc/hoteldetail?cm_mmc=GoogleMaps-_-EX-_-GB-_-LEECC
Leeds,Holiday Inn Express Leeds City Centre - Armouries by IHG,"Armouries Dr, Leeds LS10 1LE, UK",0113 380 4400,https://www.ihg.com/holidayinnexpress/hotels/gb/en/leeds/leecd/hoteldetail?cm_mmc=GoogleMaps-_-EX-_-GB-_-LEECD
Leeds,DoubleTree by Hilton Leeds City Centre,"Granary Wharf, 2 Wharf Approach, Leeds LS1 4BR, UK",0113 241 1000,https://www.hilton.com/en/hotels/lbaccdi-doubletree-leeds-city-centre/?SEO_id=GMB-EMEA-DI-LBACCDI
Leeds,Crowne Plaza Leeds by IHG,"Wellington St, Leeds LS1 4DL, UK",0113 531 3200,https://www.ihg.com/crowneplaza/hotels/gb/en/leeds/leeuk/hoteldetail?cm_mmc=GoogleMaps-_-CP-_-GB-_-LEEUK
Leeds,Hilton Leeds City,"Neville St, Leeds LS1 4BX, UK",0113 244 2000,https://www.hilton.com/en/hotels/leehnhn-hilton-leeds-city/?SEO_id=GMB-EMEA-HN-LEEHNHN
Leeds,Travelodge Leeds Central Vicar Lane,"107 Vicar Ln, Leeds LS1 6PJ, UK",0871 984 6337,https://www.travelodge.co.uk/hotels/323/leeds-central-vicar-lane-hotel?utm_source=google&utm_medium=GHA_Organic&utm_campaign=GHA_Leeds%20Central%20Vicar%20Lane&WT.tsrc=GHA_Organic
Leeds,Premier Inn Leeds City Centre (Leeds Arena) hotel,"Hepworth Point, Clay Pit Ln, Leeds LS2 8BQ, UK",0333 321 9266,https://www.premierinn.com/gb/en/hotels/england/west-yorkshire/leeds/leeds-city-centre-leeds-arena.html?cid=GLBC_LEEHEP
Leeds,"Radisson Blu Hotel, Leeds City Centre","No. 1, The Light, The Headrow, Leeds LS1 8TL, UK",0113 236 6000,https://www.radissonhotels.com/en-us/hotels/radisson-blu-leeds?cid=a:se+b:gmb+c:emea+i:local+e:rdb+d:ukirwe+h:GBLBACTR
Leeds,ibis budget Leeds Centre Royal Armouries Museum,"2, The Gateway North, Crown Point Rd, Leeds LS9 8BZ, UK",0113 245 0725,https://all.accor.com/lien_externe.svlt?goto=fiche_hotel&code_hotel=6002&merchantid=seo-maps-GB-6002&sourceid=aw-cen&utm_medium=seo%20maps&utm_source=google%20Maps&utm_campaign=seo%20maps
Leeds,Premier Inn Leeds City Centre (Wellington Street) hotel,"Wellington St, Leeds LS3 1LW, UK",0333 003 1756,https://www.premierinn.com/gb/en/hotels/england/west-yorkshire/leeds/leeds-city-centre.html?cid=GLBC_LEETGI
Leeds,Premier Inn Leeds City (Elland Road) hotel,"City West One Office Park, Gelderd Rd, Holbeck, Leeds LS12 6LX, UK",0333 003 1757,https://www.premierinn.com/gb/en/hotels/england/west-yorkshire/leeds/leeds-city-west.html?cid=GLBC_LEEPTI
Leeds,Village Hotel Leeds South,"Capitol Blvd, Tingley, Morley, Leeds LS27 0TS, UK",0333 006 5222,https://www.village-hotels.co.uk/hotels/leeds-south/?utm_source=google&utm_medium=organic&utm_campaign=leeds-south-gmb
Leeds,Premier Inn Leeds East hotel,"Selby Rd, Whitkirk, Leeds LS15 7AY, UK",0333 003 5074,https://www.premierinn.com/gb/en/hotels/england/west-yorkshire/leeds/leeds-east.html?cid=GLBC_LEEBRO
Leeds,Ramada Leeds East M1,"Extra Leeds Skelton Lake Service Area J45, M1, Leeds LS9 0AS, UK",0113 468 8908,https://hotels.welcomebreak.co.uk/hotel/ramada-leeds/
Leeds,Travelodge Leeds Central,"Blayds Court, Blayds Yard, Off Swinegate, Leeds LS1 4AD, UK",0871 984 6155,https://www.travelodge.co.uk/hotels/144/leeds-central-hotel?utm_source=google&utm_medium=GHA_Organic&utm_campaign=GHA_Leeds%20Central&WT.tsrc=GHA_Organic
Leeds,Premier Inn Leeds Headingley hotel,"Headingley, Arndale Centre, Headingley, Leeds LS6 2UE, UK",0333 234 6488,https://www.premierinn.com/gb/en/hotels/england/west-yorkshire/leeds/leeds-headingley.html?cid=GLBC_LEEHEA
Leeds,Premier Inn Leeds South (Birstall) hotel,"Wakefield Rd, Drighlington, Leeds BD11 1EA, UK",0333 003 1755,https://www.premierinn.com/gb/en/hotels/england/west-yorkshire/leeds/leeds-south-birstall.html?cid=GLBC_LEEOLD
Leeds,Holiday Inn Leeds - Garforth by IHG,"Wakefield Rd, Garforth, Leeds LS25 1LH, UK",0333 320 9336,https://www.ihg.com/holidayinn/hotels/gb/en/leeds/leegf/hoteldetail?cm_mmc=GoogleMaps-_-HI-_-GB-_-LEEGF
Leeds,ibis Leeds Centre Marlborough Street,"23 Marlborough St, Leeds LS1 4PB, UK",0113 396 9000,https://all.accor.com/lien_externe.svlt?goto=fiche_hotel&code_hotel=3652&merchantid=seo-maps-GB-3652&sourceid=aw-cen&utm_medium=seo%20maps&utm_source=google%20Maps&utm_campaign=seo%20maps
Leeds,Travelodge Leeds Bradford Airport,"Whitehouse Ln, Yeadon, Leeds LS19 7UE, UK",0113 250 6842,https://www.travelodge.co.uk/hotels/264/leeds-bradford-airport-hotel?utm_source=google&utm_medium=GHA_Organic&utm_campaign=GHA_Leeds%20Bradford%20Airport&WT.tsrc=GHA_Organic
Leeds,Village Hotel Leeds North,"186 Otley Rd, Headingley, Leeds LS16 5PR, UK",0333 006 5222,https://www.village-hotels.co.uk/hotels/leeds-north/?utm_source=google&utm_medium=organic&utm_campaign=leeds-north-gmb
Leeds,Holiday Inn Express Leeds - East by IHG,"2 Aberford Rd, Oulton, Woodlesford, Leeds LS26 8EJ, UK",0113 288 0574,https://www.ihg.com/holidayinnexpress/hotels/gb/en/leeds/leeea/hoteldetail?cm_mmc=GoogleMaps-_-EX-_-GB-_-LEEEA
Sheffield,Novotel Sheffield Centre,"50 Arundel Gate, Sheffield City Centre, Sheffield S1 2PR, UK",0113 396 9005,https://all.accor.com/lien_externe.svlt?goto=fiche_hotel&code_hotel=1348&merchantid=seo-maps-GB-1348&sourceid=aw-cen&utm_medium=seo%20maps&utm_source=google%20Maps&utm_campaign=seo%20maps
Sheffield,Crowne Plaza Royal Victoria Sheffield by IHG,"Victoria Station Rd, Sheffield S4 7YE, UK",0114 276 8822,https://www.ihg.com/crowneplaza/hotels/gb/en/sheffield/emauk/hoteldetail?cm_mmc=GoogleMaps-_-CP-_-GB-_-EMAUK
Sheffield,Mercure Sheffield Kenwood Hall & Spa,"Kenwood Hall Hotel & Spa, Kenwood Rd, Nether Edge, Sheffield S7 1NQ, UK",0114 258 3811,https://www.kenwoodhall.co.uk/
Sheffield,Premier Inn Sheffield City Centre (Angel Street) hotel,"19 Angel St, Sheffield City Centre, Sheffield S3 8LN, UK",0333 321 8468,https://www.premierinn.com/gb/en/hotels/england/south-yorkshire/sheffield/sheffield-city-centre-angel-street.html?cid=GLBC_SHECIT
Sheffield,"Radisson Blu Hotel, Sheffield","30 Pinstone St, Sheffield City Centre, Sheffield S1 2HN, UK",0114 238 8968,https://www.radissonhotels.com/en-us/hotels/radisson-blu-sheffield?cid=a:se+b:gmb+c:emea+i:local+e:rdb+d:ukirwe+h:GBSZD1
Sheffield,Courtyard by Marriott Sheffield,"Maple Ct, Catcliffe, Rotherham S60 5GR, UK",0114 698 3800,https://www.marriott.com/en-us/hotels/dsacy-courtyard-sheffield/overview/?scid=f2ae0541-1279-4f24-b197-a979c79310b0
Sheffield,Hampton by Hilton Sheffield,"West Bar Green, Sheffield S1 2DA, UK",0114 399 0999,https://www.hilton.com/en/hotels/dsashhx-hampton-sheffield/?SEO_id=GMB-EMEA-HX-DSASHHX
Sheffield,DoubleTree by Hilton Sheffield City,"Bramall Ln, Highfield, Sheffield S2 4SU, UK",0114 321 4100,https://www.hilton.com/en/hotels/dsasddi-doubletree-sheffield-city/?SEO_id=GMB-EMEA-DI-DSASDDI
Sheffield,Travelodge Sheffield Central,"1 Broad St W, Sheffield City Centre, Sheffield S1 2BQ, UK",,https://www.travelodge.co.uk/hotels/317/sheffield-central-hotel?utm_source=google&utm_medium=GHA_Organic&utm_campaign=GHA_Sheffield%20Central&WT.tsrc=GHA_Organic
Sheffield,ibis Budget Sheffield Centre St Marys Gate,"Velocity Tower, 10A St Mary's Gate, Broomhall, Sheffield S1 4LR, UK",0114 350 4050,https://all.accor.com/lien_externe.svlt?goto=fiche_hotel&code_hotel=B4D2&merchantid=seo-maps-GB-B4D2&sourceid=aw-cen&utm_medium=seo%20maps&utm_source=google%20Maps&utm_campaign=seo%20maps
Sheffield,Premier Inn Sheffield (Meadowhall) hotel,"Sheffield Rd, Sheffield S9 2YL, UK",0333 321 8466,https://www.premierinn.com/gb/en/hotels/england/south-yorkshire/sheffield/sheffield-meadowhall.html?cid=GLBC_SHEPTI
Sheffield,Premier Inn Sheffield City Centre (St Mary's Gate) hotel,"Young St, Broomhall, Sheffield S1 4UP, UK",0333 321 8469,https://www.premierinn.com/gb/en/hotels/england/south-yorkshire/sheffield/sheffield-city-centre-st-marys-gate.html?cid=GLBC_SHEBAR
Sheffield,Holiday Inn Express Sheffield City Centre by IHG,"Blonk St, Sheffield S1 2AB, UK",0114 252 6500,https://www.ihg.com/holidayinnexpress/hotels/gb/en/sheffield/emass/hoteldetail?cm_mmc=GoogleMaps-_-EX-_-GB-_-EMASS
Sheffield,Mercure Sheffield Parkway Hotel,"Britannia Way, Catcliffe, Sheffield S60 5BD, UK",0114 295 2989,https://all.accor.com/lien_externe.svlt?goto=fiche_hotel&code_hotel=9580&merchantid=seo-maps-GB-9580&sourceid=aw-cen&utm_medium=seo%20maps&utm_source=google%20Maps&utm_campaign=seo%20maps
Sheffield,ibis Sheffield City,"Shude Hill, Sheffield City Centre, Sheffield S1 2AR, UK",0114 241 9600,https://all.accor.com/lien_externe.svlt?goto=fiche_hotel&code_hotel=2891&merchantid=seo-maps-GB-2891&sourceid=aw-cen&utm_medium=seo%20maps&utm_source=google%20Maps&utm_campaign=seo%20maps
Sheffield,Premier Inn Sheffield (Arena) hotel,"Attercliffe Common, Attercliffe, Sheffield S9 2FA, UK",0333 321 8465,https://www.premierinn.com/gb/en/hotels/england/south-yorkshire/sheffield/sheffield-arena.html?cid=GLBC_SHEMTI
Sheffield,ibis budget Sheffield Arena,"Its, 298 Attercliffe Common, South Yorkshire, Sheffield S9 2AG, UK",0114 243 4109,https://all.accor.com/lien_externe.svlt?goto=fiche_hotel&code_hotel=6176&merchantid=seo-maps-GB-6176&sourceid=aw-cen&utm_medium=seo%20maps&utm_source=google%20Maps&utm_campaign=seo%20maps
Sheffield,Premier Inn Sheffield/Barnsley (M1 Jct36) hotel,"Maple Rd, Tankersley, Barnsley S75 3DL, UK",0333 321 8467,https://www.premierinn.com/gb/en/hotels/england/south-yorkshire/sheffield/sheffieldbarnsley-m1-jct36.html?cid=GLBC_BARWEN
Sheffield,"Mosborough Hall Hotel, BW Signature Collection by Best Western","High St, Mosborough, Sheffield S20 5EA, UK",0114 248 4353,https://www.bestwestern.co.uk/hotels/best-western-plus-mosborough-hall-hotel-83732?utm_source=google_places&utm_medium=organic&utm_campaign=sheffield
Sheffield,Travelodge Sheffield Richmond,"340 Prince of Wales Rd, Sheffield S2 1FF, UK",0871 984 6175,https://www.travelodge.co.uk/hotels/174/sheffield-richmond-hotel?utm_source=google&utm_medium=GHA_Organic&utm_campaign=GHA_Sheffield%20Richmond&WT.tsrc=GHA_Organic
Sheffield,"Holiday Inn Rotherham-Sheffield M1,JCT.33 by IHG","W Bawtry Rd, Rotherham S60 2XL, UK",0333 320 9348,https://www.ihg.com/holidayinn/hotels/gb/en/rotherham/emart/hoteldetail?cm_mmc=GoogleMaps-_-HI-_-GB-_-EMART
Sheffield,Travelodge Sheffield Meadowhall,"299 Barrow Rd, Sheffield S9 1JQ, UK",0871 984 6435,https://www.travelodge.co.uk/hotels/403/sheffield-meadowhall-hotel?utm_source=google&utm_medium=GHA_Organic&utm_campaign=GHA_Sheffield%20Meadowhall&WT.tsrc=GHA_Organic
Manchester,Crowne Plaza Manchester City Centre,"70 Shudehill, Manchester M4 4AF, UK",0161 828 8600,https://www.ihg.com/crowneplaza/hotels/gb/en/manchester/mchss/hoteldetail?cm_mmc=GoogleMaps-_-CP-_-GB-_-MCHSS
Manchester,Travelodge Manchester Central Arena,"Great Ducie St, Cheetham Hill, Manchester M3 1PT, UK",,https://www.travelodge.co.uk/hotels/524/Manchester-Central-Arena-hotel?utm_source=google&utm_medium=GHA_Organic&utm_campaign=GHA_Manchester%20Central%20Arena&WT.tsrc=GHA_Organic
Manchester,Holiday Inn Express Manchester City Centre - Arena by IHG,"Off Goadsby St, Swan St, Manchester M4 5JY, UK",0161 836 9600,https://www.ihg.com/holidayinnexpress/hotels/gb/en/manchester/mancc/hoteldetail?cm_mmc=GoogleMaps-_-EX-_-GB-_-MANCC
Manchester,"Holiday Inn - the niu, Loom Manchester North, an IHG Hotel","2 Irish Town Way, Cheetham Hill, Manchester M8 0AE, UK",0161 518 0888,https://www.ihg.com/holiday-inn-the-niu/hotels/gb/en/manchester/manlm/hoteldetail?cm_mmc=GoogleMaps-_-HI-_-GB-_-MANLM
Manchester,Britannia Hotel Manchester,"Watts Warehouse, 35 Portland St, Manchester M1 3LA, UK",0161 228 2288,https://www.britanniahotels.com/hotels/the-britannia-hotel-manchester/
Manchester,"Hampton by Hilton Manchester City, Northern Quarter","41 Rochdale Rd, Manchester M4 4HT, UK",0161 511 5000,https://www.hilton.com/en/hotels/mannqhx-hampton-manchester-city-northern-quarter/?SEO_id=GMB-EMEA-HX-MANNQHX
Manchester,Holiday Inn Express Manchester Cc - Oxford Road by IHG,"2-4 Oxford Rd, Manchester M1 5QA, UK",0843 208 3005,https://www.ihg.com/holidayinnexpress/hotels/gb/en/manchester/mchor/hoteldetail?cm_mmc=GoogleMaps-_-EX-_-GB-_-MCHOR
Manchester,Manchester Marriott Victoria & Albert Hotel,"Water St, Manchester M3 4JQ, UK",0161 832 1188,https://www.marriott.com/en-us/hotels/manva-manchester-marriott-victoria-and-albert-hotel/overview/?scid=f2ae0541-1279-4f24-b197-a979c79310b0
Manchester,Premier Inn Manchester City Centre (Arena/Printworks) hotel,"North Tower, Victoria Bridge St, Manchester, Salford M3 5AS, UK",0333 321 1309,https://www.premierinn.com/gb/en/hotels/england/greater-manchester/salford/manchester-city-centre-arenaprintworks.html?cid=GLBC_MANBAR
Manchester,Holiday Inn Manchester - City Centre by IHG,"25 Aytoun St, Manchester M1 3DT, UK",0161 242 5444,https://www.ihg.com/holidayinn/hotels/gb/en/manchester/mchas/hoteldetail?cm_mmc=GoogleMaps-_-HI-_-GB-_-MCHAS
Manchester,DoubleTree by Hilton Manchester - Piccadilly,"One Piccadilly Place, 1 Auburn St, Manchester M1 3DG, UK",0161 242 1000,https://www.hilton.com/en/hotels/manpddi-doubletree-manchester-piccadilly/?SEO_id=GMB-EMEA-DI-MANPDDI
Manchester,"Radisson Hotel Manchester City Centre, A Verified Net Zero Hotel","4 Cheetham Hill Rd, Cheetham Hill, Manchester M4 4EW, UK",0161 832 6565,https://www.radissonhotels.com/en-us/hotels/radisson-manchester-city-centre-net-zero?cid=a:se+b:gmb+c:emea+i:local+e:rad+d:ukirwe+h:GBMANCTR
Manchester,Premier Inn Manchester City Centre West hotel,"Irwell St, Salford M3 5EN, UK",0333 321 9367,https://www.premierinn.com/gb/en/hotels/england/greater-manchester/salford/manchester-city-centre-west.html?cid=GLBC_MANSPI
Manchester,Travelodge Manchester Upper Brook Street,"227 Upper Brook St, Manchester M13 0HB, UK",0871 984 6487,https://www.travelodge.co.uk/hotels/523/Manchester-Upper-Brook-Street-hotel?utm_source=google&utm_medium=GHA_Organic&utm_campaign=GHA_Manchester%20Upper%20Brook%20Street&WT.tsrc=GHA_Organic
Manchester,Residence Inn by Marriott Manchester Piccadilly,"40 Laystall St, Manchester M1 2JZ, UK",0161 841 7800,https://www.marriott.com/en-us/hotels/manri-residence-inn-manchester-piccadilly/overview/?scid=f2ae0541-1279-4f24-b197-a979c79310b0
Manchester,Travelodge Manchester Central,"Blackfriars St, Salford, Manchester M3 5AL, UK",,https://www.travelodge.co.uk/hotels/153/manchester-central-hotel?utm_source=google&utm_medium=GHA_Organic&utm_campaign=GHA_Manchester%20Central&WT.tsrc=GHA_Organic
Manchester,Premier Inn Manchester City Centre (Princess Street) hotel,"2 Brook St, Manchester M1 7BJ, UK",0161 543 7960,https://www.premierinn.com/gb/en/hotels/england/greater-manchester/manchester/manchester-city-centre-princess-street.html?cid=GLBC_MANOXF
Manchester,Premier Inn Manchester Central hotel,"7-11 Lower Mosley St, Manchester M2 3DW, UK",0333 321 1308,https://www.premierinn.com/gb/en/hotels/england/greater-manchester/manchester/manchester-central.html?cid=GLBC_MANPMI
Manchester,ibis budget Manchester Centre Pollard Street,"2 Pollard St, Manchester M4 7DB, UK",020 7660 1678,https://all.accor.com/lien_externe.svlt?goto=fiche_hotel&code_hotel=6943&merchantid=seo-maps-GB-6943&sourceid=aw-cen&utm_medium=seo%20maps&utm_source=google%20Maps&utm_campaign=seo%20maps
Manchester,Manchester Marriott Hotel Piccadilly,"91 London Rd, Manchester M1 2PG, UK",0161 272 3200,https://www.marriott.com/en-us/hotels/manmp-manchester-marriott-hotel-piccadilly/overview/?scid=f2ae0541-1279-4f24-b197-a979c79310b0
Manchester,Travelodge Manchester Salford Quays,"18 Markendale Place, Salford M5 3GW, UK",0161 888 2309,https://www.travelodge.co.uk/hotels/532/Manchester-Salford-Quays-hotel?utm_source=google&utm_medium=GHA_Organic&utm_campaign=GHA_Manchester%20Salford%20Quays&WT.tsrc=GHA_Organic
Manchester,Aloft by Marriott Manchester City Centre,"325 Deansgate, Manchester M3 4LQ, UK",0161 517 0888,https://www.marriott.com/en-us/hotels/manal-aloft-manchester-city-centre/overview/?scid=f2ae0541-1279-4f24-b197-a979c79310b0
Manchester,Premier Inn Manchester City (Piccadilly) hotel,"72 Dale St, Manchester M1 2HR, UK",0333 321 9286,https://www.premierinn.com/gb/en/hotels/england/greater-manchester/manchester/manchester-city-piccadilly.html?cid=GLBC_MANDAL
Manchester,Mercure Manchester Piccadilly Hotel,"Portland St, Manchester M1 4PH, UK",0161 751 1412,https://all.accor.com/lien_externe.svlt?goto=fiche_hotel&code_hotel=8325&merchantid=seo-maps-GB-8325&sourceid=aw-cen&utm_medium=seo%20maps&utm_source=google%20Maps&utm_campaign=seo%20maps
Manchester,Premier Inn Manchester City Centre (Portland Street) hotel,"The Circus, 112-114 Portland St, Manchester M1 4WB, UK",0333 321 1312,https://www.premierinn.com/gb/en/hotels/england/greater-manchester/manchester/manchester-city-centre-portland-street.html?cid=GLBC_MANMTI
Liverpool,Hilton Liverpool City Centre,"3 Thomas Steers Way, Liverpool L1 8LW, UK",0151 708 4200,https://www.hilton.com/en/hotels/lplhihi-hilton-liverpool-city-centre/?SEO_id=GMB-EMEA-HI-LPLHIHI
Liverpool,Premier Inn Liverpool City Centre (Liverpool One) hotel,"48 Hanover St, Liverpool L1 4AF, UK",0333 321 9282,https://www.premierinn.com/gb/en/hotels/england/merseyside/liverpool/liverpool-city-centre-liverpool-one.html?cid=GLBC_LIVHAN
Liverpool,Aloft by Marriott Liverpool,"1 N John St, Liverpool L2 5QW, UK",0151 294 3970,https://www.marriott.com/en-us/hotels/lplal-aloft-liverpool/overview/?scid=f2ae0541-1279-4f24-b197-a979c79310b0
Liverpool,DoubleTree by Hilton Hotel & Spa Liverpool,"6 Sir Thomas St, Liverpool L1 6BR, UK",0151 556 1222,https://www.hilton.com/en/hotels/lpldldi-doubletree-hotel-and-spa-liverpool/?SEO_id=GMB-EMEA-DI-LPLDLDI
Liverpool,Novotel Liverpool Centre,"United Kingdom, Liverpool, Hanover St, Merseyside",0151 702 5100,https://all.accor.com/lien_externe.svlt?goto=fiche_hotel&code_hotel=6495&merchantid=seo-maps-GB-6495&sourceid=aw-cen&utm_medium=seo%20maps&utm_source=google%20Maps&utm_campaign=seo%20maps
Liverpool,Crowne Plaza Liverpool City Centre by IHG,"2 St Nicholas Pl, Liverpool L3 1QW, UK",0151 243 8000,https://www.ihg.com/crowneplaza/hotels/gb/en/liverpool/lpluk/hoteldetail?cm_mmc=GoogleMaps-_-CP-_-GB-_-LPLUK
Liverpool,Holiday Inn Liverpool - City Centre by IHG,"Lime St, Liverpool L1 1NQ, UK",0151 709 7090,https://www.ihg.com/holidayinn/hotels/gb/en/liverpool/lplls/hoteldetail?cm_mmc=GoogleMaps-_-HI-_-GB-_-LPLLS
Liverpool,Holiday Inn Express Liverpool - Royal Albert Dock by IHG,"Britannia Pavilion, Albert Dock, Liverpool L3 4AD, UK",0844 875 7575,https://www.ihg.com/holidayinnexpress/hotels/gb/en/liverpool/lplad/hoteldetail?cm_mmc=GoogleMaps-_-EX-_-GB-_-LPLAD
Liverpool,Novotel Liverpool Paddington Village,"3 Paddington Village, Grove St, Liverpool L7 3FA, UK",0151 245 6700,https://all.accor.com/lien_externe.svlt?goto=fiche_hotel&code_hotel=B737&merchantid=seo-maps-GB-B737&sourceid=aw-cen&utm_medium=seo%20maps&utm_source=google%20Maps&utm_campaign=seo%20maps
Liverpool,Hampton by Hilton Liverpool City Centre,"Kings Dock Mill, 7 Hurst St, Liverpool L1 8DA, UK",0151 702 6200,https://www.hilton.com/en/hotels/lpllchx-hampton-liverpool-city-centre/?SEO_id=GMB-EMEA-HX-LPLLCHX
Liverpool,Radisson RED Liverpool,"7 Lime St, Liverpool L1 1RD, UK",0151 212 3456,https://www.radissonhotels.com/en-us/hotels/radisson-red-liverpool?cid=a:se+b:gmb+c:emea+i:local+e:rdr+d:ukirwe+h:GBLPL2
Liverpool,Holiday Inn Express Liverpool - Central,"125 Duke St, Liverpool L1 4JR, UK",0151 294 6611,https://www.ihg.com/holidayinnexpress/hotels/us/en/liverpool/lplds/hoteldetail
Liverpool,ibis Liverpool Centre Albert Dock - Liverpool One,"27 Wapping, Liverpool L1 8LY, UK",0151 317 3310,https://all.accor.com/lien_externe.svlt?goto=fiche_hotel&code_hotel=3140&merchantid=seo-maps-GB-3140&sourceid=aw-cen&utm_medium=seo%20maps&utm_source=google%20Maps&utm_campaign=seo%20maps
Liverpool,"Radisson Blu Hotel, Liverpool","107 Old Hall St, Liverpool L3 9BD, UK",0151 966 1500,https://www.radissonhotels.com/en-us/hotels/radisson-blu-liverpool?cid=a:se+b:gmb+c:emea+i:local+e:rdb+d:ukirwe+h:GBLPL1
Liverpool,Premier Inn Liverpool City Centre (Moorfields) hotel,"3 Vernon St, Liverpool L2 2AY, UK",0333 321 1233,https://www.premierinn.com/gb/en/hotels/england/merseyside/liverpool/liverpool-city-centre-moorfields.html?cid=GLBC_LIVCIT
Liverpool,Premier Inn Liverpool City Centre (Lime Street) hotel,"4 Bolton St, Liverpool L3 5LX, UK",0333 041 6154,https://www.premierinn.com/gb/en/hotels/england/merseyside/liverpool/liverpool-city-centre-lime-street.html?cid=GLBC_LIVLIM
Liverpool,Premier Inn Liverpool City Centre (Albert Dock) hotel,"East Britannia, Edward pavilion, Liverpool L3 4AD, UK",0333 321 1232,https://www.premierinn.com/gb/en/hotels/england/merseyside/liverpool/liverpool-city-centre-albert-dock.html?cid=GLBC_LIVPLI
Liverpool,Best Western Premier Suites Hotel & Spa Liverpool-Knowsley,"Ribblers Ln, Knowsley, Liverpool L34 9HA, UK",0151 549 2222,https://suiteshotelgroup.com/?utm_source=google&utm_medium=gbp&utm_campaign=through_gmb
Liverpool,ibis Styles Liverpool Centre Dale Street - Cavern Quarter,"67 Dale St, Liverpool L2 2HJ, UK",0151 243 1720,https://all.accor.com/lien_externe.svlt?goto=fiche_hotel&code_hotel=7601&merchantid=seo-maps-GB-7601&sourceid=aw-cen&utm_medium=seo%20maps&utm_source=google%20Maps&utm_campaign=seo%20maps
Liverpool,Crowne Plaza Liverpool John Lennon Airport by IHG,"Speke Aerodrome, Airport, Liverpool L24 8QD, UK",0333 320 9320,https://www.ihg.com/crowneplaza/hotels/gb/en/liverpool/lplcp/hoteldetail?cm_mmc=GoogleMaps-_-CP-_-GB-_-LPLCP
Bristol,Bristol Marriott Royal Hotel,"College Green, Bristol BS1 5TA, UK",0117 925 5100,https://www.marriott.com/en-us/hotels/brsry-bristol-marriott-royal-hotel/overview/?scid=f2ae0541-1279-4f24-b197-a979c79310b0
Bristol,DoubleTree by Hilton Bristol City Centre,"Redcliffe Way, Redcliffe, Bristol BS1 6NJ, UK",0117 926 0041,https://www.hilton.com/en/hotels/brsrwdi-doubletree-bristol-city-centre/?SEO_id=GMB-EMEA-DI-BRSRWDI
Bristol,"Radisson Blu Hotel, Bristol","Broad Quay, Bristol BS1 4BY, UK",0117 934 9500,https://www.radissonhotels.com/en-us/hotels/radisson-blu-bristol?cid=a:se+b:gmb+c:emea+i:local+e:rdb+d:ukirwe+h:GBBRS1
Bristol,Holiday Inn Express Bristol City Centre by IHG,"South End, Temple Gate, Redcliffe, House, Bristol BS1 6PL, UK",0371 902 1543,https://www.ihg.com/holidayinnexpress/hotels/gb/en/bristol/brsct/hoteldetail?cm_mmc=GoogleMaps-_-EX-_-GB-_-BRSCT
Bristol,Holiday Inn Express Bristol - Filton by IHG,"Parkway Business Park, New Rd, Stoke Gifford, Bristol BS34 8TJ, UK",0371 902 1604,https://www.ihg.com/holidayinnexpress/hotels/gb/en/bristol/brsnr/hoteldetail?cm_mmc=GoogleMaps-_-EX-_-GB-_-BRSNR
Bristol,Premier Inn Bristol Parkway (M32) hotel,"Premier Inn, Fox Den Rd, Stoke Gifford, Park BS34 8EF, UK",0333 034 6635,https://www.premierinn.com/gb/en/hotels/england/bristol/bristol/bristol-parkway-m32.html?cid=GLBC_BRIPAR
Bristol,ibis Bristol Temple Meads Quay,"Avon St, Bristol BS2 0PS, UK",0117 319 9001,https://all.accor.com/lien_externe.svlt?goto=fiche_hotel&code_hotel=6593&merchantid=seo-maps-GB-6593&sourceid=aw-cen&utm_medium=seo%20maps&utm_source=google%20Maps&utm_campaign=seo%20maps
Bristol,Holiday Inn Bristol City Centre by IHG,"Bond St, St Paul's, Bristol BS1 3LE, UK",0117 924 5000,https://www.ihg.com/holidayinn/hotels/gb/en/bristol/brscc/hoteldetail?cm_mmc=GoogleMaps-_-HI-_-GB-_-BRSCC
Bristol,Hilton Garden Inn Bristol City Centre,"Temple Wy., Redcliffe, Bristol BS1 6BF, UK",0117 925 1001,https://www.hilton.com/en/hotels/brsccgi-hilton-garden-inn-bristol-city-centre/?SEO_id=GMB-EMEA-GI-BRSCCGI
Bristol,"Premier Inn Bristol Cribbs Causeway (M5, J17) hotel","Cribbs Causeway, Catbrain Ln, Patchway, Bristol BS10 7TQ, UK",0333 777 3958,https://www.premierinn.com/gb/en/hotels/england/bristol/bristol/bristol-cribbs-causeway-m5-j17.html?cid=GLBC_BRIBAR
Bristol,Village Hotel Bristol,"Bullfinch Cl, Filton, Bristol BS34 6FG, UK",0333 006 5222,https://www.village-hotels.co.uk/hotels/bristol/?utm_source=google&utm_medium=organic&utm_campaign=bristol-gmb
Bristol,Premier Inn Bristol City Centre (King Street) hotel,"Llandoger Trow, King St, Bristol BS1 4ER, UK",0333 777 3957,https://www.premierinn.com/gb/en/hotels/england/bristol/bristol/bristol-city-centre-king-street.html?cid=GLBC_BRIPLI
Bristol,Premier Inn Bristol City Centre (Lewins Mead) hotel,"Lewins Mead, Bristol BS1 2NT, UK",0333 003 7734,https://www.premierinn.com/gb/en/hotels/england/bristol/bristol/bristol-city-centre-lewins-mead.html?cid=GLBC_BRILEW
Bristol,"Holiday Inn Bristol Filton, an IHG Hotel","Filton Rd, Winterbourne, Bristol BS16 1QX, UK",0371 942 9014,https://www.ihg.com/holidayinn/hotels/gb/en/bristol/brsfr/hoteldetail?cm_mmc=GoogleMaps-_-HI-_-GB-_-BRSFR
Bristol,Hampton by Hilton Bristol City Centre,"Bond St, St Paul's, Bristol BS1 3LQ, UK",0117 944 6888,https://www.hilton.com/en/hotels/brsbchx-hampton-bristol-city-centre/?SEO_id=GMB-EMEA-HX-BRSBCHX
Bristol,Premier Inn Bristol City Centre (Finzels Reach) hotel,"Finzels Reach, Counterslip, Redcliffe, Bristol BS1 6BX, UK",0333 234 6449,https://www.premierinn.com/gb/en/hotels/england/bristol/bristol/bristol-city-centre-finzels-reach.html?cid=GLBC_BRIFIN
Bristol,Novotel Bristol Centre,"Victoria St, Redcliffe, Bristol BS1 6HY, UK",0117 976 9988,https://all.accor.com/lien_externe.svlt?goto=fiche_hotel&code_hotel=5622&merchantid=seo-maps-GB-5622&sourceid=aw-cen&utm_medium=seo%20maps&utm_source=google%20Maps&utm_campaign=seo%20maps
Bristol,Mercure Bristol Holland House Hotel,"Redcliff Hill, Redcliffe, Bristol BS1 6SQ, UK",0117 968 9900,https://all.accor.com/lien_externe.svlt?goto=fiche_hotel&code_hotel=6698&merchantid=seo-maps-GB-6698&sourceid=aw-cen&utm_medium=seo+maps&utm_source=google+Maps&utm_campaign=seo+maps&y_source=1_MTMwMTE2OTctNzE1LWxvY2F0aW9uLndlYnNpdGU=
Bristol,Premier Inn Bristol East (Emersons Green) hotel,"200, 202 Westerleigh Rd, Emersons Green, Bristol BS16 7AN, UK",0333 777 3961,https://www.premierinn.com/gb/en/hotels/england/bristol/bristol/bristol-east-emersons-green.html?cid=GLBC_BRIEME
Bristol,Premier Inn Bristol South hotel,"Hengrove Leisure Park, Hengrove Way, Bristol BS14 0HR, UK",0333 777 3964,https://www.premierinn.com/gb/en/hotels/england/bristol/bristol/bristol-south.html?cid=GLBC_BRIWES
Bristol,Mercure Bristol North the Grange Hotel,"Northwoods, Old Gloucester Rd, Frampton Cotterell, Bristol BS36 1RP, UK",01454 355012,https://all.accor.com/lien_externe.svlt?goto=fiche_hotel&code_hotel=8323&merchantid=seo-maps-GB-8323&sourceid=aw-cen&utm_medium=seo%20maps&utm_source=google%20Maps&utm_campaign=seo%20maps
Bristol,Travelodge Bristol Central,"4A Anchor Rd, Bristol BS1 5TT, UK",,https://www.travelodge.co.uk/hotels/78/bristol-central-hotel?utm_source=google&utm_medium=GHA_Organic&utm_campaign=GHA_Bristol%20Central&WT.tsrc=GHA_Organic
Bristol,Best Western Henbury Lodge Hotel,"Station Rd, Henbury, Bristol BS10 7QQ, UK",0117 950 2615,https://www.bestwestern.co.uk/hotels/best-western-henbury-lodge-hotel-83915
Bristol,Travelodge Bristol Central Mitchell Lane,"2 Mitchell Ln, Redcliffe, Bristol BS1 6BU, UK",0871 984 6469,https://www.travelodge.co.uk/hotels/521/Bristol-Central-Mitchell-Lane-hotel?utm_source=google&utm_medium=GHA_Organic&utm_campaign=GHA_Bristol%20Central%20Mitchell%20Lane&WT.tsrc=GHA_Organic
Bristol,Travelodge Bristol Filton,"Concorde Roundabout, Hayes Way, Patchway, Bristol BS34 5GN, UK",0800 640 3691,https://www.travelodge.co.uk/hotels/606/Bristol-Filton-hotel?utm_source=google&utm_medium=GHA_Organic&utm_campaign=GHA_Bristol_Filton&WT.tsrc=GHA_Organic
Bristol,Premier Inn Bristol Filton hotel,"Shield Retail Park, Gloucester Rd N, Filton, Bristol BS34 7BR, UK",0333 777 3963,https://www.premierinn.com/gb/en/hotels/england/bristol/bristol/bristol-filton.html?cid=GLBC_BRIQUI
Leicester,Novotel Leicester,"2 Great Central Pl, Leicester LE1 4JS, UK",0116 482 0440,https://all.accor.com/lien_externe.svlt?goto=fiche_hotel&code_hotel=A9P4&merchantid=seo-maps-GB-A9P4&sourceid=aw-cen&utm_medium=seo%20maps&utm_source=google%20Maps&utm_campaign=seo%20maps
Leicester,Premier Inn Leicester City Centre hotel,"St. Georges Tower, 1A St Georges Way, Leicester LE1 1AA, UK",0333 003 7695,https://www.premierinn.com/gb/en/hotels/england/leicestershire/leicester/leicester-city-centre.html?cid=GLBC_LEIBAR
Leicester,Holiday Inn Leicester by IHG,"129 St Nicholas Cir, Leicester LE1 5LX, UK",0116 482 1900,https://www.ihg.com/holidayinn/hotels/gb/en/leicester/lctuk/hoteldetail?cm_mmc=GoogleMaps-_-HI-_-GB-_-LCTUK
Leicester,Leicester Marriott Hotel,"Grove Park, Smith Way, Leicester LE19 1SW, UK",0116 282 0100,https://www.marriott.com/en-us/hotels/emalm-leicester-marriott-hotel/overview/?scid=f2ae0541-1279-4f24-b197-a979c79310b0
Leicester,Ramada Encore by Wyndham Leicester City Centre,"84-90 Charles St, Leicester LE1 1GE, UK",0116 366 0150,https://www.wyndhamhotels.com/en-uk/ramada/leicester-united-kingdom/ramada-encore-leicester-city-centre/overview?CID=LC:wmcic5n98gs1g0r:37510&iata=00093796
Leicester,Holiday Inn Express Leicester City by IHG,"Filbert Wy, Raw Dykes Rd, Leicester LE2 7FL, UK",0116 249 4590,https://www.ihg.com/holidayinnexpress/hotels/gb/en/leicester/lctws/hoteldetail?cm_mmc=GoogleMaps-_-EX-_-GB-_-LCTWS
Leicester,ibis Leicester City,"St George's Way, Constitution Hill, Leicester LE1 1PL, UK",0116 248 7200,https://all.accor.com/lien_externe.svlt?goto=fiche_hotel&code_hotel=3061&merchantid=seo-maps-GB-3061&sourceid=aw-cen&utm_medium=seo%20maps&utm_source=google%20Maps&utm_campaign=seo%20maps
Leicester,Holiday Inn Leicester - Wigston by IHG,"299 Leicester Rd, Wigston, Leicester LE18 1JW, UK",0116 288 6161,https://www.ihg.com/holidayinn/hotels/gb/en/leicester/lctlr/hoteldetail?cm_mmc=GoogleMaps-_-HI-_-GB-_-LCTLR
Leicester,ibis budget Leicester,"Leicester North Services A6, A46, Leicester LE4 3BT, UK",0116 267 4904,https://all.accor.com/lien_externe.svlt?goto=fiche_hotel&code_hotel=6595&merchantid=seo-maps-GB-6595&sourceid=aw-cen&utm_medium=seo%20maps&utm_source=google%20Maps&utm_campaign=seo%20maps
Leicester,Premier Inn Leicester Central (A50) hotel,"Heathley Park, Groby Rd, Leicester LE3 9QE, UK",0333 003 7691,https://www.premierinn.com/gb/en/hotels/england/leicestershire/leicester/leicester-central-a50.html?cid=GLBC_LEIHEA
Leicester,Days Inn Leicester Forest East M1,"Welcome Break Leicester (Forest East) Service Area J21, 21a, M1, Leicester Forest East, Leicester LE3 3GB, UK",0116 239 0534,https://hotels.welcomebreak.co.uk/hotel/days-inn-leicester-m1/
Leicester,Travelodge Leicester Central,"Vaughan Wy, Leicester LE1 4NN, UK",0871 984 6254,https://www.travelodge.co.uk/hotels/261/Leicester-Central-hotel?utm_source=google&utm_medium=GHA_Organic&utm_campaign=GHA_Leicester%20Central&WT.tsrc=GHA_Organic
Leicester,Premier Inn Leicester (Braunstone) hotel,"Meridian Business Park, 18C Meridian E, Leicester LE19 1LU, UK",0333 003 7682,https://www.premierinn.com/gb/en/hotels/england/leicestershire/leicester/leicester-braunstone.html?cid=GLBC_LEIOBS
Leicester,Premier Inn Leicester North West hotel,"Leicester Rd, Glenfield, Leicester LE3 8HB, UK",0333 321 1087,https://www.premierinn.com/gb/en/hotels/england/leicestershire/leicester/leicester-north-west.html?cid=GLBC_LEIGYN
Leicester,Travelodge Leicester City Centre,"The Haymarket Centre, Leicester LE1 3PH, UK",,https://www.travelodge.co.uk/hotels/683/Leicester-City-Centre-hotel?utm_source=google&utm_medium=GHA_Organic&utm_campaign=GHA_Leicester_City_Centre
Leicester,Travelodge Leicester Hinckley Road,"Hinckley Rd, Kirby Muxloe, Leicester LE3 3PG, UK",0871 559 1826,https://www.travelodge.co.uk/hotels/465/leicester-hinckley-road-hotel?utm_source=google&utm_medium=GHA_Organic&utm_campaign=GHA_Leicester%20Hinckley%20Road&WT.tsrc=GHA_Organic
Leicester,Premier Inn Leicester (Forest East) hotel,"Hinckley Rd, Leicester Forest East, Leicester LE3 3GD, UK",0333 003 7686,https://www.premierinn.com/gb/en/hotels/england/leicestershire/leicester/leicester-forest-east.html?cid=GLBC_LEIFOR
Leicester,Premier Inn Leicester South (Oadby) hotel,"Glen Rise, Leicester LE2 4RG, UK",0333 321 1088,https://www.premierinn.com/gb/en/hotels/england/leicestershire/leicester/leicester-south-oadby.html?cid=GLBC_LEIHOR
Leicester,Travelodge Leicester Central North,"St Matthew's Way, Bedford St N, Leicester LE1 3JE, UK",0871 987 0904,https://www.travelodge.co.uk/hotels/721/Leicester-Central-North-hotel?utm_source=google&utm_medium=GHA_Organic&utm_campaign=GHA_Leicester%20Central%20North
Bradford,Premier Inn Bradford Central hotel,"Vicar Ln, Bradford BD1 5LD, UK",0333 321 9237,https://www.premierinn.com/gb/en/hotels/england/west-yorkshire/bradford/bradford-central.html?cid=GLBC_BRACEN
Bradford,Travelodge Bradford Central,"2 Valley Rd, Bradford BD1 4AF, UK",0871 984 6171,https://www.travelodge.co.uk/hotels/545/Bradford-Central-hotel?utm_source=google&utm_medium=GHA_Organic&utm_campaign=GHA_Bradford%20Central&WT.tsrc=GHA_Organic
Bradford,Best Western Bradford Guide Post Hotel,"Common Rd, Low Moor, Bradford BD12 0ST, UK",01274 607866,https://www.bestwestern.co.uk/hotels/best-western-bradford-guide-post-hotel-83804
Bradford,Mercure Bradford Bankfield Hotel,"Bradford Rd, Bingley BD16 1TU, UK",01274 211012,https://all.accor.com/lien_externe.svlt?goto=fiche_hotel&code_hotel=8334&merchantid=seo-maps-GB-8334&sourceid=aw-cen&utm_medium=seo%20maps&utm_source=google%20Maps&utm_campaign=seo%20maps
Bradford,Travelodge Bradford,"Mid Point, Bradford BD3 7AY, UK",0871 984 6124,https://www.travelodge.co.uk/hotels/117/bradford-hotel?utm_source=google&utm_medium=GHA_Organic&utm_campaign=GHA_Bradford&WT.tsrc=GHA_Organic
Bradford,Premier Inn Bradford South hotel,"Whitehall Rd, Dyehouse Dr, Cleckheaton BD19 6HG, UK",0333 777 3938,https://www.premierinn.com/gb/en/hotels/england/west-yorkshire/bradford/bradford-south.html?cid=GLBC_BRAHUN
Bradford,Days Inn Bradford M62,"Welcome Break Hartshead Moor (Bradford) Service Area J25/26, M62, Brighouse HD6 4JX, UK",01274 851706,https://www.wyndhamhotels.com/days-inn/yorkshire-united-kingdom/days-inn-bradford-m62/overview?CID=LC:iqv0j1dklijly45:12566&iata=00093796
Bradford,Travelodge Bradford South,"6 Roydsdale Way, Bradford BD4 6SA, UK",0871 987 0902,https://www.travelodge.co.uk/hotels/719/Bradford-South-hotel?utm_source=google&utm_medium=GHA_Organic&utm_campaign=GHA_Bradford%20South
Bradford,Travelodge Bradford Shipley,"Quayside, Salts Mill Rd, Shipley BD18 3ST, UK",0871 984 6606,https://www.travelodge.co.uk/hotels/731/Bradford-Shipley-hotel?utm_source=google&utm_medium=GHA_Organic&utm_campaign=GHA_Bradford%20Shipley
Bradford,Premier Inn Leeds / Bradford Airport hotel,"Victoria Ave, Yeadon, Leeds LS19 7AW, UK",0333 003 1754,https://www.premierinn.com/gb/en/hotels/england/west-yorkshire/leeds/leeds-bradford-airport.html?cid=GLBC_LEEYEA
Bradford,Premier Inn Bradford North (Bingley) hotel,"502 Bradford Rd, Sandbeds, Bingley, Keighley BD20 5NG, UK",0333 777 3937,https://www.premierinn.com/gb/en/hotels/england/west-yorkshire/bradford/bradford-north-bingley.html?cid=GLBC_BINDAL
Coventry,DoubleTree by Hilton Coventry Building Society Arena,"Judds Ln, Longford, Coventry CV6 6AQ, UK",024 7693 3340,https://www.hilton.com/en/hotels/cvtradi-doubletree-coventry-building-society-arena/?SEO_id=GMB-EMEA-DI-CVTRADI
Coventry,Premier Inn Coventry City Centre (Belgrade Plaza) hotel,"Belgrade Plaza, Bond St, Coventry CV1 4AH, UK",0333 777 4629,https://www.premierinn.com/gb/en/hotels/england/west-midlands/coventry/coventry-city-centre-belgrade-plaza.html?cid=GLBC_COVBAR
Coventry,DoubleTree by Hilton Coventry,"Paradise Way, Walsgrave on Sowe, Coventry CV2 2ST, UK",024 7660 3000,https://www.hilton.com/en/hotels/cvthndi-doubletree-coventry/?SEO_id=GMB-EMEA-DI-CVTHNDI
Coventry,Ramada Hotel & Suites by Wyndham Coventry,"Butts, Earlsdon, Coventry CV1 3GG, UK",024 7623 8110,https://www.wyndhamhotels.com/en-uk/ramada/coventry-united-kingdom/ramada-hotel-and-suites-coventry/overview?CID=LC:wmcic5n98gs1g0r:15266&iata=00093796
Coventry,Village Hotel Coventry,"The Village Hotel & Leisure Club, Coventry Business Park, Dolomite Ave, Coventry CV4 9GZ, UK",0333 006 5222,https://www.village-hotels.co.uk/hotels/coventry/?utm_source=google&utm_medium=organic&utm_campaign=coventry-gmb
Coventry,Premier Inn Coventry City Centre (Earlsdon Park) hotel,"Earlsdon Park, 53-55 Butts Rd, Coventry CV1 3BH, UK",0871 527 9318,https://www.premierinn.com/gb/en/hotels/england/west-midlands/coventry/coventry-city-centre-earlsdon-park.html?cid=GLBC_COVCCS
Coventry,"Holiday Inn Coventry M6, JCT.2 by IHG","Hinckley Rd, Coventry CV2 2HP, UK",024 7509 7600,https://www.ihg.com/holidayinn/hotels/gb/en/coventry/cvthr/hoteldetail?cm_mmc=GoogleMaps-_-HI-_-GB-_-CVTHR
Coventry,Novotel Coventry M6 J3,"3, Wilsons Ln, M6, Longford, Coventry CV6 6HL, UK",024 7636 5000,https://all.accor.com/lien_externe.svlt?goto=fiche_hotel&code_hotel=0506&merchantid=seo-maps-GB-0506&sourceid=aw-cen&utm_medium=seo+maps&utm_source=google+Maps&utm_campaign=seo+maps&y_source=1_MTUzNjI1MzUtNzE1LWxvY2F0aW9uLndlYnNpdGU=
Coventry,Britannia Hotel Coventry,"Fairfax St, Coventry CV1 5RP, UK",024 7663 3733,https://www.britanniahotels.com/hotels/the-britannia-hotel-coventry/
Coventry,Premier Inn Coventry South (A45) hotel,"Kenpas Hwy, Coventry CV3 6PB, UK",0333 777 4628,https://www.premierinn.com/gb/en/hotels/england/west-midlands/coventry/coventry-south-a45.html?cid=GLBC_COVLOC
Coventry,Premier Inn Coventry East (Binley/A46) hotel,"Rugby Rd, Coventry CV3 2TA, UK",0333 777 4627,https://www.premierinn.com/gb/en/hotels/england/west-midlands/coventry/coventry-east-binleya46.html?cid=GLBC_COVTGI
Coventry,"Premier Inn Coventry East (M6,Jct2) hotel","Gielgud Wy, Coventry CV2 2SZ, UK",0333 777 4626,https://www.premierinn.com/gb/en/hotels/england/west-midlands/coventry/coventry-east-m6jct2.html?cid=GLBC_COVCRO
Coventry,ibis Coventry Centre,"Mile Ln, Coventry CV1 2LN, UK",024 7625 0500,https://all.accor.com/lien_externe.svlt?goto=fiche_hotel&code_hotel=2793&merchantid=seo-maps-GB-2793&sourceid=aw-cen&utm_medium=seo%20maps&utm_source=google%20Maps&utm_campaign=seo%20maps
Coventry,"Windmill Village Hotel, Golf & Spa","Birmingham Rd, Allesley, Coventry CV5 9AL, UK",024 7640 4040,https://www.windmillvillagehotel.co.uk/
Coventry,"Weston Hall Hotel, Sure Hotel Collection by Best Western","Weston Ln, Bulkington, Coventry CV12 9RU, UK",024 7631 2989,https://www.westonhallhotel.co.uk/
Coventry,Ibis Coventry South,"Whitley Business Park, Abbey Rd, Coventry CV3 4LF, UK",024 7663 9922,https://all.accor.com/hotel/2094/index.en.shtml
Coventry,Travelodge Coventry Binley,"Brinklow Rd, Binley, Coventry CV3 2DS, UK",0871 559 1816,https://www.travelodge.co.uk/hotels/455/coventry-binley-hotel?utm_source=google&utm_medium=GHA_Organic&utm_campaign=GHA_Coventry%20Binley&WT.tsrc=GHA_Organic
Nottingham,Hilton Nottingham,"Milton St, Nottingham NG1 3PZ, UK",0115 934 9700,https://www.hilton.com/en/hotels/emanohn-hilton-nottingham/?SEO_id=GMB-EMEA-HN-EMANOHN
Nottingham,Crowne Plaza Nottingham by IHG,"Wollaton St, Nottingham NG1 5RH, UK",0115 936 9988,https://www.ihg.com/crowneplaza/hotels/gb/en/nottingham/notws/hoteldetail?cm_mmc=GoogleMaps-_-CP-_-GB-_-NOTWS
Nottingham,Holiday Inn Nottingham by IHG,"Castle Marina Park, Castle Bridge Rd, Nottingham NG7 1GX, UK",0115 993 5000,https://www.ihg.com/holidayinn/hotels/gb/en/nottingham/notuk/hoteldetail?cm_mmc=GoogleMaps-_-HI-_-GB-_-NOTUK
Nottingham,Mercure Nottingham Sherwood Hotel,"296 Mansfield Rd, Nottingham NG5 2BT, UK",0115 935 9988,https://all.accor.com/lien_externe.svlt?goto=fiche_hotel&code_hotel=B540&merchantid=seo-maps-GB-B540&sourceid=aw-cen&utm_medium=seo%20maps&utm_source=google%20Maps&utm_campaign=seo%20maps
Nottingham,DoubleTree by Hilton Nottingham - Gateway,"Nuthall Rd, Nottingham NG8 6AZ, UK",0115 979 4949,https://www.hilton.com/en/hotels/emanudi-doubletree-nottingham-gateway/?SEO_id=GMB-EMEA-DI-EMANUDI
Nottingham,Premier Inn Nottingham City Centre (Chapel Bar) hotel,"7, Chapel Quarter, Nottingham NG1 6JS, UK",0333 321 9441,https://www.premierinn.com/gb/en/hotels/england/nottinghamshire/nottingham/nottingham-city-centre-chapel-bar.html?cid=GLBC_NOTCHA
Nottingham,ibis Nottingham Centre,"16 Fletcher Gate, Nottingham NG1 2FZ, UK",0115 985 3600,https://all.accor.com/lien_externe.svlt?goto=fiche_hotel&code_hotel=6160&merchantid=seo-maps-GB-6160&sourceid=aw-cen&utm_medium=seo%20maps&utm_source=google%20Maps&utm_campaign=seo%20maps
Nottingham,Premier Inn Nottingham City Centre (Goldsmith Street) hotel,"Goldsmith St, Nottingham NG1 5LT, UK",0333 321 1373,https://www.premierinn.com/gb/en/hotels/england/nottinghamshire/nottingham/nottingham-city-centre-goldsmith-street.html?cid=GLBC_NOTMTI
Nottingham,Travelodge Nottingham Central,"New, City House, Maid Marian Way, Nottingham NG1 6AJ, UK",0871 984 6280,https://www.travelodge.co.uk/hotels/290/Nottingham-Central-hotel?utm_source=google&utm_medium=GHA_Organic&utm_campaign=GHA_Nottingham%20Central&WT.tsrc=GHA_Organic
Nottingham,Premier Inn Nottingham Arena (London Road) hotel,"London Rd, Nottingham NG2 4UU, UK",0333 321 1374,https://www.premierinn.com/gb/en/hotels/england/nottinghamshire/nottingham/nottingham-arena-london-road.html?cid=GLBC_NOTPTI
Nottingham,Premier Inn Nottingham West hotel,"The Phoenix centre, Millennium Way W, Nottingham NG8 6AS, UK",0333 321 1378,https://www.premierinn.com/gb/en/hotels/england/nottinghamshire/nottingham/nottingham-west.html?cid=GLBC_NOTMIL
Nottingham,Premier Inn Nottingham Castle Marina hotel,"Castle Marina Park, Castle Bridge Rd, Nottingham NG7 1GX, UK",0333 321 1372,https://www.premierinn.com/gb/en/hotels/england/nottinghamshire/nottingham/nottingham-castle-marina.html?cid=GLBC_NOTBOA
Nottingham,Best Western Plus Nottingham Westminster Hotel,"312 Mansfield Rd, Nottingham NG5 2EF, UK",0115 955 5000,https://www.bestwestern.co.uk/hotels/best-western-plus-nottingham-westminster-hotel-83383?utm_source=google_places&utm_medium=organic&utm_campaign=Nottingham_Westminster_Hotel
Nottingham,Premier Inn Nottingham North (Daybrook) hotel,"101 Mansfield Rd, Daybrook, Nottingham NG5 6BH, UK",0333 321 1375,https://www.premierinn.com/gb/en/hotels/england/nottinghamshire/nottingham/nottingham-north-daybrook.html?cid=GLBC_NOTPLI
Nottingham,Premier Inn Nottingham South,"Loughborough Rd, West Bridgford, Nottingham NG11 6LS, UK",0333 321 1377,https://www.premierinn.com/gb/en/hotels/england/nottinghamshire/nottingham/nottingham-south.html?cid=GLBC_NOTPMI
Nottingham,Travelodge Nottingham Riverside,"Riverside Retail Park, Tottle Rd, Queens Dr, Nottingham NG2 1RT, UK",0871 984 6092,https://www.travelodge.co.uk/hotels/161/nottingham-riverside-hotel?utm_source=google&utm_medium=GHA_Organic&utm_campaign=GHA_Nottingham%20Riverside&WT.tsrc=GHA_Organic
Nottingham,Travelodge Nottingham Wollaton Park,"Derby Rd, Wollaton Vale, Nottingham NG8 2NR, UK",0871 559 1835,https://www.travelodge.co.uk/hotels/474/nottingham-wollaton-park-hotel?utm_source=google&utm_medium=GHA_Organic&utm_campaign=GHA_Nottingham%20Wollaton%20Park&WT.tsrc=GHA_Organic
Nottingham,Best Western Nottingham Derby,"Bostocks Ln, Long Eaton, Sandiacre, Nottingham NG10 5NL, UK",0115 946 0000,https://www.bestwestern.co.uk/hotels/best-western-nottingham-derby-83937?utm_source=google_places&utm_medium=organic&utm_campaign=long_eaton
Newcastle upon Tyne,Travelodge Newcastle Central,"Forster St, Newcastle upon Tyne NE1 2NH, UK",020 3195 4902,https://www.travelodge.co.uk/hotels/214/Newcastle-Central-hotel?utm_source=google&utm_medium=GHA_Organic&utm_campaign=GHA_Newcastle%20Central&WT.tsrc=GHA_Organic
Newcastle upon Tyne,Hampton by Hilton Newcastle,"Neville St, Newcastle upon Tyne NE1 5EN, UK",0191 500 5001,https://www.hilton.com/en/hotels/nclhxhx-hampton-newcastle/?SEO_id=GMB-EMEA-HX-NCLHXHX
Newcastle upon Tyne,Crowne Plaza Newcastle - Stephenson Quarter by IHG,"Hawthorn Sq, Forth St, Newcastle upon Tyne NE1 3SA, UK",0191 562 3333,https://www.ihg.com/crowneplaza/hotels/gb/en/newcastle-upon-tyne/nclsq/hoteldetail?cm_mmc=GoogleMaps-_-CP-_-GB-_-NCLSQ
Newcastle upon Tyne,Hilton Newcastle Tyne Bridge,"Bottle Bank, Gateshead NE8 2AR, UK",0191 490 9700,https://www.hilton.com/en/hotels/nclhihi-hilton-newcastle-tyne-bridge/?SEO_id=GMB-EMEA-HI-NCLHIHI
Newcastle upon Tyne,Holiday Inn Express Newcastle Gateshead by IHG,"Clasper Way, Swalwell, Newcastle upon Tyne NE16 3BE, UK",0371 902 1548,https://www.ihg.com/holidayinnexpress/hotels/gb/en/newcastle-upon-tyne/ghncl/hoteldetail?cm_mmc=GoogleMaps-_-EX-_-GB-_-GHNCL
Newcastle upon Tyne,Premier Inn Newcastle City Centre (The Gate) hotel,"95 Newgate St, Newcastle upon Tyne NE1 5RF, UK",0333 234 6442,https://www.premierinn.com/gb/en/hotels/england/tyne-and-wear/newcastle/newcastle-city-centre-the-gate.html?cid=GLBC_NEWTHY
Newcastle upon Tyne,Holiday Inn Newcastle - Jesmond,"Jesmond Rd, Jesmond, Newcastle upon Tyne NE2 1PR, UK",0191 281 5511,https://www.hinewcastle.co.uk/
Newcastle upon Tyne,Premier Inn Newcastle Quayside hotel,"The Quayside, Newcastle upon Tyne NE1 3AE, UK",0333 321 1347,https://www.premierinn.com/gb/en/hotels/england/tyne-and-wear/newcastle/newcastle-quayside.html?cid=GLBC_NEWPTI
Newcastle upon Tyne,Village Hotel Newcastle,"The Silverlink North, 10 The Silverlink N, West Allotment, Newcastle upon Tyne NE27 0BY, UK",0333 006 5222,https://www.village-hotels.co.uk/hotels/newcastle/?utm_source=google&utm_medium=organic&utm_campaign=newcastle-gmb
Newcastle upon Tyne,Ramada Encore by Wyndham Newcastle-Gateshead,"Hawks Rd, Gateshead NE8 3AD, UK",0191 481 3600,https://www.wyndhamhotels.com/en-uk/ramada/gateshead-united-kingdom/ramada-encore-newcastle-gateshead/overview?CID=LC:wmcic5n98gs1g0r:41912&iata=00093796
Newcastle upon Tyne,Premier Inn Newcastle (Metro Centre) hotel,"Derwenthaugh Rd, Swalwell, Newcastle upon Tyne NE16 3BJ, UK",0333 321 1339,https://www.premierinn.com/gb/en/hotels/england/tyne-and-wear/newcastle/newcastle-metro-centre.html?cid=GLBC_GATDER
Newcastle upon Tyne,Holiday Inn Express Newcastle City Centre by IHG,"Waterloo Square, St James' Blvd, Newcastle upon Tyne NE1 4DN, UK",0371 902 1625,https://www.ihg.com/holidayinnexpress/hotels/gb/en/newcastle-upon-tyne/ncljb/hoteldetail?cm_mmc=GoogleMaps-_-EX-_-GB-_-NCLJB
Newcastle upon Tyne,Premier Inn Newcastle City Centre Millennium Bridge hotel,"City Rd, Newcastle upon Tyne NE1 2AN, UK",0333 321 1345,https://www.premierinn.com/gb/en/hotels/england/tyne-and-wear/newcastle/newcastle-city-centre-millennium-bridge.html?cid=GLBC_NEWMTI
Newcastle upon Tyne,"Embassy Hotel, Newcastle-Gateshead, Team Valley, Sure Hotel Collection by Best Western","Lobley Hill Rd, Gateshead NE11 9NA, UK",0191 493 1300,http://www.embassynewcastle.com/
Newcastle upon Tyne,Travelodge Newcastle Gosforth,"Rotary Way, Newcastle upon Tyne NE3 5EH, UK",0871 559 1831,https://www.travelodge.co.uk/hotels/470/newcastle-gosforth-hotel?utm_source=google&utm_medium=GHA_Organic&utm_campaign=GHA_Newcastle%20Gosforth&WT.tsrc=GHA_Organic
Sunderland,Premier Inn Sunderland City Centre hotel,"1-3 Hind St, Sunderland SR1 3QD, UK",0333 003 7893,https://www.premierinn.com/gb/en/hotels/england/tyne-and-wear/sunderland/sunderland-city-centre.html?cid=GLBC_SUNCIT
Sunderland,Hilton Garden Inn Sunderland,"Vaux Brewery Way, Monkwearmouth, Sunderland SR5 1SN, UK",0191 500 9494,https://www.hilton.com/en/hotels/nclgigi-hilton-garden-inn-sunderland/?SEO_id=GMB-EMEA-GI-NCLGIGI
Sunderland,Holiday Inn Sunderland - City Centre by IHG,"Keel Square, Sunderland SR1 3DS, UK",0191 707 0900,https://www.ihg.com/holidayinn/hotels/gb/en/sunderland/snduk/hoteldetail?cm_mmc=GoogleMaps-_-HI-_-GB-_-SNDUK
Sunderland,Travelodge Sunderland Central,"Low Row, 1 Low St, Sunderland SR1 3PY, UK",0871 984 6050,https://www.travelodge.co.uk/hotels/247/sunderland-central-hotel?utm_source=google&utm_medium=GHA_Organic&utm_campaign=GHA_Sunderland%20Central&WT.tsrc=GHA_Organic
Sunderland,Premier Inn Sunderland A19/A1231 hotel,"Wessington Way, Castletown, Sunderland SR5 3HR, UK",0333 321 9059,https://www.premierinn.com/gb/en/hotels/england/tyne-and-wear/sunderland/sunderland-a19a1231.html?cid=GLBC_SUNWES
Sunderland,"The Magnum Hotel, Sunderland City, Sure Collection by Best Western","Timber Beach Road off, Wessington Way, Castletown, Sunderland SR5 3XG, UK",0191 548 5322,https://www.magnumsunderland.com/
Sunderland,Holiday Inn Newcastle South by IHG,"Boldon Business Park, Witney W, A19, East Boldon, Boldon Colliery, Jct NE35 9PE, UK",0191 519 1999,https://www.ihg.com/holidayinn/hotels/us/en/boldon/nclbl/hoteldetail?cm_mmc=YextLocal-_-HI-_-GB-_-NCLBL
Sunderland,Mercure Newcastle George Washington Hotel Golf & Spa,"Stone Cellar Road High, Usworth, Newcastle upon Tyne, Washington NE37 1PH, UK",0191 402 9988,https://georgewashington.co.uk/
Sunderland,Holiday Inn Washington by IHG,"Emerson, Washington NE37 1LB, UK",0191 418 9400,https://www.ihg.com/holidayinn/hotels/gb/en/washington/nclws/hoteldetail?cm_mmc=GoogleMaps-_-HI-_-GB-_-NCLWS
Sunderland,Travelodge Newcastle Whitemare Pool,"A194, Whitemare Pool, White Mare Pool, A194 Whitemare Pool, Wardley, Gateshead NE10 8YB, UK",0871 984 6165,https://www.travelodge.co.uk/hotels/216/Newcastle-Whitemare-Pool-hotel?utm_source=google&utm_medium=GHA_Organic&utm_campaign=GHA_Newcastle%20Whitemare%20Pool&WT.tsrc=GHA_Organic
Sunderland,Premier Inn Durham North hotel,"Arnison Retail Centre, Rotary Wy, Pity Me, Durham DH1 5GB, UK",0333 777 4672,https://www.premierinn.com/gb/en/hotels/england/county-durham/durham/durham-north.html?cid=GLBC_DURDUN
Sunderland,Premier Inn South Shields Port Of Tyne hotel,"2 Hobson Wy, Jarrow, South Shields NE34 9PU, UK",0333 321 9003,https://www.premierinn.com/gb/en/hotels/england/tyne-and-wear/south-shields/south-shields-port-of-tyne.html?cid=GLBC_SOUTAY
Sunderland,Premier Inn North Shields (Ferry Terminal) hotel,"Coble Dene, North Shields NE29 6DL, UK",0333 321 1356,https://www.premierinn.com/gb/en/hotels/england/tyne-and-wear/north-shields/north-shields-ferry-terminal.html?cid=GLBC_NORROY
Sunderland,Premier Inn Newcastle (Washington) hotel,"Emerson Rd, Washington NE37 1LB, UK",0333 321 9132,https://www.premierinn.com/gb/en/hotels/england/tyne-and-wear/newcastle/newcastle-washington.html?cid=GLBC_WASCOL
Brighton,DoubleTree by Hilton Brighton Metropole,"Kings Rd, Brighton and Hove, Brighton BN1 2FU, UK",01273 775432,https://www.hilton.com/en/hotels/bshmedi-doubletree-brighton-metropole/?SEO_id=GMB-EMEA-DI-BSHMEDI
Brighton,Travelodge Brighton Seafront,"West St, Brighton and Hove, Brighton BN1 2RE, UK",,https://www.travelodge.co.uk/hotels/356/brighton-seafront-hotel?utm_source=google&utm_medium=GHA_Organic&utm_campaign=GHA_Brighton%20Seafront&WT.tsrc=GHA_Organic
Brighton,Holiday Inn Brighton - Seafront by IHG,"137 Kings Rd, Brighton and Hove, Brighton BN1 2JF, UK",0333 320 9324,https://www.ihg.com/holidayinn/hotels/gb/en/brighton/bhtsf/hoteldetail?cm_mmc=GoogleMaps-_-HI-_-GB-_-BHTSF
Brighton,Mercure Brighton Seafront Hotel,"149 Kings Rd, Brighton and Hove, Brighton BN1 2PP, UK",01273 351012,https://all.accor.com/lien_externe.svlt?goto=fiche_hotel&code_hotel=8335&merchantid=seo-maps-GB-8335&sourceid=aw-cen&utm_medium=seo%20maps&utm_source=google%20Maps&utm_campaign=seo%20maps
Brighton,Premier Inn Brighton City Centre (North Street) hotel,"144 North St, Brighton and Hove, Brighton BN1 1RE, UK",0333 777 3947,https://www.premierinn.com/gb/en/hotels/england/east-sussex/brighton/brighton-city-centre-north-street.html?cid=GLBC_BRIPTI
Brighton,ibis Brighton City Centre - Station,"88-92 Queens Rd, East Sussex, Brighton and Hove, Brighton BN1 3XE, UK",01273 201000,https://all.accor.com/lien_externe.svlt?goto=fiche_hotel&code_hotel=6444&merchantid=seo-maps-GB-6444&sourceid=aw-cen&utm_medium=seo%20maps&utm_source=google%20Maps&utm_campaign=seo%20maps
Plymouth,Crowne Plaza Plymouth by IHG,"Armada Wy., Plymouth PL1 2HJ, UK",01752 639988,https://www.ihg.com/crowneplaza/hotels/gb/en/plymouth/plhuk/hoteldetail?cm_mmc=GoogleMaps-_-CP-_-GB-_-PLHUK
Plymouth,Travelodge Plymouth,"Derrys Cross, Plymouth PL1 2SW, UK",0871 984 6251,https://www.travelodge.co.uk/hotels/251/plymouth-hotel?utm_source=google&utm_medium=GHA_Organic&utm_campaign=GHA_Plymouth&WT.tsrc=GHA_Organic
Plymouth,Premier Inn Plymouth City (Lockyers Quay) hotel,"1 Lockyers Quay, Plymouth PL4 0DX, UK",0333 321 1392,https://www.premierinn.com/gb/en/hotels/england/devon/plymouth/plymouth-city-centre-lockyers-quay.html?cid=GLBC_PLYLOC
Plymouth,Premier Inn Plymouth City Centre (Derry's Cross) hotel,"Derrys Cross, Plymouth PL1 2SN, UK",0871 527 8000,https://www.premierinn.com/gb/en/hotels/england/devon/plymouth/plymouth-city-centre-derrys-cross.html?cid=GLBC_PLYDER
Plymouth,ibis Plymouth,"Longbridge Rd, Marsh Mills, Plymouth PL6 8LR, UK",01752 601087,https://all.accor.com/lien_externe.svlt?goto=fiche_hotel&code_hotel=2093&merchantid=seo-maps-GB-2093&sourceid=aw-cen&utm_medium=seo%20maps&utm_source=google%20Maps&utm_campaign=seo%20maps
Plymouth,Premier Inn Plymouth East hotel,"300 Plymouth Rd, Crabtree, Plymouth PL3 6RW, UK",0333 321 1394,https://www.premierinn.com/gb/en/hotels/england/devon/plymouth/plymouth-east.html?cid=GLBC_PLYMAR
Plymouth,Premier Inn Plymouth City Centre (Sutton Harbour) hotel,"28 Sutton Rd, Plymouth PL4 0HT, UK",0333 321 1393,https://www.premierinn.com/gb/en/hotels/england/devon/plymouth/plymouth-city-centre-sutton-harbour.html?cid=GLBC_PLYPTI
Plymouth,Travelodge Plymouth Derriford,"8-9 Bracken Ln, Plymouth PL6 8BB, UK",0871 559 1839,https://www.travelodge.co.uk/hotels/491/plymouth-derriford-hotel?utm_source=google&utm_medium=GHA_Organic&utm_campaign=GHA_Plymouth%20Derriford&WT.tsrc=GHA_Organic
Plymouth,Travelodge Plymouth Roborough,"399 Tavistock Rd, Plymouth PL6 7HB, UK",0871 559 1840,https://www.travelodge.co.uk/hotels/478/plymouth-roborough-hotel?utm_source=google&utm_medium=GHA_Organic&utm_campaign=GHA_Plymouth%20Roborough&WT.tsrc=GHA_Organic
Hull,DoubleTree by Hilton Hull,"24 Ferensway, Hull HU2 8NH, UK",01482 755500,https://www.hilton.com/en/hotels/huyukdi-doubletree-hull/?SEO_id=GMB-EMEA-DI-HUYUKDI
Hull,Holiday Inn Hull Marina by IHG,"North Humberside, Castle St, Hull HU1 2BX, UK",01482 692600,https://www.ihg.com/holidayinn/hotels/gb/en/hull/huynh/hoteldetail?cm_mmc=GoogleMaps-_-HI-_-GB-_-HUYNH
Hull,Premier Inn Hull City Centre hotel,"Tower St, Hull HU9 1TQ, UK",0333 003 1731,https://www.premierinn.com/gb/en/hotels/england/east-riding-of-yorkshire/hull/hull-city-centre.html?cid=GLBC_HULBAR
Hull,Holiday Inn Express Hull City Centre,"80 Ferensway, Hull HU2 8LN, UK",01482 485700,https://www.ihg.com/holidayinnexpress/hotels/gb/en/kingston-upon-hull/huyuk/hoteldetail?cm_mmc=GoogleMaps-_-EX-_-GB-_-HUYUK
Hull,Village Hotel Hull,"Henry Boot Way, Hull HU4 7DY, UK",0333 006 5222,https://www.village-hotels.co.uk/hotels/hull/?utm_source=google&utm_medium=organic&utm_campaign=hull-gmb
Hull,Mercure Hull Grange Park Hotel,"Grange Park Ln, Willerby, Hull HU10 6EB, UK",01482 272763,https://all.accor.com/lien_externe.svlt?goto=fiche_hotel&code_hotel=8331&merchantid=seo-maps-GB-8331&sourceid=aw-cen&utm_medium=seo%20maps&utm_source=google%20Maps&utm_campaign=seo%20maps
Hull,ibis Hull City Centre,"Osborne St, Ferensway, Hull HU1 2NL, UK",01482 947950,https://all.accor.com/lien_externe.svlt?goto=fiche_hotel&code_hotel=3479&merchantid=seo-maps-GB-3479&sourceid=aw-cen&utm_medium=seo%20maps&utm_source=google%20Maps&utm_campaign=seo%20maps
Hull,Travelodge Hull Central,"Pryme St, Hull HU2 8HR, UK",0871 984 6473,https://www.travelodge.co.uk/hotels/505/hull-central-hotel?utm_source=google&utm_medium=GHA_Organic&utm_campaign=GHA_Hull%20Central&WT.tsrc=GHA_Organic
Hull,The Admiral of the Humber - JD Wetherspoon,"1 Anlaby Rd, Hull HU1 2NR, UK",01482 381850,https://www.jdwetherspoon.com/hotels/england/east-yorkshire/the-admiral-of-the-humber
Hull,Premier Inn Hull North hotel,"Kingswood Retail Park, Ashcombe Rd, Hull HU7 3DD, UK",0333 003 1732,https://www.premierinn.com/gb/en/hotels/england/east-riding-of-yorkshire/hull/hull-north.html?cid=GLBC_HULKIN
Hull,Premier Inn Hull West hotel,"Ferriby Rd, Hull, Hessle HU13 0JA, UK",0333 003 1733,https://www.premierinn.com/gb/en/hotels/england/east-riding-of-yorkshire/hull/hull-west.html?cid=GLBC_HULHOM
Derby,Holiday Inn Derby - Riverlights by IHG,"Morledge, Derby DE1 2AY, UK",01332 412644,https://www.ihg.com/holidayinn/hotels/gb/en/derby/dbyrl/hoteldetail?cm_mmc=GoogleMaps-_-HI-_-GB-_-DBYRL
Derby,Premier Inn Derby City Centre (Riverlights) hotel,"Morledge, Derby DE1 2BB, UK",0333 234 6462,https://www.premierinn.com/gb/en/hotels/england/derbyshire/derby/derby-city-centre-riverlights.html?cid=GLBC_DERRIV
Derby,Premier Inn Derby City Centre (Cathedral Quarter) hotel,"Full St, Derby DE1 3AF, UK",0333 234 6502,https://www.premierinn.com/gb/en/hotels/england/derbyshire/derby/derby-city-centre-cathedral-quarter.html?cid=GLBC_DERTHY
Derby,Holiday Inn Express Derby - Pride Park by IHG,"Wheelwright Way, Derby DE24 8HX, UK",0371 902 1607,https://www.ihg.com/holidayinnexpress/hotels/gb/en/derby/dbyuk/hoteldetail?cm_mmc=GoogleMaps-_-EX-_-GB-_-DBYUK
Derby,Travelodge Derby Pride Park,"Prospect Pl, Millennium Way, Derby DE24 8HG, UK",0871 984 6434,https://www.travelodge.co.uk/hotels/402/derby-pride-park-hotel?utm_source=google&utm_medium=GHA_Organic&utm_campaign=GHA_Derby%20Pride%20Park&WT.tsrc=GHA_Organic
Derby,Travelodge Derby Cricket Ground,"Pentagon Island, The County Ground, Nottingham Rd, Chaddesden, Derby DE21 6DA, UK",0871 559 1893,https://www.travelodge.co.uk/hotels/612/Derby-Cricket-Ground-hotel?utm_source=google&utm_medium=GHA_Organic&utm_campaign=GHA_Derby_Cricket_Ground&WT.tsrc=GHA_Organic
Derby,"The Stuart Hotel Derby, Derby City Centre, Sure Collection by Best Western","119 London Rd, Derby DE1 2QR, UK",01332 340633,http://www.thestuart.com/
Derby,Premier Inn Derby South hotel,"Foresters Leisure Park, Osmaston Park Rd, Derby DE23 8AG, UK",0333 777 4641,https://www.premierinn.com/gb/en/hotels/england/derbyshire/derby/derby-south.html?cid=GLBC_DEROAS
Derby,Premier Inn Derby East,"Wyvern Court Stanier Way, Wyvern Business Park, Derby DE21 6BF, UK",0333 777 4638,https://www.premierinn.com/gb/en/hotels/england/derbyshire/derby/derby-east.html?cid=GLBC_DERMTI
Derby,Premier Inn Derby West hotel,"Manor Park Way, Uttoxeter New Rd, Derby DE22 3HN, UK",0333 777 4642,https://www.premierinn.com/gb/en/hotels/england/derbyshire/derby/derby-west.html?cid=GLBC_DERMAL
Derby,ibis budget Derby,"B5008 Etwall Rd, Willington, Derby DE65 6DX, UK",01283 701816,https://all.accor.com/lien_externe.svlt?goto=fiche_hotel&code_hotel=6596&merchantid=seo-maps-GB-6596&sourceid=aw-cen&utm_medium=seo%20maps&utm_source=google%20Maps&utm_campaign=seo%20maps
Derby,Travelodge Derby Chaddesden,"Nottingham Rd, Chaddesden, Derby DE21 6LZ, UK",0871 559 1817,https://www.travelodge.co.uk/hotels/456/derby-chaddesden-hotel?utm_source=google&utm_medium=GHA_Organic&utm_campaign=GHA_Derby%20Chaddesden&WT.tsrc=GHA_Organic
Southampton,Premier Inn Southampton West Quay hotel,"Harbour Parade, Southampton SO15 1BA, UK",0333 321 9233,https://www.premierinn.com/gb/en/hotels/england/hampshire/southampton/southampton-west-quay.html?cid=GLBC_SOUQUA
Southampton,Travelodge Southampton Central,"St Francis House, 21 Castle Way, Southampton SO14 2BW, UK",023 8033 2983,https://www.travelodge.co.uk/hotels/589/Southampton-Central-hotel?utm_source=google&utm_medium=GHA_Organic&utm_campaign=GHA_Southampton%20Central&WT.tsrc=GHA_Organic
Southampton,Premier Inn Southampton City Centre hotel,"6 New Rd, Southampton SO14 0AB, UK",0333 321 9006,https://www.premierinn.com/gb/en/hotels/england/hampshire/southampton/southampton-city-centre.html?cid=GLBC_SOUMTI
Southampton,DoubleTree by Hilton Southampton,"Bracken Pl, Chilworth, Southampton SO16 3RB, UK",023 8070 2700,https://www.hilton.com/en/hotels/souhndi-doubletree-southampton/?SEO_id=GMB-EMEA-DI-SOUHNDI
Southampton,ibis budget Southampton Centre,"3 W Quay Rd, Southampton SO15 1RA, UK",023 8022 7705,https://all.accor.com/lien_externe.svlt?goto=fiche_hotel&code_hotel=6209&merchantid=seo-maps-GB-6209&sourceid=aw-cen&utm_medium=seo%20maps&utm_source=google%20Maps&utm_campaign=seo%20maps
Southampton,Hilton Southampton - Utilita Bowl,"Botley Rd, West End, Southampton SO30 3XH, UK",023 8202 0900,https://www.hilton.com/en/hotels/souaghi-hilton-southampton-utilita-bowl/?SEO_id=GMB-EMEA-HI-SOUAGHI
Southampton,ibis Southampton Centre,"9 W Quay Rd, Southampton SO15 1RA, UK",023 8063 4463,https://all.accor.com/lien_externe.svlt?goto=fiche_hotel&code_hotel=1039&merchantid=seo-maps-GB-1039&sourceid=aw-cen&utm_medium=seo%20maps&utm_source=google%20Maps&utm_campaign=seo%20maps
Southampton,"Holiday Inn Express Southampton M27, JCT.7 by IHG","Botley Rd, West End, Southampton SO30 3XA, UK",023 8251 4000,https://www.ihg.com/holidayinnexpress/hotels/gb/en/southampton/soabr/hoteldetail?cm_mmc=GoogleMaps-_-EX-_-GB-_-SOABR
Southampton,Novotel Southampton,"1 W Quay Rd, Southampton SO15 1RA, UK",023 8107 2800,https://all.accor.com/hotel/1073/index.en.shtml
Southampton,Premier Inn Southampton (Cumberland Place) hotel,"12, 13 Cumberland Pl, Southampton SO15 2WY, UK",0333 234 6552,https://www.premierinn.com/gb/en/hotels/england/hampshire/southampton/southampton-cumberland-place.html?cid=GLBC_SOUCUM
Southampton,Holiday Inn Express Southampton - West by IHG,"Adanac Park, Redbridge Ln, Southampton SO16 0YP, UK",0371 902 1550,https://www.ihg.com/holidayinnexpress/hotels/gb/en/southampton/soauk/hoteldetail?cm_mmc=GoogleMaps-_-EX-_-GB-_-SOAUK
Southampton,Best Western Chilworth Manor Hotel - managed by Legacy Hotels and Resorts,"Chilworth, Southampton SO16 7PT, UK",023 8076 7333,https://www.chilworthmanorhotel.com/
Southampton,Premier Inn Southampton North hotel,"Romsey Rd, Nursling, Southampton SO16 0XJ, UK",0333 321 9007,https://www.premierinn.com/gb/en/hotels/england/hampshire/southampton/southampton-north.html?cid=GLBC_SOUBAL
Southampton,Premier Inn Southampton Airport hotel,"Mitchell Way, Southampton SO18 2XU, UK",0333 321 9005,https://www.premierinn.com/gb/en/hotels/england/hampshire/southampton/southampton-airport.html?cid=GLBC_SOUPTI
Southampton,Days Inn by Wyndham Southampton Rownhams,"Roadchef Motorway Svc Area, Southampton SO16 8AP, UK",0808 175 4929,https://www.wyndhamhotels.com/en-uk/days-inn/southampton-united-kingdom/days-inn-southampton-rownhams/overview?CID=LC:iqv0j1dklijly45:40512&iata=00093796
Southampton,Travelodge Southampton,"144 Lodge Rd, Southampton SO14 6QR, UK",0871 984 6212,https://www.travelodge.co.uk/hotels/66/southampton-hotel?utm_source=google&utm_medium=GHA_Organic&utm_campaign=GHA_Southampton&WT.tsrc=GHA_Organic
Southampton,Premier Inn Southampton West hotel,"Romsey Rd, Ower, Southampton SO51 6ZJ, UK",0333 321 9008,https://www.premierinn.com/gb/en/hotels/england/hampshire/southampton/southampton-west.html?cid=GLBC_SOUPLI
Stoke-on-Trent,Premier Inn Stoke-On-Trent (Hanley) hotel,"Etruria Rd, Hanley, Stoke-on-Trent ST1 5NH, UK",0333 321 9337,https://www.premierinn.com/gb/en/hotels/england/staffordshire/stoke-on-trent/stoke-on-trent-hanley.html?cid=GLBC_STOHAN
Stoke-on-Trent,DoubleTree by Hilton Stoke on Trent,"Etruria Hall Festival Way, Stoke-on-Trent ST1 5BQ, UK",01782 609988,https://www.hilton.com/en/hotels/mandidi-doubletree-stoke-on-trent/?SEO_id=GMB-EMEA-DI-MANDIDI
Stoke-on-Trent,Hilton Garden Inn Stoke on Trent,"Potteries Way, Hanley, Stoke-on-Trent ST1 4QA, UK",01782 486960,https://www.hilton.com/en/hotels/manstgi-hilton-garden-inn-stoke-on-trent/?SEO_id=GMB-EMEA-GI-MANSTGI
Stoke-on-Trent,Holiday Inn Express Stoke on Trent by IHG,"Sir, Trentham Lakes, Stanley Matthews Way, Stoke-on-Trent ST4 4EG, UK",0371 902 1629,https://www.ihg.com/holidayinnexpress/hotels/gb/en/stoke-on-trent/xwhuk/hoteldetail?cm_mmc=GoogleMaps-_-EX-_-GB-_-XWHUK
Stoke-on-Trent,"Holiday Inn Stoke on Trent M6, JCT.15 by IHG","Clayton Rd, Newcastle-under-Lyme, Newcastle ST5 4DL, UK",0333 320 9352,https://www.ihg.com/holidayinn/hotels/gb/en/newcastle-under-lyme/xwhsf/hoteldetail?cm_mmc=GoogleMaps-_-HI-_-GB-_-XWHSF
Stoke-on-Trent,Courtyard by Marriott Keele Staffordshire,"University Ave, Keele, Newcastle ST5 5NU, UK",01782 376820,https://www.marriott.com/en-us/hotels/manck-courtyard-keele-staffordshire/overview/?scid=f2ae0541-1279-4f24-b197-a979c79310b0
Stoke-on-Trent,Travelodge Stoke Talke,"Newcastle Rd, Talke, Stoke-on-Trent ST7 1UP, UK",0871 984 6106,https://www.travelodge.co.uk/hotels/179/stoke-talke-hotel?utm_source=google&utm_medium=GHA_Organic&utm_campaign=GHA_Stoke%20Talke&WT.tsrc=GHA_Organic
Stoke-on-Trent,Best Western Stoke on Trent City Centre Hotel,"66 Trinity St, Hanley, Stoke-on-Trent ST1 5NB, UK",01782 202361,
Stoke-on-Trent,Premier Inn Stoke/Trentham Gardens hotel,"Stone Rd, Stoke-on-Trent ST4 8JG, UK",0871 527 9050,https://www.premierinn.com/gb/en/hotels/england/staffordshire/stoke-on-trent/stoketrentham-gardens.html?cid=GLBC_STOTRE
Stoke-on-Trent,Premier Inn Newcastle Under Lyme hotel,"Talke Rd, Chesterton, Newcastle-under-Lyme, Newcastle ST5 7EH, UK",0333 321 1349,https://www.premierinn.com/gb/en/hotels/england/staffordshire/newcastle-under-lyme/newcastle-under-lyme.html?cid=GLBC_NEWBRE
Stoke-on-Trent,Travelodge Stoke-on-Trent Trentham,"The Trentham Hotel Trentham Toby Hotel, 206 Longton Rd, Stoke-on-Trent ST4 8BU, UK",0871 559 1848,https://www.travelodge.co.uk/hotels/486/stoke-on-trent-trentham-hotel?utm_source=google&utm_medium=GHA_Organic&utm_campaign=GHA_Stoke-on-Trent%20Trentham&WT.tsrc=GHA_Organic
Stoke-on-Trent,Travelodge Newcastle Under Lyme,"0 Lower St, Newcastle-under-Lyme, Newcastle ST5 2RS, UK",01782 629889,https://www.travelodge.co.uk/hotels/424/newcastle-under-lyme-central-hotel?utm_source=google&utm_medium=GHA_Organic&utm_campaign=GHA_Newcastle-Under-Lyme%20Central&WT.tsrc=GHA_Organic
Stoke-on-Trent,Best Western Stoke East,"Lysander Rd, Stoke-on-Trent ST3 7WA, UK",971 42 55 88,
Wolverhampton,Premier Inn Wolverhampton City Centre hotel,"Broad Gauge Way, Wolverhampton WV10 0BA, UK",0333 321 9189,https://www.premierinn.com/gb/en/hotels/england/west-midlands/wolverhampton/wolverhampton-city-centre.html?cid=GLBC_WOLBLU
Wolverhampton,Novotel Wolverhampton,"Union St, Wolverhampton WV1 3JN, UK",01902 871100,https://all.accor.com/lien_externe.svlt?goto=fiche_hotel&code_hotel=1188&merchantid=seo-maps-GB-1188&sourceid=aw-cen&utm_medium=seo%20maps&utm_source=google%20Maps&utm_campaign=seo%20maps
Wolverhampton,Premier Inn Wolverhampton North hotel,"Greenfield Ln, Wolverhampton WV10 6TA, UK",0333 321 9188,https://www.premierinn.com/gb/en/hotels/england/west-midlands/wolverhampton/wolverhampton-north.html?cid=GLBC_WOLMOS
Wolverhampton,Holiday Inn Wolverhampton - Racecourse,"Dunstall Park, Gorsebrook Rd, Wolverhampton WV6 0PE, UK",01902 390004,https://www.ihg.com/holidayinn/hotels/gb/en/wolverhampton/wdpuk/hoteldetail?cm_mmc=GoogleMaps-_-HI-_-GB-_-WDPUK
Wolverhampton,Britannia Hotel Wolverhampton,"80 Lichfield St, Wolverhampton WV1 1DD, UK",0871 222 0091,https://www.britanniahotels.com/hotels/the-britannia-hotel-wolverhampton/
Wolverhampton,Village Hotel Walsall,"Tempus Drive, Walsall WS2 8TJ, UK",0333 006 5222,https://www.village-hotels.co.uk/hotels/birmingham-walsall/?utm_source=google&utm_medium=organic&utm_campaign=birmingham-walsall-gmb
Wolverhampton,Holiday Inn Express Birmingham - Walsall by IHG,"Tempus Ten, Tempus Dr, Walsall WS2 8TJ, UK",01922 705250,https://www.ihg.com/holidayinnexpress/hotels/gb/en/walsall/bhxws/hoteldetail?cm_mmc=GoogleMaps-_-EX-_-GB-_-BHXWS
Wolverhampton,Village Hotel Dudley,"Castlegate Dr, Dudley DY1 4TB, UK",0333 006 5222,https://www.village-hotels.co.uk/hotels/birmingham-dudley/?utm_source=google&utm_medium=organic&utm_campaign=birmingham-dudley-gmb
Wolverhampton,Travelodge Birmingham Hilton Park M6 Southbound,"10a M6, Wolverhampton WV11 2AT, UK",0871 984 6066,https://www.travelodge.co.uk/hotels/112/birmingham-hilton-park-m6-southbound-hotel?utm_source=google&utm_medium=GHA_Organic&utm_campaign=GHA_Birmingham%20Hilton%20Park%20M6%20Southbound&WT.tsrc=GHA_Organic
Wolverhampton,"Premier Inn Walsall (M6, J10) hotel","Bentley Green, Bentley Rd N, Walsall WS2 0WB, UK",0333 321 9109,https://www.premierinn.com/gb/en/hotels/england/west-midlands/walsall/walsall-m6-j10.html?cid=GLBC_WALBEN
Wolverhampton,Premier Inn Cannock (Orbital) hotel,"Eastern Way, Cannock WS11 8XR, UK",0333 777 3977,https://www.premierinn.com/gb/en/hotels/england/staffordshire/cannock/cannock-orbital.html?cid=GLBC_CANORB
Wolverhampton,Premier Inn Walsall Town Centre hotel,"Wolverhampton St, Waterfront S, Walsall WS2 8LR, UK",0333 321 9277,https://www.premierinn.com/gb/en/hotels/england/west-midlands/walsall/walsall-town-centre.html?cid=GLBC_WALWAT
Wolverhampton,Holiday Inn Birmingham North - Cannock by IHG,"Bridge St, Cannock WS11 0DQ, UK",01543 461361,https://www.ihg.com/holidayinn/hotels/gb/en/cannock/bhxnc/hoteldetail?cm_mmc=GoogleMaps-_-HI-_-GB-_-BHXNC
Wolverhampton,Premier Inn Cannock South hotel,"Watling St, Cannock WS11 1SJ, UK",0333 777 3978,https://www.premierinn.com/gb/en/hotels/england/staffordshire/cannock/cannock-south.html?cid=GLBC_CANLON
Wolverhampton,Park Inn by Radisson Birmingham Walsall,"Bescot Cres, Walsall WS1 4SE, UK",01922 639100,https://www.radissonhotels.com/en-us/hotels/park-inn-birmingham-walsall?cid=a:se+b:gmb+c:emea+i:local+e:pii+d:ukirwe+h:GBBHXWAL
Wolverhampton,Premier Inn Dudley Town Centre hotel,"Castlegate Business Park, Castlegate Way, Dudley DY1 4RJ, UK",0333 321 9306,https://www.premierinn.com/gb/en/hotels/england/west-midlands/dudley/dudley-town-centre.html?cid=GLBC_DUDCAS
Milton Keynes,Travelodge Milton Keynes at The Hub,"312 Midsummer Blvd, Milton Keynes MK9 2EA, UK",0871 559 1892,https://www.travelodge.co.uk/hotels/608/Milton-Keynes-at-The-Hub-hotel?utm_source=google&utm_medium=GHA_Organic&utm_campaign=GHA_Milton_Keynes_at_The_Hub&WT.tsrc=GHA_Organic
Milton Keynes,Premier Inn Milton Keynes Central (Avebury Boulevard) hotel,"197 Avebury Blvd, Milton Keynes MK9 1AU, UK",0333 003 8101,https://www.premierinn.com/gb/en/hotels/england/buckinghamshire/milton-keynes/milton-keynes-central-avebury-boulevard.html?cid=GLBC_MILAVE
Milton Keynes,Holiday Inn Milton Keynes,"500 Saxon Gate, West, Milton Keynes MK9 2HQ, UK",0371 942 9057,https://www.ihg.com/holidayinn/hotels/gb/en/milton-keynes/mlkbk/hoteldetail?cm_mmc=GoogleMaps-_-HI-_-GB-_-MLKBK
Milton Keynes,DoubleTree by Hilton Milton Keynes,"Stadium Way W, Bletchley, Milton Keynes MK1 1ST, UK",01908 364170,https://www.hilton.com/en/hotels/ltndtdi-doubletree-milton-keynes/?SEO_id=GMB-EMEA-DI-LTNDTDI
Milton Keynes,Premier Inn Premier Inn Milton Keynes South West (Furzton Lake) hotel,"Shirwell Cres, Furzton, Milton Keynes MK4 1GA, UK",0333 321 1329,https://www.premierinn.com/gb/en/hotels/england/buckinghamshire/milton-keynes/milton-keynes-south-west-furzton-lake.html?cid=GLBC_MILFUR
Milton Keynes,Holiday Inn Express Milton Keynes by IHG,"Eastlake Park, Tongwell St, Milton Keynes MK15 0YA, UK",0371 902 1624,https://www.ihg.com/holidayinnexpress/hotels/gb/en/milton-keynes/mlkep/hoteldetail?cm_mmc=GoogleMaps-_-EX-_-GB-_-MLKEP
Milton Keynes,Novotel Milton Keynes,"Saxon St, Leyburn Ct, Heelands, Milton Keynes MK13 7RA, UK",01908 322212,https://all.accor.com/lien_externe.svlt?goto=fiche_hotel&code_hotel=3272&merchantid=seo-maps-GB-3272&sourceid=aw-cen&utm_medium=seo%20maps&utm_source=google%20Maps&utm_campaign=seo%20maps
Milton Keynes,Travelodge Milton Keynes Central,"199 Grafton Gate, Milton Keynes MK9 1AL, UK",020 3195 5501,https://www.travelodge.co.uk/hotels/54/milton-keynes-central-hotel?utm_source=google&utm_medium=GHA_Organic&utm_campaign=GHA_Milton%20Keynes%20Central&WT.tsrc=GHA_Organic
Milton Keynes,Premier Inn Milton Keynes Central (Theatre District) hotel,"801 Avebury Blvd, Milton Keynes MK9 3JT, UK",0333 234 6443,https://www.premierinn.com/gb/en/hotels/england/buckinghamshire/milton-keynes/milton-keynes-central-theatre-district.html?cid=GLBC_MILTHD
Milton Keynes,Premier Inn Milton Keynes (Willen Lake) hotel,"V10 Brickhill St, Willen, Milton Keynes MK15 0DS, UK",0300 373 0310,https://www.premierinn.com/gb/en/hotels/england/buckinghamshire/milton-keynes/milton-keynes-willen-lake.html?cid=GLBC_MILLEN
Milton Keynes,Travelodge Milton Keynes Shenley Church End,"Burchard Cres, Shenley Church End, Milton Keynes MK5 6HQ, UK",0871 559 1829,https://www.travelodge.co.uk/hotels/468/milton-keynes-shenley-church-end-hotel?utm_source=google&utm_medium=GHA_Organic&utm_campaign=GHA_Milton%20Keynes%20Shenley%20Church%20End&WT.tsrc=GHA_Organic
Milton Keynes,"Holiday Inn Milton Keynes East M1, JCT.14 by IHG","London Rd, Newport Pagnell MK16 0JA, UK",0333 320 9340,https://www.ihg.com/holidayinn/hotels/gb/en/newport-pagnell/mlklr/hoteldetail?cm_mmc=GoogleMaps-_-HI-_-GB-_-MLKLR
Milton Keynes,Mercure Milton Keynes Hotel,"The Approach, Two Mile Ash, Milton Keynes MK8 8LY, UK",01908 561666,https://all.accor.com/lien_externe.svlt?goto=fiche_hotel&code_hotel=8876&merchantid=seo-maps-GB-8876&sourceid=aw-cen&utm_medium=seo%20maps&utm_source=google%20Maps&utm_campaign=seo%20maps
Milton Keynes,Ramada Milton Keynes M1,"Welcome Break Newport Pagnell (Milton Keynes) Service Area J14, 15, M1, Newport Pagnell MK16 8DS, UK",01908 610878,https://hotels.welcomebreak.co.uk/hotel/ramada-milton-keynes-m1/
Milton Keynes,Premier Inn Milton Keynes South hotel,"The Caldecotte Pub and Grill, Lakeside Grove, Milton Keynes MK7 8HP, UK",0333 321 1334,https://www.premierinn.com/gb/en/hotels/england/buckinghamshire/milton-keynes/milton-keynes-south.html?cid=GLBC_MILCAL
Milton Keynes,Premier Inn Milton Keynes Central (Xscape) hotel,"Secklow Gate W, Milton Keynes MK9 3BZ, UK",0333 321 1328,https://www.premierinn.com/gb/en/hotels/england/buckinghamshire/milton-keynes/milton-keynes-centralxscape.html?cid=GLBC_MILBAR
Milton Keynes,Travelodge Milton Keynes Bletchley,"40 Penn Rd, Fenny Stratford, Bletchley, Milton Keynes MK2 2AU, UK",0871 987 0907,https://www.travelodge.co.uk/hotels/724/Milton-Keynes-Bletchley-hotel?utm_source=google&utm_medium=GHA_Organic&utm_campaign=GHA_Milton%20Keynes%20Bletchley
Reading,Hilton Reading,"Drake Way, Reading RG2 0GQ, UK",0118 916 9000,https://www.hilton.com/en/hotels/lhrhrhi-hilton-reading/?SEO_id=GMB-EMEA-HI-LHRHRHI
Reading,Village Hotel Reading,"Caversham Bridge, Richfield Ave, Reading RG1 8BD, UK",0333 006 5222,https://www.village-hotels.co.uk/reading
Reading,Novotel Reading Centre,"25b Friar St, Reading RG1 1DP, UK",0118 952 2600,https://all.accor.com/lien_externe.svlt?goto=fiche_hotel&code_hotel=5432&merchantid=seo-maps-GB-5432&sourceid=aw-cen&utm_medium=seo%20maps&utm_source=google%20Maps&utm_campaign=seo%20maps
Reading,Premier Inn Reading Central hotel,"Letcombe St, Reading RG1 2HN, UK",0333 321 8345,https://www.premierinn.com/gb/en/hotels/england/berkshire/reading/reading-central.html?cid=GLBC_REAPTI
Reading,Premier Inn Reading (Caversham Bridge) hotel,"Richfield Ave, Reading RG1 8EQ, UK",0333 321 8344,https://www.premierinn.com/gb/en/hotels/england/berkshire/reading/reading-caversham-bridge.html?cid=GLBC_REABAR
Reading,"Holiday Inn Reading-South M4, JCT.11 by IHG","Basingstoke Rd, Reading RG2 0SL, UK",0118 304 6000,https://www.ihg.com/holidayinn/hotels/gb/en/reading/reaso/hoteldetail?cm_mmc=GoogleMaps-_-HI-_-GB-_-REASO
Reading,ibis Reading Centre,"25A Friar St, Reading RG1 1DP, UK",0118 953 3500,https://all.accor.com/lien_externe.svlt?goto=fiche_hotel&code_hotel=5431&merchantid=seo-maps-GB-5431&sourceid=aw-cen&utm_medium=seo%20maps&utm_source=google%20Maps&utm_campaign=seo%20maps
Reading,"Premier Inn Reading South (Reading Gateway, M4/J11) hotel","Gateway Proctor End South, Reading RG2 0GG, UK",0330 135 9038,https://www.premierinn.com/gb/en/hotels/england/berkshire/reading/reading-gateway-m4j11.html?cid=GLBC_REASOU
Reading,Best Western Reading Calcot Hotel,"Bath Rd, Calcot, Reading RG31 7QN, UK",0118 941 6423,https://www.bestwestern.co.uk/hotels/best-western-reading-calcot-hotel-84395
Reading,Travelodge Reading Central,"Oxthorn House, 60 Oxford Rd, Reading RG1 7LT, UK",0871 984 6211,https://www.travelodge.co.uk/hotels/64/reading-central-hotel?utm_source=google&utm_medium=GHA_Organic&utm_campaign=GHA_Reading%20Central&WT.tsrc=GHA_Organic
Reading,Sure Hotel by Best Western,"39 Christchurch Rd, Reading RG2 7AN, UK",0118 931 1311,http://www.surehotelreading.co.uk/
Reading,Crowne Plaza Reading by IHG,"Wharfedale Rd, Winnersh, Triangle, Reading RG41 5TS, UK",0118 944 0444,https://www.ihg.com/crowneplaza/hotels/gb/en/reading/reatr/hoteldetail?cm_mmc=GoogleMaps-_-CP-_-GB-_-REATR
Reading,Premier Inn Reading South (Grazeley Green) hotel,"Goring Ln, Reading RG7 1LS, UK",0333 321 8346,https://www.premierinn.com/gb/en/hotels/england/berkshire/reading/reading-south-grazeley-green.html?cid=GLBC_REAOLD
Reading,Holiday Inn Reading - West by IHG,"Padworth Ln, Bath Rd, Reading RG7 5HT, UK",0333 320 9346,https://www.ihg.com/holidayinn/hotels/gb/en/reading/reaws/hoteldetail?cm_mmc=GoogleMaps-_-HI-_-GB-_-REAWS
Reading,Premier Inn Winnersh,"613 Reading Rd, Oakdene Road, Winnersh, Wokingham RG41 5HQ, UK",0330 128 1349,https://www.premierinn.com/gb/en/hotels/england/berkshire/winnersh/winnersh.html?cid=GLBC_REAWIN
Reading,Best Western Plus Moat House Reading,"Mill Ln, Sindlesham, Earley, Reading RG41 5DF, UK",0118 949 9988,https://www.bestwestern.co.uk/hotels/best-western-plus-moat-house-reading-84391
Reading,Travelodge Reading M4 Westbound,"Moto Service Area, M4, Reading RG30 3UQ, UK",0871 984 6242,https://www.travelodge.co.uk/hotels/65/reading-m4-westbound-hotel?utm_source=google&utm_medium=GHA_Organic&utm_campaign=GHA_Reading%20M4%20Westbound&WT.tsrc=GHA_Organic
Reading,Travelodge Reading Whitley,"387 Basingstoke Rd, Reading RG2 0JE, UK",0871 984 6209,https://www.travelodge.co.uk/hotels/63/reading-whitley-hotel?utm_source=google&utm_medium=GHA_Organic&utm_campaign=GHA_Reading%20Whitley&WT.tsrc=GHA_Organic
Northampton,Premier Inn Northampton Town Centre hotel,"Swan St, Northampton NN1 1FA, UK",0333 003 3404,https://www.premierinn.com/gb/en/hotels/england/northamptonshire/northampton/northampton-town-centre.html?cid=GLBC_NORDER
Northampton,Mercure Northampton,"Silver St, Northampton NN1 2TA, UK",01604 739988,https://all.accor.com/lien_externe.svlt?goto=fiche_hotel&code_hotel=C0W3&merchantid=seo-maps-GB-C0W3&sourceid=aw-cen&utm_medium=seo%20maps&utm_source=google%20Maps&utm_campaign=seo%20maps
Northampton,Holiday Inn Northampton by IHG,"Bedford Rd, Northampton NN4 7YF, UK",0333 320 9341,https://www.ihg.com/holidayinn/hotels/gb/en/northampton/ormuk/hoteldetail?cm_mmc=GoogleMaps-_-HI-_-GB-_-ORMUK
Northampton,Hilton Northampton,"100 Watering Ln, Collingtree, Northampton NN4 0XW, UK",01604 700666,https://www.hilton.com/en/hotels/ormnohn-hilton-northampton/?SEO_id=GMB-EMEA-HN-ORMNOHN
Northampton,ibis Northampton Centre,"Sol Central, Mare Fair, Northampton NN1 1SR, UK",07920 823358,https://all.accor.com/lien_externe.svlt?goto=fiche_hotel&code_hotel=3657&merchantid=seo-maps-GB-3657&sourceid=aw-cen&utm_medium=seo%20maps&utm_source=google%20Maps&utm_campaign=seo%20maps
Northampton,Holiday Inn Express Northampton - South by IHG,"Loake Cl, Northampton NN4 5EZ, UK",0371 902 1627,https://www.ihg.com/holidayinnexpress/hotels/gb/en/northampton/ormgp/hoteldetail?cm_mmc=GoogleMaps-_-EX-_-GB-_-ORMGP
Northampton,Premier Inn Northampton West (Harpole) hotel,"Harpole Turn, Weedon Rd, Harpole, Northampton NN7 4DD, UK",0333 321 1361,https://www.premierinn.com/gb/en/hotels/england/northamptonshire/northampton/northampton-west-harpole.html?cid=GLBC_NORTUR
Northampton,Premier Inn Northampton South (Wootton) hotel,"Newport Pagnell Rd W, Northampton NN4 7JJ, UK",0333 321 1359,https://www.premierinn.com/gb/en/hotels/england/northamptonshire/northampton/northampton-south-wootton.html?cid=GLBC_NORQUE
Northampton,Premier Inn Northampton Bedford Rd/A428 hotel,"❒ The Lakes, Bedford Rd, Northampton NN4 7YD, UK",0333 321 1357,https://www.premierinn.com/gb/en/hotels/england/northamptonshire/northampton/northampton-bedford-rda428.html?cid=GLBC_NORLAK
Northampton,Travelodge Northampton Central,"15 Gold St, Northampton NN1 1RA, UK",0871 984 6451,https://www.travelodge.co.uk/hotels/439/Northampton-Central-hotel?utm_source=google&utm_medium=GHA_Organic&utm_campaign=GHA_Northampton%20Central&WT.tsrc=GHA_Organic
Northampton,Travelodge Northampton Upton Way,"A45 Upton Way, Upton, Northampton NN5 4EG, UK",0871 984 6089,https://www.travelodge.co.uk/hotels/159/northampton-upton-way-hotel?utm_source=google&utm_medium=GHA_Organic&utm_campaign=GHA_Northampton%20Upton%20Way&WT.tsrc=GHA_Organic
Northampton,Travelodge Northampton M1,"JUNCTION, 15 - M1, 15 Loake Cl, Northampton NN4 5EZ, UK",0871 987 0908,https://www.travelodge.co.uk/hotels/725/Northampton-M1-hotel?utm_source=google&utm_medium=GHA_Organic&utm_campaign=GHA_Northampton%20M1
Northampton,Best Western Plough Hotel,"96 Bridge St, Northampton NN1 1PF, UK",01604 638401,http://theploughnorthants.co.uk/
Northampton,Travelodge Northampton Wootton,"London Rd, Northampton NN4 0TG, UK",0871 559 1833,https://www.travelodge.co.uk/hotels/472/northampton-wootton-hotel?utm_source=google&utm_medium=GHA_Organic&utm_campaign=GHA_Northampton%20Wootton&WT.tsrc=GHA_Organic
Northampton,Mercure Daventry Court Hotel,"Sedgemoor Way, Daventry NN11 0SG, UK",01327 307000,https://all.accor.com/lien_externe.svlt?goto=fiche_hotel&code_hotel=A0I0&merchantid=seo-maps-GB-A0I0&sourceid=aw-cen&utm_medium=seo%20maps&utm_source=google%20Maps&utm_campaign=seo%20maps
Northampton,Travelodge Northampton Round Spinney,"Talavera Way, Northampton NN3 8RN, UK",0871 559 1832,https://www.travelodge.co.uk/hotels/471/northampton-round-spinney-hotel?utm_source=google&utm_medium=GHA_Organic&utm_campaign=GHA_Northampton%20Round%20Spinney&WT.tsrc=GHA_Organic
Northampton,"Holiday Inn Rugby-Northampton M1, JCT.18 by IHG","Crick, Northampton NN6 7XR, UK",0333 320 9349,https://www.ihg.com/holidayinn/hotels/gb/en/northampton/rugnh/hoteldetail?cm_mmc=GoogleMaps-_-HI-_-GB-_-RUGNH
Northampton,Hilton Garden Inn Silverstone,"Silverstone Circuit, Towcester NN12 8TL, UK",01327 493160,https://www.hilton.com/en/hotels/bhxssgi-hilton-garden-inn-silverstone/?SEO_id=GMB-EMEA-GI-BHXSSGI
Northampton,Premier Inn Daventry,"High St, Weedon Bec, Harpole, Northampton NN7 4DD, UK",0333 014 3701,https://www.premierinn.com/gb/en/hotels/england/northamptonshire/daventry.html
Northampton,"Holiday Inn Northampton West M1, Jct 16 by IHG","High St, Flore, Northampton NN7 4LP, UK",01327 349022,https://www.ihg.com/holidayinn/hotels/gb/en/northampton/ormmj/hoteldetail?cm_mmc=GoogleMaps-_-HI-_-GB-_-ORMMJ
Northampton,Days Inn by Wyndham Watford Gap,"Roadchef Motorway Svc Area, Northampton NN6 7UZ, UK",0808 175 4936,https://www.wyndhamhotels.com/en-uk/days-inn/northampton-united-kingdom/days-inn-watford-gap/overview?CID=LC:iqv0j1dklijly45:40552&iata=00093796
Luton,Premier Inn Luton Town Centre hotel,"Regent St, Chapel Langley, Luton LU1 5FA, UK",0333 321 9364,https://www.premierinn.com/gb/en/hotels/england/bedfordshire/luton/luton-town-centre.html?cid=GLBC_LUTREG
Luton,Premier Inn Luton (Airport) hotel,"Osborne Rd, Luton LU1 3HJ, UK",0333 321 1282,https://www.premierinn.com/gb/en/hotels/england/bedfordshire/luton/luton-airport.html?cid=GLBC_LUTBRA
Luton,Holiday Inn London Luton North by IHG,"Butterfield Business Park, Hitchin Rd, Luton LU2 8DL, UK",01582 435300,https://www.ihg.com/spnd/hotels/gb/en/luton/lonln/hoteldetail?cm_mmc=GoogleMaps-_-SP-_-GB-_-LONLN
Luton,Holiday Inn Express London - Luton Airport by IHG,"2 Percival Way, Luton, London LU2 9GP, UK",0371 902 1622,https://www.ihg.com/holidayinnexpress/hotels/gb/en/london/ltnap/hoteldetail?cm_mmc=GoogleMaps-_-EX-_-GB-_-LTNAP
Luton,Spark by Hilton Luton,"2-4 Mill St, Luton LU1 2NA, UK",01582 218700,https://www.hilton.com/en/hotels/ltnsape-spark-luton/?SEO_id=GMB-EMEA-PE-LTNSAPE
Luton,Hampton by Hilton London Luton Airport,"42-50 Kimpton Rd, Luton LU2 0NB, UK",01582 798477,https://www.hilton.com/en/hotels/ltnlahx-hampton-london-luton-airport/?SEO_id=GMB-EMEA-HX-LTNLAHX
Luton,Courtyard by Marriott Luton Airport,"Airport Way, Luton LU2 9LF, UK",01582 218555,https://www.marriott.com/en-us/hotels/ltncy-courtyard-luton-airport/overview/?scid=f2ae0541-1279-4f24-b197-a979c79310b0
Luton,Travelodge Luton,"641 Dunstable Rd, Luton LU4 8RQ, UK",01582 505249,https://www.travelodge.co.uk/hotels/52/luton-hotel?utm_source=google&utm_medium=GHA_Organic&utm_campaign=GHA_Luton&WT.tsrc=GHA_Organic
Luton,Premier Inn Dunstable / Luton hotel,"350 Luton Rd, Dunstable LU5 4LL, UK",0333 777 4663,https://www.premierinn.com/gb/en/hotels/england/bedfordshire/dunstable/dunstable-luton.html?cid=GLBC_DUNHAL
Luton,ibis London Luton Airport,"Spittlesea Rd, Luton LU2 9NZ, UK",01582 424488,https://all.accor.com/lien_externe.svlt?goto=fiche_hotel&code_hotel=1040&merchantid=seo-maps-GB-1040&sourceid=aw-cen&utm_medium=seo%20maps&utm_source=google%20Maps&utm_campaign=seo%20maps
Luton,Holiday Inn London - Luton Airport by IHG,"Airport Way London, London Luton Airport, Luton LU2 9LF, UK",01582 218111,https://www.ihg.com/holidayinn/hotels/gb/en/luton/lonlu/hoteldetail?cm_mmc=GoogleMaps-_-HI-_-GB-_-LONLU
Luton,ibis budget Luton Airport,"Airport Way, Luton LU2 9DQ, UK",01582 218280,https://all.accor.com/lien_externe.svlt?goto=fiche_hotel&code_hotel=A0Y7&merchantid=seo-maps-GB-A0Y7&sourceid=aw-cen&utm_medium=seo%20maps&utm_source=google%20Maps&utm_campaign=seo%20maps
Luton,Travelodge Toddington M1 Southbound,"Moto Service Area, Toddington Services, M1 Southbound, M1, Toddington, Dunstable LU5 6HR, UK",0871 984 6214,https://www.travelodge.co.uk/hotels/70/toddington-m1-southbound-hotel?utm_source=google&utm_medium=GHA_Organic&utm_campaign=GHA_Toddington%20M1%20Southbound&WT.tsrc=GHA_Organic
Luton,"Premier Inn Luton South (M1, J9) hotel","London Rd, St Albans AL3 8HT, UK",0333 777 4667,https://www.premierinn.com/gb/en/hotels/england/bedfordshire/luton/luton-south-m1-j9.html?cid=GLBC_DUNTOB
Luton,Premier Inn Dunstable South A5 hotel,"Watling St, Caddington, Dunstable LU6 3QP, UK",0333 777 4665,https://www.premierinn.com/gb/en/hotels/england/bedfordshire/dunstable/dunstable-south-a5.html?cid=GLBC_DUNHOR
Luton,Days Inn Stevenage A1,"Extra, Stevenage North) Service Area, A1, Baldock SG7 5TR, UK",01462 730598,https://hotels.welcomebreak.co.uk/hotel/days-inn-stevenage-north-a1/
Luton,Premier Inn Letchworth Garden City hotel,"Station Rd, Letchworth Garden City SG6 3BQ, UK",0333 234 6602,https://www.premierinn.com/gb/en/hotels/england/hertfordshire/letchworth-garden-city/letchworth-garden-city.html?cid=GLBC_LETGAR
Luton,Holiday Inn Express Dunstable by IHG,"London Rd, Caddington, Dunstable LU6 3DX, UK",01582 344499,https://www.ihg.com/holidayinnexpress/hotels/gb/en/dunstable/ltndu/hoteldetail?cm_mmc=GoogleMaps-_-EX-_-GB-_-LTNDU
Luton,"Holiday Inn Hemel Hempstead M1, JCT. 8 by IHG","Breakspear Way, Hemel Hempstead HP2 4UA, UK",01442 206200,https://www.ihg.com/holidayinn/hotels/gb/en/hemel-hempstead/ltnhh/hoteldetail?cm_mmc=GoogleMaps-_-HI-_-GB-_-LTNHH
Luton,Holiday Inn Express Stevenage by IHG,"Danestrete, Stevenage SG1 1XB, UK",0371 902 1552,https://www.ihg.com/holidayinnexpress/hotels/gb/en/stevenage/xvjuk/hoteldetail?cm_mmc=GoogleMaps-_-EX-_-GB-_-XVJUK
Luton,"Holiday Inn Luton - South M1, JCT.9 by IHG","London Rd, Markyate, Luton AL3 8HH, UK",01582 449988,https://www.ihg.com/holidayinn/hotels/gb/en/luton/ltnso/hoteldetail?cm_mmc=GoogleMaps-_-HI-_-GB-_-LTNSO
Luton,Premier Inn Welwyn Garden City hotel,"Stanborough Rd, Welwyn Garden City AL8 6DQ, UK",0871 527 9146,https://www.premierinn.com/gb/en/hotels/england/hertfordshire/welwyn-garden-city/welwyn-garden-city.html?cid=GLBC_WELSTA
Portsmouth,Portsmouth Marriott Hotel,"Southampton Rd, Cosham, Portsmouth PO6 4SH, UK",023 9238 3151,https://www.marriott.com/en-us/hotels/pmeha-portsmouth-marriott-hotel/overview/?scid=f2ae0541-1279-4f24-b197-a979c79310b0
Portsmouth,Holiday Inn Express Portsmouth - Gunwharf Quays by IHG,"The Plaza, Portsmouth PO1 3FD, UK",023 9289 4240,https://www.ihg.com/holidayinnexpress/hotels/gb/en/portsmouth/pmegq/hoteldetail?cm_mmc=GoogleMaps-_-EX-_-GB-_-PMEGQ
Portsmouth,Premier Inn Portsmouth Dockyard hotel,"Queen St, Portsea, Portsmouth PO1 3EE, UK",0871 527 8000,https://www.premierinn.com/gb/en/hotels/england/hampshire/portsmouth/portsmouth-dockyard.html?cid=GLBC_PORQUE
Portsmouth,Village Hotel Portsmouth,"Lakeshore Dr, Cosham, Portsmouth PO6 3FR, UK",0333 006 5222,https://www.village-hotels.co.uk/hotels/portsmouth/?utm_source=google&utm_medium=organic&utm_campaign=portsmouth-gmb
Portsmouth,Holiday Inn Portsmouth by IHG,"Pembroke Rd, Portsmouth PO1 2TA, UK",0333 320 9345,https://www.ihg.com/holidayinn/hotels/gb/en/portsmouth/pmehp/hoteldetail?cm_mmc=GoogleMaps-_-HI-_-GB-_-PMEHP
Portsmouth,Holiday Inn Express Portsmouth - North by IHG,"Eastern Rd, Farlington, Portsmouth PO6 1UN, UK",0371 902 1580,https://www.ihg.com/holidayinnexpress/hotels/gb/en/portsmouth/pmesp/hoteldetail?cm_mmc=GoogleMaps-_-EX-_-GB-_-PMESP
Portsmouth,Premier Inn Portsmouth North Harbour hotel,"1 Southampton Rd, Cosham, Portsmouth PO6 4SA, UK",0333 321 8332,https://www.premierinn.com/gb/en/hotels/england/hampshire/portsmouth/portsmouth-north-harbour.html?cid=GLBC_PORBAN
Portsmouth,ibis Portsmouth Centre,"Winston Churchill Ave, Southsea, Portsmouth PO1 2LX, UK",023 9264 0000,https://all.accor.com/lien_externe.svlt?goto=fiche_hotel&code_hotel=1461&merchantid=seo-maps-GB-1461&sourceid=aw-cen&utm_medium=seo%20maps&utm_source=google%20Maps&utm_campaign=seo%20maps
Portsmouth,Premier Inn Portsmouth (Port Solent) hotel,"Binnacle Way, Cosham, Portsmouth PO6 4FB, UK",0333 321 8334,https://www.premierinn.com/gb/en/hotels/england/hampshire/portsmouth/portsmouth-port-solent.html?cid=GLBC_PORPOR
Portsmouth,Premier Inn Portsmouth City Centre hotel,"1 Isambard Brunel Rd, Portsmouth PO1 2TR, UK",0333 321 9358,https://www.premierinn.com/gb/en/hotels/england/hampshire/portsmouth/portsmouth-city-centre.html?cid=GLBC_PORCEN
Portsmouth,ibis budget Portsmouth,"Fratton Way, Southsea, Portsmouth PO4 8SL, UK",023 9273 6386,https://all.accor.com/lien_externe.svlt?goto=fiche_hotel&code_hotel=6462&merchantid=seo-maps-GB-6462&sourceid=aw-cen&utm_medium=seo%20maps&utm_source=google%20Maps&utm_campaign=seo%20maps
Portsmouth,Travelodge Portsmouth,"Kingston Cres, North End, Portsmouth PO2 8AB, UK",0871 984 6208,https://www.travelodge.co.uk/hotels/62/portsmouth-hotel?utm_source=google&utm_medium=GHA_Organic&utm_campaign=GHA_Portsmouth&WT.tsrc=GHA_Organic
Portsmouth,Premier Inn Southsea,"Long Curtain Rd, Southsea, Portsmouth, Southsea PO5 3XX, UK",0333 321 9017,https://www.premierinn.com/gb/en/hotels/england/hampshire/southsea/southsea.html?cid=GLBC_SOUCLA
Portsmouth,Travelodge Portsmouth City Centre,"Stanhope Rd, Portsmouth PO1 1FB, UK",,https://www.travelodge.co.uk/hotels/670/Portsmouth-City-Centre-hotel?utm_source=google&utm_medium=GHA_Organic&utm_campaign=GHA_Portsmouth_City_Centre
Portsmouth,Premier Inn Portsmouth Havant hotel,"65 Bedhampton Hill, Havant PO9 3JN, UK",0333 321 3997,https://www.premierinn.com/gb/en/hotels/england/hampshire/portsmouth/portsmouth-havant.html?cid=GLBC_HAVRUS
Portsmouth,Travelodge Portsmouth Hilsea,"Copnor Rd, Hilsea, Portsmouth PO3 5HS, UK",0871 559 1841,https://www.travelodge.co.uk/hotels/479/portsmouth-hilsea-hotel?utm_source=google&utm_medium=GHA_Organic&utm_campaign=GHA_Portsmouth%20Hilsea&WT.tsrc=GHA_Organic
Peterborough,Holiday Inn Peterborough - West by IHG,"Thorpe Wood, Peterborough PE3 6SG, UK",01733 289988,https://www.ihg.com/holidayinn/hotels/gb/en/peterborough/ptrwe/hoteldetail?cm_mmc=YextLocal-_-HI-_-GB-_-PTRWE
Peterborough,Premier Inn Peterborough City Centre hotel,"Rivergate, Peterborough PE1 1EN, UK",0333 015 0102,https://www.premierinn.com/gb/en/hotels/england/cambridgeshire/peterborough/peterborough-city-centre.html?cid=GLBC_PETBRI
Peterborough,Holiday Inn Express Peterborough by IHG,"E of England Way, Orton Northgate, Peterborough PE2 6HE, UK",0371 902 1549,https://www.ihg.com/holidayinnexpress/hotels/gb/en/peterborough/ptruk/hoteldetail?cm_mmc=GoogleMaps-_-EX-_-GB-_-PTRUK
Peterborough,Days Inn Peterborough A1M,"Extra Peterborough Service Area J17, A1(M, A1, Peterborough PE7 3UQ, UK",01733 371540,https://hotels.welcomebreak.co.uk/hotel/days-inn-peterborough-a1m/
Peterborough,Park Inn by Radisson Peterborough,"Telephone House, Wentworth St, Peterborough PE1 1BA, UK",01733 353750,https://www.radissonhotels.com/en-us/hotels/park-inn-peterborough?cid=a:se+b:gmb+c:emea+i:local+e:pii+d:ukirwe+h:GBXVH1
Peterborough,Premier Inn Peterborough (Hampton) hotel,"4, Off Ashbourne Rd, London Rd, Hampton, Peterborough PE7 8BT, UK",0333 321 1388,https://www.premierinn.com/gb/en/hotels/england/cambridgeshire/peterborough/peterborough-hampton.html?cid=GLBC_PETHAM
Peterborough,Premier Inn Peterborough (Ferry Meadows) hotel,"Nene Park, Ham Ln, Peterborough PE2 5UU, UK",0333 321 1387,https://www.premierinn.com/gb/en/hotels/england/cambridgeshire/peterborough/peterborough-ferry-meadows.html?cid=GLBC_PETGRA
Peterborough,Premier Inn Peterborough North hotel,"1023 Lincoln Rd, Peterborough PE4 6AH, UK",0333 321 1389,https://www.premierinn.com/gb/en/hotels/england/cambridgeshire/peterborough/peterborough-north.html?cid=GLBC_PETPAU
Peterborough,Travelodge Peterborough Eye Green,"Crowlands Road, Eye Green, Peterborough PE6 7SZ, UK",0871 984 6097,https://www.travelodge.co.uk/hotels/167/Peterborough-Eye-Green-hotel?utm_source=google&utm_medium=GHA_Organic&utm_campaign=GHA_Peterborough%20Eye%20Green&WT.tsrc=GHA_Organic
Peterborough,Travelodge Peterborough Alwalton,"A1 Southbound, Alwalton, Peterborough PE7 3UG, UK",0871 984 6003,https://www.travelodge.co.uk/hotels/105/peterborough-alwalton-hotel?utm_source=google&utm_medium=GHA_Organic&utm_campaign=GHA_Peterborough%20Alwalton&WT.tsrc=GHA_Organic
Peterborough,Travelodge Peterborough Central,"New Rd, Peterborough PE1 1FW, UK",0871 984 6303,https://www.travelodge.co.uk/hotels/310/peterborough-central-hotel?utm_source=google&utm_medium=GHA_Organic&utm_campaign=GHA_Peterborough%20Central&WT.tsrc=GHA_Organic
Bolton,Holiday Inn Bolton Centre by IHG,"1 Higher Bridge St, Bolton BL1 2EW, UK",01204 879988,https://www.ihg.com/holidayinn/hotels/gb/en/bolton/btncc/hoteldetail?cm_mmc=GoogleMaps-_-HI-_-GB-_-BTNCC
Bolton,"The Bolton Stadium Hotel, a member of Radisson Individuals","De Havilland Way, Horwich, Bolton BL6 6SF, UK",01204 673610,https://www.radissonhotels.com/en-us/hotels/radisson-individuals-boltonstadium-manchester?cid=a:se+b:gmb+c:emea+i:local+e:ri+d:ukirwe+h:GBBOLWHT
Bolton,Mercure Bolton Georgian House Hotel,"Manchester Rd., Blackrod, Bolton BL6 5RU, UK",01942 330012,https://all.accor.com/lien_externe.svlt?goto=fiche_hotel&code_hotel=8327&merchantid=seo-maps-GB-8327&sourceid=aw-cen&utm_medium=seo%20maps&utm_source=google%20Maps&utm_campaign=seo%20maps
Bolton,Last Drop Village Hotel & Spa,"Hospital Rd, Bromley Cross, Bolton BL7 9PZ, UK",01204 873500,https://www.lastdropvillage.co.uk/?utm_source=google&utm_medium=local&utm_campaign=hotel-lastdropvillage
Bolton,Premier Inn Bolton (Stadium/Arena) hotel,"Arena Approach 3, Horwich, Bolton BL6 6LB, UK",0333 777 3925,https://www.premierinn.com/gb/en/hotels/england/greater-manchester/bolton/bolton-stadiumarena.html?cid=GLBC_BOLBAR
Bolton,Travelodge Bolton Central River Street,"River St, Bolton BL2 1BX, UK",0871 984 6520,https://www.travelodge.co.uk/hotels/529/Bolton-Central-River-Street-hotel?utm_source=google&utm_medium=GHA_Organic&utm_campaign=GHA_Bolton%20Central%20River%20Street&WT.tsrc=GHA_Organic
Bolton,Premier Inn Bolton West hotel,"991 Chorley New Rd, Horwich, Bolton BL6 4BA, UK",0333 777 3926,https://www.premierinn.com/gb/en/hotels/england/greater-manchester/bolton/bolton-west.html?cid=GLBC_BOLBEE
Bolton,Premier Inn Manchester Bury hotel,"5, Knowsley Place, Knowsley St, Bury BL9 0SW, UK",0333 321 9231,https://www.premierinn.com/gb/en/hotels/england/greater-manchester/manchester/manchester-bury.html?cid=GLBC_BURTHY
Bolton,Novotel Manchester West,"Worsley Brow, Worsley, Manchester M28 2YA, UK",0161 729 0029,https://all.accor.com/lien_externe.svlt?goto=fiche_hotel&code_hotel=0907&merchantid=seo-maps-GB-0907&sourceid=aw-cen&utm_medium=seo%20maps&utm_source=google%20Maps&utm_campaign=seo%20maps
Bolton,Holiday Inn Express Leigh - Sports Village by IHG,"Leigh Sports Village, Sale Wy, Leigh WN7 4JY, UK",01942 366334,https://www.ihg.com/holidayinnexpress/hotels/gb/en/leigh/leiex/hoteldetail?cm_mmc=GoogleMaps-_-EX-_-GB-_-LEIEX
Bolton,Best Western Bury Bolholt Country Park Hotel,"Walshaw Rd, Bury BL8 1PU, UK",0161 764 5239,https://www.bestwestern.co.uk/hotels/best-western-bolholt-country-park-hotel-83810
Bolton,Premier Inn Manchester (Prestwich) hotel,"Bury New Rd, Prestwich, Manchester M25 3AJ, UK",0333 321 1294,https://www.premierinn.com/gb/en/hotels/england/greater-manchester/manchester/manchester-prestwich.html?cid=GLBC_MANTGI
Bolton,Village Hotel Bury,"Waterfold Business Park, Rochdale Rd, Bury BL9 7BQ, UK",0333 006 5222,https://www.village-hotels.co.uk/hotels/manchester-bury/?utm_source=google&utm_medium=organic&utm_campaign=manchester-bury-gmb
Bolton,Premier Inn Manchester Swinton hotel,"219 Bolton Rd, Swinton, Pendlebury, Manchester M27 8TG, UK",0333 321 1297,https://www.premierinn.com/gb/en/hotels/england/greater-manchester/manchester/manchester-swinton.html?cid=GLBC_MANHEN
Bolton,Premier Inn Chorley North hotel,"Malthouse Farm, Moss Ln, Chorley PR6 8AB, UK",0333 777 4614,https://www.premierinn.com/gb/en/hotels/england/lancashire/chorley/chorley-north.html?cid=GLBC_CHOMAL
Bolton,"Plaza Hotel, Sure Collection by Best Western, Chorley, Preston","Bolton Rd, Chorley PR7 4AB, UK",01257 264741,http://www.plazachorley.com/
Bolton,Travelodge Bury,"Leisure Park, Pilsworth Rd, Little 66, Unsworth, Bury BL9 8RN, UK",0871 984 6302,https://www.travelodge.co.uk/hotels/297/bury-hotel?utm_source=google&utm_medium=GHA_Organic&utm_campaign=GHA_Bury&WT.tsrc=GHA_Organic
Dudley,Premier Inn Dudley (Kingswinford) hotel,"Dudley Rd, Kingswinford DY6 8WT, UK",0333 777 4653,https://www.premierinn.com/gb/en/hotels/england/west-midlands/dudley/dudley-kingswinford.html?cid=GLBC_DUDKIN
Dudley,Travelodge Dudley Town Centre,"Discovery Wy, Dudley DY1 4AL, UK",0871 984 6517,https://www.travelodge.co.uk/hotels/626/Dudley-Town-Centre-hotel?utm_source=google&utm_medium=GHA_Organic&utm_campaign=GHA_Dudley_Town_Centre
Dudley,Holiday Inn Express Birmingham - Oldbury by IHG,"Birchley Park Ave, Oldbury B69 2BD, UK",0371 902 1603,https://www.ihg.com/holidayinnexpress/hotels/gb/en/birmingham/bhxbp/hoteldetail?cm_mmc=GoogleMaps-_-EX-_-GB-_-BHXBP
Dudley,Premier Inn Stourbridge Town Centre hotel,"Birmingham St, Stourbridge DY8 1JR, UK",0333 321 9341,https://www.premierinn.com/gb/en/hotels/england/west-midlands/stourbridge/stourbridge-town-centre.html?cid=GLBC_STOBAD
Dudley,"Premier Inn Birmingham Oldbury (M5, Jct2) hotel","Wolverhampton Rd, Oldbury B69 2BH, UK",0333 777 3913,https://www.premierinn.com/gb/en/hotels/england/west-midlands/birmingham/birmingham-oldbury-m5-jct2.html?cid=GLBC_OLDLAK
Dudley,Premier Inn Hagley hotel,"Birmingham Rd, Hagley, Stourbridge DY9 9JS, UK",0333 003 1691,https://www.premierinn.com/gb/en/hotels/england/worcestershire/hagley/hagley.html?cid=GLBC_HAGBAD
Dudley,Travelodge Birmingham Dudley,"Dudley Rd, Birmingham, Brierley Hill DY5 1LE, UK",0871 984 6063,https://www.travelodge.co.uk/hotels/110/birmingham-dudley-hotel?utm_source=google&utm_medium=GHA_Organic&utm_campaign=GHA_Birmingham%20Dudley&WT.tsrc=GHA_Organic
Norwich,Holiday Inn Norwich City by IHG,"Carrow Rd, Norwich NR1 1HU, UK",01603 751340,https://www.ihg.com/holidayinn/hotels/gb/en/norwich/nwicr/hoteldetail?cm_mmc=GoogleMaps-_-HI-_-GB-_-NWICR
Norwich,Holiday Inn Norwich by IHG,"Ipswich Rd, Norwich NR4 6EP, UK",0333 320 9343,https://www.ihg.com/holidayinn/hotels/gb/en/norwich/nwinf/hoteldetail?cm_mmc=GoogleMaps-_-HI-_-GB-_-NWINF
Norwich,Premier Inn Norwich City Centre (Duke Street) hotel,"Duke St, Norwich NR3 3AP, UK",0333 321 1369,https://www.premierinn.com/gb/en/hotels/england/norfolk/norwich/norwich-city-centre-duke-street.html?cid=GLBC_NORCIT
Norwich,Best Western Annesley House Hotel,"6 Newmarket Rd, Norwich NR2 2LA, UK",01603 624553,https://www.bestwestern.co.uk/hotels/best-western-annesley-house-hotel-83663
Norwich,Premier Inn Norwich Nelson City Centre hotel,"Prince of Wales Rd, Norwich NR1 1DX, UK",0333 321 1371,https://www.premierinn.com/gb/en/hotels/england/norfolk/norwich/norwich-nelson-city-centre.html?cid=GLBC_NORNEL
Norwich,Premier Inn Norwich East (Broadlands/A47) hotel,"Old Chapel Way, Norwich NR7 0WG, UK",0333 321 1368,https://www.premierinn.com/gb/en/hotels/england/norfolk/norwich/norwich-east-broadlandsa47.html?cid=GLBC_NORBRO
Norwich,Travelodge Norwich Central Riverside,"8-12 St Vedast St, Norwich NR1 1BT, UK",0871 984 6438,https://www.travelodge.co.uk/hotels/416/norwich-central-riverside-hotel?utm_source=google&utm_medium=GHA_Organic&utm_campaign=GHA_Norwich%20Central%20Riverside&WT.tsrc=GHA_Organic
Norwich,Holiday Inn Norwich - North by IHG,"Cromer Rd, Norwich NR6 6JA, UK",0333 320 9344,https://www.ihg.com/holidayinn/hotels/gb/en/norwich/nwiap/hoteldetail?cm_mmc=GoogleMaps-_-HI-_-GB-_-NWIAP
Norwich,Mercure Norwich Hotel,"121, 131 Boundary Rd, Norwich NR3 2BA, UK",01603 294330,https://all.accor.com/lien_externe.svlt?goto=fiche_hotel&code_hotel=8321&merchantid=seo-maps-GB-8321&sourceid=aw-cen&utm_medium=seo%20maps&utm_source=google%20Maps&utm_campaign=seo%20maps
Norwich,Holiday Inn Express Norwich by IHG,"Drayton High Rd, Hellesdon, Norwich NR6 5DU, UK",01603 780010,https://www.ihg.com/holidayinnexpress/hotels/gb/en/norwich/nwisv/hoteldetail?cm_mmc=GoogleMaps-_-EX-_-GB-_-NWISV
Norwich,Travelodge Norwich Central,"14 Queens Rd, Norwich NR1 3PR, UK",0871 984 6297,https://www.travelodge.co.uk/hotels/288/Norwich-Central-hotel?utm_source=google&utm_medium=GHA_Organic&utm_campaign=GHA_Norwich%20Central&WT.tsrc=GHA_Organic
Norwich,Premier Inn Norwich Airport hotel,"Delft Way, Norwich NR6 6BB, UK",0333 321 1367,https://www.premierinn.com/gb/en/hotels/england/norfolk/norwich/norwich-airport.html?cid=GLBC_NOROAK
Norwich,Travelodge Norwich Cringleford,"Thickthorn Service Area, A11 / A47, Interchange, Norwich Southern Bypass, Hethersett, Norwich NR9 3AU, UK",0871 984 6205,https://www.travelodge.co.uk/hotels/58/norwich-cringleford-hotel?utm_source=google&utm_medium=GHA_Organic&utm_campaign=GHA_Norwich%20Cringleford&WT.tsrc=GHA_Organic
Swindon,Holiday Inn Swindon by IHG,"Marlborough Rd, Swindon SN3 6AQ, UK",0333 320 9353,https://www.ihg.com/holidayinn/hotels/gb/en/swindon/swimr/hoteldetail?cm_mmc=GoogleMaps-_-HI-_-GB-_-SWIMR
Swindon,Premier Inn Swindon Town Centre hotel,"43-44 Regent St, Swindon SN1 1JS, UK",0333 003 8101,https://www.premierinn.com/gb/en/hotels/england/wiltshire/swindon/swindon-town-centre.html?cid=GLBC_SWITWC
Swindon,DoubleTree by Hilton Swindon,"Lydiard Fields, Great Western Way, Swindon SN5 8UZ, UK",01793 881777,https://www.hilton.com/en/hotels/swihndi-doubletree-swindon/?SEO_id=GMB-EMEA-DI-SWIHNDI
Swindon,Holiday Inn Express Swindon West by IHG,"Frankland Rd, Swindon SN5 8UD, UK",0371 902 1631,https://www.ihg.com/holidayinnexpress/hotels/gb/en/swindon/swiwe/hoteldetail?cm_mmc=GoogleMaps-_-EX-_-GB-_-SWIWE
Swindon,Premier Inn Swindon Central hotel,"Kembrey Business Park, 1 Larch Close, Swindon SN2 8YS, UK",0333 321 9063,https://www.premierinn.com/gb/en/hotels/england/wiltshire/swindon/swindon-central.html?cid=GLBC_SWIKEM
Swindon,Travelodge Swindon Central,"Princes Way, Princes St, Swindon SN1 2SF, UK",01793 496727,https://www.travelodge.co.uk/hotels/335/swindon-central-hotel?utm_source=google&utm_medium=GHA_Organic&utm_campaign=GHA_Swindon%20Central&WT.tsrc=GHA_Organic
Swindon,Premier Inn Swindon West,"Great Western Way, Swindon SN5 8UY, UK",0871 527 9068,https://www.premierinn.com/gb/en/hotels/england/wiltshire/swindon/swindon-west-m4-j16.html?cid=GLBC_SWILYD
Swindon,Village Hotel Swindon,"Shaw Ridge Leisure Park, Whitehill Way, Swindon SN5 7DW, UK",0333 006 5222,https://www.village-hotels.co.uk/hotels/swindon/?utm_source=google&utm_medium=organic&utm_campaign=swindon-gmb
Swindon,Holiday Inn Express Swindon City Centre by IHG,"Bridge St, Swindon SN1 1BT, UK",01793 602000,https://www.ihg.com/holidayinnexpress/hotels/gb/en/swindon/swicc/hoteldetail?cm_mmc=GoogleMaps-_-EX-_-GB-_-SWICC
Swindon,Premier Inn Swindon North hotel,"Broad Bush, Broad Blunsdon, Swindon SN26 8DJ, UK",0333 321 9064,https://www.premierinn.com/gb/en/hotels/england/wiltshire/swindon/swindon-north.html?cid=GLBC_SWICOL
Swindon,ibis budget Swindon Town Centre,"1 Henry St, Swindon SN1 5BX, UK",01793 374171,https://all.accor.com/lien_externe.svlt?goto=fiche_hotel&code_hotel=A7X0&merchantid=seo-maps-GB-A7X0&sourceid=aw-cen&utm_medium=seo%20maps&utm_source=google%20Maps&utm_campaign=seo%20maps
Swindon,Travelodge Swindon West,"Barnfield Cl, Swindon SN2 2FZ, UK",,https://www.travelodge.co.uk/hotels/659/Swindon-West-hotel?utm_source=google&utm_medium=GHA_Organic&utm_campaign=GHA_Swindon_West&WT.tsrc=GHA_Organic
Swindon,Travelodge Swindon,"Delta Business Park, Great Western Way, Swindon SN5 7XG, UK",0871 987 0909,https://www.travelodge.co.uk/hotels/726/Swindon-hotel?utm_source=google&utm_medium=GHA_Organic&utm_campaign=GHA_Swindon
Croydon,Premier Inn London Croydon Town Centre hotel,"Phillips House, 6 Lansdowne Rd, Croydon CR0 2BX, UK",0333 321 9315,https://www.premierinn.com/gb/en/hotels/england/greater-london/london/london-croydon-town-centre.html?cid=GLBC_CROPHI
Croydon,Hampton by Hilton London Croydon,"30 Dingwall Rd, Croydon CR0 2NB, UK",020 8726 0200,https://www.hilton.com/en/hotels/crohxhx-hampton-london-croydon/?SEO_id=GMB-EMEA-HX-CROHXHX
Croydon,Premier Inn London Croydon South (A212) hotel,"104 Coombe Rd, Croydon CR0 5RB, UK",0333 777 4634,https://www.premierinn.com/gb/en/hotels/england/greater-london/london/london-croydon-south-a212.html?cid=GLBC_CROCOO
Croydon,Premier Inn London Croydon (Purley A23) hotel,"The Colonnades Leisure Park, 619 Purley Way, Croydon CR0 4RQ, UK",0333 777 4635,https://www.premierinn.com/gb/en/hotels/england/greater-london/london/london-croydon-purley-a23.html?cid=GLBC_CROCIT
Croydon,Holiday Inn Express London - Croydon by IHG,"1 Priddy's Yard, London, Croydon CR0 1TS, UK",020 8253 1200,https://www.ihg.com/holidayinnexpress/hotels/gb/en/london/loncr/hoteldetail?cm_mmc=GoogleMaps-_-EX-_-GB-_-LONCR
Croydon,Hilton London Croydon,"101 Waddon Way, Purley Way, Croydon CR9 4HH, UK",020 8680 3000,https://www.hilton.com/en/hotels/crohnhn-hilton-london-croydon/?SEO_id=GMB-EMEA-HN-CROHNHN
Croydon,Travelodge Croydon Central,"Norfolk House, Wellesley Rd, Croydon CR0 1LH, UK",0871 984 6318,https://www.travelodge.co.uk/hotels/322/london-croydon-central-hotel?utm_source=google&utm_medium=GHA_Organic&utm_campaign=GHA_Croydon%20Central&WT.tsrc=GHA_Organic
Croydon,Best Western Plus London Croydon Aparthotel,"2 Dunheved Rd S, Thornton Heath CR7 6AD, UK",020 3879 1888,http://www.lcah.co.uk/
Croydon,Travelodge London Crystal Palace,"Yeoman House, 61 - 63 Croydon Rd, London SE20 7TS, UK",0871 984 6507,https://www.travelodge.co.uk/hotels/538/London-Crystal-Palace-hotel?utm_source=google&utm_medium=GHA_Organic&utm_campaign=GHA_London%20Crystal%20Palace&WT.tsrc=GHA_Organic
Croydon,Holiday Inn London - Sutton by IHG,"Gibson Rd, London SM1 2RF, UK",0371 942 9113,https://www.ihg.com/holidayinn/hotels/gb/en/london/lonsu/hoteldetail?cm_mmc=GoogleMaps-_-HI-_-GB-_-LONSU
Croydon,Premier Inn London Sutton hotel,"St Nicholas Way, Sutton SM1 1AT, UK",0871 527 8000,https://www.premierinn.com/gb/en/hotels/england/greater-london/london/london-sutton.html?cid=GLBC_LONSUT
Croydon,Travelodge London South Croydon,"415 Brighton Rd, South Croydon CR2 6AN, UK",0871 559 1846,https://www.travelodge.co.uk/hotels/484/london-south-croydon-hotel?utm_source=google&utm_medium=GHA_Organic&utm_campaign=GHA_London%20South%20Croydon&WT.tsrc=GHA_Organic
Croydon,Premier Inn London Bromley hotel,"Shortlands, Simpson's Rd, Bromley BR2 0QL, UK",020 3960 3250,https://www.premierinn.com/gb/en/hotels/england/greater-london/london/london-bromley.html?cid=GLBC_LONBRO
Croydon,Best Western London Queens Hotel Crystal Palace,"122 Church Rd, London SE19 2UG, UK",020 8653 6622,https://www.bestwestern.co.uk/hotels/best-western-london-queens-crystal-palace-hotel-84225
Croydon,Premier Inn London Wimbledon South hotel,"27 Chapter Way, London SW19 2RF, UK",0333 321 1278,https://www.premierinn.com/gb/en/hotels/england/greater-london/london/london-wimbledon-south.html?cid=GLBC_LONMER
Croydon,Holiday Inn Express London - Wimbledon South by IHG,"200 High Street Colliers Wood, London SW19 2BH, UK",020 8545 7300,https://www.ihg.com/holidayinnexpress/hotels/gb/en/london/lonws/hoteldetail?cm_mmc=GoogleMaps-_-EX-_-GB-_-LONWS
Bournemouth,Premier Inn Bournemouth Central hotel,"Westover Rd, Bournemouth BH1 2BZ, UK",0333 777 3929,https://www.premierinn.com/gb/en/hotels/england/dorset/bournemouth/bournemouth-central.html?cid=GLBC_BOUWES
Bournemouth,Travelodge Bournemouth,"43 Christchurch Rd, Bournemouth BH1 3PH, UK",0871 984 6257,https://www.travelodge.co.uk/hotels/267/bournemouth-hotel?utm_source=google&utm_medium=GHA_Organic&utm_campaign=GHA_Bournemouth&WT.tsrc=GHA_Organic
Bournemouth,Bournemouth Highcliff Marriott Hotel,"105 St Michael's Rd, W Cliff Rd, Bournemouth BH2 5DU, UK",01202 557702,https://www.marriott.com/en-us/hotels/bohbm-bournemouth-highcliff-marriott-hotel/overview/?scid=f2ae0541-1279-4f24-b197-a979c79310b0
Bournemouth,Hilton Bournemouth,"Terrace Rd, Bournemouth BH2 5EL, UK",01202 804775,https://www.hilton.com/en/hotels/bohtmhi-hilton-bournemouth/?SEO_id=GMB-EMEA-HI-BOHTMHI
Bournemouth,Hampton by Hilton Bournemouth,"Upper Terrace Rd, Bournemouth BH2 5NW, UK",01202 804777,https://www.hilton.com/en/hotels/bohcchx-hampton-bournemouth/?SEO_id=GMB-EMEA-HX-BOHCCHX
Bournemouth,Best Western Plus The Connaught Hotel and Spa,"30 W Hill Rd, W Cliff Rd, Bournemouth BH2 5PH, UK",01202 298020,https://www.theconnaught.co.uk/?utm_source=gmb&utm_medium=website&utm_campaign=button
Bournemouth,Premier Inn Bournemouth East Cliff hotel,"24a Christchurch Rd, St. Swithun's Roundabout, Bournemouth BH1 3NE, UK",0333 234 6588,https://www.premierinn.com/gb/en/hotels/england/dorset/bournemouth/bournemouth-east-cliff.html?cid=GLBC_BOUECL
Bournemouth,ibis Styles Bournemouth,"16 Gervis Rd, Bournemouth BH1 3EQ, UK",01202 554794,https://all.accor.com/lien_externe.svlt?goto=fiche_hotel&code_hotel=B8Q3&merchantid=seo-maps-GB-B8Q3&sourceid=aw-cen&utm_medium=seo%20maps&utm_source=google%20Maps&utm_campaign=seo%20maps
Bournemouth,Holiday Inn Bournemouth by IHG,"22 Bath Rd, Bournemouth BH1 2NS, UK",01202 291266,https://www.ihg.com/holidayinn/hotels/gb/en/bournemouth/bohbr/hoteldetail?cm_mmc=GoogleMaps-_-HI-_-GB-_-BOHBR
Bournemouth,Hallmark Hotel Bournemouth East Cliff,"53 Grove Rd, Bournemouth BH1 3AN, UK",01202 554545,
Bournemouth,Travelodge Bournemouth Seafront,"W Hill Rd, Bournemouth BH2 5EG, UK",0800 640 3694,https://www.travelodge.co.uk/hotels/404/Bournemouth-Seafront-hotel?utm_source=google&utm_medium=GHA_Organic&utm_campaign=GHA_Bournemouth%20Seafront&WT.tsrc=GHA_organic
Bournemouth,Travelodge Bournemouth Cooper Dean,"Cooper Dean Roundabout, Castle Ln E, Bournemouth BH7 7DP, UK",0871 559 1808,https://www.travelodge.co.uk/hotels/447/bournemouth-cooper-dean-hotel?utm_source=google&utm_medium=GHA_Organic&utm_campaign=GHA_Bournemouth%20Cooper%20Dean&WT.tsrc=GHA_Organic
Bournemouth,Premier Inn Bournemouth West Cliff hotel,"11-13 W Cliff Rd, Bournemouth BH2 5EU, UK",0333 003 8101,https://www.premierinn.com/gb/en/hotels/england/dorset/bournemouth/bournemouth-west-cliff.html?cid=GLBC_BOUCLF
Bournemouth,Britannia Hotel - Bournemouth,"Meyrick Rd, Bournemouth BH1 3DP, UK",0871 222 0036,https://www.britanniahotels.com/hotels/the-britannia-hotel-bournemouth/
Bournemouth,Premier Inn Bournemouth Westbourne hotel,"8 Poole Rd, Westbourne, Bournemouth BH2 5QU, UK",0333 777 3932,https://www.premierinn.com/gb/en/hotels/england/dorset/bournemouth/bournemouth-westbourne.html?cid=GLBC_BOUCEN
Bournemouth,Premier Inn Christchurch West hotel,"22 Bailey Dr, Christchurch BH23 2BN, UK",0333 777 4617,https://www.premierinn.com/gb/en/hotels/england/dorset/christchurch/christchurch-west.html?cid=GLBC_CHRBAI
Bournemouth,Travelodge Christchurch,"Saxon Square, Fountain Roundabout, Christchurch BH23 1QN, UK",0800 640 3729,https://www.travelodge.co.uk/hotels/586/Christchurch-hotel?utm_source=google&utm_medium=GHA_Organic&utm_campaign=GHA_Christchurch&WT.tsrc=GHA_Organic
Bournemouth,Village Hotel Bournemouth,"Deansleigh Rd, Bournemouth BH7 7DZ, UK",0333 006 5222,https://www.village-hotels.co.uk/hotels/bournemouth/?utm_source=google&utm_medium=organic&utm_campaign=bournemouth-gmb
Southend-on-Sea,Premier Inn Southend-On-Sea (Thorpe Bay) hotel,"213 Eastern Esplanade, Southend-on-Sea SS1 3AD, UK",0333 321 9011,https://www.premierinn.com/gb/en/hotels/england/essex/southend-on-sea/southend-on-sea-thorpe-bay.html?cid=GLBC_SOUHAL
Southend-on-Sea,Premier Inn Southend On Sea (Eastern Esplanade) hotel,"Eastern Esplanade, Southend-on-Sea SS99 1YY, UK",0333 321 9351,https://www.premierinn.com/gb/en/hotels/england/essex/southend-on-sea/southend-on-sea-eastern-esplanade.html?cid=GLBC_SOUESP
Southend-on-Sea,Holiday Inn Southend by IHG,"77 Eastwoodbury Cres, Southend-on-Sea SS2 6XG, UK",01702 543001,https://www.ihg.com/holidayinn/hotels/gb/en/southend-on-sea/senhi/hoteldetail?cm_mmc=GoogleMaps-_-HI-_-GB-_-SENHI
Southend-on-Sea,Premier Inn Southend Airport hotel,"Thanet Grange, Prince Ave, Southend-on-Sea SS2 6GB, UK",0333 321 9014,https://www.premierinn.com/gb/en/hotels/england/essex/southend-on-sea/southend-airport.html?cid=GLBC_SOUSTR
Southend-on-Sea,Travelodge Southend on Sea,"33 Chichester Rd, Southend-on-Sea SS1 2JY, UK",0871 984 6247,https://www.travelodge.co.uk/hotels/265/southend-on-sea-hotel?utm_source=google&utm_medium=GHA_Organic&utm_campaign=GHA_Southend%20on%20Sea&WT.tsrc=GHA_Organic
Southend-on-Sea,Premier Inn Basildon (Rayleigh) hotel,"Rayleigh Weir, Arterial Rd, Rayleigh, A127 SS6 7SP, UK",0333 777 3684,https://www.premierinn.com/gb/en/hotels/england/essex/basildon/basildon-rayleigh.html?cid=GLBC_BASCOL
Walsall,Travelodge Walsall,"Littleton St W, Wisemore, Walsall WS2 8EQ, UK",0871 984 6544,https://www.travelodge.co.uk/hotels/653/Walsall-hotel?utm_source=google&utm_medium=GHA_Organic&utm_campaign=GHA_Walsall&WT.tsrc=GHA_Organic
Walsall,"Holiday Inn Birmingham M6, JCT.7 by IHG","Chapel Ln, Great Barr, Birmingham B43 7BG, UK",0333 320 9323,https://www.ihg.com/holidayinn/hotels/gb/en/birmingham/bhxgb/hoteldetail?cm_mmc=GoogleMaps-_-HI-_-GB-_-BHXGB
Walsall,Days Inn by Wyndham Cannock Norton Canes M6 Toll,"Roadchef Motorway Svc Area, Norton Canes, Staffordshire WS11 9UX, UK",0808 175 4921,https://www.wyndhamhotels.com/en-uk/days-inn/staffordshire-united-kingdom/days-inn-cannock-norton-canes-m6-toll/overview?CID=LC:iqv0j1dklijly45:40511&iata=00093796
Walsall,Holiday Inn Express Lichfield by IHG,"Wall Island, Birmingham Rd, Shenstone, Lichfield WS14 0QP, UK",0371 902 1545,https://www.ihg.com/holidayinnexpress/hotels/gb/en/lichfield/lhfuk/hoteldetail?cm_mmc=GoogleMaps-_-EX-_-GB-_-LHFUK
Walsall,Travelodge Birmingham Streetly,"Chester Rd, Streetly, Birmingham, Sutton Coldfield B73 6SP, UK",0871 559 1805,https://www.travelodge.co.uk/hotels/444/birmingham-streetly-hotel?utm_source=google&utm_medium=GHA_Organic&utm_campaign=GHA_Birmingham%20Streetly&WT.tsrc=GHA_Organic
Walsall,Premier Inn West Bromwich hotel,"New Gas St, West Bromwich B70 0NP, UK",0333 321 9138,https://www.premierinn.com/gb/en/hotels/england/west-midlands/west-bromwich/west-bromwich.html?cid=GLBC_WESRID
Warrington,Village Hotel Warrington,"110 Centre Park Square, Warrington WA1 1QA, UK",0333 006 5222,https://www.village-hotels.co.uk/hotels/warrington/?utm_source=google&utm_medium=organic&utm_campaign=warrington-gmb
Warrington,Premier Inn Warrington (M6/J21) hotel,"Manchester Rd, Woolston, Warrington WA1 4GB, UK",0333 321 9124,https://www.premierinn.com/gb/en/hotels/england/cheshire/warrington/warrington-m6j21.html?cid=GLBC_WARPTI
Warrington,Premier Inn Warrington Central North hotel,"Floyd Dr, Warrington WA2 8DB, UK",0333 321 9126,https://www.premierinn.com/gb/en/hotels/england/cheshire/warrington/warrington-central-north.html?cid=GLBC_WARTOB
Warrington,Travelodge Warrington,"Kendrick St, Legh St, Warrington WA1 1UZ, UK",0871 984 6180,https://www.travelodge.co.uk/hotels/189/Warrington-hotel?utm_source=google&utm_medium=GHA_Organic&utm_campaign=GHA_Warrington&WT.tsrc=GHA_Organic
Warrington,Mercure Haydock Hotel,"Penny Ln, Haydock, Saint Helens WA11 9SG, UK",01942 559940,https://all.accor.com/lien_externe.svlt?goto=fiche_hotel&code_hotel=A0H4&merchantid=seo-maps-GB-A0H4&sourceid=aw-cen&utm_medium=seo%20maps&utm_source=google%20Maps&utm_campaign=seo%20maps
Warrington,"Premier Inn Warrington (A49/M62,J9) hotel","Woburn Rd, Winwick Rd, Warrington WA2 8RN, UK",0333 321 9129,https://www.premierinn.com/gb/en/hotels/england/cheshire/warrington/warrington-a49m62j9.html?cid=GLBC_WARWIN
Warrington,"Casa Mere Hotel, Sure Collection by Best Western, Knutsford Cheshire","Off A556, Warrington Rd, Hoo Green, Mere, Knutsford WA16 0PZ, UK",01565 830410,http://www.casamereknutsford.com/
Warrington,Holiday Inn Warrington by IHG,"Woolston Grange Ave, Woolston, Warrington WA1 4PX, UK",0333 320 9355,https://www.ihg.com/holidayinn/hotels/gb/en/warrington/wrtuk/hoteldetail?cm_mmc=GoogleMaps-_-HI-_-GB-_-WRTUK
Warrington,Travelodge Warrington Gemini,"Gemini 8, Charon Way, Westbrook, Warrington WA5 7YA, UK",01925 711237,https://www.travelodge.co.uk/hotels/507/warrington-gemini-hotel?utm_source=google&utm_medium=GHA_Organic&utm_campaign=GHA_Warrington%20Gemini&WT.tsrc=GHA_Organic
Warrington,Holiday Inn Runcorn by IHG,"Wood Ln, Beechwood, Runcorn WA7 3HA, UK",0333 320 9350,https://www.ihg.com/holidayinn/hotels/gb/en/runcorn/wrtrn/hoteldetail?cm_mmc=GoogleMaps-_-HI-_-GB-_-WRTRN
Warrington,Premier Inn Warrington North East hotel,"Golborne Rd, Winwick, Warrington WA2 8LF, UK",0333 321 9128,https://www.premierinn.com/gb/en/hotels/england/cheshire/warrington/warrington-north-east.html?cid=GLBC_WARSWA
Warrington,ibis Styles Haydock,"4 Galway Cres, Piele Rd, Haydock, Saint Helens WA11 0GR, UK",01942 290040,https://all.accor.com/lien_externe.svlt?goto=fiche_hotel&code_hotel=9553&merchantid=seo-maps-GB-9553&sourceid=aw-cen&utm_medium=seo%20maps&utm_source=google%20Maps&utm_campaign=seo%20maps
Warrington,Travelodge Widnes,"A562 Fiddlers Ferry Rd, Widnes WA8 0HA, UK",0871 984 6183,https://www.travelodge.co.uk/hotels/191/widnes-hotel?utm_source=google&utm_medium=GHA_Organic&utm_campaign=GHA_Widnes&WT.tsrc=GHA_Organic
Warrington,"Holiday Inn Haydock M6, JCT.23 by IHG","Lodge Ln, Haydock, Newton-le-Willows WA12 0JG, UK",0333 320 9329,https://www.ihg.com/holidayinn/hotels/gb/en/haydock/wrtha/hoteldetail?cm_mmc=GoogleMaps-_-HI-_-GB-_-WRTHA
Warrington,Mercure St Helens,"Linkway W, St Helens, Saint Helens WA10 1NG, UK",01744 453444,https://all.accor.com/lien_externe.svlt?goto=fiche_hotel&code_hotel=B4Z1&merchantid=seo-maps-GB-B4Z1&sourceid=aw-cen&utm_medium=seo%20maps&utm_source=google%20Maps&utm_campaign=seo%20maps
Warrington,Premier Inn Runcorn hotel,"Chester Rd, Murdishaw, Preston Brook, Runcorn WA7 3BA, UK",0333 321 8459,https://www.premierinn.com/gb/en/hotels/england/cheshire/runcorn/runcorn.html?cid=GLBC_RUNPRE
Warrington,Travelodge Warrington Lowton,"Innkeepers Lodge, 322 Newton Rd, Lowton, Warrington WA3 1HD, UK",0871 559 1851,https://www.travelodge.co.uk/hotels/489/warrington-lowton-hotel?utm_source=google&utm_medium=GHA_Organic&utm_campaign=GHA_Warrington%20Lowton&WT.tsrc=GHA_Organic
Warrington,Premier Inn Haydock Park/M6 J23 hotel,"Yew Tree Way, Lowton, Warrington WA3 3JD, UK",0333 003 1699,https://www.premierinn.com/gb/en/hotels/england/greater-manchester/haydock/haydock.html?cid=GLBC_HAYSTO
Slough,Travelodge Slough,"Landmark Place, Herschel St, Slough SL1 1PG, UK",020 3195 4752,https://www.travelodge.co.uk/hotels/249/slough-hotel?utm_source=google&utm_medium=GHA_Organic&utm_campaign=GHA_Slough&WT.tsrc=GHA_Organic
Slough,Residence Inn by Marriott Slough,"3 William St, Slough SL1 1GZ, UK",01753 201188,https://www.marriott.com/en-us/hotels/lhrri-residence-inn-slough/overview/?scid=f2ae0541-1279-4f24-b197-a979c79310b0
Slough,Holiday Inn Slough - Windsor by IHG,"Church St, Chalvey, Slough SL1 2NH, UK",0333 320 9351,https://www.ihg.com/holidayinn/hotels/gb/en/slough/lonwi/hoteldetail?cm_mmc=GoogleMaps-_-HI-_-GB-_-LONWI
Slough,Premier Inn Slough Central South (Windsor Road) hotel,"Windsor Rd, Slough SL1 2EL, UK",0333 234 6626,https://www.premierinn.com/gb/en/hotels/england/berkshire/slough/slough-central-south-windsor-road.html?cid=GLBC_SLOWIN
Slough,Premier Inn Slough,"Uxbridge Rd, Slough SL1 1SU, UK",0333 321 8867,https://www.premierinn.com/gb/en/hotels/england/berkshire/slough/slough.html?cid=GLBC_SLOPTI
Slough,Holiday Inn Express Slough by IHG,"Mill St, Slough SL2 5DD, UK",01753 558300,https://www.ihg.com/holidayinnexpress/hotels/gb/en/slough/lonsg/hoteldetail?cm_mmc=GoogleMaps-_-EX-_-GB-_-LONSG
Slough,Premier Inn Slough West (Slough Trading Estate) hotel,"40 Liverpool Rd, Slough SL1 4QZ, UK",0333 234 6571,https://www.premierinn.com/gb/en/hotels/england/berkshire/slough/slough-west-slough-trading-estate.html?cid=GLBC_SLOWES
Slough,"Holiday Inn Express, London Heathrow T5","Terminal 5, 5 London Rd, Slough SL3 8QB, UK",01753 684001,https://www.ihg.com/holidayinnexpress/hotels/us/en/slough/lontf/hoteldetail
Slough,London Hilton Heathrow Airport Terminal 5 (Conference Centre),"Poyle Rd, Colnbrook, Slough, Heathrow SL3 0FF, UK",01753 686860,https://hilton-t5.co.uk/
Slough,Travelodge Windsor Central,"34 King Edward Court, Windsor SL4 1TG, UK",,https://www.travelodge.co.uk/hotels/329/Windsor-Central-hotel?utm_source=google&utm_medium=GHA_Organic&utm_campaign=GHA_Windsor%20Central&WT.tsrc=GHA_Organic
Slough,Travelodge Langley,"399 London Rd, Langley, Slough SL3 8PS, UK",0871 559 1844,https://www.travelodge.co.uk/hotels/482/langley-hotel?utm_source=google&utm_medium=GHA_Organic&utm_campaign=GHA_Langley&WT.tsrc=GHA_Organic
Slough,"Thames Riviera Hotel, Sure Hotel Collection by Best Western","Bridge Rd, Maidenhead SL6 8DW, UK",01628 956370,https://thamesriviera.com/
Huddersfield,Premier Inn Huddersfield Central hotel,"St Andrew's Rd, Aspley, Huddersfield HD1 6SB, UK",0333 003 1727,https://www.premierinn.com/gb/en/hotels/england/west-yorkshire/huddersfield/huddersfield-central.html?cid=GLBC_HUDCEN
Huddersfield,Premier Inn Huddersfield North hotel,"Wakefield Rd, Brighouse HD6 4HA, UK",0333 003 1728,https://www.premierinn.com/gb/en/hotels/england/west-yorkshire/huddersfield/huddersfield-north.html?cid=GLBC_HUDOLD
Huddersfield,Travelodge Huddersfield,"Leeds Rd, Huddersfield HD1 6NW, UK",,https://www.travelodge.co.uk/hotels/530/Huddersfield-hotel?utm_source=google&utm_medium=GHA_Organic&utm_campaign=GHA_Huddersfield&WT.tsrc=GHA_Organic
Huddersfield,"Fortune Hotel Huddersfield M62 JCT24, Sure Collection by Best Western","New Hey Rd, Ainley Top, Elland, Huddersfield HD2 2EA, UK",01422 324330,http://www.fortunehuddersfield.com/
Huddersfield,Holiday Inn Leeds - Brighouse by IHG,"Clifton Village, Brighouse HD6 4HW, UK",0333 320 9335,https://www.ihg.com/holidayinn/hotels/gb/en/brighouse/leebh/hoteldetail?cm_mmc=GoogleMaps-_-HI-_-GB-_-LEEBH
Huddersfield,Premier Inn Halifax South hotel,"Huddersfield Rd, Salterhebble Hill, Halifax HX3 0QT, UK",0333 003 1692,https://www.premierinn.com/gb/en/hotels/england/west-yorkshire/halifax/halifax-south.html?cid=GLBC_HALPTI
Telford,Premier Inn Telford International Centre hotel,"Unit 8, Southwater Square, Southwater Way, Telford TF3 4DE, UK",0333 321 9348,https://www.premierinn.com/gb/en/hotels/england/shropshire/telford/telford-international-centre.html?cid=GLBC_TELSOU
Telford,Mercure Telford Centre Hotel,"Centre, Forge Gate, Overdale, Telford TF3 4NA, UK",01952 217680,https://all.accor.com/lien_externe.svlt?goto=fiche_hotel&code_hotel=B537&merchantid=seo-maps-GB-B537&sourceid=aw-cen&utm_medium=seo%20maps&utm_source=google%20Maps&utm_campaign=seo%20maps
Telford,Premier Inn Telford Central hotel,"Euston Way, Overdale, Telford TF3 4LY, UK",0333 321 9074,https://www.premierinn.com/gb/en/hotels/england/shropshire/telford/telford-central.html?cid=GLBC_TELEUS
Telford,Ramada by Wyndham Telford Ironbridge,"Forge Gate, Overdale, Telford TF3 4NA, UK",01952 425000,https://www.wyndhamhotels.com/en-uk/ramada/telford-united-kingdom/ramada-hotel-telfordironbridge/overview?CID=LC:wmcic5n98gs1g0r:47404&iata=00093796
Telford,Travelodge Telford,"Unit 4, Park Avenue, Southwater Way, Telford TF3 4BF, UK",0871 984 6535,https://www.travelodge.co.uk/hotels/643/Telford-hotel?utm_source=google&utm_medium=GHA_Organic&utm_campaign=GHA_Telford
Telford,Days Inn Telford M54,"J4, M54, Welcome Break Telford Service Area, A464 Priorslee Rd, Shifnal TF11 8TG, UK",01952 987750,https://hotels.welcomebreak.co.uk/hotel/days-inn-telford-m54/
Telford,Travelodge Telford Shawbirch,"Whitchurch Dr, Telford TF1 3QA, UK",0871 984 6110,https://www.travelodge.co.uk/hotels/183/telford-shawbirch-hotel?utm_source=google&utm_medium=GHA_Organic&utm_campaign=GHA_Telford%20Shawbirch&WT.tsrc=GHA_Organic
Telford,Holiday Inn Express Shrewsbury by IHG,"Business Park, Sitka Dr, Shrewsbury SY2 6LG, UK",0333 320 9361,https://www.ihg.com/holidayinnexpress/hotels/gb/en/shrewsbury/bhxsw/hoteldetail?cm_mmc=GoogleMaps-_-EX-_-GB-_-BHXSW
Telford,Premier Inn Newport/Telford hotel,"Stafford Rd, Newport TF10 9BY, UK",0333 321 1352,https://www.premierinn.com/gb/en/hotels/england/shropshire/newport/newporttelford.html?cid=GLBC_NEWBEE
Telford,Best Western Valley Hotel,"Buildwas Rd, Ironbridge, Coalbrookdale, Telford TF8 7DW, UK",01952 432247,https://www.bestwestern.co.uk/hotels/best-western-valley-hotel-83648?utm_source=google_places&utm_medium=organic&utm_campaign=telford
Oxford,Holiday Inn Oxford by IHG,"Peartree Roundabout, Woodstock Rd, Oxford OX2 8JD, UK",0371 942 9086,https://www.ihg.com/holidayinn/hotels/gb/en/oxford/ofduk/hoteldetail?cm_mmc=GoogleMaps-_-HI-_-GB-_-OFDUK
Oxford,Courtyard by Marriott Oxford City Centre,"15 Paradise St, Oxford OX1 1LD, UK",01865 306900,https://www.marriott.com/en-us/hotels/oxfcy-courtyard-oxford-city-centre/overview/?scid=f2ae0541-1279-4f24-b197-a979c79310b0
Oxford,"The Randolph Hotel Oxford, a Graduate by Hilton","Beaumont St, Oxford OX1 2LN, UK",0344 879 9132,https://www.hilton.com/en/hotels/lonrdgu-graduate-oxford-uk/?SEO_id=GMB-EMEA-GU-LONRDGU
Oxford,Premier Inn Oxford Cowley hotel,"Oxford Business Park, Garsington Rd, Oxford OX4 2JT, UK",0333 321 1384,https://www.premierinn.com/gb/en/hotels/england/oxfordshire/oxford/oxford-cowley.html?cid=GLBC_OXFLON
Oxford,Mercure Oxford Hawkwell House Hotel,"Church Way, Iffley, Oxford OX4 4DZ, UK",01865 749988,https://mercureoxfordhawkwellhouse.com/
Oxford,Travelodge Oxford Peartree,"Moto Service Area, Peartree Roundabout, Woodstock Rd, Oxford OX2 8JZ, UK",01865 513474,https://www.travelodge.co.uk/hotels/60/oxford-peartree-hotel?utm_source=google&utm_medium=GHA_Organic&utm_campaign=GHA_Oxford%20Peartree&WT.tsrc=GHA_Organic
Oxford,Hampton by Hilton Oxford,"Grenoble Rd, Littlemore, Oxford OX4 4XP, UK",01865 788860,https://www.hilton.com/en/hotels/oxfhxhx-hampton-oxford/?SEO_id=GMB-EMEA-HX-OXFHXHX
Oxford,Mercure Oxford Eastgate Hotel,"73 High St, Oxford OX1 4BE, UK",01865 248332,https://all.accor.com/lien_externe.svlt?goto=fiche_hotel&code_hotel=6668&merchantid=seo-maps-GB-6668&sourceid=aw-cen&utm_medium=seo%20maps&utm_source=google%20Maps&utm_campaign=seo%20maps
Oxford,Premier Inn Oxford City Centre (Westgate) hotel,"Greyfriars Court, Paradise Square, Oxford OX1 1BE, UK",0333 003 8101,https://www.premierinn.com/gb/en/hotels/england/oxfordshire/oxford/oxford-city-centre-westgate.html?cid=GLBC_OXFORD
Oxford,Holiday Inn Express Oxford - Kassam Stadium by IHG,"Grenoble Rd, Oxford OX4 4XP, UK",01865 780888,https://www.ihg.com/holidayinnexpress/hotels/gb/en/oxford/ofdks/hoteldetail?cm_mmc=GoogleMaps-_-EX-_-GB-_-OFDKS
Oxford,Travelodge Oxford Abingdon Road,"Abingdon Road, Oxford OX1 4XG, UK",0871 559 1877,https://www.travelodge.co.uk/hotels/599/Oxford-Abingdon-Road-hotel?utm_source=google&utm_medium=GHA_Organic&utm_campaign=GHA_Oxford%20Abingdon%20Road&GHA_Organic
Poole,Premier Inn Poole Centre (Holes Bay) hotel,"Holes Bay Rd, Poole BH15 2BD, UK",0333 321 1397,https://www.premierinn.com/gb/en/hotels/england/dorset/poole/poole-centre-holes-bay.html?cid=GLBC_POOHOL
Poole,Holiday Inn Express Poole by IHG,"Walking Field Ln, Poole BH15 1RZ, UK",01202 649222,https://www.ihg.com/holidayinnexpress/hotels/gb/en/poole/poouk/hoteldetail?cm_mmc=GoogleMaps-_-EX-_-GB-_-POOUK
Poole,Premier Inn Poole North hotel,"Cabot Ln, Poole BH17 7DA, UK",0333 321 1398,https://www.premierinn.com/gb/en/hotels/england/dorset/poole/poole-north.html?cid=GLBC_POOPTI
Poole,Travelodge Poole,"Holes Bay Rd, Poole BH15 1LS, UK",0871 559 1880,https://www.travelodge.co.uk/hotels/602/Poole-hotel?utm_source=google&utm_medium=GHA_Organic&utm_campaign=GHA_Poole&WT.tsrc=GHA_Organic
Poole,Travelodge Poole North,"Unit K, Fleets Corner, Fleets Corner Business Park, Poole BH17 0AE, UK",0871 984 6583,https://www.travelodge.co.uk/hotels/688/Poole-North-hotel?utm_source=google&utm_medium=GHA_Organic&utm_campaign=GHA_Poole_North
Cambridge,Hilton Cambridge City Centre,"20 Downing St, Cambridge CB2 3DT, UK",01223 464491,https://www.hilton.com/en/hotels/stnhchi-hilton-cambridge-city-centre/?SEO_id=GMB-EMEA-HI-STNHCHI
Cambridge,Graduate by Hilton Cambridge,"Granta Pl, Mill Ln, Cambridge CB2 1RT, UK",01223 259988,https://www.hilton.com/en/hotels/stngagu-graduate-cambridge/?SEO_id=GMB-EMEA-GU-STNGAGU
Cambridge,Holiday Inn Express Cambridge by IHG,"15-17, Coldham's Business Park, Norman Way, Cambridge CB1 3LH, UK",0371 902 1605,https://www.ihg.com/holidayinnexpress/hotels/gb/en/cambridge/cbgcc/hoteldetail?cm_mmc=GoogleMaps-_-EX-_-GB-_-CBGCC
Cambridge,"Premier Inn Cambridge (A14, J32) hotel","Ring Fort Rd, Cambridge CB4 2GW, UK",0333 777 3975,https://www.premierinn.com/gb/en/hotels/england/cambridgeshire/cambridge/cambridge-a14-j32.html?cid=GLBC_CAMBAR
Cambridge,"Holiday Inn Cambridge, an IHG Hotel","Lakeview, Bridge Rd, Impington, Cambridge CB24 9PH, UK",0371 942 9015,https://www.ihg.com/holidayinn/hotels/gb/en/cambridge/cbgim/hoteldetail?cm_mmc=GoogleMaps-_-HI-_-GB-_-CBGIM
Cambridge,Travelodge Cambridge Newmarket Road,"180-190 Newmarket Rd, Cambridge CB5 8HF, UK",0871 559 1861,https://www.travelodge.co.uk/hotels/577/Cambridge-Newmarket-Road-hotel?utm_source=google&utm_medium=GHA_Organic&utm_campaign=GHA_Cambridge%20Newmarket%20Road&WT.tsrc=GHA_Organic
Cambridge,Premier Inn Cambridge East (Newmarket Road) hotel,"Newmarket Rd, Cambridge CB1 3EP, UK",0333 321 9289,https://www.premierinn.com/gb/en/hotels/england/cambridgeshire/cambridge/cambridge-city-east.html?cid=GLBC_CAMNEW
Cambridge,"The Gonville Hotel, a member of Radisson Individuals","2 Gonville Pl, Cambridge CB1 1LY, UK",01223 366611,https://www.radissonhotels.com/en-us/hotels/radisson-individuals-gonville-cambridge?cid=a:se+b:gmb+c:emea+i:local+e:ri+d:ukirwe+h:GBCMGAAA
Cambridge,Novotel Cambridge North,"2 Cambridge Sq, Cambridge CB4 0AE, UK",01223 867170,https://all.accor.com/lien_externe.svlt?goto=fiche_hotel&code_hotel=B2Z3&merchantid=seo-maps-GB-B2Z3&sourceid=aw-cen&utm_medium=seo%20maps&utm_source=google%20Maps&utm_campaign=seo%20maps
Cambridge,Travelodge Cambridge Orchard Park,"Chieftain Way, Kings Hedges Rd, Cambridge CB4 2WR, UK",0871 984 6481,https://www.travelodge.co.uk/hotels/512/Cambridge-Orchard-Park-hotel?utm_source=google&utm_medium=GHA_Organic&utm_campaign=GHA_Cambridge%20Orchard%20Park&WT.tsrc=GHA_Organic
Cambridge,ibis Cambridge Central Station,"2 Station Sq, Cambridge CB1 2GA, UK",01223 320960,https://all.accor.com/lien_externe.svlt?goto=fiche_hotel&code_hotel=8548&merchantid=seo-maps-GB-8548&sourceid=aw-cen&utm_medium=seo%20maps&utm_source=google%20Maps&utm_campaign=seo%20maps
Cambridge,"The Fellows House Cambridge, Curio Collection by Hilton","33A Milton Rd, Cambridge CB4 1UZ, UK",01223 949499,https://www.hilton.com/en/hotels/stncaqq-the-fellows-house-cambridge/?SEO_id=GMB-EMEA-QQ-STNCAQQ
Cambridge,Holiday Inn Express Cambridge West - Cambourne by IHG,"Back Ln, Great Cambourne, Cambourne, Cambridge CB23 6LJ, UK",01223 949990,https://www.ihg.com/holidayinnexpress/hotels/gb/en/cambourne/cbgcm/hoteldetail?cm_mmc=GoogleMaps-_-EX-_-GB-_-CBGCM
Cambridge,Premier Inn Cambridge North (Girton) hotel,"Huntingdon Rd, Girton, Cambridge CB3 0DL, UK",0333 777 3976,https://www.premierinn.com/gb/en/hotels/england/cambridgeshire/cambridge/cambridge-north-girton.html?cid=GLBC_CAMTRA
Cambridge,Ramada Cambridge A14,"Extra Cambridge Service Area, A14/M11, Cambridge CB23 4WU, UK",01954 267176,https://hotels.welcomebreak.co.uk/hotel/ramada-cambridge-a14/
Cambridge,Premier Inn Cambridge City Centre (Corn Exchange/Lion Yard),"Guildhall St, Cambridge CB2 3NH, UK",0333 014 9485,https://www.premierinn.com/gb/en/hotels/england/cambridgeshire/cambridge/cambridge-city-centre-corn-exchangelion-yard.html?cid=GLBC_CAMCOR
Cambridge,Travelodge Cambridge Central,"Cambridge Leisure Park, Clifton Way, Cambridge CB1 7DY, UK",0871 984 6101,https://www.travelodge.co.uk/hotels/255/cambridge-central-hotel?utm_source=google&utm_medium=GHA_Organic&utm_campaign=GHA_Cambridge%20Central&WT.tsrc=GHA_Organic
Cambridge,Travelodge Cambridge Swavesey,"Huntingdon Rd, Swavesey, Cambridge CB24 4RE, UK",0871 984 6021,https://www.travelodge.co.uk/hotels/20/cambridge-swavesey-hotel?utm_source=google&utm_medium=GHA_Organic&utm_campaign=GHA_Cambridge%20Swavesey&WT.tsrc=GHA_Organic
Cambridge,Cambridge Bar Hill Hotel | Signature Collection by Best Western,"Bar Hill, Cambridge CB23 8EU, UK",0330 028 3400,http://www.cambridgebarhillhotel.co.uk/
York,Hilton York,"1 Tower St, York YO1 9WD, UK",01904 648111,https://www.hilton.com/en/hotels/lbayohn-hilton-york/?SEO_id=GMB-EMEA-HN-LBAYOHN
York,Holiday Inn Express York by IHG,"Malton Rd, North Yorkshire, York YO32 9TE, UK",01904 438660,https://www.ihg.com/holidayinnexpress/hotels/gb/en/york/yoruk/hoteldetail?cm_mmc=GoogleMaps-_-EX-_-GB-_-YORUK
York,Premier Inn York City Centre Blossom St South hotel,"28-40 Blossom St, York YO24 1AJ, UK",0333 321 9197,https://www.premierinn.com/gb/en/hotels/england/north-yorkshire/york/york-city-blossom-st-south.html?cid=GLBC_YORTAB
York,Travelodge York Central,"90 Piccadilly, York YO1 9NX, UK",0871 984 6187,https://www.travelodge.co.uk/hotels/196/york-central-hotel?utm_source=google&utm_medium=GHA_Organic&utm_campaign=GHA_York%20Central&WT.tsrc=GHA_Organic
York,Hampton by Hilton York,"Toft Grn, York YO1 6JT, UK",01904 681240,https://www.hilton.com/en/hotels/qqytghx-hampton-york/?SEO_id=GMB-EMEA-HX-QQYTGHX
York,Radisson Hotel York,"North St, York YO1 6JF, UK",01904 459988,https://www.radissonhotels.com/en-us/hotels/radisson-hotel-york?cid=a:se+b:gmb+c:emea+i:local+e:rad+d:ukirwe+h:GBYORCTR
York,DoubleTree by Hilton York,"St Maurice's Rd, York YO31 7JA, UK",01904 638086,https://www.hilton.com/en/hotels/lbaykdi-doubletree-york/?SEO_id=GMB-EMEA-DI-LBAYKDI
York,Holiday Inn York City Centre by IHG,"53 Piccadilly, York YO1 9PL, UK",01904 559000,https://www.ihg.com/holidayinn/hotels/gb/en/york/qqyct/hoteldetail?cm_mmc=GoogleMaps-_-HI-_-GB-_-QQYCT
York,Novotel York Centre,"Fishergate, York YO10 4FD, UK",0113 396 9004,https://all.accor.com/lien_externe.svlt?goto=fiche_hotel&code_hotel=0949&merchantid=seo-maps-GB-0949&sourceid=aw-cen&utm_medium=seo%20maps&utm_source=google%20Maps&utm_campaign=seo%20maps
York,ibis Styles York Centre,"77 The Mount, York YO24 1BN, UK",0113 396 8032,https://all.accor.com/lien_externe.svlt?goto=fiche_hotel&code_hotel=6390&merchantid=seo-maps-GB-6390&sourceid=aw-cen&utm_medium=seo%20maps&utm_source=google%20Maps&utm_campaign=seo%20maps
York,Holiday Inn York by IHG,"Tadcaster Rd, Dringhouses, York YO24 1QF, UK",0333 320 9357,https://www.ihg.com/holidayinn/hotels/gb/en/york/yortr/hoteldetail?cm_mmc=GoogleMaps-_-HI-_-GB-_-YORTR
York,"Elmbank York, Tapestry Collection by Hilton","The Mount, York YO24 1GE, UK",01904 610653,https://www.hilton.com/en/hotels/lbayeup-elmbank-york/?SEO_id=GMB-EMEA-UP-LBAYEUP
York,Premier Inn York City Centre (Layerthorpe) hotel,"Layerthorpe, Foss Islands Rd, York YO31 7YW, UK",0333 034 6637,https://www.premierinn.com/gb/en/hotels/england/north-yorkshire/york/york-city-centre-layerthorpe.html?cid=GLBC_YORLAY
Blackpool,Hampton by Hilton Blackpool,"595-601 New S Promenade, Blackpool FY4 1NG, UK",01253 922540,https://www.hilton.com/en/hotels/blkplhx-hampton-blackpool/?SEO_id=GMB-EMEA-HX-BLKPLHX
Blackpool,Best Western Carlton Hotel,"282-286 Promenade, Blackpool FY1 2EZ, UK",01253 628966,https://www.bestwestern.co.uk/hotels/best-western-carlton-hotel-83802
Blackpool,Premier Inn Blackpool (Beach) hotel,"Yeadon Way, Blackpool FY1 6BF, UK",0871 527 8108,https://www.premierinn.com/gb/en/hotels/england/lancashire/blackpool/blackpool-beach.html?cid=GLBC_BLAYEA
Blackpool,Premier Inn Blackpool (North Pier) hotel,"4 Talbot Rd, Talbot Square, Blackpool FY1 1LY, UK",0871 527 8000,https://www.premierinn.com/gb/en/hotels/england/lancashire/blackpool/blackpool-north-pier.html?cid=GLBC_BLACLI
Blackpool,Travelodge Blackpool South Promenade,"Balmoral Rd, South Shore, Blackpool FY4 1HR, UK",0871 984 6191,https://www.travelodge.co.uk/hotels/382/blackpool-south-promenade-hotel?utm_source=google&utm_medium=GHA_Organic&utm_campaign=GHA_Blackpool%20South%20Promenade&WT.tsrc=GHA_Organic
Blackpool,"Blackpool FC Stadium Hotel, a member of Radisson Individuals","Seasiders Way, Bloomfield Rd, Blackpool FY1 6JJ, UK",01253 401953,https://www.radissonhotels.com/en-us/hotels/radisson-individuals-blackpool-fc-stadium?cid=a:se+b:gmb+c:emea+i:local+e:ri+d:ukirwe+h:GBLPLFCH
Blackpool,Travelodge Blackpool South Shore,"Seasiders Way, Blackpool FY1 6JJ, UK",0371 984 6351,https://www.travelodge.co.uk/hotels/357/blackpool-south-shore-hotel?utm_source=google&utm_medium=GHA_Organic&utm_campaign=GHA_Blackpool%20South%20Shore&WT.tsrc=GHA_Organic
Ipswich,Novotel Ipswich Centre,"Grey Friars Rd, Ipswich IP1 1UP, UK",01473 232400,https://all.accor.com/lien_externe.svlt?goto=fiche_hotel&code_hotel=0995&merchantid=seo-maps-GB-0995&sourceid=aw-cen&utm_medium=seo%20maps&utm_source=google%20Maps&utm_campaign=seo%20maps
Ipswich,Holiday Inn Ipswich - Orwell by IHG,"The Havens 2, Ipswich IP3 9SJ, UK",0333 320 9331,https://www.ihg.com/holidayinn/hotels/gb/en/ipswich/ipwea/hoteldetail?cm_mmc=GoogleMaps-_-HI-_-GB-_-IPWEA
Ipswich,Premier Inn Ipswich Town Centre (Quayside) hotel,"33 Key St, Ipswich IP4 1BZ, UK",0333 321 9285,https://www.premierinn.com/gb/en/hotels/england/suffolk/ipswich/ipswich-town-centre-quayside.html?cid=GLBC_IPSKEY
Ipswich,Holiday Inn Ipswich by IHG,"London Rd, Ipswich IP2 0UA, UK",0333 320 9330,https://www.ihg.com/holidayinn/hotels/gb/en/ipswich/ipwwe/hoteldetail?cm_mmc=GoogleMaps-_-HI-_-GB-_-IPWWE
Ipswich,Travelodge Ipswich,"15 Duke St, Ipswich IP3 0AE, UK",0871 984 6329,https://www.travelodge.co.uk/hotels/558/Ipswich-hotel?utm_source=google&utm_medium=GHA_Organic&utm_campaign=GHA_Ipswich&WT.tsrc=GHA_Organic
Ipswich,Premier Inn Ipswich South East hotel,"3 Augusta Cl, Ipswich IP3 9SS, UK",0333 003 1742,https://www.premierinn.com/gb/en/hotels/england/suffolk/ipswich/ipswich-south-east.html?cid=GLBC_IPSSWA
Ipswich,Premier Inn Ipswich (Chantry Park) hotel,"Old, Hadleigh Rd, Ipswich IP8 3AR, UK",0333 003 1738,https://www.premierinn.com/gb/en/hotels/england/suffolk/ipswich/ipswich-chantry-park.html?cid=GLBC_IPSBEA
Ipswich,Premier Inn Ipswich South hotel,"Bourne Hill, Ipswich IP2 8ND, UK",0333 003 1741,https://www.premierinn.com/gb/en/hotels/england/suffolk/ipswich/ipswich-south.html?cid=GLBC_IPSOYS
Ipswich,Best Western Ipswich Hotel,"London Rd, Copdock, Ipswich IP8 3JD, UK",01473 209988,http://www.hotelipswich.co.uk/
Ipswich,Premier Inn Ipswich North hotel,"Paper Mill Ln, Claydon, Ipswich IP6 0BE, UK",0333 003 1739,https://www.premierinn.com/gb/en/hotels/england/suffolk/ipswich/ipswich-north.html?cid=GLBC_IPSMTI
Ipswich,Best Western Claydon Hotel,"16-18 Ipswich Rd, Claydon, Ipswich IP6 0AR, UK",01473 830382,https://www.hotelsipswich.com/
Ipswich,Travelodge Ipswich Beacon Hill,"Beacon Hill, Norwich Rd, Coddenham, Needham Market, Ipswich IP6 8LP, UK",01449 723276,https://www.travelodge.co.uk/hotels/37/ipswich-beacon-hill-hotel?utm_source=google&utm_medium=GHA_Organic&utm_campaign=GHA_Ipswich%20Beacon%20Hill&WT.tsrc=GHA_Organic
Ipswich,Travelodge Ipswich Central,"2-6 Russell Rd, Ipswich IP1 2BE, UK",0871 987 0900,https://www.travelodge.co.uk/hotels/700/Ipswich-Central-hotel
Ipswich,Travelodge Ipswich Capel St Mary,"A12 Southbound, Capel St Mary, Ipswich IP9 2JP, UK",0871 984 6042,https://www.travelodge.co.uk/hotels/38/ipswich-capel-st-mary-hotel?utm_source=google&utm_medium=GHA_Organic&utm_campaign=GHA_Ipswich%20Capel%20St%20Mary&WT.tsrc=GHA_Organic
Ipswich,Best Western Gatehouse Hotel,"799 Old Norwich Rd, Ipswich IP1 6LH, UK",0333 003 4131,https://www.bestwestern.co.uk/hotels/best-western-gatehouse-hotel-83883?utm_source=google_places&utm_medium=organic&utm_campaign=Best_Western_Gatehouse_Hotel
Middlesbrough,Premier Inn Middlesbrough Town Centre hotel,"Wilson St, Middlesbrough TS1 1AE, UK",0333 234 6599,https://www.premierinn.com/gb/en/hotels/englahttps://www.premierinn.com/gb/en/hotels/england/north-yorkshire/middlesbrough/middlesbrough-town-centre.html?cid=GLBC_MIDTOW
Middlesbrough,Holiday Inn Express Middlesbrough - Centre Square by IHG,"Former Cook And Endeavour House, House, Albert Rd, Middlesbrough TS1 2PA, UK",01642 917113,https://www.ihg.com/holidayinnexpress/hotels/gb/en/middlesbrough/mcsuk/hoteldetail?cm_mmc=GoogleMaps-_-EX-_-GB-_-MCSUK
Middlesbrough,Premier Inn Middlesbrough Central (James Cook Hospital) hotel,"Marton Rd, Middlesbrough TS4 3BS, UK",0333 321 1327,https://www.premierinn.com/gb/en/hotels/england/north-yorkshire/middlesbrough/middlesbrough-central-south.html?cid=GLBC_MIDTOB
Middlesbrough,Travelodge Middlesbrough,"106A Newport Rd., Middlesbrough TS1 5JF, UK",0371 984 6375,https://www.travelodge.co.uk/hotels/371/middlesbrough-hotel?utm_source=google&utm_medium=GHA_Organic&utm_campaign=GHA_Middlesbrough&WT.tsrc=GHA_Organic
Middlesbrough,Hampton by Hilton Stockton on Tees,"Church Rd, Stockton-on-Tees TS18 1TW, UK",01642 432520,https://www.hilton.com/en/hotels/mmekthx-hampton-stockton-on-tees/?SEO_id=GMB-EMEA-HX-MMEKTHX
Middlesbrough,Premier Inn Wolviston/Wynyard hotel,"Coal Ln, Wolviston, Stockton-on-Tees, Billingham TS22 5PZ, UK",0333 321 9052,https://www.premierinn.com/gb/en/hotels/england/county-durham/stockton-on-tees/stockton-on-teeshartlepool.html?cid=GLBC_STOBAR
Middlesbrough,Premier Inn Stockton-on-Tees (Teesside) hotel,"Whitewater Wy, Stockton-on-Tees TS17 6QB, UK",0333 321 9054,https://www.premierinn.com/gb/en/hotels/england/county-durham/stockton-on-tees/stockton-on-teesmiddlesbrough.html?cid=GLBC_MIDTAL
Middlesbrough,Premier Inn Stockton-On-Tees (Preston Farm) hotel,"Yarm Rd, Stockton-on-Tees TS18 3RT, UK",0333 321 9053,https://www.premierinn.com/gb/en/hotels/england/county-durham/stockton-on-tees/stockton-on-tees-west.html?cid=GLBC_STOPRE
Middlesbrough,Best Western Parkmore Hotel & Leisure Club,"Tees Valley House, 636 Yarm Rd, Stockton-on-Tees TS16 0DH, UK",0333 003 4268,https://www.bestwestern.co.uk/hotels/best-western-parkmore-hotel-leisure-club-83106?utm_source=google_places&utm_medium=organic&utm_campaign=Best_Western_Parkmore_Hotel_&_Leisure_Club
Gloucester,Premier Inn Gloucester (Quayside) hotel,"Bakers Quay, St Ann Way, Gloucester GL1 5BQ, UK",0330 135 9036,https://www.premierinn.com/gb/en/hotels/england/gloucestershire/gloucester/gloucester-quayside.html?cid=GLBC_GLOQUA
Gloucester,Travelodge Gloucester,"Gloucester Quays, St Ann Way, Gloucester GL1 5SF, UK",0800 640 3667,https://www.travelodge.co.uk/hotels/395/gloucester-hotel?utm_source=google&utm_medium=GHA_Organic&utm_campaign=GHA_Gloucester&WT.tsrc=GHA_Organic
Gloucester,Holiday Inn Express Gloucester - South by IHG,"Waterwells Business Park, Quedgeley, Gloucester GL2 2AB, UK",0371 902 1544,https://www.ihg.com/holidayinnexpress/hotels/gb/en/gloucester/glcuk/hoteldetail?cm_mmc=GoogleMaps-_-EX-_-GB-_-GLCUK
Gloucester,Holiday Inn Gloucester - Cheltenham by IHG,"Crest Way, Barnwood, Gloucester GL4 3RX, UK",01452 933700,https://www.ihg.com/holidayinn/hotels/gb/en/gloucester/glcea/hoteldetail?cm_mmc=GoogleMaps-_-HI-_-GB-_-GLCEA
Gloucester,Premier Inn Gloucester (Barnwood) hotel,"Centre Seven, Gloucester GL4 3HR, UK",0333 003 1674,https://www.premierinn.com/gb/en/hotels/england/gloucestershire/gloucester/gloucester-barnwood.html?cid=GLBC_GLOWHE
Gloucester,Premier Inn Gloucester (Longford) hotel,"Tewkesbury Rd, Gloucester GL2 9BE, UK",0333 003 1677,https://www.premierinn.com/gb/en/hotels/england/gloucestershire/gloucester/gloucester-longford.html?cid=GLBC_GLOLON
Gloucester,ibis Hotel Gloucester,"Sawmills End, Corinium Ave, A417, Barnwood, Gloucester GL4 3DG, UK",01452 623650,https://all.accor.com/lien_externe.svlt?goto=fiche_hotel&code_hotel=6900&merchantid=seo-maps-GB-6900&sourceid=aw-cen&utm_medium=seo+maps&utm_source=google+Maps&utm_campaign=seo+maps&y_source=1_MTMwMTE3NjYtNzE1LWxvY2F0aW9uLndlYnNpdGU%3D
Gloucester,Mercure Gloucester Bowden Hall Hotel,"Bondend Ln, Upton St Leonards, Gloucester GL4 8ED, UK",01452 255012,https://all.accor.com/lien_externe.svlt?goto=fiche_hotel&code_hotel=8322&merchantid=seo-maps-GB-8322&sourceid=aw-cen&utm_medium=seo%20maps&utm_source=google%20Maps&utm_campaign=seo%20maps
Gloucester,Premier Inn Gloucester (Little Witcombe) hotel,"Ermin Wy, Gloucester GL3 4SS, UK",0333 003 1676,https://www.premierinn.com/gb/en/hotels/england/gloucestershire/gloucester/gloucester-little-witcombe.html?cid=GLBC_GLOTWE
Gloucester,Premier Inn Gloucester Business Park hotel,"Whittle Wy, Brockworth, Gloucester GL3 4AJ, UK",0333 003 1679,https://www.premierinn.com/gb/en/hotels/england/gloucestershire/gloucester/gloucester-business-park.html?cid=GLBC_GLOWHI
Gloucester,Ramada by Wyndham Cheltenham,"Gloucester Road, Cheltenham GL51 0ST, UK",01452 533101,https://www.wyndhamhotels.com/en-uk/ramada/cheltenham-united-kingdom/ramada-cheltenham/overview
Exeter,Courtyard by Marriott Exeter Sandy Park,"Sandy Park Way, Exeter EX2 7NN, UK",01392 890999,https://www.marriott.com/en-us/hotels/extcy-courtyard-exeter-sandy-park/overview/?scid=f2ae0541-1279-4f24-b197-a979c79310b0
Exeter,Holiday Inn Express Exeter - City Centre by IHG,"Tudor St, Exeter EX4 3FL, UK",0371 902 1590,https://www.ihg.com/holidayinnexpress/hotels/gb/en/exeter/extcc/hoteldetail?cm_mmc=GoogleMaps-_-EX-_-GB-_-EXTCC
Exeter,Premier Inn Exeter City Centre hotel,"2 Southernhay Gardens, Exeter EX1 1SG, UK",0333 321 9068,https://www.premierinn.com/gb/en/hotels/england/devon/exeter/exeter-city-centre.html?cid=GLBC_EXESOU
Exeter,Travelodge Exeter M5,"Moto Service Area, Sandygate Roundabout, Exeter EX2 7HF, UK",0871 984 6228,https://www.travelodge.co.uk/hotels/87/exeter-m5-hotel?utm_source=google&utm_medium=GHA_Organic&utm_campaign=GHA_Exeter%20M5&WT.tsrc=GHA_Organic
Exeter,Holiday Inn Express Exeter East by IHG,"Business Park, Guardian Rd, Exeter EX1 3PE, UK",0371 902 1611,https://www.ihg.com/holidayinnexpress/hotels/gb/en/exeter/exeuk/hoteldetail?cm_mmc=GoogleMaps-_-EX-_-GB-_-EXEUK
Exeter,Premier Inn Exeter Central St Davids hotel,"Bonhay Rd, Exeter EX4 4BG, UK",0333 321 9216,https://www.premierinn.com/gb/en/hotels/england/devon/exeter/exeter-central-st-davids.html?cid=GLBC_EXESTD
Exeter,Mercure Exeter Southgate Hotel,"Southernhay E, Exeter EX1 1QF, UK",01392 412812,https://all.accor.com/lien_externe.svlt?goto=fiche_hotel&code_hotel=6624&merchantid=seo-maps-GB-6624&sourceid=aw-cen&utm_medium=seo%20maps&utm_source=google%20Maps&utm_campaign=seo%20maps
Exeter,Premier Inn Exeter (M5 J29) hotel,"Fitzroy Rd, Exeter EX1 3LJ, UK",0333 321 9332,https://www.premierinn.com/gb/en/hotels/england/devon/exeter/exeter-m5-j29.html?cid=GLBC_EXEHON
Exeter,Premier Inn Exeter (Countess Wear) hotel,"398 Topsham Rd, Exeter EX2 6HE, UK",0333 777 7933,https://www.premierinn.com/gb/en/hotels/england/devon/exeter/exeter-countess-wear.html?cid=GLBC_EXECOU
Exeter,Best Western Lord Haldon Country Hotel,"Dunchideock, Exeter EX6 7YF, UK",01392 832483,https://www.lordhaldonhotel.co.uk/
Exeter,Premier Inn Exmouth Seafront hotel,"The Esplanade, Exmouth EX8 2AZ, UK",0333 321 9294,https://www.premierinn.com/gb/en/hotels/england/devon/exmouth/exmouth-seafront.html?cid=GLBC_EXESEA
Exeter,Hampton by Hilton Exeter Airport,"Exeter Airport, Exeter EX5 2LJ, UK",01392 348348,https://www.hilton.com/en/hotels/extaphx-hampton-exeter-airport/?SEO_id=GMB-EMEA-HX-EXTAPHX
Solihull,Crowne Plaza Solihull by IHG,"61 Homer Rd, Solihull B91 3QD, UK",0121 623 9988,https://www.ihg.com/crowneplaza/hotels/gb/en/solihull/bhxsl/hoteldetail?cm_mmc=GoogleMaps-_-CP-_-GB-_-BHXSL
Solihull,Premier Inn Solihull Town Centre hotel,"68 Station Rd, Solihull B91 3RX, UK",0333 321 9272,https://www.premierinn.com/gb/en/hotels/england/west-midlands/solihull/solihull-town-centre.html?cid=GLBC_SOLSTA
Solihull,Village Hotel Solihull,"The Green Business Park, Dog Kennel Ln, Shirley, Solihull B90 4JG, UK",0333 006 5222,https://www.village-hotels.co.uk/hotels/solihull
Solihull,Premier Inn Solihull South (M42) hotel,"Stratford Rd, Solihull B90 4EP, UK",0871 527 8986,https://www.premierinn.com/gb/en/hotels/england/west-midlands/solihull/solihull-south-m42.html?cid=GLBC_SOLPLO
Solihull,Travelodge Solihull,"Sapphire Court, Streetsbrook Rd, Solihull B91 1RD, UK",0871 984 6540,https://www.travelodge.co.uk/hotels/649/Solihull-hotel?utm_source=google&utm_medium=GHA_Organic&utm_campaign=GHA_Solihull&WT.tsrc=GHA_Organic
Solihull,Ramada by Wyndham Birmingham Solihull,"The Square, Solihull, Birmingham B91 3RF, UK",0121 711 2121,https://www.wyndhamhotels.com/en-uk/ramada/solihull-united-kingdom/ramada-birmingham-solihull/overview?CID=LC:wmcic5n98gs1g0r:15805&iata=00093796
Solihull,Hilton Garden Inn Birmingham Airport,"Concorde Rd, Birmingham B26 3RY, UK",0121 289 4555,https://www.hilton.com/en/hotels/bhxbigi-hilton-garden-inn-birmingham-airport/?SEO_id=GMB-EMEA-GI-BHXBIGI
Solihull,Travelodge Birmingham Airport,"Falcon Way, Marston Green, Birmingham B26 3RF, UK",0121 782 9892,https://www.travelodge.co.uk/hotels/519/Birmingham-Airport-hotel?utm_source=google&utm_medium=GHA_Organic&utm_campaign=GHA_Birmingham%20Airport&WT.tsrc=GHA_Organic
Solihull,Premier Inn Balsall Common (Near Nec) hotel,"112 Kenilworth Rd, Balsall Common, Coventry CV7 7EX, UK",0333 777 3676,https://www.premierinn.com/gb/en/hotels/england/west-midlands/balsall-common/balsall-common-near-nec.html?cid=GLBC_BALSHA
Solihull,Holiday Inn Birmingham Airport - Nec by IHG,"Coventry Rd, Birmingham B26 3QW, UK",0121 780 6700,https://www.ihg.com/holidayinn/hotels/gb/en/birmingham/bhxap/hoteldetail?cm_mmc=GoogleMaps-_-HI-_-GB-_-BHXAP
Solihull,Premier Inn Solihull Hockley Heath M42,"Stratford Rd, Hockley Heath, Solihull B94 6NX, UK",0333 321 8869,https://www.premierinn.com/gb/en/hotels/england/west-midlands/solihull/solihull-hockley-heath-m42.html?cid=GLBC_SOLBAR
Solihull,Premier Inn Birmingham NEC Airport hotel,"Bickenhill Parkway, Bickenhill Pkwy, Marston Green, Birmingham B40 1QA, UK",0333 777 3911,https://www.premierinn.com/gb/en/hotels/england/west-midlands/birmingham/birmingham-necairport.html?cid=GLBC_BIRPLI
Solihull,ibis Birmingham Airport - NEC,"Ambassador Rd, Birmingham B26 3AW, UK",0121 619 9001,https://all.accor.com/lien_externe.svlt?goto=fiche_hotel&code_hotel=6359&merchantid=seo-maps-GB-6359&sourceid=aw-cen&utm_medium=seo%20maps&utm_source=google%20Maps&utm_campaign=seo%20maps
Colchester,Premier Inn Colchester (A12) hotel,"Ipswich Rd, Ardleigh, Colchester CO4 9WP, UK",0333 777 4623,https://www.premierinn.com/gb/en/hotels/england/essex/colchester/colchester-a12.html?cid=GLBC_COLBAL
Colchester,Premier Inn Colchester Town Centre (Castle) hotel,"St Peter's St, Colchester CO1 1EW, UK",0333 321 9352,https://www.premierinn.com/gb/en/hotels/england/essex/colchester/colchester-town-centre-castle.html?cid=GLBC_COLSTP
Colchester,Holiday Inn Colchester by IHG,"Abbotts Ln, Eight Ash Green, Colchester CO6 3QL, UK",0333 320 9326,https://www.ihg.com/holidayinn/hotels/gb/en/colchester/stnco/hoteldetail?cm_mmc=GoogleMaps-_-HI-_-GB-_-STNCO
Colchester,Best Western The Rose and Crown Hotel,"East St, Colchester CO1 2TZ, UK",01206 866677,https://www.roseandcrowncolchester.co.uk/?utm_source=gmb&utm_medium=website&utm_campaign=button
Colchester,Holiday Inn Express Colchester by IHG,"A12 (Southbound Shell Garage, Birchwood Road Off, Ipswich Rd, Dedham, Colchester CO7 6HS, UK",01206 321510,https://www.ihg.com/holidayinnexpress/hotels/gb/en/essex/stndc/hoteldetail?cm_mmc=GoogleMaps-_-EX-_-GB-_-STNDC
Colchester,Travelodge Colchester Feering,"A12 London Road Northbound, A12 London Road Northbound, Feering, Colchester CO5 9EL, UK",0871 984 6029,https://www.travelodge.co.uk/hotels/27/colchester-feering-hotel?utm_source=google&utm_medium=GHA_Organic&utm_campaign=GHA_Colchester%20Feering&WT.tsrc=GHA_Organic
Colchester,Travelodge Colchester Northern Gateway,"Unit 12, Northern Gateway Leisure Park, United Way, Colchester CO4 5UP, UK",0871 984 8484,https://www.travelodge.co.uk/hotels/701/Colchester-Northern-Gateway-hotel?utm_source=google&utm_medium=GHA_Organic&utm_campaign=GHA_Colchester%20Northern%20Gateway
Colchester,Premier Inn Clacton-on-Sea (North/Colchester Road) hotel,"Crown Green Roundabout, Colchester Rd, Weeley, Clacton-on-Sea CO16 9AD, UK",0333 777 3651,https://www.premierinn.com/gb/en/hotels/england/essex/clacton-on-sea/clacton-on-sea-northcolchester-road.html?cid=GLBC_CLABOW
Colchester,Crowne Plaza Hotels & Resorts Colchester - Five Lakes,"Colchester Rd, Maldon CM9 8HX, UK",01621 868888,https://www.ihg.com/crowneplaza/hotels/gb/en/maldon/sencp/hoteldetail?cm_mmc=GoogleMaps-_-CP-_-GB-_-SENCP
Cheltenham,Premier Inn Cheltenham Town Centre hotel,"The Brewery, Cheltenham GL50 4FA, UK",,https://www.premierinn.com/gb/en/hotels/england/gloucestershire/cheltenham/cheltenham-town-centre.html?cid=GLBC_CHETOW
Cheltenham,DoubleTree by Hilton Cheltenham-Cotswolds,"Cirencester Rd, Charlton Kings, Cheltenham GL53 8EA, UK",01242 222021,https://www.hilton.com/en/hotels/glochdi-doubletree-cheltenham-cotswolds/?SEO_id=GMB-EMEA-DI-GLOCHDI
Cheltenham,Holiday Inn Express Cheltenham Town Centre by IHG,"33 Dunalley St, Cheltenham GL50 4AP, UK",01242 548200,https://www.ihg.com/holidayinnexpress/hotels/gb/en/cheltenham/glcch/hoteldetail?cm_mmc=GoogleMaps-_-EX-_-GB-_-GLCCH
Cheltenham,Premier Inn Cheltenham Central (West/A40) hotel,"374 Gloucester Rd, Cheltenham GL51 7AY, UK",0333 777 4533,https://www.premierinn.com/gb/en/hotels/england/gloucestershire/cheltenham/cheltenham-central-westa40.html?cid=GLBC_CHETGI
Cheltenham,Premier Inn Cheltenham North West hotel,"Tewkesbury Rd, Cheltenham GL51 9SL, UK",0333 777 4535,https://www.premierinn.com/gb/en/hotels/england/gloucestershire/cheltenham/cheltenham-north-west.html?cid=GLBC_CHECRO
Cheltenham,Travelodge Cheltenham,"Hatherley Ln, Golden Valley, Cheltenham GL51 6TA, UK",0871 984 6202,https://www.travelodge.co.uk/hotels/84/cheltenham-hotel?utm_source=google&utm_medium=GHA_Organic&utm_campaign=GHA_Cheltenham&WT.tsrc=GHA_Organic
Gateshead,Travelodge Gateshead,"Clasper Way, Swalwell, Newcastle upon Tyne NE16 3BE, UK",0871 984 6283,https://www.travelodge.co.uk/hotels/283/gateshead-hotel?utm_source=google&utm_medium=GHA_Organic&utm_campaign=GHA_Gateshead&WT.tsrc=GHA_Organic
Gateshead,Premier Inn Newcastle (Team Valley) hotel,"Maingate Kingsway North, Gateshead NE11 0BE, UK",0333 321 1341,https://www.premierinn.com/gb/en/hotels/england/tyne-and-wear/newcastle/newcastle-team-valley.html?cid=GLBC_NEWTEA
Gateshead,Travelodge Newcastle Quayside,"Riverview, Close, Newcastle upon Tyne NE1 3BE, UK",0871 984 6524,https://www.travelodge.co.uk/hotels/633/Newcastle-Quayside-hotel?utm_source=google&utm_medium=GHA_Organic&utm_campaign=GHA_Newcastle_Quayside
High Wycombe,Hampton by Hilton High Wycombe,"Handy Cross Roundabout, Marlow Hill, High Wycombe HP11 1UP, UK",01494 972900,https://www.hilton.com/en/hotels/hycomhx-hampton-high-wycombe/?SEO_id=GMB-EMEA-HX-HYCOMHX
High Wycombe,"Holiday Inn High Wycombe M40, Jct. 4","Handy Cross Roundabout, High Wycombe HP11 1TL, UK",01494 972100,https://www.ihg.com/holidayinn/hotels/gb/en/high-wycombe/hycbk/hoteldetail?cm_mmc=GoogleMaps-_-HI-_-GB-_-HYCBK
High Wycombe,Premier Inn High Wycombe Central hotel,"Arch Way, High Wycombe HP13 5HL, UK",0333 321 9249,https://www.premierinn.com/gb/en/hotels/england/buckinghamshire/high-wycombe/high-wycombe-central.html?cid=GLBC_HIGCEN
High Wycombe,Travelodge High Wycombe Central,"Abbey Way, High Wycombe HP11 2DU, UK",01494 526784,https://www.travelodge.co.uk/hotels/535/High-Wycombe-hotel?utm_source=google&utm_medium=GHA_Organic&utm_campaign=GHA_High%20Wycombe&WT.tsrc=GHA_Organic
High Wycombe,Premier Inn High Wycombe / Beaconsfield hotel,"Thanstead Farm, London Rd, Loudwater, High Wycombe HP10 9YL, UK",0333 003 1724,https://www.premierinn.com/gb/en/hotels/england/buckinghamshire/high-wycombe/high-wycombe-beaconsfield.html?cid=GLBC_HIGPAP
High Wycombe,Crowne Plaza Marlow by IHG,"Fieldhouse Ln, Marlow SL7 1GJ, UK",01628 496800,https://www.ihg.com/crowneplaza/hotels/gb/en/marlow/fhlbk/hoteldetail?cm_mmc=GoogleMaps-_-CP-_-GB-_-FHLBK
High Wycombe,ibis budget Beaconsfield,"M40, J2 Services, Hedgerley Ln, Burtley Wood, Beaconsfield HP9 2SE, UK",01494 680929,https://all.accor.com/lien_externe.svlt?goto=fiche_hotel&code_hotel=6598&merchantid=seo-maps-GB-6598&sourceid=aw-cen&utm_medium=seo%20maps&utm_source=google%20Maps&utm_campaign=seo%20maps
High Wycombe,Travelodge Marlow,"Fieldhouse Ln, Marlow SL7 1BU, UK",0871 984 6553,https://www.travelodge.co.uk/hotels/661/Marlow-hotel?utm_source=google&utm_medium=GHA_Organic&utm_campaign=GHA_Marlow&WT.tsrc=GHA_Organic
High Wycombe,Crowne Plaza Gerrards Cross by IHG,"Oxford Rd, Beaconsfield HP9 2XE, UK",01753 893891,https://www.ihg.com/crowneplaza/hotels/gb/en/buckinghamshire/hyccp/hoteldetail?cm_mmc=GoogleMaps-_-CP-_-GB-_-HYCCP
High Wycombe,Premier Inn Aylesbury hotel,"Buckingham Rd, Aylesbury HP19 9QL, UK",0333 777 3673,https://www.premierinn.com/gb/en/hotels/england/buckinghamshire/aylesbury/aylesbury.html?cid=GLBC_AYLHOR
Blackburn,Hampton by Hilton Blackburn,"2 Frontier Ave, Blackburn BB1 3AL, UK",01254 946060,https://www.hilton.com/en/hotels/manubhx-hampton-blackburn/?SEO_id=GMB-EMEA-HX-MANUBHX
Blackburn,Premier Inn Blackburn Town Centre hotel,"3 Cathedral Square, Blackburn BB1 1EP, UK",0333 321 3081,https://www.premierinn.com/gb/en/hotels/england/lancashire/blackburn/blackburn-town-centre.html?cid=GLBC_BLABUR
Blackburn,Best Western Hotel 99,"21-23 Mincing Ln, Blackburn BB2 2EB, UK",01254 919134,https://www.bwhotel99.co.uk/
Blackburn,Mercure Blackburn Dunkenhalgh Hotel & Spa,"Blackburn Rd, Clayton-le-Moors, Blackburn BB5 5JP, UK",01254 303400,https://all.accor.com/lien_externe.svlt?goto=fiche_hotel&code_hotel=6617&merchantid=seo-maps-GB-6617&sourceid=aw-cen&utm_medium=seo%20maps&utm_source=google%20Maps&utm_campaign=seo%20maps
Blackburn,"Holiday Inn Express Preston - South, an IHG Hotel","Reedfield Pl, Walton Summit Rd, Walton Summit Centre, Preston PR5 8AA, UK",01772 289700,https://www.ihg.com/holidayinnexpress/hotels/gb/en/preston/xptps/hoteldetail?cm_mmc=GoogleMaps-_-EX-_-GB-_-XPTPS
Blackburn,Travelodge Blackburn M65,"Darwen Motorway Service Area Commercial Road M65 Motorway, Darwen BB3 0DB, UK",0871 984 6122,https://www.travelodge.co.uk/hotels/114/blackburn-m65-hotel?utm_source=google&utm_medium=GHA_Organic&utm_campaign=GHA_Blackburn%20M65&WT.tsrc=GHA_Organic
Blackburn,"Premier Inn Blackburn South (M65, J4) hotel","Off Riversway Dr, Eccleshill Rd, Lower Darwen, Darwen BB3 0SN, UK",0333 777 3917,https://www.premierinn.com/gb/en/hotels/england/lancashire/blackburn/blackburn-south-m65-j4.html?cid=GLBC_BLABRE
Blackburn,Premier Inn Preston South (Craven Drive) hotel,"Lostock Ln, Bamber Bridge, Preston PR5 6BZ, UK",0333 321 8339,https://www.premierinn.com/gb/en/hotels/england/lancashire/preston/preston-south-craven-drive.html?cid=GLBC_PREBAR
Blackburn,Premier Inn Burnley hotel,"Queen Victoria Rd, Burnley BB10 3EF, UK",0333 777 3968,https://www.premierinn.com/gb/en/hotels/england/lancashire/burnley/burnley.html?cid=GLBC_BURQUE
Blackburn,"Holiday Inn Express Burnley M65, JCT.10 by IHG","55 Pendle Way, Burnley BB12 0TJ, UK",01282 855955,https://www.ihg.com/holidayinnexpress/hotels/gb/en/burnley/btnbl/hoteldetail?cm_mmc=GoogleMaps-_-EX-_-GB-_-BTNBL
Blackburn,Premier Inn Preston East hotel,"East Link Rd, Bluebell Way, Preston PR2 5PZ, UK",0333 321 8336,https://www.premierinn.com/gb/en/hotels/england/lancashire/preston/preston-east.html?cid=GLBC_PRENOR
Maidstone,Premier Inn Maidstone Town Centre hotel,"5-11 London Rd, Maidstone ME16 8HR, UK",0333 321 9287,https://www.premierinn.com/gb/en/hotels/england/kent/maidstone/maidstone-town-centre.html?cid=GLBC_MAILON
Maidstone,Mercure Maidstone Great Danes Hotel,"Hollingbourne, Maidstone ME17 1RE, UK",01622 528565,https://all.accor.com/lien_externe.svlt?goto=fiche_hotel&code_hotel=8353&merchantid=seo-maps-GB-8353&sourceid=aw-cen&utm_medium=seo%20maps&utm_source=google%20Maps&utm_campaign=seo%20maps
Maidstone,Village Hotel Maidstone,"Castle View, Forstal Rd, Maidstone ME14 3AQ, UK",0333 006 5222,https://www.village-hotels.co.uk/hotels/maidstone/?utm_source=google&utm_medium=organic&utm_campaign=maidstone-gmb
Maidstone,Travelodge Maidstone Central,"Saint Peters Wharf Retail Park, St Peter's St, Maidstone ME16 0SR, UK",0871 984 6442,https://www.travelodge.co.uk/hotels/414/maidstone-central-hotel?utm_source=google&utm_medium=GHA_Organic&utm_campaign=GHA_Maidstone%20Central&WT.tsrc=GHA_Organic
Maidstone,Premier Inn Maidstone (Allington) hotel,"London Rd, Maidstone ME16 0HG, UK",0333 321 1286,https://www.premierinn.com/gb/en/hotels/england/kent/maidstone/maidstone-allington.html?cid=GLBC_MAISIR
Maidstone,Premier Inn Maidstone (Sandling) hotel,"Museum Of Kent, Lock Ln, Maidstone ME14 3AU, UK",0333 321 1288,https://www.premierinn.com/gb/en/hotels/england/kent/maidstone/maidstone-sandling.html?cid=GLBC_MAIMAL
Maidstone,Days Inn by Wyndham Maidstone,"Roadchef Motorway Svc Area, Maidstone ME17 1SS, UK",0808 175 4928,https://www.wyndhamhotels.com/en-uk/days-inn/hollingbourne-united-kingdom/days-inn-maidstone/overview?CID=LC:iqv0j1dklijly45:40510&iata=00093796
Maidstone,Premier Inn Maidstone (A26/Wateringbury) hotel,"103 Tonbridge Rd, Wateringbury, Maidstone ME18 5NS, UK",0333 321 1289,https://www.premierinn.com/gb/en/hotels/england/kent/maidstone/maidstone-a26wateringbury.html?cid=GLBC_MAIWAT
Maidstone,Holiday Inn Maidstone - Sevenoaks,"London Road Wrotham Heath, Wrotham Heath, Sevenoaks TN15 7RS, UK",01732 756900,https://www.ihg.com/holidayinn/hotels/gb/en/sevenoaks/maike/hoteldetail?cm_mmc=GoogleMaps-_-HI-_-GB-_-MAIKE
Maidstone,Premier Inn Maidstone (West Malling) hotel,"Castle Way, Leybourne, West Malling ME19 5TR, UK",0333 321 1287,https://www.premierinn.com/gb/en/hotels/england/kent/maidstone/maidstone-leybourne.html?cid=GLBC_MAICAS
Maidstone,Travelodge Medway M2,"Motorway Junction 4-5, M2, Rainham, Gillingham ME8 8PQ, UK",0871 984 6198,https://www.travelodge.co.uk/hotels/53/medway-m2-hotel?utm_source=google&utm_medium=GHA_Organic&utm_campaign=GHA_Medway%20M2&WT.tsrc=GHA_Organic
Maidstone,Best Western Manor Hotel and Suites,"1 Hever Ct Rd, Singlewell, Gravesend DA12 5UQ, UK",01474 353100,https://www.bw-manorhotel.co.uk/
Maidstone,Holiday Inn Rochester - Chatham by IHG,"Maidstone Rd, Chatham, Rochester ME5 9SF, UK",0333 320 9347,https://www.ihg.com/holidayinn/hotels/gb/en/rochester/rcske/hoteldetail?cm_mmc=GoogleMaps-_-HI-_-GB-_-RCSKE
Basingstoke,Premier Inn Basingstoke Town Centre hotel,"Victoria St, Basingstoke RG21 3BT, UK",0333 321 9356,https://www.premierinn.com/gb/en/hotels/england/hampshire/basingstoke/basingstoke-town-centre.html?cid=GLBC_BASBAR
Basingstoke,Village Hotel Basingstoke,"Plot W, Basing View, Basingstoke RG21 4EQ, UK",0333 006 5222,https://www.village-hotels.co.uk/hotels/basingstoke/
Basingstoke,Holiday Inn Basingstoke by IHG,"Grove Rd, Basingstoke RG21 3EE, UK",01256 856900,https://www.ihg.com/holidayinn/hotels/gb/en/basingstoke/bbshp/hoteldetail?cm_mmc=GoogleMaps-_-HI-_-GB-_-BBSHP
Basingstoke,Premier Inn Basingstoke West (Churchill Way) hotel,"Basingstoke Leisure Park, Worting Rd, Basingstoke RG22 6PG, UK",0333 777 3686,https://www.premierinn.com/gb/en/hotels/england/hampshire/basingstoke/basingstoke-west-churchill-way.html?cid=GLBC_BASSPR
Basingstoke,Crowne Plaza Basingstoke by IHG,"Old Common Rd, Black Dam Way, Basingstoke RG21 3PR, UK",01256 460460,https://www.ihg.com/crowneplaza/hotels/gb/en/basingstoke/xqbbs/hoteldetail?cm_mmc=GoogleMaps-_-CP-_-GB-_-XQBBS
Basingstoke,Travelodge Basingstoke,"Stag & Hounds, Winchester Rd, Basingstoke RG22 6HN, UK",0871 984 6009,https://www.travelodge.co.uk/hotels/9/basingstoke-hotel?utm_source=google&utm_medium=GHA_Organic&utm_campaign=GHA_Basingstoke&WT.tsrc=GHA_Organic
Basingstoke,Premier Inn Newbury Town Centre South (A339) hotel,"Centre, Pinchington Ln, Faraday Road, Hilton, Greenham, Newbury RG14 7HL, UK",,https://www.premierinn.com/gb/en/hotels/england/berkshire/newbury/newbury-town-centre-south-a339.html?cid=GLBC_NEWPIN
Basingstoke,Days Inn Winchester M3,"Moto, J8/9, Service Area, M3, Winchester SO21 1PP, UK",01962 791135,https://hotels.welcomebreak.co.uk/hotel/days-inn-winchester-m3/
Crawley,Premier Inn Gatwick Crawley Town (Goff's Park) hotel,"45 Goffs Park Rd, Crawley RH11 8AX, UK",0333 777 7279,https://www.premierinn.com/gb/en/hotels/england/west-sussex/crawley/gatwick-crawley-town-goffs-park.html?cid=GLBC_GATGOF
Crawley,Travelodge Crawley,"Pegler Way, Crawley RH10 1GE, UK",,https://www.travelodge.co.uk/hotels/583/Crawley-hotel?utm_source=google&utm_medium=GHA_Organic&utm_campaign=GHA_Crawley&WT.tsrc=GHA_Organic
Crawley,Premier Inn Gatwick Crawley Town West hotel,"Crawley Ave, Crawley RH10 8BA, UK",0333 777 7276,https://www.premierinn.com/gb/en/hotels/england/west-sussex/crawley/gatwick-crawley-town-west.html?cid=GLBC_GATPLI
Crawley,Holiday Inn London Gatwick - Worth by IHG,"Crabbet Park, Turners Hill Rd, Worth, Crawley RH10 4SS, UK",01293 884806,https://www.ihg.com/holidayinn/hotels/gb/en/crawley/lgwwo/hoteldetail?cm_mmc=GoogleMaps-_-HI-_-GB-_-LGWWO
Crawley,"Stanhill Court Hotel, a member of Radisson Individuals","Stan Hill, Charlwood, Horley RH6 0EP, UK",01293 862166,https://www.radissonhotels.com/en-us/hotels/radisson-individuals-stanhill-court?cid=a:se+b:gmb+c:emea+i:local+e:ri+d:ukirwe+h:GBCAWAAA
Crawley,Crowne Plaza London - Gatwick Airport,"Crowne Plaza Hotel, Langley Dr, Crawley RH11 7SX, UK",01293 608608,https://www.ihg.com/crowneplaza/hotels/gb/en/crawley/lgwuk/hoteldetail
Crawley,Premier Inn London Gatwick Airport East (Balcombe Road) hotel,"1066 Balcombe Rd, Pound Hill, Crawley RH10 3NL, UK",0871 527 8410,https://www.premierinn.com/gb/en/hotels/england/west-sussex/crawley/london-gatwick-airport-east-balcombe-road.html?cid=GLBC_CRATHE
Crawley,Ramada by Wyndham Crawley Gatwick,"56-58 High St, Crawley RH10 1BS, UK",01293 524215,https://www.wyndhamhotels.com/en-uk/ramada/crawley-united-kingdom/ramada-crawley-gatwick/overview?CID=LC:wmcic5n98gs1g0r:45383&iata=00093796
Crawley,ibis Styles London Gatwick Airport,"London Road, County Oak, Crawley, Gatwick RH10 9GY, UK",01293 590300,https://all.accor.com/lien_externe.svlt?goto=fiche_hotel&code_hotel=1889&merchantid=seo-maps-GB-1889&sourceid=aw-cen&utm_medium=seo%20maps&utm_source=google%20Maps&utm_campaign=seo%20maps
Crawley,Travelodge Gatwick Airport Central,"Povey Cross Rd, Horley, Gatwick RH6 0BE, UK",020 3195 4542,https://www.travelodge.co.uk/hotels/517/Gatwick-Airport-Central-hotel?utm_source=google&utm_medium=GHA_Organic&utm_campaign=GHA_Gatwick%20Airport%20Central&WT.tsrc=GHA_Organic
Crawley,Premier Inn London Gatwick Airport (Manor Royal) hotel,"Crawley Business Quarter, Fleming Way, Crawley RH10 9DF, UK",0871 527 9214,https://www.premierinn.com/gb/en/hotels/england/west-sussex/crawley/london-gatwick-airport-manor-royal.html?cid=GLBC_GATASE
Crawley,Premier Inn London Gatwick Airport South (London Road) hotel,"London Rd, Lowfield Heath, Crawley RH10 9ST, UK",0871 527 8408,https://www.premierinn.com/gb/en/hotels/england/west-sussex/crawley/london-gatwick-airport-south-london-road.html?cid=GLBC_GATGAT
Crawley,Radisson RED London Gatwick Airport,"Church Rd, Lowfield Heath, Crawley RH11 0PQ, UK",020 4537 8672,https://www.radissonhotels.com/en-us/hotels/radisson-red-london-gatwick-airport?cid=a:se+b:gmb+c:emea+i:local+e:rdr+d:ukirwe+h:GBGWRAIR
Crawley,Premier Inn London Gatwick Airport (A23 Airport Way) hotel,"Airport, Longbridge Way, Horley, Gatwick RH6 0NX, UK",0871 527 8406,https://www.premierinn.com/gb/en/hotels/england/west-sussex/crawley/london-gatwick-airport-a23-airport-way.html?cid=GLBC_GATMTI
Crawley,Travelodge East Grinstead,"2 Little King St, East Grinstead RH19 3DJ, UK",0871 559 1884,https://www.travelodge.co.uk/hotels/607/East-Grinstead-hotel?utm_source=google&utm_medium=GHA_Organic&utm_campaign=GHA_East_Grinstead
Crawley,Courtyard by Marriott London Gatwick Airport,"Buckingham Gate London Gatwick Airport, Horley, Gatwick RH6 0NT, UK",01293 566300,https://www.marriott.com/en-us/hotels/lgwcy-courtyard-london-gatwick-airport/overview/?scid=f2ae0541-1279-4f24-b197-a979c79310b0
Crawley,Hilton London Gatwick Airport,"South Terminal, Airport, Horley, Gatwick RH6 0LL, UK",01293 518080,https://www.hilton.com/en/hotels/gathitw-hilton-london-gatwick-airport/?SEO_id=GMB-EMEA-TW-GATHITW
Crawley,Holiday Inn London - Gatwick Airport by IHG,"Surrey, Povey Cross Rd, Horley, Gatwick RH6 0BA, UK",01293 907900,https://www.ihg.com/holidayinn/hotels/gb/en/gatwick/lgwap/hoteldetail?cm_mmc=GoogleMaps-_-HI-_-GB-_-LGWAP
Crawley,Hampton by Hilton London Gatwick Airport,"North Terminal, Longbridge House, Horley, Gatwick RH6 0PJ, UK",01293 579999,https://www.hilton.com/en/hotels/longnhx-hampton-london-gatwick-airport/?SEO_id=GMB-EMEA-HX-LONGNHX
Crawley,Premier Inn London Gatwick Airport (North Terminal) hotel,"North Terminal, Northway, Horley, Gatwick RH6 0GQ, UK",0871 527 9354,https://www.premierinn.com/gb/en/hotels/england/west-sussex/crawley/london-gatwick-airport-north-terminal.html?cid=GLBC_GATTHY
Chelmsford,Premier Inn Chelmsford City Centre hotel,"Victoria Rd, Chelmsford CM1 1NY, UK",,https://www.premierinn.com/gb/en/hotels/england/essex/chelmsford/chelmsford-city-centre.html?cid=GLBC_CHECIT
Chelmsford,Travelodge Chelmsford,"128-136 Parkway, Chelmsford CM2 7GY, UK",0871 984 6379,https://www.travelodge.co.uk/hotels/384/chelmsford-hotel?utm_source=google&utm_medium=GHA_Organic&utm_campaign=GHA_Chelmsford&WT.tsrc=GHA_Organic
Chelmsford,Premier Inn Chelmsford (Springfield) hotel,"Chelmsford Service Area, Colchester Rd, Springfield, Chelmsford CM2 5PY, UK",0333 777 4525,https://www.premierinn.com/gb/en/hotels/england/essex/chelmsford/chelmsford-springfield.html?cid=GLBC_CHEMTI
Chelmsford,Best Western Atlantic Hotel,"New St, Chelmsford CM1 1PP, UK",01245 268168,https://www.atlantichotelchelmsford.co.uk/
Chelmsford,Premier Inn Chelmsford (Boreham) hotel,"Main Rd, Boreham, Chelmsford CM3 3HJ, UK",0871 527 8220,https://www.premierinn.com/gb/en/hotels/england/essex/chelmsford/chelmsford-boreham.html?cid=GLBC_CHEGRA
Chelmsford,Holiday Inn Basildon,"Festival Leisure Park, Waterfront Walk, Basildon SS14 3DG, UK",0371 942 9003,http://www.ihg.com/holidayinn/hotels/gb/en/basildon/senes/hoteldetail
Chelmsford,Holiday Inn London Brentwood by IHG,"Brook St, Brentwood CM14 5NF, UK",0371 942 9012,https://www.ihg.com/holidayinn/hotels/gb/en/brentwood/brdwd/hoteldetail?cm_mmc=GoogleMaps-_-HI-_-GB-_-BRDWD
Chelmsford,Premier Inn Brentwood hotel,"House, 169 Kings Rd, Brentwood CM14 4EG, UK",0333 777 3943,https://www.premierinn.com/gb/en/hotels/england/essex/brentwood/brentwood.html?cid=GLBC_BREBAR
Chelmsford,Holiday Inn Express Braintree by IHG,"Notley Cross, Panners Roundabout, Notley Cross, Braintree CM77 7AB, UK",0333 320 9359,https://www.ihg.com/holidayinnexpress/hotels/gb/en/braintree/wxfbt/hoteldetail?cm_mmc=GoogleMaps-_-EX-_-GB-_-WXFBT
Chelmsford,Premier Inn Braintree (Freeport Village) hotel,"Fowlers Farm, Cressing Rd, Cressing, Braintree CM77 8DH, UK",0333 777 3942,https://www.premierinn.com/gb/en/hotels/england/essex/braintree/braintree-freeport-village.html?cid=GLBC_BRABAR
Chelmsford,Premier Inn Basildon (Festival Park) hotel,"Festival Leisure Park, Pipps Hill Rd N, Basildon SS14 3WB, UK",0333 777 3683,https://www.premierinn.com/gb/en/hotels/england/essex/basildon/basildon-festival-park.html?cid=GLBC_BASQUA
Preston,Holiday Inn Preston by IHG,"The Ringway, Preston PR1 3AU, UK",01772 567000,https://www.ihg.com/holidayinn/hotels/gb/en/preston/pstlc/hoteldetail?cm_mmc=GoogleMaps-_-HI-_-GB-_-PSTLC
Preston,Travelodge Preston Central,"Preston Farmers Offices, Preston PR1 5JG, UK",0871 984 6150,https://www.travelodge.co.uk/hotels/305/preston-central-hotel?utm_source=google&utm_medium=GHA_Organic&utm_campaign=GHA_Preston%20Central&WT.tsrc=GHA_Organic
Preston,Premier Inn Preston Central hotel,"Fox St, Preston PR1 2AB, UK",0333 321 8335,https://www.premierinn.com/gb/en/hotels/england/lancashire/preston/preston-central.html?cid=GLBC_PRECEN
Preston,Premier Inn Preston North hotel,"Garstang Rd, Preston PR3 0RN, UK",0333 321 8337,https://www.premierinn.com/gb/en/hotels/england/lancashire/preston/preston-north.html?cid=GLBC_PREROE
Preston,Travelodge Preston North,"398 Garstang Rd, Broughton, Preston PR3 5JE, UK",0871 984 6605,https://www.travelodge.co.uk/hotels/730/Preston-North-hotel?utm_source=google&utm_medium=GHA_Organic&utm_campaign=GHA_Preston%20North
Preston,Travelodge Preston Chorley,"472 Preston Rd, Clayton Brook, Clayton-le-Woods, Chorley PR6 7JB, UK",0871 984 6172,https://www.travelodge.co.uk/hotels/170/preston-chorley-hotel?utm_source=google&utm_medium=GHA_Organic&utm_campaign=GHA_Preston%20Chorley&WT.tsrc=GHA_Organic
Walthamstow,Holiday Inn Express London Chingford-Nth Circular by IHG,"5 Walthamstow Ave, London E4 8ST, UK",0371 902 1619,https://www.ihg.com/holidayinnexpress/hotels/gb/en/london/loncf/hoteldetail?cm_mmc=GoogleMaps-_-EX-_-GB-_-LONCF
Walthamstow,Travelodge London Walthamstow,"2 Station Approach, London E17 9QF, UK",0871 559 1857,https://www.travelodge.co.uk/hotels/580/London-Walthamstow-hotel?utm_source=google&utm_medium=GHA_Organic&utm_campaign=GHA_London%20Walthamstow&WT.tsrc=GHA_Organic
Walthamstow,London Chigwell Prince Regent Hotel | Signature Collection by Best Western,"Manor Rd, Woodford, Chigwell, Woodford Green IG8 8AE, UK",0330 028 3418,http://www.chigwellprinceregent.co.uk/
Walthamstow,Premier Inn London Tottenham Hale hotel,"Station Rd, London N17 9LR, UK",0333 234 6596,https://www.premierinn.com/gb/en/hotels/england/greater-london/london/london-tottenham-hale.html?cid=GLBC_LONTOT
Walthamstow,Premier Inn London Edmonton hotel,"Advent Way, London N18 3AF, UK",0333 321 9296,https://www.premierinn.com/gb/en/hotels/england/greater-london/london/london-edmonton.html?cid=GLBC_LONEDM
Walthamstow,Premier Inn Loughton/Buckhurst Hill hotel,"High Rd, Buckhurst Hill IG9 5HT, UK",0333 321 1279,https://www.premierinn.com/gb/en/hotels/england/essex/loughton/loughtonbuckhurst-hill.html?cid=GLBC_LOUBAR
Walthamstow,Best Western Ilford,"3-5 Argyle Rd, Ilford IG1 3BQ, UK",0333 003 4168,https://www.bestwestern.co.uk/hotels/best-western-ilford-83919?utm_source=google_places&utm_medium=organic&utm_campaign=Best_Western_Ilford
Walthamstow,"The Gantry London, Curio Collection by Hilton","40 Celebration Ave, East Village, London E20 1DB, UK",020 4549 7600,https://www.hilton.com/en/hotels/longaqq-the-gantry-london/?SEO_id=GMB-EMEA-QQ-LONGAQQ
Walthamstow,Best Western Greater London Hotel,"60 Cranbrook Rd, Cranbrook, Ilford IG1 4NH, UK",020 8514 0444,http://www.bestwesterngreaterlondon.com/
Walthamstow,ibis London Stratford,"1A Romford Rd, London E15 4LJ, UK",020 4581 9400,https://all.accor.com/lien_externe.svlt?goto=fiche_hotel&code_hotel=3099&merchantid=seo-maps-GB-3099&sourceid=aw-cen&utm_medium=seo%20maps&utm_source=google%20Maps&utm_campaign=seo%20maps
Walthamstow,Travelodge London Snaresbrook,"73 Hollybush Hill, London E11 1PE, UK",0871 559 1845,https://www.travelodge.co.uk/hotels/483/london-snaresbrook-hotel?utm_source=google&utm_medium=GHA_Organic&utm_campaign=GHA_London%20Snaresbrook&WT.tsrc=GHA_Organic
Walthamstow,Travelodge London Chigwell,"735 Chigwell Rd, Woodford, Woodford Green IG8 8AS, UK",0871 559 1815,https://www.travelodge.co.uk/hotels/454/london-chigwell-hotel?utm_source=google&utm_medium=GHA_Organic&utm_campaign=GHA_London%20Chigwell&WT.tsrc=GHA_Organic
Walthamstow,Premier Inn London Stratford hotel,"9, International Square, Westfield stratford city, Montfichet Rd, London E20 1EE, UK",0333 321 9225,https://www.premierinn.com/gb/en/hotels/england/greater-london/london/london-stratford.html?cid=GLBC_LONSTR
Basildon,Premier Inn Basildon (East Mayne) hotel,"Felmores, E Mayne, Basildon SS13 1BW, UK",0333 777 3682,https://www.premierinn.com/gb/en/hotels/england/essex/basildon/basildon-east-mayne.html?cid=GLBC_BASWAT
Basildon,Premier Inn Basildon South hotel,"High Rd, Fobbing, Stanford-le-Hope SS17 9NR, UK",0333 777 3685,https://www.premierinn.com/gb/en/hotels/england/essex/basildon/basildon-south.html?cid=GLBC_BASHAY
Basildon,Travelodge Basildon,"Festival Way, Basildon SS14 3WB, UK",0871 984 6008,https://www.travelodge.co.uk/hotels/7/basildon-hotel?utm_source=google&utm_medium=GHA_Organic&utm_campaign=GHA_Basildon&WT.tsrc=GHA_Organic
Basildon,Holiday Inn Express London - Dartford by IHG,"University Way, Dartford DA1 5PA, UK",0371 902 1606,https://www.ihg.com/holidayinnexpress/hotels/gb/en/dartford/dfbuk/hoteldetail?cm_mmc=GoogleMaps-_-EX-_-GB-_-DFBUK
Basildon,Best Western The Thurrock Hotel,"Ship Ln, Aveley, Purfleet-on-Thames, Purfleet RM19 1YN, UK",0333 003 5275,https://www.bestwestern.co.uk/hotels/best-western-thurrock-hotel-84245?utm_source=google_places&utm_medium=organic&utm_campaign=Best_Western_Thurrock_Hotel
Basildon,DoubleTree by Hilton Dartford Bridge,"Crossways Business Park, Masthead Cl, Dartford DA2 6QF, UK",01322 284444,https://www.hilton.com/en/hotels/gatdbdi-doubletree-dartford-bridge/?SEO_id=GMB-EMEA-DI-GATDBDI
Basildon,Travelodge Basildon Wickford,"Runwell Rd, Wickford SS11 7QJ, UK",0871 559 1802,https://www.travelodge.co.uk/hotels/441/basildon-wickford-hotel?utm_source=google&utm_medium=GHA_Organic&utm_campaign=GHA_Basildon%20Wickford&WT.tsrc=GHA_Organic
Basildon,Premier Inn Thurrock West hotel,"Stonehouse Ln, West Thurrock, Purfleet-on-Thames, Purfleet RM19 1NS, UK",0333 321 9083,https://www.premierinn.com/gb/en/hotels/england/essex/thurrock/thurrock-west.html?cid=GLBC_THUPTI
Basildon,Premier Inn Thurrock East hotel,"Unicorn Estate, Fleming Rd, Chafford Hundred, Grays RM16 6YJ, UK",0333 321 9079,https://www.premierinn.com/gb/en/hotels/england/essex/thurrock/thurrock-east.html?cid=GLBC_THUCHA
Basildon,Premier Inn Dartford hotel,"The Bridge Business Park, Halcrow Ave, Dartford DA1 5FX, UK",0333 321 9251,https://www.premierinn.com/gb/en/hotels/england/kent/dartford/dartford.html?cid=GLBC_DARBRI
Basildon,ibis London Thurrock M25,"Weston Ave, West Thurrock, Grays, Essex RM20 3JQ, UK",01708 686000,https://all.accor.com/lien_externe.svlt?goto=fiche_hotel&code_hotel=2176&merchantid=seo-maps-GB-2176&sourceid=aw-cen&utm_medium=seo%20maps&utm_source=google%20Maps&utm_campaign=seo%20maps
Basildon,Travelodge Brentwood East Horndon,"A127, A127, West Horndon, Brentwood CM13 3LL, UK",0871 984 6016,https://www.travelodge.co.uk/hotels/17/brentwood-east-horndon-hotel?utm_source=google&utm_medium=GHA_Organic&utm_campaign=GHA_Brentwood%20East%20Horndon&WT.tsrc=GHA_Organic
Dartford,Travelodge Dartford,"Charles St, Greenhithe, Dartford DA9 9AP, UK",0871 984 6025,https://www.travelodge.co.uk/hotels/23/dartford-hotel?utm_source=google&utm_medium=GHA_Organic&utm_campaign=GHA_Dartford&WT.tsrc=GHA_Organic
Dartford,Mercure Dartford Brands Hatch Hotel & Spa,"Brands Hatch, West Kingsdown, Dartford DA3 8PE, UK",01474 854900,https://all.accor.com/lien_externe.svlt?goto=fiche_hotel&code_hotel=A0I7&merchantid=seo-maps-GB-A0I7&sourceid=aw-cen&utm_medium=seo%20maps&utm_source=google%20Maps&utm_campaign=seo%20maps
Dartford,Travelodge Dartford Crossing,"Crossways Business Park, 1 Clipper Blvd W, Dartford DA2 6QN, UK",0871 987 0903,https://www.travelodge.co.uk/hotels/720/Dartford-Crossing-hotel?utm_source=google&utm_medium=GHA_Organic&utm_campaign=GHA_Dartford%20Crossing
Dartford,Premier Inn Swanley hotel,"London Rd, Swanley BR8 7QD, UK",0333 321 9226,https://www.premierinn.com/gb/en/hotels/england/kent/swanley/swanley.html?cid=GLBC_SWANLE
Dartford,Premier Inn London Bexleyheath hotel,"51 Albion Rd, Bexleyheath DA6 7AR, UK",0333 321 9372,https://www.premierinn.com/gb/en/hotels/england/greater-london/london/london-bexleyheath.html?cid=GLBC_LONBLE
Dartford,Premier Inn London Rainham hotel,"New Rd, Rainham RM13 9ED, UK",0333 321 8343,https://www.premierinn.com/gb/en/hotels/england/greater-london/london/london-rainham.html?cid=GLBC_RAIWIL
Dartford,Holiday Inn London - Bexley,"Black Prince Interchange, Southwold Rd, Bexley DA5 1ND, UK",01322 464900,http://holidayinn.com/londonbexley
Dartford,Premier Inn London Sidcup hotel,"101-108 Station Rd, Sidcup DA15 7BS, UK",0333 234 6539,https://www.premierinn.com/gb/en/hotels/england/greater-london/london/london-sidcup.html?cid=GLBC_LONSID
Dartford,Bexley Village Hotel,"57-59 Bexley High St, Bexley DA5 1AB, UK",01322 555011,https://www.bexleyvillagehotel.com/
Dartford,Premier Inn London Orpington hotel,"83, The Walnuts, Orpington BR6 0TW, UK",0333 234 6591,https://www.premierinn.com/gb/en/hotels/england/greater-london/london/london-orpington.html?cid=GLBC_LONORP
Dartford,Travelodge Gravesend hotel,"Coldharbour Rd, Northfleet, Gravesend DA11 8AB, UK",0871 984 6527,https://www.travelodge.co.uk/hotels/637/Gravesend-hotel?utm_campaign=GHA_Gravesend&utm_medium=GHA_Organic&utm_source=google
Dartford,Mercure Thurrock Stifford Hall,"High Rd, North Stifford, Grays RM16 5UE, UK",01708 719988,https://all.accor.com/lien_externe.svlt?goto=fiche_hotel&code_hotel=C0W4&merchantid=seo-maps-GB-C0W4&sourceid=aw-cen&utm_medium=seo%20maps&utm_source=google%20Maps&utm_campaign=seo%20maps
Bedford,Premier Inn Bedford Town Centre (Riverside) hotel,"Riverside Square, Bedford MK40 1AS, UK",0333 234 6520,https://www.premierinn.com/gb/en/hotels/england/bedfordshire/bedford/bedford-town-centre-riverside.html?cid=GLBC_BEDTOW
Bedford,Holiday Inn Express Bedford by IHG,"Elstow Interchange, Bypass Junction, A6, A421, Bedford MK42 9BF, UK",0371 902 1602,https://www.ihg.com/holidayinnexpress/hotels/gb/en/bedford/xqdbf/hoteldetail?cm_mmc=GoogleMaps-_-EX-_-GB-_-XQDBF
Bedford,Mercure Bedford Centre Hotel,"2 St Mary's St, Bedford MK42 0AR, UK",01234 799988,https://all.accor.com/lien_externe.svlt?goto=fiche_hotel&code_hotel=B541&merchantid=seo-maps-GB-B541&sourceid=aw-cen&utm_medium=seo%20maps&utm_source=google%20Maps&utm_campaign=seo%20maps
Bedford,Premier Inn Bedford (Priory Marina) hotel,"Priory Country Park, Barker's Lane, Bedford MK41 9DJ, UK",0333 777 3687,https://www.premierinn.com/gb/en/hotels/england/bedfordshire/bedford/bedford-priory-marina.html?cid=GLBC_BEDPRI
Bedford,Premier Inn Bedford South (A421) hotel,"Fletcher Rd, Kempston, Bedford MK42 7FY, UK",0333 321 9301,https://www.premierinn.com/gb/en/hotels/england/bedfordshire/bedford/bedford-south-a421.html?cid=GLBC_BEDMAR
Bedford,Travelodge Bedford,"Heights, Brickhill Dr, Bedford MK41 7PH, UK",0871 984 6276,https://www.travelodge.co.uk/hotels/273/bedford-hotel?utm_source=google&utm_medium=GHA_Organic&utm_campaign=GHA_Bedford&WT.tsrc=GHA_Organic
Bedford,Travelodge Bedford Marston Moretaine,"Junction A421, Beancroft Rd, Marston Moretaine, Bedford MK43 0PZ, UK",0871 984 6011,https://www.travelodge.co.uk/hotels/11/bedford-marston-moretaine-hotel?utm_source=google&utm_medium=GHA_Organic&utm_campaign=GHA_Bedford%20Marston%20Moretaine&WT.tsrc=GHA_Organic
Bedford,Travelodge Bedford Goldington Road,"403 Goldington Rd, Bedford MK41 0DS, UK",0871 559 1804,https://www.travelodge.co.uk/hotels/443/bedford-goldington-road-hotel?utm_source=google&utm_medium=GHA_Organic&utm_campaign=GHA_Bedford%20Goldington%20Road&WT.tsrc=GHA_Organic
Doncaster,Premier Inn Doncaster Central (High Fishergate) hotel,"High Fisher Gate, Doncaster DN1 1QZ, UK",0333 777 4645,https://www.premierinn.com/gb/en/hotels/england/south-yorkshire/doncaster/doncaster-central-high-fishergate.html?cid=GLBC_DONTAB
Doncaster,Premier Inn Doncaster (Lakeside) hotel,"Wilmington Dr, Doncaster DN4 5PJ, UK",0333 777 4643,https://www.premierinn.com/gb/en/hotels/england/south-yorkshire/doncaster/doncaster-lakeside.html?cid=GLBC_DONLAK
Doncaster,Hilton Garden Inn Doncaster Racecourse,"Leger Way, Doncaster DN2 6BB, UK",01302 986888,https://www.hilton.com/en/hotels/dsadrgi-hilton-garden-inn-doncaster-racecourse/?SEO_id=GMB-EMEA-GI-DSADRGI
Doncaster,"Holiday Inn Doncaster A1 (M), JCT.36","High Rd, Warmsworth, Doncaster DN4 9UX, UK",01302 799988,https://www.ihg.com/holidayinn/hotels/gb/en/doncaster/dsaww/hoteldetail?cm_mmc=GoogleMaps-_-HI-_-GB-_-DSAWW
Doncaster,Mercure Doncaster Centre Danum Hotel,"Danum Hotel, High St, Doncaster DN1 1DN, UK",01302 342261,https://www.mercuredanum.co.uk/
Doncaster,Premier Inn Doncaster Central East hotel,"Doncaster Lesuire Park, Herten Way, Doncaster DN4 7NW, UK",0333 777 4648,https://www.premierinn.com/gb/en/hotels/england/south-yorkshire/doncaster/doncaster-central-east.html?cid=GLBC_DONCHE
Doncaster,Holiday Inn Express Doncaster Hotel,"First Point, Business Park, Bullrush Grove, Balby, Doncaster DN4 8SJ, UK",01302 314100,http://www.hiexdoncaster.co.uk/
Doncaster,Travelodge Doncaster,"A1, Carcroft, Doncaster DN6 8LR, UK",01380 727723,https://www.travelodge.co.uk/hotels/124/doncaster-hotel?utm_source=google&utm_medium=GHA_Organic&utm_campaign=GHA_Doncaster&WT.tsrc=GHA_Organic
Doncaster,Travelodge Doncaster Lakeside,"Lakeside Blvd, Doncaster DN4 5PL, UK",0871 984 6492,https://www.travelodge.co.uk/hotels/534/Doncaster-Lakeside-hotel?utm_source=google&utm_medium=GHA_Organic&utm_campaign=GHA_Doncaster%20Lakeside&WT.tsrc=GHA_Organic
Doncaster,Best Western Premier Doncaster Mount Pleasant Hotel,"Great N Rd, Rossington, Doncaster DN11 0HW, UK",01302 868696,https://www.bestwestern.co.uk/hotels/best-western-premier-mount-pleasant-hotel-83733?utm_source=google_places&utm_medium=organic&utm_campaign=Best_Western_Premier_Mount_Pleasant_Hotel
Doncaster,Travelodge Doncaster M18 and M180,"Junction 5, M18, Hatfield, Doncaster DN8 5GS, UK",0871 984 6132,https://www.travelodge.co.uk/hotels/125/Doncaster-M18-M180-hotel?utm_source=google&utm_medium=GHA_Organic&utm_campaign=GHA_Doncaster%20M18-M180
Doncaster,Holiday Inn Express Rotherham - North by IHG,"Express Park, Manvers Way, Wath upon Dearne, Rotherham S63 7EQ, UK",01709 760666,https://www.ihg.com/holidayinnexpress/hotels/gb/en/rotherham/emamw/hoteldetail?cm_mmc=GoogleMaps-_-EX-_-GB-_-EMAMW
Doncaster,Ramada Encore by Wyndham Doncaster Airport,"First Ave, Finningley, Doncaster DN9 3GP, UK",0330 440 7800,https://www.wyndhamhotels.com/en-uk/ramada/doncaster-united-kingdom/ramada-encore-doncaster-airport/overview?CID=LC:wmcic5n98gs1g0r:16373&iata=00093796
Worthing,Travelodge Worthing Seafront,"86-95 Marine Parade, Worthing BN11 3QD, UK",020 3195 4648,https://www.travelodge.co.uk/hotels/389/worthing-seafront-hotel?utm_source=google&utm_medium=GHA_Organic&utm_campaign=GHA_Worthing%20Seafront&WT.tsrc=GHA_Organic
Worthing,Premier Inn Worthing Seafront hotel,"127 Marine Parade, Worthing BN11 3FN, UK",0333 321 9369,https://www.premierinn.com/gb/en/hotels/england/west-sussex/worthing/worthing-seafront.html?cid=GLBC_WORMAR
Worthing,Premier Inn Littlehampton hotel,"Roundstone Ln, East Preston, Littlehampton BN16 1EB, UK",0333 321 1095,https://www.premierinn.com/gb/en/hotels/england/west-sussex/littlehampton/littlehampton.html?cid=GLBC_LITROU
Worthing,Premier Inn Arundel hotel,"Crossbush Ln, Arundel BN18 9PQ, UK",0333 777 3665,https://www.premierinn.com/gb/en/hotels/england/west-sussex/arundel/arundel.html?cid=GLBC_ARUCRO
Worthing,Travelodge Littlehampton Rustington,"Worthing Rd, Littlehampton BN17 6LE, UK",0871 984 6045,https://www.travelodge.co.uk/hotels/41/littlehampton-rustington-hotel?utm_source=google&utm_medium=GHA_Organic&utm_campaign=GHA_Littlehampton%20Rustington&WT.tsrc=GHA_Organic
Rotherham,Premier Inn Rotherham East (M18/M1) hotel,"Bawtry Rd, Rotherham S65 3JB, UK",0333 003 8101,https://www.premierinn.com/gb/en/hotels/england/south-yorkshire/rotherham/rotherham-east-m18m1.html?cid=GLBC_ROTBRE
Rotherham,Travelodge Rotherham Central,"Forge Island, Bridge St, Rotherham S60 1QJ, UK",,https://www.travelodge.co.uk/hotels/707/Rotherham-Central-hotel?utm_source=google&utm_medium=GHA_Organic&utm_campaign=GHA_Rotherham%20Central
Rotherham,Mercure Barnsley Tankersley Manor Hotel,"Church Ln, Tankersley, Barnsley S75 3DQ, UK",01226 744700,https://all.accor.com/lien_externe.svlt?goto=fiche_hotel&code_hotel=B4Y6&merchantid=seo-maps-GB-B4Y6&sourceid=aw-cen&utm_medium=seo%20maps&utm_source=google%20Maps&utm_campaign=seo%20maps
Rotherham,Premier Inn Barnsley (Dearne Valley) hotel,"Meadowgate, Dearne Valley Pkwy, Wombwell, Barnsley S73 0UN, UK",0333 777 3679,https://www.premierinn.com/gb/en/hotels/england/south-yorkshire/barnsley/barnsley-dearne-valley.html?cid=GLBC_BARBRE
Mansfield,Premier Inn Mansfield hotel,"Carter Ln E, South Normanton, Alfreton DE55 2DY, UK",0333 321 1319,https://www.premierinn.com/gb/en/hotels/england/derbyshire/mansfield/mansfield.html?cid=GLBC_MANCAS
Mansfield,Travelodge Mansfield Town Centre,"Gilcroft St, Mansfield NG18 1BG, UK",0871 984 6563,https://www.travelodge.co.uk/hotels/677/Mansfield-Town-Centre-hotel?utm_source=google&utm_medium=GHA_Organic&utm_campaign=GHA_Mansfield_Town_Centre
Mansfield,Holiday Inn Mansfield - Alfreton by IHG,"Carter Ln E, South Normanton, Alfreton DE55 2EH, UK",01773 812000,https://www.ihg.com/holidayinn/hotels/gb/en/alfreton/xqhma/hoteldetail?cm_mmc=GoogleMaps-_-HI-_-GB-_-XQHMA
Mansfield,Travelodge Mansfield,"Mansfield Rd, Sutton-in-Ashfield NG17 4HG, UK",01623 552919,https://www.travelodge.co.uk/hotels/292/mansfield-hotel?utm_source=google&utm_medium=GHA_Organic&utm_campaign=GHA_Mansfield&WT.tsrc=GHA_Organic
Mansfield,Premier Inn Ripley hotel,"Nottingham Rd, Ripley DE5 3QP, UK",0333 321 8447,https://www.premierinn.com/gb/en/hotels/england/derbyshire/ripley/ripley.html?cid=GLBC_RIPBUT
Mansfield,Days Inn by Wyndham Chesterfield Tibshelf,"Roadchef Motorway Svc Area, Newtonwood Ln, Newton, Alfreton DE55 5SZ, UK",0808 175 4935,https://www.wyndhamhotels.com/en-uk/days-inn/tibshelf-united-kingdom/days-inn-chesterfield-tibshelf/overview?CID=LC:iqv0j1dklijly45:40551&iata=00093796
Mansfield,Premier Inn Worksop hotel,"Rhodesia, Ryton View, Worksop S80 3GN, UK",0333 003 8101,https://www.premierinn.com/gb/en/hotels/england/nottinghamshire/worksop/worksop.html?cid=GLBC_WORHIG
Eastbourne,Premier Inn Eastbourne Town Centre hotel,"Terminus Rd, Eastbourne BN21 3DF, UK",0333 321 9323,https://www.premierinn.com/gb/en/hotels/england/east-sussex/eastbourne/eastbourne-town-centre.html?cid=GLBC_EASTER
Eastbourne,Premier Inn Eastbourne hotel,"Willingdon Drove, Eastbourne BN23 8AL, UK",0333 777 4676,https://www.premierinn.com/gb/en/hotels/england/east-sussex/eastbourne/eastbourne.html?cid=GLBC_EASMIL
Eastbourne,Best Western York House Hotel,"14-22 Royal Parade, Eastbourne BN22 7AP, UK",01323 412918,http://www.yorkhousehotel.co.uk/
Eastbourne,Premier Inn Eastbourne Polegate,"Hailsham Rd, Eastbourne, Polegate BN26 6QL, UK",0333 777 4677,https://www.premierinn.com/gb/en/hotels/england/east-sussex/eastbourne/eastbourne-polegate.html?cid=GLBC_EASPOL
Eastbourne,Travelodge Eastbourne Willingdon Drove,"Highfield Park, Willingdon Drove, Eastbourne BN23 8AL, UK",0871 559 1820,https://www.travelodge.co.uk/hotels/459/eastbourne-willingdon-drove-hotel?utm_source=google&utm_medium=GHA_Organic&utm_campaign=GHA_Eastbourne%20Willingdon%20Drove&WT.tsrc=GHA_Organic
Oldham,Premier Inn Oldham Central hotel,"Westwood Leisure Park, Westwood Way, Chadderton Way, Oldham OL1 2NA, UK",0333 321 1382,https://www.premierinn.com/gb/en/hotels/england/greater-manchester/oldham/oldham-central.html?cid=GLBC_OLDBRE
Oldham,Holiday Inn Manchester - Oldham by IHG,"Ashton Rd, Bardsley, Oldham, Manchester OL8 3HX, UK",0161 785 5000,https://www.ihg.com/holidayinn/hotels/gb/en/manchester/mansm/hoteldetail?cm_mmc=GoogleMaps-_-HI-_-GB-_-MANSM
Oldham,Premier Inn Oldham (Broadway) hotel,"The Broadway, Chadderton, Oldham OL9 8DW, UK",0333 321 1381,https://www.premierinn.com/gb/en/hotels/england/greater-manchester/oldham/oldham-broadway.html?cid=GLBC_OLDWHI
Oldham,Travelodge Oldham Chadderton,"Burnley Ln, Chadderton, Oldham OL1 2QS, UK",0871 559 1836,https://www.travelodge.co.uk/hotels/475/oldham-chadderton-hotel?utm_source=google&utm_medium=GHA_Organic&utm_campaign=GHA_Oldham%20Chadderton&WT.tsrc=GHA_Organic
Oldham,Mercure Manchester Norton Grange Hotel & Spa,"Manchester Rd, Castleton, Rochdale OL11 2XZ, UK",01706 630788,https://www.nortongrangehotel.com/
Oldham,Village Hotel Hyde,"Captain Clarke Rd, Dukinfield, Hyde SK14 4QG, UK",0161 791 9960,https://www.village-hotels.co.uk/hotels/manchester-hyde/?utm_source=google&utm_medium=organic&utm_campaign=manchester-hyde-gmb
Oldham,Premier Inn Manchester Tameside (Hyde) hotel,"Stockport Rd, Mottram in Longdendale, Hyde SK14 3AU, UK",0333 321 1293,https://www.premierinn.com/gb/en/hotels/england/greater-manchester/manchester/manchester-tameside-hyde.html?cid=GLBC_MANOUT
Oldham,Premier Inn Rochdale hotel,"Newhey Rd, Newhey, Rochdale OL16 3SA, UK",0333 321 8449,https://www.premierinn.com/gb/en/hotels/england/greater-manchester/rochdale/rochdale.html?cid=GLBC_ROCTHE
Oldham,Village Hotel Manchester Ashton,"Pamir Drive, Ashton-under-Lyne OL7 0LY, UK",0333 006 5222,https://www.village-hotels.co.uk/hotels/manchester-ashton/?utm_source=google&utm_medium=organic&utm_campaign=manchester-ashton-gmb
Oldham,Premier Inn Manchester (Denton) hotel,"Alphagate Dr, Manchester Rd S, Denton, Manchester M34 3SH, UK",0333 321 1291,https://www.premierinn.com/gb/en/hotels/england/greater-manchester/manchester/manchester-denton.html?cid=GLBC_MANSTA
Oldham,Premier Inn Manchester (Heaton Park) hotel,"Middleton Rd, Manchester M8 4NB, UK",0333 321 1292,https://www.premierinn.com/gb/en/hotels/england/greater-manchester/manchester/manchester-heaton-park.html?cid=GLBC_MANPAR
Oldham,Travelodge Ashton Under Lyne,"Lord Sheldon Way, Audenshaw, Ashton-under-Lyne OL6 7UB, UK",0871 984 6284,https://www.travelodge.co.uk/hotels/284/ashton-under-lyne-hotel?utm_source=google&utm_medium=GHA_Organic&utm_campaign=GHA_Ashton%20under%20Lyne&WT.tsrc=GHA_Organic
Wigan,Holiday Inn Express Wigan by IHG,"Martland Mill, Martland Mill Ln, Wigan WN5 0LX, UK",01942 311311,https://www.ihg.com/holidayinnexpress/hotels/gb/en/wigan/xwiex/hoteldetail?cm_mmc=GoogleMaps-_-EX-_-GB-_-XWIEX
Wigan,Premier Inn Wigan Town Centre hotel,"Harrogate St, Wigan WN1 1BL, UK",0333 321 9349,https://www.premierinn.com/gb/en/hotels/england/greater-manchester/wigan/wigan-town-centre.html?cid=GLBC_WIGHAR
Wigan,"Premier Inn Wigan (M6, J25) hotel","Warrington Rd, Wigan WN3 6XB, UK",0333 321 9146,https://www.premierinn.com/gb/en/hotels/england/greater-manchester/wigan/wigan-m6-j25.html?cid=GLBC_WIGWHE
Wigan,"Park Hall Hotel and Spa Lancashire, a member of Radisson Individuals","Park Hall Rd, Charnock Richard, Preston PR7 5LP, UK",01257 754000,https://www.radissonhotels.com/en-us/hotels/radisson-individuals-parkhall-lancashire?cid=a:se+b:gmb+c:emea+i:local+e:ri+d:ukirwe+h:GBPREAAA
Wigan,Ramada Chorley South M6,"Welcome Break Charnock Richard, Service Area J27, 28, M6, Mill Ln, Charnock Richard, Chorley PR7 5LR, UK",01257 791746,https://hotels.welcomebreak.co.uk/hotel/ramada-chorley-south-m6/
Wigan,Travelodge Haydock St. Helens,"A580 Piele Rd, Haydock, Saint Helens WA11 9TL, UK",,https://www.travelodge.co.uk/hotels/135/haydock-st-helens-hotel?utm_source=google&utm_medium=GHA_Organic&utm_campaign=GHA_Haydock%20St.%20Helens&WT.tsrc=GHA_Organic
Wigan,Premier Inn St. Helens South hotel,"Eurolink, Saint Helens WA9 4TT, UK",0333 321 9022,https://www.premierinn.com/gb/en/hotels/england/merseyside/st-helens/st-helens-south.html?cid=GLBC_STHMIC
Sutton Coldfield,Premier Inn Birmingham North (Sutton Coldfield) hotel,"Whitehouse Common Rd, The Royal Town of Sutton Coldfield, Birmingham, Sutton Coldfield B75 6HD, UK",0333 777 3912,https://www.premierinn.com/gb/en/hotels/england/west-midlands/birmingham/birmingham-north-sutton-coldfield.html?cid=GLBC_BIRMIL
Sutton Coldfield,Travelodge Birmingham Sutton Coldfield,"Boldmere Rd, The Royal Town of Sutton Coldfield, Birmingham, Sutton Coldfield B73 5UP, UK",0871 984 6108,https://www.travelodge.co.uk/hotels/181/birmingham-sutton-coldfield-hotel?utm_source=google&utm_medium=GHA_Organic&utm_campaign=GHA_Birmingham%20Sutton%20Coldfield&WT.tsrc=GHA_Organic
Sutton Coldfield,Ramada by Wyndham Birmingham Sutton Coldfield,"Penns Ln, The Royal Town of Sutton Coldfield, Birmingham, Sutton Coldfield B76 1LH, UK",0121 351 3111,https://www.wyndhamhotels.com/en-uk/ramada/sutton-coldfield-united-kingdom/ramada-birmingham-sutton-coldfield/overview?CID=LC:RA::GGL:RIO:National:15806&iata=00093796
Lincoln,DoubleTree by Hilton Lincoln,"Brayford Wharf N, Lincoln LN1 1YW, UK",01522 565180,https://www.hilton.com/en/hotels/huylndi-doubletree-lincoln/?SEO_id=GMB-EMEA-DI-HUYLNDI
Lincoln,Holiday Inn Express Lincoln City Centre by IHG,"Brayford Enterprise Park, Ruston Way, Lincoln LN6 7DB, UK",0371 902 1617,https://www.ihg.com/holidayinnexpress/hotels/gb/en/lincoln/eamlc/hoteldetail?cm_mmc=GoogleMaps-_-EX-_-GB-_-EAMLC
Lincoln,Holiday Inn Lincoln by IHG,"Brayford Wharf N, Lincoln LN1 1YW, UK",0333 320 9338,https://www.ihg.com/holidayinn/hotels/gb/en/lincoln/eamln/hoteldetail?cm_mmc=GoogleMaps-_-HI-_-GB-_-EAMLN
Lincoln,Premier Inn Lincoln City Centre,"Broadgate, Lincoln LN2 5AQ, UK",0333 321 9305,https://www.premierinn.com/gb/en/hotels/england/lincolnshire/lincoln/lincoln-city-centre.html?cid=GLBC_LINBRO
Lincoln,Premier Inn Lincoln (Canwick) hotel,"Lincoln Rd, Lincoln LN4 2RF, UK",0333 321 1092,https://www.premierinn.com/gb/en/hotels/england/lincolnshire/lincoln/lincoln-canwick.html?cid=GLBC_LINMIL
Lincoln,Best Western Plus Bentley Hotel,"Newark Rd, South Hykeham, Lincoln LN6 9NH, UK",0333 003 4062,https://www.bestwestern.co.uk/hotels/best-western-plus-bentley-hotel-spa-83656?utm_source=google_places&utm_medium=organic&utm_campaign=lincoln
Lincoln,Travelodge Lincoln City Centre,"16 Tentercroft St, Lincoln LN5 7DB, UK",,https://www.travelodge.co.uk/hotels/648/Lincoln-City-Centre-hotel?utm_source=google&utm_medium=GHA_Organic&utm_campaign=GHA_Lincoln_City_Centre&WT.tsrc=GHA_Organic
Lincoln,Travelodge Lincoln Thorpe-on-the-Hill,"Thorpe on the Hill, Lincoln LN6 9AJ, UK",0871 984 6085,https://www.travelodge.co.uk/hotels/148/lincoln-thorpe-on-the-hill-hotel?utm_source=google&utm_medium=GHA_Organic&utm_campaign=GHA_Lincoln%20Thorpe%20on%20the%20Hill&WT.tsrc=GHA_Organic
Lincoln,Travelodge Sleaford,"A15 / A17, Sleaford Rd, SLEAFORD, NG34 8NP, UK",0871 984 6104,https://www.travelodge.co.uk/hotels/177/sleaford-hotel?utm_source=google&utm_medium=GHA_Organic&utm_campaign=GHA_Sleaford&WT.tsrc=GHA_Organic
Worcester,Premier Inn Worcester City Centre hotel,"County Ground, New Rd, Worcester WR2 4RL, UK",0333 321 9327,https://www.premierinn.com/gb/en/hotels/england/worcestershire/worcester/worcester-city-centre.html?cid=GLBC_WORCRI
Worcester,Travelodge Worcester,"Cathedral Plaza, 3 High St, Worcester WR1 2QS, UK",0800 640 3518,https://www.travelodge.co.uk/hotels/279/worcester-hotel?utm_source=google&utm_medium=GHA_Organic&utm_campaign=GHA_Worcester&WT.tsrc=GHA_Organic
Worcester,"Premier Inn Worcester (M5,Jct6) hotel","Wainwright Rd, Worcester WR4 9FA, UK",0333 321 9194,https://www.premierinn.com/gb/en/hotels/england/worcestershire/worcester/worcester-m5jct6.html?cid=GLBC_WORTHR
Worcester,Premier Inn Malvern hotel,"Townsend Way, Malvern WR14 1GD, UK",0333 321 9297,https://www.premierinn.com/gb/en/hotels/england/worcestershire/malvern/malvern.html?cid=GLBC_MALTOW
Worcester,Holiday Inn Express Droitwich Spa by IHG,"Worcester Rd, Wychbold, Droitwich WR9 7PA, UK",0371 902 1608,https://www.ihg.com/holidayinnexpress/hotels/gb/en/droitwich/dotwc/hoteldetail?cm_mmc=GoogleMaps-_-EX-_-GB-_-DOTWC
Worcester,Days Inn by Wyndham Tewkesbury Strensham,"Junction 8, M5, Northbound WR8 0BZ, UK",0808 175 4931,https://www.wyndhamhotels.com/en-uk/days-inn/strensham-united-kingdom/days-inn-tewkesbury-strensham/overview?CID=LC:iqv0j1dklijly45:40530&iata=00093796
Salford,Premier Inn Manchester Salford Media City hotel,"Blue, MediaCity UK, Salford M50 2AB, UK",0333 234 6548,https://www.premierinn.com/gb/en/hotels/england/greater-manchester/salford/manchester-salford-media-city.html?cid=GLBC_MANSAL
Salford,Premier Inn Manchester (Salford Quays) hotel,"11 The Quays, Salford, Manchester M50 3SQ, UK",0333 321 1296,https://www.premierinn.com/gb/en/hotels/england/greater-manchester/salford/manchester-salford-quays.html?cid=GLBC_MANQUA
Salford,ibis budget Manchester Salford Quays,"19 Trafford Rd, Salford M5 3AW, UK",020 7660 0995,https://all.accor.com/lien_externe.svlt?goto=fiche_hotel&code_hotel=6003&merchantid=seo-maps-GB-6003&sourceid=aw-cen&utm_medium=seo%20maps&utm_source=google%20Maps&utm_campaign=seo%20maps
Salford,Holiday Inn Express Manchester - Salford Quays by IHG,"Waterfront Quay, Salford, Manchester M50 3XW, UK",0371 902 1623,https://www.ihg.com/holidayinnexpress/hotels/gb/en/manchester/mchsk/hoteldetail?cm_mmc=GoogleMaps-_-EX-_-GB-_-MCHSK
Salford,Holiday Inn Manchester - Mediacityuk by IHG,"MediaCityUK, Salford M50 2EQ, UK",0161 813 1040,https://www.ihg.com/holidayinn/hotels/gb/en/manchester/mchmc/hoteldetail?cm_mmc=GoogleMaps-_-HI-_-GB-_-MCHMC
Salford,Premier Inn Manchester Old Trafford hotel,"Sir Alex Ferguson Way, Trafford Park, Stretford, Manchester M17 1WS, UK",0333 321 1315,https://www.premierinn.com/gb/en/hotels/england/greater-manchester/manchester/manchester-old-trafford.html?cid=GLBC_MANOLD
Salford,Holiday Inn Manchester - West by IHG,"Liverpool St., Salford, Manchester M5 4LT, UK",07350 715084,https://www.ihg.com/holidayinn/hotels/gb/en/manchester/mchsa/hoteldetail?cm_mmc=GoogleMaps-_-HI-_-GB-_-MCHSA
Salford,Hilton Garden Inn Manchester Emirates Old Trafford,"Talbot Rd, Old Trafford, Stretford, Manchester M16 0PX, UK",0161 868 7100,https://www.hilton.com/en/hotels/manesgi-hilton-garden-inn-manchester-emirates-old-trafford/?SEO_id=GMB-EMEA-GI-MANESGI
Salford,Premier Inn Manchester Trafford Centre West hotel,"Trafford Quays, Old Park Ln, The Trafford Centre, Trafford Park, Stretford, Manchester M17 8PG, UK",0333 321 1318,https://www.premierinn.com/gb/en/hotels/england/greater-manchester/manchester/manchester-trafford-centre-west.html?cid=GLBC_MANTRA
Salford,Holiday Inn Express TRAFFORDCITY By IHG,"2 Mercury Way, Trafford Park, Urmston, Stretford, Manchester M41 7PA, UK",0161 567 9200,https://www.ihg.com/holidayinnexpress/hotels/gb/en/manchester/manmw/hoteldetail
St Helens,Premier Inn Liverpool Rainhill hotel,"804 Warrington Rd, Rainhill, Prescot L35 6PE, UK",0333 321 1099,https://www.premierinn.com/gb/en/hotels/england/merseyside/liverpool/liverpool-rainhill.html?cid=GLBC_LIVSHI
St Helens,Village Hotel Liverpool,"Fallows Way, Whiston, Liverpool L35 1RZ, UK",0333 006 5222,https://www.village-hotels.co.uk/hotels/liverpool/?utm_source=google&utm_medium=organic&utm_campaign=liverpool-gmb
St Helens,Premier Inn Liverpool (Tarbock) hotel,"Wilson Rd, Tarbock Green, Liverpool L36 6AD, UK",0333 321 1109,https://www.premierinn.com/gb/en/hotels/england/merseyside/liverpool/liverpool-tarbock.html?cid=GLBC_LIVCHA
St Helens,Premier Inn Liverpool (Roby) hotel,"Roby Rd, Liverpool L36 4HD, UK",0333 321 1108,https://www.premierinn.com/gb/en/hotels/england/merseyside/liverpool/liverpool-roby.html?cid=GLBC_LIVDER
St Helens,Premier Inn Widnes hotel,"Venture Fields, Ashley Way, Widnes WA8 0GY, UK",0333 321 9239,https://www.premierinn.com/gb/en/hotels/england/cheshire/widnes/widnes.html?cid=GLBC_WIDVEN
Wembley,Hilton London Wembley,"Lakeside Way, Wembley Park, London, Wembley HA9 0BU, UK",020 8150 8090,https://www.hilton.com/en/hotels/lonlwhi-hilton-london-wembley/?SEO_id=GMB-EMEA-HI-LONLWHI
Wembley,Premier Inn London Wembley Stadium hotel,"1 Wembley Park Blvd, London, Wembley HA9 0GG, UK",0333 234 6585,https://www.premierinn.com/gb/en/hotels/england/greater-london/london/london-wembley-stadium.html?cid=GLBC_LONWEM
Wembley,Novotel London Wembley,"5 Olympic Way, London HA9 0NP, UK",020 8069 1200,https://all.accor.com/lien_externe.svlt?goto=fiche_hotel&code_hotel=9389&merchantid=seo-maps-GB-9389&sourceid=aw-cen&utm_medium=seo%20maps&utm_source=google%20Maps&utm_campaign=seo%20maps
Wembley,Premier Inn London Wembley Park hotel,"151 Wembley Park Dr, Wembley Park, Wembley HA9 8HQ, UK",0333 321 1277,https://www.premierinn.com/gb/en/hotels/england/greater-london/london/london-wembley-park.html?cid=GLBC_WEMPTI
Wembley,Travelodge London Wembley,"N Circular Rd, London NW10 7UG, UK",,https://www.travelodge.co.uk/hotels/309/London-Wembley-hotel?utm_source=google&utm_medium=GHA_Organic&utm_campaign=GHA_London_Wembley
Wembley,Travelodge London Wembley High Road,"High Rd, London, Wembley HA9 7AJ, UK",,https://www.travelodge.co.uk/hotels/590/London-Wembley-High-Road-hotel?utm_source=google&utm_medium=GHA_Organic&utm_campaign=GHA_London%20Wembley%20High%20Road
Wembley,Premier Inn London Hanger Lane hotel,"1-6 Ritz Parade, Hanger Ln, London W5 3RA, UK",0333 777 4673,https://www.premierinn.com/gb/en/hotels/england/greater-london/london/london-hanger-lane.html?cid=GLBC_LONHAN
Wembley,Premier Inn London Harrow hotel,"134A Kenton Rd, Kenton Ln, London HA3 8AL, UK",0333 321 1266,https://www.premierinn.com/gb/en/hotels/england/greater-london/london/london-harrow.html?cid=GLBC_HARTRA
Wembley,Hampton by Hilton London Park Royal,"Connell Cres, Western Ave, London W5 3BQ, UK",020 3327 4600,https://www.hilton.com/en/hotels/lonprhx-hampton-london-park-royal/?SEO_id=GMB-EMEA-HX-LONPRHX
Wembley,Crowne Plaza London - Ealing by IHG,"Western Ave, Hanger Ln, London W5 1HG, UK",020 8233 3200,https://www.ihg.com/crowneplaza/hotels/gb/en/london/lonea/hoteldetail?cm_mmc=GoogleMaps-_-CP-_-GB-_-LONEA
Wembley,Best Western Plus Hotel,"365 High Rd, Wembley HA9 6AA, UK",020 3879 1880,https://www.bestwestern.com/en_US/book/hotels-in-london/best-western-plus-london-wembley-hotel/propertyCode.84216.html
Wembley,Premier Inn London Hendon (The Hyde) hotel,"Hendon, Hyde House, London NW9 6LH, UK",0333 321 9324,https://www.premierinn.com/gb/en/hotels/england/greater-london/london/london-hendon-the-hyde.html?cid=GLBC_LONHEN
Wembley,Holiday Inn Express London - Park Royal by IHG,"Victoria Rd, North Acton, London W3 6UP, UK",020 8896 4460,https://www.ihg.com/holidayinnexpress/hotels/gb/en/london/lonah/hoteldetail?cm_mmc=GoogleMaps-_-EX-_-GB-_-LONAH
Wembley,Premier Inn London Greenford hotel,"Western Ave, Perivale, Greenford UB6 8TE, UK",0333 321 1263,https://www.premierinn.com/gb/en/hotels/england/greater-london/london/london-greenford.html?cid=GLBC_GREMYL
Wembley,Holiday Inn Express London - Ealing by IHG,"75 Broadway, London W13 9BP, UK",020 8567 8832,https://www.ihg.com/holidayinnexpress/hotels/gb/en/ealing/lonel/hoteldetail?cm_mmc=GoogleMaps-_-EX-_-GB-_-LONEL
Wembley,Premier Inn London Ealing hotel,"22-24 Uxbridge Rd, London W5 2RJ, UK",0333 321 9273,https://www.premierinn.com/gb/en/hotels/england/greater-london/london/london-ealing.html?cid=GLBC_LONEAL
Wembley,ibis Styles London Ealing,"32 38 Uxbridge Rd, London W5 2BS, UK",020 3002 1529,https://all.accor.com/lien_externe.svlt?goto=fiche_hotel&code_hotel=9475&merchantid=seo-maps-GB-9475&sourceid=aw-cen&utm_medium=seo%20maps&utm_source=google%20Maps&utm_campaign=seo%20maps
Wembley,Best Western Palm Hotel,"64-76 Hendon Way, London NW2 2NL, UK",020 8455 5220,https://sites.google.com/view/best-western-palm-hotel/inicio
Wembley,Travelodge London Ealing,"77 Uxbridge Rd, London W5 5ST, UK",020 8567 9290,https://www.travelodge.co.uk/hotels/500/london-ealing-hotel?utm_source=google&utm_medium=GHA_Organic&utm_campaign=GHA_London_Ealing&WT.tsrc=GHA_Organic
Hemel Hempstead,Premier Inn Hemel Hempstead Central hotel,"Moor End Rd, Hemel Hempstead HP1 1BT, UK",0333 003 1719,https://www.premierinn.com/gb/en/hotels/england/hertfordshire/hemel-hempstead/hemel-hempstead-central.html?cid=GLBC_HEMBAR
Hemel Hempstead,Holiday Inn Express Hemel Hempstead by IHG,"Stationers Pl, Apsley, Hemel Hempstead HP3 9RH, UK",0371 902 1614,https://www.ihg.com/holidayinnexpress/hotels/gb/en/hemel-hempstead/ltnsp/hoteldetail?cm_mmc=GoogleMaps-_-EX-_-GB-_-LTNSP
Hemel Hempstead,Premier Inn Hemel Hempstead West hotel,"A41 Service Area, Bourne End, Hemel Hempstead HP1 2SB, UK",0333 003 1721,https://www.premierinn.com/gb/en/hotels/england/hertfordshire/hemel-hempstead/hemel-hempstead-west.html?cid=GLBC_HEMMTI
Hemel Hempstead,Travelodge Hemel Hempstead Gateway,"Maylands Ave, Hemel Hempstead HP2 4SQ, UK",0871 984 6360,https://www.travelodge.co.uk/hotels/549/Hemel-Hempstead-Gateway-hotel?utm_source=google&utm_medium=GHA_Organic&utm_campaign=GHA_Hemel%20Hempstead%20Gateway&WT.tsrc=GHA_Organic
Hemel Hempstead,Travelodge Hemel Hempstead,"Wolsey House, Wolsey Rd, Hemel Hempstead HP2 4TU, UK",0871 984 6036,https://www.travelodge.co.uk/hotels/33/hemel-hempstead-hotel?utm_source=google&utm_medium=GHA_Organic&utm_campaign=GHA_Hemel%20Hempstead&WT.tsrc=GHA_Organic
Hemel Hempstead,Premier Inn Kings Langley hotel,"37 Hempstead Rd, Kings Langley WD4 8BR, UK",0333 003 1748,https://www.premierinn.com/gb/en/hotels/england/hertfordshire/kings-langley/kings-langley.html?cid=GLBC_KINPLI
Hemel Hempstead,Best Western White House Hotel,"27-31 Upton Rd, Watford WD18 0JF, UK",0333 003 5292,https://www.bestwestern.co.uk/hotels/best-western-white-house-hotel-83770?utm_source=google_places&utm_medium=organic&utm_campaign=Best_Western_White_House_Hotel
Hemel Hempstead,Hilton London Watford,"Elton Way, Watford WD25 8HA, UK",01923 235881,https://www.hilton.com/en/hotels/wathnhn-hilton-london-watford/?SEO_id=GMB-EMEA-HN-WATHNHN
Hemel Hempstead,Premier Inn Watford North hotel,"859 St Albans Rd, Watford WD25 0LH, UK",0333 321 9135,https://www.premierinn.com/gb/en/hotels/england/hertfordshire/watford/watford-north.html?cid=GLBC_WATTGI
Hemel Hempstead,Premier Inn St Albans City Centre hotel,"1 Adelaide St, St Albans AL3 5BH, UK",0333 321 9331,https://www.premierinn.com/gb/en/hotels/england/hertfordshire/st-albans/st-albans-city-centre.html?cid=GLBC_STAPET
Hemel Hempstead,"The Samuel Ryder Hotel St. Albans, Tapestry Collection by Hilton","27 Holywell Hill, St Albans AL1 1HG, UK",01727 848849,https://www.hilton.com/en/hotels/ltnsrup-the-samuel-ryder-hotel-st-albans/?SEO_id=GMB-EMEA-UP-LTNSRUP
Hemel Hempstead,Holiday Inn London - Watford Junction by IHG,"65-67 Clarendon Rd, Watford WD17 1DS, UK",01923 227274,https://www.ihg.com/holidayinn/hotels/gb/en/watford/lonju/hoteldetail?cm_mmc=GoogleMaps-_-HI-_-GB-_-LONJU
Hemel Hempstead,Holiday Inn Express London - Watford Junction by IHG,"19 Bridle Path, Watford WD17 1UE, UK",01923 288600,https://www.ihg.com/holidayinnexpress/hotels/gb/en/watford/lonwa/hoteldetail?cm_mmc=GoogleMaps-_-EX-_-GB-_-LONWA
Hemel Hempstead,Premier Inn St. Albans/Bricket Wood hotel,"Smug Oak Ln, Watling St, Bricket Wood, Colney Street, St Albans AL2 3PN, UK",0333 321 9018,https://www.premierinn.com/gb/en/hotels/england/hertfordshire/st-albans-bricket-wood/st-albansbricket-wood.html?cid=GLBC_RADMOO
Hemel Hempstead,Premier Inn Watford Central hotel,"Timms Meadow, 69 Water Ln, Watford WD17 2NJ, UK",0333 321 9134,https://www.premierinn.com/gb/en/hotels/england/hertfordshire/watford/watford-central.html?cid=GLBC_WATPTI
Hemel Hempstead,Travelodge St. Albans City Centre,"53 St Peter's St, St Albans AL1 3DY, UK",0871 984 6577,https://www.travelodge.co.uk/hotels/687/St-Albans-City-Centre-hotel?utm_source=google&utm_medium=GHA_Organic&utm_campaign=GHA_St_Albans_City_Centre
Watford,Premier Inn Watford Croxley Green hotel,"2 Ascot Rd, Watford WD18 8AD, UK",0333 321 9133,https://www.premierinn.com/gb/en/hotels/england/hertfordshire/watford/watford-croxley-green.html?cid=GLBC_WATBRE
Watford,Village Hotel Watford,"Centennial Park, Centennial Ave, Elstree, Borehamwood WD6 3SB, UK",0333 006 5222,https://www.village-hotels.co.uk/hotels/london-watford/?utm_source=google&utm_medium=organic&utm_campaign=londonwatford-gmb
Watford,Travelodge Watford Central,"23-25 Market St, Watford WD18 0PD, UK",0800 640 3639,https://www.travelodge.co.uk/hotels/320/watford-central-hotel?utm_source=google&utm_medium=GHA_Organic&utm_campaign=GHA_Watford%20Central&WT.tsrc=GHA_Organic
Watford,Ramada London North M1,"Welcome Break, J2-4, Gateway Service Area, M1, London NW7 3HU, UK",020 8906 7000,https://hotels.welcomebreak.co.uk/hotel/ramada-london-north-m1/
Watford,Best Western Plus Grim's Dyke Hotel,"Old Redding, Harrow Weald, Greater, London HA3 6SH, UK",020 8385 3100,https://grimsdyke.com/
Watford,Premier Inn London Edgware hotel,"Burnt Oak Broadway, Edgware HA8 5AQ, UK",0333 321 1259,https://www.premierinn.com/gb/en/hotels/england/greater-london/london/london-edgware.html?cid=GLBC_EDGPTI
Watford,Premier Inn Rickmansworth hotel,"Batchworth Lock House, Rickmansworth WD3 1JB, UK",0871 527 8000,https://www.premierinn.com/gb/en/hotels/england/hertfordshire/rickmansworth/rickmansworth.html?cid=GLBC_RICTHY
Watford,"Holiday Inn Express St. Albans - M25, JCT.22 by IHG","Colney Fields Shopping Park, Shenley, St Albans AL2 1AB, UK",01727 615000,https://www.ihg.com/holidayinnexpress/hotels/gb/en/st-albans/ltnst/hoteldetail?cm_mmc=GoogleMaps-_-EX-_-GB-_-LTNST
Watford,ibis London Elstree Borehamwood,"Elstree Way, Borehamwood, London WD6 1JY, UK",020 8736 2600,https://all.accor.com/lien_externe.svlt?goto=fiche_hotel&code_hotel=6186&merchantid=seo-maps-GB-6186&sourceid=aw-cen&utm_medium=seo%20maps&utm_source=google%20Maps&utm_campaign=seo%20maps
Stockport,Holiday Inn Express Stockport by IHG,"11 Station Rd, Stockport SK3 9JD, UK",0161 359 6363,https://www.ihg.com/holidayinnexpress/hotels/gb/en/stockport/xvasr/hoteldetail?cm_mmc=GoogleMaps-_-EX-_-GB-_-XVASR
Stockport,Premier Inn Stockport Central hotel,"48 Churchgate, Stockport SK1 1YG, UK",0333 321 9032,https://www.premierinn.com/gb/en/hotels/england/greater-manchester/stockport/stockport-central.html?cid=GLBC_STOOLD
Stockport,Travelodge Stockport,"Heaton Ln, Stockport SK4 1BS, UK",0871 559 1890,https://www.travelodge.co.uk/hotels/611/Stockport-hotel?utm_source=google&utm_medium=GHA_Organic&utm_campaign=GHA_Stockport
Stockport,Premier Inn Stockport South hotel,"73 Buxton Rd, Heaviley, Stockport SK2 6NB, UK",0333 321 9051,https://www.premierinn.com/gb/en/hotels/england/greater-manchester/stockport/stockport-south.html?cid=GLBC_STOBAM
Stockport,Village Hotel Cheadle,"Cheadle Rd, Cheadle Hulme, Cheadle SK8 1HW, UK",0333 006 5222,https://www.village-hotels.co.uk/hotels/manchester-cheadle/?utm_source=google&utm_medium=organic&utm_campaign=manchester-cheadle-gmb
Stockport,Britannia Hotel Stockport,"Britannia Hotel, 91 Dialstone Ln, Stockport SK2 6AG, UK",0871 222 0014,https://www.britanniahotels.com/hotels/the-britannia-hotel-stockport/
Rochdale,Hampton by Hilton Rochdale,"New Baillie St, Rochdale OL16 1EU, UK",01706 801800,https://www.hilton.com/en/hotels/manrdhx-hampton-rochdale/?SEO_id=GMB-EMEA-HX-MANRDHX
Rochdale,Travelodge Rochdale,"Sandbrook Park, Sandbrook Way, Rochdale, Sandbrook OL11 1RY, UK",0871 984 6573,https://www.travelodge.co.uk/hotels/678/Rochdale-hotel?utm_source=google&utm_medium=GHA_Organic&utm_campaign=GHA_Rochdale
Rochdale,Travelodge Manchester Birch M62 Eastbound,"Moto Service Area Eastbound, M62, Heywood OL10 2QH, UK",0871 984 6262,https://www.travelodge.co.uk/hotels/154/manchester-birch-m62-eastbound-hotel?utm_source=google&utm_medium=GHA_Organic&utm_campaign=GHA_Manchester%20Birch%20M62%20Eastbound&WT.tsrc=GHA_Organic
Hove,Best Western Princes Marine Hotel,"153 Kingsway, Brighton and Hove, Hove BN3 4GR, UK",0333 003 4277,https://www.bestwestern.co.uk/hotels/best-western-princes-marine-hotel-83740?utm_source=google_places&utm_medium=organic&utm_campaign=Best_Western_Princes_Marine_Hotel
Ilford,Premier Inn London Ilford (Newbury Park),"713 Eastern Ave, Newbury Park, Ilford IG2 7RH, UK",020 7785 3326,https://www.premierinn.com/gb/en/hotels/england/greater-london/london/london-ilford-newbury-park.html?cid=GLBC_LONILF
Ilford,Travelodge London Ilford,"Clements Rd, Ilford IG1 1BA, UK",020 8553 2920,https://www.travelodge.co.uk/hotels/46/london-ilford-hotel?utm_source=google&utm_medium=GHA_Organic&utm_campaign=GHA_London%20Ilford&WT.tsrc=GHA_Organic
Ilford,ibis budget London Barking,"Essex, Highbridge Rd, Barking IG11 7BA, UK",020 3957 6070,https://all.accor.com/lien_externe.svlt?goto=fiche_hotel&code_hotel=3188&merchantid=seo-maps-GB-3188&sourceid=aw-cen&utm_medium=seo%20maps&utm_source=google%20Maps&utm_campaign=seo%20maps
Ilford,Premier Inn London Barking hotel,"Highbridge Rd, Barking IG11 7BA, UK",0333 777 3678,https://www.premierinn.com/gb/en/hotels/england/greater-london/london/london-barking.html?cid=GLBC_BARPTI
Ilford,ibis London Barking,"Highbridge Rd, Barking IG11 7BA, UK",020 8477 4100,https://all.accor.com/lien_externe.svlt?goto=fiche_hotel&code_hotel=2042&merchantid=seo-maps-GB-2042&sourceid=aw-cen&utm_medium=seo%20maps&utm_source=google%20Maps&utm_campaign=seo%20maps
Ilford,Premier Inn London Romford West hotel,"Whalebone Ln N, Romford RM6 6QU, UK",0333 321 8453,https://www.premierinn.com/gb/en/hotels/england/greater-london/london/london-romford-west.html?cid=GLBC_ROMMOB
Ilford,Travelodge London Ilford Gants Hill,"The Beehive, Beehive Ln, Gants Hill, Ilford IG4 5DR, UK",020 3195 5635,https://www.travelodge.co.uk/hotels/47/london-ilford-gants-hill-hotel?utm_source=google&utm_medium=GHA_Organic&utm_campaign=GHA_London%20Ilford%20Gants%20Hill&WT.tsrc=GHA_Organic
Ilford,Travelodge London Barking,"Pianoworks, 4 Arboretum Pl, London, Barking IG11 7RX, UK",0871 984 6416,https://www.travelodge.co.uk/hotels/377/london-barking-hotel?utm_source=google&utm_medium=GHA_Organic&utm_campaign=GHA_-London%20Barking&WT.tsrc=GHA_Organic
Ilford,Premier Inn London Dagenham hotel,"Chequers Corner, 2 New Rd, Dagenham RM10 6YS, UK",0333 321 9271,https://www.premierinn.com/gb/en/hotels/england/greater-london/london/london-dagenham.html?cid=GLBC_LONDAG
Barnsley,Premier Inn Barnsley Central M1 J37,"Gateway Plaza, Sackville St, Barnsley S70 2RD, UK",0333 321 9204,https://www.premierinn.com/gb/en/hotels/england/south-yorkshire/barnsley/barnsley-central-m1-j37.html?cid=GLBC_BARTAB
Barnsley,ibis Styles Barnsley,"Whinby Rd, Dodworth, Barnsley S75 3TX, UK",01226 729930,https://all.accor.com/lien_externe.svlt?goto=fiche_hotel&code_hotel=9554&merchantid=seo-maps-GB-9554&sourceid=aw-cen&utm_medium=seo%20maps&utm_source=google%20Maps&utm_campaign=seo%20maps
Barnsley,"Holiday Inn Barnsley M1, JCT.37 by IHG","Barnsley Rd, Dodworth, Barnsley S75 3JT, UK",01226 299571,https://www.ihg.com/holidayinn/hotels/gb/en/barnsley/szdbr/hoteldetail?cm_mmc=GoogleMaps-_-HI-_-GB-_-SZDBR
Barnsley,Travelodge Barnsley,"512 Doncaster Rd, Stairfoot, Barnsley S70 3PE, UK",01226 284175,https://www.travelodge.co.uk/hotels/107/barnsley-hotel?utm_source=google&utm_medium=GHA_Organic&utm_campaign=GHA_Barnsley&WT.tsrc=GHA_Organic
Barnsley,Holiday Inn Express Wakefield by IHG,"Queen St, Wakefield WF1 1JU, UK",0871 942 9027,https://www.ihg.com/holidayinnexpress/hotels/gb/en/wakefield/xwdex/hoteldetail?cm_mmc=GoogleMaps-_-EX-_-GB-_-XWDEX
Barnsley,"Premier Inn Wakefield South (M1, Jct39) hotel","Calder Park, Denby Dale Rd, Durkar, Wakefield WF4 3BB, UK",0333 321 9108,https://www.premierinn.com/gb/en/hotels/england/west-yorkshire/wakefield/wakefield-south-m1-jct39.html?cid=GLBC_WAKRED
Barnsley,Travelodge Wakefield Woolley Edge M1 Northbound hotel,"Moto Service Area Woolley Edge, M1, Bretton, Wakefield WF4 4LQ, UK",0871 984 6263,https://www.travelodge.co.uk/hotels/188/Wakefield-Woolley-Edge-M1-Northbound-hotel?utm_source=google&utm_medium=GHA_Organic&utm_campaign=GHA_Wakefield_Woolley_Edge_M1_Northbound&WT.tsrc=GHA_Organic
Barnsley,Ramada Wakefield M1,"Fryers Way, Wakefield WF5 9TJ, UK",01924 274200,https://hotels.welcomebreak.co.uk/hotel/ramada-wakefield-m1/
Barnsley,"Holiday Inn Leeds - Wakefield M1, JCT.40 by IHG","Queen's Dr, Lupset, Wakefield, Ossett WF5 9BE, UK",0333 320 9337,https://www.ihg.com/holidayinn/hotels/gb/en/wakefield/xwdwy/hoteldetail?cm_mmc=GoogleMaps-_-HI-_-GB-_-XWDWY
Barnsley,Travelodge Wakefield Woolley Edge M1 Southbound,"Moto Service Area J39-38 M1 Southbound, West Bretton WF4 4LQ, UK",0871 984 6179,https://www.travelodge.co.uk/hotels/242/Wakefield-Woolley-Edge-M1-Southbound-hotel?utm_source=google&utm_medium=GHA_Organic&utm_campaign=GHA_Wakefield%20Woolley%20Edge%20M1%20Southbound&WT.tsrc=GHA_Organic
Darlington,Mercure Darlington Kings Hotel,"9, 12 Priestgate, Darlington DL1 1NW, UK",01325 380222,https://all.accor.com/lien_externe.svlt?goto=fiche_hotel&code_hotel=8911&merchantid=seo-maps-GB-8911&sourceid=aw-cen&utm_medium=seo%20maps&utm_source=google%20Maps&utm_campaign=seo%20maps
Darlington,Premier Inn Darlington Town Centre hotel,"Unit 3 Feethams, Darlington, Leisure DL1 5AD, UK",0333 234 6606,https://www.premierinn.com/gb/en/hotels/england/county-durham/darlington/darlington-town-centre.html?cid=GLBC_DARTOW
Darlington,Travelodge Darlington,"Yarm Rd, Darlington DL1 4WF, UK",0871 559 1853,https://www.travelodge.co.uk/hotels/562/Darlington-hotel?utm_source=google&utm_medium=GHA_Organic&utm_campaign=GHA_Darlington&WT.tsrc=GHA_Organic
Darlington,Premier Inn Darlington East (Morton Park) hotel,"Morton Park, Morton Pk Wy, Darlington DL1 4PJ, UK",0333 777 4637,https://www.premierinn.com/gb/en/hotels/england/county-durham/darlington/darlington-east-morton-park.html?cid=GLBC_DARBRE
Darlington,"Holiday Inn Darlington - North A1M, JCT.59 by IHG","Newton Park, Coatham Mundeville, Darlington DL1 3NL, UK",0845 340 9666,https://www.ihg.com/holidayinn/hotels/gb/en/darlington/xvgno/hoteldetail?cm_mmc=GoogleMaps-_-HI-_-GB-_-XVGNO
Darlington,Travelodge Scotch Corner Skeeby,"A1, Richmond DL10 5EQ, UK",0871 984 6173,https://www.travelodge.co.uk/hotels/221/scotch-corner-skeeby-hotel?utm_source=google&utm_medium=GHA_Organic&utm_campaign=GHA_Scotch%20Corner%20Skeeby&WT.tsrc=GHA_Organic
Darlington,"Holiday Inn Darlington - A1 Scotch Corner, an IHG Hotel","Near, Darlington, Richmond DL10 6NR, UK",01748 850900,https://www.hidarlington.co.uk/
Darlington,Premier Inn Bishop Auckland hotel,"W Auckland Rd, Tindale Crescent, Bishop Auckland DL14 9AP, UK",0333 777 3916,https://www.premierinn.com/gb/en/hotels/england/county-durham/bishop-auckland/bishop-auckland.html?cid=GLBC_BISTIN
Darlington,Premier Inn Durham (Newton Aycliffe) hotel,"Ricknall Ln, Great North Road, Newton Aycliffe DL5 6JG, UK",0333 777 4668,https://www.premierinn.com/gb/en/hotels/england/county-durham/durham/durham-newton-aycliffe.html?cid=GLBC_NEWGRE
Darlington,Travelodge Scotch Corner A1 Southbound,"Moto Service Area, Middleton Tyas Ln, Richmond DL10 6PQ, UK",0871 984 6176,http://www.travelodge.co.uk/hotels/219/scotch-corner-a1-southbound-hotel?utm_source=google&utm_medium=maps&utm_campaign=Scotch%20Corner%20A1%20Southbound
Hastings,Premier Inn Hastings North A21 hotel,"1 John Macadam Way, Hastings, Saint Leonards-on-sea TN37 7DB, UK",0333 003 1697,https://www.premierinn.com/gb/en/hotels/england/east-sussex/hastings/hastings-north-a21.html?cid=GLBC_HASWIN
Hastings,Travelodge Hastings,"Bohemia Rd, Hastings TN34 1ET, UK",0871 984 6310,https://www.travelodge.co.uk/hotels/302/hastings-hotel?utm_source=google&utm_medium=GHA_Organic&utm_campaign=GHA_Hastings&WT.tsrc=GHA_Organic
Hastings,Premier Inn Hastings Town Centre,"11 Cornwallis St, Hastings TN34 1ST, UK",01424 795026,https://www.premierinn.com/gb/en/hotels/england/east-sussex/hastings/hastings-town-centre.html?cid=GLBC_HASCOR
Hartlepool,Premier Inn Hartlepool Marina hotel,"Maritime Ave, Hartlepool TS24 0XZ, UK",0333 003 1695,https://www.premierinn.com/gb/en/hotels/england/county-durham/hartlepool/hartlepool-marina.html?cid=GLBC_HAROLD
Hartlepool,Travelodge Hartlepool Marina,"Metropolitan Park, The Lanyard, Hartlepool TS24 0XS, UK",0871 984 6504,https://www.travelodge.co.uk/hotels/570/Hartlepool-Marina-hotel?utm_source=google&utm_medium=GHA_Organic&utm_campaign=GHA_Hartlepool%20Marina&WT.tsrc=GHA_Organic
Hartlepool,Best Western Grand Hotel Hartlepool,"The Grand Hotel, Swainson St, Hartlepool TS24 8AA, UK",01429 650406,https://www.grandhotelhartlepool.co.uk/
Birkenhead,Premier Inn Birkenhead Town Centre hotel,"Conway St., Birkenhead CH41 5AP, UK",0333 003 7892,https://www.premierinn.com/gb/en/hotels/england/merseyside/birkenhead/birkenhead-town-centre.html?cid=GLBC_BIRHEA
Birkenhead,Village Hotel Wirral,"Pool Ln, Bromborough, Birkenhead, Wirral CH62 4UE, UK",0333 006 5222,https://www.village-hotels.co.uk/hotels/wirral/?utm_source=google&utm_medium=organic&utm_campaign=wirral-gmb
Birkenhead,Travelodge Bromborough,"Pool Ln, Birkenhead, Wirral CH62 4UE, UK",0871 984 6439,https://www.travelodge.co.uk/hotels/417/bromborough-hotel?utm_source=google&utm_medium=GHA_Organic&utm_campaign=GHA_Bromborough&WT.tsrc=GHA_Organic
Birkenhead,Travelodge Wirral Eastham,"1408 New Chester Rd, Birkenhead, Wirral CH62 9AQ, UK",0151 328 0474,https://www.travelodge.co.uk/hotels/192/wirral-eastham-hotel?utm_source=google&utm_medium=GHA_Organic&utm_campaign=GHA_Wirral%20Eastham&WT.tsrc=GHA_Organic
Bath,DoubleTree by Hilton Bath,"Walcot St, Bath BA1 5BJ, UK",01225 463411,https://www.hilton.com/en/hotels/bathndi-doubletree-bath/?SEO_id=GMB-EMEA-DI-BATHNDI
Bath,Premier Inn Bath City Centre hotel,"4 James St W, Bath BA1 2BX, UK",0333 321 9326,https://www.premierinn.com/gb/en/hotels/england/somerset/bath/bath-city-centre.html?cid=GLBC_BATJAM
Bath,Holiday Inn Express Bath by IHG,"Lower Bristol Rd, Brougham Hayes, Bath BA2 3QU, UK",0371 902 1601,https://www.ihg.com/holidayinnexpress/hotels/gb/en/bath/qqzba/hoteldetail?cm_mmc=GoogleMaps-_-EX-_-GB-_-QQZBA
Bath,Hampton by Hilton Bath City,"Avon St, Bath BA1 1UP, UK",01225 967200,https://www.hilton.com/en/hotels/batumhx-hampton-bath-city/?SEO_id=GMB-EMEA-HX-BATUMHX
Bath,Travelodge Bath City Centre (Bath Spa),"6-10 Westgate Buildings, Bath BA1 1EB, UK",0871 984 6523,https://www.travelodge.co.uk/hotels/629/Bath-City-Centre-Bath-Spa-hotel?utm_source=google&utm_medium=GHA_Organic&utm_campaign=GHA_Bath_City_Centre
Bath,"Henrietta House, a member of Radisson Individuals","27-29 Henrietta St, Bathwick, Bath BA2 6LR, UK",01225 632632,https://www.radissonhotels.com/en-us/hotels/radisson-individuals-henrietta-house-bath?cid=a:se+b:gmb+c:emea+i:local+e:ri+d:ukirwe+h:GBBATHEN
Bath,Travelodge Bath Central,"1, York Buildings, George St, Bath BA1 2EB, UK",0871 984 6219,https://www.travelodge.co.uk/hotels/75/bath-central-hotel?utm_source=google&utm_medium=GHA_Organic&utm_campaign=GHA_Bath%20Central&WT.tsrc=GHA_Organic
Stevenage,Holiday Inn Stevenage by IHG,"St.George's Way, Stevenage SG1 1HS, UK",01438 722727,https://www.ihg.com/holidayinn/hotels/gb/en/stevenage/xvjmh/hoteldetail?cm_mmc=GoogleMaps-_-HI-_-GB-_-XVJMH
Stevenage,Premier Inn Stevenage Central hotel,"Horizon Technology Park, Six Hills Way, Stevenage SG1 2DD, UK",0333 321 9027,https://www.premierinn.com/gb/en/hotels/england/hertfordshire/stevenage/stevenage-central.html?cid=GLBC_STEPTI
Stevenage,Premier Inn Stevenage North hotel,"Coreys Mill Ln, Stevenage SG1 4AA, UK",0333 321 9028,https://www.premierinn.com/gb/en/hotels/england/hertfordshire/stevenage/stevenage-north.html?cid=GLBC_STECOR
Stevenage,Hanbury Manor Marriott Hotel & Country Club,"Ware SG12 0SD, UK",01920 487722,https://www.marriott.com/en-us/hotels/stngs-hanbury-manor-marriott-hotel-and-country-club/overview/?scid=f2ae0541-1279-4f24-b197-a979c79310b0
Stevenage,Best Western Homestead Court Hotel,"Homestead Ct, Homestead Ln, Welwyn Garden City AL7 4LX, UK",0333 003 4161,https://www.bestwestern.co.uk/hotels/best-western-homestead-court-hotel-83816?utm_source=google_places&utm_medium=organic&utm_campaign=Best_Western_Homestead_Court_Hotel
Stevenage,Premier Inn Hitchin Town Centre hotel,"Portmill Ln, Hitchin SG5 1DJ, UK",0333 321 9379,https://www.premierinn.com/gb/en/hotels/england/hertfordshire/hitchin/hitchin-town-centre.html?cid=GLBC_HITTOW
Stevenage,Premier Inn Ware hotel,"Marsh Ln, Ware SG12 9LQ, UK",0333 003 3405,https://www.premierinn.com/gb/en/hotels/england/hertfordshire/ware/ware.html?cid=GLBC_WARBEE
Stevenage,Travelodge Letchworth Garden City,"Ave One, Letchworth Garden City SG6 2HB, UK",0871 984 6554,https://www.travelodge.co.uk/hotels/662/Letchworth-Garden-City-hotel?utm_source=google&utm_medium=GHA_Organic&utm_campaign=GHA_Letchworth_Garden_City&WT.tsrc=GHA_Organic
Stevenage,Premier Inn Hatfield hotel,"Comet Way, Lemsford Rd, Hatfield AL10 0DA, UK",0333 003 1698,https://www.premierinn.com/gb/en/hotels/england/hertfordshire/hatfield/hatfield.html?cid=GLBC_HATAIR
Grimsby,Holiday Inn Express Grimsby by IHG,"3 - 9 Wellowgate, Grimsby DN32 0RA, UK",01472 806000,https://www.ihg.com/holidayinnexpress/hotels/gb/en/grimsby/gsyex/hoteldetail?cm_mmc=GoogleMaps-_-EX-_-GB-_-GSYEX
Grimsby,Premier Inn Grimsby hotel,"Appian Way, Europa Park, off Gilbey Rd, Grimsby DN31 2UT, UK",0333 003 1688,https://www.premierinn.com/gb/en/hotels/england/lincolnshire/grimsby/grimsby.html?cid=GLBC_GRIHAV
Grimsby,Premier Inn Cleethorpes hotel,"Meridian Point, Cleethorpes DN35 0PN, UK",0333 321 9334,https://www.premierinn.com/gb/en/hotels/england/lincolnshire/cleethorpes/cleethorpes.html?cid=GLBC_CLEMER
Southport,Premier Inn Southport Central hotel,"Waterside Lodge, Marine Dr, Southport PR8 1RY, UK",0333 321 9016,https://www.premierinn.com/gb/en/hotels/england/merseyside/southport/southport-central.html?cid=GLBC_SOUBRE
Southport,Travelodge Southport,"Garrick Parade, Southport PR8 1RN, UK",0871 559 1862,https://www.travelodge.co.uk/hotels/582/Southport-hotel?utm_source=google&utm_medium=GHA_Organic&utm_campaign=GHA_Southport&WT.tsrc=GHA_Organic
Southport,Premier Inn Southport (Ormskirk) hotel,"544 Southport Rd, Scarisbrick, Ormskirk L40 9RG, UK",0333 321 9015,https://www.premierinn.com/gb/en/hotels/england/merseyside/southport/southport-ormskirk.html?cid=GLBC_ORMMOR
Halifax,Premier Inn Halifax Town Centre hotel,"Broad St, Orange St, Halifax HX1 1YA, UK",0333 321 9262,https://www.premierinn.com/gb/en/hotels/england/west-yorkshire/halifax/halifax-town-centre.html?cid=GLBC_HALBRO
Halifax,Travelodge Halifax,"Gate 9, Dean Clough Industrial Park, Halifax HX3 5AY, UK",0871 984 6144,https://www.travelodge.co.uk/hotels/132/halifax-hotel?utm_source=google&utm_medium=GHA_Organic&utm_campaign=GHA_Halifax&WT.tsrc=GHA_Organic
Eltham,Premier Inn London Eltham hotel,"738 Sidcup Rd, Eltham, London SE9 3NS, UK",0333 234 6525,https://www.premierinn.com/gb/en/hotels/england/greater-london/london/london-eltham.html?cid=GLBC_LONELT
Eltham,Premier Inn London Woolwich (Royal Arsenal) hotel,"91 Beresford St, London SE18 6BG, UK",0333 234 6542,https://www.premierinn.com/gb/en/hotels/england/greater-london/london/london-woolwich-royal-arsenal.html?cid=GLBC_LONWOO
Eltham,Travelodge London Woolwich,"129 Powis St, London SE18 6JL, UK",0871 984 6510,https://www.travelodge.co.uk/hotels/554/London-Woolwich-hotel?utm_source=google&utm_medium=GHA_Organic&utm_campaign=GHA_London_Woolwich&WT.tsrc=GHA_Organic
Eltham,Premier Inn London Lewisham hotel,"1, 13 Lewisham High St, London SE13 5AF, UK",0333 321 9338,https://www.premierinn.com/gb/en/hotels/england/greater-london/london/london-lewisham.html?cid=GLBC_LONLEW
Eltham,DoubleTree by Hilton London Greenwich,"Catherine Grove, London SE10 8FR, UK",020 8469 4440,https://www.hilton.com/en/hotels/longwdi-doubletree-london-greenwich/?SEO_id=GMB-EMEA-DI-LONGWDI
Eltham,Premier Inn London Greenwich hotel,"43-81 Greenwich High Rd, London SE10 8JL, UK",0333 321 9206,https://www.premierinn.com/gb/en/hotels/england/greater-london/london/london-greenwich.html?cid=GLBC_LONGRE
Eltham,Travelodge London Sidcup,"1-3 High St, Sidcup DA14 6EN, UK",0871 984 6380,https://www.travelodge.co.uk/hotels/559/London-Sidcup-hotel?utm_source=google&utm_medium=GHA_Organic&utm_campaign=GHA_London_Sidcup&WT.tsrc=GHA_Organic
Eltham,Courtyard by Marriott London City Airport,"10 Connaught Rd, London E16 2AE, UK",020 3988 3330,https://www.marriott.com/en-us/hotels/lcyap-courtyard-london-city-airport/overview/?scid=f2ae0541-1279-4f24-b197-a979c79310b0
Hounslow,Travelodge London Hounslow,"12-32 Lampton Rd, Hounslow TW3 1JG, UK",,https://www.travelodge.co.uk/hotels/575/London-Hounslow-hotel?utm_source=google&utm_medium=GHA_Organic&utm_campaign=GHA_London%20Hounslow&WT.tsrc=GHA_Organic
Hounslow,ibis budget London Hounslow,"20 28 Staines Road For Car Park Use 65 Grove Road, Tw3 3Pu, London TW3 3JS, UK",020 8577 9137,https://all.accor.com/lien_externe.svlt?goto=fiche_hotel&code_hotel=6465&merchantid=seo-maps-GB-6465&sourceid=aw-cen&utm_medium=seo%20maps&utm_source=google%20Maps&utm_campaign=seo%20maps
Hounslow,Courtyard by Marriott London Heathrow Airport,"1 Nobel Dr, Harlington, Hayes UB3 5EY, UK",020 3988 5000,https://www.marriott.com/en-us/hotels/lhrcy-courtyard-london-heathrow-airport/overview/?scid=f2ae0541-1279-4f24-b197-a979c79310b0
Hounslow,Hilton Garden Inn London Heathrow Airport,"Heathrow Airport, Eastern Perimeter Rd, Hatton, Hounslow TW6 2SQ, UK",020 8266 4664,https://www.hilton.com/en/hotels/lhrepgi-hilton-garden-inn-london-heathrow-airport/?SEO_id=GMB-EMEA-GI-LHREPGI
Hounslow,Premier Inn London Heathrow Airport T2 & T3 (Bath Road) hotel,"15 Bath Rd, London TW6 2AB, UK",0871 527 8508,https://www.premierinn.com/gb/en/hotels/england/greater-london/london/london-heathrow-airport-t2-&-t3-bath-road.html?cid=GLBC_HEAMTI
Hounslow,ibis budget London Heathrow Central,"Hertz House, 700 Bath Rd, Cranford, Hounslow TW5 9TW, UK",020 3096 6420,https://all.accor.com/lien_externe.svlt?goto=fiche_hotel&code_hotel=B987&merchantid=seo-maps-GB-B987&sourceid=aw-cen&utm_medium=seo%20maps&utm_source=google%20Maps&utm_campaign=seo%20maps
Hounslow,Premier Inn London Heathrow Airport Terminal 4 hotel,"Sheffield Rd, Heathrow TW6 3AF, UK",0333 234 6600,https://www.premierinn.com/gb/en/hotels/england/greater-london/london/london-heathrow-airport-terminal-4.html?cid=GLBC_HEAFOU
Hounslow,Best Western London Heathrow Ariel Hotel,"118 Bath Rd, Harlington, Hayes UB3 5AJ, UK",0371 942 9040,https://www.bestwestern.co.uk/hotels/best-western-london-heathrow-ariel-hotel-84316
Hounslow,Ramada by Wyndham Hounslow - Heathrow East,"8-10 Lampton Rd, Hounslow TW3 1JL, UK",020 8538 1230,https://www.wyndhamhotels.com/en-uk/ramada/hounslow-united-kingdom/ramada-hounslow-heathrow-east/overview?CID=LC:wmcic5n98gs1g0r:22503&iata=00093796
Hounslow,"Radisson Blu Hotel, London Heathrow","140 Bath Rd, Heathrow, Harlington, Hayes UB3 5AW, UK",020 8757 7901,https://www.radissonhotels.com/en-us/hotels/radisson-blu-london-heathrow?cid=a:se+b:gmb+c:emea+i:local+e:rdb+d:ukirwe+h:GBEDLHRHTR
Hounslow,DoubleTree by Hilton London Heathrow Airport,"745 Bath Rd, Cranford, Hounslow TW5 9QE, UK",020 8564 4450,https://www.hilton.com/en/hotels/lhrcldi-doubletree-london-heathrow-airport/?SEO_id=GMB-EMEA-DI-LHRCLDI
Hounslow,ibis London Heathrow Airport,"112 Bath Rd, London UB3 5AL, UK",020 8759 4888,https://all.accor.com/lien_externe.svlt?goto=fiche_hotel&code_hotel=0794&merchantid=seo-maps-GB-0794&sourceid=aw-cen&utm_medium=seo%20maps&utm_source=google%20Maps&utm_campaign=seo%20maps
Hounslow,Travelodge London Heathrow Heston M4 Westbound,"MOTO SERVICE AREA M4 Heston, m4 motor service area, Phoenix Way, Hounslow TW5 9NB, UK",0871 984 6261,https://www.travelodge.co.uk/hotels/8/london-heathrow-heston-m4-westbound-hotel?utm_source=google&utm_medium=GHA_Organic&utm_campaign=GHA_Heathrow%20Heston%20M4%20Westbound&WT.tsrc=GHA_Organic
Hounslow,Premier Inn London Twickenham Stadium hotel,"416 Chertsey Rd, Whitton, Twickenham TW2 6LS, UK",0333 321 9104,https://www.premierinn.com/gb/en/hotels/england/greater-london/london/london-twickenham-stadium.html?cid=GLBC_TWIWIN
Hounslow,ibis Styles London Heathrow East,"366 Great West Rd, Hounslow TW5 0BD, UK",020 7660 1360,https://all.accor.com/lien_externe.svlt?goto=fiche_hotel&code_hotel=B2S3&merchantid=seo-maps-GB-B2S3&sourceid=aw-cen&utm_medium=seo%20maps&utm_source=google%20Maps&utm_campaign=seo%20maps
Hounslow,Radisson RED London Twickenham,"198 Whitton Rd, Twickenham TW2 7BA, UK",020 8891 8200,https://www.radissonhotels.com/en-us/hotels/radisson-red-twickenham-london?cid=a:se+b:gmb+c:emea+i:local+e:rdr+d:ukirwe+h:GBTWCAAA
Hounslow,"Premier Inn London Hayes, Heathrow (Hyde Park) hotel","Millington Rd, Hayes UB3 4AZ, UK",0300 373 0314,https://www.premierinn.com/gb/en/hotels/england/greater-london/london/london-hayes-heathrow-hyde-park.html?cid=GLBC_LONHAY
Hounslow,Travelodge London Feltham,"Res Centre, High St, Feltham TW13 4GU, UK",020 3195 4585,https://www.travelodge.co.uk/hotels/308/london-feltham-hotel?utm_source=google&utm_medium=GHA_Organic&utm_campaign=GHA_London%20Feltham&WT.tsrc=GHA_Organic
Hounslow,Holiday Inn Express London Heathrow T4 by IHG,"Terminal 4, 1 Swindon Road London, Heathrow Airport, Hounslow TW6 3FJ, UK",020 3971 4433,https://www.ihg.com/holidayinnexpress/hotels/gb/en/hounslow/lonrs/hoteldetail?cm_mmc=GoogleMaps-_-EX-_-GB-_-LONRS
Hounslow,Hilton London Syon Park,"Park Rd, Brentford, Isleworth TW8 8JF, UK",020 7870 7777,https://www.hilton.com/en/hotels/lhrsphi-hilton-london-syon-park/?SEO_id=GMB-EMEA-HI-LHRSPHI
Hounslow,London Heathrow Marriott Hotel,"Bath Road Heathrow, Airport, Harlington, Hayes UB3 5AN, UK",020 8990 1100,https://www.marriott.com/en-us/hotels/lhrhr-london-heathrow-marriott-hotel/overview/?scid=f2ae0541-1279-4f24-b197-a979c79310b0
Hounslow,Travelodge London Twickenham,"Regal House, London Rd, Twickenham TW1 3QS, UK",0871 984 6503,https://www.travelodge.co.uk/hotels/537/London-Twickenham-hotel?utm_source=google&utm_medium=GHA_Organic&utm_campaign=GHA_London%20Twickenham&WT.tsrc=GHA_Organic
Hounslow,Travelodge Heathrow Heston M4 Eastbound,"N Hyde Ln, Hounslow TW5 9NA, UK",0871 984 6037,https://www.travelodge.co.uk/hotels/34/london-heathrow-heston-m4-eastbound-hotel?utm_source=google&utm_medium=GHA_Organic&utm_campaign=GHA_Heathrow%20Heston%20M4%20Eastbound&WT.tsrc=GHA_Organic
Hounslow,Crowne Plaza London Heathrow T4 by IHG,"Terminal 4, Swindon Road London, Heathrow Airport, Hounslow TW6 3FJ, UK",020 3971 4411,https://www.ihg.com/crowneplaza/hotels/gb/en/hounslow/lonsr/hoteldetail?cm_mmc=GoogleMaps-_-CP-_-GB-_-LONSR
Bromley,Travelodge London Bromley,"37 London Rd, Bromley BR1 1DG, UK",,https://www.travelodge.co.uk/hotels/564/London-Bromley-hotel?utm_source=google&utm_medium=GHA_Organic&utm_campaign=GHA_London%20Bromley&WT.tsrc=GHA_Organic
Bromley,Travelodge London Bromley Town Centre,"18 Elmfield Rd, Bromley BR1 1LR, UK",0871 984 6522,https://www.travelodge.co.uk/hotels/642/London-Bromley-Town-Centre-hotel?utm_source=google&utm_medium=GHA_Organic&utm_campaign=GHA_London_Bromley_Town_Centre
Bromley,Travelodge London Beckenham,"75 High St, Beckenham BR3 1AN, UK",,https://www.travelodge.co.uk/hotels/702/London-Beckenham-hotel?utm_source=google&utm_medium=GHA_Organic&utm_campaign=GHA_London%20Beckenham
Nuneaton,Hampton by Hilton Nuneaton,"29 Abbey St, Nuneaton CV11 5BT, UK",024 7510 3303,https://www.hilton.com/en/hotels/bhxnuhx-hampton-nuneaton/?SEO_id=GMB-EMEA-HX-BHXNUHX
Nuneaton,Holiday Inn Express Nuneaton by IHG,"St David's Way, Bermuda Park, Nuneaton CV10 7SD, UK",024 7635 7370,https://www.ihg.com/holidayinnexpress/hotels/gb/en/nuneaton/xnvuk/hoteldetail?cm_mmc=GoogleMaps-_-EX-_-GB-_-XNVUK
Nuneaton,Premier Inn Nuneaton/Coventry hotel,"Coventry Rd, Nuneaton CV10 7PJ, UK",0333 321 1379,https://www.premierinn.com/gb/en/hotels/england/warwickshire/nuneaton/nuneatoncoventry.html?cid=GLBC_NUNGRI
Nuneaton,Travelodge Nuneaton,"The Yeoman Harvester, St Nicolas Park Dr, Nuneaton CV11 6EN, UK",0871 984 6094,https://www.travelodge.co.uk/hotels/163/nuneaton-hotel?utm_source=google&utm_medium=GHA_Organic&utm_campaign=GHA_Nuneaton&WT.tsrc=GHA_Organic
Nuneaton,Premier Inn Hinckley hotel,"Coventry Rd, Hinckley LE10 0NB, UK",0333 003 1725,https://www.premierinn.com/gb/en/hotels/england/leicestershire/hinckley/hinckley.html?cid=GLBC_HINMAR
Nuneaton,Travelodge Nuneaton Bedworth,"A444, Bedworth, Nuneaton CV10 7TF, UK",0871 984 6062,https://www.travelodge.co.uk/hotels/108/nuneaton-bedworth-hotel?utm_source=google&utm_medium=GHA_Organic&utm_campaign=GHA_Nuneaton%20Bedworth&WT.tsrc=GHA_Organic
Nuneaton,Days Inn Corley NEC M6,"J3/4, Welcome Break Corley Service Area, M6, Highfield Ln, Coventry CV7 8NR, UK",01676 543800,https://hotels.welcomebreak.co.uk/hotel/days-inn-corley-m6/
Redditch,Premier Inn Redditch North (A441) hotel,"Bordesley Chambers, Bordesley Ln, Alvechurch Hwy, Redditch B97 6AQ, UK",0333 321 9276,https://www.premierinn.com/gb/en/hotels/england/worcestershire/redditch/redditch-north-a441.html?cid=GLBC_REDBOR
Redditch,"Southcrest Manor Hotel, Best Western Signature Collection","Pool Bank, Redditch B97 4JS, UK",01527 541511,http://www.southcrestmanorhotel.com/
Redditch,Holiday Inn Express Birmingham - Redditch by IHG,"2 Hewell Rd, Birmingham, Redditch B97 6AE, UK",01527 587911,https://www.ihg.com/holidayinnexpress/hotels/gb/en/birmingham/bhxrd/hoteldetail?cm_mmc=GoogleMaps-_-EX-_-GB-_-BHXRD
Redditch,Travelodge Stratford Alcester,"Oversley Mill A435 Rdabt, SN, Oversley Mill Roundabout, Birmingham Rd, Alcester B49 6PQ, UK",0871 984 6107,https://www.travelodge.co.uk/hotels/180/stratford-alcester-hotel?utm_source=google&utm_medium=GHA_Organic&utm_campaign=GHA_Stratford%20Alcester&WT.tsrc=GHA_Organic
Redditch,Premier Inn Bromsgrove Central hotel,"Birmingham Rd, Bromsgrove B61 0BA, UK",0333 777 3965,https://www.premierinn.com/gb/en/hotels/england/worcestershire/bromsgrove/bromsgrove-central.html?cid=GLBC_BROBRE
Redditch,Holiday Inn Birmingham - Bromsgrove by IHG,"Kidderminster Rd, Bromsgrove B61 9AB, UK",0333 320 9322,https://www.ihg.com/holidayinn/hotels/gb/en/worcestershire/bhxbr/hoteldetail?cm_mmc=GoogleMaps-_-HI-_-GB-_-BHXBR
Harlow,Holiday Inn Express Harlow by IHG,"Essex, Crown Gate, Harlow CM20 1NB, UK",01279 624380,https://www.ihg.com/holidayinnexpress/hotels/gb/en/harlow/lonhu/hoteldetail?cm_mmc=GoogleMaps-_-EX-_-GB-_-LONHU
Harlow,Premier Inn Harlow North (Harlow Mill) hotel,"Cambridge Rd, Harlow CM20 2EP, UK",0333 003 1693,https://www.premierinn.com/gb/en/hotels/england/essex/harlow/harlow-north-harlow-mill.html?cid=GLBC_HARHAR
Harlow,Premier Inn Harlow East (Church Langley) hotel,"Potters Arms, Harlow CM17 9TD, UK",0871 527 8000,https://www.premierinn.com/gb/en/hotels/england/essex/harlow/harlow-east-church-langley.html?cid=GLBC_HARPOT
Harlow,Travelodge Harlow,"Edinburgh Gate, Harlow CM20 2JE, UK",01279 437349,https://www.travelodge.co.uk/hotels/268/harlow-hotel?utm_source=google&utm_medium=GHA_Organic&utm_campaign=GHA_Harlow&WT.tsrc=GHA_Organic
Harlow,The Harlow Hotel By Accor,"Southern Way, Harlow CM18 7BA, UK",01279 774000,https://all.accor.com/lien_externe.svlt?goto=fiche_hotel&code_hotel=B542&merchantid=seo-maps-GB-B542&sourceid=aw-cen&utm_medium=seo%20maps&utm_source=google%20Maps&utm_campaign=seo%20maps
Harlow,Premier Inn Waltham Abbey hotel,"Sewardstone Rd, Waltham Abbey EN9 3QF, UK",0333 321 9123,https://www.premierinn.com/gb/en/hotels/england/essex/waltham-abbey/waltham-abbey.html?cid=GLBC_WALBAK
Harlow,Premier Inn London Enfield hotel,"Innova Business Park, Solar Way, Enfield EN3 7XY, UK",0333 777 7927,https://www.premierinn.com/gb/en/hotels/england/greater-london/london/london-enfield.html?cid=GLBC_ENFMTI
Harlow,Ramada London Stansted M11,"Welcome Break Birchanger Green Service Area J8, M11, Old, Dunmow Rd, Bishop's Stortford CM23 5QZ, UK",01279 213900,https://hotels.welcomebreak.co.uk/hotel/ramada-london-stansted-airport-m11/
Harlow,Days Inn London Stansted M11,"Welcome Break Birchanger Green Service Area J8, M11, Old, Dunmow Rd, Bishop's Stortford CM23 5QZ, UK",01279 656477,https://hotels.welcomebreak.co.uk/hotel/days-inn-london-stansted-m11/
Harlow,Holiday Inn Express London - Stansted Airport by IHG,"Thremhall Ave, Airport, London, Stansted CM24 1PY, UK",0333 320 9362,https://www.ihg.com/holidayinnexpress/hotels/gb/en/stansted/lonsa/hoteldetail?cm_mmc=GoogleMaps-_-EX-_-GB-_-LONSA
Harlow,Hampton by Hilton London Stansted Airport,"Bassingbourn Rd, Stansted CM24 1AQ, UK",01279 701101,https://www.hilton.com/en/hotels/stnarhx-hampton-london-stansted-airport/?SEO_id=GMB-EMEA-HX-STNARHX
Harlow,Novotel London Stansted Airport,"Round Coppice Rd, Stansted CM24 1SF, UK",01279 680800,https://all.accor.com/lien_externe.svlt?goto=fiche_hotel&code_hotel=B0N4&merchantid=seo-maps-GB-B0N4&sourceid=aw-cen&utm_medium=seo%20maps&utm_source=google%20Maps&utm_campaign=seo%20maps
Harlow,"Radisson Blu Hotel, London Stansted Airport","London Stansted Airport, Waltham Close, Stansted CM24 1PP, UK",01279 661012,https://www.radissonhotels.com/en-us/hotels/radisson-blu-london-stansted-airport?cid=a:se+b:gmb+c:emea+i:local+e:rdb+d:ukirwe+h:GBSTNAIR
Harlow,Premier Inn London Stansted Airport hotel,"Thremhall Ave, Stansted CM24 1PY, UK",0333 321 9264,https://www.premierinn.com/gb/en/hotels/england/essex/stansted-airport/london-stansted-airport.html?cid=GLBC_STAAIR
Harrow,Travelodge London Harrow,"1 Greenhill Way, Harrow HA1 1LE, UK",,https://www.travelodge.co.uk/hotels/632/London-Harrow-hotel?utm_source=google&utm_medium=GHA_Organic&utm_campaign=GHA_London_Harrow
St Albans,Premier Inn South Mimms/Potters Bar hotel,"Swanland Rd, Potters Bar EN6 3NH, UK",0333 321 9002,https://www.premierinn.com/gb/en/hotels/england/hertfordshire/potters-bar/south-mimmspotters-bar.html?cid=GLBC_SOUMIM
St Albans,Ramada South Mimms M25,"Welcome Break, J23, Service Area, M25, Bignells Corner, South Mimms, Potters Bar EN6 3QQ, UK",01707 665440,https://hotels.welcomebreak.co.uk/hotel/ramada-south-mimms-m25/
Gosport,Premier Inn Gosport hotel,"Fareham Rd, Gosport PO13 0ZX, UK",0333 321 9314,https://www.premierinn.com/gb/en/hotels/england/hampshire/gosport/gosport.html?cid=GLBC_GOSFAR
Gosport,Travelodge Gosport Hotel,"12 High St, Gosport PO12 1BX, UK",,https://www.travelodge.co.uk/hotels/668/Gosport-hotel?utm_source=google&utm_medium=GHA_Organic&utm_campaign=GHA_Gosport
Gosport,Premier Inn Fareham hotel,"Southampton Rd, Park Gate, Southampton SO31 6AF, UK",0333 777 7938,https://www.premierinn.com/gb/en/hotels/england/hampshire/fareham/fareham.html?cid=GLBC_FARTGI
Scunthorpe,Premier Inn Scunthorpe hotel,"Lakeside Retail Park, Lakeside Pkwy, Gadwall Way, Scunthorpe DN16 3UA, UK",0333 321 8463,https://www.premierinn.com/gb/en/hotels/england/lincolnshire/scunthorpe/scunthorpe.html?cid=GLBC_SCUANC
Scunthorpe,Travelodge Scunthorpe,"Doncaster Rd, Gunness, Scunthorpe DN15 8TE, UK",0871 984 6286,https://www.travelodge.co.uk/hotels/281/scunthorpe-hotel?utm_source=google&utm_medium=GHA_Organic&utm_campaign=GHA_Scunthorpe&WT.tsrc=GHA_Organic
Chesterfield,Premier Inn Chesterfield Town Centre hotel,"Elder Way, Chesterfield S40 1UN, UK",0330 135 9039,https://www.premierinn.com/gb/en/hotels/england/derbyshire/chesterfield/chesterfield-town-centre.html?cid=GLBC_CHEELD
Chesterfield,Premier Inn Chesterfield North hotel,"Tapton Lock Hill, Chesterfield S41 7NJ, UK",0333 777 4593,https://www.premierinn.com/gb/en/hotels/england/derbyshire/chesterfield/chesterfield-north.html?cid=GLBC_CHELOC
Chesterfield,Travelodge Chesterfield Town Centre,"Lordsmill St, Chesterfield S41 7RW, UK",0871 984 6607,https://www.travelodge.co.uk/hotels/732/Chesterfield-Town-Centre-hotel?utm_source=google&utm_medium=GHA_Organic&utm_campaign=GHA_Chesterfield%20Town%20Centre
Chesterfield,Travelodge Chesterfield,"A61 Brimington Rd N, Whittington Moor, Old Whittington, Chesterfield S41 9BE, UK",0871 984 6129,https://www.travelodge.co.uk/hotels/121/chesterfield-hotel?utm_source=google&utm_medium=GHA_Organic&utm_campaign=GHA_Chesterfield&WT.tsrc=GHA_Organic
Chesterfield,Premier Inn Matlock hotel,"Bakewell Rd, Matlock DE4 3AZ, UK",0333 234 6447,https://www.premierinn.com/gb/en/hotels/england/derbyshire/matlock/matlock.html?cid=GLBC_MATBAK
Ashford,Holiday Inn Ashford - Central by IHG,"Canterbury Rd, Ashford TN24 8QQ, UK",01233 619600,https://www.ihg.com/holidayinn/hotels/gb/en/ashford/asdke/hoteldetail?cm_mmc=GoogleMaps-_-HI-_-GB-_-ASDKE
Ashford,Hampton by Hilton Ashford International,"Victoria Rd, Ashford TN23 7HJ, UK",01233 557799,https://www.hilton.com/en/hotels/qdhashx-hampton-ashford-international/?SEO_id=GMB-EMEA-HX-QDHASHX
Ashford,Premier Inn Ashford (Eureka Leisure Park) hotel,"Eureka Leisure Park, Rutherford Rd, Ashford TN25 4BN, UK",0333 777 3668,https://www.premierinn.com/gb/en/hotels/england/kent/ashford/ashford-eureka-leisure-park.html?cid=GLBC_ASHEUR
Ashford,Travelodge Ashford,"Rutherford Rd, Ashford TN25 4BN, UK",01233 622676,https://www.travelodge.co.uk/hotels/4/ashford-hotel?utm_source=google&utm_medium=GHA_Organic&utm_campaign=GHA_Ashford&WT.tsrc=GHA_Organic
Ashford,Travelodge Ashford Town Centre,"Elwick Place, Ashford TN23 1AX, UK",0871 984 6545,https://www.travelodge.co.uk/hotels/654/Ashford-Town-Centre-hotel?utm_source=google&utm_medium=GHA_Organic&utm_campaign=GHA_Ashford-Town-Centre&WT.tsrc=GHA_Organic
Ashford,Premier Inn Ashford Central hotel,"Orbital Business Park, Hall Ave, Willesborough, Ashford TN24 0GN, UK",0333 777 3669,https://www.premierinn.com/gb/en/hotels/england/kent/ashford/ashford-central.html?cid=GLBC_ASHFRE
Ashford,Holiday Inn Ashford - North A20 by IHG,"Maidstone Rd, A20, Hothfield, Ram Lane, Ashford TN26 1AR, UK",01233 713333,https://www.ihg.com/holidayinn/hotels/gb/en/ashford/asduk/hoteldetail?cm_mmc=GoogleMaps-_-HI-_-GB-_-ASDUK
Ashford,Premier Inn Ashford North hotel,"Maidstone Road, Hothfield Common, Ram Lane, Ashford TN26 1AP, UK",0333 777 3671,https://www.premierinn.com/gb/en/hotels/england/kent/ashford/ashford-north.html?cid=GLBC_ASHWOO
Ashford,"The View Hotel Folkestone, a member of Radisson Individuals","30-32 Clifton Rd, Folkestone CT20 2EF, UK",01303 252102,https://www.radissonhotels.com/en-us/hotels/radisson-individuals-folkestone?cid=a:se+b:gmb+c:emea+i:local+e:ri+d:ukirwe+h:GBFOLAAA
Guildford,Travelodge Guildford,"Woodbridge Meadows, Woodbridge Rd, Guildford GU1 1BD, UK",0871 984 6295,https://www.travelodge.co.uk/hotels/287/Guildford-hotel?utm_source=google&utm_medium=GHA_Organic&utm_campaign=GHA_Guildford&WT.tsrc=GHA_Organic
Guildford,Premier Inn Guildford North (A3) hotel,"Parkway, Guildford GU1 1UP, UK",0333 003 1689,https://www.premierinn.com/gb/en/hotels/england/surrey/guildford/guildford-north-a3.html?cid=GLBC_GUIPAR
Guildford,Holiday Inn Guildford by IHG,"Egerton Rd, Guildford GU2 7XZ, UK",0371 942 9036,https://www.ihg.com/holidayinn/hotels/gb/en/guildford/guisu/hoteldetail?cm_mmc=GoogleMaps-_-HI-_-GB-_-GUISU
Guildford,DoubleTree by Hilton Woking,"Victoria Way, Woking GU21 8EW, UK",01483 221000,https://www.hilton.com/en/hotels/xwowodi-doubletree-woking/?SEO_id=GMB-EMEA-DI-XWOWODI
Guildford,Premier Inn Woking West (A324) hotel,"Bridge Barn Ln, Woking GU21 6NL, UK",0333 321 9187,https://www.premierinn.com/gb/en/hotels/england/surrey/woking/woking-west-a324.html?cid=GLBC_WOKBRI
Guildford,Ramada Cobham M25,"Extra Cobham Service Area J9/10, Downside, M25 KT11 3DB, UK",01932 868958,https://hotels.welcomebreak.co.uk/hotel/ramada-cobham-m25/
Guildford,Premier Inn Woking Town Centre hotel,"Eurobet House, 10-24 Church St W, Woking GU21 6HT, UK",0333 321 9329,https://www.premierinn.com/gb/en/hotels/england/surrey/woking/woking-town-centre.html?cid=GLBC_WOKEUR
Guildford,Hilton Woking,"Church St W, Woking GU21 6AX, UK",01483 319000,https://www.hilton.com/en/hotels/xwowghi-hilton-woking/?SEO_id=GMB-EMEA-HI-XWOWGHI
Guildford,Premier Inn Camberley hotel,"10 Park St, Camberley GU15 3PL, UK",0333 321 9246,https://www.premierinn.com/gb/en/hotels/england/surrey/camberley/camberley.html?cid=GLBC_CAMPAR
Guildford,Travelodge Woking Central,"Oriental Rd, Woking GU22 7PJ, UK",0871 984 6462,https://www.travelodge.co.uk/hotels/566/Woking-Central-hotel?utm_source=google&utm_medium=GHA_Organic&utm_campaign=GHA_Woking_Central&WT.tsrc=GHA_Organic
Guildford,Travelodge Camberley Central,"1 Park St, Camberley GU15 3FX, UK",0800 640 3785,https://www.travelodge.co.uk/hotels/515/Camberley-Central-hotel?utm_source=google&utm_medium=GHA_Organic&utm_campaign=GHA_Camberley%20Central&WT.tsrc=GHA_Organic
Guildford,Premier Inn Cobham hotel,"Portsmouth Rd, Cobham KT11 1BW, UK",0333 777 4618,https://www.premierinn.com/gb/en/hotels/england/surrey/cobham/cobham.html?cid=GLBC_COBFAI
Lewisham,Travelodge London Lewisham,"227 Lewisham High St, London SE13 6LY, UK",0871 984 6590,https://www.travelodge.co.uk/hotels/695/London-Lewisham-hotel?utm_source=google&utm_medium=GHA_Organic&utm_campaign=GHA_London%20Lewisham&GHA_Organic
Lewisham,Travelodge London Greenwich High Road,"Greenwich High Rd, London SE10 8JH, UK",,https://www.travelodge.co.uk/hotels/594/London-Greenwich-High-Road-hotel?utm_source=google&utm_medium=GHA_Organic&utm_campaign=GHA_London%20Greenwich%20High%20Road
Lewisham,Novotel London Greenwich,"173-185 Greenwich High Rd, London SE10 8JA, UK",020 7660 0682,https://all.accor.com/lien_externe.svlt?goto=fiche_hotel&code_hotel=3476&merchantid=seo-maps-GB-3476&sourceid=aw-cen&utm_medium=seo%20maps&utm_source=google%20Maps&utm_campaign=seo%20maps
Lewisham,Travelodge London Greenwich,"Blackheath Rd, London SE10 8DA, UK",020 3195 4642,https://www.travelodge.co.uk/hotels/539/London-Greenwich-hotel?utm_source=google&utm_medium=GHA_Organic&utm_campaign=GHA_London%20Greenwich&WT.tsrc=GHA_Organic
Lewisham,Travelodge London Peckham,"121 Peckham High St, London SE15 5SF, UK",,https://www.travelodge.co.uk/hotels/691/London-Peckham-hotel?utm_source=google&utm_medium=GHA_Organic&utm_campaign=GHA_London%20Peckham&GHA_Organic
Lewisham,ibis London Greenwich,"30 Stockwell St, London SE10 9JN, UK",020 8305 1177,https://all.accor.com/lien_externe.svlt?goto=fiche_hotel&code_hotel=0975&merchantid=seo-maps-GB-0975&sourceid=aw-cen&utm_medium=seo%20maps&utm_source=google%20Maps&utm_campaign=seo%20maps
Lewisham,Holiday Inn Express London - Greenwich by IHG,"Bugsby's Wy, London SE10 0GD, UK",0371 902 1620,https://www.ihg.com/holidayinnexpress/hotels/gb/en/london/longm/hoteldetail?cm_mmc=GoogleMaps-_-EX-_-GB-_-LONGM
Lewisham,Best Western Peckham Hotel,"110 Peckham Rd, London SE15 5EU, UK",020 7701 4222,https://www.bestwestern.com/en_US/book/hotels-in-london/best-western-london-peckham-hotel/propertyCode.84204.html
Woolwich,DoubleTree by Hilton London ExCeL,"Royal Victoria Dock, 2 Festoon Way, London E16 1RH, UK",020 7540 4820,https://www.hilton.com/en/hotels/lonexdi-doubletree-london-excel/?SEO_id=GMB-EMEA-DI-LONEXDI
Woolwich,Aloft by Marriott London Excel,"One Eastern Gateway, Royal Victoria Dock, London E16 1FR, UK",020 3203 0700,https://www.marriott.com/en-us/hotels/lonal-aloft-london-excel/overview/?scid=f2ae0541-1279-4f24-b197-a979c79310b0
Woolwich,Holiday Inn Express London - Excel by IHG,"1018 Dockside Rd, London E16 2FQ, UK",020 3096 5888,https://www.ihg.com/holidayinnexpress/hotels/gb/en/london/lonxc/hoteldetail?cm_mmc=GoogleMaps-_-EX-_-GB-_-LONXC
Woolwich,Hampton by Hilton London Excel,"Dockside Rd, London E16 2FQ, UK",020 3002 2960,https://www.hilton.com/en/hotels/londlhx-hampton-london-excel/?SEO_id=GMB-EMEA-HX-LONDLHX
Woolwich,Premier Inn London Beckton hotel,"Beckton, 1 Woolwich Manor Way, London E6 5NT, UK",0333 321 1244,https://www.premierinn.com/gb/en/hotels/england/greater-london/london/london-beckton.html?cid=GLBC_BECWIN
Woolwich,Premier Inn London Docklands (Excel) hotel,"Royal Victoria Dock, 2 Festoon Way, London E16 1SJ, UK",0333 321 1258,https://www.premierinn.com/gb/en/hotels/england/greater-london/london/london-docklands-excel.html?cid=GLBC_LONDOC
Woolwich,Crowne Plaza London Docklands by IHG,"Royal Victoria Dock, Western Gateway, London E16 1AL, UK",020 7055 2000,https://www.ihg.com/crowneplaza/hotels/gb/en/london/lonxl/hoteldetail?cm_mmc=GoogleMaps-_-CP-_-GB-_-LONXL
Woolwich,Travelodge London Excel,"1016 Dockside Rd, London E16 2FQ, UK",0871 984 6298,https://www.travelodge.co.uk/hotels/553/London-Excel-hotel?utm_source=google&utm_medium=GHA_Organic&utm_campaign=GHA_London_Excel&WT.tsrc=GHA_Organic
Woolwich,Novotel London Excel,"Royal Victoria Dock, 7 Western Gateway, London E16 1AA, UK",020 7660 0677,https://all.accor.com/lien_externe.svlt?goto=fiche_hotel&code_hotel=3656&merchantid=seo-maps-GB-3656&sourceid=aw-cen&utm_medium=seo%20maps&utm_source=google%20Maps&utm_campaign=seo%20maps
Woolwich,ibis London Excel Docklands,"9 Western Gateway, London E16 1AB, UK",020 7055 2300,https://all.accor.com/hotel/3655/index.en.shtml
Woolwich,Premier Inn London Docklands (Canning Town) hotel,"Brunel St, Silvertown Way, Works E16 1ED, UK",020 3989 5498,https://www.premierinn.com/gb/en/hotels/england/greater-london/london/london-docklands-canning-town.html?cid=GLBC_LONCAN
Woolwich,Travelodge London City Airport,"1 Connaught Rd, London E16 2FA, UK",020 3195 5641,https://www.travelodge.co.uk/hotels/294/london-city-airport-hotel?utm_source=google&utm_medium=GHA_Organic&utm_campaign=GHA_London%20City%20Airport&WT.tsrc=GHA_Organic
Woolwich,ibis London Canning Town,"8 Silvertown Way, London E16 1ED, UK",020 3002 1614,https://all.accor.com/lien_externe.svlt?goto=fiche_hotel&code_hotel=A070&merchantid=seo-maps-GB-A070&sourceid=aw-cen&utm_medium=seo%20maps&utm_source=google%20Maps&utm_campaign=seo%20maps
Woolwich,"Holiday Inn Express London-Royal Docks, Docklands by IHG","1 Silvertown Way, London E16 1EA, UK",020 7540 4040,https://www.ihg.com/holidayinnexpress/hotels/gb/en/london/lonsi/hoteldetail?cm_mmc=GoogleMaps-_-EX-_-GB-_-LONSI
Woolwich,Travelodge London Belvedere,"Clydesdale Way, Belvedere DA17 6FB, UK",0871 559 1882,https://www.travelodge.co.uk/hotels/604/London-Belvedere-hotel?utm_source=google&utm_medium=GHA_Organic&utm_campaign=GHA_London_Belvedere&WT.tsrc=GHA_Organic
Weston-super-Mare,Premier Inn Weston-Super-Mare (Seafront) hotel,"Beach Rd, Weston-super-Mare BS23 1TT, UK",0333 321 9279,https://www.premierinn.com/gb/en/hotels/england/somerset/weston-super-mare/weston-super-mare-seafront.html?cid=GLBC_WESBEA
Weston-super-Mare,Premier Inn Weston-Super-Mare East (A370) hotel,"Hutton Moor Rd, Weston-super-Mare BS22 8LY, UK",0333 321 9142,https://www.premierinn.com/gb/en/hotels/england/somerset/weston-super-mare/weston-super-mare-east-a370.html?cid=GLBC_WESPAV
Weston-super-Mare,Travelodge Weston-super-Mare,"4 Beaufighter Rd, Weston-super-Mare BS24 8EE, UK",0871 559 1879,https://www.travelodge.co.uk/hotels/601/Weston-super-Mare-hotel?utm_source=google&utm_medium=GHA_Organic&utm_campaign=GHA_Weston-super-Mare&WT.tsrc=GHA_Organic
Weston-super-Mare,Premier Inn Weston Super Mare Jct 22 M5 (Lympsham) hotel,"Bridgwater Rd, Bleadon, Weston-super-Mare BS24 0BP, UK",0333 321 9141,https://www.premierinn.com/gb/en/hotels/england/somerset/weston-super-mare/weston-super-mare-jct-22-m5-lympsham.html?cid=GLBC_WESHOB
West Bromwich,Travelodge West Bromwich,"3 Providence Pl, West Bromwich B70 8SZ, UK",,https://www.travelodge.co.uk/hotels/621/West-Bromwich-hotel?utm_source=google&utm_medium=GHA_Organic&utm_campaign=GHA_West_Bromwich
West Bromwich,Best Western Plough and Harrow Hotel,"135 Hagley Rd, Birmingham B16 8LS, UK",0333 003 4274,https://www.bestwestern.co.uk/hotels/best-western-plough-harrow-hotel-84227?utm_source=google_places&utm_medium=organic&utm_campaign=Best_Western_Plough_Harrow_Hotel
West Bromwich,Hampton by Hilton Birmingham Jewellery Quarter,"98-104 Constitution Hill, Birmingham B19 3JT, UK",0121 227 1888,https://www.hilton.com/en/hotels/bhxbnhx-hampton-birmingham-jewellery-quarter/?SEO_id=GMB-EMEA-HX-BHXBNHX
West Bromwich,Travelodge Birmingham Oldbury,"Wolverhampton Rd, Oldbury B69 2BH, UK",0871 984 6095,https://www.travelodge.co.uk/hotels/164/birmingham-oldbury-hotel?utm_source=google&utm_medium=GHA_Organic&utm_campaign=GHA_Birmingham%20Oldbury&WT.tsrc=GHA_Organic
West Bromwich,Hotel ibis Styles Birmingham Centre,"65 Lionel St, Birmingham B3 1JE, UK",0121 200 1900,https://all.accor.com/hotel/9130/index.en.shtml
Edgware,Holiday Inn Express London - Golders Green (A406) by IHG,"58 Regents Park Rd, London N3 3JN, UK",020 8371 6060,https://www.ihg.com/holidayinnexpress/hotels/gb/en/london/longg/hoteldetail?cm_mmc=GoogleMaps-_-EX-_-GB-_-LONGG
Edgware,Travelodge London Brent Cross,"Denmark House, Edgware Rd, London NW9 7BW, UK",,https://www.travelodge.co.uk/hotels/624/London-Brent-Cross-hotel?utm_source=google&utm_medium=GHA_Organic&utm_campaign=GHA_London_Brent_Cross
Edgware,Premier Inn London Elstree / Borehamwood hotel,"Warwick Rd, Borehamwood WD6 1US, UK",0333 321 1261,https://www.premierinn.com/gb/en/hotels/england/hertfordshire/london/london-elstree-borehamwood.html?cid=GLBC_ELSBAR
Bury,Premier Inn Bury St Edmunds Town Centre hotel,"The Churchyard, New Shire Hall, Raingate St, Bury St Edmunds, Bury Saint Edmunds IP33 1RX, UK",0333 321 9354,https://www.premierinn.com/gb/en/hotels/england/suffolk/bury-st-edmunds/bury-st-edmunds-town-centre.html?cid=GLBC_BURSTE
Tamworth,Premier Inn Tamworth Central hotel,"Bonehill Rd, Bitterscote, Tamworth B78 3HQ, UK",0333 321 9067,https://www.premierinn.com/gb/en/hotels/england/staffordshire/tamworth/tamworth-central.html?cid=GLBC_TAMLAD
Tamworth,Holiday Inn Express Tamworth by IHG,"Leisure Island, Riverdrive, Tamworth B79 7ND, UK",01827 303220,https://www.ihg.com/holidayinnexpress/hotels/gb/en/tamworth/bhxts/hoteldetail?cm_mmc=GoogleMaps-_-EX-_-GB-_-BHXTS
Tamworth,Travelodge Tamworth Central,"Bolebridge St, Tamworth B79 7AG, UK",0871 984 6390,http://www.travelodge.co.uk/hotels/551/Tamworth-Central-hotel?utm_source=google&utm_medium=GHA_Organic&utm_campaign=GHA_Tamworth%20Central
Tamworth,Premier Inn Tamworth South hotel,"Watling St, Wilnecote, Tamworth B77 5PN, UK",0333 321 9069,https://www.premierinn.com/gb/en/hotels/england/staffordshire/tamworth/tamworth-south.html?cid=GLBC_TAMCEN
Tamworth,Travelodge Tamworth M42,"Tamworth Motorway Services Area, M42, Wilnecote, Tamworth B77 5PS, UK",,https://www.travelodge.co.uk/hotels/182/tamworth-m42-hotel?utm_source=google&utm_medium=GHA_Organic&utm_campaign=GHA_Tamworth%20M42&WT.tsrc=GHA_Organic
Tamworth,Premier Inn Lichfield City Centre hotel,"The Cottage, Beacon Park, Swan Rd, Lichfield WS13 6QZ, UK",0333 321 9317,https://www.premierinn.com/gb/en/hotels/england/staffordshire/lichfield/lichfield-city-centre.html?cid=GLBC_LICSWA
Chatham,Premier Inn Chatham/Gillingham (Victory Pier) hotel,"Blake Ave, Gillingham ME7 1GB, UK",0333 321 9353,https://www.premierinn.com/gb/en/hotels/england/kent/gillingham/chathamgillingham-victory-pier.html?cid=GLBC_GILVIC
Chatham,Travelodge Chatham Maritime,"Historic Dockyard, Western Ave, Chatham ME4 4NT, UK",,https://www.travelodge.co.uk/hotels/598/Chatham-Maritime-hotel?utm_source=google&utm_medium=GHA_Organic&utm_campaign=GHA_Chatham%20Maritime&WT.tsrc=GHA_Organic
Chatham,Premier Inn Rochester hotel,"Medway Valley Leisure Park, Chariot Way, Rochester ME2 2SS, UK",0333 321 8451,https://www.premierinn.com/gb/en/hotels/england/kent/rochester/rochester.html?cid=GLBC_ROCTHY
Chatham,Premier Inn Gillingham Business Park hotel,"Will Adams Way, Gillingham ME8 6BY, UK",0333 777 7281,https://www.premierinn.com/gb/en/hotels/england/kent/gillingham/gillingham-business-park.html?cid=GLBC_GILHON
Chatham,Travelodge Rochester,"11 Cory's Rd, Rochester ME1 1GR, UK",,https://www.travelodge.co.uk/hotels/663/Rochester-hotel?utm_source=google&utm_medium=GHA_Organic&utm_campaign=GHA_Rochester&WT.tsrc=GHA_Organic
Chatham,Premier Inn Rainham (Kent) hotel,"High St, Rainham, Gillingham ME8 7JE, UK",0333 321 9211,https://www.premierinn.com/gb/en/hotels/england/kent/gillingham/rainham-kent.html?cid=GLBC_GILLIN
Carlisle,ibis Carlisle City Centre,"Portlands, Botchergate Car Park Postcode: Ca1 1nt, Carlisle CA1 1RL, UK",01228 587690,https://all.accor.com/lien_externe.svlt?goto=fiche_hotel&code_hotel=3443&merchantid=seo-maps-GB-3443&sourceid=aw-cen&utm_medium=seo%20maps&utm_source=google%20Maps&utm_campaign=seo%20maps
Carlisle,Carlisle Station Hotel | Sure Collection by Best Western,"Court Square, Carlisle CA1 1QY, UK",0330 028 3401,http://www.carlislestationhotel.co.uk/
Carlisle,Premier Inn Carlisle M6 Jct44 hotel,"Parkhouse Rd, Carlisle CA3 0JR, UK",0333 777 3987,https://www.premierinn.com/gb/en/hotels/england/cumbria/carlisle/carlisle-m6-jct44.html?cid=GLBC_CARMOT
Carlisle,Travelodge Carlisle Central,"Cecil St, Carlisle CA1 1NL, UK",,https://www.travelodge.co.uk/hotels/362/carlisle-central-hotel?utm_source=google&utm_medium=GHA_Organic&utm_campaign=GHA_Carlisle%20Central&WT.tsrc=GHA_Organic
Carlisle,Premier Inn Carlisle Central hotel,"Warwick Rd, Carlisle CA1 2WF, UK",0333 777 3988,https://www.premierinn.com/gb/en/hotels/england/cumbria/carlisle/carlisle-central.html?cid=GLBC_CARLAK
Carlisle,Premier Inn Carlisle M6 J42 hotel,"Carleton, Carlisle CA4 0AD, UK",0333 777 3986,https://www.premierinn.com/gb/en/hotels/england/cumbria/carlisle/carlisle-m6-jct42.html?cid=GLBC_CARBRE
Carlisle,Travelodge Carlisle Todhills M6,"M6, Todhills, Southbound CA6 4HA, UK",0871 984 6127,https://www.travelodge.co.uk/hotels/199/carlisle-todhills-hotel?utm_source=google&utm_medium=GHA_Organic&utm_campaign=GHA_Carlisle%20Todhills&WT.tsrc=GHA_Organic
Carlisle,Premier Inn Carlisle Central North hotel,"Kingstown Rd, Carlisle CA3 0AT, UK",0333 777 3989,https://www.premierinn.com/gb/en/hotels/england/cumbria/carlisle/carlisle-central-north.html?cid=GLBC_CARGOS
Carlisle,Travelodge Carlisle M6,"M6, Carlisle CA4 0NS, UK",0871 984 6128,https://www.travelodge.co.uk/hotels/200/carlisle-m6-hotel?utm_source=google&utm_medium=GHA_Organic&utm_campaign=GHA_Carlisle%20M6&WT.tsrc=GHA_Organic
Crewe,Travelodge Crewe,"Beswick Dr, Crewe CW1 5NP, UK",0871 984 6296,https://www.travelodge.co.uk/hotels/293/crewe-hotel?utm_source=google&utm_medium=GHA_Organic&utm_campaign=GHA_Crewe&WT.tsrc=GHA_Organic
Crewe,Premier Inn Crewe Central hotel,"Weston Rd, Crewe CW1 6FX, UK",0333 777 4632,https://www.premierinn.com/gb/en/hotels/england/cheshire/crewe/crewe-central.html?cid=GLBC_CREBRO
Crewe,ibis Styles Crewe,"Emperor Way, Crewe Business Park, Crewe CW1 6BD, UK",01270 506620,https://all.accor.com/lien_externe.svlt?goto=fiche_hotel&code_hotel=9548&merchantid=seo-maps-GB-9548&sourceid=aw-cen&utm_medium=seo%20maps&utm_source=google%20Maps&utm_campaign=seo%20maps
Crewe,Travelodge Crewe Barthomley,"Alsager Rd, Crewe CW2 5PT, UK",0871 984 6071,https://www.travelodge.co.uk/hotels/122/crewe-barthomley-hotel?utm_source=google&utm_medium=GHA_Organic&utm_campaign=GHA_Crewe%20Barthomley&WT.tsrc=GHA_Organic
Crewe,Premier Inn Crewe (Nantwich) hotel,"221 Crewe Rd, Crewe, Willaston, Nantwich CW5 6NE, UK",0333 321 1335,https://www.premierinn.com/gb/en/hotels/england/cheshire/crewe/crewe-nantwich.html?cid=GLBC_NANPEA
Crewe,Premier Inn Crewe West hotel,"Coppenhall Ln, Crewe CW2 8SD, UK",0333 777 4633,https://www.premierinn.com/gb/en/hotels/england/cheshire/crewe/crewe-west.html?cid=GLBC_CREFAR
Crewe,Dancenter near Crewe Station former Holiday Inn,"Macon Way, Crewe CW1 6DR, UK",01270 306157,https://www.oyorooms.com/294739/
Bootle,Premier Inn Liverpool North hotel,"Northern Perimeter Rd, Netherton, Bootle L30 7PT, UK",0333 321 1236,https://www.premierinn.com/gb/en/hotels/england/merseyside/liverpool/liverpool-north.html?cid=GLBC_LIVPAC
Bootle,Travelodge Liverpool Stonedale Park,"A580, Liverpool L11 9DH, UK",0871 984 6437,https://www.travelodge.co.uk/hotels/413/liverpool-stonedale-park-hotel?utm_source=google&utm_medium=GHA_Organic&utm_campaign=GHA_Liverpool%20Stonedale%20Park&WT.tsrc=GHA_Organic
Bootle,"Holiday Inn Express Liverpool - Knowsley M57,JCT.4, an IHG Hotel CLOSED.","Ribblers Ln, Knowsley, Liverpool L34 9HA, UK",0151 549 2700,https://www.ihg.com/hotels/gb/en/liverpool/lplrl/hoteldetail?cm_mmc=GoogleMaps-_-EX-_-GB-_-LPLRL
Harrogate,DoubleTree by Hilton Harrogate Majestic Hotel & Spa,"Ripon Rd, Harrogate HG1 2HU, UK",01423 700300,https://www.hilton.com/en/hotels/lbahadi-doubletree-harrogate-majestic-hotel-and-spa/?SEO_id=GMB-EMEA-DI-LBAHADI
Harrogate,Crowne Plaza Harrogate by IHG,"King's Rd, Harrogate HG1 1XX, UK",01423 849988,https://www.ihg.com/crowneplaza/hotels/gb/en/harrogate/hrtuk/hoteldetail?cm_mmc=GoogleMaps-_-CP-_-GB-_-HRTUK
Harrogate,Premier Inn Harrogate Town Centre hotel,"9 Springfield Ave, Harrogate HG1 2HY, UK",0333 321 9312,https://www.premierinn.com/gb/en/hotels/england/north-yorkshire/harrogate/harrogate-town-centre.html?cid=GLBC_HARSPR
Harrogate,Premier Inn Harrogate South hotel,"Hornbeam Park Ave, Harrogate HG2 8RA, UK",0333 003 1694,https://www.premierinn.com/gb/en/hotels/england/north-yorkshire/harrogate/harrogate-south.html?cid=GLBC_HARHOR
Harrogate,Travelodge Harrogate,"2 The Ginnel, Harrogate HG1 2RB, UK",0871 984 6238,https://www.travelodge.co.uk/hotels/262/harrogate-hotel?utm_source=google&utm_medium=GHA_Organic&utm_campaign=GHA_Harrogate&WT.tsrc=GHA_Organic
Harrogate,Travelodge Harrogate West Park,"26 Tower St, Harrogate HG1 1HS, UK",0871 559 1874,https://www.travelodge.co.uk/hotels/595/Harrogate-West-Park-hotel?utm_source=google&utm_medium=GHA_Organic&utm_campaign=GHA_Harrogate%20West%20Park&WT.tsrc=GHA_Organic
Maidenhead,Premier Inn Maidenhead Town Centre hotel,"Kidwells Park Dr, Maidenhead SL6 8AQ, UK",0333 321 9357,https://www.premierinn.com/gb/en/hotels/england/berkshire/maidenhead/maidenhead-town-centre.html?cid=GLBC_MAITHY
Maidenhead,Travelodge Maidenhead Central,"The Bell, 99 King St, Maidenhead SL6 1DP, UK",01628 633553,https://www.travelodge.co.uk/hotels/494/maidenhead-central-hotel?utm_source=google&utm_medium=GHA_Organic&utm_campaign=GHA_Maidenhead%20Central&WT.tsrc=GHA_Organic
Maidenhead,Holiday Inn Maidenhead/Windsor by IHG,"Berkshire, Manor Ln, Maidenhead SL6 2RA, UK",0371 942 9053,https://www.ihg.com/holidayinn/hotels/gb/en/maidenhead/mdnuk/hoteldetail?cm_mmc=GoogleMaps-_-HI-_-GB-_-MDNUK
Maidenhead,Holiday Inn Express Windsor,"71 Alma Rd, Windsor SL4 3HD, UK",01753 857541,https://www.ihg.com/holidayinnexpress/hotels/gb/en/windsor/lonwx/hoteldetail?cm_mmc=GoogleMaps-_-EX-_-GB-_-LONWX
Burnley,Travelodge Burnley,"Barracks Rd, Burnley BB11 4SB, UK",0871 984 6125,https://www.travelodge.co.uk/hotels/118/burnley-hotel?utm_source=google&utm_medium=GHA_Organic&utm_campaign=GHA_Burnley&WT.tsrc=GHA_Organic
Enfield,Travelodge London Enfield,"Great Cambridge Rd, Enfield EN1 1SW, UK",,https://www.travelodge.co.uk/hotels/552/London-Enfield-hotel?utm_source=google&utm_medium=GHA_Organic&utm_campaign=GHA_London_Enfield&WT.tsrc=GHA_Organic
Enfield,Premier Inn London Southgate hotel,"John Bradshaw Rd, London N14 6BN, UK",0333 234 6538,https://www.premierinn.com/gb/en/hotels/england/greater-london/london/london-southgate.html?cid=GLBC_LONSGA
Enfield,Premier Inn London New Southgate hotel,"Ladderswood Way, Arnos Grove, London N11 1FH, UK",020 3961 8164,https://www.premierinn.com/gb/en/hotels/england/greater-london/london/london-new-southgate.html?cid=GLBC_LONNEW
Enfield,Travelodge Cheshunt,"Park Plaza, Great Cambridge Rd, Cheshunt, Waltham Cross EN8 8DY, UK",0871 984 6349,https://www.travelodge.co.uk/hotels/339/cheshunt-hotel?utm_source=google&utm_medium=GHA_Organic&utm_campaign=GHA_Cheshunt&WT.tsrc=GHA_Organic
Gravesend,Premier Inn Gravesend Central hotel,"Wrotham Rd, Gravesend DA11 7LF, UK",0333 003 1686,https://www.premierinn.com/gb/en/hotels/england/kent/gravesend/gravesend-central.html?cid=GLBC_GRAWOO
Gravesend,Premier Inn Gravesend (A2/Singlewell) hotel,"6 Hever Ct Rd, Singlewell, Gravesend DA12 5UQ, UK",0333 003 1685,https://www.premierinn.com/gb/en/hotels/england/kent/gravesend/gravesend-a2singlewell.html?cid=GLBC_GRAGEO
South Shields,Premier Inn Whitley Bay hotel,"9, Spanish City Plaza, Whitley Bay NE26 1BG, UK",0333 234 6570,https://www.premierinn.com/gb/en/hotels/england/tyne-and-wear/whitley-bay/whitley-bay.html?cid=GLBC_WHIBAY
Burton-on-Trent,Premier Inn Burton On Trent Central hotel,"Wellington Rd, Burton upon Trent, Burton-on-Trent DE14 2WD, UK",0333 321 9217,https://www.premierinn.com/gb/en/hotels/england/staffordshire/burton-on-trent/burton-on-trent-central.html?cid=GLBC_BURCEN
Burton-on-Trent,Holiday Inn Express Burton Upon Trent by IHG,"100, Centrum, Second Ave, Burton upon Trent, Burton-on-Trent DE14 2WF, UK",01283 504300,https://www.ihg.com/holidayinnexpress/hotels/gb/en/burton-on-trent/butuk/hoteldetail?cm_mmc=GoogleMaps-_-EX-_-GB-_-BUTUK
Burton-on-Trent,ibis Styles Burton Upon Trent - Hotel & Suites,"Centrum, 100 Second Ave, Burton upon Trent, Burton-on-Trent DE14 2WF, UK",01283 902886,https://all.accor.com/lien_externe.svlt?goto=fiche_hotel&code_hotel=B9J6&merchantid=seo-maps-GB-B9J6&sourceid=aw-cen&utm_medium=seo%20maps&utm_source=google%20Maps&utm_campaign=seo%20maps
Burton-on-Trent,"Hilton at St George's Park, Burton Upon Trent","Newborough Rd, Needwood, Burton-on-Trent DE13 9PD, UK",01283 240444,https://www.hilton.com/en/hotels/emabthi-hilton-at-st-georges-park-burton-upon-trent/?SEO_id=GMB-EMEA-HI-EMABTHI
Burton-on-Trent,Travelodge Burton upon Trent Central,"Derby St, Burton upon Trent, Burton-on-Trent DE14 2JJ, UK",0871 984 6273,https://www.travelodge.co.uk/hotels/556/Burton-upon-Trent-Central-hotel?utm_source=google&utm_medium=GHA_Organic&utm_campaign=GHA_Burton%20upon%20Trent%20Central
Burton-on-Trent,Premier Inn Burton On Trent East hotel,"82 Ashby Rd, Burton-on-Trent DE15 0PU, UK",0333 777 3971,https://www.premierinn.com/gb/en/hotels/england/staffordshire/burton-on-trent/burton-on-trent-east.html?cid=GLBC_BURSTA
Burton-on-Trent,Travelodge Burton A38 Southbound,"Graycar Business Park, A38, Barton-under-Needwood, Burton-on-Trent DE13 8EH, UK",020 3195 4935,https://www.travelodge.co.uk/
Burton-on-Trent,Premier Inn Ashby De La Zouch hotel,"Flagstaff Island, Flagstaff Pk, Ashby-de-la-Zouch LE65 1JP, UK",0333 777 3667,https://www.premierinn.com/gb/en/hotels/england/leicestershire/ashby-de-la-zouch/ashby-de-la-zouch.html?cid=GLBC_ASHBRE
Shrewsbury,Premier Inn Shrewsbury Town Centre hotel,"Smithfield Rd, Shrewsbury SY1 1PG, UK",0333 321 9295,https://www.premierinn.com/gb/en/hotels/england/shropshire/shrewsbury/shrewsbury-town-centre.html?cid=GLBC_SHRSMI
Shrewsbury,Premier Inn Shrewsbury North (Harmer Hill) hotel,"Wem Rd, Harmer Hill, Shrewsbury SY4 3DS, UK",0333 321 8672,https://www.premierinn.com/gb/en/hotels/england/shropshire/shrewsbury/shrewsbury-north-harmer-hill.html?cid=GLBC_SHRBRI
Shrewsbury,Travelodge Shrewsbury Bayston Hill,"A5, A49, Bayston Hill, Shrewsbury SY3 0DA, UK",0871 984 6103,https://www.travelodge.co.uk/hotels/175/shrewsbury-bayston-hill-hotel?utm_source=google&utm_medium=GHA_Organic&utm_campaign=GHA_Shrewsbury%20Bayston%20Hill&WT.tsrc=GHA_Organic
Shrewsbury,"Albrighton Hall and Spa, a member of Radisson Individuals","Ellesmere Rd, Albrighton, Shrewsbury SY4 3AG, UK",01939 291000,https://www.radissonhotels.com/en-us/hotels/radisson-individuals-spa-albrighton-shrewsbury?cid=a:se+b:gmb+c:emea+i:local+e:ri+d:ukirwe+h:GBSBRAAA
Shrewsbury,Travelodge Shrewsbury Battlefield,"Battlefield Roundabout Junction, A49 and A53, Shrewsbury SY4 3EQ, UK",0871 984 6120,https://www.travelodge.co.uk/hotels/289/shrewsbury-battlefield-hotel?utm_source=google&utm_medium=GHA_Organic&utm_campaign=GHA_Shrewsbury%20Battlefield&WT.tsrc=GHA_Organic
Rugby,Premier Inn Rugby North (M6 Jct1) hotel,"Central Park Dr, Rugby CV23 0WE, UK",0333 321 8456,https://www.premierinn.com/gb/en/hotels/england/warwickshire/rugby/rugby-north-m6-jct1.html?cid=GLBC_RUGBRE
Rugby,Premier Inn Rugby North (Newbold) hotel,"Brownsover Rd, Rugby CV21 1HL, UK",0333 321 8457,https://www.premierinn.com/gb/en/hotels/england/warwickshire/rugby/rugby-north-newbold.html?cid=GLBC_RUGBEL
Rugby,Travelodge Rugby Central,"Red Poll Rd, Rugby CV21 3LA, UK",0871 984 6449,https://www.travelodge.co.uk/hotels/430/rugby-central-hotel?utm_source=google&utm_medium=GHA_Organic&utm_campaign=GHA_Rugby%20Central&WT.tsrc=GHA_Organic
Rugby,Best Western Plus Ullesthorpe Court Hotel & Golf Club,"Frolesworth Rd, Ullesthorpe, Lutterworth LE17 5BZ, UK",01455 209023,https://www.ullesthorpecourt.co.uk/
Rugby,Travelodge Rugby Dunchurch,"London Rd, Dunchurch, Rugby CV23 9LG, UK",0871 984 6099,https://www.travelodge.co.uk/hotels/172/rugby-dunchurch-hotel?utm_source=google&utm_medium=GHA_Organic&utm_campaign=GHA_Rugby%20Dunchurch&WT.tsrc=GHA_Organic
Rugby,ibis Rugby East,"Dirft East, Parklands, Crick, Rugby NN6 7EX, UK",01788 824331,https://all.accor.com/lien_externe.svlt?goto=fiche_hotel&code_hotel=3588&merchantid=seo-maps-GB-3588&sourceid=aw-cen&utm_medium=seo%20maps&utm_source=google%20Maps&utm_campaign=seo%20maps
Rugby,Travelodge Lutterworth,"Rugby Rd, Lutterworth LE17 4BP, UK",0871 984 6182,https://www.travelodge.co.uk/hotels/291/lutterworth-hotel?utm_source=google&utm_medium=GHA_Organic&utm_campaign=GHA_Lutterworth&WT.tsrc=GHA_Organic
Stafford,Holiday Inn Express Stafford by IHG,"Acton Ct, Stafford ST18 9AP, UK",0371 902 1551,https://www.ihg.com/holidayinnexpress/hotels/gb/en/stafford/sffso/hoteldetail?cm_mmc=GoogleMaps-_-EX-_-GB-_-SFFSO
Stafford,Premier Inn Stafford North (Hurricane) hotel,"The Shire Horse, 1 Hurricane Cl, Stafford ST16 1GZ, UK",0333 321 9025,https://www.premierinn.com/gb/en/hotels/england/staffordshire/stafford/stafford-north-hurricane.html?cid=GLBC_STASHI
Stafford,Travelodge Stafford Central,"the hough retail park, Lichfield Rd, Stafford ST17 4LU, UK",0871 984 6361,https://www.travelodge.co.uk/hotels/386/stafford-central-hotel?utm_source=google&utm_medium=GHA_Organic&utm_campaign=GHA_Stafford%20Central&WT.tsrc=GHA_Organic
Stafford,Days Inn by Wyndham Stafford,"Roadchef Motorway Svc Area, Stone ST15 0XE, UK",0808 175 4930,https://www.wyndhamhotels.com/en-uk/days-inn/stone-united-kingdom/days-inn-stafford/overview?CID=LC:iqv0j1dklijly45:40514&iata=00093796
Stafford,Premier Inn Stafford North (Spitfire) hotel,"1 Spitfire Cl, Stafford ST16 1GX, UK",0333 321 9026,https://www.premierinn.com/gb/en/hotels/england/staffordshire/stafford/stafford-north-spitfire.html?cid=GLBC_STABRE
Stafford,Travelodge Stafford M6,"Moto Service Area, Eccleshall Rd, Stafford ST15 0EU, UK",0871 984 6105,https://www.travelodge.co.uk/hotels/178/stafford-m6-hotel?utm_source=google&utm_medium=GHA_Organic&utm_campaign=GHA_Stafford%20M6&WT.tsrc=GHA_Organic
Taunton,Premier Inn Taunton Central (North) hotel,"Massingham Park, Priorswood Rd, Taunton TA2 7RX, UK",0333 321 9072,https://www.premierinn.com/gb/en/hotels/england/somerset/taunton/taunton-central-north.html?cid=GLBC_TAUBRE
Taunton,"Holiday Inn Taunton M5, JCT.25 by IHG","Deane Gate Ave, Taunton TA1 2UA, UK",0333 320 9354,https://www.ihg.com/holidayinn/hotels/gb/en/taunton/tntss/hoteldetail?cm_mmc=GoogleMaps-_-HI-_-GB-_-TNTSS
Taunton,Holiday Inn Express Taunton East by IHG,"Blackbrook Business Park, Blackbrook Park Ave, Taunton TA1 2PX, UK",0371 902 1632,https://www.ihg.com/holidayinnexpress/hotels/gb/en/taunton/tntuk/hoteldetail?cm_mmc=GoogleMaps-_-EX-_-GB-_-TNTUK
Taunton,Premier Inn Taunton East hotel,"81 Bridgwater Rd, Taunton TA1 2DU, UK",0333 321 9073,https://www.premierinn.com/gb/en/hotels/england/somerset/taunton/taunton-east.html?cid=GLBC_TAUWHI
Taunton,Days Inn by Wyndham Taunton,"Roadchef, Taunton Deane Motorway Services Area, Taunton TA3 7PF, UK",0808 175 4934,https://www.wyndhamhotels.com/en-uk/days-inn/taunton-united-kingdom/days-inn-taunton/overview?CID=LC:iqv0j1dklijly45:40550&iata=00093796
Taunton,Travelodge Taunton,"2 Hankridge Way, Taunton TA1 2LR, UK",0871 984 6056,https://www.travelodge.co.uk/hotels/101/taunton-hotel?utm_source=google&utm_medium=GHA_Organic&utm_campaign=GHA_Taunton&WT.tsrc=GHA_Organic
Taunton,Premier Inn Taunton Ruishton hotel,"Ruishton Ln, Taunton TA3 5LU, UK",0333 321 9071,https://www.premierinn.com/gb/en/hotels/england/somerset/taunton/taunton-ruishton-m5-j25.html?cid=GLBC_TAUBLA
Taunton,Mercure Bridgwater Hotel,"56 66 Eastover, Bridgwater TA6 5AR, UK",,https://all.accor.com/lien_externe.svlt?goto=fiche_hotel&code_hotel=9861&merchantid=seo-maps-GB-9861&sourceid=aw-cen&utm_medium=seo%20maps&utm_source=google%20Maps&utm_campaign=seo%20maps
Taunton,Travelodge Wellington Somerset,"West Park, Wellington TA21 9AD, UK",0871 559 1858,https://www.travelodge.co.uk/hotels/572/Wellington-Somerset-hotel?utm_source=google&utm_medium=GHA_Organic&utm_campaign=GHA_Wellington_Somerset&WT.tsrc=GHA_Organic
Taunton,"Premier Inn Bridgwater Gateway (M5, J24)","Gateway, Bridgwater TA6 6DF, UK",0871 527 8000,https://www.premierinn.com/gb/en/hotels/england/somerset/bridgwater/bridgwater-gateway.html?cid=GLBC_BRIGAT
Taunton,Travelodge Ilminster,"A303 Southfields Roundabout, Horton Cross, Ilminster TA19 9PT, UK",0871 984 6229,https://www.travelodge.co.uk/hotels/88/ilminster-hotel?utm_source=google&utm_medium=GHA_Organic&utm_campaign=GHA_Ilminster&WT.tsrc=GHA_Organic
Taunton,Holiday Inn Express Bridgwater,"Market Way, Bridgwater TA6 6DF, UK",01278 558250,https://www.ihg.com/holidayinnexpress/hotels/gb/en/bridgwater/brsbw/hoteldetail?cm_mmc=GoogleMaps-_-EX-_-GB-_-BRSBW
Taunton,Travelodge Bridgwater M5,"First Motorway Services, Huntworth Business Park, Huntworth Ln, Bridgwater TA6 6TS, UK",0871 984 6243,https://www.travelodge.co.uk/hotels/77/bridgwater-m5-hotel?utm_source=google&utm_medium=GHA_Organic&utm_campaign=GHA_Bridgwater%20M5&WT.tsrc=GHA_Organic
Tynemouth,Premier Inn Newcastle (Holystone) hotel,"Edmund Rd, Holystone, Newcastle upon Tyne NE27 0UN, UK",0333 321 1338,https://www.premierinn.com/gb/en/hotels/england/tyne-and-wear/newcastle/newcastle-holystone.html?cid=GLBC_NEWSTO
Tynemouth,Travelodge Newcastle Cobalt Business Park,"Silver Fox Way, Newcastle upon Tyne NE27 0QJ, UK",0871 984 6588,https://www.travelodge.co.uk/hotels/694/Newcastle-Cobalt-Business-Park-hotel?utm_source=google&utm_medium=GHA_Organic&utm_campaign=GHA_Newcastle_Cobalt_Business_Park&=GHA_Organic
Cannock,Premier Inn Rugeley hotel,"tower business park, Power Station Rd, Rugeley WS15 1LX, UK",0333 321 9213,https://www.premierinn.com/gb/en/hotels/england/staffordshire/rugeley/rugeley.html?cid=GLBC_RUGELE
Cannock,Travelodge Rugeley,"A51, b5031 Western Springs Rd, Rugeley WS15 2AS, UK",0871 984 6102,https://www.travelodge.co.uk/hotels/173/rugeley-hotel?utm_source=google&utm_medium=GHA_Organic&utm_campaign=GHA_Rugeley&WT.tsrc=GHA_Organic
Farnborough,Holiday Inn Farnborough by IHG,"Hampshire, Lynchford Rd, Farnborough GU14 6AZ, UK",01252 859200,https://www.ihg.com/holidayinn/hotels/gb/en/farnborough/fabht/hoteldetail?cm_mmc=GoogleMaps-_-HI-_-GB-_-FABHT
Farnborough,Village Hotel Farnborough,"Pinehurst Rd, Farnborough GU14 7BF, UK",0333 006 5222,https://www.village-hotels.co.uk/hotels/farnborough/?utm_source=google&utm_medium=organic&utm_campaign=farnborough-gmb
Farnborough,Travelodge Farnborough Central,"Victoria Rd, Farnborough GU14 7RQ, UK",0871 984 6423,https://www.travelodge.co.uk/hotels/411/farnborough-central-hotel?utm_source=google&utm_medium=GHA_Organic&utm_campaign=gttFarnborough%20Central&WT.tsrc=GHA_Organic
Farnborough,Premier Inn Farnborough Town Centre hotel,"3 Kingsmead, Farnborough GU14 7SJ, UK",0333 321 9425,https://www.premierinn.com/gb/en/hotels/england/hampshire/farnborough/farnborough-town-centre.html?cid=GLBC_FARTOW
Farnborough,Premier Inn Farnborough West (Southwood) hotel,"Southwood Golf Club, 101 Ively Rd, Farnborough GU14 0JP, UK",0333 777 7939,https://www.premierinn.com/gb/en/hotels/england/hampshire/farnborough/farnborough-west-southwood.html?cid=GLBC_FARMON
Farnborough,Premier Inn Farnham hotel,"Guildford Rd, Farnham GU9 9QJ, UK",0333 234 6490,https://www.premierinn.com/gb/en/hotels/england/surrey/farnham/farnham.html?cid=GLBC_FARMAN
Farnborough,Premier Inn Aldershot hotel,"7 Wellington Ave, Aldershot GU11 1SQ, UK",0333 777 3661,https://www.premierinn.com/gb/en/hotels/england/hampshire/aldershot/aldershot.html?cid=GLBC_ALDWIL
Farnborough,Holiday Inn Express Fleet by IHG,"329-331 Fleet Rd, Fleet GU51 3BU, UK",01252 957915,https://www.ihg.com/holidayinnexpress/hotels/gb/en/fleet/fabfl/hoteldetail?cm_mmc=GoogleMaps-_-EX-_-GB-_-FABFL
Farnborough,Premier Inn Sandhurst hotel,"221 Yorktown Rd, Sandhurst GU47 0RT, UK",0333 321 8462,https://www.premierinn.com/gb/en/hotels/england/berkshire/sandhurst/sandhurst.html?cid=GLBC_CAMRAC
Farnborough,Village Hotel Bracknell,"Bagshot Rd, Bracknell RG12 0QJ, UK",0333 006 5222,https://www.village-hotels.co.uk/hotels/bracknell/?utm_source=google&utm_medium=organic&utm_campaign=bracknell-gmb
Farnborough,Days Inn Fleet M3,"Welcome Break Fleet Service Area J4/4a, M3, Fleet GU51 1AA, UK",01252 815587,https://hotels.welcomebreak.co.uk/hotel/days-inn-fleet-m3/
Farnborough,Premier Inn Fleet hotel,"7, Waterfront Business Park, 11 Fleet Rd, Fleet GU51 3QT, UK",0333 321 9322,https://www.premierinn.com/gb/en/hotels/england/hampshire/fleet/fleet.html?cid=GLBC_FLEWAT
Farnborough,Premier Inn Bagshot hotel,"1 London Rd, Bagshot GU19 5HR, UK",0333 777 3675,https://www.premierinn.com/gb/en/hotels/england/surrey/bagshot/bagshot.html?cid=GLBC_BAGCRI
Farnborough,Travelodge Camberley,"507-537 London Rd, York Town, Camberley GU15 3JE, UK",0871 984 6315,https://www.travelodge.co.uk/hotels/314/camberley-hotel?utm_source=google&utm_medium=GHA_Organic&utm_campaign=GHA_Camberley&WT.tsrc=GHA_Organic
Farnborough,Travelodge Aldershot,"Westgate House, Alexandra Rd, Aldershot GU11 3WF, UK",0871 984 6457,https://www.travelodge.co.uk/hotels/567/Aldershot-hotel?utm_source=google&utm_medium=GHA_Organic&utm_campaign=GHA_Aldershot&WT.tsrc=GHA_Organic
Torquay,Premier Inn Torquay Seafront hotel,"Seafront, Belgrave Rd, Shedden Hill Rd, Torquay TQ2 5HE, UK",0333 321 9097,https://www.premierinn.com/gb/en/hotels/england/devon/torquay/torquay-seafront.html?cid=GLBC_TORBEL
Torquay,Premier Inn Torquay Harbour hotel,"The Terrace, Torquay TQ1 1DD, UK",0333 034 6632,https://www.premierinn.com/gb/en/hotels/england/devon/torquay/torquay-harbour.html?cid=GLBC_TORHAR
Torquay,Hampton by Hilton Torquay,"The Terrace, Torquay TQ1 1DP, UK",01803 302200,https://www.hilton.com/en/hotels/exttohx-hampton-torquay/?SEO_id=GMB-EMEA-HX-EXTTOHX
Torquay,Travelodge Torquay,"Newton Rd, Torquay TQ2 5BZ, UK",01803 298259,https://www.travelodge.co.uk/hotels/372/torquay-hotel?utm_source=google&utm_medium=GHA_Organic&utm_campaign=GHA_Torquay&WT.tsrc=GHA_Organic
Loughborough,Premier Inn Loughborough hotel,"Southfield Rd, Loughborough LE11 2TS, UK",0333 321 9242,https://www.premierinn.com/gb/en/hotels/england/leicestershire/loughborough/loughborough.html?cid=GLBC_LOUBOR
Loughborough,Travelodge Loughborough Central,"4 Bridge St, Loughborough LE11 1NQ, UK",0800 640 3718,https://www.travelodge.co.uk/hotels/547/Loughborough-Central-hotel?utm_source=google&utm_medium=GHA_Organic&utm_campaign=GHA_Loughborough%20Central&WT.tsrc=GHA_Organic
Loughborough,Ramada by Wyndham Loughborough Hotel,"ramada, 22 High St, Loughborough LE11 2QL, UK",01509 233222,https://www.wyndhamhotels.com/en-uk/ramada/loughborough-united-kingdom/ramada-loughborough-hotel/overview?CID=LC:RA::GGL:RIO:National:15797&iata=00093796
Loughborough,Travelodge Leicester Markfield,"Little Shaw Ln, Markfield LE67 9PP, UK",0871 984 6083,https://www.travelodge.co.uk/hotels/146/leicester-markfield-hotel?utm_source=google&utm_medium=GHA_Organic&utm_campaign=GHA_Leicester%20Markfield&WT.tsrc=GHA_Organic
Loughborough,Holiday Inn Express East Midlands Airport by IHG,"Hunter Road, Pegasus Business Park, Castle Donington, Derby DE74 2TQ, UK",0371 902 1609,https://www.ihg.com/holidayinnexpress/hotels/gb/en/derby/emlap/hoteldetail?cm_mmc=GoogleMaps-_-EX-_-GB-_-EMLAP
Loughborough,Crowne Plaza East Midlands Airport by IHG,"33 Packington Hill, Kegworth, Derby DE74 2DF, UK",01509 672518,https://www.ihg.com/crowneplaza/hotels/gb/en/derby/xqhem/hoteldetail?cm_mmc=GoogleMaps-_-CP-_-GB-_-XQHEM
Loughborough,"Radisson Blu Hotel, East Midlands Airport","Pegasus Business Park, Herald Way, Derby DE74 2TZ, UK",01509 670575,https://www.radissonhotels.com/en-us/hotels/radisson-blu-east-midlands-airport?cid=a:se+b:gmb+c:emea+i:local+e:rdb+d:ukirwe+h:GBEMAAIR
Stourbridge,Premier Inn Kidderminster hotel,"Slingfield Mill, Weavers Wharf, Kidderminster DY10 1AA, UK",0871 527 9350,https://www.premierinn.com/gb/en/hotels/england/worcestershire/kidderminster/kidderminster.html?cid=GLBC_KIDSLI
Stourbridge,Travelodge Kidderminster,"Park Ln, Kidderminster DY11 6TL, UK",0871 984 6020,https://www.travelodge.co.uk/hotels/536/Kidderminster-hotel?utm_source=google&utm_medium=GHA_Organic&utm_campaign=GHA_Kidderminster&WT.tsrc=GHA_Organic
Stourbridge,Premier Inn Birmingham South (Longbridge Station) hotel,"1 High St, Birmingham B31 2UQ, UK",0333 321 9313,https://www.premierinn.com/gb/en/hotels/england/west-midlands/birmingham/birmingham-south-longbridge-station.html?cid=GLBC_BIRLON
Ellesmere Port,Holiday Inn Ellesmere Port - Cheshire Oaks by IHG,"Centre Island Waterways, Lower Mersey St, Ellesmere Port CH65 2AL, UK",0151 356 8111,https://www.ihg.com/holidayinn/hotels/gb/en/ellesmere-port/elluk/hoteldetail?cm_mmc=GoogleMaps-_-HI-_-GB-_-ELLUK
Ellesmere Port,DoubleTree by Hilton Hotel & Spa Chester,"Warrington Rd, Hoole, Chester CH2 3PD, UK",01244 408800,https://www.hilton.com/en/hotels/mandtdi-doubletree-hotel-and-spa-chester/?SEO_id=GMB-EMEA-DI-MANDTDI
Ellesmere Port,Travelodge Cheshire Oaks,"Coliseum Leisure Park, Coliseum Way, Ellesmere Port CH65 9HD, UK",0871 984 6259,https://www.travelodge.co.uk/hotels/548/Cheshire-Oaks-hotel?utm_source=google&utm_medium=GHA_Organic&utm_campaign=GHA_Cheshire%20Oaks
Ellesmere Port,Premier Inn Wirral (Childer Thornton) hotel,"New Chester Rd, Childer Thornton, Wirral CH66 1QW, UK",0333 321 9183,https://www.premierinn.com/gb/en/hotels/england/merseyside/wirral/wirral-childer-thornton.html?cid=GLBC_WIRBUR
Ellesmere Port,Village Hotel Chester St David's,"St David's Park, Ewloe, Deeside CH5 3YB, UK",0333 006 5222,https://www.village-hotels.co.uk/hotels/chester-st-davids/?utm_source=google&utm_medium=organic&utm_campaign=chester-st-davids-gmb
Ellesmere Port,Mercure Chester Abbots Well Hotel,"Whitchurch Rd, Christleton, Great Boughton, Chester CH3 5QL, UK",01244 250012,https://all.accor.com/lien_externe.svlt?goto=fiche_hotel&code_hotel=8329&merchantid=seo-maps-GB-8329&sourceid=aw-cen&utm_medium=seo%20maps&utm_source=google%20Maps&utm_campaign=seo%20maps
Ellesmere Port,Premier Inn Chester Central North hotel,"76 Liverpool Rd, Upton, Chester CH2 1AU, UK",0333 777 4542,https://www.premierinn.com/gb/en/hotels/england/cheshire/chester/chester-central-north.html?cid=GLBC_CHEEGE
Ellesmere Port,Hampton by Hilton Liverpool/John Lennon Airport,"Speke Hall Ave, Speke, Liverpool L24 1YD, UK",0151 448 5600,https://www.hilton.com/en/hotels/lpljlhx-hampton-liverpool-john-lennon-airport/?SEO_id=GMB-EMEA-HX-LPLJLHX
Ellesmere Port,Travelodge Chester Warrington Road,"Warrington Rd, Mickle Trafford, Chester CH2 4EX, UK",01244 303047,https://www.travelodge.co.uk/hotels/453/chester-warrington-road-hotel?utm_source=google&utm_medium=GHA_Organic&utm_campaign=GHA_Chester%20Warrington%20Road&WT.tsrc=GHA_Organic
Dewsbury,Premier Inn Wakefield City North hotel,"Paragon Business Park, Herriot Way, Wakefield WF1 2UJ, UK",0333 321 9107,https://www.premierinn.com/gb/en/hotels/england/west-yorkshire/wakefield/wakefield-city-north.html?cid=GLBC_WAKBRE
Dewsbury,Travelodge Leeds Morley,"Bruntcliffe Road, Morley, Leeds LS27 0LY, UK",0871 559 1825,https://www.travelodge.co.uk/hotels/464/leeds-morley-hotel?utm_source=google&utm_medium=GHA_Organic&utm_campaign=GHA_Leeds%20Morley&WT.tsrc=GHA_Organic
Widnes,Premier Inn Liverpool John Lennon Airport hotel,"57 Speke Hall Ave, Speke, Liverpool L24 1YD, UK",0333 321 1235,https://www.premierinn.com/gb/en/hotels/england/merseyside/liverpool/liverpool-john-lennon-airport.html?cid=GLBC_LIVJLA
Widnes,Premier Inn Liverpool (West Derby) hotel,"Queens Dr, West Derby, Liverpool L13 0DL, UK",0333 321 1231,https://www.premierinn.com/gb/en/hotels/england/merseyside/liverpool/liverpool-west-derby.html?cid=GLBC_LIVSTA
Runcorn,Premier Inn Northwich (Sandiway) hotel,"520 Chester Rd, Sandiway, Northwich CW8 2DN, UK",0333 321 1362,https://www.premierinn.com/gb/en/hotels/england/cheshire/northwich/northwich-sandiway.html?cid=GLBC_NORBLU
Rochester,Holiday Inn Sittingbourne by IHG,"70 London Rd, Sittingbourne ME10 1NT, UK",01795 410560,https://www.ihg.com/holidayinn/hotels/gb/en/sittingbourne/sitbr/hoteldetail?cm_mmc=GoogleMaps-_-HI-_-GB-_-SITBR
Twickenham,Premier Inn London Twickenham East hotel,"Corner, Sixth Cross Rd, Staines Rd, Twickenham TW2 5PE, UK",0333 321 9103,https://www.premierinn.com/gb/en/hotels/england/greater-london/london/london-twickenham-east.html?cid=GLBC_TWIFOU
Twickenham,Travelodge London Teddington,"Park House, Station Rd, Teddington TW11 9AD, UK",0871 984 6231,https://www.travelodge.co.uk/hotels/542/London-Teddington-hotel?utm_source=google&utm_medium=GHA_Organic&utm_campaign=GHA_London%20Teddington&WT.tsrc=GHA_Organic
Twickenham,Premier Inn London Richmond hotel,"136-138 Lower Mortlake Rd, London TW9 2JZ, UK",0333 321 9261,https://www.premierinn.com/gb/en/hotels/england/greater-london/london/london-richmond.html?cid=GLBC_LONRIC
Twickenham,DoubleTree by Hilton London Kingston Upon Thames,"1 Skerne Rd, Kingston upon Thames KT2 5FJ, UK",020 3096 0099,https://www.hilton.com/en/hotels/lonktdi-doubletree-london-kingston-upon-thames/?SEO_id=GMB-EMEA-DI-LONKTDI
Twickenham,Premier Inn London Kingston Upon Thames hotel,"Combined House, 15 Wheatfield Way, Kingston upon Thames KT1 2PD, UK",0333 003 3403,https://www.premierinn.com/gb/en/hotels/england/greater-london/london/london-kingston-upon-thames.html?cid=GLBC_KINUPT
Twickenham,Premier Inn London Kew Bridge hotel,"52 High St, Brentford TW8 0BB, UK",0333 321 1271,https://www.premierinn.com/gb/en/hotels/england/greater-london/london/london-kew-bridge.html?cid=GLBC_BREPTI
Twickenham,Holiday Inn London - Brentford Lock by IHG,"Commerce Rd, London TW8 8GA, UK",020 8232 2000,https://www.ihg.com/holidayinn/hotels/gb/en/london/lonbf/hoteldetail?cm_mmc=GoogleMaps-_-HI-_-GB-_-LONBF
Twickenham,Travelodge Sunbury M3,"Hanworth Rd, Shepperton, Sunbury-on-Thames TW16 5DA, UK",,https://www.travelodge.co.uk/hotels/346/Sunbury-M3-hotel?utm_source=google&utm_medium=GHA_Organic&utm_campaign=GHA_Sunbury%20M3&WT.tsrc=GHA_Organic
Twickenham,Travelodge London Kingston Upon Thames,"21-23 Old London Rd, Kingston upon Thames KT2 6ND, UK",020 8546 5904,https://www.travelodge.co.uk/hotels/49/london-kingston-upon-thames-hotel?utm_source=google&utm_medium=GHA_Organic&utm_campaign=GHA_London%20Kingston%20Upon%20Thames&WT.tsrc=GHA_Organic
Scarborough,Travelodge Scarborough St Nicholas,"St Nicholas Cliff, Scarborough YO11 2EU, UK",0871 984 6430,https://www.travelodge.co.uk/hotels/396/scarborough-st-nicholas-hotel?utm_source=google&utm_medium=GHA_Organic&utm_campaign=GHA_Scarborough%20St%20Nicholas&WT.tsrc=GHA_Organic
Scarborough,Premier Inn Scarborough (South Bay) hotel,"Falconers Rd, Scarborough YO11 2EN, UK",0333 321 9228,https://www.premierinn.com/gb/en/hotels/england/north-yorkshire/scarborough/scarborough-south-bay.html?cid=GLBC_SCACAR
Scarborough,Premier Inn Scarborough (North Bay) hotel,"26 Burniston Rd, Scarborough YO12 6PH, UK",0871 527 8000,https://www.premierinn.com/gb/en/hotels/england/north-yorkshire/scarborough/scarborough-north-bay.html?cid=GLBC_SCANOR
Orpington,Premier Inn Sevenoaks hotel,"Hitchen Hatch Ln, Sevenoaks TN13 3BE, UK",0333 041 6161,https://www.premierinn.com/gb/en/hotels/england/kent/sevenoaks/sevenoaks.html?cid=GLBC_SEVOAK
Wallasey,Travelodge Wallasey New Brighton,"Marine Point, King's Parade, New Brighton, Wallasey CH45 2PB, UK",0871 984 6476,https://www.travelodge.co.uk/hotels/509/Wallasey-New-Brighton-hotel?utm_source=google&utm_medium=GHA_Organic&utm_campaign=GHA_Wallasey%20New%20Brighton&WT.tsrc=GHA_Organic
Hayes,Hilton Garden Inn London Heathrow Terminals 2 and 3,"Heathrow Airport, Terminal 2, Cessna Rd, Longford, Hounslow TW6 1AH, UK",020 3972 9700,https://www.hilton.com/en/hotels/lhrhegi-hilton-garden-inn-london-heathrow-terminals-2-and-3/?SEO_id=GMB-EMEA-GI-LHRHEGI
Hayes,"Premier Inn London Hayes, Heathrow (North A4020) hotel","362 Uxbridge Rd, Hayes UB4 0HF, UK",0871 527 8504,https://www.premierinn.com/gb/en/hotels/england/greater-london/london/london-hayes-heathrow-north-a4020.html?cid=GLBC_HAYGRA
Hayes,Premier Inn London Heathrow Airport (M4/J4) hotel,"Shepiston Ln, Hayes, Heathrow UB3 1RW, UK",0871 527 8510,https://www.premierinn.com/gb/en/hotels/england/greater-london/london/london-heathrow-airport-m4j4.html?cid=GLBC_HEAPTI
Hayes,Holiday Inn London - Heathrow Bath Road by IHG,"276 Bath Rd, Sipson, West Drayton UB7 0DQ, UK",020 3962 5800,https://www.ihg.com/holidayinn/hotels/gb/en/west-drayton/lonsn/hoteldetail?cm_mmc=GoogleMaps-_-HI-_-GB-_-LONSN
Hayes,Premier Inn London Heathrow Airport Terminal 5 hotel,"Terminal 5, Heathrow Airport, 420 Bath Rd, Longford, West Drayton UB7 0EA, UK",0871 527 9344,https://www.premierinn.com/gb/en/hotels/england/greater-london/london/london-heathrow-airport-terminal-5.html?cid=GLBC_HEAFIV
Hayes,Travelodge London Stockley Park Hayes,"Bennetsfield Rd, Hayes, Uxbridge UB11 1FL, UK",0871 984 6570,https://www.travelodge.co.uk/hotels/674/London-Stockley-Park-Hayes-hotel?utm_source=google&utm_medium=GHA_Organic&utm_campaign=GHA_London_Stockley_Park_Hayes
Hayes,Premier Inn London Uxbridge Town Centre hotel,"Colham House, Bakers Rd, Uxbridge UB8 1RG, UK",0333 003 8101,https://www.premierinn.com/gb/en/hotels/england/greater-london/london/london-uxbridge-town-centre.html?cid=GLBC_LONCEN
Hayes,Radisson Hotel & Conference Centre London Heathrow,"Building A, Bath Rd, Heathrow Blvd, Sipson, West Drayton UB7 0DU, UK",020 8759 6611,https://www.radissonhotels.com/en-us/hotels/radisson-conference-london-heathrow?cid=a:se+b:gmb+c:emea+i:local+e:rad+d:ukirwe+h:GBLHRCCR
Hayes,ibis Styles London Heathrow Airport,"272 Bath Rd, London UB3 5AY, UK",020 3862 7689,https://all.accor.com/lien_externe.svlt?goto=fiche_hotel&code_hotel=9714&merchantid=seo-maps-GB-9714&sourceid=aw-cen&utm_medium=seo%20maps&utm_source=google%20Maps&utm_campaign=seo%20maps
Hayes,Radisson RED Hotel London Heathrow,"Building B, Bath Rd, Heathrow Blvd, Sipson, West Drayton UB7 0DU, UK",020 8283 2030,https://www.radissonhotels.com/en-us/hotels/radisson-red-london-heathrow?cid=a:se+b:gmb+c:emea+i:local+e:rdr+d:ukirwe+h:GBLHRHTR
Hayes,Premier Inn London Uxbridge hotel,"Phase, 500 Riverside Way, Uxbridge UB8 2YF, UK",0333 321 9275,https://www.premierinn.com/gb/en/hotels/england/greater-london/london/london-uxbridge.html?cid=GLBC_LONUXB
Hayes,Crowne Plaza London - Heathrow by IHG,"Stockley Rd, West Drayton UB7 9NA, UK",0371 942 9140,https://www.ihg.com/crowneplaza/hotels/gb/en/london/lonha/hoteldetail?cm_mmc=GoogleMaps-_-CP-_-GB-_-LONHA
Hayes,"Holiday Inn London - Heathrow M4,JCT.4 by IHG","Sipson Road Heathrow, Airport, West Drayton UB7 0HP, UK",0371 942 9095,https://www.ihg.com/holidayinn/hotels/gb/en/london/lonno/hoteldetail?cm_mmc=GoogleMaps-_-HI-_-GB-_-LONNO
Hayes,Novotel London Heathrow Airport - M4 Jct 4,"Heathrow, Cherry Ln, West Drayton UB7 9HJ, UK",01895 431431,
Aylesbury,Holiday Inn Aylesbury by IHG,"Aston Clinton Rd, Weston Turville, Aylesbury HP22 5QT, UK",01296 792200,https://www.ihg.com/holidayinn/hotels/gb/en/aylesbury/aylbk/hoteldetail?cm_mmc=GoogleMaps-_-HI-_-GB-_-AYLBK
Aylesbury,Travelodge Aylesbury,"Exchange St, Aylesbury HP20 1AL, UK",0871 559 1854,https://www.travelodge.co.uk/hotels/579/Aylesbury-hotel?utm_source=google&utm_medium=GHA_Organic&utm_campaign=GHA_Aylesbury&WT.tsrc=GHA_Organic
Aylesbury,Mercure Thame Lambert Hotel,"London Rd, Watlington OX49 5SQ, UK",01844 351496,https://all.accor.com/lien_externe.svlt?goto=fiche_hotel&code_hotel=A7X1&merchantid=seo-maps-GB-A7X1&sourceid=aw-cen&utm_medium=seo%20maps&utm_source=google%20Maps&utm_campaign=seo%20maps
Aylesbury,Travelodge Thame,"Thame OX9 3SB, UK",0871 984 6215,https://www.travelodge.co.uk/hotels/68/thame-hotel?utm_source=google&utm_medium=GHA_Organic&utm_campaign=GHA_Thame&WT.tsrc=GHA_Organic
Aylesbury,Premier Inn Tring,"Tring Hill, Tring HP23 4LD, UK",0333 321 9101,https://www.premierinn.com/gb/en/hotels/england/hertfordshire/tring/tring.html?cid=GLBC_TRICRO
Aylesbury,Premier Inn Buckingham hotel,"London Rd, Buckingham MK18 1SH, UK",0871 527 8000,https://www.premierinn.com/gb/en/hotels/england/buckinghamshire/buckingham/buckingham.html?cid=GLBC_BUKHAM
Hereford,Premier Inn Hereford Holmer hotel,"Holmer Rd, Hereford HR4 9RS, UK",0333 003 1722,https://www.premierinn.com/gb/en/hotels/england/herefordshire/hereford/hereford-holmer.html?cid=GLBC_HERSTA
Hereford,Premier Inn Hereford City Centre (Old Market) hotel,"Blackfriars St, Hereford HR4 9JU, UK",01432 804138,https://www.premierinn.com/gb/en/hotels/england/herefordshire/hereford/hereford-city-centre-old-market.html?cid=GLBC_HERBLA
Halesowen,Travelodge Birmingham Halesowen,"Whitehall Rd, Birmingham, Halesowen B63 3HY, UK",0871 984 6488,https://www.travelodge.co.uk/hotels/525/Birmingham-Halesowen-hotel?utm_source=google&utm_medium=GHA_Organic&utm_campaign=GHA_Birmingham%20Halesowen&WT.tsrc=GHA_Organic
Halesowen,Premier Inn Birmingham South (Rubery) hotel,"Great Park, Ashbrook Dr, Rubery, Birmingham B45 9FP, UK",0333 777 3915,https://www.premierinn.com/gb/en/hotels/england/west-midlands/birmingham/birmingham-south-rubery.html?cid=GLBC_BIROUT
Halesowen,ibis Styles Birmingham Hagley Road,"313 Hagley Rd, Edgbaston, Birmingham B16 9LQ, UK",0121 217 1111,https://all.accor.com/lien_externe.svlt?goto=fiche_hotel&code_hotel=8614&merchantid=seo-maps-GB-8614&sourceid=aw-cen&utm_medium=seo%20maps&utm_source=google%20Maps&utm_campaign=seo%20maps
Tunbridge Wells,Premier Inn Royal Tunbridge Wells,"Merevale House, Royal Tunbridge Wells, Tunbridge Wells TN1 1DN, UK",0871 527 8000,https://www.premierinn.com/gb/en/hotels/england/kent/royal-tunbridge-wells/royal-tunbridge-wells.html?cid=GLBC_ROYWEL
Tunbridge Wells,Travelodge Tunbridge Wells,"Mount Ephraim, Royal Tunbridge Wells, Tunbridge Wells TN4 8BU, UK",0871 984 6381,https://www.travelodge.co.uk/hotels/354/tunbridge-wells-hotel?utm_source=google&utm_medium=GHA_Organic&utm_campaign=GHA_Tunbridge%20Wells&WT.tsrc=GHA_Organic
Tunbridge Wells,Mercure Tunbridge Wells Hotel,"8 Tonbridge Rd, Pembury, Tunbridge Wells TN2 4QL, UK",01892 628298,https://all.accor.com/lien_externe.svlt?goto=fiche_hotel&code_hotel=8320&merchantid=seo-maps-GB-8320&sourceid=aw-cen&utm_medium=seo%20maps&utm_source=google%20Maps&utm_campaign=seo%20maps
Tunbridge Wells,Premier Inn Tonbridge hotel,"Pembury Rd, Tonbridge TN11 0NA, UK",0333 321 9095,https://www.premierinn.com/gb/en/hotels/england/kent/tonbridge/tonbridge.html?cid=GLBC_TONVAU
Tunbridge Wells,Premier Inn Tonbridge North hotel,"Hilden Manor, London Rd, Tonbridge TN10 3AN, UK",0333 321 9096,https://www.premierinn.com/gb/en/hotels/england/kent/tonbridge/tonbridge-north.html?cid=GLBC_TONHIL
Tunbridge Wells,Premier Inn Uckfield hotel,"Ashdown Business Park, Uckfield TN22 2HN, UK",0333 015 0104,https://www.premierinn.com/gb/en/hotels/england/east-sussex/uckfield/uckfield.html?cid=GLBC_UCKASH
Barrow-in-Furness,Holiday Inn Express Barrow-in-Furness by IHG,"Market St, Barrow-in-Furness LA14 2LR, UK",01229 444600,https://www.ihg.com/holidayinnexpress/hotels/gb/en/barrow-in-furness/bwfuk/hoteldetail?cm_mmc=GoogleMaps-_-EX-_-GB-_-BWFUK
Barrow-in-Furness,Premier Inn Barrow-In-Furness hotel,"North Rd, Barrow-in-Furness LA14 2PQ, UK",0333 321 9311,https://www.premierinn.com/gb/en/hotels/england/cumbria/barrow-in-furness/barrow-in-furness.html?cid=GLBC_BARFOR
Barrow-in-Furness,Travelodge Barrow In Furness,"Cocken Villa, Walney Rd, Barrow-in-Furness LA14 5UG, UK",0871 984 6281,https://www.travelodge.co.uk/hotels/263/barrow-in-furness-hotel?utm_source=google&utm_medium=GHA_Organic&utm_campaign=GHA_Barrow%20In%20Furness&WT.tsrc=GHA_Organic
Barrow-in-Furness,Premier Inn Ulverston hotel,"N Lonsdale Terrace, Ulverston LA12 9AU, UK",0333 234 6491,https://www.premierinn.com/gb/en/hotels/england/cumbria/ulverston/ulverston.html?cid=GLBC_ULVERS
Bebington,Premier Inn Wirral (Heswall) hotel,"Chester Rd, Heswall, Wirral CH60 3SD, UK",0333 321 9185,https://www.premierinn.com/gb/en/hotels/england/merseyside/wirral/wirral-heswall.html?cid=GLBC_WIRGLE
Smethwick,Travelodge Birmingham Central Broadway Plaza,"220 Ladywood Middleway, Birmingham B16 8LP, UK",0871 984 6325,https://www.travelodge.co.uk/hotels/331/birmingham-central-broadway-plaza-hotel?utm_source=google&utm_medium=GHA_Organic&utm_campaign=GHA_Birmingham%20Central%20Broadway%20Plaza&WT.tsrc=GHA_Organic
Smethwick,Premier Inn Birmingham City Centre Broad Street hotel,"Essington St, Birmingham B16 8AL, UK",0333 777 3904,https://www.premierinn.com/gb/en/hotels/england/west-midlands/birmingham/birmingham-city-centre-broad-street.html?cid=GLBC_BIRPTI
Smethwick,Birmingham Strathallan Hotel | Signature Collection by Best Western,"225 Hagley Rd, Birmingham B16 9RY, UK",0330 028 3410,
Horsham,Premier Inn Horsham Town Centre hotel,"Piries Place, Horsham RH12 1EH, UK",01403 627084,https://www.premierinn.com/gb/en/hotels/england/west-sussex/horsham/horsham-town-centre.html?cid=GLBC_HORTOW
Horsham,Premier Inn Horsham North (Horsham Station) hotel,"57 North St, Horsham RH12 1RB, UK",0333 003 1726,https://www.premierinn.com/gb/en/hotels/england/west-sussex/horsham/horsham-north-horsham-station.html?cid=GLBC_HORSTA
Horsham,Travelodge Horsham Central,"Exchange House, Worthing Rd, Horsham RH12 1SQ, UK",0871 984 6447,https://www.travelodge.co.uk/hotels/426/horsham-central-hotel?utm_source=google&utm_medium=GHA_Organic&utm_campaign=GHA_Horsham%20Central&WT.tsrc=GHA_Organic
Horsham,Premier Inn Haywards Heath hotel,"Perrymount Rd, Heath Rd, Haywards Heath RH16 3DN, UK",0871 527 8000,https://www.premierinn.com/gb/en/hotels/england/west-sussex/haywards-heath/haywards-heath.html?cid=GLBC_HAYHEA
Horsham,Travelodge Hickstead,"A23 Job's Ln, Burgess Hill, Hickstead, Nr RH17 5NZ, UK",0871 984 6038,https://www.travelodge.co.uk/hotels/35/hickstead-hotel?utm_source=google&utm_medium=GHA_Organic&utm_campaign=GHA_Hickstead&WT.tsrc=GHA_Organic
Washington,Travelodge Washington A1(M) Southbound,"Moto Services Area, A1(M), South, Portobello, Birtley, Chester-le-Street DH3 2SJ, UK",0871 984 6271,https://www.travelodge.co.uk/hotels/243/washington-a1m-southbound-hotel?utm_source=google&utm_medium=GHA_Organic&utm_campaign=GHA_Washington%20A1(M)%20Southbound&WT.tsrc=GHA_Organic
Washington,Travelodge Washington A1(M) North Bound,"12 Portobello Terrace, Birtley, Chester-le-Street DH3 2JS, UK",0800 640 3401,https://www.travelodge.co.uk/hotels/223/Washington-A1-M-Northbound-hotel?checkIn=02/01/2022&checkOut=03/01/2022&rooms[0][adults]=2&rooms[0][children]=0&utm_source=GHF&utm_medium=GHF&utm_campaign=GB0313GHF
Washington,Travelodge Chester-le-Street,"Great North Road, Chester Moor, Chester-le-Street DH2 3RJ, UK",0871 559 1819,https://www.travelodge.co.uk/hotels/458/chester-le-street-hotel?utm_source=google&utm_medium=GHA_Organic&utm_campaign=GHA_Chester-le-Street&WT.tsrc=GHA_Organic
Washington,Premier Inn Durham East hotel,"Broomside Park, Belmont Industrial Estate, Durham DH1 1GG, UK",0333 777 4671,https://www.premierinn.com/gb/en/hotels/england/county-durham/durham/durham-east.html?cid=GLBC_DURBRE
Hornchurch,Premier Inn Romford Central (Mercury Gardens) hotel,"Mercury Gardens, Romford RM1 3EN, UK",0333 321 8452,https://www.premierinn.com/gb/en/hotels/england/greater-london/london/london-romford-mercury-gardens.html?cid=GLBC_ROMLIB
Hornchurch,Spark by Hilton London Romford,"112-116 South St, Romford RM1 1SS, UK",01708 980080,https://www.hilton.com/en/hotels/lonrope-spark-london-romford/?SEO_id=GMB-EMEA-PE-LONROPE
Hornchurch,Premier Inn London Romford Town Centre hotel,"25-29 Market Pl, Romford RM1 3AB, UK",0333 003 8101,https://www.premierinn.com/gb/en/hotels/england/greater-london/london/london-romford-town-centre.html?cid=GLBC_ROMFRD
Hornchurch,Travelodge London Romford,"St Edwards Way, Romford RM1 1XJ, UK",0871 984 6255,https://www.travelodge.co.uk/hotels/313/london-romford-hotel?utm_source=google&utm_medium=GHA_Organic&utm_campaign=GHA_London%20Romford&WT.tsrc=GHA_Organic
Hornchurch,Travelodge London Romford The Quadrant,"The Quadrant, Market Pl, Romford RM1 3ER, UK",0871 559 1897,https://www.travelodge.co.uk/hotels/620/London-Romford-The-Quadrant-hotel?utm_source=google&utm_medium=GHA_Organic&utm_campaign=GHA_London_Romford_The_Quadrant
Hornchurch,Travelodge London Dagenham East,"East, Yew Tree Ave, Dagenham RM10 7FN, UK",0871 984 6558,https://www.travelodge.co.uk/hotels/664/London-Dagenham-East-hotel?utm_source=google&utm_medium=GHA_Organic&utm_campaign=GHA_London_Dagenham_East&WT.tsrc=GHA_Organic
Hornchurch,Travelodge London Dagenham,"London East Leisure Park East Thames, Plaza, Cook Rd, Dagenham RM9 6UQ, UK",0871 984 6525,https://www.travelodge.co.uk/hotels/638/London-Dagenham-hotel?utm_source=google&utm_medium=GHA_Organic&utm_campaign=GHA_Dagenham&GHA_Organic
Hornchurch,Travelodge Thurrock Lakeside,"Lakeside Shopping Centre, W Thurrock Way, West Thurrock, Grays RM20 2AB, UK",0871 984 6518,https://www.travelodge.co.uk/hotels/627/Thurrock-Lakeside-hotel?utm_source=google&utm_medium=GHA_Organic&utm_campaign=GHA_Thurrock_Lakeside
Kettering,Premier Inn Kettering hotel,"Rothwell Rd, Kettering NN16 8FX, UK",0333 003 1746,https://www.premierinn.com/gb/en/hotels/england/northamptonshire/kettering/kettering.html?cid=GLBC_KETTEL
Kettering,Holiday Inn Express Kettering by IHG,"Weekley Wood Ave., Kettering NN14 1UD, UK",01536 210210,https://www.ihg.com/holidayinnexpress/hotels/gb/en/kettering/ormkp/hoteldetail?cm_mmc=GoogleMaps-_-EX-_-GB-_-ORMKP
Kettering,Hampton by Hilton Corby/Kettering,"Rockingham Leisure Park, Princewood Rd, Corby NN17 4AP, UK",01536 211001,https://www.hilton.com/en/hotels/ormcbhx-hampton-corby-kettering/?SEO_id=GMB-EMEA-HX-ORMCBHX
Kettering,Travelodge Kettering,"Travelodge hotel-kettering, A14 Westbound, Broughton, Kettering NN14 1RW, UK",0871 984 6081,https://www.travelodge.co.uk/hotels/138/kettering-hotel?utm_source=google&utm_medium=GHA_Organic&utm_campaign=GHA_Kettering&WT.tsrc=GHA_Organic
Kettering,Premier Inn Corby hotel,"1 Little Colliers Fld, Great Oakley, Kettering NN18 8TJ, UK",0333 777 4625,https://www.premierinn.com/gb/en/hotels/england/northamptonshire/corby/corby.html?cid=GLBC_COROAK
Kettering,Holiday Inn Corby Kettering Hotel & Spa by IHG,"Geddington Rd, Corby NN18 8ET, UK",01536 401020,https://www.ihg.com/holidayinn/hotels/gb/en/corby/cbmuk/hoteldetail?cm_mmc=GoogleMaps-_-HI-_-GB-_-CBMUK
Kettering,Travelodge Kettering Thrapston,"A14, Thrapston, Kettering NN14 4UR, UK",01832 735199,https://www.travelodge.co.uk/hotels/184/Kettering-Thrapston-hotel?utm_source=google&utm_medium=GHA_Organic&utm_campaign=GHA_Kettering%20Thrapston&WT.tsrc=GHA_Organic
Kettering,Travelodge Market Harborough,"Edinburgh Cl, Abbey St, Market Harborough LE16 9AA, UK",0871 984 6474,https://www.travelodge.co.uk/hotels/511/Market-Harborough-hotel?utm_source=google&utm_medium=GHA_Organic&utm_campaign=GHA_Market%20Harborough&WT.tsrc=GHA_Organic
Kettering,Travelodge Wellingborough Rushden,"A45, Rushden NN10 6AP, UK",0871 984 6115,https://www.travelodge.co.uk/hotels/190/wellingborough-rushden-hotel?utm_source=google&utm_medium=GHA_Organic&utm_campaign=GHA_Wellingborough%20Rushden&WT.tsrc=GHA_Organic
Kettering,Premier Inn Wellingborough hotel,"London Rd, Wellingborough NN8 2DP, UK",0333 321 9136,https://www.premierinn.com/gb/en/hotels/england/northamptonshire/wellingborough/wellingborough.html?cid=GLBC_WELDOG
Brierley Hill,Travelodge Birmingham Kingswinford,"Summerhill House Hotel, Swindon Rd, Kingswinford DY6 9XA, UK",0871 559 1818,https://www.travelodge.co.uk/hotels/457/birmingham-kingswinford-hotel?utm_source=google&utm_medium=GHA_Organic&utm_campaign=GHA_Birmingham%20Kingswinford&WT.tsrc=GHA_Organic
Corby,Premier Inn Market Harborough hotel,"Melton Rd, East Langton, Market Harborough LE16 7FD, UK",0333 321 1324,https://www.premierinn.com/gb/en/hotels/england/leicestershire/market-harborough/market-harborough.html?cid=GLBC_MARBRE
Bracknell,Premier Inn Bracknell Central hotel,"Wokingham Rd, Bracknell RG42 1NA, UK",0333 777 3935,https://www.premierinn.com/gb/en/hotels/england/berkshire/bracknell/bracknell-central.html?cid=GLBC_BRAWEA
Bracknell,Travelodge Bracknell Central,"London Rd, Bracknell RG12 2UT, UK",0871 984 6367,https://www.travelodge.co.uk/hotels/363/Bracknell-Central-hotel?utm_source=google&utm_medium=GHA_Organic&utm_campaign=GHA_Bracknell%20Central
Bracknell,Premier Inn Bracknell (Twin Bridges) hotel,"Downshire Way, Bracknell RG12 7AA, UK",0333 777 3934,https://www.premierinn.com/gb/en/hotels/england/berkshire/bracknell/bracknell-twin-bridges.html?cid=GLBC_BRADOW
Bracknell,DoubleTree by Hilton St. Anne's Manor,"London Rd, Wokingham RG40 1ST, UK",0118 977 2550,https://www.hilton.com/en/hotels/brasadi-doubletree-st-annes-manor/?SEO_id=GMB-EMEA-DI-BRASADI
Bracknell,Travelodge Bracknell,"London Rd, Binfield, Popeswood, Bracknell RG42 4AA, UK",0871 984 6015,https://www.travelodge.co.uk/hotels/15/bracknell-hotel?utm_source=google&utm_medium=GHA_Organic&utm_campaign=GHA_Bracknell&WT.tsrc=GHA_Organic
Bracknell,Premier Inn Wokingham Town Centre,"Wellington Rd, Wokingham RG40 2LD, UK",0871 527 8000,https://www.premierinn.com/gb/en/hotels/england/berkshire/wokingham/wokingham.html?cid=GLBC_WOKHAM
Bracknell,Travelodge Winnersh Triangle,"100 Berkshire Pl, Winnersh, Reading RG41 5RD, UK",0871 559 1873,https://www.travelodge.co.uk/hotels/591/Winnersh-Triangle-hotel?utm_source=google&utm_medium=GHA_Organic&utm_campaign=GHA_Winnerish%20Triangle&WT.tsrc=GHA_Organic
Leamington Spa,Premier Inn Leamington Spa Town Centre hotel,"Regency Arcade, 154-156 Parade, Royal Leamington Spa, Leamington Spa CV32 4BQ, UK",0333 321 9281,https://www.premierinn.com/gb/en/hotels/england/warwickshire/leamington-spa/leamington-spa-town-centre.html?cid=GLBC_LEAREG
Leamington Spa,Holiday Inn Leamington Spa - Warwick by IHG,"Olympus Ave, Tachbrook Park Dr, Royal Leamington Spa, Warwick CV34 6RJ, UK",0333 320 9334,https://www.ihg.com/holidayinn/hotels/gb/en/leamington-spa/warls/hoteldetail?cm_mmc=GoogleMaps-_-HI-_-GB-_-WARLS
Leamington Spa,Travelodge The Regent Hotel Leamington Spa,"Parade, Royal Leamington Spa, Leamington Spa CV32 4AT, UK",0871 984 6239,https://www.travelodge.co.uk/hotels/143/the-regent-hotel-leamington-spa-hotel?utm_source=google&utm_medium=GHA_Organic&utm_campaign=GHA_The%20Regent%20Leamington%20Spa&WT.tsrc=GHA_Organic
Leamington Spa,Holiday Inn Express Warwick - Stratford-Upon-Avon by IHG,"Stratford Rd, Longbridge, Warwick CV34 6TW, UK",0371 902 1633,https://www.ihg.com/holidayinnexpress/hotels/gb/en/warwick/waruk/hoteldetail?cm_mmc=GoogleMaps-_-EX-_-GB-_-WARUK
Leamington Spa,Days Inn Warwick North M40,"Welcome Break Warwick, 13, North Service Area, M40, Banbury Rd, Ashorne, J12 CV35 0AA, UK",01926 651681,https://hotels.welcomebreak.co.uk/hotel/days-inn-warwick-north-m40/
Leamington Spa,Premier Inn Warwick hotel,"Opus 40, Haywood Rd, Warwick CV34 5AH, UK",0333 321 9245,https://www.premierinn.com/gb/en/hotels/england/warwickshire/warwick/warwick.html?cid=GLBC_WARTHY
Leamington Spa,Days Inn Warwick South M40,"Welcome Break Warwick, J12, South Service Area, 13 Banbury Rd, Ashorne, M40 CV35 0AA, UK",01926 567017,https://hotels.welcomebreak.co.uk/hotel/days-inn-warwick-south-m40/
Leamington Spa,Holiday Inn Kenilworth - Warwick by IHG,"212 Abbey End, Kenilworth CV8 1ED, UK",01926 855957,https://www.ihg.com/holidayinn/hotels/gb/en/kenilworth/cvtkw/hoteldetail?cm_mmc=GoogleMaps-_-HI-_-GB-_-CVTKW
Kidderminster,Travelodge Hartlebury,"A449 Southbound Shorthill Nurseries, Hartlebury, Kidderminster DY13 9SH, UK",0871 984 6079,https://www.travelodge.co.uk/hotels/134/hartlebury-hotel?utm_source=google&utm_medium=GHA_Organic&utm_campaign=GHA_Hartlebury&WT.tsrc=GHA_Organic
Weymouth,Best Western Hotel Rembrandt,"Rembrandt Hotel, 12-18 Dorchester Rd, Weymouth DT4 7JU, UK",01305 764000,https://www.hotelrembrandt.co.uk/
Weymouth,Premier Inn Weymouth Seafront hotel,"Greenhill Preston, Beach Rd, Weymouth DT4 7SX, UK",0333 321 9143,https://www.premierinn.com/gb/en/hotels/england/dorset/weymouth/weymouth-seafront.html?cid=GLBC_WEYLOD
Weymouth,Premier Inn Weymouth hotel,"gateway business park, Mercery Rd, Weymouth DT3 5HJ, UK",0333 321 9283,https://www.premierinn.com/gb/en/hotels/england/dorset/weymouth/weymouth.html?cid=GLBC_WEYGAT
Canterbury,Premier Inn Canterbury City Centre hotel,"New Dover Rd, Canterbury CT1 1UP, UK",0871 527 9408,https://www.premierinn.com/gb/en/hotels/england/kent/canterbury/canterbury-city-centre.html?cid=GLBC_CANDOV
Canterbury,Hampton by Hilton Canterbury,"7 St Margaret's St, Canterbury CT1 2TP, UK",01227 936505,https://www.hilton.com/en/hotels/rcshxhx-hampton-canterbury/?SEO_id=GMB-EMEA-HX-RCSHXHX
Canterbury,Best Western Abbots Barton Hotel,"36 New Dover Rd, Canterbury CT1 3DU, UK",01227 760341,http://www.abbotsbartonhotel.com/
Canterbury,Travelodge Canterbury Chaucer Central,"63 Ivy Ln, Canterbury CT1 1TU, UK",,https://www.travelodge.co.uk/hotels/499/canterbury-chaucer-central-hotel?utm_source=google&utm_medium=GHA_Organic&utm_campaign=GHA_Canterbury%20Chaucer%20Central&WT.tsrc=GHA_Organic
Canterbury,"Holiday Inn Express Canterbury, an IHG Hotel","Upper Harbledown, Canterbury CT2 9HX, UK",01227 865000,https://www.ihg.com/holidayinnexpress/hotels/gb/en/canterbury/ctbuk/hoteldetail?cm_mmc=GoogleMaps-_-EX-_-GB-_-CTBUK
Folkestone,Premier Inn Folkestone (Channel Tunnel) hotel,"Cherry Garden Ln, Folkestone CT19 4AP, UK",0333 777 7278,https://www.premierinn.com/gb/en/hotels/england/kent/folkestone/folkestone-channel-tunnel.html?cid=GLBC_FOLBRI
Folkestone,Holiday Inn Express Folkestone - Channel Tunnel by IHG,"Cheriton Parc, Cheriton High St, Folkestone CT18 8AN, UK",01303 298450,https://www.ihg.com/holidayinnexpress/hotels/gb/en/folkestone/lyxfx/hoteldetail?cm_mmc=GoogleMaps-_-EX-_-GB-_-LYXFX
Folkestone,"Dover Marina Hotel & Spa, Tapestry Collection by Hilton","Waterloo Cres, Dover CT17 9BP, UK",01304 203633,https://www.hilton.com/en/hotels/rcsdmup-dover-marina-hotel-and-spa/?SEO_id=GMB-EMEA-UP-RCSDMUP
Folkestone,Travelodge Dover,"Unit 8, St James Retail & Leisure Park, St James St, Dover CT16 1QD, UK",0871 984 6532,https://www.travelodge.co.uk/hotels/640/Dover-hotel?utm_source=google&utm_medium=GHA_Organic&utm_campaign=GHA_Dover&GHA_Organic
Folkestone,"Holiday Inn Dover, an IHG Hotel","Singledge Ln, Whitfield, Dover CT16 3EL, UK",01304 821230,https://www.holidayinndover.co.uk/
Folkestone,Holiday Inn Dover,"Singledge Ln, Whitfield, Dover CT16 3EL, UK",,
Folkestone,Premier Inn Dover (A20) hotel,"Folkestone Rd, Dover CT15 7AB, UK",0333 777 4652,https://www.premierinn.com/gb/en/hotels/england/kent/dover/dover-a20.html?cid=GLBC_DOVPLO
Keighley,Travelodge Keighley,"Bradford Rd, Keighley BD21 4BB, UK",0871 559 1824,https://www.travelodge.co.uk/hotels/463/keighley-hotel?utm_source=google&utm_medium=GHA_Organic&utm_campaign=GHA_Keighley&WT.tsrc=GHA_Organic
Keighley,"The Craiglands Hotel, Sure Hotel Collection by Best Western","Cowpasture Rd, Ilkley LS29 8RQ, UK",01943 430001,https://www.bestwestern.co.uk/hotels/the-craiglands-hotel-sure-hotel-collection-by-best-western-84222
Eastleigh,Travelodge Eastleigh Central,"26 Southampton Rd, Eastleigh SO50 9FJ, UK",0871 984 6201,https://www.travelodge.co.uk/hotels/541/Eastleigh-Central-hotel?utm_source=google&utm_medium=GHA_Organic&utm_campaign=GHA_Eastleigh%20Central&WT.tsrc=GHA_Organic
Eastleigh,Village Hotel Southampton Eastleigh,"Bournemouth Rd, Chandler's Ford, Eastleigh SO53 3YJ, UK",0333 006 5222,https://www.village-hotels.co.uk/hotels/southampton-eastleigh/?utm_source=google&utm_medium=organic&utm_campaign=southampton-eastleigh-gmb
Eastleigh,"Holiday Inn Southampton-Eastleigh M3,Jct13 by IHG","Leigh Rd, Eastleigh SO50 9PG, UK",023 8062 6000,https://www.ihg.com/holidayinn/hotels/gb/en/eastleigh/soael/hoteldetail?cm_mmc=GoogleMaps-_-HI-_-GB-_-SOAEL
Eastleigh,Premier Inn Southampton (Eastleigh) hotel,"Leigh Rd, Eastleigh SO50 9YX, UK",0333 321 9004,https://www.premierinn.com/gb/en/hotels/england/hampshire/southampton/southampton-eastleigh.html?cid=GLBC_EASGAT
Eastleigh,Travelodge Southampton Eastleigh,"Ham Farm, Twyford Rd, A335, Eastleigh SO50 4LF, UK",0871 984 6213,https://www.travelodge.co.uk/hotels/67/southampton-eastleigh-hotel?utm_source=google&utm_medium=GHA_Organic&utm_campaign=GHA_Southampton%20Eastleigh&WT.tsrc=GHA_Organic
Lancaster,Holiday Inn Lancaster by IHG,"Waterside Park, Caton Rd, Lancaster LA1 3RA, UK",0333 320 9332,https://www.ihg.com/holidayinn/hotels/gb/en/lancaster/xqlcr/hoteldetail?cm_mmc=GoogleMaps-_-HI-_-GB-_-XQLCR
Lancaster,Premier Inn Lancaster hotel,"Lancaster Business Park, Caton Rd, Lancaster LA1 3PE, UK",0333 003 1753,https://www.premierinn.com/gb/en/hotels/england/lancashire/lancaster/lancaster.html?cid=GLBC_LANBRE
Lancaster,Travelodge Lancaster M6,"M6 Motorway, Moto Service Area J32/33, White Carr Ln, Lancaster LA2 9DU, UK",0871 984 6154,https://www.travelodge.co.uk/hotels/142/lancaster-m6-hotel?utm_source=google&utm_medium=GHA_Organic&utm_campaign=GHA_Lancaster%20M6&WT.tsrc=GHA_Organic
Lancaster,Ibis Budget Lancaster Centre,"King St, NA, Lancaster LA1 1RE, UK",020 3961 6450,
Lancaster,Travelodge Morecambe,"Arndale Shopping Centre, 57 Euston Rd, Morecambe LA4 5DQ, UK",0871 984 6479,https://www.travelodge.co.uk/hotels/516/Morecambe-hotel?utm_source=google&utm_medium=GHA_Organic&utm_campaign=GHA_Morecambe&WT.tsrc=GHA_Organic
Lancaster,Best Western Lothersdale Hotel,"320 Marine Rd E, Morecambe LA4 5AA, UK",0333 003 4206,https://www.bestwestern.co.uk/hotels/best-western-lothersdale-hotel-84212
Macclesfield,Premier Inn Macclesfield North hotel,"Tytherington Business Park, Springwood Way, Tytherington, Bollington, Macclesfield SK10 2XA, UK",0333 321 1284,https://www.premierinn.com/gb/en/hotels/england/cheshire/macclesfield/macclesfield-north.html?cid=GLBC_MACMID
Macclesfield,Premier Inn Macclesfield South West hotel,"Congleton Rd, Macclesfield SK11 7XD, UK",0333 321 1285,https://www.premierinn.com/gb/en/hotels/england/cheshire/macclesfield/macclesfield-south-west.html?cid=GLBC_MACPTI
Macclesfield,Travelodge Macclesfield Central,"Castle House, Gas Rd, Macclesfield SK11 6JS, UK",0871 984 6432,https://www.travelodge.co.uk/hotels/412/macclesfield-central-hotel?utm_source=google&utm_medium=GHA_Organic&utm_campaign=GHA_Macclesfield%20Central&WT.tsrc=GHA_Organic
Macclesfield,Travelodge Macclesfield Adlington,"A523 London Rd, South Adlington, Macclesfield SK10 4NG, UK",0871 984 6158,https://www.travelodge.co.uk/hotels/152/macclesfield-adlington-hotel?utm_source=google&utm_medium=GHA_Organic&utm_campaign=GHA_Macclesfield%20Adlington&WT.tsrc=GHA_Organic
Macclesfield,Premier Inn Manchester (Handforth) hotel,"30 Wilmslow Rd, Handforth, Wilmslow SK9 3EW, UK",0333 321 1303,https://www.premierinn.com/gb/en/hotels/england/greater-manchester/manchester/manchester-handforth.html?cid=GLBC_MANBUL
Macclesfield,Best Western Pinewood Manchester Airport-Wilmslow Hotel,"180 Wilmslow Rd, Handforth, Wilmslow SK9 3LF, UK",01625 529211,http://www.pinewood-hotel.co.uk/
Wellingborough,Travelodge Wellingborough,"Enstone Ct, Wellingborough NN8 2DR, UK",0871 984 8484,https://www.travelodge.co.uk/hotels/704/Wellingborough-hotel?utm_source=google&utm_medium=GHA_Organic&utm_campaign=GHA_Wellingborough
Kingston upon Thames,Travelodge Kingston upon Thames Central,"International House, 27 Wheatfield Way, Kingston upon Thames KT1 2PD, UK",0871 984 6428,https://www.travelodge.co.uk/hotels/397/London-Kingston-Upon-Thames-Central-hotel?utm_source=google&utm_medium=GHA_Organic&utm_campaign=GHA_Kingston%20Upon%20Thames%20Central&WT.tsrc=GHA_Organic
Kingston upon Thames,Premier Inn London Tolworth hotel,"12 Kingston Rd, Tolworth, Chessington, Surbiton KT5 9NU, UK",0333 234 6605,https://www.premierinn.com/gb/en/hotels/england/greater-london/london/london-tolworth.html?cid=GLBC_LONTLW
Kingston upon Thames,"Crowne Plaza London - Kingston, an IHG Hotel","Kingston Tower, Portsmouth Rd, Long Ditton, Surbiton KT6 5QQ, UK",020 8786 6565,https://www.ihg.com/crowneplaza/hotels/gb/en/surbiton/lonkt/hoteldetail?cm_mmc=YextLocal-_-CP-_-GB-_-LONKT
Kingston upon Thames,Travelodge London Raynes Park,"Durham House, 1 Amity Grove, Raynes Park, London SW20 0LQ, UK",,https://www.travelodge.co.uk/hotels/592/London-Raynes-Park-hotel?utm_source=google&utm_medium=GHA_Organic&utm_campaign=GHA_London%20Raynes%20Park&WT.tsrc=GHA_Organic
Kingston upon Thames,Premier Inn London Wimbledon (Broadway) hotel,"153, 163 The Broadway, London SW19 1NE, UK",0330 135 9037,https://www.premierinn.com/gb/en/hotels/england/greater-london/london/london-wimbledon-broadway.html?cid=GLBC_LONWIM
Andover,Premier Inn Andover hotel,"West Portway Industrial Estate, Joule Rd, Andover SP10 3UX, UK",0333 777 3664,https://www.premierinn.com/gb/en/hotels/england/hampshire/andover/andover.html?cid=GLBC_ANDBRE
Andover,Travelodge Andover,"Business Park, Hawker Siddeley Way, Andover SP11 8BF, UK",0871 559 1895,https://www.travelodge.co.uk/hotels/618/Andover-hotel?utm_source=google&utm_medium=GHA_Organic&utm_campaign=GHA_Andover
Andover,Holiday Inn Salisbury - Stonehenge by IHG,"Mid Summer Pl, Solstice Park Ave, Amesbury, Near SP4 7SQ, UK",0345 241 3535,https://www.ihg.com/holidayinn/hotels/gb/en/wiltshire/xsrsp/hoteldetail?cm_mmc=GoogleMaps-_-HI-_-GB-_-XSRSP
Andover,Travelodge Newbury Tot Hill,"Tot Hill Services, A34, Burghclere, Newbury RG20 9BX, UK",0871 984 6204,https://www.travelodge.co.uk/hotels/57/newbury-tot-hill-hotel?utm_source=google&utm_medium=GHA_Organic&utm_campaign=GHA_Newbury%20Tot%20Hill&WT.tsrc=GHA_Organic
Andover,Days Inn by Wyndham Sutton Scotney South,"Sutton Scotney Motorway Service Area, A 34 By-pass Southbound, Sutton Scotney, Sutton Scotney, Winchester SO21 3JY, UK",0808 175 4933,https://www.wyndhamhotels.com/en-uk/days-inn/winchester-united-kingdom/days-inn-sutton-scotney/overview?CID=LC:iqv0j1dklijly45:50207&iata=00093796
Andover,Premier Inn Winchester hotel,"Caledonia House, Winnall Manor Rd, Winchester SO23 7RT, UK",0333 321 9308,https://www.premierinn.com/gb/en/hotels/england/hampshire/winchester/winchester.html?cid=GLBC_WINCAL
Andover,Travelodge Barton Stacey,"A303, Winchester SO21 3NF, UK",0871 984 6007,https://www.travelodge.co.uk/hotels/74/barton-stacey-hotel?utm_source=google&utm_medium=GHA_Organic&utm_campaign=GHA_Barton%20Stacey&WT.tsrc=GHA_Organic
Andover,Days Inn by Wyndham Sutton Scotney North,"Sutton Scotney, Winchester SO21 3JY, UK",0808 175 4932,https://www.wyndhamhotels.com/en-uk/days-inn/winchester-united-kingdom/days-inn-sutton-scotney-north/overview?CID=LC:iqv0j1dklijly45:49341&iata=00093796
Christchurch,Premier Inn Christchurch (East) hotel,"Somerford Rd, Christchurch BH23 3QG, UK",0333 777 4616,https://www.premierinn.com/gb/en/hotels/england/dorset/christchurch/christchurch-east.html?cid=GLBC_CHRSOM
Christchurch,Premier Inn Christchurch/Highcliffe hotel,"266 Lymington Rd, Highcliffe, Christchurch BH23 5ET, UK",0333 321 9215,https://www.premierinn.com/gb/en/hotels/england/dorset/christchurch/christchurch-highcliffe.html?cid=GLBC_HIGHCL
Barnet,Travelodge London Finchley,"2 Dollis Park, Greater, London N3 1HF, UK",0871 559 1891,https://www.travelodge.co.uk/hotels/614/London-Finchley-hotel?utm_source=google&utm_medium=GHA_Organic&utm_campaign=GHA_London_Finchley
Barnet,Travelodge London Whetstone,"1446 High Rd, London N20 9BS, UK",0871 984 6260,https://www.travelodge.co.uk/hotels/497/london-whetstone-hotel?utm_source=google&utm_medium=GHA_Organic&utm_campaign=GHA_London%20Whetstone&WT.tsrc=GHA_Organic
Barnet,London Marriott Hotel Maida Vale,"Plaza Parade, London NW6 5RP, UK",020 7543 6000,https://www.marriott.com/en-us/hotels/lonwh-london-marriott-hotel-maida-vale/overview/?scid=f2ae0541-1279-4f24-b197-a979c79310b0
Barnet,Travelodge London Cricklewood,"Cricklewood Broadway, London NW2 3DU, UK",0871 984 6496,https://www.travelodge.co.uk/hotels/528/London-Cricklewood-hotel?utm_source=google&utm_medium=GHA_Organic&utm_campaign=GHA_London%20Cricklewood&WT.tsrc=GHA_Organic
Barnet,Travelodge Borehamwood,"Elstree Way, Borehamwood WD6 1SD, UK",0871 984 6346,https://www.travelodge.co.uk/hotels/373/borehamwood-hotel?utm_source=google&utm_medium=GHA_Organic&utm_campaign=GHA_Borehamwood&WT.tsrc=GHA_Organic
Barnet,Best Western Mornington Hotel London Hyde Park,"12 Lancaster Gate, London W2 3LG, UK",020 7262 7361,https://www.bestwestern.co.uk/hotels/best-western-mornington-hotel-london-hyde-park-83187?utm_source=google_places&utm_medium=organic&utm_campaign=Best_Western_Mornington_Hotel
Paignton,Mercure Paignton Hotel,"22 25 Esplanade Rd, Paignton TQ4 6BQ, UK",01803 229444,https://all.accor.com/lien_externe.svlt?goto=fiche_hotel&code_hotel=B9E9&merchantid=seo-maps-GB-B9E9&sourceid=aw-cen&utm_medium=seo%20maps&utm_source=google%20Maps&utm_campaign=seo%20maps
Paignton,ibis Styles Paignton,"26 Esplanade Rd, Paignton TQ4 6BQ, UK",01803 435522,https://all.accor.com/lien_externe.svlt?goto=fiche_hotel&code_hotel=B9G3&merchantid=seo-maps-GB-B9G3&sourceid=aw-cen&utm_medium=seo%20maps&utm_source=google%20Maps&utm_campaign=seo%20maps
Paignton,Premier Inn Paignton Seafront (Goodrington Sands) hotel,"Tanners Rd, Paignton TQ4 6LP, UK",0333 321 9205,https://www.premierinn.com/gb/en/hotels/england/devon/paignton/paignton-seafront-goodrington-sands.html?cid=GLBC_PAIBRE
Paignton,Premier Inn Paignton South (Brixham Road) hotel,"Long Rd, South, Paignton TQ4 7RZ, UK",0333 321 9248,https://www.premierinn.com/gb/en/hotels/england/devon/paignton/paignton-south-brixham-road.html?cid=GLBC_PAIWHI
Paignton,Travelodge Paignton Seafront,"Middlepark Hotel, 3 Marine Dr, Paignton TQ3 2NJ, UK",0800 640 3689,https://www.travelodge.co.uk/hotels/501/paignton-seafront-hotel?utm_source=google&utm_medium=GHA_Organic&utm_campaign=GHA_Paignton%20Seafront&WT.tsrc=GHA_Organic
Yeovil,Premier Inn Yeovil Town Centre hotel,"Key Market House, Middle St, Yeovil BA20 1LT, UK",0333 321 9309,https://www.premierinn.com/gb/en/hotels/england/somerset/yeovil/yeovil-town-centre.html?cid=GLBC_YEOTOC
Yeovil,Premier Inn Yeovil Airfield hotel,"1 Alvington Ln, Yeovil BA22 8UX, UK",0333 321 9196,https://www.premierinn.com/gb/en/hotels/england/somerset/yeovil/yeovil-airfield.html?cid=GLBC_YEOAIR
Yeovil,Travelodge Yeovil Podimore,"Podimore Services, A303 Roundabout, Nr. Yeovil BA22 8JG, UK",01935 841349,https://www.travelodge.co.uk/hotels/104/yeovil-podimore-hotel?utm_source=google&utm_medium=GHA_Organic&utm_campaign=GHA_Yeovil%20Podimore&WT.tsrc=GHA_Organic
Yeovil,Best Western Royal Chase Hotel,"Christy's Ln, Shaftesbury SP7 8DB, UK",01747 853355,https://www.theroyalchasehotel.co.uk/
Welwyn Garden City,Travelodge Welwyn Garden City,"Gate House, Fretherne Rd, Welwyn Garden City AL8 6RD, UK",0871 984 6536,https://www.travelodge.co.uk/hotels/645/Welwyn-Garden-City-hotel?utm_source=google&utm_medium=GHA_Organic&utm_campaign=GHA_Welwyn_Garden_City
Welwyn Garden City,Travelodge Hatfield Central,"Hatfield Business Park, Comet Way, Hatfield AL10 0XR, UK",0871 984 6316,https://www.travelodge.co.uk/hotels/321/hatfield-central-hotel?utm_source=google&utm_medium=GHA_Organic&utm_campaign=GHA_Hatfield%20Central&WT.tsrc=GHA_Organic
Beckenham,Premier Inn London Brixton hotel,"434 Coldharbour Ln, London SW9 8HH, UK",0333 321 9362,https://www.premierinn.com/gb/en/hotels/england/greater-london/london/london-brixton.html?cid=GLBC_LONBRI
Sutton,ibis London Sutton Point,"8 Sutton Plaza, Sutton Court Rd, London SM1 4FS, UK",020 4553 0610,https://all.accor.com/lien_externe.svlt?goto=fiche_hotel&code_hotel=B5J1&merchantid=seo-maps-GB-B5J1&sourceid=aw-cen&utm_medium=seo%20maps&utm_source=google%20Maps&utm_campaign=seo%20maps
Sutton,"Orchid Epsom Hotel, Sure Collection by Best Western, Off A3, Epsom","272 Kingston Rd, Epsom KT19 0SH, UK",020 8394 3800,http://www.orchidepsom.com/
Sutton,Premier Inn Epsom South hotel,"Brighton Rd, Burgh Heath, Banstead, Tadworth KT20 6BW, UK",0333 777 7931,https://www.premierinn.com/gb/en/hotels/england/surrey/epsom/epsom-south.html?cid=GLBC_EPSPTI
Sutton,Premier Inn Epsom Town Centre hotel,"1 The Parade, Epsom KT18 5BT, UK",0330 135 9035,https://www.premierinn.com/gb/en/hotels/england/surrey/epsom/epsom-town-centre.html?cid=GLBC_EPSTOW
Sutton,Holiday Inn Express London - Epsom Downs by IHG,"Langley Vale Road Epsom, Downs, Epsom, Surrey KT18 5LG, UK",01372 755200,https://www.ihg.com/holidayinnexpress/hotels/gb/en/surrey/lonep/hoteldetail?cm_mmc=GoogleMaps-_-EX-_-GB-_-LONEP
Sutton,Premier Inn Epsom Central hotel,"2-4 Saint Margaret Drive Odd, Dorking Rd, Epsom KT18 7LB, UK",0333 777 7928,https://www.premierinn.com/gb/en/hotels/england/surrey/epsom/epsom-central.html?cid=GLBC_EPSHAY
Banbury,"Premier Inn Banbury (M40, J11) hotel","Ermont Way, Banbury OX16 4AE, UK",0333 321 9439,https://www.premierinn.com/gb/en/hotels/england/oxfordshire/banbury/banbury-m40-j11.html?cid=GLBC_BANSTR
Banbury,Premier Inn Banbury Town Centre (Castle Quay) hotel,"Castle Quay, Banbury OX16 5UN, UK",0333 003 8101,https://www.premierinn.com/gb/en/hotels/england/oxfordshire/banbury/banbury-town-centre-castle-quay.html?cid=GLBC_BANBUR
Banbury,Travelodge Bicester Cherwell Valley M40,"M40, Northampton Rd, Bicester OX27 7RD, UK",0871 984 6012,https://www.travelodge.co.uk/hotels/12/bicester-cherwell-valley-m40-hotel?utm_source=google&utm_medium=GHA_Organic&utm_campaign=GHA_Bicester%20Cherwell%20Valley%20M40&WT.tsrc=GHA_Organic
Banbury,Premier Inn Silverstone hotel,"Brackley Hatch, Brackley NN13 5TX, UK",0333 321 8673,https://www.premierinn.com/gb/en/hotels/england/northamptonshire/silverstone/silverstone.html?cid=GLBC_SILGRE
Winchester,Travelodge Winchester,"Market Ln, Winchester SO23 9AL, UK",0871 984 6552,https://www.travelodge.co.uk/hotels/660/Winchester-hotel?utm_source=google&utm_medium=GHA_Organic&utm_campaign=GHA_Winchester&WT.tsrc=GHA_Organic
Beeston,Village Hotel Nottingham,"Brailsford Way, Beeston, Nottingham NG9 6DL, UK",0333 006 5222,https://www.village-hotels.co.uk/hotels/nottingham/?utm_source=google&utm_medium=organic&utm_campaign=nottingham-gmb
Beeston,Novotel Nottingham Derby,"Bostocks Ln, Long Eaton, Sandiacre, Nottingham NG10 4EP, UK",0115 946 5111,https://all.accor.com/hotel/0507/index.en.shtml
Beeston,Travelodge Nottingham Trowell M1,"Moto Service Area, Motorway, Trowell, Nottingham, M1 NG9 3PL, UK",0871 984 6093,https://www.travelodge.co.uk/hotels/162/Nottingham-Trowell-M1-hotel?utm_source=google&utm_medium=GHA_Organic&utm_campaign=GHA_Nottingham%20Trowell%20M1&WT.tsrc=GHA_Organic
Beeston,"Holiday Inn Derby - Nottingham M1, JCT.25 by IHG","Bostocks Ln, Sandiacre, Nottingham NG10 5NJ, UK",0333 320 9327,https://www.ihg.com/holidayinn/hotels/gb/en/nottingham/notde/hoteldetail?cm_mmc=GoogleMaps-_-HI-_-GB-_-NOTDE
Bridgwater,ibis Bridgwater,"Woodlands Court Business Park, Bristol Rd, Bridgwater TA6 4FJ, UK",01278 619963,https://all.accor.com/lien_externe.svlt?goto=fiche_hotel&code_hotel=B670&merchantid=seo-maps-GB-B670&sourceid=aw-cen&utm_medium=seo%20maps&utm_source=google%20Maps&utm_campaign=seo%20maps
Bridgwater,Premier Inn Bridgwater North (A38) hotel,"Express Park, Bristol Rd, Bridgwater TA6 4RR, UK",0333 777 3946,https://www.premierinn.com/gb/en/hotels/england/somerset/bridgwater/bridgwater.html?cid=GLBC_BRIBRE
Bridgwater,Days Inn Sedgemoor M5,"Welcome Break Sedgemoor North Service Area, J21, Avon, 22 M5, Weston-super-Mare BS24 0JL, UK",01934 750831,https://hotels.welcomebreak.co.uk/hotel/days-inn-sedgemoor-m5/
Bridgwater,Travelodge Highbridge Burnham-on-Sea,"2 Siger Drive, Highbridge TA9 4BA, UK",0871 984 6541,https://www.travelodge.co.uk/hotels/651/Highbridge-Burnham-on-Sea-hotel?utm_source=google&utm_medium=GHA_Organic&utm_campaign=GHA_Highbridge-Burnham-on-Sea&WT.tsrc=GHA_Organic
Salisbury,Premier Inn Salisbury North Bishopdown hotel,"Pearce Way, Salisbury SP1 3GU, UK",0333 321 8461,https://www.premierinn.com/gb/en/hotels/england/wiltshire/salisbury/salisbury-north-bishopdown.html?cid=GLBC_SALBIS
Salisbury,Premier Inn Salisbury South Milford hotel,"New Petersfinger Rd, Petersfinger, Salisbury SP1 2FF, UK",0330 135 9042,https://www.premierinn.com/gb/en/hotels/england/wiltshire/salisbury/salisbury-south-milford.html?cid=GLBC_SALMIL
Salisbury,Mercure Salisbury White Hart Hotel & Apartments,"1 St John's St, Salisbury SP1 2SD, UK",01722 327476,https://all.accor.com/lien_externe.svlt?goto=fiche_hotel&code_hotel=6616&merchantid=seo-maps-GB-6616&sourceid=aw-cen&utm_medium=seo%20maps&utm_source=google%20Maps&utm_campaign=seo%20maps
Salisbury,Best Western The Red Lion Hotel,"4 Milford St, Salisbury SP1 2AN, UK",01722 323334,https://the-redlion.co.uk/?utm_source=gmb&utm_medium=website&utm_campaign=button
Salisbury,Travelodge Amesbury Stonehenge,"Countess Services, A303 Eastbound, Amesbury, Salisbury SP4 7AS, UK",0871 984 6218,https://www.travelodge.co.uk/hotels/73/amesbury-stonehenge-hotel?utm_source=google&utm_medium=GHA_Organic&utm_campaign=GHA_Amesbury%20Stonehenge&WT.tsrc=GHA_Organic
Havant,Premier Inn Portsmouth Havant South (Langstone/A27) hotel,"East Langs Tech Park, Langstone Rd, Havant PO9 1SE, UK",0333 234 6479,https://www.premierinn.com/gb/en/hotels/england/hampshire/portsmouth/portsmouth-havant-south-langstonea27.html?cid=GLBC_PORHAV
Havant,Premier Inn Portsmouth (Horndean) hotel,"2 Havant Rd, Portsmouth PO8 0DT, UK",0333 321 4231,https://www.premierinn.com/gb/en/hotels/england/hampshire/portsmouth/portsmouth-horndean.html?cid=GLBC_PORRED
Havant,Travelodge Havant Rowlands Castle,"1 Whichers Gate Rd, Portsmouth, Rowlands Castle, Rowland's Castle PO9 6BB, UK",0871 559 1842,https://www.travelodge.co.uk/hotels/481/havant-rowlands-castle-hotel?utm_source=google&utm_medium=GHA_Organic&utm_campaign=GHA_Havant%20Rowlands%20Castle&WT.tsrc=GHA_Organic
Ashton-under-Lyne,Travelodge Manchester Sportcity,"Birch St, West Gorton, Hyde, Manchester M12 5NT, UK",0871 984 6293,https://www.travelodge.co.uk/hotels/285/manchester-sportcity-hotel?utm_source=google&utm_medium=GHA_Organic&utm_campaign=GHA_Manchester%20Sportcity&WT.tsrc=GHA_Organic
Ashton-under-Lyne,Holiday Inn Express Manchester - East by IHG,"Debdale Park, Hyde Rd, Gorton, Manchester M18 7LJ, UK",0371 902 1547,https://www.ihg.com/holidayinnexpress/hotels/gb/en/manchester/mchea/hoteldetail?cm_mmc=GoogleMaps-_-EX-_-GB-_-MCHEA
Sutton-in-Ashfield,Travelodge Alfreton,"Old Swanwick Colliery Rd, Alfreton DE55 1HJ, UK",0871 984 6119,https://www.travelodge.co.uk/hotels/2/alfreton-hotel?utm_source=google&utm_medium=GHA_Organic&utm_campaign=GHA_Alfreton&WT.tsrc=GHA_Organic
Chippenham,Best Western Plus Angel Hotel - managed by Legacy Hotels and Resorts,"8 Market Pl, Chippenham SN15 3HD, UK",01249 652615,https://www.angel-hotel-chippenham.com/
Chippenham,Premier Inn Chippenham hotel,"W Cepen Way, Chippenham SN14 6UZ, UK",0333 777 4613,https://www.premierinn.com/gb/en/hotels/england/wiltshire/chippenham/chippenham.html?cid=GLBC_CHICEP
Chippenham,Travelodge Chippenham,"Foundry Ln, Chippenham SN15 1JB, UK",0871 984 6551,https://www.travelodge.co.uk/hotels/652/Chippenham-hotel?utm_source=google&utm_medium=GHA_Organic&utm_campaign=GHA_Chippenham&WT.tsrc=GHA_Organic
Chippenham,Travelodge Chippenham Leigh Delamere M4 Eastbound,"Moto Service Area, Leigh Delamere, Chippenham SN14 6LB, UK",0871 984 6264,https://www.travelodge.co.uk/hotels/85/chippenham-leigh-delamere-m4-eastbound-hotel?utm_source=google&utm_medium=GHA_Organic&utm_campaign=GHA_Chippenham%20Leigh%20Delamere%20M4%20Eastbound&WT.tsrc=GHA_Organic
Chippenham,Travelodge Chippenham Leigh Delamere M4 Westbound Hotel,"Leigh Delamere West Motorway Services, M4, Chippenham SN14 6LB, UK",0871 984 6227,https://www.travelodge.co.uk/hotels/240/Chippenham-Leigh-Delamere-M4-Westbound-hotel?utm_source=google&utm_medium=GHA_Organic&utm_campaign=GHA_Chippenham%20Leigh%20Delamere%20M4%20Westbound&WT.tsrc=GHA_Organic
Lytham St Annes,Travelodge Lytham St Annes,"329-335 Clifton Dr S, Lytham St Annes, Lytham Saint Annes FY8 1LP, UK",0871 984 6167,https://www.travelodge.co.uk/hotels/540/Lytham-St-Annes-hotel?utm_source=google&utm_medium=GHA_Organic&utm_campaign=GHA_Lytham_St_Annes&WT.tsrc=GHA_Organic
Lytham St Annes,"Premier Inn Blackpool East (M55, Jct4) hotel","Whitehills Park, Preston New Rd, Blackpool FY4 5NZ, UK",0333 777 3922,https://www.premierinn.com/gb/en/hotels/england/lancashire/blackpool/blackpool-east-m55-jct4.html?cid=GLBC_BLAPTI
Worksop,Travelodge Worksop,"A57 St. Anne's Drive Dukeries Mill, Worksop S80 3QD, UK",0871 984 6185,https://www.travelodge.co.uk/hotels/193/worksop-hotel?utm_source=google&utm_medium=GHA_Organic&utm_campaign=GHA_Worksop&WT.tsrc=GHA_Organic
Worksop,The West Retford Hotel (Best Western),"24 North Rd, Retford DN22 7XG, UK",01777 706333,http://www.westretfordhotel.co.uk/
Worksop,Travelodge Retford Markham Moor,"A1 Northbound, Markham Moor, Retford DN22 0QU, UK",0871 984 6098,https://www.travelodge.co.uk/hotels/171/retford-markham-moor-hotel?utm_source=google&utm_medium=GHA_Organic&utm_campaign=GHA_Retford%20Markham%20Moor&WT.tsrc=GHA_Organic
Worksop,Travelodge Blyth A1(M),"A1(M, Moto Service Area, Hilltop Roundabout, Blyth, Worksop S81 8HG, UK",0871 984 6123,https://www.travelodge.co.uk/hotels/115/blyth-a1m-hotel?utm_source=google&utm_medium=GHA_Organic&utm_campaign=GHA_Blyth%20A1(M)&WT.tsrc=GHA_Organic
Leigh,Premier Inn Manchester (Sale) hotel,"Carrington Ln., Sale M33 5BL, UK",0333 321 1295,https://www.premierinn.com/gb/en/hotels/england/greater-manchester/manchester/manchester-sale.html?cid=GLBC_MANMER
Leigh,Travelodge Manchester Trafford Park,"17 Trafford Way, Trafford Park, Stretford, Manchester M17 8DD, UK",0871 984 6338,https://www.travelodge.co.uk/hotels/328/manchester-trafford-park-hotel?utm_source=google&utm_medium=GHA_Organic&utm_campaign=GHA_Manchester%20Trafford%20Park&WT.tsrc=GHA_Organic
Altrincham,Travelodge Altrincham Central,"Grafton Tower, Stamford New Rd, Altrincham WA14 1DQ, UK",0161 941 5977,https://www.travelodge.co.uk/hotels/544/Altrincham-Central-hotel?utm_source=google&utm_medium=GHA_Organic&utm_campaign=GHA_Altrincham_Central&WT.tsrc=GHA_Organic
Altrincham,DoubleTree by Hilton Manchester Airport,"Outwood Ln, Manchester M90 4WP, UK",0161 435 3000,https://www.hilton.com/en/hotels/manhidi-doubletree-manchester-airport/?SEO_id=GMB-EMEA-DI-MANHIDI
Urmston,Premier Inn Manchester Trafford Centre North hotel,"18-20 Trafford Blvd, Trafford Park, Urmston, Stretford, Manchester M41 7JE, UK",0333 321 1316,https://www.premierinn.com/gb/en/hotels/england/greater-manchester/manchester/manchester-trafford-centre-north.html?cid=GLBC_MANSWI
Grantham,Premier Inn Grantham hotel,"A1/607, Junction, Harlaxton Rd, Grantham NG31 7JT, UK",0333 003 1684,https://www.premierinn.com/gb/en/hotels/england/lincolnshire/grantham/grantham.html?cid=GLBC_GRABRE
Grantham,Travelodge Grantham A1,"Moto Service Area Grantham North, Maidstone Rd, A1 Gonerby Moor, Grantham NG32 2AB, UK",0871 984 6077,https://www.travelodge.co.uk/hotels/130/grantham-a1-hotel?utm_source=google&utm_medium=GHA_Organic&utm_campaign=GHA_Grantham%20A1&WT.tsrc=GHA_Organic
Grantham,Travelodge Grantham South Witham,"A1, South Witham, Grantham NG33 5BN, UK",0871 984 6076,https://www.travelodge.co.uk/hotels/129/grantham-south-witham-hotel?utm_source=google&utm_medium=GHA_Organic&utm_campaign=GHA_Grantham%20South%20Witham&WT.tsrc=GHA_Organic
Grantham,Travelodge Grantham Colsterworth,"Moto Service Area, A1, Colsterworth, Grantham NG33 5JR, UK",0871 984 6075,https://www.travelodge.co.uk/hotels/128/grantham-colsterworth-hotel?utm_source=google&utm_medium=GHA_Organic&utm_campaign=GHA_Grantham%20Colsterworth&WT.tsrc=GHA_Organic
Grantham,Premier Inn Melton Mowbray hotel,"5 Norman Way, Melton Mowbray LE13 1JE, UK",0333 003 3402,https://www.premierinn.com/gb/en/hotels/england/leicestershire/melton-mowbray/melton-mowbray.html?cid=GLBC_MELMOW
Boston,Premier Inn Boston hotel,"Wainfleet Rd, Boston PE21 9RW, UK",0333 777 3927,https://www.premierinn.com/gb/en/hotels/england/lincolnshire/boston/boston.html?cid=GLBC_BOSBUR
Boston,Travelodge Boston,"Scott Dr, Wyberton, Boston PE21 7NH, UK",,https://www.travelodge.co.uk/hotels/682/Boston-hotel?utm_source=google&utm_medium=GHA_Organic&utm_campaign=GHA_Boston
Newbury,Premier Inn Newbury Town Centre (London Road) hotel,"Park Way, Newbury RG14 1EE, UK",0333 234 6614,https://www.premierinn.com/gb/en/hotels/england/berkshire/newbury/newbury-town-centre-london-road.html?cid=GLBC_NEWTOW
Newbury,Mercure Newbury Elcot Park Hotel,"Elcot, Newbury RG20 8NJ, UK",,
Newbury,Mercure Newbury West Grange Hotel,"Cox's Ln, Bath Rd, Newbury, Reading RG7 5UP, UK",01635 273074,https://www.accorhotels.com/b3x3
Newbury,Travelodge Newbury Chieveley M4,"MOTO SERVICE AREA, A34 Oxford Rd, Thatcham RG18 9XX, UK",0871 984 6203,https://www.travelodge.co.uk/hotels/56/newbury-chieveley-m4-hotel?utm_source=google&utm_medium=GHA_Organic&utm_campaign=GHA_Newbury%20Chieveley%20M4&WT.tsrc=GHA_Organic
Newbury,Travelodge Newbury London Road,"49 London Rd, Newbury RG14 1JN, UK",0871 984 6475,https://www.travelodge.co.uk/hotels/508/London-Newbury-Road-hotel?utm_source=google&utm_medium=GHA_Organic&utm_campaign=GHA_London%20Newbury%20Road&WT.tsrc=GHA_Organic
Bicester,Premier Inn Bicester hotel,"Oxford Rd, Bicester OX26 1AN, UK",0333 321 9288,https://www.premierinn.com/gb/en/hotels/england/oxfordshire/bicester/bicester.html?cid=GLBC_BICOXF
Bicester,Holiday Inn Express Bicester by IHG,"Gateway Business Park, Wendlebury Rd, Bicester OX25 2BX, UK",0371 902 1600,https://www.ihg.com/holidayinnexpress/hotels/gb/en/bicester/oxfbr/hoteldetail?cm_mmc=GoogleMaps-_-EX-_-GB-_-OXFBR
Bicester,Travelodge Bicester,"Pioneer Square, Wesley Ln, Bicester OX26 6JU, UK",0871 559 1881,https://www.travelodge.co.uk/hotels/603/Bicester-hotel?utm_source=google&utm_medium=GHA_Organic&utm_campaign=GHA_Bicester
Bicester,Premier Inn Oxford Kidlington (Airport) hotel,"Unit 1 - 4, Oxford Technology Park, Kidlington, Oxford OX5 1GN, UK",0871 527 8000,https://www.premierinn.com/gb/en/hotels/england/oxfordshire/oxford/oxford-kidlington-airport.html?cid=GLBC_OXFNOR
Ramsgate,Travelodge Ramsgate Seafront,"Royal Parade, Ramsgate CT11 8LZ, UK",0871 984 6477,https://www.travelodge.co.uk/hotels/510/Ramsgate-Seafront-hotel?utm_source=google&utm_medium=GHA_Organic&utm_campaign=GHA_Ramsgate%20Seafront&WT.tsrc=GHA_Organic
Ramsgate,Holiday Inn Express Ramsgate - Minster by IHG,"Tothill St, Minster, Ramsgate CT12 4AU, UK",01843 820250,https://www.ihg.com/holidayinnexpress/hotels/gb/en/ramsgate/kenmi/hoteldetail?cm_mmc=GoogleMaps-_-EX-_-GB-_-KENMI
Ramsgate,Premier Inn Margate hotel,"Station Green, Station Rd, Margate CT9 5AF, UK",0333 321 1323,https://www.premierinn.com/gb/en/hotels/england/kent/margate/margate.html?cid=GLBC_MARPRO
Ramsgate,Travelodge Margate Westwood,"53 Margate Rd, Westwood, Broadstairs, Ramsgate CT12 5GR, UK",0871 984 6341,https://www.travelodge.co.uk/hotels/334/margate-westwood-hotel?utm_source=google&utm_medium=GHA_Organic&utm_campaign=GHA_Margate%20Westwood&WT.tsrc=GHA_Organic
Ramsgate,Premier Inn Ramsgate (Manston Airport) hotel,"Laundry Rd, Minster, Ramsgate CT12 4EU, UK",0333 321 9212,https://www.premierinn.com/gb/en/hotels/england/kent/ramsgate/ramsgate-manston-airport.html?cid=GLBC_RAMSMU
Sittingbourne,Premier Inn Sittingbourne Kent,"Bobbing Corner, Sheppey Way, Bobbing, Sittingbourne ME9 8RZ, UK",0333 321 8678,https://www.premierinn.com/gb/en/hotels/england/kent/sittingbourne/sittingbourne-kent.html?cid=GLBC_SITBOB
Sittingbourne,Travelodge Sittingbourne,"Bourne Place, St Michael's Rd, Sittingbourne ME10 3JY, UK",0871 984 6562,https://www.travelodge.co.uk/hotels/666/Sittingbourne-hotel?utm_source=google&utm_medium=GHA_Organic&utm_campaign=GHA_Sittingbourne
Sittingbourne,Premier Inn Faversham hotel,"Tettenhall Wy., Faversham ME13 8ZA, UK",0333 003 8101,https://www.premierinn.com/gb/en/hotels/england/kent/faversham/faversham.html?cid=GLBC_FAVSHM
Bishop's Stortford,ibis budget Bishops Stortford London Stansted Airport,"Birchanger Ln, Birchanger, Bishop's Stortford CM23 5FT, UK",01279 598878,
Feltham,Premier Inn Sunbury (Kempton Park) hotel,"68 Staines Rd W, Shepperton, Sunbury-on-Thames TW16 7AT, UK",0333 321 9057,https://www.premierinn.com/gb/en/hotels/england/surrey/sunbury/sunbury-kempton-park.html?cid=GLBC_SUNKEM
Feltham,Premier Inn Staines-upon-Thames hotel,"90, 106 High St, Staines-upon-Thames, Staines TW18 4DP, UK",0330 135 9034,https://www.premierinn.com/gb/en/hotels/england/surrey/staines/staines-upon-thames.html?cid=GLBC_STAHIG
Feltham,Holiday Inn London - Shepperton by IHG,"Felix Ln, Shepperton TW17 8NP, UK",01932 899988,https://www.ihg.com/holidayinn/hotels/gb/en/shepperton/lonsh/hoteldetail?cm_mmc=GoogleMaps-_-HI-_-GB-_-LONSH
Castleford,"Premier Inn Castleford (Xscape, M62 J32) hotel","Colorado Way, Castleford WF10 4TA, UK",0333 777 3996,https://www.premierinn.com/gb/en/hotels/england/west-yorkshire/castleford/castleford-xscape-m62-j32.html?cid=GLBC_CASMOT
Castleford,ibis Wakefield East-Castleford,"Pioneer Way, Castleford WF10 5TG, UK",01977 558574,https://all.accor.com/lien_externe.svlt?goto=fiche_hotel&code_hotel=B671&merchantid=seo-maps-GB-B671&sourceid=aw-cen&utm_medium=seo%20maps&utm_source=google%20Maps&utm_campaign=seo%20maps
Castleford,Best Western Plus Milford Hotel,"Watermill restaurant, Great N Rd, Leeds LS25 5LQ, UK",01977 681800,https://www.bestwestern.co.uk/hotels/best-western-plus-milford-hotel-83728
Castleford,Premier Inn Pontefract North hotel,"Ai Business Park, 84 Knottingley Rd, Knottingley, Pontefract WF11 0BU, UK",0333 321 1395,https://www.premierinn.com/gb/en/hotels/england/west-yorkshire/pontefract/pontefract-north.html?cid=GLBC_PONTUR
Cramlington,Premier Inn Newcastle Gosforth/Cramlington hotel,"Moor Farm Roundabout, Off Front St, Annitsford, Cramlington NE23 7QA, UK",0333 321 1337,https://www.premierinn.com/gb/en/hotels/england/tyne-and-wear/newcastle/newcastle-gosforthcramlington.html?cid=GLBC_NEWMOO
Cramlington,Travelodge Newcastle Seaton Burn,"A1, A19 Fisher Ln, Newcastle upon Tyne NE13 6EP, UK",0871 984 6166,https://www.travelodge.co.uk/hotels/217/newcastle-seaton-burn-hotel?utm_source=google&utm_medium=GHA_Organic&utm_campaign=GHA_Newcastle%20Seaton%20Burn&WT.tsrc=GHA_Organic
Cramlington,Holiday Inn Newcastle - Gosforth Park by IHG,"Great North Road, Seaton Burn, Newcastle upon Tyne NE13 6BP, UK",0191 201 9988,https://www.ihg.com/holidayinn/hotels/gb/en/newcastle-upon-tyne/ncluk/hoteldetail?cm_mmc=GoogleMaps-_-HI-_-GB-_-NCLUK
Cramlington,Premier Inn Ashington hotel,"Queen Elizabeth Country Park, Ashington NE63 9AT, UK",0333 777 3672,https://www.premierinn.com/gb/en/hotels/england/northumberland/ashington/ashington.html?cid=GLBC_ASHWDG
Cramlington,Best Western New Kent Hotel,"127 Osborne Rd, Jesmond, Newcastle upon Tyne NE2 2TB, UK",0333 003 4251,https://www.bestwestern.co.uk/hotels/best-western-new-kent-hotel-83326?utm_source=google_places&utm_medium=organic&utm_campaign=Best_Western_New_Kent_Hotel
Cramlington,DoubleTree by Hilton Newcastle International Airport,"Woolsington, Newcastle upon Tyne NE13 8BZ, UK",01661 824266,https://www.hilton.com/en/hotels/nclnadi-doubletree-newcastle-international-airport/?SEO_id=GMB-EMEA-DI-NCLNADI
Cramlington,Novotel Newcastle Airport,"Ponteland Rd, Kenton, Newcastle upon Tyne NE3 3HZ, UK",0191 214 0303,https://all.accor.com/lien_externe.svlt?goto=fiche_hotel&code_hotel=1118&merchantid=seo-maps-GB-1118&sourceid=aw-cen&utm_medium=seo%20maps&utm_source=google%20Maps&utm_campaign=seo%20maps
Cramlington,Premier Inn Newcastle Airport (South) hotel,"Callerton Lane End, Newcastle upon Tyne NE13 8DF, UK",0333 321 1343,https://www.premierinn.com/gb/en/hotels/england/tyne-and-wear/newcastle/newcastle-airport-south.html?cid=GLBC_NEWPLI
Herne Bay,Premier Inn Herne Bay hotel,"Blacksole Farm, Margate Rd, Herne Bay CT6 6LA, UK",0333 003 1723,https://www.premierinn.com/gb/en/hotels/england/kent/canterbury/herne-bay.html?cid=GLBC_HERHER
Herne Bay,Premier Inn Whitstable hotel,"Thanet Way, Whitstable CT5 3DB, UK",0333 321 9145,https://www.premierinn.com/gb/en/hotels/england/kent/whitstable/whitstable.html?cid=GLBC_WHILON
Long Eaton,Days Inn Donington A50,"Service Area, Welcome Break, J1, 2 A50, Derby DE72 2WW, UK",01332 799666,https://hotels.welcomebreak.co.uk/hotel/days-inn-donington-derby-a50/
Long Eaton,Hilton East Midlands Airport,"M1, Junction, 24 Derby Rd, Derby DE74 2YZ, UK",01509 674000,https://www.hilton.com/en/hotels/emahnhn-hilton-east-midlands-airport/?SEO_id=GMB-EMEA-HN-EMAHNHN
Abingdon,Hilton Garden Inn Abingdon Oxford,"Marcham Rd, Abingdon OX14 1TZ, UK",01235 425570,https://www.hilton.com/en/hotels/gloabgi-hilton-garden-inn-abingdon-oxford/?SEO_id=GMB-EMEA-GI-GLOABGI
Abingdon,Premier Inn Abingdon (A34),"Marcham Rd, Abingdon OX14 1TZ, UK",0333 003 8101,https://www.premierinn.com/gb/en/hotels/england/oxfordshire/abingdon/abingdon-a34.html?cid=GLBC_ABIMAR
Abingdon,Courtyard by Marriott Oxford South,"6 Milton Gate, Milton, Abingdon OX14 4FP, UK",01865 671480,https://www.marriott.com/en-us/hotels/oxfcx-courtyard-oxford-south/overview/?scid=f2ae0541-1279-4f24-b197-a979c79310b0
Abingdon,Premier Inn Oxford South Didcot hotel,"milton interchange, Milton Interchange, A4130, Milton, Abingdon OX14 4TX, UK",0333 321 1385,https://www.premierinn.com/gb/en/hotels/england/oxfordshire/oxford/oxford-south-didcot.html?cid=GLBC_DIDAPP
Abingdon,Premier Inn Oxford Botley hotel,"West Way, Botley, Oxford OX2 0JF, UK",0333 015 0097,https://www.premierinn.com/gb/en/hotels/england/oxfordshire/oxford/oxford-botley.html?cid=GLBC_OXFBOT
Chester-le-Street,"Radisson Blu Hotel, Durham","Frankland Ln, Durham DH1 5TA, UK",0191 372 7200,https://www.radissonhotels.com/en-us/hotels/radisson-blu-durham?cid=a:se+b:gmb+c:emea+i:local+e:rdb+d:ukirwe+h:GBXVU1
Chester-le-Street,Travelodge Durham,"9 Station Ln, Durham DH1 1LJ, UK",0191 386 5461,https://www.travelodge.co.uk/hotels/204/durham-hotel?utm_source=google&utm_medium=GHA_Organic&utm_campaign=GHA_Durham&WT.tsrc=GHA_Organic
Chester-le-Street,Premier Inn Durham City Centre (Walkergate) hotel,"Freeman's Pl, Walkergate, Durham DH1 1SW, UK",0333 777 4669,https://www.premierinn.com/gb/en/hotels/england/county-durham/durham/durham-city-centre-walkergate.html?cid=GLBC_DURBAR
Warwick,Premier Inn Stratford Upon Avon Waterways hotel,"The Waterways, Birmingham Rd, Stratford-upon-Avon CV37 0AZ, UK",0333 321 9243,https://www.premierinn.com/gb/en/hotels/england/warwickshire/stratford-upon-avon/stratford-upon-avon-waterways.html?cid=GLBC_STRAVO
Warwick,"The Welcombe Hotel, Sure Hotel Collection by Best Western","Warwick Rd, Stratford-upon-Avon CV37 0NR, UK",0330 028 3422,
Coalville,Premier Inn East Midlands Airport hotel,"Pegasus Business Park, Herald Way, Castle Donington, Derby DE74 2TQ, UK",0333 777 4675,https://www.premierinn.com/gb/en/hotels/england/leicestershire/east-midlands-airport/east-midlands-airport.html?cid=GLBC_EASPTI
Bridlington,Premier Inn Bridlington Seafront hotel,"Albion Terrace, Bridlington YO15 2PJ, UK",0333 234 6572,https://www.premierinn.com/gb/en/hotels/england/east-riding-of-yorkshire/bridlington/bridlington-seafront.html?cid=GLBC_BRISEA
Beverley,Premier Inn Beverley Town Centre hotel,"Flemingate, Flemingate, Beverley HU17 0NQ, UK",0333 321 3078,https://www.premierinn.com/gb/en/hotels/england/east-riding-of-yorkshire/beverley/beverley-town-centre.html?cid=GLBC_BEVTOW
Dover,Premier Inn Dover Central (Eastern Ferry Terminal) hotel,"Marine Court, Marine Parade, Dover CT16 1LW, UK",0333 777 4649,https://www.premierinn.com/gb/en/hotels/england/kent/dover/dover-central-eastern-ferry-terminal.html?cid=GLBC_DOVPTI
Trowbridge,Premier Inn Trowbridge hotel,"St Stephen's Pl, Trowbridge BA14 8AH, UK",0333 321 9319,https://www.premierinn.com/gb/en/hotels/england/wiltshire/trowbridge/trowbridge.html?cid=GLBC_TROSTS
Trowbridge,Premier Inn Frome hotel,"commerce park, Jenson Ave, Frome BA11 2LD, UK",0333 777 7269,https://www.premierinn.com/gb/en/hotels/england/somerset/frome/frome.html?cid=GLBC_FROBRE
Trowbridge,Travelodge Melksham,"Commerce Way, Melksham SN12 6AD, UK",0871 984 6529,https://www.travelodge.co.uk/hotels/635/Melksham-hotel?utm_source=google&utm_medium=GHA_Organic&utm_campaign=GHA_Melksham
Trowbridge,Travelodge Beckington,"A36, A36 Trowbridge Rd, Beckington, Frome BA11 6SF, UK",0871 984 6220,https://www.travelodge.co.uk/hotels/76/beckington-hotel?utm_source=google&utm_medium=GHA_Organic&utm_campaign=GHA_Beckington&WT.tsrc=GHA_Organic
Barnstaple,Premier Inn Barnstaple hotel,"Whiddon Dr, Barnstaple EX32 8RY, UK",0333 777 3681,https://www.premierinn.com/gb/en/hotels/england/devon/barnstaple/barnstaple.html?cid=GLBC_BARBAR
Barnstaple,Travelodge Barnstaple,"A39 North Devon Link Road, Roundswell, Barnstaple EX31 3RZ, UK",0871 984 6345,https://www.travelodge.co.uk/hotels/326/barnstaple-hotel?utm_source=google&utm_medium=GHA_Organic&utm_campaign=GHA_Barnstaple&WT.tsrc=GHA_Organic
Hyde,Travelodge Glossop,"Victoria St, Glossop SK13 8HT, UK",,https://www.travelodge.co.uk/hotels/550/Glossop-hotel?utm_source=google&utm_medium=GHA_Organic&utm_campaign=GHA_Glossop&WT.tsrc=GHA_Organic
Haywards Heath,Premier Inn Burgess Hill hotel,"Charles Ave, Burgess Hill RH15 9TQ, UK",0333 777 3967,https://www.premierinn.com/gb/en/hotels/england/west-sussex/burgess-hill/burgess-hill.html?cid=GLBC_BURHIL
Uxbridge,Premier Inn London Ruislip hotel,"Ickenham Rd, Ruislip HA4 7DR, UK",0333 321 8458,https://www.premierinn.com/gb/en/hotels/england/greater-london/london/london-ruislip.html?cid=GLBC_RUIBEE
Whitstable,Travelodge Canterbury Whitstable,"A299 Thanet Way, Faversham ME13 9EL, UK",0871 984 6022,https://www.travelodge.co.uk/hotels/21/canterbury-whitstable-hotel?utm_source=google&utm_medium=GHA_Organic&utm_campaign=GHA_Canterbury%20Whitstable&WT.tsrc=GHA_Organic
Glossop,Best Western Plus Buxton Lee Wood Hotel,"The Park, Park Rd, Buxton SK17 6TQ, UK",01298 23002,https://www.bestwestern.co.uk/hotels/best-western-plus-lee-wood-hotel-83174?utm_source=google_places&utm_medium=organic&utm_campaign=Best_Western_Lee_Wood_Hotel
Borehamwood,Travelodge Borehamwood Studio Way,"Studio Way, Borehamwood WD6 5JY, UK",0871 559 1807,https://www.travelodge.co.uk/hotels/446/borehamwood-studio-way-hotel?utm_source=google&utm_medium=GHA_Organic&utm_campaign=GHA_Borehamwood%20Studio%20Way&WT.tsrc=GHA_Organic
Burgess Hill,Premier Inn Lewes Town Centre hotel,"The Old Courthouse, Court Rd, Lewes BN7 2PG, UK",0333 234 6628,https://www.premierinn.com/gb/en/hotels/england/east-sussex/lewes/lewes-town-centre.html?cid=GLBC_LEWTOW
Loughton,Hallmark Hotel,"Manor Rd, London IG8 8AJ, UK",020 8505 9966,
Epsom,Travelodge Epsom Central,"Station Approach, Epsom KT19 8EU, UK",0800 640 3456,http://www.travelodge.co.uk/hotels/557/Epsom-Central-hotel?utm_source=google&utm_medium=GHA_Organic&utm_campaign=GHA_Epsom%20Central
Epsom,Travelodge Leatherhead,"High St, Leatherhead KT22 8AA, UK",0871 984 6248,https://www.travelodge.co.uk/hotels/256/leatherhead-hotel?utm_source=google&utm_medium=GHA_Organic&utm_campaign=GHA_Leatherhead&WT.tsrc=GHA_Organic
Epsom,Premier Inn Chessington hotel,"Leatherhead Rd, Chessington KT9 2NE, UK",0333 777 4537,https://www.premierinn.com/gb/en/hotels/england/greater-london/chessington/chessington.html?cid=GLBC_CHEMON
Epsom,Travelodge London Chessington Tolworth,"Ewell Rd, Tolworth, London, Surbiton KT6 7EL, UK",0871 984 6210,https://www.travelodge.co.uk/hotels/282/london-chessington-tolworth-hotel?utm_source=google&utm_medium=GHA_Organic&utm_campaign=GHA_London%20Chessington%20Tolworth&WT.tsrc=GHA_Organic
Staines,Travelodge Staines,"Hale St, Staines-upon-Thames, Staines TW18 4UW, UK",0871 984 6246,https://www.travelodge.co.uk/hotels/246/staines-hotel?utm_source=google&utm_medium=GHA_Organic&utm_campaign=GHA_Staines&WT.tsrc=GHA_Organic
Staines,Travelodge Egham,"Church Rd, Egham TW20 9HZ, UK",0871 559 1866,https://www.travelodge.co.uk/hotels/588/Egham-hotel?utm_source=google&utm_medium=GHA_Organic&utm_campaign=GHA_Egham
Staines,Travelodge Chertsey,"Guildford St, Chertsey KT16 9AU, UK",0871 559 1863,https://www.travelodge.co.uk/hotels/585/Chertsey-hotel?utm_source=google&utm_medium=GHA_Organic&utm_campaign=GHA_Chertsey&WT.tsrc=GHA_Organic
Staines,Best Western Ship Hotel,"70 Monument Grn, High St, Weybridge KT13 8BQ, UK",01932 848364,https://www.bestwestern.co.uk/hotels/best-western-ship-hotel-83913?utm_source=google_places&utm_medium=organic&utm_campaign=Best_Western_Ship_Hotel
Staines,Premier Inn Addlestone hotel,"Station Rd, Addlestone KT15 2AH, UK",0333 234 6439,https://www.premierinn.com/gb/en/hotels/england/surrey/addlestone/addlestone.html?cid=GLBC_LONADD
Staines,The Stanwell Hotel by Mercure,"171 Town Ln, Stanwell, Staines TW19 7PW, UK",01784 252292,
Chichester,Premier Inn Chichester South (Gate Leisure Park) hotel,"Chichester Gate, Leisure Park, Terminus Rd, Chichester PO19 8EL, UK",0333 777 4599,https://www.premierinn.com/gb/en/hotels/england/west-sussex/chichester/chichester-south-gate-leisure-park.html?cid=GLBC_CHIPTI
Chichester,Travelodge Chichester Central,"28 Chapel St, Chichester PO19 1DL, UK",01243 539116,https://www.travelodge.co.uk/hotels/496/chichester-central-hotel?utm_source=google&utm_medium=GHA_Organic&utm_campaign=GHA_Chichester%20Central&WT.tsrc=GHA_Organic
Chichester,"Beachcroft Hotel, BW Signature Collection by Best Western","Clyde Rd, Bognor Regis PO22 7AH, UK",01243 827142,https://www.bestwestern.co.uk/hotels/beachcroft-hotel-bw-signature-collection-by-best-western-83909
Chichester,Travelodge Chichester Emsworth,"A27, A27, Emsworth PO10 7RB, UK",0871 984 6024,https://www.travelodge.co.uk/hotels/233/chichester-emsworth-hotel?utm_source=google&utm_medium=GHA_Organic&utm_campaign=GHA_Chichester%20Emsworth&WT.tsrc=GHA_Organic
Deal,Travelodge Sandwich,"Discovery Park, Spitfire Wy, Sandwich CT13 9FR, UK",0871 984 6581,https://www.travelodge.co.uk/hotels/685/Sandwich-hotel?utm_source=google&utm_medium=GHA_Organic&utm_campaign=GHA_Sandwich
Sevenoaks,Days Inn by Wyndham Sevenoaks Clacket Lane,"Roadchef Motorway Svc Area, Tatsfield, Westerham TN16 2ER, UK",0808 175 4923,https://www.wyndhamhotels.com/en-uk/days-inn/westerham-united-kingdom/days-inn-sevenoaks-clacket-lane/overview?CID=LC:iqv0j1dklijly45:40450&iata=00093796
Sevenoaks,Premier Inn Maidstone/Sevenoaks hotel,"London Rd, Wrotham Heath, Sevenoaks TN15 7RX, UK",0333 321 8464,https://www.premierinn.com/gb/en/hotels/england/kent/sevenoaks-maidstone/sevenoaks-maidstone.html?cid=GLBC_SEVROY
Sevenoaks,Lingfield Park Marriott Hotel & Country Club,"Racecourse Rd, Lingfield RH7 6PQ, UK",01342 830930,https://www.marriott.com/en-us/hotels/lgwgs-lingfield-park-marriott-hotel-and-country-club/overview/?scid=f2ae0541-1279-4f24-b197-a979c79310b0
Pontefract,Travelodge Pontefract Ferrybridge A1/M62,"Moto Service Area, A1/M62 Junction, Pontefract WF11 0AF, UK",0871 984 6170,https://www.travelodge.co.uk/hotels/169/Pontefract-Ferrybridge-A1-M62-hotel?utm_source=google&utm_medium=GHA_Organic&utm_campaign=GHA_Pontefract%20Ferrybridge%20A1/M62
Camberley,Travelodge Frimley,"114 Portsmouth Rd, Frimley, Camberley GU15 1HS, UK",0871 559 1810,https://www.travelodge.co.uk/hotels/449/frimley-hotel?utm_source=google&utm_medium=GHA_Organic&utm_campaign=GHA_Frimley&WT.tsrc=GHA_Organic
Kendal,Premier Inn Kendal Central hotel,"Maude St, Kendal LA9 4QG, UK",0333 003 1745,https://www.premierinn.com/gb/en/hotels/england/cumbria/kendal/kendal-central.html?cid=GLBC_KENTAB
Kendal,Days Inn by Wyndham Kendal Killington Lake,"Roadchef Motorway Scv Area M6 S Cumbria, Kendal LA8 0NW, UK",0808 175 4926,https://www.wyndhamhotels.com/en-uk/days-inn/kendal-united-kingdom/days-inn-kendal-killington-lake/overview?CID=LC:iqv0j1dklijly45:40490&iata=00093796
Kendal,Travelodge Kendal,"A591, Kendal LA8 8AA, UK",0871 984 6327,https://www.travelodge.co.uk/hotels/330/kendal-hotel?utm_source=google&utm_medium=GHA_Organic&utm_campaign=GHA_Kendal&WT.tsrc=GHA_Organic
Kendal,Travelodge Kendal Town Centre,"Kendal LA9 7FW, UK",0871 984 6571,https://www.travelodge.co.uk/hotels/675/Kendal-Town-Centre-hotel?utm_source=google&utm_medium=GHA_Organic&utm_campaign=GHA_Kendal_Town_Centre
Kendal,Best Western Plus Castle Green Hotel In Kendal,"Castle Green Ln, Kendal LA9 6RG, UK",971 42 55 88,https://www.bestwestern.co.uk/hotels/castle-green-hotel-in-kendal-bw-premier-collection-by-best-western-83674
Ruislip,Best Western Northfields Ealing Hotel,"264 Northfield Ave, London W5 4UB, UK",020 4599 8500,https://www.bestwestern.co.uk/hotels/best-western-northfields-ealing-hotel-84354
Ruislip,Travelodge London Northolt,"Mandeville Rd, Northolt UB5 4LU, UK",0871 559 1834,https://www.travelodge.co.uk/hotels/473/london-northolt-hotel?utm_source=google&utm_medium=GHA_Organic&utm_campaign=GHA_London%20Northolt&WT.tsrc=GHA_Organic
Bromsgrove,Travelodge Bromsgrove,"Ladybird Inn, 2 Finstall Rd, Aston Fields, Bromsgrove B60 2DZ, UK",0871 984 6625,https://www.travelodge.co.uk/hotels/492/bromsgrove-hotel?utm_source=google&utm_medium=GHA_Organic&utm_campaign=GHA_Bromsgrove&WT.tsrc=GHA_Organic
Bromsgrove,Travelodge Bromsgrove Marlbrook,"462 Birmingham Rd, Marlbrook, Bromsgrove B61 0HR, UK",0871 559 1809,https://www.travelodge.co.uk/hotels/448/bromsgrove-marlbrook-hotel?utm_source=google&utm_medium=GHA_Organic&utm_campaign=GHA_Bromsgrove%20Marlbrook&WT.tsrc=GHA_Organic
Bromsgrove,Travelodge Droitwich,"A38, Rashwood, Hill, Droitwich WR9 0BJ, UK",0871 984 6074,https://www.travelodge.co.uk/hotels/127/droitwich-hotel?utm_source=google&utm_medium=GHA_Organic&utm_campaign=GHA_Droitwich&WT.tsrc=GHA_Organic
Stratford-upon-Avon,DoubleTree by Hilton Stratford-upon-Avon,"Arden St, Stratford-upon-Avon CV37 6QQ, UK",01789 271000,https://www.hilton.com/en/hotels/bhxsadi-doubletree-stratford-upon-avon/?SEO_id=GMB-EMEA-DI-BHXSADI
Stratford-upon-Avon,Crowne Plaza Stratford Upon Avon by IHG,"Bridge Foot, Stratford-upon-Avon CV37 6YR, UK",01789 279988,https://www.ihg.com/crowneplaza/hotels/gb/en/stratford-upon-avon/sfdua/hoteldetail?cm_mmc=GoogleMaps-_-CP-_-GB-_-SFDUA
Stratford-upon-Avon,Premier Inn Stratford Upon Avon Central hotel,"Payton St, Stratford-upon-Avon CV37 6UQ, UK",0333 321 9223,https://www.premierinn.com/gb/en/hotels/england/warwickshire/stratford-upon-avon/stratford-upon-avon-central.html?cid=GLBC_STUPAV
Stratford-upon-Avon,Travelodge Stratford Upon Avon,"251 Birmingham Rd, Stratford-upon-Avon CV37 0BF, UK",020 3195 4882,https://www.travelodge.co.uk/hotels/376/stratford-upon-avon-hotel?utm_source=google&utm_medium=GHA_Organic&utm_campaign=GHA_Stratford%20Upon%20Avon&WT.tsrc=GHA_Organic
Spalding,Travelodge Spalding,"Springfields Designer Outlet, 41 Camelgate, Spalding PE12 6EU, UK",0871 984 6383,https://www.travelodge.co.uk/hotels/370/spalding-hotel?utm_source=google&utm_medium=GHA_Organic&utm_campaign=GHA_Spalding&WT.tsrc=GHA_Organic
Newark,Premier Inn Newark,"Lincoln Rd, Newark-on-Trent, Newark NG24 2DB, UK",0333 321 1336,https://www.premierinn.com/gb/en/hotels/england/nottinghamshire/newark/newark.html?cid=GLBC_NEWROM
Newark,Travelodge Newark-on-Trent,"Beaumond Cross, Newark-on-Trent, Newark NG24 1XB, UK",0871 984 6578,https://www.travelodge.co.uk/hotels/689/Newark-on-Trent-hotel?utm_source=google&utm_medium=GHA_Organic&utm_campaign=GHA_Newark_on_Trent
Redhill,Premier Inn Redhill Reigate hotel,"Brighton Rd, Salfords, Redhill RH1 5BT, UK",0333 321 8445,https://www.premierinn.com/gb/en/hotels/england/surrey/redhill/redhill-reigate.html?cid=GLBC_REDMIL
Redhill,Travelodge Redhill Town Centre,"26 London Rd, Redhill RH1 1NN, UK",0871 984 6516,https://www.travelodge.co.uk/hotels/625/Redhill-Town-Centre-hotel?utm_source=google&utm_medium=GHA_Organic&utm_campaign=GHA_Redhill_Town_Centre
Redhill,Travelodge Redhill,"2 Redstone Hill, Redhill RH1 4BL, UK",0871 559 1843,https://www.travelodge.co.uk/hotels/480/redhill-hotel?utm_source=google&utm_medium=GHA_Organic&utm_campaign=GHA_Redhill&WT.tsrc=GHA_Organic
Redhill,Travelodge Caterham Whyteleafe,"431 Godstone Rd, Warlingham, Whyteleafe CR3 0BF, UK",01883 627581,https://www.travelodge.co.uk/hotels/325/caterham-whyteleafe-hotel?utm_source=google&utm_medium=GHA_Organic&utm_campaign=GHA_Caterham%20Whyteleafe&WT.tsrc=GHA_Organic
Bramhall,Premier Inn Manchester (Cheadle) hotel,"Royal Cres, Cheadle SK8 3FS, UK",0333 321 1301,https://www.premierinn.com/gb/en/hotels/england/greater-manchester/manchester/manchester-cheadle.html?cid=GLBC_MANCHE
Bramhall,Premier Inn Manchester Airport (Heald Green) hotel,"Finney Ln, Wythenshawe, Stockport SK8 3QA, UK",0333 321 1304,https://www.premierinn.com/gb/en/hotels/england/greater-manchester/manchester/manchester-airport-heald-green.html?cid=GLBC_MANHEA
Bramhall,Premier Inn Manchester West Didsbury hotel,"Christie Fields Business Pk, Derwent Ave, Manchester M21 7QS, UK",0333 321 1298,https://www.premierinn.com/gb/en/hotels/england/greater-manchester/manchester/manchester-west-didsbury.html?cid=GLBC_MANWES
Bramhall,Crowne Plaza Manchester Airport by IHG,"Ringway Rd, Airport, Manchester M90 3NS, UK",0371 942 9055,https://www.ihg.com/crowneplaza/hotels/gb/en/manchester/mchwt/hoteldetail?cm_mmc=GoogleMaps-_-CP-_-GB-_-MCHWT
Bramhall,Travelodge Manchester Didsbury,"Parrs Wood Entertainment Centre, Wilmslow Rd, East Didsbury, Manchester M20 5PG, UK",0871 984 6162,https://www.travelodge.co.uk/hotels/155/manchester-didsbury-hotel?utm_source=google&utm_medium=GHA_Organic&utm_campaign=GHA_Manchester%20Didsbury&WT.tsrc=GHA_Organic
Bramhall,Holiday Inn Express Manchester Airport by IHG,"Manchester Airport, Runger Ln, Airport, Manchester M90 5DL, UK",0161 980 2556,https://www.ihg.com/holidayinnexpress/hotels/gb/en/manchester/mchma/hoteldetail?cm_mmc=GoogleMaps-_-EX-_-GB-_-MCHMA
Bramhall,Premier Inn Manchester (Wilmslow) hotel,"Racecourse Rd, Wilmslow SK9 5LR, UK",0333 321 1305,https://www.premierinn.com/gb/en/hotels/england/greater-manchester/manchester/manchester-wilmslow.html?cid=GLBC_MANBOD
Heywood,Travelodge Manchester Birch M6,"Granada Service Area Birch, Heywood OL10 2HQ, UK",0871 984 6262,
Heywood,Travelodge Manchester Birch M62 Westbound,"Moto Service Area, M62, Birch, Middleton, Heywood OL10 2QH, UK",0871 984 6161,https://www.travelodge.co.uk/hotels/241/Manchester-Birch-M62-Westbound-hotel
Littlehampton,Travelodge Arundel Fontwell Park,"Fontwell Park, Fontwell Ave, Fontwell, Arundel BN18 0SY, UK",0871 559 1801,https://www.travelodge.co.uk/hotels/440/Arundel-Fontwell-Park-hotel?utm_source=google&utm_medium=GHA_Organic&utm_campaign=GHA_Arundel%20Fontwell%20Park&WT.tsrc=GHA_Organic
Littlehampton,Travelodge Arundel Fontwell,"A27/A29, Fontwell, Walberton, Arundel BN18 0SB, UK",0871 984 6014,https://www.travelodge.co.uk/hotels/14/Arundel-Fontwell-hotel?utm_source=google&utm_medium=GHA_Organic&utm_campaign=GHA_Arundel_Fontwell
Littlehampton,Premier Inn Bognor Regis hotel,"Shripney Rd, Shripney, Bognor Regis PO22 9PA, UK",0333 777 3924,https://www.premierinn.com/gb/en/hotels/england/west-sussex/bognor-regis/bognor-regis.html?cid=GLBC_BOGROB
Littlehampton,Premier Inn Bognor Regis (Seafront),"Seafront, Clarence Rd, Bognor Regis PO21 1BL, UK",01243 813061,https://www.premierinn.com/gb/en/hotels/england/west-sussex/bognor-regis/bognor-regis-seafront.html?cid=GLBC_BOGSEA
Fleet,Travelodge Fleet,"Cove Rd, Fleet GU51 2SH, UK",0871 559 1821,https://www.travelodge.co.uk/hotels/460/fleet-hotel?utm_source=google&utm_medium=GHA_Organic&utm_campaign=GHA_Fleet&WT.tsrc=GHA_Organic
Witney,Premier Inn Witney hotel,"Ducklington Ln, Witney OX28 4JF, UK",0333 321 9343,https://www.premierinn.com/gb/en/hotels/england/oxfordshire/witney/witney.html?cid=GLBC_WITBEE
Witney,Travelodge Witney,"Ducklington Ln, Witney OX28 4JT, UK",0871 984 6576,https://www.travelodge.co.uk/hotels/681/Witney-hotel?utm_source=google&utm_medium=GHA_Organic&utm_campaign=GHA_Witney
Witney,Travelodge Burford Cotswolds,"A40 Burford Roundabout, Burford OX18 4JF, UK",01993 822699,https://www.travelodge.co.uk/hotels/80/burford-cotswolds-hotel?utm_source=google&utm_medium=GHA_Organic&utm_campaign=GHA_Burford%20Cotswolds&WT.tsrc=GHA_Organic
Ashington,Premier Inn Alnwick hotel,"Willowburn Industrial Estate, South Rd, Alnwick NE66 2PF, UK",0300 373 0315,https://www.premierinn.com/gb/en/hotels/england/northumberland/alnwick/alnwick.html?cid=GLBC_ALNWIL
Totton,Travelodge Stoney Cross Lyndhurst,"Rufus Stone Services, A31 Westbound, Stoney Cross, Lyndhurst SO43 7GN, UK",0871 984 6200,https://www.travelodge.co.uk/hotels/55/stoney-cross-lyndhurst-hotel?utm_source=google&utm_medium=GHA_Organic&utm_campaign=GHA_Stoney%20Cross%20Lyndhurst&WT.tsrc=GHA_Organic
Penarth,Premier Inn Cardiff Bay hotel,"Bute Pl, Cardiff CF10 4AA, UK",0871 527 8000,https://www.premierinn.com/gb/en/hotels/wales/glamorgan/cardiff/cardiff-bay.html?cid=GLBC_CARBAY
Penarth,Hilton Cardiff,"Kingsway, Greyfriars Rd, Cardiff CF10 3HH, UK",029 2064 6300,https://www.hilton.com/en/hotels/cwlhitw-hilton-cardiff/?SEO_id=GMB-EMEA-TW-CWLHITW
Penarth,ZIP by Premier Inn Cardiff,"Ipswich Rd, Cardiff CF23 9AQ, UK",0333 777 3979,https://www.premierinn.com/gb/en/hotels/wales/glamorgan/cardiff/zip-cardiff.html?cid=GLBC_CARROA
Penarth,"Radisson Blu Hotel, Cardiff","Meridian Gate, Bute Terrace, Cardiff CF10 2FL, UK",029 2045 4777,https://www.radissonhotels.com/en-us/hotels/radisson-blu-cardiff?cid=a:se+b:gmb+c:emea+i:local+e:rdb+d:ukirwe+h:GBCWL1
Penarth,Holiday Inn Express Cardiff Bay by IHG,"Longueil Cl, Schooner Way, Cardiff CF10 4EE, UK",029 2044 9000,https://www.ihg.com/holidayinnexpress/hotels/gb/en/cardiff/cdfba/hoteldetail?cm_mmc=GoogleMaps-_-EX-_-GB-_-CDFBA
Penarth,Novotel Cardiff Centre,"Schooner Way, Cardiff CF10 4RT, UK",029 2113 2800,https://all.accor.com/lien_externe.svlt?goto=fiche_hotel&code_hotel=5982&merchantid=seo-maps-GB-5982&sourceid=aw-cen&utm_medium=seo%20maps&utm_source=google%20Maps&utm_campaign=seo%20maps
Penarth,Premier Inn Cardiff West hotel,"Port Rd, Nant Isaf, Wenvoe, Cardiff CF5 6DD, UK",0333 777 3985,https://www.premierinn.com/gb/en/hotels/wales/glamorgan/cardiff/cardiff-west.html?cid=GLBC_CARWAL
Penarth,Premier Inn Cardiff City South hotel,"East Moors Industrial Estate, Keen Rd, Cardiff CF24 5JT, UK",0333 777 3982,https://www.premierinn.com/gb/en/hotels/wales/glamorgan/cardiff/cardiff-city-south.html?cid=GLBC_CAROCE
Penarth,Cardiff Marriott Hotel,"Mill Ln, Cardiff CF10 1EZ, UK",029 2039 9944,https://www.marriott.com/en-us/hotels/cwldt-cardiff-marriott-hotel/overview/?scid=f2ae0541-1279-4f24-b197-a979c79310b0
Penarth,Holiday Inn Cardiff City Centre by IHG,"Castle St, Cardiff CF10 1XD, UK",0371 942 9240,https://www.ihg.com/holidayinn/hotels/gb/en/cardiff/cdfcy/hoteldetail?cm_mmc=GoogleMaps-_-HI-_-GB-_-CDFCY
Penarth,Premier Inn Cardiff City Centre (Queen Street) hotel,"Helmont House, 10 Churchill Way, Cardiff CF10 2HE, UK",0333 777 3981,https://www.premierinn.com/gb/en/hotels/wales/glamorgan/cardiff/cardiff-city-centre.html?cid=GLBC_CARBAR
Penarth,Travelodge Cardiff Central,"Imperial Gate, St Mary St, Cardiff CF10 1FA, UK",029 2039 8737,https://www.travelodge.co.uk/hotels/81/cardiff-central-hotel?utm_source=google&utm_medium=GHA_Organic&utm_campaign=GHA_Cardiff%20Central&WT.tsrc=GHA_Organic
Penarth,Travelodge Cardiff Atlantic Wharf,"Hemingway Rd, Cardiff CF10 4JY, UK",,https://www.travelodge.co.uk/hotels/380/cardiff-atlantic-wharf-hotel?utm_source=google&utm_medium=GHA_Organic&utm_campaign=GHA_Cardiff%20Atlantic%20Wharf&WT.tsrc=GHA_Organic
Penarth,Premier Inn Cardiff North hotel,"Pentwyn Rd, Cardiff CF23 7XH, UK",0333 777 3984,https://www.premierinn.com/gb/en/hotels/wales/glamorgan/cardiff/cardiff-north.html?cid=GLBC_CARNOR
Penarth,Premier Inn Barry Island Cardiff Airport hotel,"Triangle Site, Ffordd Y Mileniwm, Barry, Cardiff CF62 5QN, UK",0333 321 9274,https://www.premierinn.com/gb/en/hotels/wales/glamorgan/barry-island/barry-island-cardiff-airport.html?cid=GLBC_BARISL
Penarth,Travelodge Cardiff Central Queen Street,"The Friary, Cardiff CF10 2PB, UK",0800 640 3453,https://www.travelodge.co.uk/hotels/504/Cardiff-Central-Queen-Street-hotel?utm_source=google&utm_medium=GHA_Organic&utm_campaign=GHA_Cardiff%20Central%20Queen%20Street&WT.tsrc=GHA_Organic
Penarth,Premier Inn Cardiff City Centre (Stadium) hotel,"Custom House St, Cardiff CF10 1AP, UK",0333 321 1262,https://www.premierinn.com/gb/en/hotels/wales/glamorgan/cardiff/cardiff-city-centre-stadium.html?cid=GLBC_CARSTA
East Grinstead,Premier Inn East Grinstead hotel,"London Rd, Felbridge, East Grinstead RH19 2QR, UK",0333 777 4674,https://www.premierinn.com/gb/en/hotels/england/surrey/east-grinstead/east-grinstead.html?cid=GLBC_EASSTA
Melton Mowbray,Best Western Sysonby Knoll Hotel,"Asfordby Rd, Melton Mowbray LE13 0HP, UK",01664 563563,https://www.bestwestern.co.uk/hotels/best-western-sysonby-knoll-hotel-83983
Melton Mowbray,"Normanton Park Hotel, BW Signature Collection by Best Western","Rutland Water, Normanton Park Rd, Normanton, Oakham LE15 8RP, UK",01780 720315,https://www.bestwestern.co.uk/hotels/normanton-park-hotel-sure-hotel-collection-by-best-western-83880
Fleetwood,Premier Inn Blackpool Bispham hotel,"Devonshire Rd, Bispham, Blackpool FY2 0AR, UK",0333 777 3918,https://www.premierinn.com/gb/en/hotels/england/lancashire/blackpool/blackpool-bispham.html?cid=GLBC_BLARED
Newton Abbot,Premier Inn Newton Abbot hotel,"Racecourse, Newton Rd, Kingsteignton, Newton Abbot TQ12 3AF, UK",0333 321 9234,https://www.premierinn.com/gb/en/hotels/england/devon/newton-abbot/newton-abbot.html?cid=GLBC_NEWABB
Thornton Cleveleys,Village Hotel Blackpool,"E Park Dr, Blackpool FY3 8LL, UK",0333 006 5222,https://www.village-hotels.co.uk/hotels/blackpool/?utm_source=google&utm_medium=organic&utm_campaign=blackpool-gmb
Seaford,Premier Inn Newhaven hotel,"The Drove, Newhaven BN9 0AG, UK",0333 321 1351,https://www.premierinn.com/gb/en/hotels/england/east-sussex/newhaven/newhaven.html?cid=GLBC_NEWDRO
Whitehaven,Premier Inn Whitehaven hotel,"Howgate, Whitehaven CA28 6PL, UK",0333 321 9144,https://www.premierinn.com/gb/en/hotels/england/cumbria/whitehaven/whitehaven.html?cid=GLBC_WHIHOW
Whitehaven,Premier Inn Cockermouth hotel,"Egremont Road, Cockermouth CA13 0QX, UK",0333 234 6527,https://www.premierinn.com/gb/en/hotels/england/cumbria/cockermouth/cockermouth.html?cid=GLBC_COCKER
Whitehaven,Travelodge Workington,"William St, Workington CA14 2FB, UK",0871 984 6561,https://www.travelodge.co.uk/hotels/672/Workington-hotel?utm_source=google&utm_medium=GHA_Organic&utm_campaign=GHA_Workington&WT.tsrc=GHA_Organic
Whitehaven,Travelodge Cockermouth,"Marvejols Park, Cockermouth CA13, UK",0871 984 6358,https://www.travelodge.co.uk/hotels/350/cockermouth-hotel?utm_source=google&utm_medium=GHA_Organic&utm_campaign=GHA_Cockermouth&WT.tsrc=GHA_Organic
Evesham,Premier Inn Evesham hotel,"Evesham Country Park, Evesham WR11 4TP, UK",0333 777 7932,https://www.premierinn.com/gb/en/hotels/england/worcestershire/evesham/evesham.html?cid=GLBC_EVEORC
St Austell,Premier Inn St. Austell hotel,"Treverbyn Rd, Carclaze, Saint Austell PL25 4EL, UK",0871 527 9018,https://www.premierinn.com/gb/en/hotels/england/cornwall/st-austell/st-austell.html?cid=GLBC_STACAR
St Austell,Travelodge St Austell,"Pentewan Rd, St Austell, Saint Austell PL25 5BU, UK",0871 984 6160,https://www.travelodge.co.uk/hotels/298/St.-Austell-hotel?utm_source=google&utm_medium=GHA_Organic&utm_campaign=GHA_St._Austell&WT.tsrc=GHA_Organic
St Austell,Holiday Inn Express Bodmin - Victoria Junction by IHG,"Cornwall Services Victoria, Victoria, Saint Austell PL26 8UF, UK",01208 224777,https://www.ihg.com/holidayinnexpress/hotels/gb/en/st-austell/nqyoc/hoteldetail?cm_mmc=GoogleMaps-_-EX-_-GB-_-NQYOC
St Austell,Best Western Fowey Valley Hotel,"7 Castle Hill, Lostwithiel PL22 0DD, UK",01208 872223,https://www.bestwestern.co.uk/hotels/best-western-fowey-valley-83742?utm_source=google_places&utm_medium=organic&utm_campaign=Best_Western_Fowey_Valley
Newton Aycliffe,Travelodge Sedgefield,"A689, A177, Sedgefield, Stockton-on-Tees TS21 2JX, UK",0871 984 6174,https://www.travelodge.co.uk/hotels/220/sedgefield-hotel?utm_source=google&utm_medium=GHA_Organic&utm_campaign=GHA_Sedgefield&WT.tsrc=GHA_Organic
Newton Aycliffe,Days Inn by Wyndham Durham,"Roadchef Motorway Service Area, Durham DH6 5NP, UK",0808 175 4924,https://www.wyndhamhotels.com/en-uk/days-inn/durham-united-kingdom/days-inn-durham/overview?CID=LC:iqv0j1dklijly45:40471&iata=00093796
Portishead,Premier Inn Portishead hotel,"Wyndham Way, Portishead, Bristol BS20 7GA, UK",0333 321 3962,https://www.premierinn.com/gb/en/hotels/england/somerset/portishead/portishead.html?cid=GLBC_BRIGOR
Portishead,DoubleTree by Hilton Bristol South - Cadbury House,"Frost Hill, Congresbury, Bristol BS49 5AD, UK",01934 834343,https://www.hilton.com/en/hotels/brsdtdi-doubletree-bristol-south-cadbury-house/?SEO_id=GMB-EMEA-DI-BRSDTDI
Portishead,Ramada Bristol M5,"Welcome Break Gordano (Bristol) Service Area J19, M5, Bristol BS20 7XG, UK",01275 373709,https://hotels.welcomebreak.co.uk/hotel/ramada-bristol-west-m5/
Ferndown,Premier Inn Bournemouth Ferndown hotel,"504 Ringwood Rd, Ferndown BH22 9BB, UK",0333 777 3928,https://www.premierinn.com/gb/en/hotels/england/dorset/bournemouth/bournemouthferndown.html?cid=GLBC_POOSMU
Ferndown,Premier Inn Ringwood hotel,"Forest Gate Business Park, Ringwood BH24 3FH, UK",01425 206667,https://www.premierinn.com/gb/en/hotels/england/hampshire/ringwood/ringwood.html?cid=GLBC_RINFOR
Ferndown,Travelodge Ringwood,"Travelodge, A31, St Leonards, Ringwood BH24 2NR, UK",0871 984 6237,https://www.travelodge.co.uk/hotels/95/ringwood-hotel?utm_source=google&utm_medium=GHA_Organic&utm_campaign=GHA_Ringwood&WT.tsrc=GHA_Organic
Wilmslow,"Radisson Blu Hotel, Manchester Airport","Chicago Ave, Manchester M90 3RA, UK",0161 490 5000,https://www.radissonhotels.com/en-us/hotels/radisson-blu-manchester-airport?cid=a:se+b:gmb+c:emea+i:local+e:rdb+d:ukirwe+h:GBMANAIR
Wilmslow,Premier Inn Manchester Airport (M56/J6) Runger Lane South hotel,"Runger Lane, Airport, South, 25 Wilmslow Rd, Manchester M90 5DL, UK",,https://www.premierinn.com/gb/en/hotels/england/greater-manchester/manchester/manchester-airport-m56j6-runger-lane-south.html?cid=GLBC_MANAIR
New Milton,"Premier Inn Lymington (New Forest, Hordle) hotel","Silver St, Hordle, Lymington SO41 0FN, UK",0333 321 1283,https://www.premierinn.com/gb/en/hotels/england/hampshire/lymington/lymington-new-forest-hordle.html?cid=GLBC_LYMHOR
Arbroath,Best Western Woodlands Hotel Dundee,"13 Panmure Terrace, Broughty Ferry, Dundee DD5 2QL, UK",01382 480033,https://www.woodlandsdundee.co.uk/
Arbroath,Premier Inn Dundee East hotel,"Panmurefield Village, 115-117 Lawers Dr, Broughty Ferry, Dundee DD5 3UP, UK",0333 777 4657,https://www.premierinn.com/gb/en/hotels/scotland/tayside/dundee/dundee-east.html?cid=GLBC_DUNBEL
Arbroath,Premier Inn Dundee North hotel,"Camperdown Leisure Park, 1 Dayton Dr, Dundee DD2 3SQ, UK",0333 777 4658,https://www.premierinn.com/gb/en/hotels/scotland/tayside/dundee/dundee-north.html?cid=GLBC_DUNPTI
Elgin,Premier Inn Chester Central South East,"Caldy Valley Rd, Great Boughton, Chester CH3 5PR, UK",0333 777 4549,https://www.premierinn.com/gb/en/hotels/england/cheshire/chester/chester-central-south-east.html?cid=GLBC_CHETWI
Elgin,Premier Inn Stroud hotel,"Stratford Lodge, Stratford Rd, Stroud GL5 4AF, UK",0333 321 9056,https://www.premierinn.com/gb/en/hotels/england/gloucestershire/stroud/stroud.html?cid=GLBC_STROLD
Elgin,Holiday Inn Express London - Vauxhall Nine Elms,"87 S Lambeth Rd, London SW8 1RN, UK",020 7735 9494,https://www.ihg.com/
Oadby,Best Western Leicester Oadby,"Glen Rise, Leicester LE2 4RG, UK",0116 298 3667,https://www.bestwestern.co.uk/hotels/best-western-leicester-oadby-84415
Walton-on-Thames,Travelodge Walton-on-Thames Central,"20-32 Church St, Walton-on-Thames KT12 2QS, UK",0871 984 6586,https://www.travelodge.co.uk/hotels/692/Walton-on-Thames-Central-hotel?utm_source=google&utm_medium=GHA_Organic&utm_campaign=GHA_Walton%20on%20Thames%20Central&GHA_Organic
Walton-on-Thames,Travelodge Walton-On-Thames,"58 Ashley Park Rd, Walton-on-Thames KT12 1JP, UK",0871 559 1850,https://www.travelodge.co.uk/hotels/488/Walton-On-Thames-hotel?utm_source=google&utm_medium=GHA_Organic&utm_campaign=GHA_Walton-On-Thames&WT.tsrc=GHA_Organic
Walton-on-Thames,Hilton Cobham,"Seven Hills Rd, Cobham KT11 1EW, UK",01932 864471,https://www.hilton.com/en/hotels/cobhnhn-hilton-cobham/?SEO_id=GMB-EMEA-HN-COBHNHN
Kenilworth,Ramada by Wyndham Warwick Kenilworth,"Chesford Bridge, Kenilworth CV8 2LN, UK",01926 858331,https://www.wyndhamhotels.com/en-uk/ramada/warwickshire-united-kingdom/ramada-warwick-kenilworth/overview?CID=LC:RA::GGL:RIO:National:21704&iata=00093796
Buxton,Premier Inn Buxton hotel,"131 London Rd, Buxton SK17 9NW, UK",0333 234 6459,https://www.premierinn.com/gb/en/hotels/england/derbyshire/buxton/buxton.html?cid=GLBC_BUXROB
Garforth,Travelodge Leeds Colton,"Stile Hill Way, Colton, Leeds LS15 9JH, UK",0871 984 6235,https://www.travelodge.co.uk/hotels/145/leeds-colton-hotel?utm_source=google&utm_medium=GHA_Organic&utm_campaign=GHA_Leeds%20Colton&WT.tsrc=GHA_Organic
Droylsden,Travelodge Manchester Ancoats,"22 Great Ancoats St, Manchester M4 5AZ, UK",0161 235 8631,https://www.travelodge.co.uk/hotels/280/Manchester-Ancoats-hotel?utm_source=google&utm_medium=GHA_Organic&utm_campaign=GHA_Manchester%20Ancoats&WT.tsrc=GHA_Organic
Newquay,Premier Inn Newquay (Quintrell Downs) hotel,"Quintrell Downs, Newquay TR8 4LE, UK",0333 321 1355,https://www.premierinn.com/gb/en/hotels/england/cornwall/newquay/newquay-quintrell-downs.html?cid=GLBC_NEWQUI
Newquay,Premier Inn Newquay (Seafront) hotel,"Narrowcliff, Newquay TR7 2PR, UK",0871 527 8000,https://www.premierinn.com/gb/en/hotels/england/cornwall/newquay/newquay-seafront.html?cid=GLBC_NEWSEA
Truro,Premier Inn Truro hotel,"Old Carnon Hill, Carnon Downs, Truro TR3 6JT, UK",0333 321 9102,https://www.premierinn.com/gb/en/hotels/england/cornwall/truro/truro.html?cid=GLBC_TRUOLD
Camborne,Premier Inn Camborne hotel,"Treswithian Rd, Camborne TR14 7NF, UK",0333 321 9238,https://www.premierinn.com/gb/en/hotels/england/cornwall/camborne/camborne.html?cid=GLBC_CAMBOR
Camborne,Travelodge Camborne Redruth,"Trevenson Gateway, Gas Ln, Tuckingmill, Camborne TR14 0BJ, UK",,https://www.travelodge.co.uk/hotels/646/Camborne-Redruth-hotel?utm_source=google&utm_medium=GHA_Organic&utm_campaign=GHA_Camborne_Redruth
Camborne,Premier Inn Hayle hotel,"Carwin Rise, Hayle TR27 4PN, UK",0333 003 1713,https://www.premierinn.com/gb/en/hotels/england/cornwall/hayle/hayle.html?cid=GLBC_HAYLOG
Camborne,Travelodge Hayle,"Carwin Rise, Hayle TR27 5DG, UK",0871 984 6314,https://www.travelodge.co.uk/hotels/307/hayle-hotel?utm_source=google&utm_medium=GHA_Organic&utm_campaign=GHA_Hayle&WT.tsrc=GHA_Organic
Camborne,Premier Inn Helston hotel,"Clodgey Ln, Helston TR13 8FZ, UK",0333 003 1716,https://www.premierinn.com/gb/en/hotels/england/cornwall/helston/helston.html?cid=GLBC_HELMAY
Camborne,Premier Inn Penzance hotel,"Branwells Mill, Penzance TR18 2LQ, UK",0871 527 8000,https://www.premierinn.com/gb/en/hotels/england/cornwall/penzance/penzance.html?cid=GLBC_PENBRA
Tiverton,Premier Inn Tiverton hotel,"Phoenix Ln, Tiverton EX16 6PP, UK",0871 527 8000,https://www.premierinn.com/gb/en/hotels/england/devon/tiverton/tiverton.html?cid=GLBC_TIVTHY
Tiverton,Travelodge Tiverton,"M5 Motorway, Sampford Peverell Service Area Nr, Sampford Peverell, Tiverton EX16 7HD, UK",0871 984 6057,https://www.travelodge.co.uk/hotels/102/tiverton-hotel?utm_source=google&utm_medium=GHA_Organic&utm_campaign=GHA_Tiverton&WT.tsrc=GHA_Organic
Retford,Travelodge Gainsborough,"1A North St, Gainsborough DN21 2HP, UK",0871 984 6537,https://www.travelodge.co.uk/hotels/644/Gainsborough-hotel?utm_source=google&utm_medium=GHA_Organic&utm_campaign=GHA_Gainsborough
Belper,"New Bath Hotel & Spa, a member of Radisson Individuals","New Bath Rd, Matlock DE4 3PX, UK",01629 340340,https://www.radissonhotels.com/en-us/hotels/radisson-individuals-newbath-matlock?cid=a:se+b:gmb+c:emea+i:local+e:ri+d:ukirwe+h:GBMTLAAA
Hailsham,Travelodge Hellingly Eastbourne,"A267, Boship Farm Roundabout, A22 Boship Roundabout, Lower Dicker, Hailsham BN27 4DP, UK",0871 984 6035,https://www.travelodge.co.uk/hotels/32/hellingly-eastbourne-hotel?utm_source=google&utm_medium=GHA_Organic&utm_campaign=GHA_Hellingly%20Eastbourne&WT.tsrc=GHA_Organic
Skegness,Premier Inn Skegness Seafront hotel,"N Parade, Skegness PE25 3HH, UK",01754 809994,https://www.premierinn.com/gb/en/hotels/england/lincolnshire/skegness/skegness-seafront.html?cid=GLBC_SKESEA
Skegness,Travelodge Skegness Seafront,"S Parade, Skegness PE25 3DF, UK",0871 987 0911,https://www.travelodge.co.uk/hotels/716/Skegness-Seafront-hotel?utm_source=google&utm_medium=GHA_Organic&utm_campaign=GHA_Skegness%20Seafront
Biddulph,Premier Inn Leek Town Centre hotel,"Ashbourne Rd, Leek ST13 5AS, UK",0333 321 9252,https://www.premierinn.com/gb/en/hotels/england/staffordshire/leek/leek-town-centre.html?cid=GLBC_LEEASH
Dorchester,Premier Inn Dorchester hotel,"5 Pope St, Dorchester DT1 1GW, UK",0333 321 9278,https://www.premierinn.com/gb/en/hotels/england/dorset/dorchester/dorchester.html?cid=GLBC_DORWEY
Northwich,Premier Inn Northwich South hotel,"London Rd, Leftwich, Northwich CW9 8EG, UK",0333 321 1363,https://www.premierinn.com/gb/en/hotels/england/cheshire/northwich/northwich-south.html?cid=GLBC_NORPTI
Northwich,Travelodge Knutsford M6,"M6, Knutsford WA16 0TL, UK",0871 984 6153,https://www.travelodge.co.uk/hotels/141/knutsford-m6-hotel?utm_source=google&utm_medium=GHA_Organic&utm_campaign=GHA_Knutsford%20M6&WT.tsrc=GHA_Organic
Northwich,Travelodge Middlewich,"Holmes Chapel Rd, Middlewich CW10 0JB, UK",0871 984 6163,https://www.travelodge.co.uk/hotels/157/middlewich-hotel?utm_source=google&utm_medium=GHA_Organic&utm_campaign=GHA_Middlewich&WT.tsrc=GHA_Organic
Northwich,Travelodge Northwich Lostock Gralam,"Wells Ave, Lostock Gralam, Northwich CW9 7UA, UK",0871 984 6484,https://www.travelodge.co.uk/hotels/520/Northwich-Lostock-Gralam-hotel?utm_source=google&utm_medium=GHA_Organic&utm_campaign=GHA_Northwich%20Lostock%20Gralam&WT.tsrc=GHA_Organic
Goole,Premier Inn Goole hotel,"Rawcliffe Rd, Goole DN14 8JS, UK",0333 003 1683,https://www.premierinn.com/gb/en/hotels/england/east-riding-of-yorkshire/goole/goole.html?cid=GLBC_GOOGOO
Goole,Travelodge Hull South Cave,"A63 E bound Beacon Service Area, South Cave, Brough HU15 1SA, UK",01430 425131,https://www.travelodge.co.uk/hotels/137/hull-south-cave-hotel?utm_source=google&utm_medium=GHA_Organic&utm_campaign=GHA_Hull%20South%20Cave&WT.tsrc=GHA_Organic
Oswestry,Premier Inn Oswestry hotel,"Maes Y Clawdd Maesbury Road Industrial, Maes-Y-Clawdd, Morda, Oswestry SY10 8NN, UK",0333 321 1383,https://www.premierinn.com/gb/en/hotels/england/shropshire/oswestry/oswestry.html?cid=GLBC_OSWOSW
Oswestry,Travelodge Oswestry,"A5/A483, Area, Mile End Services, A5/A483 Mile End Service Area, Morda, Oswestry SY11 4JA, UK",0871 984 6096,https://www.travelodge.co.uk/hotels/166/oswestry-hotel?utm_source=google&utm_medium=GHA_Organic&utm_campaign=GHA_Oswestry&WT.tsrc=GHA_Organic
Ossett,Travelodge Wakefield,"Lower Warrengate, Wakefield WF1 1SA, UK",0871 984 8484,https://www.travelodge.co.uk/hotels/364/Wakefield-hotel?utm_source=google&utm_medium=GHA_Organic&utm_campaign=GHA_Wakefield&WT.tsrc=GHA_Organic
Maltby,Days Inn Sheffield M1,"Welcome Break, J30, South) Service Area, 31 M1, Woodall, Sheffield S26 7XR, UK",0114 248 7992,https://hotels.welcomebreak.co.uk/hotel/days-inn-sheffield-south-m1/
Ripon,Premier Inn Thirsk hotel,"Sowerby, Gateway, Thirsk YO7 3HF, UK",0333 234 6563,https://www.premierinn.com/gb/en/hotels/england/north-yorkshire/thirsk/thirsk.html?cid=GLBC_THISOW
Saltash,Travelodge Saltash,"Callington Rd, Saltash PL12 6LD, UK",0871 984 6051,https://www.travelodge.co.uk/hotels/96/saltash-hotel?utm_source=google&utm_medium=GHA_Organic&utm_campaign=GHA_Saltash&WT.tsrc=GHA_Organic
Saltash,Premier Inn Liskeard hotel,"Retail Park, Haviland Rd, Liskeard PL14 3PR, UK",0333 321 1094,https://www.premierinn.com/gb/en/hotels/england/cornwall/liskeard/liskeard.html?cid=GLBC_LISBAR
Bideford,Premier Inn Bideford Hotel,"Atlantic Park Way, Bideford EX39 3FR, UK",0333 234 6458,https://www.premierinn.com/gb/en/hotels/england/devon/bideford/bideford.html?cid=GLBC_BIDCLO
Penrith,Premier Inn Penrith hotel,"2, new squares, Common Garden Square, Penrith CA11 7FG, UK",0333 234 6498,https://www.premierinn.com/gb/en/hotels/england/cumbria/penrith/penrith.html?cid=GLBC_PENNEW
Penrith,Travelodge Penrith,"A66, Penrith CA11 0DT, UK",01768 868425,https://www.travelodge.co.uk/hotels/218/penrith-hotel?utm_source=google&utm_medium=GHA_Organic&utm_campaign=GHA_Penrith&WT.tsrc=GHA_Organic
Northallerton,Premier Inn Catterick Garrison hotel,"Princes Gate, Richmond Rd, Catterick Garrison DL9 3BA, UK",0333 321 8681,https://www.premierinn.com/gb/en/hotels/england/north-yorkshire/catterick-garrison/catterick-garrison.html?cid=GLBC_CATGAR
Selby,Travelodge York Tadcaster,"A64, Eastbound, York LS24 8EQ, UK",0871 984 6186,https://www.travelodge.co.uk/hotels/195/york-tadcaster-hotel?utm_source=google&utm_medium=GHA_Organic&utm_campaign=GHA_York%20Tadcaster&WT.tsrc=GHA_Organic
Selby,Premier Inn York South West hotel,"Bilbrough Top, York YO23 3PP, UK",0333 321 9203,https://www.premierinn.com/gb/en/hotels/england/north-yorkshire/york/york-south-west.html?cid=GLBC_YORMTI
Neston,Travelodge Halkyn,"A55, A55 Halkyn Rd, Holywell CH8 8DF, UK",0871 984 6078,https://www.travelodge.co.uk/hotels/133/halkyn-hotel?utm_source=google&utm_medium=GHA_Organic&utm_campaign=GHA_Halkyn&WT.tsrc=GHA_Organic
Neston,Holiday Inn A55 Chester West by IHG,"Westbound A55 Northop Hall, Mold, Chester CH7 6HB, UK",01244 550011,https://www.ihg.com/holidayinn/hotels/gb/en/chester/cheuk/hoteldetail?cm_mmc=GoogleMaps-_-HI-_-GB-_-CHEUK
Bodmin,Premier Inn Bodmin,"Launceston Rd, Bodmin PL31 2RW, UK",0333 777 3923,https://www.premierinn.com/gb/en/hotels/england/cornwall/bodmin/bodmin.html?cid=GLBC_BODBRE
Bodmin,Premier Inn Wadebridge hotel,"Gonvena Hill, Wadebridge PL27 6BN, UK",01208 222066,https://www.premierinn.com/gb/en/hotels/england/cornwall/wadebridge/wadebridge.html?cid=GLBC_WADGON
Prudhoe,Premier Inn Newcastle Airport hotel,"Newcastle Airport, Newcastle upon Tyne NE20 9DB, UK",0333 321 1342,https://www.premierinn.com/gb/en/hotels/england/tyne-and-wear/newcastle/newcastle-airport.html?cid=GLBC_NEWAVI
Prudhoe,Britannia Hotel Newcastle Airport,"A696, Ponteland, Newcastle upon Tyne NE13 8DJ, UK",0191 401 9988,https://www.britanniahotels.com/hotels/the-britannia-hotel-newcastle-airport/
