Email Address,SITE,PHONE,TOWN,SITECOUNT
%0a%0aone%20way%20to%20enjoy%20the%20festive%20season%20-%20tuck%20into%20our%20delicious%20festive%20menu.%20%c2%a325%20for%20two%20courses.%20%c2%a329%20for%20three%20courses.%20view%20menu%20via%20the%20link%20below%0a%0apre-booking%20essential.%20%c2%a310%20per%20person%20deposit%20required%20at%20the%20time%20of%20reservation.%20pre-orders%20required%20for%20parties%20over%208.%0a%0aoffer%20available%20monday%20to%20saturday.%2012.30pm%20-%208pm.%208th%20december%20until%202nd%20january%0a%0acall%20reception%20on%2001433%20650258%20or%20email%20landlord@millstoneinn.co.uk,Millstone Country Inn,01433 650258,Sheffield,1
%20ask@happyguestslodge.co.uk,Happy Guests Lodge,01928 790824,Warrington,1
%20bookings@brimmondhomes.co.uk,Brimmond Homes,,Denton,1
%20cambridge%20is%20waiting%20for%20you.%0a%0a%e2%9c%a8%2020%%20off%20august%20stays%20%e2%9c%a8%0a%0a%f0%9f%93%9e%2001223%20355017%0a%f0%9f%93%a7%20enquiries@lensfieldhotel.co.uk,The Lensfield Hotel,01223 355017,Cambridge,1
%20castlehotel@grhotels.co.uk,The Vines,01993 843559,Witney,1
%20emails%20that%20were%20normally%20sent%20from%20%22owner_1298123ealshd@lodgify.com,Pleasant Studio in St Albans and Lonsdale House Boutique Apartments,020 3576 1504,St Albans,2
%20enquiries@chestnutlodge.co.uk,Chestnut Lodge Guest House,023 8034 8020,Eastleigh,1
%20events@rokerhotel.co.uk,"Roker Hotel, BW Premier Collection",0191 567 1786,Sunderland,1
%20events@thefleeceruleholme.com,The Fleece At Ruleholme,01228 832030,Carlisle,1
%20gordonsrest@aol.com,Gordon's Restaurant & Rooms,01241 830364,Arbroath,1
%20hello@exclusiveshortstays.co.uk,Exclusive Short Stays The White House,0121 661 3555,Solihull,1
%20hotel@legendsbrighton.com,Legends Hotel,01273 624462,Brighton,1
%20info@2bbt.co.uk,2BBT Luxury B&B,0151 708 5474,Bromborough,1
%20info@angleseyhotel.uk,The Anglesey Hotel,023 9258 2157,Gosport,1
%20info@mountephraimgardens.co.uk,Mount Ephraim B&B and Mount Ephraim Gardens,01227 751496,Faversham,2
%20info@oakwoodfarmchester.co.uk,Oakwood Farm Mews,01244 880828,Ellesmere Port,1
%20info@runninghorseinn.co.uk,The Running Horse Pub with Rooms and Charming Bedrooms at the Running Horse,01962 880218,Andover,2
%20jane.smith@domain.com,Fortuna Property Portfolio and 9 other hotels,01242 350880,Cheltenham,10
%20office@baro.com,The View Bar & Kitchen,01707 336007,Welwyn Garden City,1
%20reservations@brookhallhotel.co.uk,Brook Hall Hotel,0151 339 9350,Birkenhead,1
%20visit@apolloguesthouse.co.uk,Apollo Guest House,01424 444394,Hastings,1
--info@thehidelondon.com,The Hide London,020 8203 1670,Edgware,1
..info@bestinnhotel.co.uk,Best inn,020 8478 3779,Ilford,1
1066bayltd@gmail.com,The Bay Hotel,07763 583780,Eastbourne,1
121promenade@gmail.com,The Promenade Guest House,01262 382162,Bridlington,1
175abinger@gmail.com,Abinger Guest House,07517 126176,Leicester,1
1803@greeneking.co.uk,Tulse Hill Hotel,020 8671 7499,Beckenham,1
315spa@gmail.com,315 Bar Restaurant Hotel and Luxury Spa,01484 602613,Huddersfield,1
4amanagementservicesltd@gmail.com,The Connaught Lodge,01202 298020,Bournemouth,1
5308@greeneking.co.uk,White Horses Hotel and White Horses,01273 300301,Brighton,2
5777@greeneking.co.uk,The Victoria Inn,020 7639 5052,Bromley,1
722069reservations@woodlandshotelspalding.com,Woodlands Hotel,01775 769933,Spalding,1
7310@greeneking.co.uk,Bear Inn,01225 432100,Bath,1
79514960024645d2abf30a3df9667d8a@sentry.hotels.uk.com,Kethla House,01803 473767,Torquay,1
7@4.com,Dorsett Canary Wharf London,020 3841 0335,London,1
aandvguesthouse@gmail.com,Albert & Victoria Guest House Eastbourne,01323 730948,Eastbourne,1
abbey@pineappletownhouses.com,The Abbey Town House,01242 384437,Cheltenham,1
abbey@sarova.com,The Abbey Hotel,01684 892332,Worcester,1
abbeycanterbury@gmail.com,ABBEY CANTERBURY GUEST HOUSE,07902 657397,Canterbury,1
abbeypoint6040@aol.com,Abbey Point Hotel,020 8965 6040,Wembley,1
abc@xyz.com,The Parsonage Hotel & Spa,01904 728111,Goole,1
aberdeen@malmaison.com,Malmaison London and 10 other hotels,020 3750 9402,London,11
abrannan21@outlook.com,The Lethbridge Arms,01823 433249,Taunton,1
acacialodge39@yahoo.com,Acacia Lodge,01227 769955,Canterbury,1
acc.development@tiscali.co.uk,Merrick Lodge,024 7655 3940,Coventry,1
accessibility@wyndham.com,Days Hotel Coventry and 2 other hotels,024 7625 8585,Coventry,3
accom@wartlingplace.co.uk,Wartling Place Country House Bed & Breakfast,01323 832590,Bexhill-on-Sea,1
accommodation@chalkfarmldc.co.uk,Chalk Farm Hotel,01323 503800,Eastbourne,1
accommodation@cottesmoregolf.co.uk,Cottesmore Hotel Golf & Country Club | West Sussex Wedding Venue,01293 528256,Crawley,1
accommodation@hillscourt.co.uk,Hillscourt Hotel & Conference Centre,0121 457 6100,Stourbridge,1
accommodation@hootonpagnellhall.com,Stable Arches Boutique Accommodation at Hooton Pagnell Hall and Hooton Pagnell Hall,01977 648272,Doncaster,2
accommodation@westminster.cam.ac.uk,Westminster College,01223 330633,Cambridge,1
accounts@beckevansfarm.co.uk,Beck Evans Farm,020 3834 2102,Sidcup,1
accounts@quobpark.com,Quob Park Old House Hotel & Spa,01329 836720,Fareham,1
achibbert@blueyonder.co.uk,Alma Lodge Guest House,01752 217351,Plymouth,1
achillspa@outlook.com,Achill Guest House,01564 774090,Solihull,1
acornlodge2023@gmail.com,Acorn Lodge Gatwick,01293 774550,Crawley,1
activation@leevalleypark.org.uk,"Lee Valley Campsite, Sewardstone and 2 other hotels",0300 003 0623,Harlow,3
adamdavies40@hotmail.co.uk,Innovation House,07516 270091,Burnley,1
addy@owletthall.com,Owlett Hall Crowle,07389 063304,Scunthorpe,1
admin@74belgravia.com,74 Belgravia,01803 295966,Torquay,1
admin@acornlodgecare.co.uk,Acorn Lodge Guest House,023 9217 8392,Gosport,1
admin@aohomelettings.co.uk,AO Home Lettings Ltd,020 8176 5222,Reigate,1
admin@assemblyhousenorwich.co.uk,The Assembly House,01603 626402,Norwich,1
admin@caldmorehomes.co.uk,The Victoria and 3 other hotels,01782 631505,Stoke-on-Trent,4
admin@carnonwollastouringpark.co.uk,CARNON WOLLAS TOURING PARK (Adults only 18+),07584 065841,Truro,1
admin@commodore-instow.co.uk,Commodore Instow,01271 860347,Barnstaple,1
admin@coombefarmwoods.co.uk,Middle Coombe Farm,01884 821176,Tiverton,1
admin@edenhotelcollection.com,Eden Hotel Collection,01789 610025,Stratford-upon-Avon,1
admin@eleanor-avenue.com,Seaside Haven,07452 844885,Margate,1
admin@hendhamhousehotel.co.uk,Hendham House Hotel,0161 637 8181,Oldham,1
admin@heroesbunkz.co.uk,Heroes Hotel,0191 231 3131,Newcastle upon Tyne,1
admin@inspirehomesltd.co.uk,Inspire Holiday Homes - 13 Coundon Road (The Mount),01926 658138,Coventry,1
admin@kingswayhotel.co.uk,The Kingsway Hotel,01472 601122,Grimsby,1
admin@mysuites.co.uk,Prime Suites Lytham and 2 other hotels,01253 670760,Lytham St Annes,3
admin@oldrectorybrean.co.uk,The Old Rectory - Brean,01278 751447,Burnham-on-Sea,1
admin@oxfordcoachandhorses.co.uk,Oxford Coach & Horses,01865 200017,Oxford,1
admin@parkinhouse.co.uk,Parkin House Guest House,01706 550274,Rawtenstall,1
admin@queenshotel-york.com,"The Queens Hotel & Victoria Cloisters Apartments, York",01904 611321,York,1
admin@raby.co.uk,High Force Hotel,01833 622336,Bishop Auckland,1
admin@rectoryfarm.net,Rectory Farm,07742 272115,Cambridge,1
admin@ritualstays.com,Ritual Stays,020 8090 4410,Hemel Hempstead,1
admin@riversviewholidays.co.uk,Rivers View Holidays,,Gloucester,1
admin@rockleighplace.com,Rockleigh Place,01726 77981,St Austell,1
admin@seabreezeapartment.co.uk,Sea Breeze Apartment near the Eden Project,07988 750643,St Austell,1
admin@servicedshortstays.co.uk,Serviced Short Stays,0800 246 1988,St Albans,1
admin@sgpropertygroup.co.uk,StayCrewe Apartments,01270 445100,Crewe,1
admin@station-hotel.net,The Station Hotel,01423 770254,Ripon,1
admin@theambrosehotel.co.uk,Ambrose hotel,01229 826717,Barrow-in-Furness,1
admin@thebyefields.co.uk,The Byefields,07935 700751,Malvern,1
admin@thedogatdunley.co.uk,The Dog at Dunley,01299 822833,Kidderminster,1
admin@vetrelax.com,Vetrelax Ipswich House,07368 619122,Ipswich,1
admin@villarehotel.com,Villare Leicester City Centre Hotel and 2 other hotels,0116 242 1330,Leicester,3
admiralblakeguesthouse@gmail.com,Admiral Blake Guest House,01278 456424,Bridgwater,1
advantageclub@leonardo-hotels.com,Leonardo Royal Hotel London City and 31 other hotels,020 7863 3700,London,32
agency.london@office.com,Dog & Whistle,01992 552274,Stevenage,1
agriculturalhotel@valiantpubs.com,The Agricultural Inn,01768 597596,Penrith,1
aimee.smith@swhm.co.uk,The Queens Hotel & Spa Bournemouth,01202 554415,Bournemouth,1
alan.waller@sky.com,Chiverton House,01736 332733,Penzance,1
albion.wimborne@hall-woodhouse.co.uk,The 1777,01202 887388,Ferndown,1
albionshouse@gmail.com,Albion's House,07904 559607,Luton,1
alcottfarm@btinternet.com,Alcott Farm,01564 824051,Redditch,1
alderlodge@btinternet.com,Alder Lodge,01223 701031,Cambridge,1
alexanderpope@youngs.co.uk,Alexander Pope (Hotel),020 8892 3050,Twickenham,1
alexandervicensuk@hotmail.com,Astor York,01904 653786,York,1
alma@youngs.co.uk,The Alma (Hotel),020 8870 2537,Kingston upon Thames,1
almainn@oakmangroup.co.uk,The Alma Inn,01282 857830,Burnley,1
alokvarma67@gmail.com,Buckland House,,Leamington Spa,1
alsagerapartment@gmail.com,Alsager Apartment,07968 387484,Kidsgrove,1
alumchinebeachhouse@gmail.com,Alum Chine Beach House,07879 562513,Bournemouth,1
alun@beaconhill.co.uk,Beacon Hill Farm Holiday Cottages,07748 986394,Morpeth,1
amanda@thepoplarsthirsk.com,The Poplars B&B and Holiday Cottages,01845 522712,Northallerton,1
amanda@worralls-grove.co.uk,Worralls Grove Guest Farm House,01299 861619,Kidderminster,1
amandadianaallen@hotmail.com,Marston Croft Bed & Breakfast,07808 774645,Rothwell,1
amazingstays@hotmail.com,Treheveras Guest House,07947 580185,Newquay,1
amb.75@live.co.uk,Chequer Inn,01903 814437,Shoreham-by-Sea,1
amberhotelhull@gmail.com,Amber Hotel Hull,07474 902393,Hull,1
amparo@thelounges.co.uk,Albero Lounge,01234 261708,Bedford,1
amy@heavylodge.com,The Lodge Of Heavy Leisure,07984 584884,Christchurch,1
ananda@aprental.co.uk,Woodlands Lodge Hotel,023 8029 2257,Totton,1
anandlodge@gmail.com,Anand Lodge Hotel,,Tunbridge Wells,1
anapbm@gmail.com,The Red Barn at Goadby Marwood - Book Direct for best prices and 2 other hotels,07979 555794,Grantham,3
andi@alexanderlodge.org.uk,Alexander Lodge,01202 421662,Christchurch,1
andrew.wise@hotmail.co.uk,Balmoral Guest House,01325 461908,Darlington,1
andrew@essexguesthouse.co.uk,Ransomes Bed and Breakfast,01206 735166,Colchester,1
andrew@owlart.co.uk,Sea Lodge,01903 201214,Worthing,1
andyjak@theroomslytham.com,The Breakfast Room,01253 736000,Lytham St Annes,1
angelinnmisson23@gmail.com,"The Angel Inn - Pub, Dine and Stay",01302 711761,Doncaster,1
angie.robertshaw@overstonepark.com,Overstone Park Resort,01604 647666,Northampton,1
angmeringmanor@southcoastinns.co.uk,Angmering Manor Hotel,01903 859849,Worthing,1
ann@baytree-guesthouse.co.uk,Baytree Truro,01872 240274,Truro,1
anna.iversen@yahoo.co.uk,The Coniston Rooms,07771 771444,Hemel Hempstead,1
anna@cowleyfarm.com,Cowley Farm,07810 557638,Bicester,1
annabel@bluesprout.co.uk,Langley Castle Hotel,01434 688888,Consett,1
annabelpeckham@aol.com,Hunters Moon B&B,07816 884063,Amesbury,1
anneshousehastings@gmail.com,Anne's House,07712 519446,Hastings,1
annie@numberoneporthill.co.uk,Number One Port Hill,01992 587350,Welwyn Garden City,1
anthony@blackcountryales.co.uk,The Seven Stars and The Royal Oak,01384 441566,Dudley,2
antonbedandbreakfast@gmail.com,Anton Guest House,07506 523463,Shrewsbury,1
antonia@antoniaspearls.co.uk,"Antonia's Pearls, Luxury Seaside Villas",01726 68966,St Austell,1
apartments@studiotolet.co.uk,Park House,020 8427 4018,Harrow,1
apayable@uclan.ac.uk,Summergrove Halls - University of Lancashire,01772 201201,Whitehaven,1
applehouseheathrow@outlook.com,Guesthouse Heathrow,,Feltham,1
apuntaralto@hotmail.com,The Rose & Crown & Guesthouse,01225 722153,Trowbridge,1
ardenhousearundel@gmail.com,Arden House B&B - Arundel,07775 991933,Littlehampton,1
arkcanningtown@arkstudent.com,ARK Canary Wharf,020 3921 0562,Lewisham,1
arkukpropertyltd@gmail.com,The Renishaw,01246 930591,Chesterfield,1
armsinn@yahoo.co.uk,The Brownlow Arms,01400 250234,Grantham,1
armsribchester@gmail.com,The Ribchester Arms,01254 820888,Blackburn,1
ascott@cotswoldholidays.co.uk,"Lower Mill Cottages, The Old Mill, Cheltenham Road, Broadway Cotswolds WR12 7BY and Laburnum Cottage, Snowshill Road, Broadway Cotswolds",07525 813669,Evesham,2
ashburn-hotel@thekensingtoncollection.co.uk,Ashburn Hotel,020 7244 1999,Enfield,1
ashfarm@gmail.com,Ash Farm Country House,0161 929 9290,Warrington,1
ashfordinternationalhotelspa@theqhotelscollection.co.uk,Ashford International Hotel & Spa,01233 219988,Ashford,1
ashton@pineappletownhouses.com,Royal Ashton Town House,01823 272456,Taunton,1
ask@ambassadorguesthouse.co.uk,Ambassador Guest House,01803 611020,Paignton,1
asperion@asperionhotels.com,Asperion Hotel and Asperion Hillside Hotel,01483 579299,Guildford,2
asshetonarmshotel@gmail.com,The Assheton Arms hotel,0161 643 6009,Oldham,1
astigma@astigmatic.com,Green Ariana Hotel,020 4613 8277,Wembley,1
aturner@stokepark.com,Stoke Park,01753 717171,High Wycombe,1
auberge@brocket-hall.co.uk,Melbourne Lodge,01707 368700,Hemel Hempstead,1
auctionhousemorpeth@gmail.com,Auction House,01670 708550,Cramlington,1
b@granadaapartments.uk,Granada Apartments Burbage and Granada Apartments Queens Mansions,01253 804058,Thornton Cleveleys,2
babbacombepalms@gmail.com,Babbacombe Palms Guest House,01803 327087,Torquay,1
bacon.newbury@phoenixpub.co.uk,Bacon Arms,01635 31822,Newbury,1
bandb@pleasancefarm.co.uk,Pleasance Farm Bed and Breakfast,07792 306882,Leamington Spa,1
bar918.malkinsbank@gmail.com,Bar918,01270 480095,Sandbach,1
barbara@theanchoragestannes.co.uk,The Anchorage Bed and Breakfast,01253 711584,Lytham St Annes,1
barbicanpaignton@gmail.com,Barbican Bed & Breakfast,01803 927220,Paignton,1
barlowfisheries@gmail.com,Barlow Country Club and Caravan Park,0114 289 1946,Dronfield,1
barncroftguesthouse@gmail.com,Barncroft Luxury Guest House,01675 443008,Kenilworth,1
barrierefrei@saxon-inn.com,The Saxon Inn,01388 662256,Newton Aycliffe,1
barry@lowcostwebdesigns.co.uk,The Bell Hotel,07902 342562,Harlow,1
barrydlong@hotmail.com,The Croft Chalets Bed and Breakfast Thurrock Essex,07932 025544,Basildon,1
bartonhall@ymail.com,Barton Hall Country House Bed & Breakfast,017684 86265,Penrith,1
bartonsmill@wadworth.co.uk,Bartons Mill,01256 331153,Basingstoke,1
bashley@hoburne.com,Hoburne Naish Holiday Park and 2 other hotels,01425 273586,New Milton,3
bath@aquavista.com,Bath Waterside & Marina,01225 424301,Bath,1
baylodge.penzance@gmail.com,Bay Lodge,01736 351090,Penzance,1
bbiclassiccarshow@gmail.com,Blackboys Inn,01825 890283,Crowborough,1
bbscafeandtakeaway@gmail.com,Sark Guest House,07846 946067,Barnstaple,1
bc.karmaspa@karmagroup.com,Karma Salford Hall,01386 871300,Evesham,1
be@binghamriverhouse.com,Bingham Riverhouse,020 8940 0902,Twickenham,1
beach.house@hall-woodhouse.co.uk,The Beach House,01590 643044,New Milton,1
beach.huts@hotmail.co.uk,St Annes Beach Apartments and St Annes Beach Huts,07980 808096,Lytham St Annes,2
beachmounthotel@aol.com,The Beach Mount B&B,01524 420753,Morecambe,1
beachviewweymouth@outlook.com,Beach View,01305 570046,Weymouth,1
bearesher@youngs.co.uk,The Bear (Hotel) and The Bear,01372 469786,Epsom,2
bearofburton@fullers.co.uk,The Bear of Burton,01202 477189,Christchurch,1
beaufortlodge@aol.com,Beaufort Lodge,01603 667402,Norwich,1
beaumondcross@hotmail.co.uk,Beaumond Cross Inn,01636 703670,Newark,1
beautifulbroadstairs@mail.com,Nickleby Nook Beautiful Broadstairs,,Broadstairs,1
beauty.mollington@brook-hotels.co.uk,Mollington Banastre Hotel & Spa - Chester,01244 851471,Ellesmere Port,1
becky@hareandhoundslevens.co.uk,Hare & Hounds,015395 60004,Kendal,1
bedandbreakfast@thecrosswaysinn.com,Crossways Inn and Bed & Breakfast,01278 783756,Bridgwater,1
bedfordarms@youngs.co.uk,Bedford Arms (Hotel),01923 283301,Hemel Hempstead,1
beecburyfarms@btinternet.com,Blue Gate Cottages,01525 210621,Dunstable,1
belfast@staysecondnature.com,Second Nature Southampton,023 8057 2222,Southampton,1
bell@innmail.co.uk,"The Bell Inn Hotel, Stilton",01733 241066,Peterborough,1
bellhotel@shepherd-neame.co.uk,Bell Hotel,01304 613388,Deal,1
belmore@jwlees.co.uk,The Belmore At Sale,0161 973 2538,Altrincham,1
beltanebandb@btinternet.com,West Knole House,01458 258025,Yeovil,1
beltonwoodshotelspagolfresort@theqhotelscollection.co.uk,"Belton Woods Hotel, Spa & Golf Resort",01476 593200,Grantham,1
ben@gingermanrestaurants.com,The Ginger Pig - Restaurant & Rooms,01273 736123,Hove,1
ben@lookupstudios.co.uk,The Vincent Hotel,01704 883800,Southport,1
ben@rusticinns.co.uk,Hope & Anchor,01629 823773,Belper,1
bev-craggs@hotmail.co.uk,Plum Tree Holiday Cottage,07762 244911,Newton Aycliffe,1
bhxnu_reservations@hilton.com,Stoneleigh Park Lodge,024 7669 0123,Kenilworth,1
bianca@biancashousehotel.com,Biancas House Hotel,07719 112442,Slough,1
billtaylor@gmail.com,The Leather Bottle,01206 364043,Colchester,1
birkdaleretreat@gmail.com,Birkdale Retreat,01704 330343,Southport,1
birmingham.delta@graniteleisure.com,Gloucester Robinswood Spa & Leisure,01452 874826,Gloucester,1
biz@squaretreehouse.com,Square Tree House Hotel B&B,07976 610581,Bootle,1
biz@zenshay.co.uk,High Tor Hotel,01629 580440,Chesterfield,1
bkmanners@gmail.com,Botany Seafront Bed and Breakfast,07479 986688,Ramsgate,1
blackbull@bridgehousebrewery.co.uk,The Black Bull Haworth,01535 644254,Keighley,1
blakeman.david1@gmail.com,Harlington Manor,07788 742209,Dunstable,1
blandredcamping@gmail.com,Blandred Camping - Folkestone,07869 375034,Folkestone,1
blankstonesheila@gmail.com,Tall Trees Cottage,01562 883883,Stourbridge,1
blodge47@hotmail.com,Bay lodge,07749 515699,Aylesbury,1
bloomfield.brewhouse@dorbiere.co.uk,Bloomfield Brewhouse,01253 693219,Poulton-le-Fylde,1
blue_boar@btconnect.com,The Blue Boar Inn,01827 716166,Nuneaton,1
bluebird.inn@jwlees.co.uk,"The Bluebird Inn | Pub, Kitchen",01254 813900,Blackburn,1
blundensholidaylets@gmail.com,Blundens Holiday Lets,07732 452142,Chichester,1
boat.andhorses@jwlees.co.uk,Boat & Horses and Boat & Horses Rooms,0161 681 2363,Oldham,2
boathouse.bath@hall-woodhouse.co.uk,The Boathouse,01225 482584,Bath,1
boathouseinstow@youngs.co.uk,The Boathouse,01271 861292,Barnstaple,1
bobfelton@farming.co.uk,Twyford Farm,01825 740726,Haywards Heath,1
bodminjailhotel@four-pr.com,The Bodmin Jail Hotel,01208 822822,Bodmin,1
bonnie@woodlandconnections.org,Shining Cliff hostel,07794 268059,Alfreton,1
book@assemblyhotels.com,Assembly Leicester Square,020 3953 4251,London,1
book@oldroseandcrown.com,Old Rose & Crown Hotel,0121 453 3502,Birmingham,1
book@roebuckinn.com,The Roebuck Inn,01438 365445,Stevenage,1
book@stgiles.com,St Giles Heathrow - A St Giles Hotel,020 8817 7000,Hounslow,1
book@the-grand.co.uk,The Grand Hotel,01253 643424,Lytham St Annes,1
book@thestiveshotel.co.uk,St Ives Hotel Ltd,01253 720011,Lytham St Annes,1
book@twinoakshotel.co.uk,Twin Oaks Hotel,01246 855455,Mansfield,1
book@whitleyoldgarage.co.uk,Whitley Old Garage,07768 383940,Chippenham,1
book@yourapartment.co.uk,Your Apartment,020 8144 9514,Edgware,1
bookal@rchmail.com,Summer Lodge Country House Hotel & Restaurant,01935 482000,Yeovil,1
bookatable@restaurant.com,"The White Hart, Cricklade",01793 750206,Swindon,1
booking@38stgiles.co.uk,38 St Giles,01603 662944,Norwich,1
booking@bridlingtonhotel.co.uk,The Brunswick Hotel,01262 672186,Bridlington,1
booking@doghouseinn.co.uk,The Dog House,01296 485228,Aylesbury,1
booking@hoptonhall.co.uk,Hopton Hall,01629 540458,Belper,1
booking@hotelrafay.com,Hotel Rafay,07810 396094,Blackburn,1
booking@hudsonhotel.co.uk,Hotel Hudson,01803 203407,Torquay,1
booking@imperialguesthouse.co.uk,Imperial Guest House,020 8570 8884,Hounslow,1
booking@isuites.co.uk,ISUITES Serviced Accommodation,07458 359949,Newcastle-under-Lyme,1
booking@keysleeps.com,SA Today Taunton (Fibre Wi-Fi & Netflix)!,01234 924429,Taunton,1
booking@malleusproperty.co.uk,Malleus Property Limited,07542 851313,Barrow-in-Furness,1
booking@marylandhotel.co.uk,Maryland Hotel Derby,01332 754892,Derby,1
booking@muddlebridge.co.uk,Muddlebridge House and Holiday Cottages,01271 376073,Barnstaple,1
booking@residencyroomsliverpool.co.uk,The residency rooms Liverpool,0151 374 0644,Wallasey,1
booking@riverside-cabins.co.uk,Riverside Cabins,01939 260495,Oswestry,1
booking@shurlandhotel.com,The Shurland Hotel,01795 881100,Southend-on-Sea,1
booking@stayinnexpress.co.uk,Stay Inn Express,01745 422110,Cambridge,1
booking@stepinn.co.uk,Step Inn,07935 892112,Banbury,1
booking@suttonheathlodge.com,Sutton Heath Lodge,01744 368268,St Helens,1
booking@theculmvalley.co.uk,Culm Valley Inn,01884 840354,Wellington,1
booking@theglebehotelliverpool.co.uk,The Glebe Hotel,0151 245 6201,Bootle,1
booking@thegreatwesternhotel.com,The Great Western B&B Paignton,01803 220900,Paignton,1
booking@thevicinn.com,The Victoria Inn,01872 278313,Truro,1
booking@whitleycoachhouse.co.uk,Whitley Coach House,07768 383940,Chippenham,1
bookings.enquiries@marstons.co.uk,Kings Chamber and Green Dragon,01405 955060,Doncaster,2
bookings.georgecheltenham@youngs.co.uk,The George,01242 394015,Gloucester,1
bookings.lakesideoxford@gmail.com,Lakeside Oxford Hotel,07918 491975,Oxford,1
bookings.no38thepark@youngs.co.uk,No.38 The Park,01242 394014,Cheltenham,1
bookings.theroost@gmail.com,The Roost Devon,07359 739818,Tiverton,1
bookings@247hotel.com,247Hotel.com,0161 620 9875,Oldham,1
bookings@360stays.co.uk,"Alder House Serviced Apartment, Maidenhead, by Ferndale",020 8191 0360,Maidenhead,1
bookings@acornsbristol.com,Acorns Old Farm and Acorns,07799 350000,Portishead,2
bookings@akroydhouse.com,Akroyd House Halifax,0113 372 0524,Halifax,1
bookings@alexandrahoteleastbourne.com,Alexandra Hotel Eastbourne,01323 921531,Eastbourne,1
bookings@arkalelodge.co.uk,Arkale Lodge,07988 745767,Carlisle,1
bookings@astrallodge.com,Astral Lodge,01424 445599,Hastings,1
bookings@aviatorhotel.co.uk,The Aviator Hotel,01604 642111,Northampton,1
bookings@beachhoteltorbay.co.uk,Beach Hotel Torbay,01803 446033,Paignton,1
bookings@beaconhotelburton.co.uk,The Beacon Hotel,01283 346925,Burton-on-Trent,1
bookings@bellapartments.co.uk,"Cross Court, Stafford by BELL Apartments and Friars House, Stafford by BELL Apartments",01785 291203,Stafford,2
bookings@blagraverooms.co.uk,La Baguettes,0118 956 0882,Reading,1
bookings@bridgefarmguesthousebristol.co.uk,Bridge Farm guesthouse bristol,07900 900860,Portishead,1
bookings@broadwayinn.co.uk,The Broadway Hotel - London Heathrow,020 3689 2600,Hounslow,1
bookings@brocketarms.com,Brocket Arms,01438 820250,Stevenage,1
bookings@bullsheadholymoorside.co.uk,The Bulls Head Restaurant & Pub,01246 569999,Chesterfield,1
bookings@canfordcrossing.co.uk,Canford Crossing B&B,01202 883598,Ferndown,1
bookings@centralhotel-norwich.co.uk,Central Hotel,01603 610498,Norwich,1
bookings@chaletsaunton.com,Chalet Saunton,01271 890514,Barnstaple,1
bookings@coachandhorsesribblevalley.co.uk,Coach and Horses Bolton by Bowland,01200 447331,Nelson,1
bookings@cornmilllodgehotel.co.uk,The Corn Mill Lodge Hotel,0113 257 9059,Batley,1
bookings@crookhallfarmcottages.co.uk,Crook Hall Farm Cottages,01704 822389,Wigan,1
bookings@davinci-guesthouse-gatwick.co.uk,Da Vinci Bed and Breakfast Gatwick,01293 511938,Horley,1
bookings@domaineeba61.stackstaging.com,Forrest's Yard Holiday Apartments,07711 916093,Kendal,1
bookings@dwellersdelight.com,"Dwellers Delight Luxury Stay - Flexi Let, Corporate & Serviced Accommodation Provider- Chigwell",020 1891 1909,Hornchurch,1
bookings@eastbeachguesthouse.co.uk,East Beach Guest House,01903 714270,Worthing,1
bookings@edenglamping.co.uk,"Eden Glamping - Flax Bourton, Bristol",0117 463 2111,Portishead,1
bookings@eightbellsbolney.com,"The Eight Bells, Bolney",01444 657888,Horsham,1
bookings@elliotoliverservicedapartments.co.uk,Elliot Oliver Serviced Apartments,07425 121503,Cheltenham,1
bookings@emeraldtidehotel.co.uk,Emerald Tide Hotel - Blackpool,01253 411751,Lytham St Annes,1
bookings@grosvenorlodge.co.uk,Grosvenor Lodge,01202 499008,Christchurch,1
bookings@hadrianswallaccommodation.com,Houghton North Farm,07708 419911,Prudhoe,1
bookings@hah-sedgefield.co.uk,The Hardwick Arms Hotel,01740 622305,Newton Aycliffe,1
bookings@hambrookhouse.co.uk,Hambrook House,01743 365456,Shrewsbury,1
bookings@hidingspace.co.uk,Hiding Space - Trim Street Apartments,07415 974391,Bath,1
bookings@hightidepub.co.uk,High Tide Pub Bognor,01243 981286,Littlehampton,1
bookings@hillcroftrooms.co.uk,Hillcroft Accommodation,07880 558872,Clevedon,1
bookings@hoddingtonarms.co.uk,The Hoddington Arms,01256 862371,Basingstoke,1
bookings@hotel242.co.uk,Hotel 242,01253 592593,Fleetwood,1
bookings@hulukisussexstays.co.uk,Morleys Bistro,01273 835000,Haywards Heath,1
bookings@huntinglodgebarrow.co.uk,The Hunting Lodge,01509 412337,Loughborough,1
bookings@hydeparkhotels.com,Westpoint Hotel London Paddington,020 7402 0202,London,1
bookings@islesfieldbarn.com,Isles Field Barn Bed & Breakfast,01995 640398,Fulwood,1
bookings@ivyhousecornwall.co.uk,Ivy House Cornwall B&B,01726 983001,St Austell,1
bookings@kingscrofthotel.com,The Kings Croft Hotel,01977 600550,Barnsley,1
bookings@letts-stay.co.uk,Riverside Mews,01652 240799,Scunthorpe,1
bookings@lindumhotelhastings.co.uk,The Lindum,01424 434070,Hastings,1
bookings@lintonhotel.com,Linton Hotel Luton,01582 407644,Luton,1
bookings@littlerobingate.co.uk,Little Robin Gate,07909 913235,Ferndown,1
bookings@manorcockermouth.co.uk,Manor House Hotel Cockermouth,01900 828663,Whitehaven,1
bookings@manorguesthousesouthend.co.uk,Manor Guest House,01702 617952,Southend-on-Sea,1
bookings@maypole-farm.co.uk,Maypole Farm Guest House,01757 268849,Goole,1
bookings@melrose-house.co.uk,Melrose House Bed & Breakfast,020 8776 8884,Croydon,1
bookings@modernviewproperties.co.uk,Serviced Accommodation Watford,07723 330024,Watford,1
bookings@monsellhotel.co.uk,The Monsell Hotel,01754 228731,Skegness,1
bookings@mulligansmcr.com,Mulligans,0161 832 9233,Stretford,1
bookings@neworchardfarmlodges.co.uk,New Orchard Farm Lodges,07976 350594,Clevedon,1
bookings@no15boutiquesuites.co.uk,No.15 Boutique Suites,07415 370894,South Shields,1
bookings@no1thelaurels.co.uk,No 1 the Laurels B & B,01273 493518,Burgess Hill,1
bookings@oldlionrugby.co.uk,The George at Kilsby,01788 726669,Daventry,1
bookings@orchidhouse.uk,Orchid House,01903 240197,Worthing,1
bookings@patternbricks.co.uk,Patternbricks Serviced Apartments Coventry and The Consort Coventry by Patternbricks Apartments,024 7507 0705,Coventry,2
bookings@peartreebandb.co.uk,stables bed and breakfast,07775 866500,Aylesbury,1
bookings@peartreelodge.com,Peartree Lodge Waterside,01908 661122,Milton Keynes,1
bookings@pembrokeparkhotel.co.uk,Pembroke Park Hotel,023 9283 7661,Portsmouth,1
bookings@pengellyfarm.co.uk,Pengelly Farmhouse B&B,01208 814217,Bodmin,1
bookings@ps-apartments.co.uk,Ps Apartments,023 8111 2216,Southampton,1
bookings@pullmanhouse.co.uk,Pullman House Serviced Apartments,0333 772 7248,Darlington,1
bookings@railwayinnmk.co.uk,The Railway Inn MK - Luxury Guesthouse,07747 484727,Milton Keynes,1
bookings@regencyrooms.net,Regency Rooms,01903 717707,Littlehampton,1
bookings@riversidelodges.co.uk,Riverside Lodges,07896 643492,Ripon,1
bookings@rositaguesthouse.co.uk,The Rosita,01934 620823,Weston-super-Mare,1
bookings@safari-lodges.co.uk,Safari Lodges,,Stourbridge,1
bookings@servicedlivingliverpool.com,Mega Stella,0151 374 2401,Bootle,1
bookings@signaturehotel.co.uk,Signature Hotel London,020 3871 6677,Ilford,1
bookings@skycitysuites.com,Sky City Apartments,07944 343222,Coventry,1
bookings@sleepecohotel.co.uk,Sleep,01903 250351,Worthing,1
bookings@smartmovehotels.co.uk,The Arundell Hotel and 13 other hotels,01205 500501,Lincoln,14
bookings@sorrelhorse.co.uk,Sorrel Horse Inn,01473 830327,Ipswich,1
bookings@southamptonservicedapartments.co.uk,Southampton Serviced Apartments,023 8001 5007,Southampton,1
bookings@southforkguesthouse.co.uk,South Fork Guest House,0116 299 9960,Oadby,1
bookings@stanwickhotel.co.uk,The Stanwick Hotel,01933 622233,Kettering,1
bookings@starboardstays.co.uk,Starboard Stays Southampton (Formally Roost),023 8001 3598,Southampton,1
bookings@theabbeyhousehotel.co.uk,Abbey House Hotel Reading,0118 961 5973,Reading,1
bookings@thearchwayhouse.co.uk,Archway House,01476 417256,Grantham,1
bookings@thechapelguesthouse.co.uk,The Chapel Guesthouse,01726 851602,St Austell,1
bookings@thecornerbroadstairs.co.uk,"The Corner Broadstairs, Boutique Bed & Breakfast",01843 215851,Ramsgate,1
bookings@thefoxwroughton.com,The Fox & Hounds,01793 815415,Swindon,1
bookings@thekingsley.co.uk,The Kingsley at Eversley,0118 907 6322,Farnborough,1
bookings@themountfordhotel.com,The Mountford Hotel,0151 291 0509,Liverpool,1
bookings@thenewrushcartinn.co.uk,The New Rushcart Inn & Country Dining with B&B,01422 832887,Halifax,1
bookings@theodorehouse.com,Theodore House,01254 827084,Blackburn,1
bookings@theoldparsonagescawby.co.uk,The Old Parsonage,01652 781982,Scunthorpe,1
bookings@theoldrectorydeal.com,The Old Rectory,07523 399495,Deal,1
bookings@theplumpuddingmilton.co.uk,The Plum Pudding,01235 834443,Abingdon,1
bookings@thepremierlodge.co.uk,The Morpeth Inn,01670 518550,Cramlington,1
bookings@theredlionbetchworth.com,The Red Lion & Cellar Room,01737 843336,Redhill,1
bookings@theredlionblewbury.co.uk,The Red Lion - Blewbury,01235 850403,Didcot,1
bookings@thesageaparthotel.co.uk,The Sage Aparthotel,07367 201424,Lytham St Annes,1
bookings@thesaracensheadinn.com,Saracens Head Inn,01494 721958,High Wycombe,1
bookings@thestablesatthevale.co.uk,The Stables at the Vale,01642 766286,Thornaby-on-Tees,1
bookings@thesunfelmersham.com,The Sun Inn at Felmersham,01234 781355,Rushden,1
bookings@theswaninnfelsted.co.uk,The Swan Inn at Felsted,01371 238005,Chelmsford,1
bookings@thetownhotel.co.uk,The Town Hotel,01278 447478,Taunton,1
bookings@thewaggoninn.co.uk,The Waggon Inn,01457 820943,Oldham,1
bookings@thewayfarerbexhill.co.uk,Seaspray Rooms,01424 213133,Bexhill-on-Sea,1
bookings@thimblebycottages.com,Woodlands Farm,01609 883524,Northallerton,1
bookings@tumbleweedcottage.com,Tumbleweed Cottage,07742 399574,Worksop,1
bookings@tyackshotel.co.uk,Tyacks Hotel,01209 612424,Camborne,1
bookings@upstairsat33.com,Upstairs at 33,01905 20082,Worcester,1
bookings@valehotel.uk,The Vale Hotel Cricklade,07733 110731,Swindon,1
bookings@vogueviewinns.co.uk,Vogue View Inns,07930 753693,Manchester,1
bookings@wansteadhotel.com,Wanstead Hotel,020 8989 6648,Walthamstow,1
bookings@weald-of-kent.co.uk,Weald of Kent Golf Course & Hotel,01622 891671,Maidstone,1
bookings@weirmill-devon.co.uk,Weir Mill Farm Bed & Breakfast,01884 820803,Tiverton,1
bookings@wellingtonoldportsmouth.co.uk,The Wellington,023 9281 8965,Portsmouth,1
bookings@westwardhohotel.co.uk,Westward Ho! Hotel,01303 221515,Folkestone,1
bookings@whiteharthayle.co.uk,The White Hart Hotel,01736 752322,Camborne,1
bookings@windmilllittleworth.com,"The Windmill Inn, Littleworth",01403 710308,Horsham,1
bookings@woodlandlodge.co.uk,Woodland Lodge,01992 471697,Welwyn Garden City,1
bookings@woodmaninnpub.com,The Woodman Inn,01677 455201,Northallerton,1
bookings@wpfarm.co.uk,Woodlands Park Lodges @ Haystax,07900 727699,Consett,1
bookings@yorkboutiquelets.co.uk,Oakwood Lodges,07730 893817,Selby,1
bookingsrisingsun@gmail.com,The Rising Sun Inn,01474 872291,Gravesend,1
bookingtheglobe@gmail.com,The Globe Inn,01827 60455,Sutton Coldfield,1
bookrb@rchmail.com,The Rubens at the Palace,020 7834 6600,London,1
bookwhitehart@hotmail.com,"White Hart Hotel, Restaurant, Bar",01984 639329,Taunton,1
boringdonarmsinfo@gmail.com,Boringdon Arms,01752 402053,Plymouth,1
botanybay@shepherd-neame.co.uk,Botany Bay Hotel,01843 868641,Ramsgate,1
bow@morris-leisure.co.uk,Oxon Hall Touring & Holiday Home Park,01743 340868,Shrewsbury,1
bowlinncharing@outlook.com,The Bowl Inn,01233 712256,Ashford,1
bowstreet@btinternet.com,The Bow Street Runner,01273 327688,Hove,1
bramliesbnb@btinternet.com,Bramlies,01305 265778,Dorchester,1
brandrethbarn2315@hotmail.com,Brandreth Barn B&B,01704 893510,Leyland,1
bransfordfisheries@gmail.com,Bransford Farm Fisheries and Accommodation (B&B),01905 830548,Worcester,1
brantwoodbookings@gmail.com,Brantwood Guest House,01202 473446,Christchurch,1
brasserie@channelsestate.co.uk,Channels Hotel,01245 441547,Chelmsford,1
breakers56@btconnect.com,Breakers Bed & Breakfast,01323 639801,Eastbourne,1
breezegh@gmail.com,Breeze Guest House,0151 933 2576,Bootle,1
brendahelenbuxton@btinternet.com,Red Oaks Farm - B & B Accommodation / Log Pod - Bollington -Macclesfield,01625 574280,Macclesfield,1
brewersinn@youngs.co.uk,Brewer's Inn (Hotel) and Brewer's Inn,020 8874 4128,Kingston upon Thames,2
briarcliffe@btinternet.com,Priory Hotel Cartmel,015395 34070,Ulverston,1
bricklayersarmsboston@yahoo.com,The Bricklayers Arms,01205 870657,Boston,1
bridgechertsey@youngs.co.uk,The Bridge (Hotel),01932 565644,Staines,1
bridgeguesthouse@hotmail.co.uk,BRIDGE GUEST HOUSE,07982 930557,Ipswich,1
bridgehotelhorwich@gmail.com,The Bridge Hotel,01204 427273,Bolton,1
bridgehousenewark@yahoo.co.uk,Bridge House Bed and Breakfast,01636 674663,Newark,1
britannia.inn@btinternet.com,Britannia Inn,01935 817564,Yeovil,1
broadlawns1@aol.com,Broadlawns,01530 836724,Coalville,1
broadleys@queenswayrm.co.uk,Broad Leys - Aylesbury,01296 399979,Aylesbury,1
brockleheadcaravanpark@outlook.com,Brocklehead Farm & Caravan Park,07432 772675,Blackburn,1
brocks@brocksguesthouse.co.uk,Brocks Guest House,01225 338374,Bath,1
brookbarnbandbhalevillage@gmail.com,Brook Barn bed and breakfast,07714 107449,Runcorn,1
brooklynhousebookings@mail.com,Brooklyn House Bed and Breakfast,01228 590002,Carlisle,1
broughtoncraggs@aol.com,Broughton Craggs Hotel,01900 824400,Workington,1
browns.holbeck@btconnect.com,Browns of Holbeck B&B,01909 720659,Worksop,1
bruntbrothers@btconnect.com,Manor Farm,01249 782403,Chippenham,1
bull@sarova.com,The Bull Hotel,01753 885995,Uxbridge,1
bullditchling@youngs.co.uk,The Bull (Hotel),01273 843147,Haywards Heath,1
bullinn.sonning@fullers.co.uk,"The Bull Inn, Sonning-on-Thames",0118 969 3901,Woodley,1
bullinn.streatley@phoenixpub.co.uk,Bull Inn,01491 872392,Newbury,1
bullshead60@yahoo.com,The Bulls Head Inn,01858 525637,Kettering,1
bullshead@youngs.co.uk,Bull's Head (Hotel),020 8467 1727,Eltham,1
burfordhousetables@gmail.com,Burford House,01993 823151,Witney,1
burlington.rec@bh-group.co.uk,Burlington Hotel,01323 722724,Eastbourne,1
business@mooreplace.com,"Moore Place Hotel, BW Signature Collection",01908 282000,Milton Keynes,1
buxtonbraemar@supanet.com,Braemar Bed and Breakfast,01298 78050,Buxton,1
byalongchalk@gmail.com,The Dovenby Ship,01900 823692,Workington,1
c.blackshaw@brookehouse.com,Union House Brooke House College,,Market Harborough,1
c.guest@hotmail.co.uk,Acksea holiday lodges,07712 418393,Oswestry,1
cadesaccommodation@outlook.com,CADeS Dudley,07767 517927,Dudley,1
cairnevents@strathmorehotels.com,Cairn Hotel,01423 504005,Harrogate,1
cambridgebedandbreakfast@mail.com,Cambridge Bed and Breakfast,07450 511717,Cambridge,1
cambridgebelfryhotelspa@theqhotelscollection.co.uk,Cambridge Belfry Hotel & Spa,01954 714600,Cambridge,1
camilla@churchfarmacc.com,Church Farm Accommodation,01675 442641,Solihull,1
camping@stowfordmanorfarm.co.uk,Stowford Manor Farm - Camping - Trowbridge - Wiltshire,,Trowbridge,1
candemanager@bernwoodparkhotel.co.uk,Bernwood Park Hotel,01296 250400,Bicester,1
candlewyck.ulverston@gmail.com,Candlewyck,07931 093213,Ulverston,1
canterbury@cornerhouserestaurants.co.uk,The Corner House,01227 780793,Canterbury,1
canterburybell.thanet@marstons.co.uk,Canterbury Bell,01843 863892,Ramsgate,1
cap.hostdesk@belmond.com,"Le Manoir aux Quat’Saisons, A Belmond Hotel, Oxfordshire",01844 278881,Didcot,1
caranealhotel@hotmail.com,The Caraneal guesthouse,01752 663589,Plymouth,1
careers@contessahotels.co.uk,Hillbark Hotel & Spa,0151 625 2400,Birkenhead,1
careers@thezhotels.com,The Z Hotel Holborn and 4 other hotels,020 3841 0870,London,5
carltonsoa@gmail.com,Carlton guesthouse,01789 293548,Carlton,1
carmel@cherishend.co.uk,Cherish End Bed and Breakfast Dunstable,01582 606266,Dunstable,1
carnarvonarms@youngs.co.uk,Carnarvon Arms (Hotel) and Carnarvon Arms,01635 278222,Andover,2
carnsonhouse@btconnect.com,Carnson House,01736 365589,Penzance,1
carol@elmsfarmcottages.co.uk,Elms Farm Cottages,01205 290840,Spalding,1
carolb14@outlook.com,Leeward House,023 9255 6090,Gosport,1
carolbrand1@btinternet.com,Stepping Stones B&B Lymington,07796 213774,New Milton,1
carolinepilgrim@aol.com,Hastingleigh Holiday Lets,07765 963215,Ashford,1
carolinewrey@gmail.com,Hollamoor Farm Horse B&B,01271 373466,Barnstaple,1
caroncooper@fossefarmhouse.co.uk,Fosse Farmhouse B & B,01249 782286,Chippenham,1
carpentersarms@youngs.co.uk,Carpenter's Arms (Hotel) and Carpenter's Arms,01732 850307,Tunbridge Wells,2
carriagestelford@outlook.com,Carriages Telford,01952 246855,Telford,1
cartrefguest@gmail.com,Cartref Guest House,07882 526963,Carlisle,1
cassandraguesthouse@hotmail.com,Cassandra Guest House,07827 418484,Plymouth,1
castlebedford@outlook.com,The Castle,01234 353295,Bedford,1
castletaverns@outlook.com,The Castle Tavern Pub & Guest Rooms.,07812 112364,Darlington,1
centralhotel1@yahoo.com,Central Hotel,01623 552373,Mansfield,1
centralwavebrighton@gmail.com,Central Wave Brighton,07541 919190,Brighton,1
chadwickguesthouse@hotmail.com,Chadwick Guesthouse,01642 287235,Middlesbrough,1
chamberlain.hotel@fullers.co.uk,"The Chamberlain Hotel, Tower Bridge",020 7680 1500,London,1
chanelle@hotelcumberland.co.uk,Hotel Cumberland Eastbourne,01323 730342,Eastbourne,1
chantryhotel@gmail.com,Chantry Hotel,01284 767427,Bury,1
charterbournemouth@charterhotel.co.uk,Charter Hotel Telford,01952 897060,Telford,1
chatterleyhouseguest@gmail.com,Chatterley House Short Stays Nottingham/Derby,0115 772 2156,Beeston,1
chattonpark@gmail.com,Chatton Park House 5 Star Luxury Bed and Breakfast northumberland,01668 215507,Ashington,1
chequerscountryinn.lutterworth@phoenixpub.co.uk,Chequers Country Inn,01455 208151,Rugby,1
cherryendbb@yahoo.co.uk,Cherryend Bed And Breakfast,07968 596261,Chichester,1
cherrytree@queenswayrm.co.uk,Cherry Tree - Stambridge,01702 545960,Southend-on-Sea,1
chesfordgrange@theqhotelscollection.co.uk,Chesford Grange Hotel,01926 859331,Leamington Spa,1
chestercity@roomzzz.com,Roomzzz Aparthotel Leeds and 5 other hotels,0113 285 8000,Leeds,6
chesterhouseguesthouse@gmail.com,Chester House Hotel and Guest House,01244 348410,Ellesmere Port,1
childwallabbeyhotel.liverpool@marstons.co.uk,Childwall Abbey Hotel,0151 722 5293,St Helens,1
chotel@hotmail.co.uk,Cranbrook Hotel Ilford,020 8554 6544,Ilford,1
chris-swales@btconnect.com,The Bay Horse Country Inn,01845 578697,Ripon,1
chris@adgective.com,Clocktower Suite,07875 121466,Exeter,1
christmas@innmail.co.uk,The Old Bridge Inn and 12 other hotels,01484 681212,Huddersfield,15
chrisvh29@gmail.com,Cedar House Boutique B&B,07787 574939,Christchurch,1
churchillguesthouse@gmail.com,Churchill Guest House,07961 771774,Dover,1
churchvilla29@btinternet.com,Church Villa B & B,01246 850254,Chesterfield,1
cig@fsc.uk.com,The Coaching Inn Group,01205 355522,Boston,1
citygate@youngs.co.uk,City Gate (Hotel),01392 495811,Exeter,1
clare@ivyfarmnewark.co.uk,Ivy Farm Accommodation.,07740 779770,Grantham,1
clare@lancasterbarn.co.uk,Lancaster Barn B&B,01524 941449,Lancaster,1
claremont@choicehotels.co.uk,Claremont Hotel,01253 293122,Poulton-le-Fylde,1
claremontgh@live.co.uk,Claremont,01526 352000,Boston,1
claremontpreston@gmail.com,The Claremont Hotel,01772 729738,Preston,1
clarendonhotel@eagleideas.co.uk,Clarendon Hotel,01524 951798,Lancaster,1
clarkesrampsideltd@outlook.com,The Clarkes hotel,,Barrow-in-Furness,1
clayhangerguesthouse@gmail.com,Clayhanger Guest House,07990 091121,Stoke-on-Trent,1
cleethorpescamping@live.co.uk,Cleethorpes Showground Caravan Park,07522 551877,Cleethorpes,1
clerk@eastbridgehospital.org.uk,"Eastbridge Hospital of St Thomas the Martyr, Canterbury",01227 471688,Canterbury,1
cliffs@choicehotels.co.uk,Cliffs Hotel,01253 595559,Blackpool,1
cmahotel@aol.com,Stanley House Hotel,020 7834 5042,Stanley,1
cnretreat@outlook.com,The Retreat New Forest,01425 205524,Christchurch,1
coachandhorses@southcoastinns.co.uk,The Coach & Horses,01903 694721,Worthing,1
coachandhorses@youngs.co.uk,Coach & Horses (Hotel),020 8940 1208,Twickenham,1
coast77uk@gmail.com,Coast 77,01202 257726,Poole,1
cocklesfarm@gmail.com,Cockles Farm,07765 904148,Saltash,1
colin@dwellcomehome.com,Entire 8 Ensuite Bedroom Townhouse - Ideal for long term Contractor stays,07930 521367,South Shields,1
collitersbrookfarm@hotmail.co.uk,Colliters Brook Farm,07977 275952,Portishead,1
collywestonslater@gmail.com,The Collyweston Slater,01780 444288,Peterborough,1
comeonboard@elitepubs.com,The Farm House and 4 other hotels,01732 843257,Maidstone,5
comfort@overcliffehotel.co.uk,Overcliffe Hotel & Bloomers Restaurant,01474 322131,Gravesend,1
comfortlodgesa@gmail.com,Contractor Accommodation Walsall M6 J10 - Comfort Lodge,07858 266742,Walsall,1
comments@southcoastinns.co.uk,The Roundabout Hotel,01798 817336,Worthing,1
communitysafetyteam@contacts.bham.ac.uk,University Of Birmingham Conference Park,0121 625 3383,Smethwick,1
compasseslittleygreen@googlemail.com,The Compasses,01245 362308,Chelmsford,1
compasspointhamble@gmail.com,Compass Point Bed & Breakfast,07850 775020,Eastleigh,1
comptonguesthouse4@gmail.com,Compton Guest House Buxton,07484 200254,Buxton,1
conference@hinsley-hall.co.uk,Hinsley Hall,0113 261 8000,Leeds,1
conference@mgmhotels.co.uk,Old Palace Lodge Hotel,01582 662201,Luton,1
connect-property@outlook.com,Connect Stays,07886 874702,Burton-on-Trent,1
conningbrook@innmail.co.uk,Conningbrook - Ashford,01233 636863,Ashford,1
contact-info@roseofyorkrichmond.co.uk,Rose Of York Pub & Hotel,020 8948 5867,Twickenham,1
contact.laburnumhousebistro@gmail.com,Bistro En Glaze,01661 612654,Prudhoe,1
contact@alma-inn.co.uk,The Alma Inn,01422 823334,Halifax,1
contact@avalonhousebandb.co.uk,Avalon House B&B,07775 421808,Totton,1
contact@bagotspark.co.uk,Park Lodge,07795 275098,Rugeley,1
contact@blackhorsebrentpelham.co.uk,The Black Horse,01279 778925,Bishop's Stortford,1
contact@boutiquebybrowns.com,Browns at the Quay,01905 25800,Worcester,1
contact@breakwaterhostel.com,Breakwater Hostel,01637 879366,Newquay,1
contact@c7properties.co.uk,Chester Cottage and 2 other hotels,07415 611007,Scunthorpe,3
contact@championinns.co.uk,The Brunel Inn,01752 657013,Plymouth,1
contact@clivedenguesthouse.com,Cliveden Guest House,01803 557461,Paignton,1
contact@cravenheifer-addingham.co.uk,"The Craven Heifer, Addingham",01943 831548,Keighley,1
contact@croxdaleinn.co.uk,Croxdale Inn,01388 810777,Newton Aycliffe,1
contact@gloucesterhouseweymouth.co.uk,Gloucester House,01305 785191,Weymouth,1
contact@hotel21.co.uk,Hotel 21 and Lord Street Apartments,01704 536771,Southport,2
contact@housity.net,The New George Hotel,0191 281 4442,Cramlington,1
contact@instowbarton.co.uk,Instow Barton,07501 926994,Bideford,1
contact@kingsmeadcentre.com,Kingsmead Centre,01823 421630,Taunton,1
contact@lamaisonfavart.com,Grand Hotel Bellevue London,020 3089 2527,London,1
contact@lezcopenewman.co.uk,Holywell Guest House,01509 731894,Loughborough,1
contact@lodge-of-friendship-no44.co.uk,Lodge of Friendship No44,,Stretford,1
contact@mapleshotelblackpool.co.uk,The Maples Hotel,01253 351454,Blackpool,1
contact@oldvicaragebarnstaple.co.uk,The Old Vicarage B & B,07549 491471,Barnstaple,1
contact@parkcrescenthotel.co.uk,Park Crescent Hotel,0161 224 0672,Denton,1
contact@pentillie.co.uk,Pentillie Castle,01579 350044,Saltash,1
contact@pubsolutions.org,The Railway Inn,01626 906656,Exmouth,1
contact@purlinssalisbury.co.uk,Purlins and Hideaway - Salisbury,07776 255388,Salisbury,1
contact@ravilioushotel.com,Ravilious Hotel,01323 733142,Eastbourne,1
contact@riversidelodgebedford.co.uk,Riverside Lodge B&B,07891 923661,Wellingborough,1
contact@riya-apartments.uk,Riya Apartments Newcastle - Contractor accommodation,07367 111215,Newcastle upon Tyne,1
contact@royalcrestliverpool.com,The Royal Crest Hotel & Bar,,Bootle,1
contact@sansoxygen.com,LINDA'S FARM AT FOUR ACRES HOLIDAY PARK,07789 276354,Goole,1
contact@seasidehideaway.co.uk,Seaside Hideaway,01723 363178,Scarborough,1
contact@shipinn-acastermalbis.com,The Ship Inn,01904 206921,Selby,1
contact@silkhouseleek.co.uk,The Silk House,01538 528340,Congleton,1
contact@springwells.co.uk,Springwells House,01903 812446,Worthing,1
contact@stayandenjoyinn.co.uk,The Yew Tree,01279 814279,Bishop's Stortford,1
contact@straightinn.com,Straight Inn,07936 970815,Sutton,1
contact@the-hilltop.co.uk,Hilltop Restaurant,01732 822696,Sevenoaks,1
contact@theberwickinn.com,The Berwick Inn,,Hailsham,1
contact@thebullnewick.com,The Bull,01825 722743,Haywards Heath,1
contact@thefoxhall.co.uk,Fox Hall Inn,01325 718303,Darlington,1
contact@thefoxham.co.uk,The Foxham,01249 740665,Chippenham,1
contact@theginloungeilkley.com,Molly's Boutique Hotel Ilkley,07557 648451,Keighley,1
contact@thehawkenbury.com,The Hawkenbury,01580 890567,Maidstone,1
contact@thekingswayscarborough.co.uk,The Kingsway Guesthouse | Scarborough | LOWEST PRICE DIRECT,07507 705480,Scarborough,1
contact@theredlionluton.com,The Red Lion Luton,01582 413881,Luton,1
contact@thesilkrooms.co.uk,The Silk Rooms at Freemasons Inn,01565 361015,Northwich,1
contact@thetownhousbandb.com,The Townhouse B & B (book direct for best prices ),01296 395295,Aylesbury,1
contact@velvetapartments.co.uk,Velvet Apartments | Bradford,07935 150115,Bradford,1
contact@vicaragelodge.com,Vicarage Lodge Birmingham,0121 240 4720,Walsall,1
contact@yourapartment.com,Milton Keynes | Serviced Apartments | Your Apartment,0331 630 0712,Milton Keynes,1
contactlamb@icloud.com,The Lamb Inn,01663 750519,Glossop,1
contactus@allhallowsnorwich.co.uk,All Hallows Guesthouse Retreat,01603 660451,Norwich,1
contactus@ashberry-guesthouse.co.uk,Ashberry Guest House,01768 868601,Penrith,1
contactus@blackswandevizes.co.uk,The Black Swan Inn,01380 727777,Elgin,1
contactus@glenholmescarborough.com,Glenholme Guest House Room only,,Scarborough,1
cookieathorn@gmail.com,The Horn & Trumpet,01299 489547,Kidderminster,1
cooperleefamily@gmail.com,Aarondale Guest House,01429 868868,Hartlepool,1
copperbeechhouse@outlook.com,Copper Beech House,07824 624087,Malvern,1
coppersendguesthouse@gmail.com,Coppers End Guest House,01543 372910,Walsall,1
corbierehotel@btinternet.com,Corbiere Guest House,01934 629607,Weston-super-Mare,1
corporate.club@southwatereventgroup.com,The International Hotel Telford,01952 521600,Telford,1
corporate@wildesinns.co.uk,Wildes Inns,01246 387386,Chesterfield,1
coseners.events@stfc.ac.uk,The Cosener's House,01235 523198,Abingdon,1
cotswoldhotel@gmail.com,The Cotswold,0115 955 1070,Nottingham,1
cottages@brankleycottages.co.uk,Brankley Farm Cottages,01283 711523,Burntwood,1
cotteridgeinnbookings@gmail.com,The Cotteridge Inn,0121 458 1464,Redditch,1
coundonlodge@gmail.com,Coundon Lodge Country House,07771 705572,Coventry,1
countyhotelcontact@gmail.com,The County Hotel,01434 608444,Prudhoe,1
courtfield@ntlworld.com,Courtfield Hotel,029 2022 7701,Penarth,1
cozeenights@outlook.com,Cozee nights - Wednesfield,07912 373160,Willenhall,1
cperry@stay-park-cruise.com,Greentrees Stay Park & Cruise,07798 821876,Totton,1
cqsxxy@cqgqt.com,Kings House Wokingham,07799 927055,Wokingham,1
craigwellhotel@gmail.com,Craigwell Hotel,01524 410095,Lancaster,1
creweandharpur.swarkestone@marstons.co.uk,Crewe & Harpur,01332 700641,Derby,1
crewehallhotelspa@theqhotelscollection.co.uk,Crewe Hall Hotel & Spa,01270 253333,Crewe,1
croftcorner@hotmail.com,Croft Corner Guest House,01625 528935,Wilmslow,1
crosskeys@crosskeysrode.com,The Cross Keys,01373 476883,Trowbridge,1
crown-woolpack@outlook.com,The Crown and Woolpack,01406 364846,Spalding,1
crown@kingshotels.co.uk,Hotel Rex and 2 other hotels,01305 760400,Weymouth,3
crown@oldamershamhotels.com,"The Crown Inn, Old Amersham",01494 721541,High Wycombe,1
crown@pigonthehill.net,The Crown Inn,01386 725020,Evesham,1
crown@southcoastinns.co.uk,The Crown Hotel,01323 442290,Seaford,1
crownandgarter@honestygroup.co.uk,Crown & Garter,01488 668325,Andover,1
crownchertsey@youngs.co.uk,The Crown (Hotel),01932 564657,Staines,1
crownchislehurst@shepherd-neame.co.uk,The Crown,020 8467 7326,Eltham,1
crownhotelevents@gmail.com,Crown Hotel,01202 672137,Poole,1
crownhotellongton25@gmail.com,The Crown Hotel,01782 308124,Stoke-on-Trent,1
crownhouse193@gmail.com,Crown House,07934 586171,Abingdon,1
crowninn.bishopswaltham@fullers.co.uk,"The Crown Inn, Bishop's Waltham",01489 893350,Winchester,1
crowninnbookings@icloud.com,The Crown Inn at Finglesham,01304 612555,Deal,1
crownlodgereading@gmail.com,Crown Lodge Guest House,0118 956 9014,Reading,1
crownlodges@hotmail.com,Crown House & Lodges,01326 565538,Camborne,1
crownroecliffe@gmail.com,The Crown Inn,01904 463235,Ripon,1
cuisinease@yahoo.com,CuisinEase,07452 834592,Retford,1
cumbriaevents@strathmorehotels.com,Cumbria Grand Hotel,015395 32331,Elgin,1
customer.service@booking.com,White Lodge Guest House,01775 719002,Spalding,1
customer.services@watersidehotels.co.uk,Park House Hotel and Doric Hotel,01253 620081,Blackpool,2
customerservice@bevolve.uk,Shrewsbury Apartment by Bevolve,0161 528 4488,Shrewsbury,1
customerservices.zgd@riu.com,Hotel Riu Plaza London Victoria,020 3398 1910,London,1
customerservices@partingtons.com,Newton Hall Holiday Park,01253 882512,Poulton-le-Fylde,1
customerservices@titanicspa.com,Titanic Spa,01484 843544,Huddersfield,1
d_hamnett@hotmail.com,Cavell House,01275 874477,Portishead,1
dan@restyourhead.co.uk,The Ironworks Aparthotel,01952 370064,Telford,1
danielle@heritageexchange.co.uk,Heritage Serviced Suites,01484 489320,Huddersfield,1
darren@northriseretreat.co.uk,NORTHRISE RETREAT - ACCOMMODATION - HOT TUB - SAUNA,01424 721959,Hastings,1
data.protection@ribbyhall.co.uk,Ribby Hall Village,01772 671111,Fulwood,1
data@leisureresorts.co.uk,Angrove Country Park and 2 other hotels,01642 750777,Guisborough,3
david@hedgefieldhouse.co.uk,Hedgefield House,0191 413 7373,Newcastle upon Tyne,1
david@touchwerks.com,Venga Cocktails & Tapas Bar,01275 814391,Portishead,1
dawn@wattonbandb.co.uk,Watton B&B,01743 362596,Shrewsbury,1
dayspa@booking.com,Morven Guest House Carnoustie,07710 501798,Arbroath,1
db@hollyhousebnb.co.uk,Holly House,01825 740484,Haywards Heath,1
dean@stswithinscottage.co.uk,St. Swithins Cottage,07712 673376,Woodley,1
deardenwoodcampsite@hotmail.com,Dearden Wood,07531 911504,Rochdale,1
debbie.f@compasshospitality.com,Citrus Hotel Coventry by Compass Hospitality,07467 801784,Coventry,1
debbie@olddairyfarmemsworth.co.uk,The Old Dairy Farm Glamping,07737 236446,Havant,2
debbieclarklettings@me.com,The Hollies Bed and Breakfast,07889 660783,Corby,1
debbieprice20@gmail.com,Willow Cottage Bed and Breakfast,01329 667134,Gosport,1
debden@sterlingsuites.co.uk,Debden Guest House,01895 253912,Hayes,1
deborah.cooper123@aol.com,Crossgate Campsite & Cafe,07833 450666,Glossop,1
deddarms@oxfordshire-hotels.co.uk,The Deddington Arms,01869 338364,Banbury,1
default@osm.org,Wylands Farm,01424 893394,Bexhill-on-Sea,1
deltahotelsbymarriottcheltenhamchase@theqhotelscollection.co.uk,Cheltenham Chase Hotel & Spa,01452 519988,Gloucester,1
demo.zeevou@zeevou.com,The Grand Hotel,0333 444 4324,Skegness,1
denhamguesthouse@outlook.com,Denham Guest House,07731 902779,Ruislip,1
denning@fromeway.co.uk,The Fromeway,01761 432116,Frome,1
derbyarms@oakmangroup.co.uk,The Derby Arms,01772 782370,Blackburn,1
derek_c_walters@yahoo.co.uk,Barn Cottages at Lacock,01249 730013,Chippenham,1
derrick.swain1943@gmail.com,Creekside Landings,07793 443385,Faversham,1
dev@boostly.co.uk,The Hive at 52 B&B,07583 942579,Runcorn,1
dezone@sina.com,Herculaneum Bridge Hotel & Pub,0151 727 4316,Bebington,1
diamondhousehotel30@gmail.com,Diamond House Hotel,01788 572701,Rugby,1
dianabird@btinternet.com,St Michaels House and Coach House,01363 866817,Tiverton,1
dianamfrancis@hotmail.com,Mollies Hut,01373 836213,Frome,1
dickensbarandinnscarborough@gmail.com,Dickens Bar and Inn,01723 375787,Scarborough,1
digital@wiredmedia.co.uk,"Langstone Cliff Hotel, Devon",01626 868000,Exeter,1
dine@peakedgehotel.co.uk,Peak Edge Hotel and Red Lion Restaurant,01246 566142,Chesterfield,1
dogandduck@klpgroup.co.uk,Dog & Duck Leisure Park,01843 821542,Herne Bay,1
dogandfox@youngs.co.uk,Dog & Fox (Hotel),020 8946 6565,Kingston upon Thames,1
dogbear@shepherd-neame.co.uk,Dog & Bear Hotel,01622 858219,Maidstone,1
dogsparadise01@gmail.com,WOODLAND COTTAGES,07759 210607,Barnstaple,1
dolphinrooms@mail.com,Dolphin Rooms,01472 692988,Grimsby,1
dominic@magna-carta.co.uk,MagnaCarta Hotel Barge,07836 551912,Windsor,1
dottyfraser@gmail.com,St Johns Croft B&B (4 Star) Book Direct For Best Price,01962 854122,Winchester,1
doug@higherfaugan.co.uk,Higher Faugan Parc,01736 351648,Penzance,1
dovecotelodge@btinternet.com,Dove Cote Lodge Camping,07858 245586,Selby,1
dovedale@mail.com,Dovedale Hotel & Bar (Book Direct for Best Prices),01472 692988,Grimsby,1
downearms@gmail.com,Downe Arms,01405 860544,Goole,1
draytoncourt@fullers.co.uk,The Drayton Court Hotel,020 8997 1019,Wembley,1
driftwoodweymouth@mail.com,Driftwood,01305 783698,Weymouth,1
duchess.cornwall@hall-woodhouse.co.uk,The Duchess of Cornwall,01305 757569,Dorchester,1
ducklodge@btinternet.com,Duck Lodge B&B with Hot Tub,07966 292601,Burgess Hill,1
dukeofcumberland@shepherd-neame.co.uk,Duke of Cumberland,01227 280617,Herne Bay,1
dukeshead@youngs.co.uk,Duke's Head (Hotel),020 8401 7410,Croydon,1
dukewilliam@eversosensible.com,Duke William Hotel,01522 532753,Lincoln,1
duncan@dwlettings.com,Friars Walk - DW Lettings,07702 401465,Sittingbourne,1
duncan@shraleybrookmedia.co.uk,Betley Court Farm Holiday Cottages,01270 820229,Kidsgrove,1
dunstanhouseinn@youngs.co.uk,Dunstan House Inn (Hotel),01278 784343,Burnham-on-Sea,1
dunstonhallhotelspagolfresort@theqhotelscollection.co.uk,"Dunston Hall Hotel, Spa & Golf Resort",01508 470444,Norwich,1
durhamcitycottages@btinternet.com,Durham City Cottages,07749 082266,Consett,1
dyerfarm@aol.com,Blackmore Farm Manor House,01278 653442,Bridgwater,1
eastbourneriviera@yahoo.co.uk,Eastbourne Riviera Hotel,01323 430302,Eastbourne,1
eastcliffcottage@gmail.com,East Cliff Cottage Hotel,01202 299309,Bournemouth,1
eastleighhotel@gmail.com,"The Eastleigh, Skegness",07365 534376,Skegness,1
eastwood.enquiries@thevenuescollection.co.uk,Eastwood Hall,01773 532532,Mansfield,1
eat@finnygook.co.uk,Finnygook Inn,01503 230338,Saltash,1
eat@peartreewhitley.co.uk,Pear Tree Inn Farmhouse Kitchen with Bar & Rooms,01225 704966,Chippenham,1
eat@tamwortharms.co.uk,The Tamworth Arms,01827 735369,Sutton Coldfield,1
eat@thebarnatberryfields.co.uk,The Barn Hotel and The Barn At Berryfields,01676 522155,Nuneaton,2
eat@themanorhouseatquorn.co.uk,The Manor House At Quorn,01509 413416,Loughborough,1
eben@eyebytes.com,The Alverbank and 2 other hotels,023 9251 0005,Gosport,3
edendalehouse@gmail.com,"Edendale House, Bed & Breakfast",01704 530718,Southport,1
edu@readymag.com,The Rose,01304 389127,Deal,1
ehblackbull@gmail.com,Black Bull Inn,01469 540828,Grimsby,1
elaine.fisher@outlook.com,"The Coach House, Milford",07976 017300,Stafford,1
elaine.maloney1@btinternet.com,Pheasant Lodge,07778 489762,Wigan,1
elaine@broadgatefarmcottages.co.uk,Broadgate Farm Cottages,01482 888111,Cottingham,1
elevation@oldthorns.com,Old Thorns Hotel & Resort,01428 724555,Aldershot,1
ellertonhouse@yahoo.com,Ellerton Bed & Breakfast,01237 470393,Bideford,1
ellie@oldrectoryhouse.co.uk,Old Rectory House Hotel,01527 900777,Redditch,1
ellipsebhavesh@gmail.com,Guest House Ellipse-Whetstone,07957 214329,Edgware,1
elmdonlodge@googlemail.com,Elmdon Lodge Hotel,0121 706 6968,Solihull,1
elmhurst_hotel@hotmail.com,Elmhurst Hotel,0118 926 5273,Reading,1
elmscott@btinternet.com,Elmscott,01609 760575,Northallerton,1
email.dg@icloud.com,Willow Lodge Hambleton,07498 922386,Thornton Cleveleys,1
email@address.co.uk,The Spa Hotel,01892 520331,Tunbridge Wells,1
email@address.com,The Falstaff Hotel,01227 462138,Canterbury,1
email@email.com,Forget Me Not Country Park and High Hermitage Caravan Park,01670 788364,Morpeth,2
email@example.co.uk,The Wire Mill and The Smugglers Inn,01342 832263,East Grinstead,2
email@homeleighhotel.co.uk,Homeleigh Hotel,01274 584818,Bradford,1
email@mail.com,Basset Arms and Carbis Bay Hotel & Estate,01209 643262,Camborne,2
email@pipeandglass.co.uk,Pipe and Glass,01430 810246,Beverley,1
email@sturdyscastle.com,Sturdy's Castle Country Inn,01869 331119,Bicester,1
email@thebluebellguesthouse.co.uk,The Bluebell Guest House Bridlington,01262 675163,Bridlington,1
email@theportreatharms.co.uk,Portreath Arms,01209 842259,Camborne,1
emal@gmail.com,Gyves House guesthouse and The Bull Inn,01323 721709,Eastbourne,2
emma@huntingfieldhouse.co.uk,Hotel Huntingfield and Huntingfield House Bed and Breakfast,,Ashford,2
emma@themooringsbedandbreakfast.com,The Moorings Bed and Breakfast,01702 587575,Southend-on-Sea,1
emmarose02@hotmail.com,Pallant Hideaway,07767 406331,Chichester,1
enjoy@kuulseats.com,The Red Lion,01462 768281,Luton,1
enjoymore@the-maynard.com,The Maynard,01433 424110,Sheffield,1
enjoymore@thepeacockatrowsley.com,The Peacock at Rowsley,01629 733518,Chesterfield,1
enq@elvethamhotel.co.uk,The Elvetham - Country House Hotel & Wedding Venue,01252 844871,Farnborough,1
enq@parkfarm-hotel.co.uk,Park Farm Hotel & Leisure,01603 810264,Norwich,1
enq@petershamhotel.co.uk,"The Petersham Hotel, Richmond",020 8940 7471,Twickenham,1
enquire@poltarrow.co.uk,Poltarrow Farm Holidays,01726 67111,St Austell,1
enquire@woodlandsleeds.com,Woodlands Hotel,0113 238 1488,Leeds,1
enquires@bowdenlodge.co.uk,Bowden Lodge Guest House Southport,01704 543531,Southport,1
enquires@edenbayservicedapartments.co.uk,Eden Bay Serviced Apartments Morecambe,07971 243979,Morecambe,1
enquiries.hotelexpress@gmail.com,Hotel Express Newcastle Gateshead,0191 499 8165,Gateshead,1
enquiries@20thebarons.co.uk,"20 The Barons, Luxury Serviced Apartments",020 8241 3153,Twickenham,1
enquiries@abbeyhousehotel.com,Abbey House Hotel & Gardens,01229 838282,Barrow-in-Furness,1
enquiries@aidanhouse.com,Aidan House,01789 292824,Stratford-upon-Avon,1
enquiries@amberhousehotel.co.uk,Amber House,01803 558372,Paignton,1
enquiries@angelandroyal.co.uk,Angel and Royal,01476 565816,Grantham,1
enquiries@aparkviewhotel.co.uk,A Park View Hotel & Hamiltons Restaurant,01902 567628,Wolverhampton,1
enquiries@aparthotelbirmingham.co.uk,Aparthotel Birmingham,0121 661 2222,Birmingham,1
enquiries@appletreebath.com,Apple Tree bouquet b&b,01225 337642,Bath,1
enquiries@aqora.co.uk,Rhode Lane Apartments by AQORA,01392 690987,Bridgwater,1
enquiries@ardenhousehotel.co.uk,Arden House of Harrogate,01423 509224,Harrogate,1
enquiries@arendalehotel.co.uk,Arendale Hotel,01253 351044,Blackpool,1
enquiries@arlan.co.uk,"Arlan House, Central Basingstoke Hotel and Arlan Apartments Comfort and Ease, Hinckley",01256 973433,Basingstoke,2
enquiries@ashdownpark.com,"Ashdown Park Hotel and Country Club, an SLH Hotel",01342 824988,Haywards Heath,1
enquiries@at-fl.co.uk,Stay @FL,01293 307481,Crawley,1
enquiries@ava-house.com,Ava House B&B,01869 605060,Bicester,1
enquiries@badmintonengland.co.uk,National Badminton Centre,01908 268400,Milton Keynes,1
enquiries@banburycrossbandb.co.uk,Banbury Cross Bed and Breakfast,01295 266048,Banbury,1
enquiries@bartonhall.com,Barton Hall Hotel & Spa,01536 515505,Kettering,1
enquiries@batharmsinn.com,The Bath Arms,01985 844308,Frome,1
enquiries@beechwoodhotelleeds.com,The Beechwood,07984 789555,Leeds,1
enquiries@belmontbridlington.co.uk,The Belmont Guest House,01262 673808,Bridlington,1
enquiries@bkproperties.co.uk,The Rookery and 4 other hotels,07935 277309,Basildon,5
enquiries@brenchleyglamping.co.uk,Brenchley Glamping,07799 408939,Tonbridge,1
enquiries@briggatehotel.com,Briggate Hotel,0800 808 6136,Leeds,1
enquiries@broadstairsbeachhouse.co.uk,Broadstairs Beach House,01843 650937,Ramsgate,1
enquiries@bromleycourthouse.co.uk,The Court House,01206 250486,Colchester,1
enquiries@broomhallinn.co.uk,The Broom Hall,01789 773757,Evesham,1
enquiries@brynalltcountrypark.co.uk,Brynallt Cedar Holiday Chalets,07812 157535,Oswestry,1
enquiries@burcombemanor.co.uk,Burcombe Manor,01722 744288,Salisbury,1
enquiries@burton-lodge.co.uk,Burton Lodge Guest House,01964 542847,Beverley,1
enquiries@camillahouse.co.uk,Camilla House Guest House,07900 436814,Penzance,1
enquiries@captainsclubhotel.com,Captains Club Hotel & Spa,01202 475111,Christchurch,1
enquiries@carrearms.co.uk,The Carre Arms Hotel and Restaurant,01529 303156,Grantham,1
enquiries@castlehouserichmond.co.uk,The Castle House Luxury Bed & Breakfast,01748 823954,Darlington,1
enquiries@cavendishproperty.co.uk,Lace Market Apartments - 16 Pilcher Gate,0115 970 1303,Nottingham,1
enquiries@charlesworthhotel.net,Charlesworth Hotel,01202 779177,Christchurch,1
enquiries@chequers1452.co.uk,Chequers Inn Hotel,01342 823333,Haywards Heath,1
enquiries@chequersinn.net,Chequers Inn,01476 870701,Grantham,1
enquiries@cherryburtonleisurepark.uk,Cherry Burton Leisure Park,07425 736092,Beverley,1
enquiries@cherwood-hotel.co.uk,Cherwood Guesthouse,01803 556515,Paignton,1
enquiries@chevinendguesthouse.co.uk,Chevin End Guest House,01943 876845,Shipley,1
enquiries@citrushotelcheltenham.co.uk,Citrus Hotel Cheltenham by Compass Hospitality,01242 696999,Cheltenham,1
enquiries@citrushoteleastbourne.co.uk,Citrus Hotel Eastbourne,01323 722676,Eastbourne,1
enquiries@clarencecourthotel.com,Clarence Court Hotel,01242 580411,Cheltenham,1
enquiries@coachhousederby.com,The Coach House,01332 554423,Derby,1
enquiries@coachhousemelbourne.co.uk,The Coach House,01332 862338,Coalville,1
enquiries@cordwainercottage.co.uk,Cordwainer Cottage Self Catering,07962 223383,Stoke-on-Trent,1
enquiries@cottagelodge.co.uk,Cottage Lodge Hotel | Eco-chic Boutique Hotel in the heart of The New Forest,01590 622296,Totton,1
enquiries@courtyardrooms.com,The Courtyard Rooms,07968 884228,Colchester,1
enquiries@cowdalbury.com,The Cow Dalbury,01332 824297,Burton-on-Trent,1
enquiries@crofthillguesthouse.co.uk,Croft Hill Guest House,01946 591169,Whitehaven,1
enquiries@cromwellstevenage.co.uk,Hotel Cromwell,01438 779954,Stevenage,1
enquiries@crouchersorchards.co.uk,Crouchers Hotel,01243 784995,Chichester,1
enquiries@danesfieldhouse.co.uk,Danesfield House Hotel & Spa,01628 891010,High Wycombe,1
enquiries@dannah.co.uk,Dannah Farm Country House Ltd,01773 550273,Alfreton,1
enquiries@denhammount.com,Denham Mount,07724 904905,Ruislip,1
enquiries@devoncourt.com,Devoncourt Resort & Apartments Exmouth,01395 272277,Exmouth,1
enquiries@dukesfolly.co.uk,Dukes Folly Hotel,01704 533355,Southport,1
enquiries@easingtonhouse.co.uk,Easington House,01295 270181,Banbury,1
enquiries@eastbeachhotel.co.uk,The East Beach Hotel,01323 731398,Eastbourne,1
enquiries@edwardianlodge.co.uk,The Edwardian Lodge,07803 583388,Salisbury,1
enquiries@exeter.hotelindigo.com,Hotel Indigo Exeter by IHG,01392 301801,Exeter,1
enquiries@experiencefreedom.co.uk,Abbey Wood Experience Freedom Glamping and Lady Margaret's Park Experience Freedom Glamping,020 8311 7708,Dartford,2
enquiries@farnley-tower.co.uk,Farnley Tower Hotel,0191 375 0011,Chester-le-Street,1
enquiries@firesyde.co.uk,Firesyde,,Godalming,1
enquiries@flexiestays.com,The Shore House,07840 500157,Bournemouth,1
enquiries@fordhousefarmbedandbreakfast.co.uk,Ford House Farm,07747 002626,Pudsey,1
enquiries@forestryengland.uk,Fineshade Wood,0300 067 4340,Corby,1
enquiries@foxfieldshotel.co.uk,Foxfields Country Hotel,01254 822556,Blackburn,1
enquiries@gainsborough-lodge.co.uk,Gainsborough Lodge,01293 783982,Crawley,1
enquiries@georgehotel.uk.com,The George,01531 820203,Gloucester,1
enquiries@gomersallodge.co.uk,Gomersal Lodge Hotel,01274 861111,Bradford,1
enquiries@graftonhotel.co.uk,The Grafton,01423 508491,Harrogate,1
enquiries@grandeastbourne.com,"The Grand Hotel, an SLH Hotel",01323 412345,Eastbourne,1
enquiries@grayscourtyork.com,Grays Court Hotel and The Bow Room Restaurant,01904 612613,Selby,1
enquiries@greshamhotel.co.uk,Gresham Guest House,01305 785897,Weymouth,1
enquiries@gretnachase.co.uk,Gretna Chase Hotel,01461 337517,Carlisle,1
enquiries@greyfriarslodgecanterbury.co.uk,The Greyfriars Lodge,01227 788455,Canterbury,1
enquiries@greyhoundinns.co.uk,The Greyhound Inn,01753 883404,Chesham,1
enquiries@greystreethotel.com,Grey Street Hotel,0191 230 6777,Newcastle upon Tyne,1
enquiries@guyershouse.com,Guyers House Hotel,01249 713399,Chippenham,1
enquiries@hamiltonsboutiquehotel.co.uk,Hamiltons Boutique Hotel - Accommodation & Tea Room - Southend on Sea,01702 332350,Southend-on-Sea,1
enquiries@harefieldmanor.co.uk,Harefield Manor Hotel,01708 751901,Hornchurch,1
enquiries@harriethouse.co.uk,Harriet House Bed and Breakfast Canterbury,01227 457363,Canterbury,1
enquiries@hatherleymanor.com,Hatherley Manor Hotel & Spa,01452 730217,Gloucester,1
enquiries@hawthornhideaway.com,Hawthorn Hideaway,07515 860481,Doncaster,1
enquiries@haybowfarmaccommodation.com,Haybowfarmaccommodation,01934 510510,Clevedon,1
enquiries@hiddenwoodglamping.com,Hidden Wood Glamping,07813 281789,Frome,1
enquiries@highonnholidaypark.co.uk,High Onn Holiday Park,01785 556189,Stafford,1
enquiries@hillmortonmanor.co.uk,Hillmorton Manor,01788 331542,Rugby,1
enquiries@hilltop-countryhouse.com,Hilltop Country House - Wedding and Events Venue with Accommodation,01625 448212,Macclesfield,1
enquiries@hinsdale.co.uk,Hinsdale Farmhouse,01691 650408,Oswestry,1
enquiries@hodgkinsons-hotel.co.uk,Hodgkinsons Hotel Matlock Bath,01629 582170,Belper,1
enquiries@hogsheadhotel.co.uk,Hog's Head Hotel,0115 938 4095,Mansfield,1
enquiries@holtonlodge.co.uk,Holton Lodge,07904 130000,Grimsby,1
enquiries@homefarmandlodge.co.uk,Home Farm & Lodge,07516 102676,Doncaster,1
enquiries@honestlawyerhotel.co.uk,The Honest Lawyer Hotel,0191 378 3780,Newton Aycliffe,1
enquiries@horsleygatehall.co.uk,Horsleygate Hall,0114 289 0333,Dronfield,1
enquiries@hotel50.co.uk,Hotel 50,07496 447512,Christchurch,1
enquiries@hotelriviera.co.uk,Hotel Riviera,01395 515201,Exmouth,1
enquiries@hotels-wembley.com,Wembley International Hotel,020 8733 9000,London,1
enquiries@hotelstives.com,Western Hotel,01736 795277,Camborne,1
enquiries@howarthhouse.co.uk,Howarth House and Howarth Aparthotel,01253 725622,Lytham St Annes,2
enquiries@hythebedandbreakfast.co.uk,The Maples Guest House (B&B),023 8178 2640,Totton,1
enquiries@ilfracombecarlton.co.uk,"Carlton Hotel, Ilfracombe",01271 862446,Carlton,1
enquiries@ivesleyequestrian.co.uk,Ivesley Equestrian,0191 373 7220,Bishop Auckland,1
enquiries@jollyfarmer.co.uk,The Jolly Farmer,01483 893355,Guildford,1
enquiries@kelhamhouse.co.uk,Kelham House Country Manor,01636 705266,Newark,1
enquiries@kingsdownholidayhomes.co.uk,Kingsdown Holiday Park,07711 200959,Deal,1
enquiries@kingstontheatrehotel.com,Kingston Theatre Hotel,01482 225828,Hull,1
enquiries@knotlowfarm.co.uk,"Knotlow Farm Caravan & Campsite, Glamping Pods & Indoor Arena",01298 85313,Buxton,1
enquiries@kyotokitchen.co.uk,Kyoto Rooms Winchester,01962 863838,Winchester,1
enquiries@lakesidesomerset.co.uk,Lakeside Holiday Park,01278 792222,Burnham-on-Sea,1
enquiries@laneshotel.co.uk,The Lanes Hotel,01273 674231,Brighton,1
enquiries@langham-hotel.com,The Langham,01305 782530,Weymouth,1
enquiries@langwoodhotel.com,Langwood Hotel,01253 351370,Fleetwood,1
enquiries@lavenderhousequorn.co.uk,Lavender House,01509 412166,Loughborough,1
enquiries@lawrencehouseblackpool.co.uk,Lawrence House Hotel,01253 310502,Poulton-le-Fylde,1
enquiries@lebouchon.co.uk,Le Bouchon - Brasserie & Hotel,01621 856511,Wickford,1
enquiries@leeds-castle.co.uk,Leeds Castle Stable Courtyard Bed and Breakfast and 2 other hotels,01622 767823,Maidstone,3
enquiries@liscawn.co.uk,The Liscawn,01503 230863,Saltash,1
enquiries@liverpool-royalhotel.co.uk,The Royal Hotel,0151 928 2332,Bootle,1
enquiries@lodgeatmanorbarn.co.uk,The Lodge at Manor Barn,,Chesham,1
enquiries@londonbeach.com,London Beach Country Hotel Spa & Golf Club,01580 766279,Ashford,1
enquiries@lordington-park.co.uk,Lordington Park,01243 371536,Havant,1
enquiries@lymebaydawlish.co.uk,Lyme Bay House,01626 864211,Exmouth,1
enquiries@lympnecastle.com,Lympne Castle,01303 533533,Hythe,1
enquiries@madswans.com,Mad Swans in The South Downs,01420 22888,Farnham,1
enquiries@manorhouse-hotel.co.uk,The Manor House Hotel,01246 412119,Sheffield,1
enquiries@manorhousehotel.net,The Manor House Hotel & Spa,01388 834834,Darlington,1
enquiries@marinersguesthouse.co.uk,Mariners Guest House,01752 261778,Plymouth,1
enquiries@marlbhouse.co.uk,Marlborough House Hotel - Guest House,01865 514966,Oxford,1
enquiries@maryportmarina.com,Harbour Side Caravan Park,01900 814431,Workington,1
enquiries@meadowoakaccommodation.co.uk,Meadow Oak Accommodation,07704 546105,Bodmin,1
enquiries@merebrookhouse.com,Mere Brook House,0151 334 5474,Birkenhead,1
enquiries@merryharriers.com,The Merry Harriers and The Eastbury Hotel & Spa,01428 682883,Guildford,2
enquiries@mews-hotel.co.uk,The Mews Hotel,01924 273982,Barnsley,1
enquiries@middleastonhouse.com,Middle Aston House,01869 340361,Bicester,1
enquiries@moddershalloaks.com,Moddershall Oaks Country Spa Retreat,01782 399000,Stoke-on-Trent,1
enquiries@monkeyislandestate.co.uk,Monkey Island Estate,01628 623400,Maidenhead,1
enquiries@montecarloparks.co.uk,Walton Hall Farm,0333 444 2255,Basildon,1
enquiries@moretonhousedevon.com,Moreton House,01237 425519,Bideford,1
enquiries@mullion-cove.co.uk,Mullion Cove Hotel Cornwall,,Falmouth,1
enquiries@mylor.com,Mylor Harbourside Holidays,01326 372121,Falmouth,1
enquiries@nethwayhotel.co.uk,Nethway Hotel & Wedding Venue,01803 297630,Torquay,1
enquiries@newmansholidayhomes.com,Newmans Holiday Homes,01395 224066,Exmouth,1
enquiries@no192oxford.co.uk,No.192 Oxford,01865 416819,Abingdon,1
enquiries@no98boutiquehotel.com,No.98 Boutique Hotel,01305 784535,Weymouth,1
enquiries@norfolkarms.com,"The Norfolk Arms, Ringinglow",0114 230 2197,Sheffield,1
enquiries@northovermanor.com,Northover Manor,01935 840447,Yeovil,1
enquiries@nottinghamvenues.com,The Jubilee Hotel & Conferences and 2 other hotels,0115 773 3720,Nottingham,3
enquiries@oakcliffehotel.com,The Oakcliffe,01392 258288,Exeter,1
enquiries@oakmaninns.co.uk,The Kings Arms,01442 866595,Hemel Hempstead,1
enquiries@oldabbeyhouse.co.uk,Old Abbey House Hotel,01235 376077,Abingdon,1
enquiries@oldfarmbournville.co.uk,Old Farm Hotel Bournville,0121 458 3146,Sutton Coldfield,1
enquiries@oldginnhouse.co.uk,The Old Ginn House Inn,01900 64616,Whitehaven,1
enquiries@oldhallcoventry.com,The Old Hall Hotel,024 7518 6000,Coventry,1
enquiries@ollerbrook-cottages.co.uk,Ollerbrook Cottages,01433 670083,Glossop,1
enquiries@ombersleygolfclub.co.uk,St Andrews Hotel & Spa,01905 779677,Worcester,1
enquiries@ormondehouse.co.uk,Ormonde House Hotel,023 8028 2806,Totton,1
enquiries@paigntoncourt.co.uk,Paignton Court,01803 553111,Paignton,1
enquiries@parkmorehotel.co.uk,Parkmore Hotel,01642 786815,Middlesbrough,1
enquiries@parrhallfarm.com,Parr Hall Farm,01257 451917,Wigan,1
enquiries@poloclubhotel.co.uk,Polo Club Hotel,01926 967600,Rugby,1
enquiries@porchhousenorthallerton.com,Porch House Guest Accomodation,01609 773583,Northallerton,1
enquiries@purchasesrestaurant.co.uk,Purchases Chichester,01243 771444,Chichester,1
enquiries@pyewipe.co.uk,The Pyewipe Inn,01522 528708,Lincoln,1
enquiries@queenscourt-hotel.co.uk,Queens Court Hotel,01392 272709,Exeter,1
enquiries@queenslytham.co.uk,The Queens Hotel,01253 737316,Southport,1
enquiries@randomhall.co.uk,Random Hall Hotel,01403 790558,Horsham,1
enquiries@redlioninn.co.uk,Red Lion Inn,01384 221237,Stourbridge,1
enquiries@relaxinn.uk,Relax Inn - Thorpe Lodge Hotel,0330 043 8960,Peterborough,1
enquiries@roseandcrownthurstonland.co.uk,The Rose & Crown,01484 660790,Huddersfield,1
enquiries@roseleighhotel.co.uk,Roseleigh Guest House (Book Direct for Best Prices),01298 24904,Buxton,1
enquiries@royalexeter.com,Royal Exeter Hotel,01202 438000,Poole,1
enquiries@royaloakcornwall.com,Royal Oak Inn,01208 872552,Bodmin,1
enquiries@rushtonhall.com,Rushton Hall Hotel and Spa,01536 713001,Northampton,1
enquiries@samlesburyhall.co.uk,The Hamlet at Samlesbury Hall,01254 812010,Leyland,1
enquiries@seaviewsouthport.co.uk,Seaview Guest House,07897 552592,Southport,1
enquiries@secp.co.uk,43 South End Caravan Park,01229 472823,Barrow-in-Furness,1
enquiries@secret-valley.co.uk,Secret Valley,01278 671945,Taunton,1
enquiries@selbyhouse.co.uk,Selby House and Ropemaker's Cottage,07513 325425,Wellington,1
enquiries@sevenoaksbnb.co.uk,The Patch Bed and Breakfast,01732 442307,Orpington,1
enquiries@shipleopardboutiquehotel.co.uk,The Ship Leopard Boutique Hotel,023 9287 6020,Portsmouth,1
enquiries@shireburnepark.co.uk,Shireburne Park Ltd,01200 423422,Clitheroe,1
enquiries@sirwilliamfoxhotel.com,The Sir William Fox Hotel,0191 456 4554,Sunderland,1
enquiries@skyline-guesthouse.co.uk,Skyline Guesthouse,01637 876196,Newquay,1
enquiries@somfoxton.co.uk,Shoulder of Mutton Foxton Accommodation,01858 681080,Rothwell,1
enquiries@sopwellhouse.co.uk,Sopwell House,01727 864477,Watford,1
enquiries@southcausey.co.uk,South Causey Inn,01207 235555,Consett,1
enquiries@southernhayhotel.co.uk,Southernhay Guest House,01202 761251,Poole,1
enquiries@st-aubyns.co.uk,St Aubyn's Guest House,01278 773769,Burnham-on-Sea,1
enquiries@stanstedcoachhouse.com,Stansted Coach House,07970 977563,Bishop's Stortford,1
enquiries@stelizabeths.co.uk,St Elizabeth's House,01752 344840,Plymouth,1
enquiries@stonehousebandb.co.uk,Stone House Bed and Breakfast,07787 187250,Banbury,1
enquiries@the-shirley.co.uk,The Shirley,01803 293016,Torquay,1
enquiries@theainscow.com,The Ainscow Hotel,0161 827 1650,Manchester,1
enquiries@thebarringtonarmshotel.com,Barrington Arms Hotel,01793 784692,Swindon,1
enquiries@thebelfry.com,The Belfry Hotel & Resort,01675 238600,Sutton Coldfield,1
enquiries@thebellsleeds.com,The Bells Leeds,0800 808 6136,Leeds,1
enquiries@thebootinn.com,The Boot Inn,01386 462658,Redditch,1
enquiries@thebootkimpton.co.uk,The Boot,01438 832438,Hitchin,1
enquiries@thebullandswan.co.uk,The Bull and Swan,01780 766412,Peterborough,1
enquiries@thebullwesttanfield.co.uk,The Bull Inn,01677 470678,Ripon,1
enquiries@thecasahoteluk.com,The Casa Hotel,01252 873275,Farnborough,1
enquiries@thecharlton.co.uk,The Charlton Boutique Hotel,01242 651051,Gloucester,1
enquiries@thechequers-burcot.co.uk,The Chequers at Burcot,01865 407771,Abingdon,1
enquiries@theclaremonthotel.co.uk,Claremont Hotel,01503 272241,Saltash,1
enquiries@thecrownchiddingfold.com,The Crown Inn,01428 682255,Guildford,1
enquiries@thedukeofcornwall.co.uk,The Duke of Cornwall Hotel,01752 275850,Plymouth,1
enquiries@thedulwich.co.uk,The Dulwich,01242 339933,Cheltenham,1
enquiries@thefairhaven.co.uk,Fairhaven Hotel,01305 773868,Weymouth,1
enquiries@thefountainbonsall.co.uk,Fountain Tea Rooms,01629 824814,Belper,1
enquiries@thegoldenlionhotel.org.uk,The Golden Lion Hotel,01900 819715,Workington,1
enquiries@thehalfmooninn.co.uk,Half Moon Inn,01935 850289,Yeovil,1
enquiries@theharmonytorquay.co.uk,Harmony Bed & Breakfast,01803 293918,Torquay,1
enquiries@thehighwaymanhotel.co.uk,The Highwayman Hotel,01865 377388,Bicester,1
enquiries@thehitchcockhotel.com,Sir Alfred Hitchcock Hotel,020 8530 3724,Walthamstow,1
enquiries@thehouseatramsgate.co.uk,The House at Ramsgate,01843 606630,Ramsgate,1
enquiries@theinnatyanleigh.co.uk,The Inn at Yanleigh,01275 392441,Portishead,1
enquiries@thejacobean.co.uk,The Jacobean Hotel,024 7660 1601,Coventry,1
enquiries@thejacobsladderinn.co.uk,Jacobs Ladder,01326 311010,Falmouth,1
enquiries@thekinderton.co.uk,The Kinderton Hotel,01606 834169,Crewe,1
enquiries@thekirkfield.co.uk,The Kirkfield,01925 222058,Warrington,1
enquiries@thelandinghotel.co.uk,Denham Grove Hotel and Hunton Park,01895 833338,High Wycombe,2
enquiries@thelauriston.co.uk,Lauriston Hotel,01934 620758,Weston-super-Mare,1
enquiries@thelincolnhotel.com,The Lincoln Hotel,01522 520348,Lincoln,1
enquiries@themalvernspa.com,The Malvern Spa Hotel,01684 898290,Worcester,1
enquiries@themanorabberley.co.uk,The Manor at Abberley,01299 890300,Kidderminster,1
enquiries@themarisandotter.co.uk,Maris & Otter,01273 900845,Hove,1
enquiries@themoatwrotham.co.uk,The Moat,01732 882263,Sevenoaks,1
enquiries@thenewinnwestcoker.com,The New Inn,01935 864000,Yeovil,1
enquiries@theold-bakery.co.uk,The Old Bakery Restaurant,01522 244646,Lincoln,1
enquiries@theoldeforgehotel.co.uk,The Olde Forge Hotel,01323 842893,Crowborough,1
enquiries@theoldvicaragebridgwater.co.uk,The Old Vicarage Hotel & Restaurant,01278 458891,Bridgwater,1
enquiries@theosbornehotel.co.uk,The Osborne Hotel,0191 281 3385,Newcastle upon Tyne,1
enquiries@thepainswick.co.uk,Painswick Hotel,01452 813688,Gloucester,1
enquiries@theploughinncheshire.com,The Plough Inn,01260 280207,Macclesfield,1
enquiries@thesaddleworthhotel.co.uk,The Saddleworth Hotel,01457 871888,Huddersfield,1
enquiries@thesallyirthington.co.uk,The Sally,016977 42954,Carlisle,1
enquiries@thesandridge.co.uk,The Sandridge,07588 856345,Wallasey,1
enquiries@theservicedaccommodationcompany.com,The Serviced Accommodation Company- Haddon House,07576 885943,Middlesbrough,1
enquiries@theshiphotel.co.uk,The Ship Hotel,01702 413307,Southend-on-Sea,1
enquiries@thestarhotel.com,The Star Hotel,023 8033 9939,Southampton,1
enquiries@thestoneshotel.co.uk,The Stones Hotel,01722 782020,Salisbury,1
enquiries@thethatchedcottagerestaurant.co.uk,The Thatched Cottage Restaurant,01205 461006,Boston,1
enquiries@thetrinityhotel.co.uk,The Trinity Hotel,01702 342282,Southend-on-Sea,1
enquiries@theupperhouse.com,The Upper House,01782 373790,Stoke-on-Trent,1
enquiries@thewarwickhotel.co.uk,"The Warwick Hotel (UNDER NEW MANAGEMENT SINCE 5th FEB, 2026)",01926 484234,Rugby,1
enquiries@thewheatleyhotel.co.uk,The Wheatley Hotel,01302 492519,Doncaster,1
enquiries@thewilliamcecil.co.uk,The William Cecil,01780 750070,Peterborough,1
enquiries@thewintergardensuites.com,The Winter Garden Suites,01253 291963,Poulton-le-Fylde,1
enquiries@threeriverspark.co.uk,Three Rivers Woodland Park,01200 423523,Nelson,1
enquiries@towerhouseyork.co.uk,Tower House,01904 655571,York,1
enquiries@townhouseulverston.co.uk,Town House B&B,01229 580172,Ulverston,1
enquiries@trehellashouse.co.uk,Trehellas House Hotel and Restaurant,01208 72700,St Austell,1
enquiries@trehernehouse.co.uk,Treherne House B&B & The Malvern Retreat Self Catering,01684 572445,Malvern,1
enquiries@tudorhotel.co.uk,The Tudor Hotel & Restaurant,01278 422093,Bridgwater,1
enquiries@twinoaks-guesthouse.co.uk,Twin Oaks Guest House,023 8081 2305,Totton,1
enquiries@tylneyhall.com,"Tylney Hall Hotel and Gardens, an SLH Hotel",01256 764881,Aldershot,1
enquiries@uphillmanor.com,Uphill Manor,01934 903430,Weston-super-Mare,1
enquiries@ushaw.org,"Ushaw Historic House, Chapels & Gardens",0191 373 8500,Chester-le-Street,1
enquiries@vicaragecheshire.co.uk,The Vicarage Cheshire,01477 533393,Congleton,1
enquiries@virginialodge.co.uk,Virginia Lodge,01789 292157,Stratford-upon-Avon,1
enquiries@waltonview.co.uk,Walton View Hotel,,Bradford,2
enquiries@washingboroughhall.com,Washingborough Hall Hotel,01522 790340,Lincoln,1
enquiries@watershipdowninn.com,The Watership Down Inn,01256 892254,Andover,1
enquiries@watersmeethotel.co.uk,Watersmeet Hotel,01271 870333,Barnstaple,1
enquiries@websters-bed-breakfast.com,Websters Bed & Breakfast,07983 593341,Salisbury,1
enquiries@wellington-inn.co.uk,The Wellington Inn,01423 780362,Ripon,1
enquiries@westberryhotel.com,Westberry Hotel & Hội-An Restaurant,01208 72772,Bodmin,1
enquiries@westlodge.co.uk,West Lodge Hotel,01296 630362,Aylesbury,1
enquiries@whatelyhall.co.uk,Banbury Whately Hall Hotel,01295 253261,Banbury,1
enquiries@whitehorselodgehotel.co.uk,"White Horse Lodge Hotel,",01845 522293,Ripon,1
enquiries@whitehouseviewguesthouse.co.uk,White House View Guest House,01865 721626,Oxford,1
enquiries@whitelionhotelseaford.co.uk,The White Lion Pub & Hotel,01323 892473,Seaford,1
enquiries@windmillcourt.co.uk,Windmill Court Hotel & Cottages,01422 244941,Bingley,1
enquiries@windyharbour.co.uk,Windy Harbour Farm Country Inn,01457 853107,Hyde,1
enquiries@wisteriahotel.co.uk,Wisteria Hotel,01572 722844,Melton Mowbray,1
enquiries@woodborough-hall.co.uk,Woodborough Hall,0115 822 2161,Mansfield,1
enquiries@woodsideholidaylets.com,Woodside Holiday Lets,07850 778109,Saltash,1
enquiries@worcswhitehouse.com,Worcester Whitehouse Hotel,01905 24308,Worcester,1
enquiries@yalburycottage.com,Yalbury Cottage,01305 262382,Dorchester,1
enquiries@yarrowhotel.co.uk,The Yarrow Hotel,01843 460100,Ramsgate,1
enquiries@yeoldebell-hotel.co.uk,Ye Olde Bell Hotel & Spa,01777 705121,Doncaster,1
enquiry@ashleaguesthouse.co.uk,Ashlea Guest House,01295 250539,Banbury,1
enquiry@firsbedandbreakfast.co.uk,The Firs Lodge,020 8569 4595,Hounslow,1
enquiry@gosshall.co.uk,Goss Hall,01304 814022,Ramsgate,1
enquiry@horseandgroomwestbury.co.uk,The Horse and Groom,07742 830650,Frome,1
enquiry@hotelesplanade.co.uk,The Esplanade Hotel Paignton by Compass Hospitality,01803 556333,Paignton,1
enquiry@lacemarkethotel.co.uk,Lace Market Hotel Nottingham,0115 948 4414,Nottingham,1
enquiry@moorhall.com,Moor Hall Restaurant with Rooms,01695 572511,St Helens,1
enquiry@qwhdorset.co.uk,Quiet Woman House,01935 891218,Yeovil,1
enquiry@red-house.com,The Red House,01476 579869,Grantham,1
enquiry@thegeorgekirton.co.uk,The George Restaurant & Bar,01652 240270,Gainsborough,1
enquiry@theharcourtarms.com,The Harcourt Arms,01865 416516,Witney,1
enquiry@tunehotels.com,Tune Hotel Liverpool,0151 239 5070,Liverpool,1
enquiry@westmeadhotel.co.uk,Westmead Hotel,0121 445 1202,Redditch,1
enquiry@wyldecrestparks.com,Bockenfield Country Holiday Park and Felmoor Country Park,0330 133 7311,Morpeth,2
enterinltd@hotmail.com,The Boat & Anchor Inn,01278 662473,Taunton,1
eppvlp0p@www.wainstoneshotel.com,Wainstones Hotel,01642 712268,Guisborough,1
equitablehotel@gmail.com,Equitable Hotel,020 8854 4457,Eltham,1
escape@peacockcountryinn.co.uk,The Peacock Country Inn,01844 353519,Aylesbury,1
escapetown123@gmail.com,Escape Town,07874 810370,Boston,1
estateoffice@bowood.org,"Bowood Hotel, Spa & Golf Resort",01249 822228,Chippenham,1
estateshelpdesk@nottingham.ac.uk,Derby Hall and Cripps Hall,0115 951 3697,Beeston,2
esther@theyardinbath.co.uk,The Yard in Bath,01225 448896,Bath,1
ethelwoldhouse@gmail.com,St Ethelwold's House,01235 550139,Abingdon,1
eustacecarol@hotmail.co.uk,Westfield Court Hotel,0121 350 5495,Sutton Coldfield,1
events.maidstone@oridahotels.com,ORIDA Hotels Maidstone,01622 734322,Maidstone,1
events.oldebell@rbhmanagement.com,The Olde Bell,01628 969790,Maidenhead,1
events@3acres.com,Three Acres Inn & Restaurant,01484 602606,Huddersfield,1
events@aubreypark.co.uk,Aubrey Park Hotel ( Official Website),01582 791500,Luton,1
events@bailiffgatehotel.com,Bailiffgate Hotel,01665 661500,Ashington,1
events@birchhotel.co.uk,The Birch Hotel,01444 451565,Haywards Heath,1
events@blackhorsebeamish.co.uk,Black Horse Beamish,01207 232569,Stanley,1
events@brenley-farm.co.uk,Brenley Farm Bed and Breakfast,01227 751203,Faversham,1
events@charlottehouselincoln.com,Charlotte House,01522 308149,Lincoln,1
events@coppacollective.co.uk,The Stag on the River and The Wellington Arms,01483 421568,Guildford,2
events@cottonshotel.co.uk,Cottons Hotel & Spa,01565 650333,Warrington,1
events@daylesfordstays.com,The Three Horseshoes,01608 692880,Witney,1
events@devonshirehouse.co.uk,The Devonshire House,0151 264 6600,Prescot,1
events@doningtonmanorhotel.co.uk,Donington Manor Hotel,01332 810253,Loughborough,1
events@draytonmanor.co.uk,Drayton Manor Hotel,01827 285551,Tamworth,1
events@foxconnaught.co.uk,Fox Connaught,020 7476 6777,Woolwich,1
events@foxhillmanor.com,Foxhill Manor,01386 854200,Evesham,1
events@gomersalpark.co.uk,Gomersal Park Hotel,01274 056091,Bradford,1
events@grantleyhall.co.uk,Grantley Hall,01765 620070,Ripon,1
events@gravetyemanor.co.uk,Gravetye Manor,01342 810567,Crawley,1
events@hardwickhallhotel.co.uk,Hardwick Hall Hotel,01740 620253,Hartlepool,1
events@hartwell-house.com,Hartwell House Hotel & Spa,01296 747444,High Wycombe,1
events@hevercastle.co.uk,Hever Castle Luxury Bed & Breakfast,01732 861800,Tunbridge Wells,1
events@holmesmill.co.uk,Spinning Block Hotel at Holmes Mill and 2 other hotels,01200 407111,Burnley,3
events@hotelanfield.com,Hotel Anfield,0800 689 1267,Liverpool,1
events@hydrohotel.com,Hydro Hotel Eastbourne,01323 720643,Eastbourne,1
events@juddsfollyhotel.co.uk,Judd's Folly Hotel,01795 591818,Sittingbourne,1
events@kewgardenshotel.com,Kew Gardens Hotel,020 8940 2220,Twickenham,1
events@lansdowne-hotel.co.uk,"The Lansdowne Hotel, Eastbourne",01323 725174,Eastbourne,1
events@longridgehouse.com,Longridge House,01772 233142,Blackburn,1
events@middletonlodge.co.uk,Middleton Lodge Estate,01325 377977,Middleton,1
events@moonrakerhotel.com,The Moonraker Hotel,01225 777393,Chippenham,1
events@moorhallhotel.co.uk,Moor Hall Hotel & Spa,0121 308 3751,Walsall,1
events@newforesthotels.co.uk,Bartley Lodge Hotel,023 8081 2248,Totton,1
events@newtownhouse.co.uk,Newtown House Hotel,023 9246 6131,Havant,1
events@northlakeshotel.co.uk,North Lakes Hotel & Spa,01768 868111,Penrith,1
events@oaklands-hotel.co.uk,Oaklands Hotel,01603 434471,Norwich,1
events@oakleycourt.co.uk,Oakley Court,01753 609988,Slough,1
events@oddfellowsonthepark.com,Oddfellows On The Park,0161 697 3066,Stockport,1
events@oldamershamhotels.com,Kings Arms Hotel,01494 725722,High Wycombe,1
events@oldhunterslodge.co.uk,Old Hunters Lodge,01582 872246,Dunstable,1
events@pairchousehotel.co.uk,Pairc House Hotel,0121 622 2314,Redditch,1
events@properpubcompany.com,The Finch's Arms,01572 756575,Melton Mowbray,1
events@ramsidehallhotel.co.uk,The Impeccable Pig,01740 582580,Newton Aycliffe,1
events@roswarne.co.uk,Roswarne House,07771 518869,Camborne,1
events@rutlandhotel-sheffield.com,The Rutland Hotel,0114 266 4411,Sheffield,1
events@rylandsfarm.com,Rylands Farmhouse & Events,01625 535646,Macclesfield,1
events@shireburnarmshotel.co.uk,Shireburn Arms Hotel & Restaurant,01254 826678,Blackburn,1
events@stallingboroughgrange.co.uk,The Stallingborough Grange Hotel,01469 561302,Grimsby,1
events@stmichaelsmanor.com,St Michael's Manor Hotel,01727 864444,Hemel Hempstead,1
events@swanhotel.com,The Swan Hotel & Spa,015395 31681,Ulverston,1
events@tewinbury.co.uk,Tewinbury Farm Hotel,01438 717793,Stevenage,1
events@the-vineyard.co.uk,The Vineyard Hotel,01635 528770,Newbury,1
events@the-wiltshire.co.uk,"The Wiltshire Hotel, Golf & Leisure",01793 849999,Swindon,1
events@theabbeyhotel.co.uk,The Abbey Hotel,01527 406600,Redditch,1
events@thehatfieldhotel.com,The Hatfield Hotel,01502 565337,Hatfield,1
events@thelawnshotel.net,The Lawns Hotel,01332 701553,Derby,1
events@themanoratbickley.co.uk,The Manor at Bickley,020 3598 9900,Bromley,1
events@themanorelstree.co.uk,The Manor Elstree,020 8327 4700,Watford,1
events@theparkliverpool.co.uk,The Park Hotel,0151 525 7555,Bootle,1
events@thevalegolf.co.uk,The Vale Golf Club and The Vale Country Club,01386 462781,Evesham,2
events@thorpe-park.co.uk,Thorpe Shark Cabins,0300 332 1423,Staines,1
events@watergatebay.co.uk,Watergate Bay Hotel,01637 860543,St Austell,1
events@whartonarms.co.uk,Wharton Arms Hotel,01287 650618,Redcar,1
events@wivenhoehouse.co.uk,Wivenhoe House Hotel,01206 863666,Colchester,1
everestsoutherncross@gmail.com,Everest Southern Cross | Pub | Indian Restaurant in Watford,01923 256033,Watford,1
evhale@hotmail.com,Field Cottage B&B,01444 831626,Haywards Heath,1
ew@pointers-guest-house.co.uk,Pointers Guest House,01487 822366,Peterborough,1
example@demolink.org,Santo's Higham Farm Hotel & Restaurant,01773 833812,Mansfield,1
example@domain.com,Brownsover Hall Hotel,01788 593288,Rugby,1
example@email.com,De Vere Wokefield Estate and 6 other hotels,0118 933 4000,Reading,7
example@gmail.com,The Grand Hotel Birmingham and Grand Sapphire Banqueting & Hotel,0121 827 9600,Birmingham,2
example@mysite.com,The Gresham Aparthotel and 47 other hotels,0116 243 7666,Leicester,48
eydonbandb@btinternet.com,Eydon Bed and Breakfast,07962 434163,Banbury,1
fairwaysbbnewquay@hotmail.co.uk,Fairways Guest House,01637 873015,Newquay,1
falling@happyleaves.com,Minster Hotel and Abbey Hill Cottages,01904 621267,York,2
family.olszowski@gmail.com,The Old Manor House B & B,07850 510507,Sevenoaks,1
farlam@farlamhall.co.uk,Farlam Hall Hotel & Restaurant,016977 46234,Carlisle,1
farmersarms@heskinhospitality.co.uk,The Farmers Arms,01257 451276,Wigan,1
farmershotelwarminster@gmail.com,Farmers Hotel,01985 213815,Frome,1
farmhouse@wadworth.co.uk,"The Farmhouse Inn, Southwick",01225 764366,Trowbridge,1
farrerjb@gmail.com,Aberley House,07393 502906,Crosby,1
fav.creeksidebnb@gmail.com,"Creekside bed and breakfast, Faversham",07990 586884,Faversham,1
featherstonehotel@hotmail.com,Featherstone Hotel,01977 791851,Featherstone,1
fernlodge@hotmail.com,Fern Lodge Guesthouse - ROOM ONLY,01303 267315,Hythe,1
ferryhillthemanorhouse@gmail.com,The Manor House Hotel,01740 654322,Newton Aycliffe,1
finance@eastpark.co.uk,Easthampstead Park Wokingham,0118 974 7576,Farnborough,1
finance@villiershotels.com,Villiers Hotel Buckingham,01280 822444,Bicester,1
fiona@cusgarnemanor.co.uk,Cusgarne Manor,07968 209047,Truro,1
fivebellseastry@gmail.com,"The Five Bells, Eastry",01304 611188,Deal,1
forest@oakmangroup.co.uk,Forest,01282 692228,Burnley,1
forestercountryinn@outlook.com,The Royal Forester Country Inn,01905 978535,Kidderminster,1
forestpark@innmail.co.uk,Forest Park Country Hotel,01590 622844,New Milton,1
forestpineshotelspagolfresort@theqhotelscollection.co.uk,"Forest Pines Hotel, Spa & Golf Resort",01652 650770,Scunthorpe,1
foxandgoose.bristol@marstons.co.uk,Fox & Goose,01275 472202,Portishead,1
foxandgoosehotel@fullers.co.uk,The Fox & Goose Hotel,020 8998 5864,Wembley,1
foxandhoundscaversham@gmail.com,Fox and Hounds,0118 909 0874,Reading,1
foxhillfold@hotmail.com,Foxhill Fold Bed and Breakfast,07780 616516,Nelson,1
foxthorpewaterville@gmail.com,The Fox Inn Thorpe waterville,01604 987000,Kettering,1
fran@keigwinhouse.co.uk,Keigwin House,01736 363930,Penzance,1
frederic.robinson@email.com,"Broadoak Hotel, Ashton and 16 other hotels",0161 330 2764,Oldham,17
freemantlesolentlodge@gmail.com,Freemantle Solent Lodge B&B,07584 082307,Southampton,1
frontdesk@3queenshotel.co.uk,Three Queens Hotel & Lodge,01283 523800,Burton-on-Trent,1
frontdesk@buckinghamhotels.co.uk,Cavendish Hotel - High Wycombe and 2 other hotels,01494 474747,High Wycombe,3
frontdesk@hartnollhotel.co.uk,The Hartnoll Hotel,01884 252777,Barnstaple,1
frontdesk@kegworthhotel.com,Kegworth Hotel & Conference Centre,01509 672427,Long Eaton,1
frontdesk@langhamhotel.co.uk,Langham Hotel,01323 731451,Eastbourne,1
frontdesk@thefalstafframsgate.com,"The Falstaff, Ramsgate",01843 482600,Ramsgate,1
frontdesk@thelodgestanwellheathrow.com,The Lodge,01784 259138,Hounslow,1
frontdesk@weetwood.co.uk,Weetwood Hall Hotel,0113 230 6000,Pudsey,1
functions@wildingsnorthumberland.co.uk,The Wildings Northumberland,01670 333971,Blyth,1
g.baldwin@dandmcreative.com,The Highlands,01253 354083,Fleetwood,1
g_greengrass@hotmail.com,Common Barn Farm,01625 574878,Macclesfield,1
garvan.smith@eskdalelodge.co.uk,Eskdale Lodge,0161 973 6770,Altrincham,1
gaymen@hamiltonhall.info,Hamilton Hall Men Only Hotel,01202 399227,Bournemouth,1
geetha@tobsnorwichservicedapartments.co.uk,Comfy Quarters from 'TOBS Norwich',07726 506888,Norwich,1
gemmalarke@hotmail.com,Stamford Lodge,07947 246040,Stamford,1
general@buckatreehallhotel.com,Buckatree Hall Hotel,01952 780811,Telford,1
generalmanager@grasmerecourt.co.uk,Haywards At The Grasmere,0117 986 2662,Bristol,1
george.dorchester@innmail.co.uk,The George Hotel,01865 340404,Didcot,1
georgeanddragon.alrewas@phoenixpub.co.uk,George & Dragon,01283 487398,Burntwood,1
georgeanddragonpubhotel@gmail.com,"The George & Dragon Country Pub & Hotel, Wolverton Townsend",0118 207 5633,Basingstoke,1
georgehotel.hayfield@phoenixpub.co.uk,George Hotel,01663 745295,Hyde,1
georgehotel.poole@phoenixpub.co.uk,George Hotel,01202 687510,Poole,1
georgehotel@southcoastinns.co.uk,The George Hotel,01460 73650,Yeovil,1
georgehotel@wadworth.co.uk,The George Hotel & Granary,01373 462584,Frome,1
georgeinnnunney@btinternet.com,The George,01373 836458,Frome,1
georgia@allenbycommercial.co.uk,Hideout Apartment Hotel,01482 212222,Hull,1
georgiantownhouse@youngs.co.uk,Georgian Townhouse (Hotel),01603 615655,Norwich,1
georgina@smith.com,Jug and Bottle and The Ship,0151 342 5535,Birkenhead,2
ger2108@yahoo.com,The Sportsman,01304 380321,Deal,1
gibbsie@live.co.uk,32 The Hythe,01621 859435,Wickford,1
gill@lockhurst-hatch-farm.co.uk,Lockhurst Hatch Farm B&B,01483 202689,Godalming,1
gisela@giselasbedandbreakfast.com,Gisela's Bed & Breakfast,07703 278509,Daventry,1
git@github.com,Trafford Hall Hotel Manchester,0161 848 7791,Urmston,1
giving@nationaltrust.org.uk,Upper Booth Farm Campsite and Dalehead Bunkhouse,0345 266 0795,Glossop,2
glamping@roseberryretreat.co.uk,Roseberry Retreat,07964 786900,Middlesbrough,1
glampingathonnington@gmail.com,Glamping at Honnington Farm,07455 212321,Tunbridge Wells,1
glencoevillaguesthouse@gmail.com,Glencoe Villa Guest House,01977 309576,Pontefract,1
glenheath73@blueyonder.co.uk,Glenheath Hotel,01253 314615,Poulton-le-Fylde,1
glenyss@live.co.uk,Birtley House Guest House,01952 240483,Telford,1
glynvalley@stanmorehospitality.co.uk,Glyn Valley Hotel,01691 320111,Oswestry,1
gm@hallgarthdarlington.co.uk,"Hall Garth Hotel and Revive Spa, Darlington",01325 300400,Darlington,1
golden.pheasant@jwlees.co.uk,The Golden Pheasant At Plumley,01565 722261,Northwich,1
goldmanhazel@hotmail.com,Grove Guest House,07712 295282,Walthamstow,1
graeme.raw@gmail.com,The Barn at Toft Hill Hall,07941 558629,Bishop Auckland,1
graftonhotelskegness@gmail.com,The Grafton Hotel,01754 766158,Skegness,1
graham@oldmanorhouse.net,Old Manor House B&B,01934 709542,Burnham-on-Sea,1
grainsbarbookings@gmail.com,Grains Bar Hotel,0161 624 0303,Oldham,1
grand.reception@leonardohotels.com,The Grand Brighton,01273 224300,Brighton,1
grasleisure@outlook.com,Wheatsheaf Inn,01386 830380,Evesham,1
greatnorthernderby@yahoo.co.uk,The Great Northern,01332 514288,Derby,1
greattrethewmanorhotel@outlook.com,Great Trethew Manor Country Hotel & Restaurant,01503 261181,Saltash,1
greendragon@southcoastinns.co.uk,The Green Dragon,01823 669650,Taunton,1
greenhamhall@btopenworld.com,Greenham Hall,01823 672603,Tiverton,1
greenlodge2024@gmail.com,OYO Green Lodge,07920 695289,Crosby,1
greenviewhoteluk@gmail.com,Green View Hotel,07364 137670,Dartford,1
greyhound@youngs.co.uk,The Greyhound (Hotel),020 8647 1511,Croydon,1
griffininn.sthelens@valiantpubs.com,Griffin Inn,01744 27907,Wigan,1
griffininn@youngs.co.uk,Griffin Inn (Hotel),01825 722890,Haywards Heath,1
groomscottagecotswolds@aol.co.uk,Groom’s Cottage,01993 773253,Witney,1
grosvenorview@outlook.com,Grosvenor View,01253 352851,Thornton Cleveleys,1
groupreservations@stourportmanor.com,Stourport Manor Hotel,01299 289955,Kidderminster,1
groups@thistle.co.uk,"Thistle Express Hotel, London Luton and Thistle London Heathrow Terminal 5 Hotel",020 7523 5067,Luton,2
groups@unityholidays.co.uk,Unity Beach Somerset,01278 751235,Burnham-on-Sea,1
grove@bournemouthhotelsgroup.com,The Grove Hotel Bournemouth,01202 120066,Bournemouth,1
grovefalmouth@gmail.com,The Grove Falmouth,07940 172163,Falmouth,1
grovehouse.guesthouse@btinternet.com,Grove House Guest House,01952 610404,Telford,1
grovelodge1@btinternet.com,Grove Lodge,01934 620494,Weston-super-Mare,1
guest.relations@ruddingpark.com,Rudding Park and Rudding Park Spa,01423 871350,Harrogate,2
guest.services@chesterzoo.org,The Reserve at Chester Zoo,01244 561070,Ellesmere Port,1
guest@guestready.com,Guestready - Greenwich Park Studios,020 3868 8580,Eltham,1
guestcare@parkholidays.com,Bodmin Holiday Park,01208 222500,Bodmin,1
guesthouse@houseshareagency.co.uk,Old Trafford Guest House,07709 017793,Stretford,1
guesthouse@thebrownswood.co.uk,The Brownswood,020 8802 0494,Walthamstow,1
guestrelations@themidlandmanchester.co.uk,The Midland,0161 236 3333,Middleton,1
guestrelations@urbanhotelgrantham.co.uk,Urban Hotel,01476 593000,Grantham,1
guests@curated-property.com,"St Catherine's Hospital, Bath",020 3603 9006,Bath,1
guests@standrews-apartments.co.uk,St Andrews Apartments,01622 371134,Maidstone,1
guests@thewillowsbolsover.co.uk,Willows Bed and Breakfast,07586 244634,Sutton-in-Ashfield,1
guestsolutions@awayresorts.co.uk,Clumber Park Lodges and 2 other hotels,01909 495910,Worksop,3
guestsuccess@hostly.org.uk,Turtle Corner & Rabbit Place,020 3488 4274,Slough,1
gurkhakitchen.cranfield@gmail.com,The Swan,01234 757689,Bedford,1
gurneymill@yahoo.co.uk,Gurney Manor Mill,01278 653582,Bridgwater,1
guy@bandbdunsfold.co.uk,B and B Dunsfold,01483 200908,Godalming,1
gwa@duval-inns.co.uk,Great Western Arms,01869 932200,Banbury,1
h9227@accor.com,Legacy Preston International Hotel - managed by Legacy Hotels and Resorts,01772 255600,Preston,1
halfmoon.sherborne@marstons.co.uk,Half Moon,01935 812017,Yeovil,1
halfmoon@fullers.co.uk,"The Half Moon, Herne Hill",020 7616 5276,Bromley,1
halfmoon@northernhospitalities.co.uk,The Half Moon Inn,01670 850674,Cramlington,1
hampshirecourthotel@theqhotelscollection.co.uk,Hampshire Court Hotel & Spa,01256 319700,Basingstoke,1
hampshirehog@fullers.co.uk,"The Hampshire Hog, Clanfield",023 9259 1083,Havant,1
hamptonlodge1@gmail.com,Hampton Lodge (Free Parking) En-Suite Rooms,01789 299374,Stratford-upon-Avon,1
handandspear@youngs.co.uk,Hand & Spear (Hotel) and Hand & Spear,01932 828063,Walton-on-Thames,2
hangout@carpentersarmscambridge.com,"Carpenters Arms, Cambridge",01223 367050,Cambridge,1
harbournights21@gmail.com,Harbour Nights Guest House,01241 551629,Arbroath,1
harbourview77@yahoo.com,Harbour view cottage,01237 432215,Bideford,1
harmonttaverns@outlook.com,The Stockton Arms Hotel,01642 609303,Middlesbrough,1
hatty.garstang@gmail.com,The Lobster Pot,,Whitstable,1
haughmondview@yahoo.co.uk,Shrewsbury Cottage,07784 638598,Shrewsbury,1
haughtonhall@hamlethotels.com,Haughton Hall Hotel & Leisure Club,01952 468300,Telford,1
hawthornecampsite@gmail.com,Hawthorne Caravan & Camp Site - Pitches from £10.00 per night Rooms now available,07948 204901,Oldham,1
hayathotel123@gmail.com,Budget hayat express hotel,07966 180885,Seaham,1
hayfieldglamping@outlook.com,Hayfield Glamping & Camping,07815 831133,Oswestry,1
hazel@hordleyhall.co.uk,Hordley Hall,01691 622772,Ellesmere Port,1
hazelannejones969@gmail.com,Tracebridge Cottage Bed and Breakfast,01823 672835,Tiverton,1
hazelbigwood@field-view.co.uk,Field view Bed & Breakfast,01474 822330,Chatham,1
hazeldean@taylorhotels.co.uk,The Hazeldean Hotel,0161 792 6667,Denton,1
hazelwoodguesthouse@yahoo.co.uk,Hazelwood Guest House,01626 366130,Newton Abbot,1
headingleystadiumhotel@therhinos.co.uk,Headingley Lodge hotel and Headingley Stadium Hotel,0113 203 3218,Leeds,2
headoftheriver.oxford@fullers.co.uk,"The Head of the River, Oxford",01865 721600,Oxford,1
heartofengland.weedon@marstons.co.uk,Heart of England,01327 340335,Rugby,1
heatherbankbookings@gmail.com,Heatherbank Guest House,020 8446 9403,Enfield,1
hedley_villa@hotmail.com,Hedley Villa Guest House,01926 424504,Leamington Spa,1
helen@thistledomelodge.co.uk,Thistledome Lodge,01905 622368,Stourport-on-Severn,1
hello@62castlestreethotel.co.uk,62 Castle Street Hotel,0151 725 1300,Birkenhead,1
hello@6adelphi.co.uk,6Adelphi Aparthotel,01772 348306,Preston,1
hello@admiralcunningham.co.uk,The Admiral Cunningham Hotel and The Admirals Inn,01344 483052,Bracknell,2
hello@andsoul.com,Southall AndSoul,020 3675 8488,Hayes,1
hello@barrowcontractordigs.co.uk,Barrow Contractor Digs,01229 440113,Barrow-in-Furness,1
hello@beckenhamparkhotel.net,"Beckenham Park Hotel – Cosy rooms near Bromley with free breakfast, parking, and easy London access",020 8663 9199,Croydon,1
hello@bhcollection.co.uk,The Baiting House,01886 878178,Stourport-on-Severn,1
hello@blownawaystays.co.uk,Stay At Highlands Iver,01753 306888,Ruislip,1
hello@bluebellhelpston.co.uk,The Bluebell Inn,01733 252394,Peterborough,1
hello@blueboarmaldon.co.uk,The Blue Boar,01621 855888,Chelmsford,1
hello@boscundlemanor.com,Boscundle Manor,01726 813557,St Austell,1
hello@bournemouthbeachlodges.co.uk,Bournemouth Beach Lodges and Steamer Point Lodge,01202 126127,Bournemouth,2
hello@broadwaterguesthouse.co.uk,The Broadwater Guest House,,Morecambe,1
hello@bromleycourthotel.co.uk,The Bromley Court Hotel,020 8461 8600,Croydon,1
hello@bullsheadbelper.com,The Bulls Head Belper,01773 441233,Alfreton,1
hello@bullsheadinn.com,"The Bulls Head Inn, Ewhurst",01483 277447,Guildford,1
hello@butterhillsescapes.co.uk,Butterhills Escapes,07816 977196,Barnstaple,1
hello@cairndalehotel.co.uk,The Cairndale Hotel & Spa,01387 254111,Carlisle,1
hello@camelotfalmouth.com,Camelot,01326 312480,Falmouth,1
hello@campbellshotel.com,Campbells Guest House,0116 291 4994,Leicester,1
hello@caracolcamping.co.uk,Caracol Glamping,07920 259480,Tunbridge Wells,1
hello@channelviewweymouth.co.uk,The Channel View Guest House,01305 782527,Weymouth,1
hello@chapelhousepz.co.uk,Chapel House,07810 020617,Penzance,1
hello@cheshireyeoman.co.uk,The Cheshire Yeoman,0151 458 6893,Ellesmere Port,1
hello@chevinparks.co.uk,St Helena's Caravan Park and Clarion Lodge Campsite,0113 284 1142,Guiseley,2
hello@christmaskingdom.info,Hazlewood Castle and Hazlewood Castle Spa,01937 535353,Castleford,2
hello@coalshedbristol.com,CoalShed,07366 257445,Bristol,1
hello@constantinehouse.co.uk,Constantine House,01827 792350,Tamworth,1
hello@copperandblossom.com,Copper & Blossom,,Stockport,1
hello@coppergatesa.co.uk,"Coppergate Mews Apartments Doncaster and Coppergate Mews Apartments & Coach House by Coppergate, Grimsby",07904 947191,Doncaster,2
hello@cosycarrot.com,Three palms,07927 261240,Paignton,1
hello@crown-inn.co.uk,The Crown Inn at Burnham Beeches,01753 646700,Slough,1
hello@deerstoneglamping.co.uk,Deerstone Glamping,07546 900656,Colne,1
hello@devonshirearmsmiddlehandley.co.uk,The Devonshire Arms.,01246 434800,Chesterfield,1
hello@dogandgunnetheravon.co.uk,The Dog and Gun,01980 670838,Amesbury,1
hello@dukestboutique.com,Duke Street Boutique Hotel,0151 294 4000,Bromborough,1
hello@dustieshotel.com,Dusties Hotel,01709 252140,Doncaster,1
hello@epicliverpool.co.uk,Fenwick Street Hotel by EPIC and EPIC Apart Hotel - Duke Street,0151 709 1719,Birkenhead,2
hello@estellemanor.com,Estelle Manor,01993 685800,Witney,1
hello@ethiecastle.com,Ethie Castle,07731 711089,Arbroath,1
hello@faunabrewing.com,The Foresters Arms Forest Hill,020 8259 3470,Bromley,1
hello@fivebellswickham.co.uk,Five Bells,01488 657300,Newbury,1
hello@flintstonecottages.co.uk,Flintstone Cottages,01243 544487,Chichester,1
hello@foxandgooseinn.com,The Fox & Goose Hotel Pub and Restaurant,01278 760008,Burnham-on-Sea,1
hello@georgehotelpangbourne.com,The George Hotel,0118 984 2237,Reading,1
hello@glasshouseretreat.co.uk,Glass House Retreat,01708 983590,Basildon,1
hello@gloucesterapartments.co.uk,Gloucester Serviced Apartment,01452 929909,Gloucester,1
hello@goldenlioncorbridge.com,Golden Lion,01434 239348,Prudhoe,1
hello@granbyhotel.com,Granby Hotel,01723 448020,Scarborough,1
hello@guestlinghouse.co.uk,Guestling House Hotel,07450 695650,Hastings,1
hello@halfmoonexeter.co.uk,The Half Moon Inn,01392 873515,Exeter,1
hello@hamiltongrace.co.uk,Hamilton Grace Apartments,01793 286230,Swindon,1
hello@hareandhoundsnewbury.co.uk,The Hare & Hounds,01635 521152,Newbury,1
hello@harrogatestays.co.uk,The Belmont Apart Hotel - Harrogate Stays,01423 528086,Harrogate,1
hello@hemscotthill.com,Calico Barn,0191 308 4449,Ashington,1
hello@herdwickcottages.co.uk,The Warren and 2 other hotels,,Kendal,3
hello@hillsidehangouts.co.uk,Farncombe Estate,01386 858000,Evesham,1
hello@holwellholistic.co.uk,Holwell Holistic Retreat,07568 138209,Barnstaple,1
hello@hopsoftware.com,Glass Tower Hotel Blackpool and 2 other hotels,,Blackpool,3
hello@hotel-latour.co.uk,Hotel La Tour,01908 732400,Milton Keynes,1
hello@hothorpe.com,Hothorpe Hall,01858 881500,Market Harborough,1
hello@housearundel.co.uk,House Arundel: Boutique Hotel,07387 682176,Littlehampton,1
hello@hullservicedapartments.co.uk,Kingston Villas Apartments,0800 888 6115,Hull,1
hello@humberlofts.com,Humber Lofts Serviced Apartments,07918 115375,Hull,1
hello@hurleyhouse.co.uk,Hurley House Hotel,01628 568500,High Wycombe,1
hello@imperialsalford.com,Imperial Salford Hotel,0161 222 6061,Salford,1
hello@ism.co.uk,Grimsby Hotels,,Grimsby,1
hello@jdfproperty.com,"Donnington Gardens 3 Bedroom House, Serviced Accommodation in Reading, Berkshire - By JDF Property",0118 380 1620,Reading,1
hello@killiwerris.co.uk,Killiwerris Touring Park,01872 561356,Truro,1
hello@kingstreettownhouse.co.uk,King Street Townhouse Hotel,0161 667 0707,Warrington,1
hello@landb-restaurants.co.uk,The Famous Ship Inn,01303 905365,Folkestone,1
hello@leedsmet-hotel.com,The Met Hotel Leeds - Newly Refurbished,0113 245 0841,Leeds,1
hello@littlemiddopfarm.com,Little Middop Farm Camping Pods,,Nelson,1
hello@lunadomes.com,Luna Domes Luxury Glamping,0333 577 2566,Tunbridge Wells,1
hello@m33shortstayrentals.co.uk,M33 Short Stay Rentals,07743 377915,Urmston,1
hello@madikahomes.co.uk,Serviced Apartment Edgware - Madika Homes,07778 459637,Edgware,1
hello@manorhousealsager.com,"Manor House, Alsager",,Crewe,1
hello@manorhouselindley.co.uk,Manor House Lindley,01484 504000,Huddersfield,1
hello@mayfairskegness.co.uk,The Mayfair Hotel,01754 867867,Skegness,1
hello@moorehousehastings.com,Moore House,01424 817752,Hastings,1
hello@mountpleasantdawlish.co.uk,Mount Pleasant Inn,01626 863151,Exmouth,1
hello@msmarenahotel.co.uk,MSM Arena Hotel - Wembley Stadium,020 3973 3111,Wembley,1
hello@mygetaways.co.uk,Green Mews 2 Brighton & Hove,01273 917900,Hove,1
hello@narrowboatatweedon.co.uk,"Narrow Boat at Weedon, Canalside Pub, Country Kitchen, Rooms",01327 340333,Northampton,1
hello@netheredgeapartments.com,The Clubhouse,0114 201 4584,Dronfield,1
hello@northumberlandarms-felton.co.uk,The Northumberland Arms,01670 787370,Ashington,1
hello@oceansidehotel.co.uk,Oceanside Hotel,01637 872519,Newquay,1
hello@onsitestays.co.uk,On Site Stays Short Lets & Serviced Accommodations Dartford.,020 3369 2933,Dartford,1
hello@parkinnpalace.com,Park Inn Palace,020 8050 6022,Dover,1
hello@parkregis-birmingham.com,Park Regis Birmingham,0121 369 5555,Birmingham,1
hello@parkview-residence.com,Parkview Residence,0161 400 3569,Middleton,1
hello@pastureshotel.co.uk,Pastures Hotel,01709 577707,Doncaster,1
hello@pembrokearms.co.uk,The Pembroke Arms,01722 743328,Salisbury,1
hello@pennybunilkley.co.uk,The Penny Bun,01943 243200,Guiseley,1
hello@petwood.co.uk,The Petwood Hotel,01526 352411,Boston,1
hello@pinetumgardens.com,Pinetum Gardens,01726 73500,St Austell,1
hello@pinfoldhouse.co.uk,Pinfold House,01748 519534,Darlington,1
hello@pixelarity.com,Avon Manor Guest House,023 9255 2773,Gosport,1
hello@redlionthamesditton.co.uk,The Red Lion,020 3345 8676,Esher,1
hello@relaxstays.co.uk,Warrington Suites by Relax Stays,07930 903377,Warrington,1
hello@rfuenzalida.com,Shrover Hall and Leafy Suburban B&B,,Havant,2
hello@rhubarbshrewsbury.co.uk,RHUBARB at Drapers Hall,01743 341105,Shrewsbury,1
hello@ribblevalleyview.com,Ribble Valley View,0800 181 4044,Rawtenstall,1
hello@rooklanehouse.co.uk,Rook Lane House Bed & Breakfast,07816 533397,Frome,1
hello@roseandcrownsalisbury.co.uk,Rose and Crown Hotel,01722 328615,Salisbury,1
hello@rossingtonhall.co.uk,Rossington Hall,01302 866822,Doncaster,1
hello@royaldockray.co.uk,"The Royal Hotel, Dockray",017684 82356,Penrith,1
hello@rudbyhall.com,Rudby Hall Hotel,01642 701839,Thornaby-on-Tees,1
hello@saintpaulshouse.com,Saint Pauls House,0121 272 0999,West Bromwich,1
hello@secretcloudhouseholidays.co.uk,Secret Cloud House Holidays Ltd Luxury Glamping,07845 939603,Stoke-on-Trent,1
hello@sheridanhotel.co.uk,The Sheridan,07472 957983,Scarborough,1
hello@shortstay-mk.co.uk,Furzton and ShortstayMK: Vizion Extended Stay Apartments,,Milton Keynes,2
hello@siglets.co.uk,Signature Suites,01733 344663,Peterborough,1
hello@sleepwild.co.uk,"Luxury Cabins in Cropredy, Oxfordshire – Sleep Wild",07766 707421,Banbury,1
hello@smartwelcomes.com,Ocean Stays,,Plymouth,1
hello@smokingbullinn.com,The Bull Inn Battle,01424 775171,Bexhill-on-Sea,1
hello@southportcoachhouse.co.uk,Southport Coach House,01704 548717,Southport,1
hello@southwell-holiday-cottage.co.uk,Southwell Holiday Cottage,07813 465071,Newark,1
hello@springwoodfisheries.com,Springwood Fisheries Glamping and Camping,07904 470047,Coalville,1
hello@starhotelmontrose.co.uk,Star Hotel,01674 676048,Arbroath,1
hello@stayatport.com,Port Hotel,01323 438526,Eastbourne,1
hello@stayopulent.co.uk,10 Park Square East by Stay Opulent,,Garforth,1
hello@stayseekers.co.uk,Oaktree Boutique Apartment | Stayseekers and Stayseekers Mayflower boutique Apartment,07565 251494,Salisbury,2
hello@steetonhall.com,Steeton Hall Hotel & Restaurant,01535 656060,Keighley,1
hello@suitelife.co.uk,Suite Life Luxury Serviced Apartments,0800 038 9354,Swindon,1
hello@sunstreetretreats.co.uk,Sun Street Retreats,07495 018227,Lancaster,1
hello@swallowbarnfrome.com,Swallow Barn Frome,07967 003261,Frome,1
hello@taphausmansfield.co.uk,Lodge at Tap Haus,01623 625804,Mansfield,1
hello@tewinbedandbreakfast.com,Tewin B&B,01438 717770,Welwyn Garden City,1
hello@theanfieldhotel.com,The Anfield Hotel,0151 476 3359,Crosby,1
hello@thebuccaneerinn.co.uk,The Buccaneer Inn,01803 312661,Torquay,1
hello@thebullinnpub.com,The Bull Inn,0118 974 4582,Newbury,1
hello@thecabinsatrivington.co.uk,The Cabins at Rivington,01204 697339,Leyland,1
hello@thecarltonparkhotel.com,Carlton Park Hotel Rotherham,01709 252232,Rotherham,1
hello@thecatatnantwich.com,The Cheshire Cat,01270 623020,Crewe,1
hello@thechestnutscountryhouse.com,The Chestnuts Country House Boutique B&B,07484 629029,Grantham,1
hello@thecoachhouseinn.co.uk,The Coach House Inn,01780 720866,Corby,1
hello@thecrafthouseplymouth.co.uk,The Craft House Plymouth,01752 215971,Plymouth,1
hello@thecrownmartley.com,The Crown at Martley,01905 954579,Worcester,1
hello@thedenandorchard.co.uk,The Den & Orchard,01373 762076,Frome,1
hello@thedintonhermit.co.uk,The Dinton Hermit,01296 312877,Aylesbury,1
hello@thedrayhouse.co.uk,The Dray House,07843 368671,Bognor Regis,1
hello@thegardenhousecornwall.co.uk,The Garden House,07887 836146,Penzance,1
hello@thegrapesoxford.co.uk,The Victoria and The Fox & Grapes Wimbledon,020 4629 8212,Twickenham,2
hello@thehopmerchantshouse.com,The Hop Merchant's House,07912 691739,Worcester,1
hello@thekingsarmsegham.co.uk,The Kings Arms,01483 921486,Staines,1
hello@thelawrencehotel.co.uk,The Lawrence,01282 771804,Burnley,1
hello@thelittlebarnbramshott.co.uk,The Little Barn,07769 211359,Godalming,1
hello@themelroseabbey.com,Melrose Abbey Guesthouse,0151 640 0320,Bootle,1
hello@themilestoneripponden.co.uk,The Milestone,01422 822821,Halifax,1
hello@themountedgcumbe.com,The Mount Edgcumbe,01892 618854,Tunbridge Wells,1
hello@thenestdanehill.co.uk,The Nest Danehill,,Haywards Heath,1
hello@theoldbakerykenilworth.co.uk,The Old Bakery,01926 864111,Kenilworth,1
hello@theoldgindistillery.com,The Old Bakery Apartment,020 8829 8241,Enfield,1
hello@theowlbarnwiltshire.co.uk,The Owl Barn Wiltshire,,Swindon,1
hello@thepickledparson.co.uk,The Pickled Parson of Sedgefield,01740 213131,Newton Aycliffe,1
hello@theroyalsutton.co.uk,The Royal,0121 355 8222,Walsall,1
hello@theselwyn.com,The Selwyn Hotel,020 7167 3165,Twickenham,1
hello@thesevenchester.co.uk,The Seven,01244 345014,Neston,1
hello@thesilvercup.co.uk,The Silver Cup,01582 713095,Hemel Hempstead,1
hello@thesloopinn.com,The Jolly Sportsman,01273 890400,Haywards Heath,1
hello@thesouthernbelle.co.uk,The Southern Belle,01273 734806,Hove,1
hello@thesweeneyhotel.com,The Sweeney Hotel,01691 652450,Oswestry,1
hello@theviewhoteleastbourne.com,The View Hotel Eastbourne,01323 433900,Eastbourne,1
hello@threemilebeach.co.uk,Three Mile Beach,01736 805981,Camborne,1
hello@threetunsashwell.co.uk,The Three Tuns - Ashwell,01462 654664,Stevenage,1
hello@timbertopwsm.co.uk,Timbertop Suites,01934 623737,Weston-super-Mare,1
hello@tripingguide.com,CityZen Serviced Accommodation and Luxury View Apartment Manchester,,Smethwick,2
hello@tsth.co.uk,The Willowford Hotel,01908 584260,Milton Keynes,1
hello@tyndallvilla.co.uk,Tyndall Villa Boutique B&B,01225 421238,Bath,1
hello@villageholidays.co.uk,The Old Chapel Apartments and River Maun Studio Cottages,07855 837234,Worksop,2
hello@weaversguesthouse.co.uk,Weavers of Haworth - Guesthouse & Cottages,01535 643209,Keighley,1
hello@weddingsbytheharbour.co.uk,Weddings by the Harbour,01673 856685,Newquay,1
hello@wellingtonfarmglampingbreaks.com,Wellington Farm Cockermouth,01900 822777,Workington,1
hello@wessexquarters.co.uk,Wessex Quarters | The Salisbury Townhouse and 3 other hotels,07737 951393,Salisbury,4
hello@whitehartholybourne.com,The White Hart,01420 87654,Basingstoke,1
hello@whiteharthullpub.co.uk,The White Hart Hotel,07538 470546,Hull,1
hello@whitehousecottagesdurham.co.uk,White House Cottages Durham,07933 534149,Bishop Auckland,1
hello@whitleyhall.com,Whitley Hall Hotel,0114 245 4444,Sheffield,1
hello@wigwamholidays.com,Wigwam Holidays Sedgewell Barn,01609 605605,Northallerton,1
hello@windsorianexperience.com,Windsorian Experience,07786 328242,Windsor,1
hello@wisestay.co.uk,WiseStay,029 2240 1888,Penarth,1
hello@woodman-inn.com,"The Woodman Inn, Thunder Bridge",01484 605778,Huddersfield,1
hello@wyndale.uk,Severn View Hotel,01905 27600,Worcester,1
hello@yourharrogatestay.uk,Your Harrogate Stay,07721 080179,Harrogate,1
help@uniqueprivaterooms.co.uk,UNIQUE PRIVATE ROOMS,07538 395433,Bolton,1
heritagebandb@gmail.com,Heritage Luxury B & B,07770 770004,Chippenham,1
heronshaw.house@aol.com,Heronshaw House,01202 489543,Christchurch,1
heskinfarm@outlook.com,Heskin Farm Bed & Breakfast,01704 894437,Skelmersdale,1
hewendenmill@btconnect.com,Hewenden Mill Cottages,07733 885504,Keighley,1
hi@springhillfarmoxfordshire.co.uk,Spring Hill Farm Shepherd's Huts,01869 338307,Banbury,1
highcliffe@heartwoodinns.com,"The Oaks, A Heartwood Inn",01425 283377,Christchurch,1
highfield2017@outlook.com,Highfield House Hotel,0121 559 1066,Dudley,1
highway@bullsaye.co.uk,Highway Burford,01993 823661,Witney,1
hillbrowfarm@yahoo.co.uk,Hillbrow Farm Bed & Breakfast,01473 785146,Ipswich,1
hilltopbrasserie@gmail.com,Hilltop Brasserie,01772 973000,Preston,1
hjewitt46@gmail.com,The Heather's B & B Christchurch (Book Direct for Best Prices),07733 477023,Christchurch,1
holcombe.guest.house@gmail.com,Holcombe Guest House,07850 764002,Scunthorpe,1
holhotel@aol.com,The Hollies Guest House,07880 773473,Lincoln,1
holidays@aaandrelax.com,Tredethick Farm Cottages,,Bodmin,1
holidays@braddicks.co.uk,Braddicks Holiday Park,01237 473263,Bideford,1
holidays@coastandcountryparks.co.uk,Notter Bridge Holiday Park,01752 744010,Saltash,1
holidays@ernestsretreat.co.uk,Ernest's Retreat Glamping Site (Static Caravan Park),07875 581809,Chesterfield,1
holidays@ruthernvalley.com,Ruthern Valley Holidays,01208 831395,Bodmin,1
holidays@vomero.co.uk,"Vomero Holiday Apartments, Torquay, South Devon UK",07738 093879,Torquay,1
hollandsfarmhouse@gmail.com,Hollands Farmhouse,,Dorchester,1
hollingworthlakegh@gmail.com,Hollingworth Lake Guest House,01706 376583,Rochdale,1
hollyhawker3012@gmail.com,Stable Cottage,01249 660388,Chippenham,1
hollylodgeguesthouse@gmail.com,Holly Lodge Country Guest House,07974 242245,Mansfield,1
hollylodgewsm@gmail.com,Holly Lodge,01934 645500,Weston-super-Mare,1
home@sprinks-farm.co.uk,Sprinks Farm,01538 262393,Biddulph,1
homeandawayguesthouse@gmail.com,Home and Away Guesthouse,07507 879349,Bridlington,1
homeslystays2026@gmail.com,Central Hotel,020 4525 9955,Gloucester,1
hoodlanefarm@outlook.com,Hood Lane Farm,,Nuneaton,1
hope34hotel@yahoo.co.uk,The Hope Hotel,01702 467413,Southend-on-Sea,1
horseandfarrier26@gmail.com,The Horse and Farrier Carlisle,,Carlisle,1
horseshoe.castle@yahoo.com,The Horseshoe & Castle,01634 221691,Basildon,1
horts@youngs.co.uk,Hort's Townhouse (Hotel),0117 925 2520,Bristol,1
hospitality@sarum.ac.uk,Sarum College,01722 424800,Salisbury,1
hotel.reception@lensbury.com,The Lensbury,020 8614 6400,Twickenham,1
hotel.riverside@yahoo.co.uk,Riverside Hotel,01603 339249,Norwich,1
hotel@chatsworthworthing.co.uk,The Chatsworth Hotel,01903 236103,Worthing,1
hotel@colwall.com,Colwall Park Hotel,01684 540000,Malvern,1
hotel@falconfarnborough.com,The Falcon Hotel,01252 545378,Farnborough,1
hotel@findonmanor.com,Findon Manor,01903 872733,Worthing,1
hotel@hartsfieldmanor.co.uk,Hartsfield Manor,01737 845300,Sutton,1
hotel@hermitageparkhotel.co.uk,Hermitage Park Hotel,01530 814814,Loughborough,1
hotel@hotelingravesend.com,The Granby Hotel,01474 550525,Basildon,1
hotel@howfield.net,Howfield Manor,01227 733892,Ashford,1
hotel@reigatemanor.co.uk,Reigate Manor,01737 240125,Redhill,1
hotel@royaloakramsgate.com,Royal Oak Hotel,020 3551 1182,Ramsgate,1
hotel@seaham-hall.com,Seaham Hall and Serenity Spa & Novara Skin and Aesthetics,0191 516 1400,Sunderland,2
hoteldeville@thorleytaverns.co.uk,Hotel de Ville,01843 592289,Ramsgate,1
hotelswan24@gmail.com,The Swan Hotel,01303 266236,Folkestone,1
howardwinchesterhotel@gmail.com,Howard Winchester Hotel,,Winchester,1
howdy@bigskyhideaway.com,Big Sky Hideaway Camping and Glamping,07872 986084,Boston,1
hp79da@gmail.com,The Chequers - Bed&Breakfast,01494 727866,High Wycombe,1
hperry259@gmail.com,Leaded Light Guest House,0121 707 8408,Solihull,1
hulltrinitybackpackers@gmail.com,Hull Trinity Backpackers,07853 000474,Hull,1
hungerbarn@hotmail.com,Hunger Barn Bed and Breakfast,01636 636628,Newark,1
hunterscroftsway@gmail.com,The Bothy and Hunters Croft,01590 681520,Totton,2
huntsman@jwlees.co.uk,The Huntsman Inn,01484 850205,Huddersfield,1
huntsman@youngs.co.uk,The Huntsman (Hotel) and The Huntsman,01902 916907,New Milton,2
huntsmanoflittlewenlock@valiantpubs.com,The Huntsman of Little Wenlock,01952 503300,Telford,1
hursleydolphin@outlook.com,The Dolphin Inn,01962 353221,Eastleigh,1
hurtwoodhotel@mail.com,Hurtwood Hotel Bed & Breakfast,01306 730514,Guildford,1
hybrid@igloohostel.co.uk,Igloo Hybrid,0115 948 3822,Nottingham,1
ianlambert2000@aol.com,Wizards Thatch,07951 602969,Wilmslow,1
ianross199a@btinternet.com,One Strathview B&B,07450 890673,Arbroath,1
iguanadevelopments@outlook.com,East Halton Hotel,01469 564973,Grimsby,1
ilkley@pierre94.co.uk,Admiral's House by Maison Pierre and Crescent Inn by Maison Pierre,01752 262318,Plymouth,2
impallari@gmail.com,Station House Plymouth and 4 other hotels,07405 999729,Plymouth,5
imperialexmouth.rec@bh-group.co.uk,The Imperial Hotel,01395 274761,Exmouth,1
info.comfortinnsuites@gmail.com,Regency Guest House Manchester North,07540 097048,Ashton-under-Lyne,1
info.croydon@thequarters.co.uk,The Quarters by Bravo Watford,01923 732072,Watford,1
info.ferndalehotel@gmail.com,Ferndale Hotel,01253 628400,Blackpool,1
info.khwarrington@gmail.com,The Kings Head,01925 639060,Warrington,1
info.kingsheaddurham@gmail.com,The Kings Head,01207 520054,Consett,1
info.nwsc@serco.com,"Holme Pierrepont Country Park, home of The National Water Sports Centre and 2 other hotels",0115 982 1212,Nottingham,3
info.poltair@gmail.com,Poltair Guest House,01326 313158,Falmouth,1
info.tjspgltd@gmail.com,Apartment 5,07835 423555,Worksop,1
info@1843reading.com,Hotel 1843,0118 950 3925,Reading,1
info@1863ullswater.co.uk,1863 Restaurant with Rooms,,Penrith,1
info@262oceanmanor.com,262 Ocean Manor hotel,07387 396539,Fleetwood,1
info@36onthequay.com,36 On The Quay Restaurant with Rooms,01243 375592,Havant,1
info@40winkshospitality.co.uk,40 Winks Hospitality Ltd.,0191 380 3000,Bishop Auckland,1
info@42aparthotel.co.uk,42 Apart-hotel,01724 636996,Scunthorpe,1
info@61durham.co.uk,61 Durham,0191 372 3516,Chester-le-Street,1
info@72qt.co.uk,72QT - The London Latvian Centre,020 7229 1652,London,1
info@7longport.co.uk,7 Longport,01227 455367,Canterbury,1
info@8inbath.co.uk,eight,01225 724111,Bath,1
info@9sliving.com,Brunswick in Brighton and Hove by 9S Living,020 7101 4940,Hove,1
info@aandbguesthousecambridge.com,A & B Guesthouse Cambridge,07900 082379,Cambridge,1
info@abberleyhouse.co.uk,Abberley House,01228 521645,Carlisle,1
info@abbeyfieldlodgeguesthouse.co.uk,Abbeyfield Lodge Guest House & B&B Yarm,01642 782206,Middlesbrough,1
info@abbeyhotelbattle.co.uk,Abbey Hotel,01424 772755,Bexhill-on-Sea,1
info@aberfordhotel.co.uk,The Aberford Hotel,01253 625026,Blackpool,1
info@abodecanterbury.co.uk,ABode Canterbury,01227 766266,Canterbury,1
info@acorn-wood.co.uk,Darby Lodge Dog Friendly Self Catering Holiday Accommodation,07816 874205,Scunthorpe,1
info@addressapartments.com,Address Apartments,07714 408800,Chatham,1
info@adelphi-guesthouse.com,Emerald Stays UK at The Adelphi,01789 224051,Stratford-upon-Avon,1
info@advocatearms.co.uk,Advocate Arms Hotel,01673 842364,Lincoln,1
info@airrentals.co.uk,Grand Station Suite and Station Side Penthouse,07523 307446,Wolverhampton,2
info@albrighthussey.co.uk,Albright Hussey Manor,,Shrewsbury,1
info@aldenhamcountrypark.co.uk,Aldenham Country Park,020 8953 9602,Borehamwood,1
info@alexandraguesthouse.co.uk,Alexandra Guest House,01442 242897,Hemel Hempstead,1
info@alexiahotels.com,The Lawn Hotel and 3 other hotels,0118 959 0342,Reading,4
info@alfornorestaurant.co.uk,Al Forno,01603 663994,Norwich,1
info@alfristoncabins.co.uk,Alfriston Cabins,07817 163710,Seaford,1
info@aliinnoxford.co.uk,Ali Inn Oxford,01865 250715,Oxford,1
info@allseasonsbandb.com,All Seasons Bed & Breakfast,01934 412978,Weston-super-Mare,1
info@allseasonsgatwick.com,All Seasons Guest House Gatwick & Airport Parking,01293 781481,Horley,1
info@almadover.com,Alma House,01304 448947,Dover,1
info@almondtreehotel.co.uk,Almond Tree Hotel,01869 360629,Bicester,1
info@alvanleyarmscotebrook.co.uk,The Alvanley Arms,01829 760200,Northwich,1
info@amberleycastle.co.uk,Amberley Castle,01798 831992,Worthing,1
info@amberlodgehickstead.co.uk,Amber Lodge Hickstead - Private Accommodation with Free Fishing,07828 030518,Burgess Hill,1
info@amhersthotel.co.uk,Amherst Brighton,01273 670131,Brighton,1
info@amhursthotel.uk,Amhurst Hotel,020 8800 7587,Walthamstow,1
info@amsterdamhotelbrighton.com,Amsterdam Hotel,01273 688826,Brighton,1
info@apartmentshvala.com,Abbeyfield Guesthouse,07349 949887,Bromborough,1
info@applebyinn.co.uk,Appleby Inn Hotel,01530 270463,Tamworth,1
info@applebyparkhotel.com,Appleby Park Hotel,01530 279500,Tamworth,1
info@applehouseyork.co.uk,The Apple House,01904 625081,York,1
info@appletaxisexeter.co.uk,Manor Hotel,01395 272549,Exmouth,1
info@appletreeplace.co.uk,Apple Tree Place,07999 548129,Newbury,1
info@arenablacklion.co.uk,The Black Lion Hotel,0161 400 1219,Manchester,1
info@arenalounge.co.uk,Fusilier Inn & Arena Lounge,020 8903 7863,Ruislip,1
info@arnosmanorhotel.co.uk,Arnos Manor Hotel,0117 971 1461,Bristol,1
info@aroomwithaviewbrighton.com,A Room With A View,01273 682885,Brighton,1
info@arranlodge.co.uk,Arran Lodge Guest House,01803 292273,Torquay,1
info@arundelhousehotels.co.uk,Arundel House Hotel,01223 367701,Cambridge,1
info@arundelparkhotel.co.uk,The Arundel Park Hotel,01903 882588,Littlehampton,1
info@ascotgrangehotel.com,Ascot Grange Hotel,0113 293 4444,Pudsey,1
info@ashleyhotelcambridge.co.uk,Ashley Hotel,01223 350059,Cambridge,1
info@astontavern.co.uk,The Aston Tavern,0121 328 0095,Walsall,1
info@atholguesthouse.co.uk,Athol House,0191 421 8383,Sunderland,1
info@atobhotel.co.uk,A to B Hotel,020 8992 3691,Wembley,1
info@atriumhotelheathrow.co.uk,Atrium Hotel Heathrow,020 8890 6888,Hounslow,1
info@avhughesproperties.com,AV Hughes Properties | Short Lets Milton Keynes,07845 028299,Milton Keynes,1
info@aviarycourthotel.co.uk,Aviary Court Hotel,01209 842256,Camborne,1
info@avonleaguesthouse.co.uk,Avonlea Guest House,07780 983865,Banbury,1
info@azurebeachhotel.co.uk,Azure Beach Hotel,01202 299715,Poole,1
info@badgerinn.co.uk,The Badger Inn,01270 522348,Crewe,1
info@badgersmount.com,Badgers Mount Hotel,01455 848161,Hinckley,1
info@baileygroundhotel.co.uk,Bailey Ground Hotel,019467 29786,Whitehaven,1
info@balancyoga.com,Balancyoga Guest House,07770 932999,Orpington,1
info@balkanlodgeoxford.co.uk,The Balkan Lodge,01865 244524,Abingdon,1
info@balmoral-bournemouth.com,Balmoral Hotel,01202 551186,Bournemouth,1
info@balmoral.net,Balmoral Hotel,01754 764222,Skegness,1
info@baloci.co.uk,Baloci,0121 725 2350,Smethwick,1
info@banburyhillfarm.co.uk,Banbury Hill Farm,01608 810314,Banbury,1
info@bankhousehotel.uk,Bank House Hotel,01889 566922,Stafford,1
info@bankhousepenrith.co.uk,Bank House Bed and Breakfast,01768 864051,Penrith,1
info@bankshotel.com,Banks Hotel,020 8554 2515,Ilford,1
info@barbicanhouse.co.uk,Barbican House,01904 627617,York,1
info@bardneyhall.co.uk,Bardney Hall,01652 638188,Hessle,1
info@barncaravanpark.co.uk,The Barn Caravan Park,07801 694064,Lancing,1
info@barrelandstone.co.uk,The Prince of Wales,0330 403 7773,High Wycombe,1
info@barringtonspub.co.uk,Barringtons,01629 733111,Chesterfield,1
info@bathenhouse.co.uk,Bathen House,01225 805549,Bath,1
info@baytreeguesthouse.uk,Baytree Guest House,01305 263696,Dorchester,1
info@baytreeharrogate.co.uk,"Bay Tree Harrogate, Bespoke B&B, Best Rated in Harrogate - BOOK DIRECT",01423 564493,Harrogate,1
info@baytreehousesouthport.co.uk,Bay Tree House Bed & Breakfast,01704 510555,Southport,1
info@bayview-weymouth.co.uk,Bay View Hotel,01305 782083,Weymouth,1
info@bb-york.com,B+B York,01904 559777,York,1
info@beachesguesthouse.co.uk,Beaches Guest House,01702 585858,Southend-on-Sea,1
info@beachotel.co.uk,Beach Hotel,01273 323776,Hove,1
info@beachyhead.org.uk,Tiger Inn,01323 423209,Seaford,1
info@beaconsfieldholidayapartments.co.uk,Beaconsfield Holiday Apartments,07583 295263,Bridlington,1
info@bear-inn-hotel-burwash.co.uk,The Bear Inn,01435 882540,Tunbridge Wells,1
info@beaufortparkhotel.co.uk,Beaufort Park Hotel,01352 758646,Neston,1
info@beaverbrook.co.uk,Beaverbrook and The Garden House,01372 571300,Epsom,2
info@bedandbreakfastbedford.com,Victoria Guest House Bedford,01234 359219,Bedford,1
info@beddoeapartments.co.uk,Beddoe Apartments (phone & book direct for best price and availability) Perfect for Contractors,07950 969345,Eastleigh,1
info@bedfordlodgehotel.co.uk,Bedford Lodge Hotel,01638 663175,Bedford,1
info@bedfordswanhotel.co.uk,Bedford Swan Hotel and Thermal Spa,01234 346565,Bedford,1
info@beechmounthotel.com,Beech Mount Hotel - Free Parking,0151 264 9189,Prescot,1
info@beestonmanor.com,Beeston Manor | Countryside Wedding Venue in Lancashire,01254 851996,Blackburn,1
info@belgravesands.com,Belgrave Sands Hotel & Spa,01803 226366,Torquay,1
info@bell-inn.co.uk,"The Bell Inn - Pub, Restaurant, Hotel & Event Space",01375 642463,Basildon,1
info@bellalresford.com,The Bell Inn,01962 732429,Winchester,1
info@belltentglamping.net,Bell Tent Glamping,07511 128471,Eastleigh,1
info@bennettshotel.co.uk,"Bennetts Hotel, Restaurant and Bar",0115 972 8481,Beeston,1
info@berwicklodge.co.uk,Berwick Lodge,0117 958 1590,Portishead,1
info@bespokehotels.com,Coulsdon Manor Hotel and 3 other hotels,020 8668 0414,Croydon,4
info@bespokepropertytraining.com,King Square Apartments,,Bridgwater,1
info@bestloved.com,Best Loved Hotels,01636 314028,Newark,1
info@bestwoodlodge.co.uk,Bestwood Lodge,0115 920 3011,Nottingham,1
info@beverley-holidays.co.uk,Beverley View,01803 843887,Paignton,1
info@beverley-hotel.com,The Bev Hotel,01922 622999,Walsall,1
info@bewdleyhillhouse.co.uk,Bewdley Hill House Bed & Breakfast,01562 60473,Stourbridge,1
info@beyondhotels.co.uk,Beyond Hotel & Apartments,01282 227225,Burnley,1
info@bickleighcastle.com,Bickleigh Castle,01884 855363,Tiverton,1
info@biggreenshepherdshut.com,The Big Green Shepherds Hut,07449 778398,Redhill,1
info@bigwhitehouse.co.uk,Big White House,016973 20919,Workington,1
info@birchesbrow.co.uk,Birches Brow Boutique Guestrooms,01695 661567,Skelmersdale,1
info@bistrolottefrome.co.uk,Bistro Lotte,01373 300646,Frome,1
info@blackhorseblyton.com,Black Horse Inn,01427 628277,Scunthorpe,1
info@blackhorseireland.com,The Black Horse,01462 811398,Bedford,1
info@blackhorsekent.co.uk,The Black Horse Inn,01622 737185,Maidstone,1
info@blackhorsewillington.co.uk,The Stables @ The Black Horse,07729 387903,Newton Aycliffe,1
info@blacksmithsclayworth.co.uk,"The Blacksmiths, Clayworth",01777 817913,Retford,1
info@blackswan-masham.co.uk,Black Swan Hotel,01765 689477,Ripon,1
info@blackswanguesthouse.co.uk,Black Swan Guest House,01427 718878,Retford,1
info@blackswaninn.co.uk,The Black Swan Inn,01603 897787,Norwich,1
info@blh.co.uk,Balmer Lawn Hotel & The New Forest Spa | Brockenhurst,01590 623116,New Milton,1
info@blondhotels.com,Carpenters Arms Hotel,01205 844484,Boston,1
info@bluebellinnemsworth.co.uk,The Blue Bell Inn,01243 373394,Havant,1
info@bluelionwitherley.co.uk,Blue Lion,01827 714954,Nuneaton,1
info@blueorchid.com,The Wellington Hotel London (FKA The Rochester) and The Wellington by Blue Orchid Hotels,020 7834 4740,Rochester,2
info@blueseashotel-penzance.co.uk,Blue Seas Hotel,01736 364744,Penzance,1
info@bluewaterslodge.co.uk,Blue Waters Lodge,01803 557749,Paignton,1
info@blunsdonhouse.co.uk,Blunsdon House Hotel Leisure and Beauty Club,01793 721701,Swindon,1
info@boathousehythe.co.uk,Boathouse Hotel,,Totton,1
info@bohotel.co.uk,BOHOTEL,07952 708759,Macclesfield,1
info@bonnerslodge.co.uk,Bonners Lodge B & B & Touring Caravan Park,07946 536934,Consett,1
info@bookingurban.com,Booking Urban - Stisted,07541 710613,Chelmsford,1
info@bookjxbhomes.com,bookjxbhomes,07795 161245,Margate,1
info@boringdonhall.co.uk,Boringdon Hall Hotel and Spa,01752 344455,Plymouth,1
info@borrowfieldlodge.uk,Borrowfield Lodge,07966 626651,Derby,1
info@boveycastle.com,Bovey Castle,01647 445000,Newton Abbot,1
info@bowburnhallhotel.co.uk,Bowburn Hall Hotel,0191 377 0311,Houghton le Spring,1
info@bowlandcountrypark.co.uk,Bowland Wild Boar Park (Bowland Country Park),01995 61075,Clitheroe,1
info@bowlandescapes.co.uk,Bowland Escapes,01995 61075,Clitheroe,1
info@bowtree-house.co.uk,Bowtree House Bed And Breakfast,07548 619368,Grantham,1
info@boxmoorlodge.com,Boxmoor Lodge,01442 230770,Hemel Hempstead,1
info@boys-hall.com,Boys Hall,01233 427727,Ashford,1
info@bramblesbedandbreakfast.co.uk,Brambles Bed and Breakfast,01884 829211,Tiverton,1
info@braycottages.com,Bray Cottages,01628 583505,Maidenhead,1
info@breedonhall.co.uk,Breedon Hall,01332 317207,Coalville,1
info@bridge-guest-house.com,Bridge Guest House,01884 252804,Tiverton,1
info@bridlingtonbayapartments.co.uk,Bridlington Bay Apartments,07583 295263,Bridlington,1
info@brightoninn.co.uk,Brighton Inn Boutique Guest Accommodation,01273 044306,Brighton,1
info@brimar-guesthouse.co.uk,The Brimar Guest House,023 8086 2950,Totton,1
info@britlodge.co.uk,Britlodge Longsight,07923 482239,Ashton-under-Lyne,1
info@broadwayhotel.co.uk,The Broadway Hotel & Carvery,01462 480111,Luton,1
info@brockencotehall.com,Brockencote Hall Hotel,01562 777876,Worcester,1
info@brooklandshotel.co.uk,Brooklands,01202 552887,Bournemouth,1
info@brookside-hotel.co.uk,Brookside Hotel Chester,01244 381943,Ellesmere Port,1
info@bsbandb.co.uk,Oak House Bed & Breakfast,07967 320141,Bishop's Stortford,1
info@bucklandmanor.co.uk,Buckland Manor,01386 852626,Evesham,1
info@budgetinn.co.uk,Beverley Budget Inn,01482 863952,Beverley,1
info@budockvean.co.uk,Budock Vean Hotel,01326 250288,Falmouth,1
info@burfordlodgehotel.com,Burford Lodge,01993 822248,Witney,1
info@burnsidestratford.co.uk,"Burnside Hotel, Stratford-upon-Avon",01789 532320,Stratford-upon-Avon,1
info@butcombe.com,The Old House Inn and 20 other hotels,01342 718529,Crawley,21
info@butlershotel.co.uk,The Butlers Hotel,0113 274 4755,Pudsey,1
info@butterleighinn.co.uk,The Butterleigh Inn,01884 855433,Tiverton,1
info@buxtoncrescent.com,Buxton Crescent,01298 808999,Buxton,1
info@caerusproperty.co.uk,Caerus Property - Jasmine Villa,0115 775 0380,Beeston,1
info@cairdscampingandcaravansite.co.uk,Cairds Camping and Caravan Site,07765 363546,Tunbridge Wells,1
info@calderfarm.co.uk,"Calder Farm. Camping pod, tents and caravans",01200 447725,Nelson,1
info@calmseaguesthouse.co.uk,Calm Sea Guesthouse,01305 782050,Weymouth,1
info@calmwater-hideaway.co.uk,Calmwater Hideaway,07728 500165,Rochdale,1
info@cameronlodgestafford.co.uk,Cameron Lodge Stafford,01785 253322,Stafford,1
info@cannara.co.uk,Cannara B&B,01684 564418,Malvern,1
info@canningtonhouse.co.uk,Cannington House Bed and Breakfast,07793 228997,Bridgwater,1
info@canterbury-hotel.co.uk,Castle House Hotel and 3 other hotels,01227 761897,Canterbury,4
info@caproperty.co.uk,Highcliffe Holiday Apartments,01253 486009,Thornton Cleveleys,1
info@captainsquartersguesthouse.com,The Captain's Quarters Guest House,01704 628755,Southport,1
info@carltontavernhotel.co.uk,The Carlton Tavern Hotel,07921 540467,Barnet,1
info@carnoustiecornerhotel.co.uk,Corner Hotel,07511 582413,Arbroath,1
info@casabrighouse.com,Casa Brighouse,01484 401717,Huddersfield,1
info@castle-sleeper.com,Castle sleeper,01536 770641,Corby,1
info@castle-view.co.uk,Castle View,0191 386 8852,Chester-le-Street,1
info@castlefarmholidaysshropshire.co.uk,Castle Farm Holidays Shropshire,01691 690801,Oswestry,1
info@castlefield-hotel.co.uk,The Castlefield Hotel,0161 832 7073,Salford,1
info@castlehotelkent.com,Castle Hotel,01322 633917,Dartford,1
info@castlelodgeliverpool.co.uk,Castle Lodge Guest House,0151 260 9556,Crosby,1
info@casuarinatree.com,Casuarina Tree Hotel and Casuarina Tree Restaurant & Bar,07404 411027,Croydon,2
info@cbhh.co.uk,Castle Bromwich Hall Hotel,0121 748 0030,Birmingham,1
info@centralstationhotel.co.uk,Central Station Hotel Liverpool,0151 317 9060,Liverpool,1
info@chantryfarm.org,Wolstonbury Dreaming at Chantry Farm,07540 350384,Haywards Heath,1
info@chapelhouseatherstone.co.uk,Chapel House Restaurant with Rooms,07561 856273,Nuneaton,1
info@chapelhouseestate.co.uk,Chapel House Estate,01843 881290,Ramsgate,1
info@chardeguesthouse.co.uk,Charde Guest House,0121 244 2199,Solihull,1
info@chaselodgehotel.com,Chase Lodge Hotel,020 8943 1862,Kingston upon Thames,1
info@chasewhitehaven.co.uk,"The Chase Hotel, Bar & Restaurant",01946 693656,Whitehaven,1
info@chequers-inn.com,Chequers Inn,01628 529575,High Wycombe,1
info@chequersinnbattle.com,Chequers Inn,01424 772088,Hastings,1
info@chequersinnlamberhurst.co.uk,The Chequers Inn,01892 891850,Tunbridge Wells,1
info@cherrytree-eastbourne.co.uk,The Cherry Tree B&B Hotel,01323 722406,Eastbourne,1
info@cherrytreesteventon.co.uk,Cherry Tree,01235 831222,Abingdon,1
info@chestnutgrovebb.co.uk,Chestnut Grove,01603 451932,Norwich,1
info@chichestercathedral.org.uk,4 Canon Lane and The Treasury Suites,01243 813586,Chichester,2
info@chichesterholidayproperties.co.uk,CHICHESTER HOLIDAY PROPERTIES,07443 224646,Chichester,1
info@churchfarmlodge.com,Church Farm Lodge Harrington,01536 713320,Kettering,1
info@churchillhotel.com,The Churchill Hotel,01904 644456,York,1
info@cilerna.com,St Mary's House,07785 112361,Norwich,1
info@citadelhouse.co.uk,Citadel House Hotel,01752 661712,Plymouth,1
info@cityninestay.com,Albion Street Apartments and 3 other hotels,020 3488 7899,Wolverhampton,4
info@citystayaparts.com,City Stay Apartments and City Stay Apartments Bedford,01908 664516,Milton Keynes,2
info@clargeshospitality.co.uk,Panshill Accommodation Self Catering Luxury Lodges,01869 327060,Bicester,1
info@classiclodges.co.uk,Bagden Hall Hotel and 2 other hotels,01484 865330,Huddersfield,3
info@classstays.co.uk,Class Stays,01743 290335,Shrewsbury,1
info@claxtonhotel.co.uk,Claxton Hotel - Book Direct for Best Prices,01642 486745,Hartlepool,1
info@cliffwalkcottage.co.uk,Cliff Walk Cottage - Cotton of Auchmithie,07877 838528,Arbroath,1
info@cliftonhousebrighton.com,Clifton House,07417 419427,Hove,1
info@cliftonpark.co.uk,Clifton Park Hotel,01253 725801,Lytham St Annes,1
info@cliftonweymouth.co.uk,Clifton Hotel,01305 785248,Weymouth,1
info@clockhousebandb.co.uk,The Clockhouse Bewdley,01299 670027,Kidderminster,1
info@clophillecolodges.co.uk,Clophill Eco Lodges,07935 911207,Hitchin,1
info@cloverspa.co.uk,Clover Spa and Hotel,0121 350 6836,Walsall,1
info@clparksuk.com,Seasalter Holiday Park,0345 340 3964,Whitstable,1
info@clsites.co.uk,Half Acre C.L,07745 099207,Hull,1
info@coachmakersarms.com,The Coachmakers Arms,07979 533993,Didcot,1
info@coastbexhill.co.uk,Coast B&B,01424 225260,Bexhill-on-Sea,1
info@colebrookbandb.co.uk,"Colebrook Guest House-5 min walk to exhibition centre, book direct",07767 111351,Farnborough,1
info@comethotel.co.uk,The Comet Hotel,01707 932700,St Albans,1
info@comfynooks.co.uk,Comfy Nooks Stockton Suites,07568 336472,Stockton-on-Tees,1
info@completeaccommodation.com,Waterfront Quay and The Gallery,023 9258 3084,Portsmouth,2
info@conferenceaston.co.uk,Conference Aston - Hotel and Conference Centre,0121 204 3011,Birmingham,1
info@congresburyarms.co.uk,The Congresbury Arms,01934 782283,Clevedon,1
info@connaughtwolves.co.uk,The Connaught Hotel,01902 424433,Wolverhampton,1
info@consorthotel.co.uk,Consort Hotel & Urban Spa,01709 530022,Doncaster,1
info@continentalhotelhull.co.uk,Hotel Continental,07727 439520,Hull,1
info@coollcamping.co.uk,Cooll Camping,07388 497381,Canterbury,1
info@coombefarmgoodleigh.co.uk,Coombe Farm Goodleigh Self-Catering,07775 941031,Barnstaple,1
info@copperbeechglamping.co.uk,Copper Beech Glamping,07896 005875,Stafford,1
info@copperhouseportreath.co.uk,The Copper House Luxury B&B,01209 843283,Camborne,1
info@cornerstonesguesthouse.com,Cornerstones Guest House,07898 100057,Altrincham,1
info@cornerwaysbandb.co.uk,Cornerways Guest House,01228 521733,Carlisle,1
info@cotels.co.uk,Cotels@The Millhouse Serviced Apartments and 2 other hotels,01908 308310,Derby,3
info@cotswoldmanorestate.com,The Cotswold Manor Estate - Fordwells,01993 358202,Witney,1
info@cottagecompany.co.uk,Beechfield Cottages,01474 888000,Gravesend,1
info@cottagedurham.co.uk,Jackdaw's Perch Holiday Cottage,01388 767292,Newton Aycliffe,1
info@courtlandhotel.co.uk,Courtland Hotel,01789 292401,Stratford-upon-Avon,1
info@courtlandsnurseries.co.uk,Courtlands Nurseries Bed and Breakfast,01342 810780,Haywards Heath,1
info@cowleighparkfarm.co.uk,Cowleigh Park Farm,01684 566750,Worcester,1
info@cozycottage-coventry.com,Cozy Cottage Coventry,07720 877716,Coventry,1
info@cranborne-house.co.uk,Cranborne House,01202 685200,Poole,1
info@cravenhouse.net,Craven House Apartments,020 8977 6699,Walton-on-Thames,1
info@crescentturner.co.uk,Crescent Turner Hotel,01227 263506,Canterbury,1
info@crestonvilla.co.uk,Creston Villa Guest House,01522 872511,Lincoln,1
info@croftcourthotel.co.uk,Croft Court Hotel,020 8458 3331,Edgware,1
info@croftersbarrow.co.uk,Crofters,01229 364580,Barrow-in-Furness,1
info@crofthousehastings.co.uk,Croft House Hastings,07908 643883,Hastings,1
info@cromwellarms.co.uk,Cromwell Arms,01626 688118,Newton Abbot,1
info@crooked-inn.co.uk,The Crooked Inn,01752 848177,Saltash,1
info@cross-scythes.co.uk,The Cross Scythes Totley,0114 308 0049,Dronfield,1
info@crownandtrumpet.co.uk,Crown & Trumpet Inn,01386 853036,Evesham,1
info@crownhotelnantwich.com,"Crown Hotel, Bar & Grill",01270 625283,Crewe,1
info@crownhotelwetheral.co.uk,Crown Hotel Wetheral,01228 561888,Carlisle,1
info@crowninn.net,The Crown Stoke-By-Nayland,01206 262001,Colchester,1
info@crowninnwestdown.co.uk,The Crown Inn,01271 862790,Barnstaple,1
info@crownspahotel.com,Crown Spa Hotel Scarborough by Compass Hospitality,01723 357400,Scarborough,1
info@crownuppingham.co.uk,The Crown,01572 822302,Corby,1
info@cumbriaparkhotel.com,Cumbria Park Hotel,01228 522887,Carlisle,1
info@dalesgate.co.uk,Dalesgate Hotel,0800 999 1632,Keighley,1
info@dalestorthguesthouse.co.uk,Dalestorth Guest House Ltd,01623 551110,Mansfield,1
info@dandelionandhoglet.co.uk,Dandelion & Hoglet Cottages,07552 162382,Carlisle,1
info@darlingtonhotel.co.uk,The Darlington Hyde Park Hotel,020 7460 8800,Darlington,1
info@darwinstownhouse.com,Darwin's Townhouse,01743 343829,Shrewsbury,1
info@dawykbeech.co.uk,Dawyk Beech Guesthouse,01252 674669,Farnborough,1
info@deepallerfarmbandb.com,Deepaller Farm,01884 881410,Tiverton,1
info@deincourthotel.com,Deincourt Hotel,01636 602100,Newark,1
info@derbymickleoverhotel.co.uk,Derby Mickleover Hotel,0330 028 3404,Derby,1
info@derwentmanorhotel.com,Derwent Manor Boutique Hotel,01207 592000,Consett,1
info@dialhouseoxford.co.uk,The Dial House Guest House,01865 425100,Oxford,1
info@diglishousehotel.co.uk,Diglis House Hotel,01905 353518,Worcester,1
info@divisights.com,Clumber House,01754 767552,Skegness,1
info@dodfordgrange.co.uk,Dodford Grange Bed & Breakfast,07794 979365,Daventry,1
info@dogandcrook.co.uk,Dog and Crook,01794 368530,Winchester,1
info@dolphinnewbury.com,The Dolphin,01635 930334,Basingstoke,1
info@dolphintavern.co.uk,The Dolphin Tavern,01736 364106,Penzance,1
info@domain.com,The Golden Cross and 2 other hotels,01743 362507,Shrewsbury,3
info@dorsetarmshotel.co.uk,Dorset Arms Hotel,07894 098072,Sunderland,1
info@doubleton.com,Doubleton Farm Cottages,07895 157260,Clevedon,1
info@dovestonepark.co.uk,Dovestone Holiday Park,01457 820451,Oldham,1
info@downashwoodtreehouses.co.uk,Downash Wood Treehouses,07970 275414,Tunbridge Wells,1
info@downhamhall.com,Downham Hall,01268 422464,Chelmsford,1
info@doxfordhall.com,Doxford Hall Hotel and Spa,01665 589700,Ashington,1
info@drakelowmanor.co.uk,Drakelow Manor Guest House,01562 850920,Stourport-on-Severn,1
info@dreams-hotel.com,Dreams Hotel,020 8191 2030,Ilford,1
info@dreamshotel-parkview.com,Dreams Hotel - Park View,020 8191 3080,Ilford,1
info@dreamyard.co.uk,DREAM.YARD,,Southend-on-Sea,1
info@dressersarms.co.uk,The Dressers Arms | Pub & Rooms,01254 830041,Bolton,1
info@driftwoodbeachhouse.co.uk,Driftwood Beach House B&B,07810 302334,Whitstable,1
info@driftwoodhotel.co.uk,Driftwood B&B,01209 891920,Truro,1
info@dukeofmarlborough.co.uk,The Duke Of Marlborough,01993 811460,Witney,1
info@dukeriesretreat.co.uk,Dukeries Retreat Ltd,07773 181905,Worksop,1
info@dukewellington.co.uk,The Duke of Wellington Hotel & Bar,0121 537 3087,Birmingham,1
info@dunedinhotel.co.uk,Dunedin Guest House,01736 362652,Penzance,1
info@duneshotel.co.uk,Dunes Hotel,0191 252 5941,Tynemouth,1
info@dunkerleys.co.uk,Dunkerley's Seafood Restaurant Hotel,01304 375016,Deal,1
info@dunmow-house.co.uk,Dunmow House Guest Accommodation,01795 880576,Sittingbourne,1
info@dunstewwhitehorse.co.uk,White Horse Inn,01869 340272,Banbury,1
info@duporthguesthouse.co.uk,Duporth Guest House,01736 333989,Penzance,1
info@eagle-and-child.com,Eagle & Child,01706 824477,Bolton,1
info@eastangliasecurityuk.co.uk,The Holystone Bar and Restaurant,0191 816 0500,South Shields,1
info@eastaytonlodgehotel.co.uk,East Ayton Lodge Hotel-Scarborough,01723 864227,Scarborough,1
info@eastbrooke.com,The Eastbrook,020 8592 1873,Hornchurch,1
info@easternsands.co.uk,Eastern Sands,01905 831153,Worthing,1
info@eastgateinn.co.uk,East Gate Inn,01206 790490,Colchester,1
info@eastwallshotelchichester.co.uk,East Walls Hotel Chichester,01243 967162,Chichester,1
info@edenhallhotel.co.uk,Edenhall Country House Hotel,01768 881454,Penrith,1
info@edgewatersports.com,The Beach House,07887 882866,Exmouth,1
info@elementalsurflodge.com,Elemental Surf Lodge,01637 808808,Newquay,1
info@elephantandcastleinnholmfirth.com,Elephant & Castle Inn Holmfirth,01484 683178,Huddersfield,1
info@elephantandpeacock.co.uk,Strutt Arms Hotel At The Elephant And Peacock,01332 300818,Sutton-in-Ashfield,1
info@elgano.co.uk,Elgano Guest House,029 2034 4060,Penarth,1
info@elginhotel.com,Elgin Hotel,01253 353535,Fleetwood,1
info@elmleynaturereserve.co.uk,Elmley National Nature Reserve,07930 847520,Sittingbourne,1
info@elmsdaleguesthouse.co.uk,Elmsdale,01736 331734,Penzance,1
info@email.com,Ostrich Inn,01753 682628,Slough,1
info@empire-hotels.co.uk,The Baltimore Hotel,01642 224111,Middlesbrough,1
info@empressbuilding.co.uk,Empress Building,01709 803974,Doncaster,1
info@empresshall.co.uk,Empress Hall,01253 486009,Thornton Cleveleys,1
info@englishlakes.co.uk,Lancaster House Hotel,0333 220 3107,Lancaster,1
info@ennios.co.uk,Ennios Ristorante & Boutique Rooms,023 8022 1159,Southampton,1
info@ethoshotels.co.uk,Ethos Hotel & Caffè,01865 245800,Oxford,1
info@exclusivelywarwickshire.co.uk,"Kerns Cottage, Stratford upon Avon, Warwickshire",01564 898300,Stratford-upon-Avon,1
info@exetercourthotel.co.uk,Exeter Court Hotel,01392 832121,Exeter,1
info@exmouthbeachhotel.co.uk,Exmouth Beach Hotel,01395 487650,Exmouth,1
info@ezestays.com,"Old Town House, Margate",07915 855981,Margate,1
info@fairhavennottingham.com,The Fairhaven Hotel / best rates online /,0115 922 7509,Nottingham,1
info@falcon-hotel.co.uk,The Falcon Hotel,01572 823535,Corby,1
info@falmouth-bay.co.uk,Falmouth Bay Guest House,01326 313041,Falmouth,1
info@falmouthtownhouse.com,The Falmouth Townhouse,01326 567575,Falmouth,1
info@farmhouseatredcoats.co.uk,The Farmhouse at Redcoats,01438 729500,Stevenage,1
info@farmstay.co.uk,Farm Stay UK,024 7669 6909,Banbury,1
info@featherdown.co.uk,Feather Down Sunninglye Farm,01420 80804,Tunbridge Wells,1
info@fergusonfawsitt.co.uk,The Ferguson Fawsitt,01482 526317,Beverley,1
info@ferndalemews.co.uk,Ferndale Mews,07508 204322,Portishead,1
info@fernhillbreaks.co.uk,Fernhill Hotel,,Rochdale,1
info@ferryboatinnessex.com,Ferry Boat Inn,01621 738844,Chelmsford,1
info@fieldfarmoxford.co.uk,The Old Bakehouse,01993 881207,Witney,1
info@finofelpham.co.uk,Fino - Restaurant and Bar,01243 855526,Bognor Regis,1
info@firshotel.co.uk,Firs Hotel,,Hitchin,1
info@fitzwilliamhotel.co.uk,The Fitzwilliam Arms Hotel,01709 522744,Doncaster,1
info@fivebellsbrabourne.co.uk,The Five Bells Inn,01303 813334,Ashford,1
info@fleeceinnhaworth.com,The Fleece Inn,01535 642172,Keighley,1
info@fleurdelishotelsandwich.co.uk,Fleur De Lis Hotel,01304 279006,Deal,1
info@flexistay.com,Flexistay Tulsi Aparthotel and 2 other hotels,020 3070 1001,Croydon,3
info@flitwickmanorhotel.co.uk,Flitwick Manor Hotel,01525 712242,Luton,1
info@floating-holidays.co.uk,Floating Holidays,0330 043 0547,Sandbach,1
info@florencegardens.co.uk,Florence Gardens Boutique Hotel,023 9200 9555,Portsmouth,1
info@florencesuite.co.uk,Florence Suite Boutique Hotel,023 9200 9666,Portsmouth,1
info@flowerpotderby.com,The Flowerpot,01332 204955,Derby,1
info@fluscowood.co.uk,Flusco Wood Holiday Lodges,017684 80020,Penrith,1
info@forest-hotel.com,The Forest Hotel,01564 772120,Redditch,1
info@forestedgemotel.co.uk,Forest Edge Motel,01580 879222,Tunbridge Wells,1
info@forestgarden.info,Forest Garden Shovelstrode Ltd,07956 815458,East Grinstead,1
info@forestholidays.co.uk,Forest Holidays Delamere Forest,0333 011 0495,Runcorn,1
info@foresthouselondon.co.uk,Forest House Hotel,020 8292 6865,Walthamstow,1
info@fortysevenmanchester.co.uk,Forty-Seven,0161 553 0047,Stockport,1
info@foundry-34.co.uk,Foundry 34,01768 210099,Penrith,1
info@fourwaysguesthouse.co.uk,Fourways Guest House,01845 522601,Northallerton,1
info@foxandhoundsinn.org,Fox and Hounds Inn,01946 861373,Workington,1
info@foxandpheasantarmathwaite.co.uk,Fox & Pheasant Inn,016974 72162,Carlisle,1
info@foxhallfarmhouse.co.uk,Foxhall Farmhouse,01327 261817,Daventry,1
info@foxonthehoe.com,Fox on the Hoe,07387 500010,Plymouth,1
info@foxtonlockslodges.com,Foxton Locks Lodges,01858 545273,Market Harborough,1
info@framptonarms.co.uk,The Frampton Arms,01305 852253,Dorchester,1
info@frasersbattlesbridge.co.uk,Frasers Guest House,01268 561700,Chelmsford,1
info@frasersegerton.co.uk,Frasers,01233 756122,Ashford,1
info@frenshampondhotel.co.uk,Frensham Pond Hotel & Spa,01252 795161,Farnham,1
info@galaxie.co.uk,The Galaxie,01865 515688,Oxford,1
info@gardenhouse-masham.co.uk,Garden House,01765 689082,Ripon,1
info@garwaylodge.co.uk,The Garway (Garway Lodge Guest House) 4 Star Gold Award,01803 293126,Torquay,1
info@gatwick-turret.com,Gatwick Turret Guest House,01293 782490,Crawley,1
info@gatwickbirchwoodlodge.co.uk,Gatwick Birchwood Lodge,07940 571275,Horley,1
info@gatwickbnb.co.uk,Gatwick Castle B&B Ltd,07404 704401,Crawley,1
info@generaltarletonferrensby.co.uk,General Tarleton,01423 297050,Knaresborough,1
info@georgeanddragonhotel.com,The George & Dragon Hotel & Pub,01494 571500,High Wycombe,1
info@georgeandheart.com,The George & Heart House,01843 225447,Ramsgate,1
info@georgecarvery.co.uk,The George Carvery & Hotel,01765 676700,Ripon,1
info@georgeguesthouse.com,George Guest House,01752 661517,Plymouth,1
info@georgehotel-chollerford.co.uk,George Hotel,01434 681611,Morpeth,1
info@georgewrighthotel.com,"George Wright Boutique Hotel, Bar & Restaurant",01709 382898,Doncaster,1
info@georgianhousehotel.uk,Georgian House Hotel,01332 349806,Derby,1
info@gingergoldltd.co.uk,St Benedicts View (Ginger & Gold Ltd) and Yoxford House,07360 546033,Norwich,2
info@glen-kendal.co.uk,The Glen Guest House,01539 739951,Kendal,1
info@glendalehotel.co.uk,Glendale Hotel,029 2070 8302,Penarth,1
info@glenholmehouse.co.uk,Glenholme Apartments- Redcar. Self catering.,,Redcar,1
info@globehotelcolchester.co.uk,Globe Hotel,07798 920473,Colchester,1
info@goldenlionhotel.uk,"Golden Lion Hotel & Restaurant, Easenhall",01788 832265,Rugby,1
info@goldenlionosmotherley.co.uk,The Golden Lion,01609 883526,Northallerton,1
info@goldsboroughhall.com,Goldsborough Hall,01423 867321,Knaresborough,1
info@goosedalelodges.com,Goosedale Lodges,07497 118961,Mansfield,1
info@gosforthhall.co.uk,Gosforth Hall Inn,019467 25322,Whitehaven,1
info@gradbach.co.uk,Gradbach Mill,01260 227000,Congleton,1
info@granary-hotel.co.uk,The Granary Hotel and Restaurant,01562 777535,Stourbridge,1
info@grandcentralapartmentsderby.com,GRAND CENTRAL APARTMENTS DERBY and 2 other hotels,01332 412241,Derby,3
info@grandhastings.co.uk,GRAND HASTINGS,01424 428510,Hastings,1
info@grange-guesthouse.co.uk,Grange Guest House,020 8429 1692,Watford,1
info@grange-hotel.co.uk,Parade Park Hotel and Grange Hotel,01225 463384,Bath,2
info@greatashley.co.uk,Great Ashley Farm - Holiday Cottage Rental and Shepherds Huts,07909 971319,Melksham,1
info@greathigham.co.uk,Great Higham Farm,01795 830245,Sittingbourne,1
info@green-cottages.com,Green Cottages,07973 443527,Sittingbourne,1
info@green-haven.co.uk,Green Haven,01789 551146,Stratford-upon-Avon,1
info@greendragonbedale.com,The Castle Arms Inn,01677 470270,Northallerton,1
info@greendragonhotel.com,The Green Dragon Hotel,01432 272506,Hereford,1
info@greenhillhotel.co.uk,Greenhill Hotel,016973 43304,Carlisle,1
info@greystonefarm-bedandbreakfast.co.uk,Greystone Farm Bed & Breakfast,01609 883468,Northallerton,1
info@greystoneguesthouse.co.uk,Greystone Guesthouse,,Kettering,1
info@griffin-newquay.co.uk,The Griffin Inn,01637 874067,Newquay,1
info@grosvenor-plymouth.com,The Grosvenor Plymouth,01752 260411,Plymouth,1
info@grosvenorplacechester.co.uk,Grosvenor Place Guest House,01244 324455,Neston,1
info@grovefarmcotswoldcottages.co.uk,Grove Farm Cotswold Cottages,01993 843755,Witney,1
info@grovefieldmanor.co.uk,Grovefield Manor Hotel,01202 766798,Poole,1
info@guesthousehotels.co.uk,"No.124 by GuestHouse, Brighton and 3 other hotels",,Brighton,4
info@gulliversfun.co.uk,Adventurer's Village Milton Keynes and The Gulliver's Hotel,01925 444888,Milton Keynes,2
info@gyllyngvase.co.uk,Gyllyngvase House,01326 722680,Falmouth,1
info@hadriansbarn.co.uk,Hadrians Barn,07944 004601,Prudhoe,1
info@haleys.co.uk,Haley's Hotel,0113 278 4446,Leeds,1
info@halfwayhousepolbathic.co.uk,The Halfway House Pub and Kitchen,01503 232986,Saltash,1
info@hallfarmhotelandrestaurant.co.uk,Hall Farm Hotel and Restaurant,01472 220666,Grimsby,1
info@hamlethotels.com,Hamlet Hotels - Maidstone,01732 846858,Maidstone,1
info@harleysbar.co.uk,Harleys,01246 477410,Mansfield,1
info@harpendenhouse.com,Harpenden House Serviced Apartments,07770 921212,Harpenden,1
info@harpers-haslemere.co.uk,"Harper's Steakhouse with Rooms, Haslemere",01428 776560,Godalming,1
info@harpers-southampton.co.uk,"Harper’s Steakhouse with Rooms, Lower Swanwick",01489 572123,Eastleigh,1
info@harrogatelifestyleapartments.com,Harrogate Lifestyle Luxury Serviced Apartments,01423 568820,Harrogate,1
info@harrowbandb.co.uk,Harrow B & B,07936 523596,Harrow,1
info@hartfordhallcheshire.co.uk,"Hartford Hall, Hartford",01606 786400,Runcorn,1
info@haveringhotel.co.uk,Havering Hotel,01708 732302,Hornchurch,1
info@hawkinnamport.co.uk,The Hawk Inn Pub with Rooms and Upham Inns - The Hawk Inn Pub with Rooms,01264 710371,Andover,2
info@hawthornesguesthouse.co.uk,The Hawthornes,01977 301010,Castleford,1
info@hayeswoodlodge.co.uk,Hayeswood Lodge,0115 944 0338,Derby,1
info@haylingcoachhouse.co.uk,The Hayling Coach House,023 9246 6266,Havant,1
info@haynebarnestate.co.uk,Hayne Barn Estate,,Folkestone,1
info@headingleyselfcatering.co.uk,Headingley Hideaway,07976 747586,Pudsey,1
info@headswoodonthewall.co.uk,Headswood On The Wall,07866 395731,Carlisle,1
info@heathcottagehotel.co.uk,Heath Cottage Hotel,01924 601867,Barnsley,1
info@heathrow-cottages.co.uk,Heathrow Cottages,01784 259777,Hayes,1
info@heathrowinn.co.uk,Heathrow Inn Hotel,020 8561 8725,Hounslow,1
info@hedgerowluxuryglamping.com,Hedgerow Luxury Glamping,07828 311422,Colne,1
info@henllehall.com,Henlle Hall Holidays and Henlle Hall Holidays - Hidden Firs,01691 662000,Oswestry,2
info@hermitage-hotel.co.uk,Hermitage Hotel Bournemouth,01202 557363,Bournemouth,1
info@herriotsforleisure.co.uk,Herriots Hotel with Rhubarb Restaurant,01756 792781,Keighley,1
info@hestonhydehotel.com,Heston Hyde Hotel,020 8572 1818,Hounslow,1
info@hiddenoaks.co.uk,Ribble Valley Holiday Homes,01254 820444,Preston,1
info@hideawayedge.co.uk,Hideaway Edge,07475 950056,Stourbridge,1
info@higherbuck.com,The Higher Buck,01200 423226,Clitheroe,1
info@hightreesgatwick.co.uk,High Trees Guest House Gatwick & Airport Parking,01293 776397,Redhill,1
info@hillcroftpark.co.uk,Hillcroft Park,017684 86363,Penrith,1
info@hillsidecaravanpark.co.uk,Hillside Caravan Park,01845 537349,Northallerton,1
info@hillsidehuts.co.uk,Hillside Huts & Cabins,07735 712924,Ashington,1
info@hoburne-caravanbay.co.uk,Hoburne Caravan Bay Paignton,07557 533699,Paignton,1
info@hockleyhouse.co.uk,Hockley House,01564 785252,Redditch,1
info@holbeinhouse.com,Holbein House,01736 333654,Penzance,1
info@holden-house.com,Holden House,01332 792379,Long Eaton,1
info@holidayletsbournemouth.com,Holiday Lets Bournemouth Ltd,07788 702068,Ferndown,1
info@hollybankhouse.com,"Hollybank House (B&B, Weddings and Wakes)",01243 377866,Havant,1
info@holthotel.co.uk,The Holt Hotel,01869 340259,Bicester,1
info@homefarmpark.co.uk,Ladera Retreat Lodges | Luxury Park Homes to buy in Cheshire,01260 268016,Congleton,1
info@homefromhomestaymargate.co.uk,Home from Home Stay Margate,07886 497465,Margate,1
info@homeslr.co.uk,Shoebury Lodge near Sea front in Sothend on Sea,07803 087507,Southend-on-Sea,1
info@homingpark.co.uk,Homing Park,01227 771777,Whitstable,1
info@hootonlodge.co.uk,Hooton Lodge Farm,07817 939458,Mexborough,1
info@hopewellmargate.co.uk,hopewell. - Unique Rooms in Cliftonville,07921 554231,Margate,1
info@hornblowerhotel.co.uk,The Admiral Hornblower,01572 723004,Melton Mowbray,1
info@horseandgroomurbanspicebistroandtapas.com,Horse & Groom Inn,01295 981204,Banbury,1
info@horsleyhall.co.uk,Horsley Hall,01388 517239,Bishop Auckland,1
info@horwoodhouse.co.uk,Horwood House Hotel,01296 722100,Milton Keynes,1
info@hotelbooking247.com,GNDJ Hotel and The Driftwood Hotel Skegness,01754 763030,Skegness,2
info@hotelcg.co.uk,Hotel CG London,020 3007 5770,Edgware,1
info@hotelepisode.co.uk,Episode Hotel,01926 883777,Leamington Spa,1
info@hotelfortyone.co.uk,Forty One,01377 252080,Beverley,1
info@hotelholloway.co.uk,Hotel Holloway,07572 483768,Birmingham,1
info@hotelmountbatten.co.uk,Hotel Mount Batten,01752 484660,Plymouth,1
info@hotelno8.co.uk,hotel no8,01754 761301,Skegness,1
info@hotels-247.com,Four Stars Hotel,020 7402 5523,Dartford,1
info@hotelstpierre.co.uk,"Hotel St Pierre, Wakefield",01924 255596,Barnsley,1
info@hotelunique.co.uk,Hotel Unique,020 8455 0207,Edgware,1
info@hotelwatermill.co.uk,The Watermill Hotel Sure Hotel Collection by BW,01442 349955,Hemel Hempstead,1
info@hotelwoughtonhouse.co.uk,"The Woughton House Hotel, member of WorldHotels Distinctive",01908 661919,Milton Keynes,1
info@hottubhideaway.co.uk,Hot Tub Hideaway @the Goatshed,07968 433118,Gateshead,1
info@houfy.com,Lyndene House,07395 127583,Dewsbury,1
info@houseofagnes.co.uk,House Of Agnes,01227 472185,Canterbury,1
info@houseofgeorge.uk,House of George W Davies,01386 240118,Evesham,1
info@howdencourthotel.co.uk,Howden Court Hotel,01803 294844,Torquay,1
info@hullywoodrooms.co.uk,Hullywood Rooms,07859 892040,Hull,1
info@hunterslodgehotel.net,"Hunters Lodge, Guest House",023 8022 7919,Southampton,1
info@hurlstonhall.co.uk,Hurlston Hall Estate,01704 840400,Skelmersdale,1
info@hurstwoodhallguesthouse.co.uk,Hurstwood Hall Guest House,07813 192336,Burnley,1
info@hurtwoodhideout.com,Hurtwood Hideout,01306 730777,Godalming,1
info@hyhotels.co.uk,Hy Lytham St Annes,01253 720072,Southport,1
info@iffinfarmhouse.co.uk,Iffin Farmhouse Accommodation,07545 824567,Canterbury,1
info@iitp.co.uk,Inn In The Park,01202 761318,Poole,1
info@ilfracombe-hotel.co.uk,Ilfracombe House Hotel,01702 351000,Southend-on-Sea,1
info@imperialplymouth.co.uk,The Imperial,01752 227311,Plymouth,1
info@indiantypefoundry.com,"The Pigs' Pantry, Burley",01425 561480,New Milton,1
info@ingestrelodges.com,Ingestre Lodges,07932 022733,Stafford,1
info@innatcheltenhamparade.co.uk,The Inn at Cheltenham Parade,01423 505041,Harrogate,1
info@inncollectiongroup.com,The Seaburn Inn and 15 other hotels,0191 562 3009,Sunderland,16
info@innontheprom.co.uk,Inn On The Prom Hotel,,Lytham St Annes,1
info@internationalinn.co.uk,International Inn,0151 709 8135,Bebington,1
info@iolanthe.co.uk,Iolanthe B & B,020 8455 1417,Borehamwood,1
info@istayapartments.co.uk,iStay Apartments Ltd,07897 391919,Milton Keynes,1
info@jayslodge.co.uk,Jays Lodge & Jays Lodge Caravan Park,01375 891663,Upminster,1
info@jesmonddenehouse.co.uk,Jesmond Dene House,0191 212 3000,Newcastle upon Tyne,1
info@jollysailorbrewery.uk,The Jolly Sailor Inn,01757 268908,Goole,1
info@josepizarro.com,José Pizarro The Swan Inn,01372 462582,Epsom,1
info@judgeslodgings.uk,Judges Lodgings Hotel & Boutique Apartments Gloucester Docks/Quays,01452 905197,Gloucester,1
info@kedlestoncountryhouse.co.uk,The Kedleston Country House,01332 982838,Derby,1
info@kellingtonmanor.com,Kellington Manor,01977 661000,Selby,1
info@kennetapartments.com,Ivory Lodge,0118 336 3118,Reading,1
info@kentescapes.com,Dover Town Rooms - Serviced Accommodation and Coastal Escape Deal - Serviced Accommodation,07971 607979,Dover,2
info@keppelshead.co.uk,Keppel's Head Hotel,023 9283 3231,Portsmouth,1
info@kilbirniehotel.co.uk,Kilbirnie Hotel,01637 875155,Newquay,1
info@kilworthhouse.co.uk,Kilworth House Hotel and Theatre,01858 880058,Rugby,1
info@king-alfred.co.uk,King Alfred Inn,01823 698379,Bridgwater,1
info@kingalfredhotel.co.uk,King Alfred,01229 471775,Barrow-in-Furness,1
info@kingandqueeneastmalling.co.uk,The King & Queen,01732 842752,Maidstone,1
info@kingfisherbarn.com,Kingfisher Barn,01235 634790,Abingdon,1
info@kingsarmshotel.uk,The Kings Arms Hotel,01869 388030,Bicester,1
info@kingsarmsotterton.co.uk,Kings Arms Otterton,01395 568416,Exmouth,1
info@kingscourthotel.co.uk,Kings Court Hotel,01789 763111,Redditch,1
info@kingsheaddeal.co.uk,Kings Head and Channel View Guest House,01304 368194,Deal,2
info@kingsheadwye.co.uk,The Kings Head,01233 234000,Ashford,1
info@kingsolomonhotel.com,King Solomon Hotel,020 8201 9000,Edgware,1
info@kingsparkhotel.co.uk,Kings Park Hotel,01777 948680,Worksop,1
info@kirkstile.com,Kirkstile Inn,01900 85219,Whitehaven,1
info@kistproperties.co.uk,"Morgans Retreat, Harrogate",01423 454541,Harrogate,1
info@knutsfordroseandcrown.co.uk,The Rose & Crown Inn,01565 652366,Northwich,1
info@koacabins.co.uk,KOA Cabins,07378 962146,Crawley,1
info@kspace.co.uk,Kspace West One Apartments,0114 399 5800,Dronfield,1
info@lagaffe.co.uk,La Gaffe Hotel,020 7435 8965,Edgware,1
info@lakeshoreleisure.co.uk,Lakeview Manor,01404 891287,Exmouth,1
info@lakeviewholidaycottages.co.uk,Lakeview Holiday Cottages in Somerset,01278 661584,Taunton,1
info@lambsglamping.co.uk,Lambs Glamping,,Dronfield,1
info@lamont-house.co.uk,Lamont House,01423 567143,Harrogate,1
info@lancaster-hall-hotel.co.uk,Lancaster Hall Hotel,020 7723 9276,Lancaster,1
info@landguardhouse.co.uk,Landguard House B&B,023 8022 9708,Southampton,1
info@landguardlodge.co.uk,Landguard Lodge,023 8063 6904,Southampton,1
info@lansdownehousehove.co.uk,Lansdowne House,07967 363550,Hove,1
info@lanterninn.co.uk,The Lantern Inn,01304 852276,Deal,1
info@latinotype.com,The White Hart Inn,01424 892650,Bexhill-on-Sea,1
info@latticelodge.co.uk,Lattice Lodge,01473 712474,Ipswich,1
info@lawnguesthouse.co.uk,The Lawn Guest House Gatwick,01293 775751,Crawley,1
info@lazaat.com,Lazaat,01482 847900,Beverley,1
info@leamarstonhotel.co.uk,Lea Marston Hotel,01675 470468,Sutton Coldfield,1
info@leekcampingbarns.co.uk,Leek Camping Barns,07940 320544,Biddulph,1
info@leemingwells.co.uk,Leeming Wells Hotel,01535 646757,Halifax,1
info@legendslivelounge.com,Legends,01843 606818,Broadstairs,1
info@leicesterhousehotel.com,Leicester House Hotel,020 3336 1960,Leicester,1
info@lemonfieldhotel.co.uk,The Lemonfield Hotel,0191 529 3018,Sunderland,1
info@leonardslee.co.uk,Leonardslee Wine Estate,0330 123 5895,Horsham,1
info@leonardsleegardens.co.uk,Leonardslee House,0871 873 3363,Horsham,1
info@lewinsdalelodge.co.uk,Lewinsdale Lodge,01934 632501,Weston-super-Mare,1
info@limpleystokehotel.co.uk,Limpley Stoke Hotel,01225 723333,Bath,1
info@lincolnarms.co.uk,Lincoln Arms Pub & Rooms,01306 882820,Redhill,1
info@lindenlodge.com,Linden Lodge,01934 645797,Weston-super-Mare,1
info@liongatemews.co.uk,The Lion Gate Mews,07971 267993,Kingston upon Thames,1
info@lioninnhotel.co.uk,Lion - Boreham,01245 394900,Chelmsford,1
info@lismoynehotel.com,The Lismoyne Hotel,01252 628555,Farnborough,1
info@littlecourt.net,Little Court,01305 261576,Dorchester,1
info@littlefoxeshotel.co.uk,Little Foxes Hotel & Gatwick Airport Parking,01293 529206,Crawley,1
info@littlehavenhotel.com,Little Haven Hotel,0191 455 4455,Sunderland,1
info@littlerushbrook.co.uk,Little Rushbrook Cottages,07894 464615,Redditch,1
info@liveleven.com,Leven Manchester,0161 359 7900,Stockport,1
info@livermead.com,Livermead House Hotel,01803 294361,Torquay,1
info@livinwatford.co.uk,Livin' Serviced Apartments,01923 245737,Hemel Hempstead,1
info@livretreats.com,Sherwood Castle Holiday Forest,01623 825588,Worksop,1
info@lodgebar.co.uk,Bawn Lodge,01244 324971,Ellesmere Port,1
info@lodgecottages.co.uk,The Old Smithy B&B and Lodge Cottages Yorkshire,01423 860078,Harrogate,2
info@logcabinholidaysuk.com,Forest View Retreat,07985 406906,Kidderminster,1
info@lombardhousehotel.com,Lombard House Hotel,01736 364897,Penzance,1
info@londoncourthotel.com,London Court Hotel,020 7373 0027,London,1
info@londoninncharltonkings.co.uk,London Inn,01242 525606,Cheltenham,1
info@lordleycester.com,The Lord Leycester,01926 491422,Warwick,1
info@lornehousebox.co.uk,Lorne House,01225 742597,Chippenham,1
info@losehillhouse.co.uk,Losehill House Hotel & Spa,01433 621219,Glossop,1
info@lovecornwallholidays.com,Love Cornwall Holidays - Self Catering Holiday Accommodation,07812 670615,Falmouth,1
info@loveinstow.co.uk,Moorings View,07977 560560,Barnstaple,1
info@lowerfieldfarm.com,Lowerfield Farm,01386 858273,Evesham,1
info@lowtherarmscountryinn.co.uk,Lowther Arms Inn,01228 560905,Carlisle,1
info@lucky8hotels.com,Lucky 8 Hotel Illford,020 8514 5050,Ilford,1
info@lunaapartments.co.uk,LuNa/LaLuNa Apartments,07377 157297,Gateshead,1
info@luxietystays.co.uk,Luxiety Stays Serviced Accommodation & Apartments Southend-on-Sea,01702 597558,Southend-on-Sea,1
info@lymedalesuites.co.uk,Lymedale Suites - Aparthotel,01782 866719,Newcastle-under-Lyme,1
info@lympstonemanor.co.uk,"Lympstone Manor Hotel, Restaurant and Vineyard, Devon",01395 202040,Exmouth,1
info@lyndhurst-house.com,Lyndhurst House Bed & Breakfast,023 8028 4764,Totton,1
info@lyndsayguesthouse.co.uk,The Lyndsay guest house,01754 765565,Skegness,1
info@lythamsq.com,The Apartments Lytham Square,01253 963121,Lytham St Annes,1
info@magnoliahousebnb.co.uk,Magnolia House,01763 259828,Letchworth,1
info@maisondieu.co.uk,Maison Dieu Guest House,01304 204033,Dover,1
info@mallory.co.uk,Mallory Court Country House Hotel & Spa,01926 330214,Rugby,1
info@mamasinn.co.uk,Mama's Inn Boutique Guest House,07958 196263,Nottingham,1
info@mandolay.com,The Mandolay Hotel,01483 303030,Guildford,1
info@manhattanluxurysuites.co.uk,Manhattan Luxury Suites,07405 122972,Bradford,1
info@manleysbandb.com,Manleys B&B,01884 821703,Tiverton,1
info@manningsheath.com,The Vineyard Hotel at Leonardslee Wine Estate and Fullers Cottage,0330 123 5891,Crawley,2
info@manorofgroves.co.uk,"Manor of Groves Hotel, Golf & Health Club",01279 600777,Harlow,1
info@marazionhotel.co.uk,Marazion Hotel,01736 710334,Penzance,1
info@margaretshotel.co.uk,Margaret's Private Hotel,01253 622639,Blackpool,1
info@margatehouse.co.uk,Margate House,01843 299982,Margate,1
info@maritimeapartments.co.uk,Maritime Apartments,01229 319000,Barrow-in-Furness,1
info@marlboroughhotel.co.uk,Marlborough Hotel,01603 628005,Norwich,1
info@maroonballoon.co.uk,The Cottage Bed & Breakfast,01243 784586,Chichester,1
info@marquisofgranby.co.uk,The Marquis Of Granby,01304 873410,Dover,1
info@martelguesthouse.co.uk,Martel Guest House,020 8455 1802,Edgware,1
info@marton-grange.co.uk,Marton Grange Country House,01262 602034,Bridlington,1
info@marygreenmanor.co.uk,Marygreen Manor Hotel,01277 225252,Chelmsford,1
info@marymounthotel.co.uk,Mary Mount Hotel,017687 77223,Penrith,1
info@masonsarms-odcombe.co.uk,The Masons Arms,01935 313111,Yeovil,1
info@masteraccommodation.co.uk,Master Accommodation | Bed & Breakfast Hotel in Hastings,07469 974557,Hastings,1
info@matfenhall.com,Matfen Hall,01661 886500,Prudhoe,1
info@mayfairweymouth.com,The Mayfair,01305 778394,Weymouth,1
info@melbourneviewhotel.co.uk,Melbourne View Hotel,01332 865353,Long Eaton,1
info@melbreakhotel.co.uk,The Melbreak Hotel,01900 61443,Whitehaven,1
info@memblyhallhotel.co.uk,Membly Hall Hotel,01326 312869,Falmouth,1
info@mendipspringgolfclub.com,Mendip Spring Golf Club,01934 852322,Clevedon,1
info@merkinsfarm.com,Merkins Farm Cafe,07395 777347,Trowbridge,1
info@metroinns.co.uk,"Metro Inns and Metro Inns, Newcastle",01642 606560,Middlesbrough,2
info@mhmayfield.co.uk,The Middle House,01435 872146,Tunbridge Wells,1
info@mickletraffordmanor.co.uk,Mickle Trafford Manor,01244 300555,Ellesmere Port,1
info@middlethorpe.com,Middlethorpe Hall and Spa,01904 641241,York,1
info@milkas.co.uk,Milka's,01865 778458,Abingdon,1
info@millersbb.co.uk,B&B Millers House,01243 378222,Havant,1
info@millgranary.co.uk,The Shepherds Hut - Mill Granary Cottages,07796 863888,Newton Aycliffe,1
info@milllodgecheshire.co.uk,Mill Lodge B&B,01270 526022,Sandbach,1
info@minstermill.co.uk,Old Swan & Minster Mill,01993 774441,Witney,1
info@mitreinn.co.uk,The Mitre Inn,01963 220271,Yeovil,1
info@molesworthhotel.co.uk,Molesworth Hotel,01706 344009,Rochdale,1
info@monkfrystonbarn.co.uk,The Barn,01977 682252,Castleford,1
info@montroseguesthouse.co.uk,Montrose Guest House,01708 747191,Hornchurch,1
info@moonrakerhouse.com,Moonraker House,01789 268774,Stratford-upon-Avon,1
info@moorwoodhotelcollection.co.uk,The White Hart Inn and Horse & Jockey,01629 534888,Sutton-in-Ashfield,2
info@muncaster.co.uk,Sella Park Country House Hotel,01946 841601,Whitehaven,1
info@museescapes.com,Muse Escapes - Foxlow Grange,0114 489 3773,Buxton,1
info@museumresidenceoxford.com,Museum Residence Oxford,07393 107107,Oxford,1
info@myshortlets.co.uk,MyShortlets Bramhall House,020 8088 8882,Grimsby,1
info@mysite.com,The Wheatsheaf and 7 other hotels,01788 823824,Rugby,9
info@nailcotehall.co.uk,Nailcote Hall Hotel,024 7646 6174,Coventry,1
info@napbarnet.co.uk,Nap Barnet,020 8449 9888,St Albans,1
info@ndiscovered.com,SeaSure and 2 other hotels,07787 424448,Bexhill-on-Sea,3
info@needarms.co.uk,The Neeld Arms,01249 782470,Chippenham,1
info@newbettola.co.uk,Colnbrook Lodge Guest House,01753 681600,Slough,1
info@newbrighton-hotel.co.uk,The New Brighton Hotel Bar and Lounge,0151 638 3568,Birkenhead,1
info@newfarmcheshire.com,New Farm Bed and Breakfast,01270 528213,Crewe,1
info@newinns.co.uk,New Inns Hotel & Smokehouse Restaurant,01335 212750,Buxton,1
info@newinnwestknighton.co.uk,The New Inn,01305 852349,Dorchester,1
info@newmasonsarms.co.uk,The New Mason Arms,0113 282 2334,Pontefract,1
info@newwilmington.co.uk,New Wilmington Hotel,01323 721219,Eastbourne,1
info@nfsk.uk,Newlands Farm Stables,07827 304000,Kendal,1
info@no20theheadland.co.uk,No.20 The Headland,07946 680432,Hartlepool,1
info@no4carlton.com,No.4 Carlton Hotel,023 8110 2222,Southampton,1
info@nordicsuites.com,Nordic Suites,07830 535474,Ulverston,1
info@northern-hotel.co.uk,Northern Hotel,01356 625400,Arbroath,1
info@northernstay.co.uk,Bowers Mill Aparthotel,01422 893494,Brighouse,1
info@northhillhotel.com,North Hill Hotel,01206 574001,Colchester,1
info@northshorehotel.co.uk,North Shore Hotel,01754 763298,Skegness,1
info@nottinghamcitycentrehotel.co.uk,Nottingham City Centre Hotel by Sunday,0115 959 9777,Nottingham,1
info@noxhotels.co.uk,NOX Edgware Road and 2 other hotels,07763 080177,Edgware,3
info@number38clifton.com,Number 38 Clifton,0117 946 6905,Portishead,1
info@numberfortysix.com,Number 46 Guest House Hastings,07735 464646,Hastings,1
info@numberonesouthbeach.com,Number One South Beach,01253 343900,Lytham St Annes,1
info@oakhillcromford.co.uk,Oakhill Hotel,01629 822211,Ilkeston,1
info@oaklandshotel.net,Oaklands Hotel,01606 853249,Runcorn,1
info@oaktreestables.com,Oak Tree Stables,01564 824878,Redditch,1
info@oakwoodhall.co.uk,The Oakwood Hall Hotel,01274 564123,Bradford,1
info@oakwoodhotel.co.uk,The Oakwood Hotel,01452 905452,Gloucester,1
info@oakwoodhouseholidays.co.uk,Oakwood House and Oakwood Lodge,,Alfreton,2
info@oatlandsparkhotel.com,Oatlands Park Hotel,01932 847242,Staines,1
info@oceanbayhotel.co.uk,Ocean Bay Hotel,01253 343123,Lytham St Annes,1
info@oddsocks-cafelaunderette.co.uk,Studio Pods Saltburn,,Redcar,1
info@old-hall-inn.co.uk,Old Hall Inn and The Paper Mill Inn,01663 750529,Macclesfield,2
info@oldbellwarminster.co.uk,The Old Bell at Warminster,01985 216611,Frome,1
info@oldbrewhousearbroath.co.uk,The Old Brewhouse,01241 879945,Arbroath,1
info@oldfirestationcanterbury.co.uk,Arthouse Canterbury,01227 768988,Canterbury,1
info@oldhall.com,Old Hall,01298 22841,Chesterfield,1
info@oldmanorhousehotel.co.uk,The Old Manor House Hotel,0117 986 3107,Bristol,1
info@oldmillcandy.co.uk,"The Old Mill, Candy, Oswestry",01691 900537,Oswestry,1
info@oldridgewayhotel.co.uk,Old Ridgeway Hotel,07424 634513,Walthamstow,1
info@oldvicarageatelkesley.co.uk,The Old Vicarage at Elkesley,07970 734923,Worksop,1
info@onerokerterrace.co.uk,"The Beach House, Roker (One Roker Terrace) Sunderland",,Sunderland,1
info@optimalapartments.co.uk,Optimal Serviced Apartments,07405 264963,Bradford,1
info@orangegrovehotel.co.uk,Orange Grove Hotel & Gardens,01489 359333,Eastleigh,1
info@orchardpaddocks.co.uk,Orchard Paddocks,,Godalming,1
info@outwoodhouse.com,Outwood House,0113 226 3823,Leeds,1
info@overnightstays.co.uk,Overnight Stays,0161 427 1633,Stockport,1
info@owl-valley.co.uk,Owl Valley Glamping,01237 721535,Bideford,1
info@oxhotelmanchester.co.uk,Ox Hotel Manchester,0161 302 2000,Bolton,1
info@oystershellwhitstable.com,Oyster Shell Whitstable Holiday Let,,Whitstable,1
info@pacificinnsouthall.co.uk,Pacific inn London Heathrow Hotel Southall,020 8843 2445,Hounslow,1
info@packhorseinn.co.uk,PACK HORSE INN,01663 742365,Hyde,1
info@palacesurflodge.co.uk,Palace Surf Lodge,07779 268116,Newquay,1
info@palmcourt-scarborough.co.uk,Palm Court Hotel,01723 368161,Scarborough,1
info@paradiseclubhotels.co.uk,Tropics Beach Hotel,01253 310391,Blackpool,1
info@parkfarmbristol.co.uk,The Lodge,01275 475338,Portishead,1
info@parkfarmhouse.co.uk,Donington Park Farmhouse,01332 862409,Long Eaton,1
info@parkhotelhull.co.uk,Park hotel and apartments,01482 325355,Hull,1
info@parkviewscarborough.co.uk,Park View Apartment & Rooms,07779 363735,Scarborough,1
info@peatspadeinn.co.uk,Upham Inns - The Peat Spade Pub with Rooms,,Andover,1
info@peekaboozehotelbar.co.uk,Peek A Booze,01253 625048,Poulton-le-Fylde,1
info@pennburyfarm.co.uk,Pennbury Farm,0116 259 2658,Oadby,1
info@penrynguesthouse.co.uk,Penryn Guest House Stratford upon Avon,01789 293718,Stratford-upon-Avon,1
info@pentahotels.com,Pentahotel Reading,0118 230 8692,Reading,1
info@pentreaguesthouse.co.uk,Pentrea,01736 369576,Penzance,1
info@peregrinehall.co.uk,Peregrine Hall,01208 873461,Bodmin,1
info@philharmonichotel.com,Philharmonic Hotel,0151 294 3325,Bebington,1
info@phoenixcourt.co.uk,Phoenix Court Hotel,01723 501150,Scarborough,1
info@pickmerehouse.co.uk,Pickmere Country House,01565 733433,Warrington,1
info@pilot-inn.co.uk,The Pilot Inn,01323 723440,Eastbourne,1
info@pineshotelburnham.co.uk,The Pines Hotel,01628 664211,Maidenhead,1
info@pinewoodhotel.co.uk,Pinewood Hotel,01753 896400,Slough,1
info@ploughcroftcottagebandb.co.uk,Ploughcroft Cottage,01422 341205,Halifax,1
info@ploughinnboddington.co.uk,Plough Inn,01327 260364,Banbury,1
info@pooleybridgeinn.co.uk,"The Pooley Bridge Inn, Pooley Bridge",017684 86215,Penrith,1
info@popcornsa.co.uk,Popcorn Serviced Accommodation High Wycombe - Eden Lodge Apartment,01494 211135,High Wycombe,1
info@poplarsfarmhenlow.co.uk,Poplars Farm B&B,07399 602007,Bedford,1
info@portfolio-group.co.uk,Portfolio Serviced Apartments - St Albans City Centre and 2 other hotels,0800 024 8914,St Albans,3
info@porthavallen.co.uk,Porth Avallen Hotel and Reflections Restaurant,01726 812802,St Austell,1
info@portonlocal.co.uk,Porton Local -The Old Railway Hotel,01980 669113,Amesbury,1
info@posh-pads.co.uk,Posh Pads Liverpool One,0151 708 6666,Heswall,1
info@pottersarms.co.uk,The Potters Arms,01494 726222,High Wycombe,1
info@premierlux.co.uk,PremierLux Serviced Apartments,020 8478 5300,Walthamstow,1
info@premiernightsstandish.co.uk,Premier Nights Standish,01942 938888,Wigan,1
info@premierroomz.co.uk,Premier Roomz Two Mills,0151 665 0303,Ellesmere Port,1
info@pressbrookpark.co.uk,Press Brook Park,07876 378258,Sutton-in-Ashfield,1
info@prestonparkhotel.co.uk,Preston Park Hotel,01273 507853,Burgess Hill,1
info@primrosefarmholidays.co.uk,Primrose Farm Holidays,07824 770677,Truro,1
info@princeofwalesreigate.co.uk,The Prince of Wales,01737 243112,Redhill,1
info@princeofwalesstow.co.uk,"The Prince of Wales, Stow Maries",01621 828971,Chelmsford,1
info@propertymalak.com,Leicester Luxury Apartments and Leicester Aparthotels - New Walk,07985 751913,Leicester,2
info@provenanceinns.com,The West Park Hotel,01423 524471,Harrogate,1
info@pyesmillhotellancaster.co.uk,Pyes Mill Hotel,01524 963269,Lancaster,1
info@qudossalisbury.co.uk,Qudos,01722 433233,Salisbury,1
info@queensarmseastgarston.co.uk,The Queens Arms | East Garston,01488 648757,Newbury,1
info@queensbuxton.co.uk,The Queen's Head Hotel,01298 23841,Buxton,1
info@queensheadeatdrinksleep.co.uk,Queens Head Inn,01234 581166,Bedford,1
info@queensheadnassington.co.uk,The Queens Head Inn,01780 784006,Peterborough,1
info@queenshotelbrighton.com,Queens Hotel Brighton,01273 321222,Brighton,1
info@queenspaignton.com,Queens Hotel,01803 551048,Paignton,1
info@quieshotel.co.uk,The Quies Hotel,01637 872924,Newquay,1
info@railwayhotelfaversham.co.uk,Railway Hotel,01795 535352,Sittingbourne,1
info@railwayinnculham.co.uk,The Railway Inn,01235 528046,Abingdon,1
info@rathfinnyestate.com,Rathfinny Wine Estate - The Flint Barns & Rathfinny Cottage,01323 870022,Seaford,1
info@readystay.co.uk,Ready Stay,07511 294577,Solihull,1
info@red-hall.co.uk,Red Hall Hotel,01706 822476,Bolton,1
info@redcownantwich.co.uk,"Red Cow, Nantwich",01270 618522,Crewe,1
info@redlion-lowick.co.uk,The Red Lion Inn,01229 885366,Ulverston,1
info@redlionkilsby.co.uk,The Red Lion,01788 822265,Rugby,1
info@regencyguesthouse.co.uk,Regency House,01223 329626,Cambridge,1
info@regencyhotelsolihull.co.uk,"The Regency Hotel, Solihull",0121 745 6119,Solihull,1
info@relaxinguesthouse.co.uk,RELAXINN,01273 933907,Brighton,1
info@relaxinnnewcastle.co.uk,Relax Inn Newcastle,07443 314001,Chester-le-Street,1
info@respublica.com,Ainur House,01233 221144,Ashford,1
info@restandrefresh.co.uk,Rest and Refresh,0333 358 0917,Oadby,1
info@revelstokehotel.co.uk,The Revelstoke Hotel,01262 672362,Bridlington,1
info@richmondhill.co.uk,Richmond Hill Hotel,020 8940 2247,Twickenham,1
info@rivenhallhotel.co.uk,The Rivenhall Hotel,020 3769 3256,Chelmsford,1
info@rivermeadcottages.co.uk,Rivermead Cottages,07932 945599,Bodmin,1
info@riversedgecottage.co.uk,Rivers Edge Cottage,07983 595097,Consett,1
info@rivershotel.co.uk,Rivers Hotel,0191 716 1135,Newcastle upon Tyne,1
info@riversideinnchelmsford.co.uk,Riverside Inn,01245 266881,Chelmsford,1
info@riverview.co.uk,Riverview Caravan Park,01382 535471,Arbroath,1
info@riviera-scarborough.co.uk,Riviera Town House,01723 372277,Scarborough,1
info@rivierabournemouth.co.uk,The Riviera Hotel & Holiday Apartments,01202 763653,Bournemouth,1
info@robin7.co.uk,ROBIN 7 LODGE CITY CENTRE,0115 998 2019,Arnold,1
info@robinhoodfarm.co.uk,Robin Hood Farm B&B,01246 582868,Chesterfield,1
info@robinhoodinn-rowlandscastle.co.uk,The Robin Hood,023 9241 2268,Havant,1
info@rocksaltfolkestone.co.uk,Rocksalt Restaurant,01303 212070,Folkestone,1
info@rollasonwoodhotel.co.uk,THE ROLLASON WOOD HOTEL,0121 725 9078,Walsall,1
info@rooksnest.co.uk,Rooks Nest B & B,07966 732953,Stafford,1
info@roseandcrownslaley.co.uk,The Rose & Crown,01434 673996,Consett,1
info@roseatehotels.com,The Roseate Reading and The Roseate Villa Bath,0118 952 7770,Reading,2
info@roseberrycottages.co.uk,Roseberry Cottages- Guisborough,,Redcar,1
info@rosebudcottage.co.uk,Rosebud Cottage Guest House,01535 640321,Keighley,1
info@rosemayhotel.com,Rosemay Hotel- Near Heathrow Airport,020 3137 1786,Hounslow,1
info@rosemundy.co.uk,Rosemundy House Hotel,01872 552101,Truro,1
info@rossmorehotel.com,Rossmore Hotel,020 8554 3481,Ilford,1
info@rotanahotel.co.uk,Rotana Hotel Limited,020 8518 1851,Ilford,1
info@rothburyguesthouse.co.uk,The Rothbury,01429 288419,Hartlepool,1
info@roundthorn.co.uk,Roundthorn Country House,01768 863952,Penrith,1
info@royal-hotel.co.uk,The Royal Hotel,0191 252 4777,South Shields,1
info@royalarms.co.uk,The Royal Arms Hotel,01455 290263,Nuneaton,1
info@royalbarandgrill.com,The Royal oak hotel and The Royal Bar & Grill,07446 110398,Buxton,2
info@royalcrescent.co.uk,The Royal Crescent Hotel & Spa,01225 823333,Bath,1
info@royaleastbourne.org.uk,The Royal,01323 649222,Eastbourne,1
info@royalharbourhotel.co.uk,The Royal Harbour Hotel,01843 591514,Ramsgate,1
info@royalhotelangus.com,Royal Hotel,01307 462979,Arbroath,1
info@royalhotelsheerness.co.uk,The Royal Hotel Sheerness,01795 662626,Southend-on-Sea,1
info@royalhotelwalsall.co.uk,The Royal Hotel,01922 624555,Walsall,1
info@royaloakburford.co.uk,The Royal Oak,01993 823278,Witney,1
info@royaloakhighamspark.co.uk,Royal Oak Pub & Guesthouse,,Walthamstow,1
info@royaloakriver.co.uk,Royal Oak,01304 829433,Folkestone,1
info@royaloaksparkbridge.com,The Royal Oak - Pub in Ulverston,01229 440605,Ulverston,1
info@royaloakyattendon.com,The Royal Oak,01635 201325,Thatcham,1
info@rsb.uk.com,Restaurant Sat Bains with Rooms,0115 986 6566,Nottingham,1
info@rtyc.com,Royal Temple Yacht Club Ltd,01843 591766,Ramsgate,1
info@rudyardlakelodges.co.uk,Rudyard Lake Lodges,01538 306059,Congleton,1
info@russellsofbroadway.co.uk,Russell’s of Broadway,01386 853555,Evesham,1
info@ryegatehouse.co.uk,Ryegate House,07383 464194,Colchester,1
info@rylesarms-com.stackstaging.com,The Ryles Arms,01260 252244,Macclesfield,1
info@saddlersbb.com,Saddlers B&B,01243 575029,Havant,1
info@saltmarshehall.com,Saltmarshe Hall,01430 434920,Scunthorpe,1
info@salutationtopsham.co.uk,The Salutation Inn,01392 873060,Exeter,1
info@sandhavenchalets.co.uk,Sandhaven Beach Chalets,0191 455 8319,Sunderland,1
info@sandhurstfarmforge.co.uk,Sandhurst Farm Forge -Self Catering Stableblock,01795 886854,Faversham,1
info@sandylodgehotel.co.uk,Sandy Lodge Hotel Newquay,01637 872851,Newquay,1
info@sanremofalmouth.co.uk,San Remo and Dolphins Apartment.,01326 312076,Falmouth,1
info@savoy-skegness.co.uk,Savoy Hotel,01754 763371,Skegness,1
info@sawleyarms.co.uk,The Sawley Arms,01765 620642,Ripon,1
info@sawmillsfarm.co.uk,Sawmills Farm,07464 690195,Havant,1
info@saxby-hotel.co.uk,The Saxby Hotel,01754 767411,Skegness,1
info@schoolhotel.net,Schoolhouse Restaurant & Hotel,01793 849481,Swindon,1
info@schoolhousestretton.com,The School House B&B,07454 550032,Warrington,1
info@seaspraybrighton.co.uk,Sea Spray Brighton Luxury Hotel,01273 680332,Brighton,1
info@secondnest.co.uk,Second Nest Ramsgate and Northern Belle Margate,020 3633 4455,Ramsgate,2
info@securematicsapartments.co.uk,Securematics Apartments,07916 318384,Lewisham,1
info@seiners.co.uk,Seiners Arms,01872 573118,Truro,1
info@sellersleisure.com,Colchester Country Park,01206 545551,Colchester,1
info@serenityapartmentsbradford.co.uk,Serenity Apartments Bradford,01274 296361,Bradford,1
info@sevenstarsdurham.com,Seven Stars Inn,0191 925 0674,Bishop Auckland,1
info@sevenstarspenryn.co.uk,Seven Stars Penryn,01326 531398,Falmouth,1
info@severnvalleyguesthouse.co.uk,Severn Valley Guest House & Coffee shop,01299 402192,Kidderminster,1
info@shakespearehotel.co.uk,"Shakespeare Hotel London, Paddington",020 7402 4646,London,1
info@shamrockproperties.co.uk,The Broadway Rooms,07414 208951,Leicester,1
info@shanklyhotel.com,The Shankly Hotel,0151 459 3383,Liverpool,1
info@shardriversideinn.co.uk,Shard Riverside,01253 700208,Fleetwood,1
info@shaw-hill.co.uk,Shaw Hill Golf & Spa Hotel,01257 269221,Blackburn,1
info@sheephousemanor.co.uk,Sheephouse Manor Cottages,01628 776902,Maidenhead,1
info@sherwood-skegness.co.uk,Sherwood Lodge,01754 762548,Skegness,1
info@shoeburynesshotel.co.uk,Shoeburyness Hotel,01702 296415,Southend-on-Sea,1
info@shrewsbury-hotel.com,Shrewsbury Lodge,0151 652 4029,Birkenhead,1
info@sibsoninn.com,The Sibson Inn Hotel,07419 332414,Peterborough,1
info@signoftheangel.co.uk,Sign of the Angel,01249 730230,Chippenham,1
info@simple2let.co.uk,The Lindley Suite – Simple2Let Serviced Apartments,01422 230140,Huddersfield,1
info@simplystay.com,Hotel Tennyson and 3 other hotels,0333 300 2950,Lincoln,4
info@sitwellarms.com,The Sitwell Arms Hotel,01246 435226,Chesterfield,1
info@sixbellscliffe.co.uk,Six Bells,01634 221459,Basildon,1
info@skhotels.co.uk,The George Hotel,01273 492296,Burgess Hill,1
info@slmr.co.uk,Hendon Studios,07746 676485,Wembley,1
info@smart-apartments.com,Smart Apartments Southampton - Empress Heights | Serviced Accommodation,07749 471376,Southampton,1
info@smartsway.uk,SmartsWay Hotel & Wellness,07532 622276,Hailsham,1
info@smeatonfarm.co.uk,Smeaton Farm Luxury Bed and Breakfast,01579 351833,Saltash,1
info@smugglerscottage.co.uk,Smugglers Cottage,0345 498 6900,Ramsgate,1
info@snuzliving.co.uk,Blossom House / Willow Lodge Apartment - Snuz Living,07514 558067,Solihull,1
info@solwaylodge.co.uk,Solway Lodge Hotel,01461 338266,Carlisle,1
info@somersethousehotel.co.uk,Somerset House Boutique Hotel,023 9200 8222,Portsmouth,1
info@sotiriosfolkestone.com,Stay2a Boutique Rooms,01303 259697,Folkestone,1
info@south-sands.co.uk,South Sands Hotel,01934 317555,Weston-super-Mare,1
info@southdownslodges.co.uk,South Downs Lodges,01282 847893,Burgess Hill,1
info@southendcentralhotel.co.uk,Southend Central Hotel,01702 311630,Southend-on-Sea,1
info@southendguesthouse.co.uk,Southend Guest House,01702 332614,Southend-on-Sea,1
info@southleahotel.co.uk,South Lea Hotel,01253 351940,Fleetwood,1
info@southlodge.co.uk,South Lodge Luxury self catering Milton Keynes,07989 541182,Milton Keynes,1
info@southnewlandsfarm.co.uk,South Newlands Farm Cottages,01757 248203,Selby,1
info@southshoreguesthouse.co.uk,South Shore Guest House,0191 454 4049,Sunderland,1
info@southwinchesterlodges.co.uk,South Winchester Lodges,01962 820490,Winchester,1
info@spencercourthotel.co.uk,Spencer Court Hotel,01843 594582,Ramsgate,1
info@spreadeaglesawley.co.uk,"Spread Eagle Inn, Sawley",01200 441202,Nelson,1
info@squirrel-inn.co.uk,The Squirrel Inn,01483 860223,Guildford,1
info@stablecottages.com,Stable Cottages,07802 662702,Canvey Island,1
info@stablesinnaintree.co.uk,Stables Inn Aintree,0151 308 1803,Bootle,1
info@stadecourthotel.co.uk,Stade Court Hotel,01303 268263,Folkestone,1
info@stafford-house.co.uk,Stafford House,017684 83558,Penrith,1
info@standrewslakes.co.uk,St Andrews Lakes,01634 926204,Maidstone,1
info@stanleyhouse.co.uk,Stanley House Hotel & Spa,01254 769200,Blackburn,1
info@stanmorehospitality.co.uk,The Walnut Tree,07860 634608,Yeovil,1
info@starangliahotel.co.uk,Star Anglia Hotel,01206 737840,Colchester,1
info@starbeeston.co.uk,The Star Inn,0115 854 5320,Nottingham,1
info@stationhotelandbanqueting.com,The Station Aparthotel,,Dudley,1
info@stationhotelcarnoustie.com,Station Hotel,01241 852447,Arbroath,1
info@stationinnandover.co.uk,Station Inn Andover,01264 336585,Andover,1
info@stattonshotel.co.uk,Stattons Boutique Hotel,023 9200 9333,Portsmouth,1
info@stauntonarms.co.uk,Staunton Arms,01400 281218,Grantham,1
info@stayatheart.co.uk,"Old Hall House, Meriden and Stay at Heart hotel and glamping Near NEC",01676 540333,Nuneaton,2
info@stayatmilvil.co.uk,Milvil Self Catering,07771 665858,Fareham,1
info@stayatparkfarm.co.uk,Park Farm B&B,01327 702325,Daventry,1
info@staywithla.co.uk,Luxury Apartments Cheltenham and 2 other hotels,01242 371818,Cheltenham,3
info@steam-mill-lodges.co.uk,Steam Mill Lodges,01530 482207,Burton-on-Trent,1
info@stedmundspaignton.com,St Edmunds Guest House,01803 558756,Paignton,1
info@sthildascomplex.co.uk,St Hilda's Boutique Hotel,01947 841243,Middlesbrough,1
info@stirrupshotel.co.uk,Stirrups Hotel,01344 882284,Maidenhead,1
info@stjohnshouse.co.uk,St Johns House,01543 252080,Tamworth,1
info@stmarguerite.co.uk,St Marguerite - B&B,07468 456278,Paignton,1
info@stmartinslodge.co.uk,St Martins Lodge,0116 261 5300,Leicester,1
info@stmarysgate.co.uk,The St Mary’s Gate Inn,01903 883145,Littlehampton,1
info@stmarysquarters.com,St. Mary's Quarters,0115 671 9771,Nottingham,1
info@stmichaelsinn.org,St Michael's Inn,0113 518 9804,Bradford,1
info@stmichaelsresort.com,St Michaels Resort,01326 312707,Falmouth,1
info@stonehengefarmhouse.co.uk,Stonehenge Farmhouse,01980 629438,Andover,1
info@stonehouseguesthouse.co.uk,Stone House,01952 290119,Telford,1
info@stonesthrowguesthouse.co.uk,Stone's Throw Guest House,01305 783026,Weymouth,1
info@stonevillachester.co.uk,Stone Villa Chester,01244 345014,Ellesmere Port,1
info@stratfordhouse.uk,Stratford House,07985 267041,Stratford-upon-Avon,1
info@strawberrybank.co.uk,"The Strawberry Bank Hotel, Restaurant , Pub & Function Suite",01676 522117,Nuneaton,1
info@streamsideapartment.co.uk,Streamside Apartment,01935 479768,Yeovil,1
info@ststephensguesthouse.co.uk,"St Stephens Guest House, Canterbury, Kent",01227 918789,Canterbury,1
info@stuarthotelluton.co.uk,Stuart Hotel Luton,01582 800344,Luton,1
info@studiostay.co.uk,Studio Stay Preston,0161 531 1942,Preston,1
info@sublime-stays.com,Sublime Stays Apartments,020 8123 6239,Derby,2
info@summerfieldguesthouse.com,Summerfield Guest House,01262 677791,Bridlington,1
info@summerfieldshouse.uk,Summerfields House,01424 718142,Hastings,1
info@sunborngibraltar.com,Sunborn London,020 3714 8111,Woolwich,1
info@sunfieldaccom.co.uk,Sunfield Accommodation,01457 874030,Stalybridge,1
info@sunnyhursthotel.co.uk,Sunnyhurst Hotel,01253 625312,Blackpool,1
info@sunnylodge.co.uk,Sunny Lodge Guest House,01303 251498,Folkestone,1
info@sunnysidesouthport.co.uk,Sunnyside Bed and Breakfast,01704 536521,Southport,1
info@suttonstaithe-hotel.co.uk,Sutton Staithe Hotel,01692 580244,Sutton,1
info@swallowsguesthouse.co.uk,The Swallows,01395 742485,Exmouth,1
info@swaninnkettleshulme.com,The Swan Inn,01663 732943,Macclesfield,1
info@swannewbury.co.uk,The Swan Inn,01635 40313,Basingstoke,1
info@swanwadebridge.co.uk,Swan Hotel,01208 223990,Bodmin,1
info@swaymanor.com,The Manor At Sway Hotel and Restaurant,01590 682754,New Milton,1
info@swishgroup.co.uk,Swish Holiday Apartments 13 King Edward Avenue,01253 366200,Thornton Cleveleys,1
info@sycamoreinn.co.uk,The Sycamore Inn,01663 627007,Hyde,1
info@sykesidecountryhousehotel.co.uk,Sykeside Country House Hotel,01706 831163,Rochdale,1
info@tasaccommodations.co.uk,Cambridge Central Rooms - Tas Accommodations and 2 other hotels,0333 444 0012,Cambridge,3
info@tauntonhousehotel.co.uk,Taunton House Hotel Ltd,01823 272083,Taunton,1
info@teardropcottage.com,Teardrop Cottage,01423 797275,Harrogate,1
info@telfordnaturistclub.com,Telford Naturist Club,01952 610873,Telford,1
info@tempestarms.co.uk,"Tempest Arms, Elslack",01282 842450,Nelson,1
info@tennysonbridlington.co.uk,The Tennyson,07772 509929,Bridlington,1
info@thatchedcottagehotel.com,Thatched Cottage Hotel,01590 622005,New Milton,1
info@the-cardinals-hat.co.uk,The Cardinal's Hat Inn & Hotel,01905 724006,Worcester,1
info@the-county-hotel.co.uk,County Hotel,01469 575805,Grimsby,1
info@the-foresters.com,The Foresters Arms,020 8943 5379,Kingston upon Thames,1
info@the-georgeinn.co.uk,The George Inn Pub with Rooms,01985 840396,Frome,1
info@the-hyde.uk,The Hyde @ Dunnings Bar,01923 549203,Watford,1
info@the-isle-estate.co.uk,The Isle Estate Bed and Breakfast,07776 257286,Shrewsbury,1
info@the-lake-house.co.uk,The Lake House Waterloo,0151 351 9076,Crosby,1
info@the-royalty.co.uk,The Royalty,01943 463732,Shipley,1
info@the-seaview.co.uk,The Seaview East Preston,01903 773988,Worthing,1
info@the-stag-maidwell.co.uk,The Stag Maidwell,01604 686700,Kettering,1
info@the-talbot.co.uk,The Talbot at Knightwick,01886 821235,Malvern,1
info@the-vaults.co.uk,The Castle Vaults,01743 358807,Shrewsbury,1
info@the-vestry.co.uk,The Vestry Hotel,01243 345123,Chichester,1
info@theabbots.co.uk,The Abbots Hotel,01757 616916,Pontefract,1
info@thealbertpub.com,The Albert Inn,01462 632716,Hitchin,1
info@theanchorageweymouth.co.uk,The Anchorage,01305 782542,Weymouth,1
info@theangelofcorbridge.com,The Angel Of Corbridge,01434 632119,Prudhoe,1
info@theanglers.co.uk,"The Anglers Inn, Bishopstoke, Eastleigh",023 8061 2995,Eastleigh,1
info@theangove.co.uk,The Angove Guest House,01305 786144,Weymouth,1
info@theardenhotelstratford.com,The Arden Hotel,01789 298682,Stratford-upon-Avon,1
info@thearunview.co.uk,Arun View Inn,01903 722335,Littlehampton,1
info@theashcroft.co.uk,The Ashcroft Studio Apartments,0161 806 0604,Urmston,1
info@theavenuehotel.co.uk,The Avenue Hotel Ltd,01254 244811,Blackburn,1
info@thebaileyhotel.com,The Bailey Hotel,01253 312378,Blackpool,1
info@thebarleysheaf.co.uk,The Barley Sheaf Inn Truro,01872 242057,Truro,1
info@thebathpriory.co.uk,The Bath Priory,01225 331922,Bath,1
info@thebayhorsegoldsborough.co.uk,The Bay Horse Inn,01423 575655,Knaresborough,1
info@thebearhartfield.com,The Bear Inn,01892 770424,Tunbridge Wells,1
info@thebearspaw.co.uk,The Bear's Paw,01270 526317,Crewe,1
info@thebeaucliffe.co.uk,Beaucliffe Continental and The Beaucliffe,01253 351663,Fleetwood,2
info@thebeaumont.co.uk,The Beaumont Bed and Breakfast Accommodation,01795 556962,Sittingbourne,1
info@thebedfordinn.co.uk,The Bedford Inn,01843 520559,Ramsgate,1
info@thebeecheshotel.co.uk,The Beeches Hotel,0115 981 8753,Nottingham,1
info@thebellguesthouse.com,The Bell Guesthouse and The villas holiday homes,0191 586 3863,Seaham,2
info@thebelllangford.com,The Bell Inn Langford,01367 860249,Witney,1
info@thebelmont-hotel.co.uk,The Belmont Hotel,0121 429 9849,West Bromwich,1
info@thebeverleylondon.com,The Beverley Hotel,020 7630 1884,Beverley,1
info@theblackboyoxford.com,The Black Boy Headington,01865 741137,Oxford,1
info@theblackhatilkley.co.uk,Black Hat Ilkley,01943 661465,Keighley,1
info@theblackhorsefulmer.co.uk,The Black Horse,01753 663183,Uxbridge,1
info@theblackhorselewes.co.uk,"The King's Head, Lewes",01273 473120,Burgess Hill,1
info@theblenheimbuttery.co.uk,The Blenheim Buttery,01993 813660,Witney,1
info@theblueanchorfeering.co.uk,The Blue Anchor,01376 571783,Chelmsford,1
info@thebluebellatarkendale.co.uk,Blue Bell Country Inn,01423 369242,Ripon,1
info@thebrasenose.uk,The Brasenose Arms,01295 750244,Banbury,1
info@thebridgehousehotel.co.uk,The Bridge House,01202 578828,Bournemouth,1
info@thebristolwing.co.uk,The Bristol Wing,0117 428 6199,Bristol,1
info@thebroadfieldparkhotel.com,Broadfield Park Hotel,01706 639000,Oldham,1
info@thebrookmill.co.uk,The Brookmill,020 8333 0899,Eltham,1
info@thebullatbrenchley.co.uk,The Bull at Brenchley,,Tunbridge Wells,1
info@thebullatfernhillheath.co.uk,Bull Inn Fernhill Heath,01905 451509,Worcester,1
info@thebullhotel.com,"The Bull Hotel in Wrotham, Sevenoaks",01732 789800,Sevenoaks,1
info@thebunkinn.co.uk,The Bunk Inn Pub with Rooms,01635 200400,Newbury,1
info@theburlington.net,The Burlington Hotel.,01903 211222,Worthing,1
info@theburlingtonhotel.co.uk,The Burlington Hotel,07458 305982,Grimsby,1
info@theburlingtonhotel.com,Burlington Hotel | BW Premier Collection,01303 255301,Folkestone,1
info@thecamberley.com,The Camberley,01423 561618,Harrogate,1
info@thecaptaincook.com,The Captain Cook,020 7381 4975,Elgin,1
info@thecarlton.com,The Carlton,01253 623272,Carlton,1
info@thecarltonhotelfolkestone.com,The Carlton Hotel - Folkestone - 1.5-star,01303 253290,Folkestone,1
info@thecasterbridge.co.uk,The Casterbridge,01305 264043,Dorchester,1
info@thecastlebarcambridge.com,The Castle B&B,,Cambridge,1
info@thechapelhousehotel.co.uk,17 West Street Luxury Accommodation Scarborough,07411 272585,Scarborough,1
info@thechapterhouseuk.com,The Chapter House,01722 341277,Salisbury,1
info@thecharmbrighton.co.uk,The Charm Brighton Boutique Hotel & Spa,01273 021085,Brighton,1
info@thechatsworthhotel.co.uk,The Chatsworth Hotel,01323 335037,Eastbourne,1
info@thechequersinn-cassington.com,The Chequers Inn,01865 882620,Bicester,1
info@thechequersmarlow.co.uk,The Chequers Marlow,01628 482053,High Wycombe,1
info@thecherrypicker.co.uk,Ye Olde Cherry Picker,01753 691248,Slough,1
info@thecityrooms.co.uk,The City Rooms,0116 251 5337,Leicester,1
info@theclaremont.co.uk,The Claremont,01253 723488,Lytham St Annes,1
info@theclarendon-hotel.com,The Clarendon Hotel,01304 374748,Ramsgate,1
info@theclifdenarms.co.uk,The Clifden Arms,01844 338090,Bicester,1
info@theclubcompany.com,The Lodge at Meyrick Park Guest House and 7 other hotels,01202 786000,Bournemouth,8
info@thecoachhotel.co.uk,The Coach Hotel,01675 238248,Sutton Coldfield,1
info@thecoachhouseskipton.com,The Coach House,01756 799688,Keighley,1
info@thecoastalhideaway.co.uk,The Coastal Hideaway,07771 466568,Bridlington,1
info@thecockinnsheering.co.uk,The Cock Inn Hotel,01279 734229,Harlow,1
info@thecolumbiahotel.com,The Columbia Hotel & Restaurant,01933 229333,Northampton,1
info@theconcordeclub.com,The Concorde and 2 other hotels,023 8065 1478,Southampton,3
info@thecornerhouse.co.uk,The Corner House Hotel,01293 784574,Crawley,1
info@thecornubiainn.co.uk,Cornubia Sports Bar,01736 753351,Camborne,1
info@thecountrypark.co.uk,The Country Park Inn,01482 640526,Hull,1
info@thecountyaycliffevillage.com,The County,01325 312273,Darlington,1
info@thecravenheiferinn.co.uk,"The Craven Heifer Inn, Kelbrook",01282 843007,Burnley,1
info@thecricketers.co.uk,The Cricketers,01799 550442,Bishop's Stortford,1
info@thecricketerseaston.co.uk,Cricketers Inn,01962 791044,Andover,1
info@thecrosskeyssherborne.com,The Cross Keys,01935 508130,Yeovil,1
info@thecrownandcushioneton.co.uk,Crown & Cushion Inn,01753 861531,Maidenhead,1
info@thecrownandsandys.co.uk,The Crown & Sandys,01905 620252,Kidderminster,1
info@thecrownhackney.co.uk,The Crown Pub & Guesthouse,020 8533 0372,Walthamstow,1
info@thecrownlanlivery.co.uk,The Crown Inn,01208 872707,Bodmin,1
info@thedewdrop.co.uk,The Dewdrop,01905 640012,Worcester,1
info@thedinney.co.uk,The Dinney Holiday Cottages and B&B and The Dinney Farmhouse Bed & Breakfast,01746 861070,Kidderminster,2
info@thedog.co.uk,The Dog at Wingham,01227 720339,Herne Bay,1
info@thedolphinboveytracey.co.uk,Dolphin Hotel,01626 927611,Newton Abbot,1
info@thedragonatwillington.co.uk,The Dragon,01283 704795,Burton-on-Trent,1
info@thedruminn.co.uk,The Drum Inn,01303 812125,Ashford,1
info@thedukeofwellingtoninn.co.uk,The Duke Of Wellington Inn,01661 844446,Consett,1
info@thedukes.uk.com,The Dukes,01525 237892,Aylesbury,1
info@thedukewilliamickham.com,Duke William,01227 721308,Herne Bay,1
info@theelephantatthemarket.com,Elephant at the Market,01635 231053,Basingstoke,1
info@theelmshotel.co.uk,The Elms Hotel & Spa,01299 896666,Worcester,1
info@theembassyhotelhull.co.uk,The Embassy Hotel,01482 326416,Hull,1
info@theengineshed.co.uk,The Engine Shed at Battersby,07791 946327,Guisborough,1
info@theestorilhotel.com,Estoril Hotel and Penzance Seaside Studios,01736 362468,Penzance,2
info@thefairmile.co.uk,The Fairmile,01253 728375,Lytham St Annes,1
info@thefalconathatton.com,Falcon,01926 484281,Warwick,1
info@thefamilytreederbyshire.co.uk,The Family Tree,01773 425915,Alfreton,1
info@thefarmhouseatmackworth.com,Farmhouse at Mackworth,01332 824324,Derby,1
info@thefleeceinn.co.uk,"The Fleece Inn, Bretforton (National Trust)",01386 831173,Evesham,1
info@thefleeceyorkshire.co.uk,The Fleece Hotel Richmond,01748 343313,Darlington,1
info@theflorentinepub.com,Florentine by Marston's Inns,0114 230 8692,Sheffield,1
info@theflowerpotsunbury.co.uk,The Flower Pot,01932 780741,Twickenham,1
info@thefoxinn.com,The Fox Inn,01279 731335,Harlow,1
info@thefriartucks.co.uk,Friar Tucks,01452 720312,Gloucester,1
info@thegatewayinn.co.uk,The Gateway Inn,01539 724187,Kendal,1
info@thegemstansted.co.uk,The Gem Stansted,01279 813654,Bishop's Stortford,1
info@thegeorgeanddragonseaton.com,The George & Dragon,01572 747418,Corby,1
info@thegeorgechichester.uk,The George & Dragon Inn,01243 785660,Chichester,1
info@thegeorgeinnbraunton.com,The George Inn,01271 814903,Barnstaple,1
info@thegeorgemaulden.com,"The George Inn, Maulden Pub Restaurant & Rooms",01525 841559,Bedford,1
info@theglendower.co.uk,Glendower,01803 299988,Torquay,1
info@thegoatstalbans.co.uk,The Goat Inn,01727 833934,St Albans,1
info@thegrangecourthotel.co.uk,The Grange Court Hotel,01404 758010,Exeter,1
info@thegreatbustard.uk,The Great Bustard,01722 703582,Amesbury,1
info@thegreatwesternhotel.org,The Great Western Hotel,01823 331844,Taunton,1
info@thegreenfarmhouse.co.uk,Green Farmhouse,01795 842489,Sittingbourne,1
info@thegreenhousehotel.com,The Green House,01202 498900,Bournemouth,1
info@thegreenhousespa.co.uk,The Greenhouse Spa Retreat,,Saltash,1
info@thegreenway.co.uk,The Greenway Hotel & Spa,01242 862352,Gloucester,1
info@thegregoryarms.co.uk,The Gregory Arms,01476 589023,Grantham,1
info@thegreyhoundinntaunton.co.uk,The Greyhound Inn,01823 480227,Taunton,1
info@thegreyhoundwadhurst.com,The Greyhound Inn,01892 347026,Crowborough,1
info@thegrosvenorstockbridge.com,The Grosvenor Stockbridge,01264 810606,Andover,1
info@thehadleyhotel.com,The Hadley Hotel,020 8449 0161,St Albans,1
info@thehalfmoonripley.co.uk,Half Moon Inn Accommodation in Woking,01483 224380,Guildford,1
info@thehanleyswaninn.com,The Swan Inn,01684 311870,Worcester,1
info@thehareandhound.co.uk,The Hare and Hounds,01206 330459,Colchester,1
info@thehartatuttoxeter.co.uk,The Hart at Uttoxeter,01283 704149,Stafford,1
info@thehatchetinn.co.uk,The Hatchet Inn,01264 730229,Andover,1
info@thehatchinn.co.uk,The Hatch Inn,01823 480245,Taunton,1
info@thehaweswater.com,Haweswater Hotel,01768 806805,Penrith,1
info@theheadlandshotel.co.uk,The Headlands Hotel,01723 373717,Scarborough,1
info@theheidi.co.uk,The Heidi Bed & Breakfast,07801 800331,Southport,1
info@theheyfordoxfordshire.co.uk,The Heyford,01869 934740,Bicester,1
info@theholliesinn.com,The Hollies Inn,01373 864493,Trowbridge,1
info@thehornofplenty.co.uk,The Horn of Plenty,01822 832528,Saltash,1
info@theimperialtorquay.co.uk,The Imperial Torquay,01803 294301,Torquay,1
info@theinnatwoodhallspa.co.uk,The Inn at Woodhall Spa,01526 353231,Boston,1
info@theinnsouthstainley.com,The Inn South Stainley,01423 779060,Ripon,1
info@theitaliangreyhound.uk,The Italian Greyhound,0116 259 2265,Oadby,1
info@thekellbank.co.uk,The Kellbank,019467 25254,Whitehaven,1
info@thekenilworthhotel.co.uk,Kenilworth Hotel,0191 281 8111,Cramlington,1
info@thekenton.co.uk,The Kenton,01637 872736,Newquay,1
info@thekingsarmschristchurch.co.uk,The Kings Arms,01202 588933,Bournemouth,1
info@thekingsarmsealing.com,The Kings Arms,020 8567 0606,Wembley,1
info@thekingsarmselham.com,The Kings Arms,01303 840242,Folkestone,1
info@thekingsarmsinn.co.uk,The Kings Arms Inn,01935 822255,Yeovil,1
info@thekingsheadbeverley.com,Kings Head,01482 868103,Beverley,1
info@thekingsheadbexley.com,"The Kings Head, Bexley",01322 553137,Dartford,1
info@thelaindons.com,The Laindons,01424 437710,Hastings,1
info@thelambinncongleton.co.uk,Lamb Inn Guesthouse,01260 272731,Macclesfield,1
info@thelambshipton.com,The Lamb Inn,01993 832116,Witney,1
info@thelambton.com,The Lambton Worm,0191 387 1162,Sunderland,1
info@thelaurelsguesthouse.co.uk,Laurels Guesthouse,01993 702193,Witney,1
info@thelaurelshotel.co.uk,The Laurels Hotel,01754 612387,Skegness,1
info@thelerrynhotel.co.uk,The Lerryn Hotel,01326 312489,Falmouth,1
info@thelewispartnership.co.uk,"The Moat House Hotel, Weddings & Conferences and Dog & Doublet Inn",01785 712217,Wolverhampton,2
info@thelimes.biz,The Limes Country Lodge Hotel,01564 703444,Solihull,1
info@theliner.co.uk,The Liner Hotel,0151 709 7050,St Helens,1
info@thelionsnewark.uk,The Lions Bed And Breakfast,01636 643880,Newark,1
info@thelionwendlebury.co.uk,The Lion Bicester,01869 225873,Bicester,1
info@thelittlesilver.co.uk,Little Silver Country Hotel,01580 443005,Ashford,1
info@thelodgebroadway.co.uk,The Lodge at Broadway,01386 258449,Evesham,1
info@thelodgenewbury.co.uk,The Lodge at Newbury Racecourse,01635 39673,Newbury,1
info@thelongroombar.co.uk,The Long Room Bar & Hotel,020 8672 5771,Croydon,1
info@thelordgrenfell.co.uk,The Lord Grenfell,01628 620705,Maidenhead,1
info@themadhatteroxford.com,The Mad Hatter,07767 225610,Abingdon,1
info@themanor-stbees.co.uk,"The Manor Inn, St Bees",01946 820587,Whitehaven,1
info@themercercollection.co.uk,The Clarence (Boutique Rooms) and The Mercer Collection Hotels,023 9200 9777,Portsmouth,2
info@themerchantshousehotel.co.uk,The Merchant's House,01722 326600,Salisbury,1
info@themercurybolton.co.uk,The Mercury Motel,01942 810904,Bolton,1
info@themillhousehotel.co.uk,The Mill House,0118 988 3124,Wokingham,1
info@themillrestaurantandhotel.com,The Mill at Stone,01785 818456,Stafford,1
info@themountrooms.co.uk,Mount Rooms Hotel,01446 370145,Penarth,1
info@theneston.com,Neston Country Inn,01225 811694,Chippenham,1
info@thenewforestinn.co.uk,New Forest Inn Lyndhurst,023 8028 4690,Totton,1
info@thenewmartlet.co.uk,The Martlet Inn,01823 400300,Wellington,1
info@thenewnhamwhitehouse.co.uk,The Newnham White House,01462 742745,Hitchin,1
info@thenortonhotel.com,The Norton Hotel,01429 226751,Hartlepool,1
info@theoaklandhotel.co.uk,Oakland Hotel,01245 322811,Chelmsford,1
info@theoldband.co.uk,The Old Band Accommodation,07731 859963,Kettering,1
info@theoldbellinn.co.uk,Old Bell Inn,01457 870130,Oldham,1
info@theolddairymalvern.co.uk,The Old Dairy Malvern,07802 313128,Malvern,1
info@theolddairywaddesdon.co.uk,The Old Dairy,07798 640248,Aylesbury,1
info@theoldethreecocks.com,The Olde Three Cocks,01536 856436,Kettering,1
info@theoldflowerfield.co.uk,The Old Flower Field Lodges,07483 117442,Burgess Hill,1
info@theoldmillnewforest.co.uk,The Old Mill Pub with Rooms and Upham Inns - The Old Mill Pub with Rooms,01590 682219,New Milton,2
info@theoldorletoninn.co.uk,The Old Orleton Inn,01952 443035,Telford,1
info@theoldquayhouse.com,The Old Quay House Hotel,01726 833302,St Austell,1
info@theoldswanhotel.co.uk,The Old Swan Hotel,01423 500055,Harrogate,1
info@theoldvicarageevenley.co.uk,The Old Vicarage B&B Evenley,07715 453181,Banbury,1
info@theolivebranchpub.com,"The Olive Branch Country Inn, Rutland and Beech House",01780 410355,Stamford,2
info@theolivetreepubcompany.com,"The Olive Tree At The Plough, Bicester",01869 388101,Bicester,1
info@theosneyarms.co.uk,The Osney Arms,01865 243498,Oxford,1
info@theoxfordguesthouse.co.uk,Oxford Guest House,01865 308833,Oxford,1
info@theoxfordshire.com,The Oxfordshire Golf Hotel & Spa,01844 278300,Aylesbury,1
info@theoxpub.co.uk,The Ox Pub & Rooms,01202 931727,Poole,1
info@theparisi.com,The Parisi Hotel and Townhouse,01904 624800,York,1
info@thepatriciatorquay.co.uk,The Patricia guest House,01803 293339,Torquay,1
info@thepearlhotel.co.uk,Pearl Hotel,01733 566662,Peterborough,1
info@thepeartree.co.uk,The Pear Tree Inn & Country Hotel,01905 756565,Worcester,1
info@thepebleyinn.com,The Pebley Inn,01246 810327,Chesterfield,1
info@thepercyarms.net,The Percy Arms,01483 561765,Guildford,1
info@thepierhotel.co.uk,The Pier Hotel,01323 728313,Eastbourne,1
info@thepillar.co.uk,The Pillar Hotel London,020 8457 4000,Wembley,1
info@theploughinnstalisfield.co.uk,"The Plough Inn, Stalisfield",01795 890256,Ashford,1
info@theplume-crondall.co.uk,The Plume of Feathers Inn and The Lion Hotel - Pub & Restaurant,01252 597416,Farnham,2
info@theponsbourne.com,The Ponsbourne Hotel,01707 682683,Welwyn Garden City,1
info@thepoplarslincoln.co.uk,The Poplars Boutique Bed & Breakfast,01522 510170,Lincoln,1
info@thepoplarsmoulton.com,"The Poplars, Moulton",01604 643983,Northampton,1
info@thepytchley.co.uk,The Pytchley Inn,01788 510426,Northampton,1
info@thequayfaversham.co.uk,The Quay,01795 530388,Sittingbourne,1
info@thequeensathorton.co.uk,The Queens at Horton,01952 228828,Telford,1
info@therailwayinnmalvern.co.uk,Railway Inn,01684 302006,Worcester,1
info@theravenhotel.com,The Raven Hotel,01536 202313,Kettering,1
info@thereadingroomsmargate.co.uk,The Reading Rooms,07932 713292,Margate,1
info@theredbullstockport.com,"Red Bull, Stockport",0161 480 1286,Stockport,1
info@theredhousefalmouth.co.uk,The Red House,01326 311172,Falmouth,1
info@thereubens.co.uk,The Reubens,01677 427850,Northallerton,1
info@therisingsunstourmouth.com,The Rising Sun,01227 721364,Herne Bay,1
info@therochfordhotel.co.uk,The Rochford Hotel,01702 544393,Southend-on-Sea,1
info@therockside.co.uk,The Rockside,01723 374747,Scarborough,1
info@theroebuckalcester.co.uk,"The Roebuck, Alcester",01789 632580,Redditch,1
info@theroostgroup.co.uk,The Roost Group - The Coach House and Meadow Lodge by The Roost Group,01474 630255,Chatham,2
info@theroyalmorecambe.co.uk,The Royal Bar & Shaker,01524 544914,Lancaster,1
info@theroyaloakkinnersley-co-uk.stackstaging.com,The Royal Oak,01905 371482,Worcester,1
info@theseacroft.co.uk,The Sea Croft Bed Breakfast and Bar,01253 721806,Lytham St Annes,1
info@theseahamweymouth.co.uk,The Seaham Bed and Breakfast Weymouth,01305 782010,Weymouth,1
info@thesevenhotel.co.uk,Seven Hotel,01702 900010,Southend-on-Sea,1
info@thesheldon.co.uk,The Sheldon B&B,01323 384450,Eastbourne,1
info@theshipinnburnham.co.uk,The Ship Inn,01621 785057,Southend-on-Sea,1
info@theshipinnframilode.uk,The Ship Inn,,Gloucester,1
info@thesilvertoninn.com,The Silverton Inn,01392 860196,Tiverton,1
info@thesixbells.co.uk,The Six Bells Beenham,0118 971 3368,Newbury,1
info@thesleepinnhare.co.uk,The Sleep-Inn Hare,07894 518743,Herne Bay,1
info@thespicetreesharnbrook.co.uk,The Fordham Arms (The Fordham Inn),07549 403019,Bedford,1
info@thespires.co.uk,The Spires Serviced Apartments Birmingham and The Spires Serviced Apartments Cardiff,0345 270 0090,Birmingham,2
info@thestaghotel.co.uk,"Stag Hotel, Restaurant & Bar",023 8028 2999,Totton,1
info@thestarlingfield.co.uk,The Star Inn,01342 832364,Sevenoaks,1
info@thesunhotelandbar.co.uk,The Sun Hotel & Bar,01524 66006,Lancaster,1
info@thesuninnulverston.co.uk,The Sun Inn,01229 481869,Ulverston,1
info@theswanlittlechart.co.uk,"The Swan Inn, Little Chart",01233 840011,Ashford,1
info@theswanswinbrook.co.uk,The Swan Inn,01993 823339,Witney,1
info@theswantaphouse.co.uk,The Swan Taphouse,01952 433108,Telford,1
info@theswantarporley.co.uk,The Swan at Tarporley,01829 733838,Northwich,1
info@thetickledtrout.com,The Tickled Trout,01622 814717,Maidstone,1
info@thetithebarnhotel.co.uk,Tithe Barn Hotel,01900 516971,Whitehaven,1
info@thetollgatehotel.com,The Tollgate Hotel Bramber,01903 812102,Worthing,1
info@thetolly.co.uk,The Tollemache Arms,01536 711770,Kettering,1
info@thetownarmswallingford.com,"The Town Arms, Wallingford",01491 756065,Didcot,1
info@thevarsityhotel.co.uk,The Varsity,01223 306030,Cambridge,1
info@thevillagehousefindon.co.uk,The Village House,01903 873350,Worthing,1
info@thewaggonyork.com,The Waggon & Horses,01904 637478,York,1
info@thewarrenguesthouse.co.uk,The Warren Guest House,01228 272502,Carlisle,1
info@thewatersportsacademy.com,Sandbanks Hotel and 2 other hotels,0800 484 0048,Poole,3
info@thewayfarerinstow.co.uk,The Wayfarer Inn,01271 860342,Barnstaple,1
info@thewelcombehotel.co.uk,"The Welcombe Hotel, BW Sure Collection",01789 295252,Leamington Spa,1
info@thewellington.co.uk,The Wellington Hotel,01983 856600,Wellington,1
info@thewestbyguesthouse.co.uk,The Westby Guest House,01202 530071,Christchurch,1
info@thewestonmanor.com,Weston Manor Hotel,01869 350621,Bicester,1
info@thewhite-hart.com,The White Hart,023 9225 5953,Fareham,1
info@thewhitehorseinnbarnbymoor.co.uk,"The White Horse Inn, Barnby Moor",01777 711440,Worksop,1
info@thewhitehorsethruxton.co.uk,The White Horse,01264 772401,Andover,1
info@thewhitelodgesite.co.uk,The White Lodge,01785 332955,Stafford,1
info@thewhiterockhotel.com,The White Rock Hotel,01424 422240,Hastings,1
info@thewilcoveinn.com,The Wilcove Inn,01752 812381,Plymouth,1
info@thewillowslaceby.com,The Willows,07903 438389,Cleethorpes,1
info@thewincheap.co.uk,The Wincheap,01227 469142,Canterbury,1
info@thewoburn.co.uk,The Woburn,01525 290441,Bedford,1
info@thewodenhotel.co.uk,The Woden Boutique Hotel Walsall M6 J9,0121 769 1977,Wolverhampton,1
info@thewoodcote.co.uk,The Woodcote Hotel / 610 Squadron Bar & Grill,0151 328 5730,Birkenhead,1
info@thewoodhousearms.co.uk,The Woodhouse Arms,01476 552452,Grantham,1
info@thewoodnorton.com,The Wood Norton,01386 765611,Evesham,1
info@thewoolly.com,The Woolpack Tenterden,01580 388501,Ashford,1
info@thewoolpackinn.co.uk,The Woolpack Inn,01962 734184,Winchester,1
info@thewrenshotel.co.uk,The Wrens,0113 245 8888,Leeds,1
info@theyachtinn.com,The Yacht Inn,01736 362787,Penzance,1
info@theyakandyeti.co.uk,Yak & Yeti,01743 667166,Shrewsbury,1
info@thorpethewleslodge.co.uk,Thorpe Thewles Hot Tub Suites,01642 633182,Stockton-on-Tees,1
info@threecrownswymeswold.com,The Three Crowns,01509 738005,Loughborough,1
info@threegatesfarmbandb.co.uk,Three Gates Farm | Family Run Bed & Breakfast | Middleton M24 2RT,07973 420974,Oldham,1
info@threehorseshoesdurham.co.uk,The Three Horseshoes Inn,0191 372 0286,Bishop Auckland,1
info@tiltedwigwarwick.co.uk,Tilted Wig,01926 400110,Warwick,1
info@tlkhotel.com,TLK Apartments & Hotel and 2 other hotels,020 3150 0600,Dartford,3
info@togethertravel.co.uk,"The Hayloft holiday cottage by Together Travel and Trewhiddle Village, luxury holiday homes by Together Travel",01625 416430,Congleton,2
info@tolcarnebeach.com,Tolcarne Beach Colonial Restaurant and Rooms and Tolcarne Beach Accommodation,01637 872489,Newquay,2
info@tollemache-arms.co.uk,TOLLEMACHE ARMS,01476 860477,Grantham,1
info@tollemachearmsalpraham.co.uk,"Tollemache Arms, Alpraham",01829 261716,Northwich,1
info@tongparkhotel.co.uk,Tong Park Hotel,0113 238 5530,Bradford,1
info@toplondonapartments.com,Lodge Drive Serviced Apartments,020 8351 5060,Enfield,1
info@torparktorquay.co.uk,Tor Park Hotel,020 8164 2202,Torquay,1
info@torrvalemill.co.uk,Torr Vale Mill Limited,01663 748760,Hyde,1
info@toveylodge.co.uk,Self-Catering Cottage & Barn Apartment at Tovey Lodge,01273 256156,Burgess Hill,1
info@tovl.co.uk,The Old Vicarage Bed & Breakfast,01726 858753,Bodmin,1
info@towerarmshotel.co.uk,The Tower Arms Hotel,01753 652624,Slough,1
info@towerhouseoxford.co.uk,Tower House,07402 008003,Oxford,1
info@townhousearundel.com,The Town House Restaurant with Rooms,01903 944020,Littlehampton,1
info@tranquilwatersretreat.co.uk,Tranquil Waters - Health And Float Retreat,01623 354425,Mansfield,1
info@trawdenforestglamping.co.uk,Trawden Forest Glamping,,Colne,1
info@trelawnehotel.co.uk,Trelawne Hotel,01326 250226,Falmouth,1
info@tremonthotel.co.uk,The Tremont‎ Guest House,01736 362614,Penzance,1
info@trevarth.co.uk,Trevarth Holiday Park,01872 560266,Truro,1
info@treworgans.co.uk,"Treworgans Farm Holidays, disabled holidays in Cornwall.",01726 883240,Truro,1
info@trickyscornwall.co.uk,Tricky's @ The Tolgus Inn,01209 219292,Camborne,1
info@trimstone.co.uk,Trimstone Manor Country House Hotel and holiday cottages,01271 862841,Barnstaple,1
info@trinityhouselondonhotel.co.uk,Trinity House Hotel,07966 978947,Walthamstow,1
info@trippreston.co.uk,Winckley Square Residences,01772 599099,Preston,1
info@tristarhotel.co.uk,The Tri-Star Hotel,0121 782 1010,Solihull,1
info@trivellesparkhotel.co.uk,Trivelles Park Hotel,01772 726250,Preston,1
info@truemancourt.co.uk,Trueman Court Luxury Serviced Apartments,0151 245 9888,Wallasey,1
info@truroholidaypark.com,Truro Holiday Park,01872 560274,Truro,1
info@trurotownhouse.com,Townhouse Rooms,01872 277374,Truro,1
info@tudorhouseplymouth.co.uk,Tudor Guest House,01752 661557,Plymouth,1
info@tudorlodgehotel.co.uk,Tudor Lodge Hotel,0115 837 0202,West Bridgford,1
info@tudorrose.co.uk,Hookwood Lodge,01293 822844,Crawley,1
info@tudorroseupnor.co.uk,Tudor Rose,01634 714175,Chatham,1
info@turlstreetmitre.co.uk,Turl Street Mitre,01865 279828,Oxford,1
info@twosawyers.co.uk,The Two Sawyers,01424 812255,Hastings,1
info@tyrrellspark.co.uk,Tyrrells Park,01425 674459,Christchurch,1
info@unboxpoplar.co.uk,Unbox at Poplar Tree,07793 630331,Seaham,1
info@unicohotels.co.uk,Unico Hotels,020 8154 6661,Ramsgate,1
info@unicorndeddington.co.uk,UNICORN INN DEDDINGTON,01869 934128,Banbury,1
info@unitedhome.co.uk,United Home B&B,,Urmston,1
info@updownfarmhouse.com,Updown | Hotel & Restaurant,07842 244192,Deal,1
info@uphaminns.co.uk,The Swan Inn Hotel,,Guildford,1
info@upwoodpark.co.uk,Upwood Holiday Park,01535 644242,Keighley,1
info@urstay.co.uk,UR STAY Serviced Apartments Leicester,0116 248 9244,Leicester,1
info@valentinosripon.co.uk,Valentino's Restaurant and Valentino's Rooms,01765 604201,Ripon,2
info@vaulkhardgroup.co.uk,Diamond Inn,01661 872898,Bedlington,1
info@vaultymanor.co.uk,Vaulty Manor,01621 842884,Wickford,1
info@vediltd.com,VEDI Apartment Hotel,,Hornchurch,1
info@velvetmanchester.com,"Velvet Hotel, Bar & Brasserie",0161 236 9003,Radcliffe,1
info@venuereading.com,Venue Reading,0118 378 5657,Woodley,1
info@verdonguesthouse.co.uk,Verdon Guest House,01782 264244,Stoke-on-Trent,1
info@vermonthotel.co.uk,The Vermont Aparthotel and The Vermont Hotel,0191 233 1010,Newcastle upon Tyne,2
info@vernonhanbury.co.uk,"The Vernon ( known as The Vernon Arms, Hanbury )",01527 821236,Redditch,1
info@vervebedford.co.uk,Verve Hotel,01234 915011,Bedford,1
info@victoriaparkhotel-derby.co.uk,Victoria Park Hotel,01332 341551,Derby,1
info@victoriaparkhotelleamingtonspa.co.uk,Victoria Park Lodge,01926 424195,Leamington Spa,1
info@victoriastudioslondon.co.uk,Victoria Studios,020 8050 1351,Edgware,1
info@victoryatmersea.co.uk,Victory at Mersea,01206 382907,Colchester,1
info@villehotel.co.uk,Ville Hotel,0161 818 9223,Bolton,1
info@vinnieshotel.co.uk,Vinnie's Family Hotel,01253 425020,Fleetwood,1
info@waggonandhorseseaton.co.uk,"Waggon & Horses, Eaton",01260 224809,Macclesfield,1
info@wagonandhorsescharing.co.uk,The Wagon & Horses,01233 712249,Ashford,1
info@walledenfarm.co.uk,Wall Eden Farm - Rural Holiday Retreat,01278 786488,Bridgwater,1
info@wallhillfarmguesthouse.co.uk,Wall Hill Farm Guest House,07778 338310,Runcorn,1
info@walpolebayhotel.co.uk,Walpole Bay Hotel Margate,01843 221703,Ramsgate,1
info@waltonparkhotel.co.uk,Walton Park Hotel,01275 874253,Portishead,1
info@warrencollection.com,Kensington House by Warren Collection,0191 821 0107,Newcastle upon Tyne,1
info@warrenhouse.com,Warren House Hotel,020 8547 1777,Kingston upon Thames,1
info@warwickhall.co.uk,Warwick Hall B&B,01228 561546,Carlisle,1
info@watercressbarns.co.uk,Milton House,07973 267548,Sittingbourne,1
info@waterratironbridge.com,The Water Rat Inn,01952 433193,Telford,1
info@watersedgeguesthouse.co.uk,Watersedge Guest House – Guesthouse B&B,01425 615485,New Milton,1
info@watersidebarrestaurant.com,"The Waterside Bar, Rooms & Restaurant",0161 788 8788,Bolton,1
info@watersideguesthouse.co.uk,Waterside Guesthouse,07909 024192,Hythe,1
info@watersideholidays.co.uk,Bowleaze Cove Holiday Park & Spa,01305 833103,Weymouth,1
info@watertonparkhotel.co.uk,Waterton Park Hotel & Spa,01924 562560,Barnsley,1
info@wearyfriar.co.uk,The Weary Friar Inn,01579 350238,Saltash,1
info@webbingtonhotelandspa.co.uk,Webbington Hotel & Spa,01934 750100,Bridgwater,1
info@welcometoimago.com,Burleigh Court Conference Centre and Hotel and 2 other hotels,01509 211515,Loughborough,3
info@wellho.net,Well House Manor,01225 709638,Melksham,1
info@wellingtonatwelwyn.co.uk,The Wellington,01438 714036,Stevenage,1
info@wendoverguesthouse.co.uk,Wendover Guest House,01204 468400,Bolton,1
info@wentbridgehouse.co.uk,Wentbridge House Hotel,01977 620444,Doncaster,1
info@westbournelodge.co.uk,Westbourne Lodge,0121 429 1003,West Bromwich,1
info@westbrooklodge.co.uk,Westbrook Lodge Guest House,01843 309107,Ramsgate,1
info@westgatemanor.co.uk,Westgate Manor,01388 517371,Bishop Auckland,1
info@westonhotel.co.uk,Weston Hotel,01723 373423,Scarborough,1
info@wheatleyarms.co.uk,"Wheatley Arms, Ilkley",01943 816496,Guiseley,1
info@white-lodge.co.uk,White Lodge Guesthouse,01754 764120,Skegness,1
info@whitehartironbridge.com,White Hart,01952 432901,Telford,1
info@whitehartoverton.co.uk,The White Hart Overton Pub with Rooms and Upham Inns - The White Hart Overton,01256 771431,Basingstoke,2
info@whitehartstaustell.co.uk,The White Hart Hotel,01726 72100,St Austell,1
info@whitehartwelwyn.co.uk,The White Hart,01438 715353,Stevenage,1
info@whitehorsebarrow.com,The White Horse Inn,01829 741633,Ellesmere Port,1
info@whitehorseboughton.co.uk,The White Horse Inn,01795 500387,Whitstable,1
info@whitehorsehertingfordbury.co.uk,The White Horse,01992 586791,Stevenage,1
info@whitehorsestokealbany.co.uk,White Horse Inn & Restaurant,01858 535268,Kettering,1
info@whitehousebrighton.com,White House Brighton,01273 626266,Brighton,1
info@whitehouselangley.co.uk,The White House,07973 828057,Slough,1
info@whitehousepeterlee.co.uk,The Whitehouse Hotel & Wedding Venue Peterlee,0191 587 0299,Houghton le Spring,1
info@whitelioninn.com,The White Lion Inn,01664 474233,Melton Mowbray,1
info@whitelionupton.co.uk,White Lion Hotel,01684 592551,Malvern,1
info@whitemillswake.co.uk,Whitemills Wake and Aqua Park,01304 350141,Deal,1
info@whiteswanscotter.com,The White Swan,01724 763061,Scunthorpe,1
info@whittingtonandcathull.co.uk,The Whittington & Cat,01482 327786,Hull,1
info@wildgooseglamping.co.uk,Wild Goose Glamping,07812 623003,Clevedon,1
info@wildwood-newforest.co.uk,Wildwood B&B,01590 683700,New Milton,1
info@willowbeck-lodge.com,Willowbeck Lodge,01228 513607,Carlisle,1
info@willowhousebedandbreakfast.com,Willow House Bed & Breakfast West Witterings,07708 736940,Havant,1
info@wilsoncottages.co.uk,"Wilson Cottages Head Farm,",01287 650762,Guisborough,1
info@winchamhallhotel.co.uk,Wincham Hall Hotel & Wedding Venue,01606 43453,Northwich,1
info@windfalls.co.uk,Windfalls Boutique Hotel,01293 889598,Crawley,1
info@windmillhollingbourne.co.uk,The Windmill,01622 889000,Maidstone,1
info@winningpostwinkfield.co.uk,The Winning Post Pub with Rooms,01344 882242,Maidenhead,1
info@winstanleyhouse.co.uk,Winstanley House,0116 366 5642,Leicester,1
info@wirralparkhotel.co.uk,Wirral Park Hotel,0151 319 9782,Birkenhead,1
info@witneyhotel.co.uk,Witney Hotel,01993 702137,Witney,1
info@wmhotel.co.uk,Whiteley Mill Hotel,0115 838 1568,Nottingham,1
info@woodlandwaters.co.uk,Woodland Waters Ltd,01400 230888,Grantham,1
info@woodsmeadowglamping.co.uk,Woods Meadow Glamping,07866 315383,Chatham,1
info@woolmerchanthotel.com,Wool Merchant Hotel,01422 368783,Bradford,1
info@woolpackchilham.co.uk,The Woolpack Hotel,01227 730351,Ashford,1
info@woolpackwarehorne.co.uk,The Woolpack Inn Warehorne,01233 732900,Ashford,1
info@workrestandstay.com,Work Rest and Stay,01243 773223,Portsmouth,1
info@www.purpleroomz.com,Purple Roomz,01772 330001,Blackburn,1
info@wycliffeguesthouse.co.uk,The Wycliffe,01303 252186,Folkestone,1
info@wykelodges.co.uk,Wyke Lodges & Touring Caravans,07578 367876,Redcar,1
info@yarmcottages.co.uk,Yarm Cottages,01642 787017,Thornaby-on-Tees,1
info@yeoldecrown.co.uk,Ye Olde Crown,01732 491766,Sevenoaks,1
info@yeoldefleece.co.uk,Ye Olde Fleece Inn,01539 731115,Kendal,1
info@yeoldeploughhouse.co.uk,Ye Olde Plough House,01375 891592,Basildon,1
info@yeolderedlion.com,Ye Olde Red Lion,01635 248379,Newbury,1
info@yokoproperty.co.uk,The Gables Aparthotel (Leicester) by Yoko Property,0116 366 6797,Leicester,1
info@yorkhousehotel.net,York House Hotel,01924 372069,Barnsley,1
infogatherinn@gmail.com,The Gather Inn - Brighton,01273 413402,Hove,1
infolilyhotelblackpool@gmail.com,LILY HOTEL,01253 353314,Fleetwood,1
information3hs@gmail.com,Three Horseshoes,0191 584 2394,Sunderland,1
information@kent.ac.uk,Keynes College,01227 823622,Canterbury,1
innerdowsinglightship@gmail.com,Inner Dowsing Lightship B&B,07851 402794,Chatham,1
investors@chargepoint.com,New Forest Lodge,01794 390999,Totton,1
iol@fcdhotels.co.uk,Inn on the Lake,01474 823333,Maidstone,1
irongorgecamping@gmail.com,Irongorge Camping,01952 433047,Telford,1
isabella.rooms@hotmail.com,Isabella Rooms,01702 906367,Basildon,1
ivybankcampsite@gmail.com,Ivy Bank Stay-cation,07716 422453,Ripon,1
iwenquiries@bhguk.com,Inglewood Manor House,0151 339 5105,Ellesmere Port,1
jack@winterdevelopments.co.uk,"West Midlands Stays - Wolverhampton, Central Townhouse and West Midlands Stays - Shrewsbury, Coton Hill Cottage",01952 350115,Wolverhampton,2
jackiemcquade@icloud.com,Hawthorn House Hotel,01536 482513,Kettering,1
jacqui@accommodationexeter.co.uk,Claremont,01392 274699,Exeter,1
james.bradshaw@rbhmanagement.com,The Crown Hotel,01423 567755,Harrogate,1
jan@petehardy.co.uk,Withall's House B & B,01395 488123,Exmouth,1
jane@abacusbedandbreakfast.co.uk,Abacus Bed and Breakfast-book direct for discounted rates,07717 071303,Farnborough,1
jane@shepherdsrow.co.uk,Shepherds Row Bed and Breakfast,01788 510503,Daventry,1
jane@theboshamboathouse.co.uk,The Bosham Boathouse,07966 735395,Chichester,1
jane@throphillgrange.co.uk,Throphill Grange Luxury Bed and Breakfast,01670 772332,Bedlington,1
jane@westoverlodge.co.uk,Magpies Bed & Breakfast,01403 791247,Horsham,1
janet@parkcottagewarwick.co.uk,Park Cottage B&B and 2 other hotels,01926 410319,Warwick,3
janetglennerster@hotmail.com,Dunscar Farm,07501 868222,Glossop,1
janfinbow@googlemail.com,Finjaro Guest House,01473 652139,Ipswich,1
janice@murthwaitelodges.co.uk,Murthwaite Holiday Lodges,01539 823199,Kendal,1
jay@blackpoolweb.com,The Croydon Hotel and 3 other hotels,01253 352497,Croydon,4
jay@bridlingtonbuzz.com,Victoria Guest House Bridlington and 3 other hotels,01262 673871,Bridlington,4
jay@discoversouthport.co.uk,The Metro Hotel,01704 536836,Southport,1
jay@ealingconnect.co.uk,Aron Guest House,07809 582410,Ruislip,1
jay@gloucesterpartnership.org.uk,The Linden Tree,01452 560183,Gloucester,1
jay@simplyswindon.com,Swandown Hotel and 2 other hotels,01793 536695,Swindon,3
jay@vrsalisbury.co.uk,Citylodge and Aparotel Amesbury Stonehenge,01722 326600,Salisbury,2
jay@wallasey.biz,"Sheridan's Bar, Restaurant & Accommodation",0151 392 7788,Birkenhead,1
jayne@bullwargrave.co.uk,The Bull Hotel & Public House,0118 940 3120,Woodley,1
jelleylegs55@gmail.com,Jelley Legs,01765 603506,Ripon,1
jenni@montgomeryhospitality.co.uk,"The Bat And Ball, Cuddesdon",01844 885776,Didcot,1
jennykturner@hotmail.co.uk,The Barn,0151 425 2781,St Helens,1
jeremystirling@hotmail.com,The Maidens Head,01227 634563,Canterbury,1
jersey@sacoapartments.com,Bermonds Locke Tower Bridge and 2 other hotels,020 7052 7170,London,3
jessy@madj.co.uk,Churchills,01424 439359,Hastings,1
jfmarsh@btinternet.com,Dovecote at Greenaway,01428 682920,Godalming,1
joanna@twomanycooks.com,"Brockham B&B, South Lodge, Brockham Green",01737 843883,Reigate,1
joannawild@hotmail.co.uk,Broadacres Boutique B & B,07568 083616,Hailsham,1
jobs@thegrapessouthampton.co.uk,The Grapes,023 8033 3220,Southampton,1
joe@whodathoughtit.com,Who'd A Thought It,01622 858951,Maidstone,1
joebruce@btinternet.com,Lane End House B & B,07472 162790,Hyde,1
joelmatthews@hotmail.com,The Birds Nest,020 8692 1928,Eltham,1
joewilkins@btconnect.com,Woodlands Holiday Apartments,07980 422325,Lytham St Annes,1
john@doe.com,The Crown of Cookham and 2 other hotels,01628 532666,High Wycombe,3
john@email.com,OYO Adnans Hotel and 133 other hotels,,Birmingham,134
john@smith.co.uk,Genting Hotel,0121 273 1000,Birmingham,1
johnross@email.com,Norfolk Park Rooms,07440 646379,Sheffield,1
johnsmith@hotmail.com,"The Double Red Duke, Cotswolds",01367 810222,Witney,1
joinus@theswordinnhand.co.uk,The Sword Inn Hand Westmill,01763 271356,Stevenage,1
jolly.tar@sky.com,The Jolly Tar,01793 762245,Swindon,1
jonaslochner@hotmail.com,The Blue House,,Worthing,1
jonpinhorn.typedesign@gmail.com,The Carmichael Hotel,01482 221787,Hull,1
josephut@sky.com,The Hazeldene,01757 704809,Goole,1
jozj001@gmail.com,The Brentwood Guest House,01904 636419,York,1
jptamas@outlook.com,Abbey Lodge Hotel,01494 471013,High Wycombe,1
julie@beechwoodhomefarm.co.uk,Beechwood Home Farm Bed & Breakfast,01582 842432,Dunstable,1
julie@camgas.co.uk,Northop Hall Country House Hotel,01244 816181,Neston,1
julie@heritageviewguesthouse.com,Heritage View Guest House,01952 432824,Telford,1
julie@rosalindhouse.co.uk,Rosalind House,07783 964768,Carlisle,1
julieandjohn@dnl.940.myftpupload.com,The Almar,01723 372887,Scarborough,1
julieandmelina@outlook.com,Starlings Guest House,01273 692677,Brighton,1
june@hamsteelshall.co.uk,"Hamsteels Hall Holiday Cottages, Durham",01207 520388,Consett,1
jus@albionbar.co.uk,The Tumbledown Hotel,07530 556951,Telford,1
justin.barker@mbplc.com,Miller & Carter Brighton and Miller & Carter Aughton,01273 552886,Brighton,2
kara@berryhousebandb.co.uk,Berry House Bed and Breakfast Littlehampton,01903 726260,Littlehampton,1
karen-goodman@hotmail.com,Finch Cottage B&B,07837 025545,Salisbury,1
karen@kirkgatehouse.com,Kirkgate House and Courtyard Cottage,07952 340697,Harrogate,2
karen@thebeachlands.co.uk,The Beachlands,01754 764106,Skegness,1
karl@ravensbournehotel.co.uk,The Ravensbourne Hotel,01202 390383,Bournemouth,1
kathleenhouse85@gmail.com,Kathleen House and Kathleen House Plus,07306 007990,Harlow,2
kathy@birchhouse.co.uk,Birch House B&B,01305 785787,Weymouth,1
kathycullen84@hotmail.co.uk,Clarence House,01754 765588,Skegness,1
katie@hydemill.co.uk,Hyde Mill,01582 712641,Harpenden,1
katie@nuthurst-grange.co.uk,Nuthurst Grange Country House Hotel,01564 783972,Redditch,1
katieclayton47@gmail.com,"The Ship Inn, Bardsea",01229 869329,Ulverston,1
kaye@clematiscottages.co.uk,Clematis Cottages,07496 068702,Stamford,1
kaymusgrove@georgehotelofstamford.com,The George Hotel of Stamford,01780 750750,Peterborough,1
kch@fcdhotels.co.uk,King Charles Hotel in Kent,01634 830303,Maidstone,1
keith@alexandershotelhastings.co.uk,Alexander's Hastings,01424 717329,Hastings,1
kelly@qwerkyweb.com,Icon Hotel,01582 248022,Luton,1
kentshill.enquiries@thevenuescollection.co.uk,Kents Hill Park Training and Conference Centre,01908 358000,Milton Keynes,1
kerry@orchardviewfarm.co.uk,Orchard View Farm Cafe,01844 273387,Aylesbury,1
ketelaar@talktalk.net,Dilston Mill Accommodation,01434 633493,Prudhoe,1
kh@showcaseapartments.co.uk,Showcase Apartments - Kimberley House,0116 296 4850,Leicester,1
kingsacrecamping@hotmail.com,Kings Acre,07790 117194,Ellesmere Port,1
kingsarms.woodstock@fullers.co.uk,"The King's Arms, Woodstock",01993 813636,Witney,1
kingsarmsbrentford@icloud.com,Kings Arms,020 8560 5860,Twickenham,1
kingsarmsst21@gmail.com,The Kings Arms Hotel,01785 850294,Stafford,1
kingsboutiquehotel553@gmail.com,King's Boutique Hotel,07869 679106,Lytham St Annes,1
kingscroft.guesthouse@gmail.com,Kingscroft,01298 455591,Buxton,1
kingsheadinnbookings@gmail.com,The Kings Head Inn,01403 782012,Horsham,1
kingshighway.rowditch@marstons.co.uk,King's Highway,01332 349671,Derby,1
kingsstilecottage@outlook.com,King's Stile Cottage,01225 706202,Chippenham,1
kingsulverston@gmail.com,"The Kings Arms, Ulverston: Restaurant & Showbar",01229 480728,Ulverston,1
kippsaccommodation@gmail.com,Kipps Brighton,07511 322843,Brighton,1
krystynapoz@yahoo.co.uk,The Little Manor,01242 511611,Cheltenham,1
laalriddings@yahoo.com,La'al Riddings,,Ulverston,1
lambhindon@youngs.co.uk,The Lamb (Hotel),01747 820573,Salisbury,1
lammasparkdawlish@gmail.com,Lammas Park House,01626 888064,Exmouth,1
langmeadramsgate@gmail.com,Langmead Guest House,01843 582785,Ramsgate,1
lantern.cottage@btinternet.com,Lantern Cottage Bed & Breakfast,01273 845495,Haywards Heath,1
laura@courtbarnescapes.com,Court Barn Escapes,07706 742932,Maidstone,1
laura_dyke_veltom@outlook.com,Sindles Farm,07817 003239,Havant,1
lauren@oldcoastguardhotel.co.uk,The Old Coastguard,01736 731222,Penzance,1
leanne@theoldreg.com,The Old Registry Guest House,01535 646503,Keighley,1
leeside1@tiscali.co.uk,Leeside Bed & Breakfast,01903 723666,Littlehampton,1
leewhitlock@waterside-inn.co.uk,The Waterside Inn,01628 620691,Maidenhead,1
leisure@celtic-royal.co.uk,Harbour Hotel Bristol and 8 other hotels,0117 203 4445,Bristol,9
leisure@wrightingtonhotel.co.uk,"The Wrightington Hotel, Health Club & Spa",01257 425803,Wigan,1
lets@staymanchestercitycentre.co.uk,Satori Serviced Apartments Manchester,07956 086175,Radcliffe,1
lilsonthewaterfront@hotmail.com,Lil's on The Waterfront,01904 658921,York,1
lin@crossfarmholidaycottages.co.uk,Cross Farm Cottages,0151 526 1576,Ormskirk,1
linda@theginneycatterlen.co.uk,The Ginney Country Guest House & Holiday Cottages,07855 632681,Penrith,1
lindajee@horseshoecottagefarm.com,Horseshoe Cottage Farm,0116 235 0038,Loughborough,1
lindsaygh50@aol.com,The Lindsay,0191 252 7341,Tynemouth,1
lisa@torstop.co.uk,Tors Top Bed and Breakfast,07815 558117,Bideford,1
lisaanderson585@gmail.com,"Chestnut Tree Cottage, Ardingly",07786 086030,Haywards Heath,1
littledeanhousehotel@hotmail.com,Littledean House Hotel,01594 822106,Gloucester,1
littleton@davenportspubs.co.uk,The Littleton Arms,01785 716300,Stafford,1
liverpool@dolbyhotels.co.uk,The Dolby Hotel,0151 708 7272,Birkenhead,1
liverview@live.co.uk,The Liver View Hotel,0151 639 5723,Wallasey,1
liz@dobrudden.co.uk,Dobrudden Caravan Park,01274 581016,Bingley,1
lizcampbellsbandb@gmail.com,Campbells B&B,01962 864077,Winchester,1
lizmagnall@gmail.com,The Stables Luxury B&B,,Rochdale,1
lockkeeper.worksop@marstons.co.uk,Lockkeeper,01909 532565,Worksop,1
lolamartin@hotmail.co.uk,Station Lodge Guest House,01924 223741,Normanton,1
london.ebsmanor@barschool.net,EBS London Stay,07932 596563,Eltham,1
london@simplyroomlet.com,Simplyroomlet Ltd,020 8226 5611,Walthamstow,1
londoncityviewhotel@gmail.com,London City Hotel,020 8854 4457,Eltham,1
londonderrysgroup@gmail.com,Londonderry’s Bar and Accommodation Seaham,07472 837257,Sunderland,1
longboatinn@gmail.com,The Longboat Inn,01736 364137,Penzance,1
lotties-lott@outlook.com,Lotties Lott,07889 121956 x0,Oldham,1
louise@cleathamhall.com,Cleatham Hall,01652 649402,Scunthorpe,1
louise@thechw.co.uk,Cock Hotel,01952 454391,Telford,1
lp.events@lucknampark.co.uk,"Lucknam Park, Emblems Collection",01225 742777,Chippenham,1
luciano@latinotype.com,Brass Castle Country House Accommodation,07969 917990,Middlesbrough,1
luigicaprix90@gmail.com,B&B HOTEL Birmingham Centre and 5 other hotels,0121 622 8800,Birmingham,6
luxesuites.co@gmail.com,Luxe Suites,,Rotherham,1
lydiardpark@swindon.gov.uk,Lydiard Park Hotel and Conference Centre,01793 464644,Swindon,1
lynchcottage58@gmail.com,Woodview bed only,01206 331956,Colchester,1
lynchetts@hotmail.com,Lynchetts,01225 866400,Trowbridge,1
lynda.varey@hotmail.com,Woodhill Cottages,07960 755102,Cottingham,1
lynda@bampfieldfarm.co.uk,Bampfield Farm Cottages,01271 346566,Barnstaple,1
lynda@theparallax.co.uk,VIKING VILLA,07979 055224,Broadstairs,1
lyndaherron@btconnect.com,Braemar Guest House,01326 311285,Falmouth,1
lysses@lysses.co.uk,Lysses House Hotel,01329 822622,Gosport,1
m.mertens@btinternet.com,Mill House Bed & Breakfast,01722 790331,Salisbury,1
madame@chezvivienne.co.uk,Chez Vivienne,07534 879321,Keighley,1
madani@vikingsaccommodation.com,Vikings Accommodation,07398 510993,York,1
madeira@yeotown.com,Yeotown Health Retreat,01271 343803,Barnstaple,1
madonnahalley@gmail.com,The Madonna Halley Hotel,020 8951 5959,Watford,1
maeveleigh@yahoo.co.uk,Gordon House,01202 885547,Ferndown,1
maggie@mallardgrange.co.uk,Mallard Grange Bed & Breakfast & Self Catering Escapes,07720 295918,Ripon,1
magnoliaview@btinternet.com,Magnolia View Holiday Cottage,,Barnstaple,1
maidstone@calicobareatery.com,Calico Bar & Eatery,0118 950 3925,Reading,1
mail@bertsroomsandevents.co.uk,The Black Horse Inn,01484 713862,Huddersfield,1
mail@bluecamelindian.co.uk,Hawk House,07726 479075,Yeovil,1
mail@discoveryinn-leeds.co.uk,Discovery Inn,0113 242 2555,Leeds,1
mail@edensrest.co.uk,Eden's Rest,01726 850213,Bodmin,1
mail@elizabethhousehotel.com,The Elizabeth House Hotel,023 8022 4327,Southampton,1
mail@foxandhoundswillingham.com,Fox & Hounds,01427 788274,Lincoln,1
mail@highdalebb.co.uk,Highdale B & B,01275 858004,Portishead,1
mail@hoghtontower.co.uk,Hoghton Tower,01254 852986,Blackburn,1
mail@ilchesterarms.com,The Ilchester Arms,01935 840220,Yeovil,1
mail@jandlseed.co.uk,Wayside,07770 774463,Chippenham,1
mail@londonselfcatering.co.uk,London Group Accommodation,020 8690 3092,Eltham,1
mail@lyallhotel.com,Lyall Apartment Hotel,07366 636042,Eltham,1
mail@pebblebeach-uk.com,Pebble Beach Restaurant,01425 627777,New Milton,1
mail@pridelodge.com,Pride Lodge,07359 163631,Poulton-le-Fylde,1
mail@rvbhotel.com,The Royal Victoria & Bull Hotel,01634 819245,Chatham,1
mail@southwellhomestay.co.uk,Southwell Home Stay,01636 351003,Newark,1
mail@thearcheshotel.co.uk,The Arches Country House,01287 555666,Redcar,1
mail@therailwaysleeper.com,The Railway Sleeper Lodge,07714 409358,Colchester,1
mail@thewheatsheafwilton.co.uk,The Wheatsheaf,01722 742267,Amesbury,1
mail@yespotteddogge.co.uk,Ye Spotted Dogge,023 9242 7154,Portsmouth,1
malvernlodge@gmail.com,Malvern Lodge,01702 431399,Southend-on-Sea,1
management@deuce-hotels.com,The Old Post Office by Deuce Hotels and Marygate by Deuce Hotels Ltd,01925 387127,Warrington,2
manager@blacklionkilburn.co.uk,The Black Lion Pub & Boutique Guesthouse,020 3876 8204,Barnet,1
manager@dimplewell.co.uk,Dimple Well Lodge Hotel,01924 280472,Barnsley,1
manager@peterborough.co.uk,Clarks Guest House Peterborough,07932 976950,Peterborough,1
manager@prasadinc.com,The Lansdowne Hotel,,Hastings,1
manager@roseandcrownn16.co.uk,The Rose & Crown,020 7254 7497,Walthamstow,1
manager@theberesfordarmswhalton.co.uk,The Beresford Arms,,Bedlington,1
manager@theboroughlancaster.co.uk,"The Borough | Pub, Restaurant & Hotel",01524 64170,Lancaster,1
manager@thecartologist.co.uk,The Cartologist,0191 323 0883,Chester-le-Street,1
manager@thelambeastbourne.co.uk,The Lamb Inn,01323 720545,Eastbourne,1
manager@thelimesyork.com,The Limes Hotel,01904 624548,York,1
manager@theresthotellincoln.co.uk,The Rest Hotel,01522 247888,Lincoln,1
mansionhouse45@gmail.com,Mansion House Scarborough,01723 373930,Scarborough,1
marine@shepherd-neame.co.uk,The Marine Hotel,01227 272672,Herne Bay,1
marinerenquireies@outlook.com,The Mariners - Torquay,01803 393743,Torquay,1
mark@alexandrahotelhull.co.uk,Alexandra Hotel & pub,01482 327455,Hull,1
mark@seaspray-weymouth.co.uk,The Seaspray,01305 786943,Weymouth,1
markethouse@youngs.co.uk,Market House (Hotel),0118 216 1750,Reading,1
marketing.manager@wynyardhall.co.uk,Wynyard Hall,01740 644811,Hartlepool,1
marketing@apexhotels.co.uk,Apex City of Bath Hotel,01225 418500,Bath,1
marketing@big-cottages.com,Springwood Cottage,07770 278776,Ossett,1
marketing@crowndell.com,Lewinnick Lodge,01637 878117,Newquay,1
marketing@greatbritishinn.co.uk,The Knife & Cleaver,01234 930789,Bedford,1
marketing@moultontrust.org,The Hall Estate,01225 863432,Trowbridge,1
marketing@thesiriushotelgroup.com,The Resident Liverpool,0151 705 2626,Liverpool,1
markmidson@hotmail.co.uk,The Bay Horse Rooms,07730 189051,Goole,1
markskillen@btinternet.com,Ollerbrook Barn,01433 670200,Glossop,1
marshfarmstaffs@gmail.com,Marsh Farm B&B & Tea Room,01283 840323,Stafford,1
martyn@newtonhouseoxford.co.uk,Newton House,01865 240561,Oxford,1
mary.herron@me.com,Lilac Villa,01305 782670,Dorchester,1
marywindsor19@gmail.com,Windsor House Hotel,01253 228007,Fleetwood,1
matt.b@dealerwebs.com,Spire View at the Galleon restaurant,01246 559065,Mansfield,1
matt@old-bush.com,The Old Bush,01905 830792,Worcester,1
maureenfox@hotmail.com,Roslyn Guest House,07388 811881,Paignton,1
max@jackwhippinns.com,The Duke of Cumberland's Head,01295 981649,Banbury,1
maximus@nsimail.com,Kensington Guest House,07908 694904,Scarborough,1
mc@horsford.net,Valley View Farm,01749 850943,Frome,1
mccaffertysbars@gmail.com,McCafferty's Bar & Guest House,020 8599 0008,Ilford,1
mcdanielhugh@hotmail.com,Brampton Dales Farm Bed and Breakfast If you're looking for a home from home,01427 839750,Gainsborough,1
me@clevedon.me,The Moon & Sixpence,01275 872443,Portishead,1
me@mail.com,Holiday Lettings Beech Lodge,07401 234930,Burton-on-Trent,1
meadowfarm.redditch@marstons.co.uk,Meadow Farm,01527 585639,Redditch,1
membership@theroyalbell.co.uk,The Royal Bell,020 3518 9138,Eltham,1
mermaid.ipswich@marstons.co.uk,Mermaid,01473 230278,Ipswich,1
merseyview36@gmail.com,Mersey View Pub & Hotel,07542 400223,St Helens,1
micah@micahrich.com,The Port Arms and The White Bear Hotel Bedale,01304 373598,Deal,2
michael@squarespacewebsites.com,The Saffron Hotel,0121 455 9941,Halesowen,1
michaelhirst115@btinternet.com,The Albert,01723 447260,Scarborough,1
michaelvlukic65@gmail.com,The Langham Hotel,01604 639917,Northampton,1
michelangelos@live.co.uk,Michelangelo's,0191 413 2921,Consett,1
michelle@hussarhotel.co.uk,The Hussar,01843 831732,Margate,1
middleflasslodge@gmail.com,Middle Flass Lodge,01200 447259,Clitheroe,1
middlehousebandb@gmail.com,Middle House,07982 247897,Coventry,1
middletoncottages@live.co.uk,Middleton Holiday Cottages,01642 599669,Thornaby-on-Tees,1
midlandmonacohotels@mail.com,Midland Hotel,01934 621217,Weston-super-Mare,1
mike@southdownswaybandb.co.uk,South Downs Way B&B,01273 857220,Haywards Heath,1
mikecollom60@googlemail.com,London Road Garden Annex,01249 656828,Chippenham,1
mikeyork1@googlemail.com,Spring Garden Guest House / Apartments,023 9251 0336,Portsmouth,1
millersarms@shepherd-neame.co.uk,Millers Arms,01227 456057,Canterbury,1
milsoms@milsomhotels.com,milsoms Kesgrave Hall and 2 other hotels,01473 333741,Ipswich,3
milton.reception@thevenuescollection.co.uk,Milton Hill House,01235 831474,Abingdon,1
mirag@theheathinn.com,The Heath Inn Restaurant | Pub | Bed & Breakfast | Takeaway | Event Space | Pet Friendly,01525 237816,Dunstable,1
mndvasey@gmail.com,Elloe Lodge,07860 214489,Spalding,1
moaandkin.bookings@gmail.com,Hill House,01225 690017,Bath,1
moatcott@aol.com,Moat Cottage Accommodation,01536 745013,Kettering,1
mollington@brook-hotels.co.uk,Brook Red Lion Hotel,01206 577986,Colchester,1
monicoguesthouse@gmail.com,Monico Guest House. (Hotel),01723 365159,Scarborough,1
montcalm@grifcopr.com,Grand Royale Hyde Park and Park Grand Heathrow,020 7313 7900,London,2
moonlit@gmail.com,Park Hotel Ilford and The Miles Arms Hotel,020 8554 9616,Ilford,2
moorhill@moorhillhouse.co.uk,Moorhill House Country Hotel,01425 521404,New Milton,1
moorland@innmail.co.uk,The Moorland Hotel Haytor,01364 661142,Newton Abbot,1
morag@rosslyncourt.com,Rosslyn Court,01843 449531,Margate,1
moray.hastings@gmail.com,Moray Hastings,07768 082208,Hastings,1
motel@damonshotel.co.uk,Damon's Hotel,01522 887733,Lincoln,1
mountbb@gmail.com,Mount Guest House,0161 637 0245,Ashton-under-Lyne,1
muscroft997@btinternet.com,Wellington Hotel,01253 343658,Wellington,1
music@therobin.co.uk,The Robin Hotel,01902 401211,Wolverhampton,1
nagshead@queenswayrm.co.uk,Nags Head - Great Missenden,01494 862200,High Wycombe,1
namastepalacehotel@gmail.com,Namaste Palace Hotel,07914 158612,Norwich,1
name@address.com,The Crown at Woodbridge,01394 384242,Ipswich,1
name@domain.com,The Redcliff Bed and Breakfast and Hotel Claytou,01305 784682,Weymouth,2
name@email.com,Clifton Arms Hotel,01253 739898,Southport,1
name@mail.com,"The Hollies, TheStop Truck Stop",0333 023 5360,Cannock,1
name@youremail.com,Good Hotel London,020 3637 7401,Lewisham,1
nantgloyw@gmail.com,Nant Gloyw B&B Oswestry,07576 800228,Oswestry,1
neal@ebenezersplace.co.uk,Ebenezer's Place,07398 234373,Ramsgate,1
nesshouse.shaldon@hall-woodhouse.co.uk,The Ness,01626 873480,Newton Abbot,1
new.inn@thorleytaverns.co.uk,The New Inn,01304 612335,Deal,1
newditchfarmbb@yahoo.co.uk,Newditch Farm,07817 609146,Portishead,1
news@emails.britanniahotels.com,Britannia Leeds Bradford Airport Hotel and 38 other hotels,0113 284 3966,Leeds,39
nhenquiries@bhguk.com,Nunsmere Hall Hotel,01606 889100,Northwich,1
nick@corncroft.co.uk,Corncroft Guest House,01993 773298,Witney,1
nick@harbenhouse.co.uk,Harben House,01908 215600,Milton Keynes,1
nick@phelipsarms.co.uk,The Phelips Arms,01935 822557,Yeovil,1
nicky@brewinproperties.com,The Opulent Birches,07769 723304,Cambridge,1
nigel_stanley@icloud.com,Annis Hill Farm,07779 602535,Rochdale,1
nightingale-bandb@outlook.com,Nightingale Bed and Breakfast,01386 462384,Evesham,1
nightingalecottagebandb@gmail.com,Nightingale Cottage Bed & Breakfast,01243 926389,Chichester,1
nikki@archesbedandbreakfast.co.uk,Arches,01726 64644,St Austell,1
nora@parkhouseonline.co.uk,Park House Bed and Breakfast St Albans,01727 811910,Hemel Hempstead,1
norman@beechfarmcottages.co.uk,Beech Farm Cottages,07956 535602,Cleethorpes,1
northcote.hotel@yahoo.co.uk,Northcote Hotel - Hotels Bridlington,01262 675764,Bridlington,1
northoceanhotel@gmail.com,North Ocean Hotel,07988 888450,Blackpool,1
nortonapartments@hotmail.com,Norton Serviced Apartments,07534 327902,Stockton-on-Tees,1
nortonparkhotelsparesort@theqhotelscollection.co.uk,"Norton Park Hotel, Spa & Manor House",01962 763000,Basingstoke,1
notleyhouse@blueyonder.co.uk,Notley House & Coach House,01452 611584,Gloucester,1
nottingham@chayil.co.uk,Chayil Experts Serviced Apartments I Book Direct For Best Rates,0115 783 9080,Ilkeston,1
number19guesthouse@gmail.com,Number 19 Guesthouse,07885 265237,Barrow-in-Furness,1
nvfglamping@yahoo.com,Norwell View Farm Glamping,07729 778312,Frome,1
nwsurveys@aol.com,Cornerways Guest House,07944 944526,St Austell,1
oakfieldlodge@hotmail.co.uk,Oakfield Lodge Guest House,0161 427 1633,Stockport,1
oaklodge80@gmail.com,Oak Lodge,07538 328716,Dartford,1
oakover25@gmail.com,Oakover Guest House,01934 352831,Weston-super-Mare,1
oakwood121@gmail.com,Oakwood Bed and Breakfast Heathrow,01895 466554,Uxbridge,1
ocklyngemanor@hotmail.com,Ocklynge Manor,01323 734121,Seaford,1
office@bbnationwide.co.uk,Bagham Farmhouse,01227 730306,Faversham,1
office@cobnorestate.co.uk,Canute Cottages,01243 572123,Havant,1
office@graftonmanorhotel.co.uk,Grafton Manor,01527 579007,Redditch,1
office@netleyhall.com,Netley Hall Hotel,01743 718339,Shrewsbury,1
office@oldmilldurham.co.uk,The Old Mill,01740 652928,Newton Aycliffe,1
office@osborneaparthotel.co.uk,Osborne Aparthotel,01323 396625,Eastbourne,1
office@railholiday.co.uk,Railholiday,01503 230783,Saltash,1
office@theboatinnhayton.com,The Boat Inn,01777 717534,Retford,1
office@thebustardtearooms.co.uk,The Bustard Inn Tea Rooms,01980 621712,Amesbury,1
office@thecartfordinn.co.uk,The Cartford - Hotel and Restaurant,01995 670166,Poulton-le-Fylde,1
office@thegeorgealfriston.com,The George Inn,01323 870319,Hailsham,1
office@thekingsheadhursley.com,The King’s Head,01962 775208,Eastleigh,1
office@woodsome.co.uk,Woodsome Hall Golf Club,01484 602739,Huddersfield,1
ogradyshotel@gmail.com,O'Gradys Hotel,01642 477624,Hartlepool,1
oldblackhorse@googlemail.com,The Old Black Horse,01865 244691,Oxford,1
oldcolonial.westernsm@marstons.co.uk,Old Colonial,01934 620739,Weston-super-Mare,1
oldehouse.chesterfield@marstons.co.uk,Olde House,01246 274321,Chesterfield,1
oldekingsarmshemel@gmail.com,The Olde Kings Arms,01442 255348,Hemel Hempstead,1
oldhall@phoenixpub.co.uk,Old Hall,0113 345 8900,Pudsey,1
oldmill@tastetheworld.uk,Old Mill Hotel,01722 656999,Salisbury,1
oldnags.head@dorbiere.co.uk,The Old Nags Head,01433 670291,Glossop,1
oldpoets@titanicbrewery.co.uk,The Old Poets Corner,01246 590888,Chesterfield,1
oldposthouse56@btinternet.com,Old Post House B&B,01604 740985,Daventry,1
oliver.still@walcothousebath.com,Pickwick Lodge Farm,01249 712207,Chippenham,1
onetivoliplace@osbornehouse.net,One Tivoli Place Guest House,01943 431394,Keighley,1
opendays@brunel.ac.uk,Lancaster Hotel,01895 268006,Hayes,1
orangetree@youngs.co.uk,Orange Tree (Hotel),020 8940 0944,Twickenham,1
ormsgillhotel@gmail.com,The Ormsgill,01229 828307,Barrow-in-Furness,1
oultonhallhotelspagolfresort@theqhotelscollection.co.uk,"Oulton Hall Hotel, Spa & Golf Resort",0113 282 1000,Leeds,1
pari@bassetsacre.com,Bassets Acre Holiday Apartments,01209 697965,Camborne,1
parkin1960@yahoo.co.uk,Almeria Hotel,01253 294757,Blackpool,1
parklodgewhitleybay@outlook.com,Park Lodge Hotel Whitley Bay,0191 253 0288,South Shields,1
parkpublancaster@gmail.com,The Park Hotel,01524 33910,Lancaster,1
parkteddington@youngs.co.uk,The Park (Hotel),020 8614 9700,Twickenham,1
parkviewguesthouse@hotmail.co.uk,Parkview Guesthouse,01223 247287,Cambridge,1
parretthotel@hotmail.com,Parrett Hotel,01935 891355,Yeovil,1
patrick.dalton4557@gmail.com,Dukes Head Inn,020 8948 4557,Twickenham,1
patrick@thecoachhousedenton.co.uk,The Coach House Bed & Breakfast,,Grantham,1
paul.w.dean@icloud.com,Acomb Lodge,01423 563599,Harrogate,1
paul@lyndenebedandbreakfast.com,Lyndene Bed and Breakfast Penistone,07495 629160,Barnsley,1
paulene@theoldposthouse.co.uk,The Old Post House,07754 949950,Salisbury,1
pauline@barfordhouse.co.uk,Barford House Holiday Apartments - Accommodation Southport,01704 548119,Southport,1
paulinemadhatterbandb@outlook.com,MADHATTER BED AND BREAKFAST -HAYLE,01736 754241,Camborne,1
pegwellbay.functions@thorleytaverns.co.uk,The Pegwell Bay Hotel,01843 599590,Ramsgate,1
pelican.stapleford@phoenixpub.co.uk,Pelican,01722 580540,Amesbury,1
pendle.inn@dorbiere.co.uk,Pendle Inn,01282 614808,Burnley,1
penellen@btconnect.com,The Penellen Guest Accommodation,01736 753777,Camborne,1
peter@marren.info,Marren,07957 886399,Dorchester,1
peter_pinder@hotmail.co.uk,The Miners Arms,0113 253 6719,Dewsbury,1
peterlennox@idnetfreemail.co.uk,Hardwick House B&B,0114 266 1509,Dronfield,1
pheasant@youngs.co.uk,Pheasant Inn (Hotel),01488 648284,Newbury,1
philbarnettphotography@hotmail.co.uk,The Alexandra Court Hotel,01260 297871,Macclesfield,1
piere333@gmail.com,Rolands Croft Guest House,07776 336953,Featherstone,1
pierreshirley98@gmail.com,Abbey Grange Hotel,024 7673 0114,Nuneaton,1
pilgrim.inn@fullers.co.uk,The Pilgrim Inn Marchwood,023 8086 7752,Totton,1
ploughandharrowtilmanstone@gmail.com,"Plough and Harrow - Pub, Camping and Glamping Pods",07487 633539,Dover,1
pontcannainn@youngs.co.uk,Pontcanna Inn and Pontcanna Inn (Hotel),029 2023 2917,Penarth,2
poplarsfarmsite@gmail.com,"Poplars Farm Caravanning, Camping, Glamping site & holiday cottage",01335 370347,Belper,1
poppy@cotswolds-uplands.co.uk,Uplands House,07836 535538,Banbury,1
poppytullo@hotmail.co.uk,Bear's Well Bed & Breakfast,01304 694144,Deal,1
portfoliodigitalmanager@criterionhospitality.com,Harte and Garter Hotel,07908 657187,Maidenhead,1
post@haringtonshotel.co.uk,Harington's Hotel,01225 461728,Bath,1
pottergate@serviced-lettings.com,Pottergate Apartments,01603 950333,Norwich,1
poundfarmholidays@btconnect.com,Pound Farm Holidays,01884 855208,Tiverton,1
president@thepresidenthotel.co.uk,The President Hotel,01253 621852,Blackpool,1
press@hindsheadbray.com,The Hinds Head,01628 626151,Maidenhead,1
press@hotelbosco.co.uk,Hotel Bosco,020 8339 5720,Kingston upon Thames,1
press@warwick.ac.uk,Warwick Conferences and Scarman,024 7652 3222,Coventry,2
primrose.house@hotmail.com,Primrose House B and B,0115 989 9189,Melton Mowbray,1
princealbertwindsor@yahoo.com,The Prince Albert,01753 395345,Windsor,1
princessroyal@fullers.co.uk,"The Princess Royal, Farnham",01252 782243,Farnborough,1
priorysteps@clara.co.uk,Priory Steps,01225 862230,Trowbridge,1
privacy@aviatorhampshire.com,Aviator Hampshire and Brasserie at Aviator,01252 555890,Farnborough,2
pro_shop@malkinsbankgolfclub.co.uk,Malkins Bank Golf Course,01270 765931,Sandbach,1
prospectfarm@btconnect.com,Prospect Farm Country Cottages,07483 160860,Cleethorpes,1
pub@kingwilliamhampstead.com,King William Ⅳ Pub & Rooms,020 8054 1562,Barnet,1
pub@thekingalfredwinchester.co.uk,The King Alfred,01962 854370,Winchester,1
punch.bowl.fm@gmail.com,The Punchbowl Hotel,015395 60267,Kendal,1
punchbowlinnaskham@gmail.com,Punchbowl Inn,01931 712443,Penrith,1
punchbowlinnokewoodhill@gmail.com,The Punchbowl Inn Okewood hill,01306 627249,Horsham,1
punjabcurry13@gmail.com,"Mehfil Restaurant, Banquet and Catering",07917 800090,Hounslow,1
pyttshouse@gmail.com,Pytts House Boutique Bed & Breakfast,07718 626025,Witney,1
queenphillippabedandbreakfast@gmail.com,Queen Phillippa,01795 228756,Sittingbourne,1
queenshead.kingston-manager@fullers.co.uk,"The Queen's Head, Kingston",020 8237 8039,Twickenham,1
r.w.brown@live.com,Glenfield Lodge Guest House,0116 262 7554,Leicester,1
rach.coop57@gmail.com,Oak House Farm Self Catering,01732 700006,Tunbridge Wells,1
rachel@bragenhamfarm.co.uk,Bragenham Farm,07717 582479,Aylesbury,1
racingreens@aol.com,Racing Greens B&B and Self-Catering,01903 732972,Littlehampton,1
railwaywesterfield@gmail.com,The Railway Inn Westerfield,01473 252337,Ipswich,1
ransdalehotel@gmail.com,The Ransdale Hotel,01262 674334,Bridlington,1
ray@charnwoodguesthouse.com,Charnwood Guest House,01926 831074,Leamington Spa,1
rbshoteluk@gmail.com,RBS Hotel,01634 294985,Chatham,1
readguesthouse@sky.com,Read Guest House,01946 61515,Whitehaven,1
rebeccareid92@outlook.com,The Sun Hotel,07486 584787,Preston,1
reception.belfast@maldronhotels.com,Maldron Hotel Manchester Central Cathedral Quarter and Maldron Hotel Liverpool,0161 777 2450,Manchester,2
reception.solihull@hogarths.co.uk,Hogarths Hotel Solihull,01564 779988,Solihull,1
reception.thebold@mhalg.com,The Bold Hotel,01704 532578,Southport,1
reception751@pontins.com,Sand Bay Holiday Village,0333 323 8733,Weston-super-Mare,1
reception@aaranhouse.co.uk,Aaran Guesthouse on Weymouth Beach,01305 766669,Weymouth,1
reception@abbeyhotel.co.uk,The Abbey Hotel and Apartments,01284 762020,Bury,1
reception@angelhotelcardiffcity.co.uk,Angel Hotel Cardiff,029 2064 9200,Penarth,1
reception@angelhotelleamington.co.uk,The Angel Hotel,01926 881296,Leamington Spa,1
reception@angelviewhotel.co.uk,The Angel View Hotel,0191 410 3219,Sunderland,1
reception@ashtoncourthotel.co.uk,Ashton Court,01395 263002,Exmouth,1
reception@astonhallhotel.co.uk,Aston Hall Hotel,0114 321 6049,Sheffield,1
reception@avisfordparkhotel.com,Avisford Park Hotel,01243 558300,Chichester,1
reception@bardsealeisure.co.uk,Bardsea Leisure,01229 584712,Ulverston,1
reception@barnsdalerutland.com,"The Barnsdale Hotel, Rutland",01572 724678,Melton Mowbray,1
reception@bartlehall.co.uk,Bartle Hall Hotel,01772 690506,Preston,1
reception@beachcliff.co.uk,Beachcliff Hotel & Apartments,0333 012 4074,Penarth,1
reception@bedford-hotel.co.uk,The Bedford Hotel,01822 613221,Bedford,1
reception@beechfieldhouse.co.uk,Beechfield House,01225 703700,Chippenham,1
reception@bosinver.co.uk,Bosinver Farm Cottages,01726 72128,St Austell,1
reception@botleigh-grange.com,Botleigh Grange Hotel,023 8251 6797,Eastleigh,1
reception@bournemouthwestcliffhotel.co.uk,Bournemouth West Cliff Hotel & Spa,01202 751000,Bournemouth,1
reception@bradfordarmshotel.co.uk,The Bradford Arms Hotel,01691 830582,Oswestry,1
reception@briarfields.net,Briarfields Touring Caravan Park,01242 235324,Gloucester,1
reception@briarshallhotel.co.uk,Briars Hall Hotel & Restaurant,01704 892368,Wigan,1
reception@bridgewoodmanorhotel.com,Bridgewood Manor Hotel & Spa,01634 201333,Maidstone,1
reception@broadway-hotel.co.uk,The Broadway Hotel,01386 852401,Evesham,1
reception@brocco.co.uk,Brocco on the Park,0114 266 1233,Sheffield,1
reception@brockleyhallhotel.com,Brockley Hall,01287 622179,Redcar,1
reception@broomepark.co.uk,Broome Park Hotel,01227 831701,Canterbury,1
reception@bullinnwoodbridge.co.uk,The Bull Inn,01394 382089,Ipswich,1
reception@burlingtonhotelhull.co.uk,Burlington Tavern & Hotel,01482 229031,Hull,1
reception@casahotels.co.uk,Casa Hotel,01246 245999,Mansfield,1
reception@castlegreen.co.uk,Castle Green Hotel - managed by Legacy Hotels and Resorts,01539 734000,Kendal,1
reception@cavendishbaslow.co.uk,The Cavendish Hotel at Baslow,01246 582311,Chesterfield,1
reception@chequerslodge.co.uk,Chequers Lodge,07501 877948,Barrow-in-Furness,1
reception@chyanmor.co.uk,Chy-An-Mor,01736 363441,Penzance,1
reception@clevehotel.com,The Cleve,01823 662033,Taunton,1
reception@corner-house.co.uk,The Corner House Hotel,01823 214870,Taunton,1
reception@corselawn.com,Corse Lawn House,01452 780771,Gloucester,1
reception@cottageinthewood.co.uk,The Cottage in the Wood,01684 588860,Malvern,1
reception@countyhotel.co.uk,"The County Hotel, Newcastle",0191 731 6670,Newcastle upon Tyne,1
reception@cumberlandbournemouth.co.uk,The Cumberland Hotel Bournemouth,01202 298350,Bournemouth,1
reception@dixiedean-hotel.co.uk,The Dixie Dean Hotel,0151 837 0702,Liverpool,1
reception@dolphinhotelexmouth.co.uk,Dolphin Hotel,01395 263832,Exmouth,1
reception@dormyhouse.co.uk,Dormy House,01386 852711,Evesham,1
reception@drumoiggolfhotel.com,Drumoig Golf Hotel,01382 541800,Arbroath,1
reception@elephanthotel.co.uk,The Elephant Hotel,0118 984 2244,Thatcham,1
reception@elevendidsburypark.co.uk,Eleven Didsbury Park,0161 448 7711,Stockport,1
reception@elfordleigh.co.uk,Elfordleigh Hotel,01752 336428,Plymouth,1
reception@escapehotelscumbria.co.uk,Escape Hotel Cumbria Ltd,01229 837678,Barrow-in-Furness,1
reception@fairlawns.co.uk,Fairlawns Hotel and Spa,,Dudley,1
reception@flintmountainparkhotel.co.uk,Flint Mountain Park Hotel,01352 736000,Neston,1
reception@forestlodgehotel.co.uk,The Forest Lodge Hotel,01623 824443,Mansfield,1
reception@fortroadhotel.com,Fort Road Hotel,01843 661313,Margate,1
reception@frameshotel.co.uk,Frames Hotel,0151 203 3311,Crosby,1
reception@garstanghotelandgolf.com,Garstang Country Hotel,01995 600100,Fulwood,1
reception@george-hotel.co.uk,St George Hotel,01634 841012,Chatham,1
reception@globeinngosforth.co.uk,The Globe Inn,019467 25548,Whitehaven,1
reception@gorsehillsurrey.com,Gorse Hill Hotel Surrey,01483 747444,Guildford,1
reception@grovehousehotel.ltd.uk,Grove House Hotel,01394 382202,Ipswich,1
reception@hartshotel.co.uk,Hart's Hotel and Kitchen,0115 988 1900,Nottingham,1
reception@hatton-court.co.uk,Hatton Court Hotel,01452 228740,Gloucester,1
reception@headlamhall.co.uk,Headlam Hall Hotel & Rural Retreat,01325 730238,Darlington,1
reception@headlandhotel.co.uk,The Headland,01637 872211,Newquay,1
reception@hindeshotel.com,The Hindes Hotel,020 8427 7468,Harrow,1
reception@hotelanacapri.net,Anacapri,01326 311454,Falmouth,1
reception@hotelvara.co.uk,Hotel VARA,01872 272450,Truro,1
reception@hqaparthotel.co.uk,HQ Aparthotel Farnborough,07792 375592,Farnborough,1
reception@hunterslodgehotel.co.uk,Hunters Lodge Hotel,01461 338214,Carlisle,1
reception@hytheimperialhotel.com,Hythe Imperial Hotel,01303 267441,Ashford,1
reception@imperialhotelblackpool.co.uk,The Imperial Hotel,01253 623971,Blackpool,1
reception@kentisburygrange.com,Kentisbury Grange,01271 545008,Barnstaple,1
reception@ketteringparkhotel.co.uk,Kettering Park Hotel & Spa,01536 416666,Kettering,1
reception@knowsleyinn.co.uk,Knowsley Inn and Lounge,0151 549 2700,St Helens,1
reception@lancashiremanorhotel.com,Lancashire Manor Hotel,01695 567260,Wigan,1
reception@lcyhotel.com,LCY Hotel,020 7473 5265,Eltham,1
reception@lindethfell.com,Lindeth Fell Country House,015394 43286,Kendal,1
reception@linkshotel.com,Links Hotel,01674 671000,Arbroath,1
reception@lodgeatbristol.co.uk,Lodge at Bristol,01454 201777,Bristol,1
reception@lodgeatsolent.co.uk,Lodge at Solent,01489 880035,Fareham,1
reception@makeney.co.uk,Makeney Hall Hotel,01332 845704,Derby,1
reception@mansionhousehotel.co.uk,Mansion House Hotel,01343 548811,Elgin,1
reception@middletonsyork.co.uk,Middletons Hotel,01904 611570,Middleton,1
reception@milfordhallhotel.com,Milford Hall Salisbury,01722 417411,Andover,1
reception@millstream-hotel.co.uk,The Millstream Hotel & Sea School Restaurant,01243 573234,Havant,1
reception@modjamodja.com,Modja Modja House,,Margate,1
reception@moretonpark.co.uk,Moreton Park Hotel,01691 776666,Oswestry,1
reception@mountpleasanthotel.co.uk,Mount Pleasant Hotel,01684 561837,Worcester,1
reception@myttonfold.co.uk,Mytton Fold Hotel,01254 240662,Blackburn,1
reception@newarkhotel.co.uk,Newark Hotel,01733 569811,Peterborough,1
reception@northeustonhotel.com,The North Euston Hotel,01253 876525,Fleetwood,1
reception@oakfarmhotel.com,Oak Farm Hotel,01543 462045,Stafford,1
reception@oceanbeachbournemouth.co.uk,Ocean Beach Hotel & Spa,01202 298350,Bournemouth,1
reception@orestonemanor.co.uk,Orestone Manor,01803 897511,Newton Abbot,1
reception@parkhallhotelandspa.co.uk,Park Hall Hotel & Spa,01902 349510,Wolverhampton,1
reception@penmorvah.co.uk,Penmorvah Manor Hotel,01326 250277,Falmouth,1
reception@psaltersheffield.co.uk,The Psalter,0114 349 6956,Sheffield,1
reception@quorncountryhotel.co.uk,Quorn Country Hotel,01509 415050,Loughborough,1
reception@redlionhotelbasingstoke.com,The Red Lion Hotel,01256 328525,Basingstoke,1
reception@redlionleisurepark.com,Red Lion Holiday Park,01241 872038,Arbroath,1
reception@regencyparkhotel.co.uk,Regency Park Hotel,01635 871555,Newbury,1
reception@retreateast.co.uk,Retreat East,01449 760480,Ipswich,1
reception@ringwoodhallhotel.com,Ringwood Hall Hotel & Spa,01246 280077,Sheffield,1
reception@rosemaryhouseaccommodation.co.uk,Rosemary House Accommodation,07922 229703,Portishead,1
reception@royal-southern.co.uk,Royal Southern Yacht Club,023 8045 0300,Eastleigh,1
reception@royalswan-ashleymanor.com,"Royal Swan, Ashley Manor - Bed and Breakfast",01329 835557,Eastleigh,1
reception@royalvichotel.co.uk,Royal Victoria Hotel,01424 445544,Hastings,1
reception@roydonmarinavillage.co.uk,Roydon Marina Village,01279 792777,Harlow,1
reception@ruskinhotel.com,Ruskin Hotel & Suites,01253 624063,Blackpool,1
reception@rutlandhall.co.uk,Rutland Hall Hotel & Spa and Rutland Hall Hotel Leisure,01572 757901,Peterborough,2
reception@salomons-estate.com,Salomons Estate and Accommodation at Salomons Estate,01892 515152,Tunbridge Wells,2
reception@saramlodgelichfield.co.uk,Saram Lodge Lichfield,01543 580081,Lichfield,1
reception@shrubberyguesthouse.com,Shrubbery Guest House,01905 24871,Worcester,1
reception@solenthotel.co.uk,Solent Hotel & Spa,01489 880000,Fareham,1
reception@st-mellion.co.uk,St Mellion Estate,01579 351351,Saltash,1
reception@stanneylands.co.uk,The Stanneylands,01625 525225,Macclesfield,1
reception@star-and-garter.co.uk,The Star & Garter,01264 323332,Andover,1
reception@stmargaretsholidays.co.uk,St Margaret's Park,01726 74283,St Austell,1
reception@sydneyhousechelsea.co.uk,Sydney House Chelsea,020 7376 7711,London,1
reception@taplowhouse.com,Taplow House Hotel & Spa,01628 670056,Maidenhead,1
reception@telstar-hotel.co.uk,Telstar Hotel,01392 272466,Exeter,1
reception@templestowe.co.uk,The Templestowe Hotel,01803 299499,Torquay,1
reception@the-inglenook.com,Inglenook,01243 262495,Chichester,1
reception@the-yorkshire.co.uk,The Yorkshire,01423 706700,Harrogate,1
reception@the55lemirage.com,The 55 by Le Mirage,020 4502 5800,London,1
reception@theairmanhotel.com,The Airman Hotel,01462 850853,Bedford,1
reception@thebeachweston.co.uk,The Beach Hotel Weston-super-Mare,01934 284777,Weston-super-Mare,1
reception@theblackswan.co.uk,The Black Swan,0161 222 4444,Warrington,1
reception@thebridgehotel.com,The Bridge Hotel Greenford,020 8566 6246,Wembley,1
reception@thechestertonhotel.com,The Chesterton Hotel,01869 326550,Bicester,1
reception@thecorbetarms.com,The Corbet Arms,01743 709232,Shrewsbury,1
reception@thecottagehotel.co.uk,The Cottage Hotel,0115 984 6882,Nottingham,1
reception@thecrescenthotel.com,The Crescent Hotel,01723 507507,Scarborough,1
reception@theexchangebrigg.co.uk,The Exchange Hotel,01652 288051,Scunthorpe,1
reception@thefishhotel.co.uk,The Fish Hotel,01386 858000,Evesham,1
reception@thegainsboroughhotel.co.uk,Gainsborough Hotel,020 8159 2773,Gainsborough,1
reception@thegeorge-montrose.co.uk,The George Hotel,01674 675050,Arbroath,1
reception@thegeorgeboa.co.uk,The George at Woolley,01225 865650,Trowbridge,1
reception@thehighfield.com,The Highfield,01274 611111,Bradford,1
reception@thehillbrook.co.uk,"The Hillbrook Hotel, Restaurant & Bar",01935 726900,Yeovil,1
reception@thehotelchester.co.uk,The Hotel Chester,0800 246 1100,Neston,1
reception@thejerseyarms.co.uk,The Jersey Arms,01869 343234,Bicester,1
reception@thelincolnsuites.com,The Lincoln Suites,020 3995 0080,London,1
reception@thelionworksop.co.uk,Lion Hotel & Restaurant,01909 303996,Worksop,1
reception@themickleton.co.uk,Three Ways House Hotel,01386 438429,Evesham,1
reception@theoldschoolhotel.co.uk,The Old School Hotel,01208 880721,Bodmin,1
reception@thepriesthouse.co.uk,The Priest House Hotel,01332 810649,Derby,1
reception@thequeensleeds.co.uk,The Queens Hotel,0113 243 1323,Leeds,1
reception@theredlioneastbergholt.co.uk,The Red Lion,01206 803406,Colchester,1
reception@theregentcambridge.com,The Regent Aparthotel,01223 351470,Cambridge,1
reception@thestuarthotel.co.uk,Stuart Hotel,0151 829 9329,Bootle,1
reception@thethatchinn.co.uk,The Thatch Inn,01452 228741,Gloucester,1
reception@thetrouvillebournemouth.com,The Trouville Bournemouth,01202 552262,Bournemouth,1
reception@thewinchesterhotel.co.uk,The Winchester Hotel & Spa,01962 709988,Andover,1
reception@thorpeparkhotel.co.uk,Thorpe Park Hotel & Spa,0113 264 1000,Leeds,1
reception@torland.co.uk,The Torland hotel - Paignton Seafront,07955 544888,Paignton,1
reception@trethem.com,Trethem Mill Touring Park,01872 580504,Truro,1
reception@treventon.co.uk,Treventon Guest House,01736 332730,Penzance,1
reception@victoriacolonnade.co.uk,Victoria Colonnade ApartHotel,07719 501917,Leamington Spa,1
reception@warbrookhouse.com,Warbrook House,0118 973 2174,Basingstoke,1
reception@warkworthhousehotel.co.uk,Warkworth House Hotel,01665 711276,Morpeth,1
reception@warringtonm6motel.com,Warrington M6 Motel J20/M6 Lymm Services,01925 759015,Warrington,1
reception@westbeachhotel.co.uk,West Beach Hotel Brighton,,Brighton,1
reception@whitehartwinchcombe.co.uk,White Hart Inn,01242 501753,Evesham,1
reception@willingtonhall.co.uk,Willington Hall,01829 752321,Northwich,1
reception@willowbankcp.co.uk,Willowbank Holiday Home & Touring Park,01704 571566,Formby,1
reception@winchesterroyalhotel.com,Winchester Royal Hotel,0330 102 7242,Andover,1
reception@winckleystays.co.uk,Winckley Stays,0800 246 5555,Preston,1
reception@winteringhamfields.co.uk,Winteringham Fields,01724 733096,Scunthorpe,1
reception@wortleyhousehotel.co.uk,The Wortley House Hotel,01724 842223,Scunthorpe,1
reception@wroxallhotel.co.uk,Wroxall Abbey Hotel & Restaurant,01926 945200,Warwick,1
reception@wychwoodparkhotel.com,Wychwood Park Hotel - Managed by Legacy Hotels and Resorts,01270 820000,Crewe,1
reception@wycliffe-hotel.com,The Wycliffe,0161 477 5395,Stockport,1
reception@ybcap.com,Pelican London Hotel & Residence,020 8767 9767,Croydon,1
reception_sheffield@sandmanhotels.co.uk,Sandman Signature Sheffield Quays Hotel and 2 other hotels,0114 252 5500,Sheffield,3
recruitment@dorbiere.co.uk,Oak Tree Inn,01207 235445,Consett,1
redbarnsbandb@gmail.com,Red Barns Bed & Breakfast,01642 054124,Middlesbrough,1
redcarstaycations@gmail.com,The Beach Side and Redcar Staycations,07467 463107,Redcar,2
redlion@anjunagroup.co.uk,The Red Lion,01604 770223,Northampton,1
redlion@youngs.co.uk,Red Lion (Hotel) and Red Lion,01923 855341,Hemel Hempstead,2
redlionepworth@btinternet.com,The Red Lion Steakhouse & Hotel,01427 872208,Scunthorpe,1
redlionhotel@fullers.co.uk,The Red Lion Hotel,01895 236860,Hayes,1
redlionlacock@wadworth.co.uk,Red Lion,01249 730456,Chippenham,1
redwoodlodgeguesthouse@yahoo.com,Redwood Lodge,01373 823949,Trowbridge,1
registrars@oldham.gov.uk,The White Hart Inn at Lydgate,01457 872566,Oldham,1
relax@bethnalandbec.com,Bethnal&Bec Luxury Stays,07790 901051,Stevenage,1
relax@beverleyarms.co.uk,The Beverley Arms Hotel,01482 296999,Beverley,1
relax@bullsheadearlswood.co.uk,The Bulls Head,01564 700368,Redditch,1
relax@costislosthouse.co.uk,Costislost House,,Bodmin,1
relax@crownpooleybridge.co.uk,Crown Inn Pooley Bridge,017684 25869,Penrith,1
relax@millstonemellor.co.uk,"The Millstone, Mellor",01254 813333,Blackburn,1
relax@nottermill.co.uk,Notter Mill Country Park,01752 843694,Saltash,1
relax@rutlandruralretreats.com,Rutland Rural Retreats,07966 413142,Corby,1
relax@theleicester.com,The Leicester,01704 530049,Southport,1
relax@theroyalheysham.co.uk,The Royal at Heysham,01524 859298,Morecambe,1
relax@tollhouseinnlancaster.co.uk,Toll House Inn,01524 599900,Lancaster,1
renata.spatinova@googlemail.com,Woolpack Inn,01892 730356,Maidstone,1
res@abbotsmeadhotel.co.uk,Abbots Mead Hotel,01743 235281,Shrewsbury,1
res@chatsworthescapes.co.uk,The Hide Hotel and The Beeley Inn,01246 383572,Chesterfield,2
res@longfieldguesthouse.co.uk,Longfield Guest House,01304 204716,Dover,1
res@thelodgehotellondon.com,The Lodge Hotel Putney,020 8874 1598,Kingston upon Thames,1
reservas@smartrental.com,Malacuna Birmingham,0121 790 0790,West Bromwich,1
reservation@deepcutlodge.com,Deepcut Lodge Bed and Breakfast Self Service,07586 270722,Camberley,1
reservation@hamptonsbrighton.com,Hamptons Brighton,07312 098151,Brighton,1
reservation@harmondsworthhall.com,Harmondsworth Hall Guest House,07484 103024,Hayes,1
reservation@himleycountryhotel.com,Himley Country Hotel,01902 896716,Wolverhampton,1
reservation@reeflodges.com,Reef Lodge and Town Lodge,07990 450278,Newquay,2
reservations.ampfield@heartwoodinns.com,"The Potter's Heron, A Heartwood Inn",01794 328199,Winchester,1
reservations.baylis@skhotels.co.uk,Baylis Park Hotel,01753 555506,Slough,1
reservations.dorking@heartwoodinns.com,"The White Horse, A Heartwood Inn",01306 881138,Redhill,1
reservations.emsworth@heartwoodinns.com,"The Ropemaker, A Heartwood Inn",01243 373363,Havant,1
reservations.eppingforest@heartwoodinns.com,"The Royal Forest, A Heartwood Inn",020 8149 7879,London,1
reservations.godalming@heartwoodinns.com,"The Ragged Robin, A Heartwood Inn",01483 671555,Guildford,1
reservations.lewes@heartwoodinns.com,"The White Hart, A Heartwood Inn",01273 476694,Burgess Hill,1
reservations.marlow@heartwoodinns.com,"The George & Dragon, A Heartwood Inn",01628 337274,High Wycombe,1
reservations.newbury@heartwoodinns.com,"The Coat & Bear, A Heartwood Inn and The Coat & Bear",01635 286440,Basingstoke,2
reservations.newbury@oridahotels.com,Orida Hotel Newbury,01635 247010,Newbury,1
reservations@abbey-hotel.net,Abbey Hotel & Conference Centre,01795 872873,Southend-on-Sea,1
reservations@alderleyedgehotel.com,Alderley Edge Hotel & Restaurant,01625 583033,Macclesfield,1
reservations@altonhousehotel.com,Alton House Hotel,01420 80033,Basingstoke,1
reservations@angelpostinghouse.com,The Angel Hotel,01483 564555,Guildford,1
reservations@apollohotels.com,Apollo Hotel Basingstoke,01256 796700,Basingstoke,1
reservations@ardenhotel.co.uk,Arden Hotel & Leisure Club,01675 443221,Solihull,1
reservations@ardingtonhotel.co.uk,Ardington Hotel,01903 230451,Worthing,1
reservations@ashleycourthotel.co.uk,Ashley Court Hotel,01264 369111,Andover,1
reservations@avishotel.co.uk,Avis Hotel,020 8460 4033,Eltham,1
reservations@barnstaplehotel.co.uk,The Barnstaple Hotel,01271 376221,Barnstaple,1
reservations@baseservicedapartments.com,Base Serviced Apartments - Duke Street,0151 702 9222,Bebington,1
reservations@bayhorsemasham.com,The Bay Horse,01765 688158,Ripon,1
reservations@bedford-hotel.com,The Bedford Hotel,01253 724636,Wigan,1
reservations@bicesterhgs.com,Bicester Hotel Golf and Spa,01869 241204,Bicester,1
reservations@blackhorseinnkirkbyfleetham.com,Black Horse Inn,01609 749010,Northallerton,1
reservations@blvdhotel.co.uk,Boulevard Hotel,01253 336073,Blackpool,1
reservations@boarsheadripley.co.uk,The Boar's Head,01423 770152,Ripon,1
reservations@bookabedhostels.com,Book A Bed Hostel,020 8692 6219,Lewisham,1
reservations@bramahotels.com,Brama,020 3989 9090,Eltham,1
reservations@brend-imperial.co.uk,The Imperial Hotel,01271 345861,Barnstaple,1
reservations@bridgewetherby.co.uk,The Bridge Hotel & Spa,01937 580115,Selby,1
reservations@burnhambeecheshotel.com,Burnham Beeches Hotel & Spa,01628 429955,Slough,1
reservations@buxtoncresent.com,Champneys Henlow and 5 other hotels,0343 210 1462,Stevenage,6
reservations@bymansley.com,Strozzi Palace Suites by Mansley and Crescent Place by Mansley,020 7016 5900,Cheltenham,2
reservations@cacco.co.uk,Cacco - Contractor Accommodation,01536 609989,Corby,1
reservations@cantleyhotel.co.uk,Cantley House Hotel,0118 989 5100,Reading,1
reservations@carlyonbay.com,The Carlyon Bay Hotel,01726 812304,St Austell,1
reservations@carnoustiegolfhotel.com,Cotswold House Hotel & Spa and Carnoustie Golf Hotel & Spa,01386 840330,Evesham,2
reservations@cavehotels.com,Cave Hotel and Golf Resort,01227 752277,Faversham,1
reservations@chequershotelnewbury.co.uk,The Chequers Hotel,01635 38000,Newbury,1
reservations@chequerspubknebworth.co.uk,The Chequers Inn,01438 813216,Stevenage,1
reservations@cherrytree-bnb.com,The Cherry Tree Hotel & Café,07825 986160,Aylesbury,1
reservations@chevinhotel.co.uk,Chevin Country Park Hotel & Spa,01943 467818,Shipley,1
reservations@citysuites.com,CitySuites II Aparthotel and CitySuites Aparthotel,0161 302 0202,Salford,2
reservations@cliffdenhotel.com,Cliffden Hotel,01626 770052,Exmouth,1
reservations@cliftonmorecambe.com,The Clifton Seafront Hotel,07835 527471,Lancaster,1
reservations@clivedenhouse.co.uk,Cliveden House,01628 668561,High Wycombe,1
reservations@countyhotelgroup.co.uk,The County Hotel,01245 455700,Chelmsford,1
reservations@crabwallhotel.co.uk,Crabwall Manor Hotel & Spa - managed by Legacy Hotels and Resorts,01244 851666,Warrington,1
reservations@crowngroupofhotels.com,"Bloomsbury Palace Hotel | Crown Group | Gower Street London | Hotels Near Tottenham Court Road, Euston Sq & Goodge Street and Great St Helen Hotel | Crown Group of Hotels | London Liverpool Street | Hotel in City of London",020 7636 5801,London,2
reservations@crownhotel-bawtry.com,The Crown Hotel,01302 710341,Doncaster,1
reservations@crownpubandrooms.co.uk,The Crown At Worthington,01257 818015,Wigan,1
reservations@dolvean.co.uk,Dolvean House,01326 313658,Falmouth,1
reservations@donnington-grove.com,Donnington Grove Hotel and Country Club,01635 581000,Newbury,1
reservations@donningtonmanor.com,Donnington Manor Hotel,01732 462681,Orpington,1
reservations@dparys.co.uk,"D'Parys, Bedford",01234 340248,Bedford,1
reservations@edgbastonhouse.co.uk,Edgbaston House,0121 818 4040,Smethwick,1
reservations@elyhousehotel.co.uk,Ely House Hotel,01902 311311,Wolverhampton,1
reservations@esplanadehotelnewquay.co.uk,The Esplanade Hotel Newquay,01637 873333,Newquay,1
reservations@fightingcockssa.com,Ye Olde Fighting Cocks,01727 869152,Hemel Hempstead,1
reservations@fistralbeachhotel.co.uk,Fistral Beach Hotel and Spa,01637 852221,Newquay,1
reservations@formbyhallgolfresort.co.uk,Formby Hall Golf Resort & Spa,01704 875699,Southport,1
reservations@fountainhouseripon.co.uk,Fountain Guest House,01765 606012,Ripon,1
reservations@foxatwillian.co.uk,The Fox at Willian,01462 480233,Stevenage,1
reservations@gainsboroughhotel.co.uk,Gainsborough House Hotel,01562 820041,Dudley,1
reservations@glendevonhotel.co.uk,Glendevon House Hotel,020 8467 2183,Bromley,1
reservations@goodringtonsandshotel.co.uk,Goodrington Sands Apart-Hotel,01803 900019,Paignton,1
reservations@grandhoteltynemouth.co.uk,Grand Hotel Tynemouth,0191 293 6666,South Shields,1
reservations@grangehotels.com,Grange Portland Hotel,020 7580 7088,London,1
reservations@granthamarms.co.uk,Grantham Arms,01423 323980,Ripon,1
reservations@greatnorthhotel.co.uk,Great North Hotel,0191 226 8855,Cramlington,1
reservations@greenbank-hotel.co.uk,The Greenbank Hotel,01326 312440,Truro,1
reservations@grosvenorpulfordhotel.co.uk,Grosvenor Pulford Hotel & Spa,01244 570560,Elgin,1
reservations@guildfordmanor.com,Guildford Manor Hotel & Spa,01483 222624,Guildford,1
reservations@haddonhallhotel.co.uk,Haddon Hall Hotel,01323 640953,Eastbourne,1
reservations@hamptonmanor.com,Hampton Manor,,Solihull,1
reservations@hellabyhallhotel.co.uk,Hellaby Hall Hotel,01709 702701,Doncaster,1
reservations@hintleshamhall.com,Hintlesham Hall Hotel,01473 652334,Ipswich,1
reservations@hollinhousehotel.co.uk,Hollin House Hotel,01625 573246,Macclesfield,1
reservations@hotelclementine.co.uk,Hotel Clementine,01904 640101,York,1
reservations@hotelcontinental.co.uk,Fisherman's huts,01227 280280,Canterbury,1
reservations@hotelinpeterborough.co.uk,The Queensgate Hotel,01733 562572,Peterborough,1
reservations@houseoffisher.com,House Of Fisher 100 Kings Road,0118 951 4151,Reading,1
reservations@innmail.co.uk,Royal Wells - Tunbridge Wells and The Wynnstay Hotel & Restaurant,01892 511188,Tunbridge Wells,2
reservations@jamesplaces.co.uk,Waddington Arms | Hotel & Restaurant,01200 423262,Burnley,1
reservations@jephsonhotel.co.uk,The Jephson Hotel,01926 699229,Leamington Spa,1
reservations@judgescourt.co.uk,Judges Court,01904 676184,York,1
reservations@lairdshouse.com,Lairds House,01670 823222,Cramlington,1
reservations@lakedistricthotels.net,The Inn on the Lake,017684 82444,Penrith,1
reservations@lakesideinthotel.com,Lakeside International Hotel,01252 838000,Guildford,1
reservations@lansdowngrove.co.uk,Lansdown Grove Hotel,01225 483888,Bath,1
reservations@lehost-stonehouse.com,Stone House Hotel,01785 815531,Stoke-on-Trent,1
reservations@limewood.co.uk,Lime Wood Hotel,023 8028 7177,Totton,1
reservations@lionquays.co.uk,Langstone Quays Resort and Lion Quays Resort & Spa,023 9246 5011,Portsmouth,2
reservations@londonhousehotels.com,London House Hotel,020 7243 1810,London,1
reservations@luxuryfamilyhotels.co.uk,Woolley Grange and Fowey Hall Hotel,01225 864705,Trowbridge,2
reservations@lygonarmshotel.co.uk,The Lygon Arms,01386 852255,Evesham,1
reservations@lyndenehotel.co.uk,Lyndene Hotel,01253 346779,Blackpool,1
reservations@maitrisehotels.com,Maitrise Hotel Maida Vale - London,020 7625 8532,Barnet,1
reservations@mansfieldlodgehotel.co.uk,Mansfield Lodge Hotel,01623 627324,Mansfield,1
reservations@mansiosuites.com,Mansio Suites Basinghall and Mansio Suites Headrow,0113 800 0400,Leeds,2
reservations@mara-boutique-hotel.co.uk,Mara Boutique Apartments,07879 232187,West Bromwich,1
reservations@marinehotel-hartlepool.com,The Marine Hotel,01429 266244,Hartlepool,1
reservations@millhotel.com,The Mill Hotel & Spa,01244 350035,Neston,1
reservations@modehotel.co.uk,Mode Hotel and 3 other hotels,01253 713535,Southport,5
reservations@morethanjustabed.com,The Chambers - Hotel & Serviced Apartments,0113 386 3300,Leeds,1
reservations@muthuhotelsmgm.com,Muthu Westcliff Hotel and 2 other hotels,01702 345247,Southend-on-Sea,3
reservations@ncchotelgroup.co.uk,Manor Hotel Solihull,01676 522735,Nuneaton,1
reservations@newcontinental.co.uk,New Continental Hotel,01752 220782,Plymouth,1
reservations@no131.com,No.131,01242 822939,Cheltenham,1
reservations@noordinaryhospitality.com,Coombe Abbey Hotel,024 7645 0450,Nuneaton,1
reservations@northdevonresort.com,North Devon Resort,01271 623130,Barnstaple,1
reservations@oldshipbrighton.co.uk,The Old Ship Hotel,01273 329001,Brighton,1
reservations@oldstonetrough.co.uk,Old Stone Trough,01282 844844,Burnley,1
reservations@oldvinewinchester.com,The Old Vine,01962 854616,Andover,1
reservations@orlalindfield.co.uk,Orla Restaurant & Rooms,01444 217889,Haywards Heath,1
reservations@parkhotel-redcar.com,The Park Hotel,01642 490888,Hartlepool,1
reservations@parkhotel.co.uk,The Park Hotel,01271 372166,Barnstaple,1
reservations@parkhousehotel.com,"Park House, Hotel & Spa",01730 819000,Chichester,1
reservations@parkhousehotelshifnal.co.uk,Park House Hotel,01952 460128,Telford,1
reservations@parkmontrose.com,Park Hotel,01674 663400,Arbroath,1
reservations@passthekeys.co.uk,Silverwood,07376 978410,Telford,1
reservations@peacockhotel.com,The Peacock Hotel,01926 851156,Leamington Spa,1
reservations@penmere.co.uk,Penmere Manor Hotel,01326 211411,Falmouth,1
reservations@pillorooms.com,Pillo Rooms - Salford,0161 883 7630,Salford,1
reservations@princeregent-hotel.com,Prince Regent Hotel London Excel,020 7474 2227,Woolwich,1
reservations@princeruperthotel.co.uk,Prince Rupert Hotel,01743 499955,Shrewsbury,1
reservations@queenshotelportsmouth.com,The Queens Hotel Portsmouth,023 9282 2466,Portsmouth,1
reservations@ramsidehallhotel.co.uk,Ramside Hall Hotel,0191 386 5282,Chester-le-Street,1
reservations@redwoodstays.com,Everest Lodge Serviced Apartments By REDWOOD STAYS and Premium Homes And Apartments By Redwood Stays,01252 988517,Farnborough,2
reservations@risleyguesthouse.co.uk,Risley Guest House,07581 281377,Beeston,1
reservations@riverartsclub.com,River Arts Club,01628 540561,Maidenhead,1
reservations@rockwelleast.com,The Rockwell,020 3597 3532,London,1
reservations@royalduchy.com,The Royal Duchy Hotel,01326 313042,Truro,1
reservations@royalfortescue.co.uk,The Royal and Fortescue Hotel,01271 342289,Barnstaple,1
reservations@royalhotelweston.com,The Royal Hotel,01934 423100,Weston-super-Mare,1
reservations@salthouseharbour.co.uk,Salthouse Harbour Hotel and Spa,01473 226789,Ipswich,1
reservations@sancluhotel.co.uk,"San Clu, Hotel Bar & Brasserie",01843 592345,Ramsgate,1
reservations@sauntonsands.com,Saunton Sands Hotel,01271 890212,Barnstaple,1
reservations@schoollanehotel.co.uk,School Lane Hotel in Liverpool ONE,0151 705 2292,Liverpool,1
reservations@shepherds-inn.co.uk,The Shepherds Inn,01768 881463,Penrith,1
reservations@shillingfordbridgehotel.co.uk,Shillingford Bridge Hotel,01865 858567,Abingdon,1
reservations@shrigleyhallhotelandspa.co.uk,Shrigley Hall Hotel & Spa,01625 575757,Stockport,1
reservations@sketchleygrangehotel.co.uk,Sketchley Grange Hotel & Spa,01455 251133,Nuneaton,1
reservations@skiptonhotel.co.uk,Skipton Hotel,01756 700100,Keighley,1
reservations@smartcorporatestays.com,Aspley House,07454 488112,Sutton-in-Ashfield,1
reservations@somewhere-tostay.co.uk,Somewhere To Stay,07836 768054,Reading,1
reservations@southsea-studios.co.uk,Southsea Studios,023 9343 0101,Portsmouth,1
reservations@st-andrews-hotel.com,St Andrews Hotel,01392 276784,Exeter,1
reservations@staycozy.com,StayCozy Studio Apartments in Croydon,020 4600 4424,Croydon,1
reservations@stgileshousenorwich.com,St Giles House,01603 275180,Norwich,1
reservations@stmawes.com,St Mawes Hotel & Restaurant,01326 270270,Truro,1
reservations@stonecourthouse.com,Stone Court House Hotel & Weddings,01622 200391,Maidstone,1
reservations@swansnesthotel.co.uk,Swan's Nest Hotel,01789 266804,Stratford-upon-Avon,1
reservations@swintonestate.com,Swinton Estate and Swinton Park Hotel,01765 680900,Ripon,2
reservations@thebankhotel.uk,The Bank Hotel,020 8594 3604,Ilford,1
reservations@thebrucearms.com,The Bruce Arms,01677 470325,Ripon,1
reservations@thecastlecollection.co.uk,The Castle Collection Apartments,0151 515 1500,Wallasey,1
reservations@thecliftonhotel.com,Voco The Clifton Folkestone,01303 851231,Folkestone,1
reservations@thecontinental-hotel.com,"The Continental Hotel and Spa, Hounslow (Near Heathrow)",020 8572 3131,Hounslow,1
reservations@thecornwall.com,The Cornwall Hotel & Spa and Woodland Lodges at The Cornwall,01726 874050,St Austell,2
reservations@thedriftwoodbexhill.co.uk,The Driftwood,01424 732584,Hastings,1
reservations@thegainsboroughbathspa.co.uk,The Gainsborough Bath Spa,01225 358888,Bath,1
reservations@thegreatbarrhotel.com,The Great Barr Hotel Birmingham,0121 357 1141,Walsall,1
reservations@theholliesretreats.co.uk,STAY on the High Steet,0333 015 1320,Northwich,1
reservations@thehugo.co.uk,The Hugo Canterbury,01227 209903,Canterbury,1
reservations@thekingfisherbedford.co.uk,The Kingfisher Bedford,01234 270044,Bedford,1
reservations@thelansdowne.co.uk,The Lansdowne Hotel,01926 450505,Leamington Spa,1
reservations@thelionhotelshrewsbury.com,The Lion Hotel,01743 353107,Shrewsbury,1
reservations@thelismorehotel.co.uk,OYO Lismore Hotel,01295 267661,Banbury,1
reservations@themilneryork.com,The Milner York,01904 653681,York,1
reservations@thenewinnhotel.co.uk,The New Inn Hotel,01789 293402,Stratford-upon-Avon,1
reservations@theoldebarnhotel.co.uk,The Barn Hotel & Spa,01400 250909,Grantham,1
reservations@thepepperedpig.co.uk,The Pig Inn & The Peppered Pig,01405 516368,Goole,1
reservations@theploughia.co.uk,The Plough Itchen Abbas,01962 779191,Winchester,1
reservations@thequeensberry.co.uk,The Queensberry Hotel,01225 447928,Bath,1
reservations@theregenthotel.co.uk,The Regent Hotel,01302 364180,Doncaster,1
reservations@thesirthomas.co.uk,The Sir Thomas Hotel,0151 236 1366,Bootle,1
reservations@thestaffoflife.co.uk,The Staff Of Life,01332 862479,Burton-on-Trent,1
reservations@thestaycompany.com,"The Stay Company, Friar Gate and 2 other hotels",01332 460555,Derby,3
reservations@thestrathmore.co.uk,Strathmore Hotel,01524 888838,Lancaster,1
reservations@thetudorhotel.com,The Tudor Hotel,020 8429 0585,Watford,1
reservations@thew14hotel.co.uk,The W14 Kensington Hotel,020 7602 6600,London,1
reservations@tivertonhotel.co.uk,Tiverton Hotel Lounge & Venue,01884 256120,Tiverton,1
reservations@tottingtonmanor.co.uk,Tottington Manor Hotel,01273 957777,Worthing,1
reservations@townhouserooms.co.uk,Town House Rooms,07538 837611,Hastings,1
reservations@upperrockbrighton.com,Upper Rock Brighton Guest House,07831 026882,Brighton,1
reservations@urbanbreaks.co.uk,The Georgian Town House Hotel,0151 708 0856,Bebington,1
reservations@vanbrughhousehotel.co.uk,Vanbrugh House Hotel,01865 244622,Oxford,1
reservations@victoriahotel.co.uk,The Victoria Hotel & Source Spa,01395 512651,Exmouth,1
reservations@wellingtonapartments.co.uk,Wellington Apartments,01603 551665,Norwich,1
reservations@wembleyparkhotel.co.uk,Wembley Park Hotel,020 8903 9353,Wembley,1
reservations@whatleymanor.com,Whatley Manor Hotel & Spa,01666 822888,Chippenham,1
reservations@whiteharthotelharrogate.com,White Hart Hotel & Apartments,01423 505681,Harrogate,1
reservations@windermere-hotel.co.uk,"The Windermere Hotel, London",020 7834 5163,London,1
reservations@wycombeapartments.com,Wycombe Apartments,07779 583366,High Wycombe,1
reservations@yellowmountainhotel.uk,Yellow Mountain Hotel,01754 497917,Skegness,1
reservationscp@charlecotepheasanthotel.co.uk,Clarion Hotel Charlecote Pheasant,01789 335960,Leamington Spa,1
response@clevedonhall.co.uk,Clevedon Hall,01275 795895,Portishead,1
rest@northcotemanor.co.uk,Northcote Manor Hotel & Spa,01769 560501,Barnstaple,1
restaurant@thethorold.co.uk,The Thorold,01400 251849,Grantham,1
resv.hotel@myaerotel.com,Aerotel London,020 8745 9805,Hayes,1
retail@grace-son.co.uk,Grace & Son Guesthouse,,Aylesbury,1
rex_info@leonardohotels.com,The Rex - formerly Hotel Gotham Manchester,0161 413 0000,Bolton,1
richard.jane@rpca.co.uk,The Old Barn at Trymwood,0117 950 7303,Portishead,1
richardianclark@gmail.com,Beaufort Lodge,01823 326420,Taunton,1
ridgewayhouse@stfc.ac.uk,Ridgeway House,01235 445500,Didcot,1
rippingalebull@gmail.com,The Bull Inn,01778 440021,Grantham,1
risingsun@leafypubs.co.uk,The Rising Sun,01249 730363,Chippenham,1
rivelynhotel@yahoo.co.uk,Rivelyn Hotel,01723 363513,Scarborough,1
riverhouse@icardiff.co.uk,Number One Hundred Bed And Breakfast,029 2010 5590,Penarth,1
riverlaver@live.co.uk,River Laver Holiday Park,01765 690508,Ripon,1
rivernenecottages@gmail.com,River Nene Cottages,07778 625166,Peterborough,1
rob@beachboroughpark.org.uk,Beachborough Park,07496 428613,Folkestone,1
robbiejocampbell@btinternet.com,The Studio Bed and Breakfast,01380 871171,Trowbridge,1
rookerynookbandb@icloud.com,ROOKERY NOOK B&B,07946 756344,Guildford,1
rooms@abbotsgrange.com,Abbots Grange Manor House,020 8133 8698,Evesham,1
rooms@ambassadortownhouse.com,The Ambassador Townhouse,01704 543998,Southport,1
rooms@balincourt.co.uk,Balincourt Hotel & Guest House,01202 552962,Bournemouth,1
rooms@godalminghotel.co.uk,The Godalming Hotel,01483 421800,Guildford,1
rooms@lasuitehotel.com,La Suite West Hotel London,020 7313 8484,Edgware,1
rooms@oldmill-inn.co.uk,"The Old Mill Inn, Dearham",01900 510617,Workington,1
rooms@theroundabouthotel.co.uk,The Roundabout Hotel,01329 822542,Portsmouth,1
roomsattheinn@gmail.com,Rooms At The Inn Retford,07942 343849,Retford,1
roomsontheprom@outlook.com,Rooms on The Prom,01242 501581,Cheltenham,1
ros@pound-corner.co.uk,Pound Corner - Self catering short term accommodation,01483 418200,Godalming,1
rosaliehouse@btinternet.com,Rosalie House,01736 351202,Penzance,1
rose@ladderstileretreat.co.uk,Ladderstile Retreat,01260 223338,Congleton,1
roseandcrown@youngs.co.uk,Rose & Crown (Hotel) and Rose & Crown,020 8947 4713,Kingston upon Thames,2
rosecottageoulton@gmail.com,Rose Cottage Oulton,,Garforth,1
rosemaryshiel@gmail.com,Hogwarts Bed & Breakfast (B&B),07483 243513,Sittingbourne,1
rosemoorbandb@hotmail.com,Rosemoor,01726 871330,St Austell,1
rosscourtbournemouth@gmail.com,The Rosscourt,07984 670420,Christchurch,1
rowanbarnack@aol.com,Rowan House,01780 740705,Spalding,1
royalalbion@shepherd-neame.co.uk,Royal Albion Hotel,01843 868071,Ramsgate,1
royalhotel@shepherd-neame.co.uk,The Royal Hotel,01304 375555,Ramsgate,1
royaloakgreatayton@gmail.com,"Royal Oak, Great Ayton",01642 722361,Middlesbrough,1
royalservice.windsorpark@fairmont.com,Fairmont Windsor Park,01784 535555,Windsor,1
royalvictoria@southcoastinns.co.uk,The Royal Victoria And Bull Hotel,01322 224415,Dartford,1
rpmnsweeney@gmail.com,Sutton Guest House,0121 373 3251,Sutton Coldfield,1
rsvns@norbreckhotel.co.uk,Norbreck Hotel Scarborough by Compass Hospitality,01723 366607,Scarborough,1
rubyandnorm@gmail.com,Ruby's Rooms,07947 762174,Hastings,1
rubybarofficial@gmail.com,Ruby Pub & Hotel,01273 019637,Burgess Hill,1
rudyardhotel@outlook.com,Hotel Rudyard,01538 306208,Biddulph,1
rumahkultd@gmail.com,Brandon Penthouse,07539 026990,Havant,1
rupert@stavertonhall.co.uk,Staverton Hall B&B,07783 390136,Daventry,1
rutland10@outlook.com,10 Rutland Terrace B&B,07888 612012,Stamford,1
rutlandrooms@gmail.com,Rutland Rooms,01572 724407,Melton Mowbray,1
sales.reservations@wreaheadhall.co.uk,Wrea Head Hall Hotel,01723 371190,Scarborough,1
sales.scltd@outlook.com,Swan Hotel Upton on Severn,01684 594948,Malvern,1
sales@bathwindsorguesthouse.co.uk,The Windsor Townhouse,01225 422100,Bath,1
sales@beaconfellview.co.uk,Beacon Fell View Holiday Park & Touring Park,01772 783233,Preston,1
sales@bowlandretreatlodges.co.uk,Bowland Retreat Lodges,01200 898055,Clitheroe,1
sales@broadfieldspark.co.uk,Shaw Hall Holiday Park,01704 840298,Ormskirk,1
sales@china-fleet.co.uk,China Fleet Country Club,01752 848668,Saltash,1
sales@compasshospitality.com,Lord Nelson Hotel – Lime Street Station Liverpool by Compass Hospitality,0151 213 5948,Liverpool,1
sales@coppidbeech.com,The Coppid Beech,01344 303333,Bracknell,1
sales@crownparks.com,Seaton Estate,01241 872130,Arbroath,1
sales@fernlodgepreston.com,"contractor accommodation Preston, workmen accommodation, team stays, weekly rates, sleeps 8",01772 657888,Fulwood,1
sales@gordonhotel.co.uk,Gordon Hotel,01723 362177,Scarborough,1
sales@hoopsinn.co.uk,Hoops Inn & Country Hotel,01237 451222,Barnstaple,1
sales@hoppickers.co.uk,Hop Pickers Rural Retreats,01886 833668,Worcester,1
sales@hundith.com,Hundith Hill Hotel,01900 822092,Whitehaven,1
sales@ivyhillhotel.co.uk,Ivy Hill Hotel,01277 353040,Chelmsford,1
sales@newplacehotel.com,New Place Hotel,01329 833543,Eastleigh,1
sales@nicsell.com,The Berkeley Guest House,01524 418201,Morecambe,1
sales@onewarwickpark.co.uk,One Warwick Park Hotel,01892 520587,Tunbridge Wells,1
sales@pontlandspark.co.uk,Pontlands Park,01245 476444,Chelmsford,1
sales@porthveormanor.com,Porth Veor Manor Hotel,01637 873274,Newquay,1
sales@prestigecountryparks.co.uk,Moor Valley Country Park,01943 876083,Shipley,1
sales@primshortstays.com,The Linden Leaf and PRIM Short Stays - Houndsgate Court Apartments,,Beeston,2
sales@riverdaneholidaypark.co.uk,Riverdane Holiday Park,01260 291486,Congleton,1
sales@ropewalkshotel.co.uk,Ropewalks Hotel,0151 374 0004,Wallasey,1
sales@russell-hotel.com,The Russell Hotel,01892 544833,Tunbridge Wells,1
sales@saveraruislip.com,Savera Hotel,020 8845 8400,Harrow,1
sales@strattonhouse-hotel.co.uk,Stratton House,01767 312442,Bedford,1
sales@suttonholidays.com,Sutton Vale Country Park,01304 374155,Deal,1
sales@themount.co.uk,The Mount Hotel,01902 745263,Wolverhampton,1
sales@thesouthcliff.co.uk,The Southcliff Hotel,01303 850075,Folkestone,1
sales@ukleisureparks.co.uk,Poulton Plaiz Leisure Park,01253 888930,Poulton-le-Fylde,1
sales@umbrellaproperties.co.uk,Umbrella Properties UK - Woolwich,07879 639966,Eltham,1
sales@westtower.com,West Tower,01695 423328,Skelmersdale,1
sales@wybostonlakes.co.uk,Drift Inn at Wyboston Lakes,0333 700 7667,Bedford,1
salesteam@stavertonpark.com,Staverton Park Hotel & Golf Club,01327 220676,Rugby,1
sally@amcofm.co.uk,Templars Cross Lodge,07970 162753,Hitchin,1
sally@brackenhallhouse.co.uk,Bracken Hall House,07932 750715,Keighley,1
samanthabell85@hotmail.co.uk,The Oddfellows Arms,01977 682368,Castleford,1
sameastell@outlook.com,The Croft - self catering holiday cottage,07985 118176,Burnley,1
sanctuaryorders1@gmail.com,Sanctuary Inn,01246 942658,Chesterfield,1
sandersongrant@hotmail.com,Park Langley,020 8658 1930,Bromley,1
sandown.events@thejockeyclub.co.uk,Sandown Park Lodge,01372 461201,Epsom,1
saracenshead@arkells.com,"The Saracen's Head Hotel, Highworth",01793 762284,Swindon,1
sarah-aaran@partridge-lodge.co.uk,Partridge Lodge,01394 382843,Ipswich,1
sarah@thefivedials.co.uk,The Five Dials Inn,01460 55359,Taunton,1
sarahaldous1@me.com,Maidford Rectory Bed and Breakfast,01327 860203,Daventry,1
sawcliffemanorrentals@gmail.com,Sawcliffe Manor Country House & Cottages: Spa Facilities & Hen Parties,,Scunthorpe,1
sayhello@oldmanse.co.uk,The Old Manse Guest House,01298 25638,Buxton,1
scfletcher@live.co.uk,Catesby Barn Farm Luxury Bed & Breakfast,01327 704332,Daventry,1
schoolhousebandb@outlook.com,The School House Woolavington,01278 229024,Bridgwater,1
scourfieldfam@yahoo.co.uk,The Old House Holiday Cottages and B&B,01278 732392,Bridgwater,1
seabreezestay03@gmail.com,Southend Sea Breeze Stay,,Southend-on-Sea,1
seagate@youngs.co.uk,The Seagate (Hotel) and The Seagate,01237 472589,Bideford,2
secretwoodglamping@gmail.com,Secret Wood Glamping,07921 251634,Dronfield,1
sedgebrook.enquiries@thevenuescollection.co.uk,Sedgebrook Hall,01604 821666,Northampton,1
sefton.hotel@btconnect.com,Sefton Hotel,01262 674693,Bridlington,1
seftonlodgepaignton@yahoo.co.uk,Sefton Lodge,01803 557242,Paignton,1
service@essentialpropertyoptions.co.uk,Townhouse @ Birches Head Road and 4 other hotels,01782 971961,Stoke-on-Trent,5
service@stayandco.uk,Stay @The Wellington,0121 285 3705,Burton-on-Trent,1
service@thebrewersinncambridge.co.uk,The Brewers Inn,01223 861349,Cambridge,1
servicedapartments@futurelets.co.uk,Belgrade Plaza Serviced Apartments,07974 984584,Coventry,1
sgravells@btinternet.com,Sunny Bank Guest House,07788 927352,Hythe,1
shakespearecoalport@gmail.com,The Shakespeare Inn,01952 580675,Telford,1
shamrockguesthouse@gmail.com,Shamrock Guest House,01474 365557,Basildon,1
sheepheyfarm@gmail.com,The Paddock,01706 489486,Bury,1
sheila@theshipinn.net,The Ship Inn,01429 836453,Hartlepool,1
shelleyoliver29@yahoo.co.uk,Lodges Northumberland,07954 225950,Ashington,1
shipinn@youngs.co.uk,Ship Inn,01342 830822,East Grinstead,1
shiptrades@shepherd-neame.co.uk,Ship & Trades,01634 895200,Chatham,1
shireinn@gmail.com,The Shire Inn,01209 712691,Camborne,1
showroom@tradingboundaries.com,Trading Boundaries,01825 790200,Haywards Heath,1
sidneyarms.dorchester@phoenixpub.co.uk,Sydney Arms,01305 751696,Dorchester,1
simon@hullidays.co.uk,Hullidays,01482 585585,Hull,1
simon@tollgateinn.co.uk,The Tollgate Inn,01225 782326,Trowbridge,1
singlecote.hotel@gmail.com,Singlecote hotel,01754 481508,Skegness,1
sjwright@farming.co.uk,The Barn,01529 497199,Grantham,1
skylarkhouse@gmail.com,Skylark,020 8577 8455,Hounslow,1
skynightshotel@hotmail.com,Sky Nights Hotel London Heathrow,01895 479191,Hayes,1
slaleyhallhotelspagolfresort@theqhotelscollection.co.uk,"Slaley Hall Hotel, Spa & Golf Resort",01434 673350,Consett,1
sleep@frederickstreettownhouse.co.uk,Frederick Street Townhouse,0121 236 4653,Sutton Coldfield,1
sleep@supercityuk.com,The Jubilee by Supercity Aparthotels Leeds,0113 831 2291,Leeds,1
sleep@westergatehouse.com,Westergate House,07889 808749,Selby,1
smile@newfly.co.uk,The New Flying Horse Inn,01233 813414,Ashford,1
snoozefrome@gmail.com,Snoozefrome,07548 151404,Frome,1
soniataplin@yahoo.co.uk,Trevellion House,07713 394396,Shrewsbury,1
sophie@palmersalehouse.co.uk,Palmers Ale House & Kitchen,01406 365554,Spalding,1
sorrentohotel@aol.com,Sorrento Hotel,01223 243533,Cambridge,1
southendinnhotel@gmail.com,Southend Inn Hotel,01702 345466,Southend-on-Sea,1
spa.reservations@chewtonglen.com,Chewton Glen Hotel & Spa,01425 275341,Christchurch,1
spa@bedruthan.com,Bedruthan Hotel and Spa,01637 860860,Bodmin,1
space2@oldvicarage.org.uk,Space2 @ The Old Vicarage,01298 22794,Buxton,1
spottedcow927@pubpeople.net,The Spotted Cow,01332 501069,Belper,1
spreadeagle.gailey@marstons.co.uk,Spread Eagle,01902 790212,Bloxwich,1
spreadeaglewandsworth@youngs.co.uk,Spread Eagle (Hotel),020 8161 0038,Kingston upon Thames,1
springfieldhotel.darlington@phoenixpub.co.uk,Springfield Hotel,01325 288669,Darlington,1
stableoak@gmail.com,Stable Oak Cottages,07765 933338,Maidstone,1
staf@denewoodhotel.org.uk,Denewood Hotel,01202 394493,Bournemouth,1
standrewshousehotel@gmail.com,St. Andrew’s House Hotel,01772 720580,Preston,1
starandeagle@btconnect.com,Star & Eagle Hotel,01580 211512,Tonbridge,1
stationapproach888@gmail.com,Station Approach Hotel Station approach boutique stays,07833 291552,Solihull,1
stationhotel822@gmail.com,Station Hotel,,Norwich,1
stationhotel@youngs.co.uk,The Station (Hotel),020 8463 0367,Eltham,1
stay@10to12folkestone.co.uk,10 to 12 Folkestone,01303 210127,Folkestone,1
stay@1692wasdale.co.uk,1692 Wasdale,019467 25777,Whitehaven,1
stay@27brighton.com,27 Brighton,07899 976500,Brighton,1
stay@35kirkgate.com,35 Kirkgate,,Ripon,1
stay@ababeelhotel.com,Ababeel Hotel LTD,0121 448 6263,Solihull,1
stay@accwindsor.co.uk,Elizabeth Court Serviced Apartments Windsor and 3 other hotels,01753 202793,Windsor,4
stay@antoinettehotel.com,Antoinette Hotel Wimbledon,020 8546 1044,Kingston upon Thames,1
stay@ashburtonhotel.co.uk,Ashburton House,01723 374382,Scarborough,1
stay@avonparkhouse.com,Avonpark House,01789 417722,Stratford-upon-Avon,1
stay@balnabrechan.co.uk,Balnabrechan Lodge,07778 339426,Arbroath,1
stay@beeches-farmhouse.co.uk,Beeches Farmhouse Country Cottages & Rooms,07979 828581,Trowbridge,1
stay@bentleylodge.co.uk,Bentley Lodge Guest House / Bed and Breakfast (Book Direct for Best Rates),01803 925231,Torquay,1
stay@berylcountryhouse.com,Beryl Country House,01749 678738,Yeovil,1
stay@bestwesternsheffieldcity.com,Sheffield Metropolitan Hotel by Belvilla,0114 220 4000,Sheffield,1
stay@boathouselodge.co.uk,Boat House Lodge,01743 761014,Shrewsbury,1
stay@boleynhotel.com,The Boleyn Hotel,01784 455930,Staines,1
stay@bosanneth.co.uk,Bosanneth,01326 314649,Falmouth,1
stay@buttercrossestates.com,No. 31 Castle Gate and 2 other hotels,01636 385660,Newark,3
stay@camelothouse.co.uk,Camelot House,01903 204334,Worthing,1
stay@canterburycathedrallodge.org,Canterbury Cathedral Lodge Hotel,01227 865350,Canterbury,1
stay@carlton-court.co.uk,Carlton Court 5 Star Boutique Guest House,01803 200113,Torquay,1
stay@charterhousehotel.co.uk,The Charterhouse,01803 605804,Torquay,1
stay@cliftonvilla.com,The Clifton Villa Hotel,01704 535780,Southport,1
stay@conifersguesthouse.co.uk,Conifers Guest House,01865 763055,Oxford,1
stay@copplehouse.co.uk,The Copplehouse,01704 530413,Southport,1
stay@cotswoldhousefalmouth.com,Cotswold House,01326 312077,Falmouth,1
stay@cranstonhouse.co.uk,Cranston House,01342 323609,East Grinstead,1
stay@crooklands.com,Crooklands,015395 67432,Kendal,1
stay@crownhotel-lyndhurst.co.uk,The Crown Manor House Hotel,023 8028 2922,Totton,1
stay@edalegathering.com,Edale Gathering - Peak District Glamping & Holiday Lets,01433 670612,Glossop,1
stay@edgar-townhouse.co.uk,The Edgar Townhouse,01225 420619,Bath,1
stay@flackleyashhotel.co.uk,Flackley Ash Hotel & Restaurant,01797 230651,Ashford,1
stay@fostersguesthouse.co.uk,Fosters,01305 771685,Weymouth,1
stay@glenriddinghouse.com,Glenridding Manor house Hotel (Ullswater hotel limited),017684 82874,Penrith,1
stay@glynnbarton.co.uk,Glynn Barton Cottages,01208 821104,Bodmin,1
stay@goswellhouse.co.uk,Goswell House Hotel,01753 444444,Windsor,1
stay@guestlinghall.co.uk,Guestling Hall Hotel,01424 814664,Hastings,1
stay@habitatescapes.com,The Cotswolds Manor and Silverlake Estate,01285 869489,Swindon,2
stay@haddockhideaway.com,Haddock Hideaway,07890 050196,Scarborough,1
stay@highviewbandbtruro.co.uk,Highview Guest House,01872 271020,Truro,1
stay@holidayfarmcottages.co.uk,East Greystone Farm Cottages,01325 730236,Newton Aycliffe,1
stay@hoo-zoo.com,Badgers Wood at Hoo Farm,01952 677917,Telford,1
stay@jasminecottage.co.uk,Jasmine Holiday Cottage,01380 888211,Trowbridge,1
stay@kelstonguesthouse.co.uk,Kelston Guest House,01305 780692,Weymouth,1
stay@lamplighterplymouth.co.uk,The Lamplighter,01752 663855,Plymouth,1
stay@laneshotel.net,Lanes Hotel,01935 862555,Taunton,1
stay@ldhcltd.com,Newby Bridge House,07779 777924,Ulverston,1
stay@lilacdoor.co.uk,The Lilac Door,020 8761 8218,Bromley,1
stay@lincombehallhotel.co.uk,Lincombe Hall Hotel & Spa,01803 213361,Torquay,1
stay@littlecomfortfarm.co.uk,Little Comfort Farm,01271 812414,Barnstaple,1
stay@lspaboutiqueapartments.co.uk,L'Spa Boutique Apartments,07508 766694,Leamington Spa,1
stay@ludbournehall.co.uk,No.4 Ludbourne Hall,01963 589144,Yeovil,1
stay@lugorock.co.uk,Lugo Rock,01326 311344,Falmouth,1
stay@lyndhurst-kendal.co.uk,Lyndhurst Guest House,01539 723819,Kendal,1
stay@lynwoodhousesouthport.com,Lynwood House Southport,01704 627077,Southport,1
stay@marinacourt.co.uk,The Marina Court Hotel,01305 782146,Weymouth,1
stay@melburyexeter.co.uk,Melbury Rooms & Studios,01392 984635,Exeter,1
stay@montagu-place.co.uk,Montagu Place Hotel,020 7467 2777,Edgware,1
stay@montgomery-house.co.uk,Montgomery House Apart-Hotel,,Pudsey,1
stay@moorendguesthouse.com,Moor End Guest House,0191 384 2796,Chester-le-Street,1
stay@narehotel.co.uk,The Nare Hotel,01872 501111,Truro,1
stay@newbybridgehotel.co.uk,Newby Bridge Hotel,015395 31222,Ulverston,1
stay@newhousefarmwilts.co.uk,Newhouse Farm,01380 870349,Trowbridge,1
stay@no16seaham.co.uk,No.16,07791 355118,Sunderland,1
stay@oldtowncottage.co.uk,"Old Town Cottage | Townhouse for Two, Holiday cottage in Stratford upon Avon",,Stratford-upon-Avon,1
stay@owenhousefarm.co.uk,Owen House Farm B&B,07754 370721,Macclesfield,1
stay@parkfarm.com,Park Farm,07909 950095,Maidenhead,1
stay@parkhousecountryguesthouse.com,Park House Country Guest House,01609 882899,Northallerton,1
stay@pekesmanor.com,Pekes Manor,020 7352 8125,Hailsham,1
stay@pendulumhotel.co.uk,Pendulum Hotel,0161 955 8000,Oldham,1
stay@pengellyfarmhouse.com,Pengelly Farmhouse,01872 519413,Truro,1
stay@pennyfarthinghotel.co.uk,Penny Farthing Hotel & Cottages,023 8028 4422,Totton,1
stay@pennysmill.com,Stay at Penny's Mill,01373 836210,Frome,1
stay@peny.co.uk,Pen-y-Dyffryn Hotel,01691 653700,Oswestry,1
stay@redmullions.co.uk,"Red Mullions Guest House (Headington, Oxford)",01865 742741,Oxford,1
stay@rossendaleholidaycottages.co.uk,Rossendale Holiday Cottages & Glamping,01706 534364,Burnley,1
stay@sandownguesthouse.com,Sandown & The Annexe,01304 226807,Dover,1
stay@seafront.info,Seafront Apartments,07977 203379,South Shields,1
stay@shortletspace.co.uk,The Oxford Lodge and Short Let Space Homes Dunara Suites Serviced Apartments,01993 222200,Oxford,2
stay@spanhoelodge.co.uk,Spanhoe Lodge,01780 450328,Kettering,1
stay@stableyardrooms.com,Stable Yard Rooms,07846 309705,Darlington,1
stay@stonecottageguesthouse.com,Stone Cottage Accommodation,07850 863442,Bedlington,1
stay@tchotel.co.uk,The Tudor Court Hotel,020 7723 5157,London,1
stay@the25.uk,The 25 Boutique B&B,01803 297517,Torquay,1
stay@theatlantichotel.co.uk,Atlantic Hotel,01637 872244,Newquay,1
stay@thebabbacombehotel.co.uk,The Babbacombe Hotel,01803 326591,Torquay,1
stay@thebankhastings.co.uk,The Bank Hotel & Bistro,01424 813696,Hastings,1
stay@thebeachhouseweymouth.co.uk,The Beach House,01305 789353,Weymouth,1
stay@thebelfryatyarcombe.co.uk,"The Belfry, Boutique Rooms and Breakfasts",01404 861234,Taunton,1
stay@thebrieryhotel.com,The Briery,01900 518648,Workington,1
stay@thecrescentguesthouse.co.uk,The Crescent York,,York,1
stay@thedellhouse.co.uk,The Dell House,01684 564448,Malvern,1
stay@theesplanadehotel.co.uk,"The Esplanade, 141 The Esplanade, Weymouth",01305 783129,Weymouth,1
stay@thegeorgebattle.com,The George Hotel,01580 493357,Bexhill-on-Sea,1
stay@thenestglamping.co.uk,The Nest Glamping,01780 433509,Peterborough,1
stay@therailwayskipton.co.uk,The Railway,01756 228307,Colne,1
stay@theridingsguesthouse.co.uk,The Ridings Guest House,01865 721626,Oxford,1
stay@thespinney.co.uk,The Spinney Country Guest House,01271 850282,Barnstaple,1
stay@theviewontheterrace.co.uk,The View on the terrace,01305 780928,Weymouth,1
stay@tlcexmouthbedandbreakfast.co.uk,TLC Exmouth Bed & Breakfast,01395 742856,Exmouth,1
stay@toothbrushapartments.co.uk,Toothbrush Apartments,01473 373372,Ipswich,1
stay@tregellanewquay.co.uk,Tregella Guest House,01637 874661,Newquay,1
stay@trehaven.co.uk,Trehaven Manor Hotel,01503 262028,Saltash,1
stay@trelawneyhotel.co.uk,Trelawney Hotel,01803 296049,Torquay,1
stay@tudorcottagedorset.co.uk,Tudor Cottage,01300 320382,Dorchester,1
stay@twobeaches.co.uk,Two Beaches Bed & Breakfast,01803 522164,Paignton,1
stay@wakefieldhouse.co.uk,Wakefield House Apartments,07429 188621,Blackpool,1
stay@wentworthhouse.co.uk,Wentworth House Hotel Bath,01225 339193,Bath,1
stay@westgatehotel.co.uk,The Westgate,01803 295350,Torquay,1
stay@weymouthbayhotel.co.uk,Weymouth Bay Hotel,01305 760011,Weymouth,1
stay@wheeldontreescottages.com,Wheeldon Trees Cottages,07931 045512,Buxton,1
stay@whitelodgesussex.com,White Lodge,07768 251535,Haywards Heath,1
stay@widbrookbarns.co.uk,Widbrook Barns,01225 865049,Trowbridge,1
stay@widbrookgrange.co.uk,Widbrook Grange,01225 864750,Trowbridge,1
stay@yarmluxuryapartments.co.uk,Yarm Luxury Apartments,07809 658537,Stockton-on-Tees,1
stay@yeodalehotel.co.uk,Yeo Dale Hotel,01271 342954,Barnstaple,1
stbenetsabbeylanivet@gmail.com,St Benets Abbey,01208 831352,Bodmin,1
stephen@moorviewhouse.com,Moorview House,01237 473469,Bideford,1
steve@ashbyssouthsea.co.uk,Ashby’s Accommodation and Spa,07540 835262,Portsmouth,1
steve@wrathrecords.co.uk,SUNFOLD HOTEL,01934 624700,Weston-super-Mare,1
stewarthow@gmail.com,"Polruan, Seaford Head Guesthouse",01323 891245,Seaford,1
stokynhall@gmail.com,Stokyn Hall Country House Bed & Breakfast,07977 011178,Heswall,1
stonehengeinn@outlook.com,Stonehenge Inn,01722 433186,Amesbury,1
stratfordmanorhotel@theqhotelscollection.co.uk,Stratford Manor,01789 731173,Leamington Spa,1
stweonardspaignton@gmail.com,St Weonards Book Direct For Best Rates,01803 659677,Paignton,1
sue@chesterfieldsguesthouse.co.uk,Chesterfields Guest House,01926 774864,Warwick,1
sue@newshamgrangefarm.co.uk,Newsham Grange Farm Bed and Breakfast,01845 588047,Northallerton,1
sue@shelbournehouse.co.uk,Shelbourne House,01423 504390,Harrogate,1
sue@thegables-podcamping.co.uk,The Gables Pod Camping,07901 708889,Newton Aycliffe,1
sue@whitebearmasham.co.uk,The White Bear,01765 689319,Ripon,1
summerwindguesthouse@outlook.com,Not my guest house,07786 375317,Exmouth,1
suninn.pooleybridge@phoenixpub.co.uk,Sun Inn,017684 86205,Penrith,1
sunleyhotel@northampton.ac.uk,Sunley Hotel,01604 892020,Northampton,1
supervisor@keppelshead.co.uk,The Lady Hamilton,023 9287 0505,Portsmouth,1
support@ashfieldhotel.org.uk,Ashfield Hotel,01484 519444,Huddersfield,1
support@immoviewer.com,The Bitterne Park Hotel,07858 402567,Southampton,1
support@qus.us.com,Peterborough Serviced Accommodation,01733 602499,Peterborough,1
support@webador.com,Apple Blossom Guesthouse at Rempstone and 2 other hotels,07890 519875,Loughborough,3
surreycountrycottages@gmail.com,Surrey Country Cottages,07801 993323,Farnham,1
susan@carenaguesthouse.co.uk,Carena House Bed & Breakfast Canterbury,01227 765630,Canterbury,1
susan@chaddleworthbedandbreakfast.com,Chaddleworth Bed and Breakfast,07711 420586,Didcot,1
susie@wildcontentment.com,WildconTENTment,07876 143019,Oswestry,1
sutherlandhousehotel@gmail.com,Sutherland House Hotel,01304 362853,Deal,1
svea@pennyend.co.uk,Penny End,020 7947 9379,Whitehaven,1
svitlana@florencenightingalesuites.co.uk,Nightingale Suite at Lea Hurst,07860 955767,Alfreton,1
swan.almondsbury@phoenixpub.co.uk,Swan Hotel,01454 300212,Elgin,1
swanhotel.arundel@fullers.co.uk,"The Swan Hotel, Arundel",01903 882314,Littlehampton,1
swanhotel.staines@fullers.co.uk,"The Swan Hotel, Staines",01784 452494,Staines,1
swanlakelodgesuk@gmail.com,Swanlake lodges,01530 588993,Coalville,1
t.windmill@yahoo.co.uk,Sambuca Windmill,01429 267592,Hartlepool,1
tadrosshotel@hotmail.co.uk,Tadross Hotel,01446 701800,Penarth,1
taffyelland@hotmail.com,Kingsmuir Hotel,01242 245397,Cheltenham,1
talbothotelbookings@gmail.com,The Talbot Hotel,01384 394864,Dudley,1
tanamarabandb@aol.com,Tanamara Guest House,01777 706447,Worksop,1
team@amoe.co.uk,All Manor of Events,01473 831263,Ipswich,1
team@angleroakham.co.uk,The Angler Oakham Hotel and Pub,01572 359211,Melton Mowbray,1
telfordhotelspagolfresort@theqhotelscollection.co.uk,"The Telford Hotel, Spa & Golf Resort",01952 429977,Telford,1
tellersarms@youngs.co.uk,Teller's Arms (Hotel),01252 951118,Farnborough,1
the-chapter-hotels@send.bedmerge.com,The Chapter Hotels - Hyde Park,020 7336 8432,Barnet,1
the-villa-neston@virginmedia.com,Accommodation The Villa Neston,07866 438210,Neston,1
the.station.guest.house@btinternet.com,The Station House,01394 384831,Ipswich,1
the3horseshoesbartonph@gmail.com,The Three Horseshoes,01283 716268,Tamworth,1
theabbeylodge@aol.com,Abbey Lodge,023 8022 1466,Southampton,1
theangel.wbassett@arkells.com,The Angel Hotel and The Angel - Arkells Pubs,01793 851161,Swindon,2
theangelinn172@gmail.com,The Angel Inn,01275 544444,Portishead,1
thearthousehove@gmail.com,The Art House Brighton & Hove,07973 273377,Hove,1
theavenue888@outlook.com,Avenue Hotel,,Grantham,1
thebarnateasington@hotmail.com,The Barn at Easington,07851 934678,Seaham,1
thebeckettsinn@gmail.com,The Becketts,01427 838201,Gainsborough,1
theberryhotel@hotmail.com,The Berry Hotel,01803 551335,Paignton,1
theblackburneallerton@outlook.com,The Blackburne Arms Gastro Pub and Hotel,0151 709 9159,Bebington,1
thebluebellinglebycross@gmail.com,The Blue Bell Inn,01609 882272,Northallerton,1
thebrewerytap@gmail.com,The Brewery Tap,01235 521655,Abingdon,1
thebrownhorse@live.co.uk,The Brown Horse Hotel,01388 730498,Consett,1
theburleyinn@newforestpubcompany.co.uk,The Burley Inn,01425 403448,New Milton,1
thecanford@youngs.co.uk,The Canford (Hotel),01202 701531,Poole,1
thecarpenters.burghclere@arkells.com,The Carpenters Arms,01635 278251,Newbury,1
thecastlehotelsouthend@gmail.com,The Castle,01702 467152,Southend-on-Sea,1
thechapelhayle@gmail.com,The Chapel Holiday Apartments,,Camborne,1
thechatwalhotel@gmail.com,The Chatwal Boutique Hotel,01253 407829,Blackpool,1
thechequersinnsmarden@gmail.com,The Chequers Inn,01233 770217,Ashford,1
thecholmeleyarms@yahoo.com,The Cholmeley Arms,01476 550225,Grantham,1
theclarenceweymouth@btconnect.com,The Clarence,01305 787573,Weymouth,1
thecottagebirchanger@gmail.com,"The Cottage Guest House, Birchanger",01279 812349,Bishop's Stortford,1
thecottagechichester@gmail.com,The Cottage Bed & Breakfast,01243 774979,Chichester,1
thecottagewembdon@outlook.com,The Cottage Inn Wembdon,07585 448294,Bridgwater,1
thecourthouseinnthrapston@gmail.com,The Court House Inn,01832 734437,Kettering,1
thecrowinn@gmail.com,The Crow Inn,0114 201 0096,Sheffield,1
thedoriam@icloud.com,Doriam,01262 672513,Bridlington,1
thedovecoteinn@gmail.com,"Doveystays, Laxton",01777 871586,Retford,1
thefarmersunion@mail.com,The Farmers Union,01392 279955,Exeter,1
thefivebellsclaypole@outlook.com,Five Bells Inn Claypole,01636 626561,Lincoln,1
thefivebellscople@outlook.com,Five Bells,01234 831330,Bedford,1
thefoley@youngs.co.uk,The Foley (Hotel),01372 462021,Epsom,1
thegablesmatlock@outlook.com,The Gables,01629 583593,Alfreton,1
thegeorge@webrew.co.uk,The George Inn,01753 861797,Windsor,1
thegeorgebandb@gmail.com,The George B & B,01305 570838,Weymouth,1
thegreenmantakeley@gmail.com,The Green Man Takeley & Boutique Hotel,01279 248413,Chelmsford,1
thegreyhoundaldbury@gmail.com,The Greyhound Inn,01442 851228,Hemel Hempstead,1
thegynway@blueyonder.co.uk,The Gynway Guest House,01253 314747,Blackpool,1
thehalfmoonjackfield@gmail.com,The Half Moon Inn,01952 884443,Telford,1
thehalfwayhouse.morley@outlook.com,The Halfway House Inn Morley,0113 294 2143,Batley,1
thehareandhoundsfoulridge@gmail.com,Hare & Hounds Inn,01282 942567,Burnley,1
thehaughmondinns26@outlook.com,The Haughmond,,Shrewsbury,1
thehaveninnenquiries@hotmail.com,Haven Inn,01469 530247,Hessle,1
thehelyararms@outlook.com,The Helyar Arms,01935 862332,Yeovil,1
thejointurestudios@gmail.com,Jointure Studios B&B,01273 841244,Haywards Heath,1
thejollysailorsouthsea@gmail.com,The Jolly Sailor Southsea,023 9229 5195,Portsmouth,1
thekathrene@btinternet.com,The Kathrene Holiday Flats,01253 872695,Fleetwood,1
theleapingtroutbookings@gmail.com,The Leaping Trout,01884 693019,Tiverton,1
thelenchford@hotmail.com,The Lenchford Riverside Inn,01905 887195,Worcester,1
thelittlegeorge@bentsbh.com,The Little George,01785 859246,Stafford,1
theloft@foxlanefarm.co.uk,The Loft,0114 254 7099,Dronfield,1
thelordgrey@hotmail.com,THE LORD GREY LTD,01205 837200,Boston,1
theloudorhotel@gmail.com,The Loudor,01522 680333,Lincoln,1
thelowerbuckwaddington@gmail.com,The Lower Buck Inn,01200 423342,Clitheroe,1
themanorhouseinn@aol.com,The Manor House Inn,01207 255268,Consett,1
themansion@outlook.com,The Mansion Bed & Breakfast,01946 61860,Whitehaven,1
themargatemanor@gmail.com,Margate Manor,,Margate,1
themartinsbandb@gmail.com,The Martins’ Bed & Breakfast,01403 251816,Horsham,1
themayfairlodge@gmail.com,The Mayfair Lodge,07498 564605,Middlesbrough,1
themetropolitanwhitleybay@gmail.com,The Metropolitan Guest House,0191 253 4941,Tynemouth,1
thenewinnsalisburybookings@gmail.com,The New Inn,01722 326662,Salisbury,1
theoceaninn10@gmail.com,The Ocean Inn,07868 736206,Blackpool,1
theoldbullinn.royston@gmail.com,The Old Bull Inn Hotel,01763 242003,Letchworth,1
theoldcourthotel@hotmail.co.uk,The Old Court Hotel,01993 703228,Witney,1
theoldhamtree@gmail.com,Old Ham Tree,01225 782581,Trowbridge,1
theoldinn.tdgroup@gmail.com,The Old Inn,,Taunton,1
theoldlodgeguesthouse@gmail.com,The Old Lodge Guest House,07975 704148,Lincoln,1
theoldpostinghouse@gmail.com,Old Posting House,01900 823278,Whitehaven,1
theoldpostofficelanchester@btinternet.com,The Old Post Office Lanchester,01207 528420,Consett,1
theoldschoolkeele@btinternet.com,The Old School Keele Bed and Breakfast,01782 619638,Newcastle-under-Lyme,1
theoldstoreguesthouse@gmail.com,The Old Store Guest House,07793 732628,Chichester,1
theoldwashkitchen@outlook.com,The Old Wash Kitchen Holiday Cottage,07305 997167,Glossop,1
theparkroyalhotelspa@theqhotelscollection.co.uk,The Park Royal,01925 730706,Warrington,1
thepeldonroseinn@outlook.com,The Peldon Rose,01206 735248,Colchester,1
thependennis@outlook.com,Pendennis Guest House,01736 691301,Penzance,1
thepenrhyn@aol.com,The Penrhyn Hotel,01253 352762,Fleetwood,1
thepierhouse@braddicks.com,The Pier House,01237 477777,Bideford,1
thepilot.greenwich@fullers.co.uk,"The Pilot, Greenwich",020 8858 5910,Woolwich,1
theploughpiggy@gmail.com,The Crown Inn and The Feathers Merstham,01825 791609,Haywards Heath,2
thepointer@thepointerbrill.co.uk,The Pointer,01844 238339,Aylesbury,1
thepub@thewheatsheafpub.com,Wheatsheaf Inn,01444 454078,Haywards Heath,1
thequeens@tmfi.co.uk,The Queens at Warwick on Eden,01228 317651,Carlisle,1
thequeensroyalnb@gmail.com,The Queens Royal,0151 319 4328,Wallasey,1
therag@theragatrawnsley.co.uk,The Rag,01543 277491,Cannock,1
therailwayinn_bar@yahoo.com,The Railway Inn,01803 844702,Paignton,1
therambler@dorbiere.co.uk,The Rambler Inn,01433 670268,Glossop,1
theraven@goodhostgroup.com,The Raven,01905 978550,Worcester,1
theredlioncricklade@outlook.com,The Red Lion Cricklade,01793 750776,Swindon,1
theredlioneaton@aol.com,The Red Lion,01603 454787,Norwich,1
theredlionhythe@gmail.com,The Red Lion,01303 263900,Folkestone,1
theredlionmatlock@gmail.com,The Red Lion,01629 584888,Alfreton,1
therelishfolkestone@gmail.com,The Relish,01303 850952,Folkestone,1
theriversiderooms20@gmail.com,The Riverside Rooms,07359 127324,Newark,1
therosewoodtorquay@gmail.com,The Rosewood Torquay,01803 201538,Torquay,1
theroyalpurfleet@hotmail.co.uk,The Royal Hotel,01708 860852,Dartford,1
theseadoghastings@gmail.com,The Doghouse Inn @ The Seadog,01424 445399,Hastings,1
theselseyarms@gmail.com,The Selsey Arms,01403 741537,Horsham,1
theshoesbbb@btinternet.com,The Shoes,0191 384 4099,Chester-le-Street,1
thestablesatharby@gmail.com,The Stables at Harby,01949 860673,Melton Mowbray,1
thestationinn.oxenholme@gmail.com,The Station Inn,01539 324018,Kendal,1
thestrandhotel@aol.com,THE STRAND HOTEL,01253 623320,Poulton-le-Fylde,1
thesun@shepherd-neame.co.uk,Sun Inn,01795 535098,Sittingbourne,1
thesuninn.swindon@arkells.com,The Sun Inn,01793 523292,Swindon,1
theswanhotelbury@gmail.com,Swan Hotel,0161 843 0263,Bury,1
theswanhotelmaldon@gmail.com,The Swan,01621 853170,Chelmsford,1
theswaninnnewland@gmail.com,"The Swan Inn, Newland",01886 832224,Worcester,1
theteam@hotelduvin.com,Avon Gorge by Hotel du Vin and 15 other hotels,0117 403 0210,Bristol,16
theteam@thethrockmorton.com,The Throckmorton and Throckmorton Arms Hotel,01789 766366,Redditch,2
theteam@wethelemanor.com,Wethele Manor,01926 831772,Kenilworth,1
thewaterwheel@outlook.com,The Waterwheel Inn and Restaurant,01726 67435,St Austell,1
thewelbeckhotel@gmail.com,Welbeck Hotel Southend,01702 347736,Southend-on-Sea,1
thewelford@btinternet.com,The Welford,01423 566041,Harrogate,1
thewestcinn@aol.com,The West Country Inn,01237 441724,Bideford,1
thewhitehart.whitchurch@arkells.com,White Hart Hotel,01256 892900,Basingstoke,1
thewhitehartwhitton1@gmail.com,The White Hart Inn,020 8893 3646,Hounslow,1
thewhitehorse1@outlook.com,The View at The White Horse Woolley Moor and The White Horse,01246 590319,Chesterfield,2
thewhytehartehotel@yahoo.com,The Whyte Harte Hotel,01883 744356,Redhill,1
threehorseshoesalton@gmail.com,The Three Horseshoes,01420 559258,Basingstoke,1
threehorseshoesbubbenhall.co.uk@gmail.com,The Three Horseshoes,024 7509 9773,Rugby,1
threepigeons@oaktaverns.co.uk,The Three Pigeons,01295 275220,Banbury,1
timricklodge@outlook.com,Timrick Lodge,01305 783194,Weymouth,1
tina@thatchedcottagebedandbreakfast.co.uk,"Thatched Cottage Bed and Breakfast, Brockenhurst",01590 624211,New Milton,1
tom@redcowpub.com,Red Cow,020 8940 2511,Twickenham,1
toni@aquabayhernebay.com,Aqua Bay Guest House,01227 742111,Herne Bay,1
torbayguesthouse@outlook.com,Torbay Guesthouse,07467 194727,Paignton,1
tranwellcampsite@gmail.com,Tranwell Farm Holidays,07947 598832,Morpeth,1
travelerwp@gmail.com,Whitethorn Bed and Breakfast,07771 967352,Congleton,1
trawdenarmscommunitypub@gmail.com,Trawden Arms,01282 337055,Burnley,1
treetopsandtraintrack@gmail.com,Tree Tops and Train Tracks,07731 464348,Neston,1
tregarthhousebandb@gmail.com,Tregarth House,01726 75686,St Austell,1
tulipqueen.spalding@marstons.co.uk,Tulip Queen,01775 302320,Spalding,1
turkshead@youngs.co.uk,Turk's Head (Hotel) and Turk's Head,01392 706013,Exeter,2
typesetit@att.net,The Fox @ Ibstone,01494 504264,High Wycombe,1
unicorn.nottingham@marstons.co.uk,Unicorn Hotel,0115 966 3612,Newark,1
us-thecottage07@gmail.com,The Cottage,01543 468984,Cannock,1
user@domain.com,The Cow Hollow Hotel and 45 other hotels,0161 228 7277,Manchester,46
user@website.com,Charnwood Guest House,07369 240535,Bracknell,1
valefarm@googlemail.com,Vale Farm Bed & Breakfast,01455 212236,Nuneaton,1
velmora.luxury.apartments@gmail.com,Aphrodite Suites Huddersfield,07955 550202,Huddersfield,1
venezzia9870@gmail.com,Villa Venezia,0151 608 9212,Birkenhead,1
venuecranfield@cranfield.ac.uk,Cranfield Management Development Centre and Mitchell Hall - part of Venue Cranfield,01234 752709,Bedford,2
vickieabbeyhouse@gmail.com,Abbey House B&B,07710 409843,Penrith,1
victoriacafe2008@live.com,The Victoria Biker's Pub,01530 814718,Loughborough,1
villageinnbrompton@hotmail.co.uk,The Village Inn,01609 771040,Northallerton,1
vine.stafford@phoenixpub.co.uk,Vine Hotel,01785 244112,Stafford,1
visitus@thebreverton.co.uk,The Breverton,01253 726179,Lytham St Annes,1
walkerdebbie120@gmail.com,Fitzwarine House,01691 680882,Oswestry,1
waratahlodgebb@gmail.com,Waratah Lodge,023 9246 7080,Havant,1
warden@lgfc.org.uk,Low Gillerthwaite Field Centre,01946 861229,Whitehaven,1
warwick.9esplanade@gmail.com,The Warwick,07877 871133,Weymouth,1
warwicklodge@yahoo.co.uk,Warwick Lodge,020 8296 0516,Kingston upon Thames,1
waterfrontdeal@gmail.com,Waterfront Hotel,01304 374338,Dover,1
waterman@youngs.co.uk,The Waterman (Hotel),01223 323813,Cambridge,1
waverleyparklodge@yahoo.co.uk,Waverley Park Lodge,07789 567890,Portsmouth,1
webmaster@anniesguesthouse.co.uk,Annie's Guest House South Shields Bed and Breakfast,0191 456 6088,Sunderland,1
webmaster@bedbreakfast-gardenvisits.com,The Ridges,01257 279981,Wigan,1
webmaster@castlelimeshotel.co.uk,Castle Limes Hotel,01926 291017,Leamington Spa,1
webmaster@malthouseaylesbury.co.uk,The Malt House - Accommodation,07587 465004,Aylesbury,1
webmaster@wakefieldlimeshotel.co.uk,Wakefield Limes Hotel,01924 601866,Dewsbury,1
website@whitehorseyork.co.uk,White Horse,07351 530994,York,1
websupport@thisisformula.com,Crazy Bear Hotel Beaconsfield and Crazy Bear Stadhampton,020 3994 4555,High Wycombe,2
weddings@arleyestate.co.uk,The Grange,01299 861368,Kidderminster,1
weddings@astleybank.co.uk,"Astley Bank Hotel, Wedding and Conference Venue",01254 777700,Bolton,1
weddings@elmbridgefarm.com,Elmbridge Farm,01299 851262,Droitwich,1
weddings@highleymanor.co.uk,Highley Manor Wedding Venue,01444 811711,Crawley,1
welcome@ashleyhotel.co.uk,Ashley Hotel Morecambe,01524 412034,Lancaster,1
welcome@brightleapapartments.co.uk,Brightleap Apartments,01908 465450,Milton Keynes,1
welcome@broughtonsanctuary.co.uk,Broughton Sanctuary,01756 799608,Nelson,1
welcome@castleviewbandbmorpeth.co.uk,Castle View House Bed and Breakfast,01670 512042,Cramlington,1
welcome@chiseldonhouse.com,Chiseldon House Hotel and Restaurant,01793 741010,Swindon,1
welcome@claridgehouse.org.uk,Claridge House Retreat Centre,01342 832150,East Grinstead,1
welcome@gisborough-hall.com,Gisborough Hall Hotel,01287 611500,Middlesbrough,1
welcome@outram26.co.uk,Outram 26,0800 334 5332,Middlesbrough,1
welcome@shakespearesview.co.uk,Shakespeare's View,01789 731824,Stratford-upon-Avon,1
welcome@swanbedandbreakfast.co.uk,Swan Guest House LONDON - HEATHROW,07580 185450,Ruislip,1
welcome@threehorseshoes.com,Three Horseshoes,01296 720296,Aylesbury,1
welcome@westwoodlodge.co.uk,Westwood Lodge Ilkley Moor,,Guiseley,1
wellington@fullers.co.uk,"The Wellington Hotel, Waterloo",020 7928 6083,Wellington,1
welltroughnick@gmail.com,Welltrough Hall Farm and Welltrough Caravan Site,07734 605965,Macclesfield,2
wellyarms@gmail.com,The Wellington Arms,01252 872408,Wokingham,1
wendy.ison@ntlworld.com,Leverton House Bed and Breakfast,01223 292094,Cambridge,1
wendy@prestige-cottages.co.uk,Prestige Cottages,01789 731711,Stratford-upon-Avon,1
wendyjupp64@gmail.com,The White Horse Inn,01621 928450,Chelmsford,1
westendlodge@virginmedia.com,West End Lodge,07721 091184,Esher,1
westgate@youngs.co.uk,The Westgate (Hotel),01962 820222,Andover,1
westlodgepark@bealeshotels.co.uk,West Lodge Park Hotel,020 8216 3900,Edgware,1
westoncot@aol.com,Weston Cottage,01202 699638,Poole,1
westonlawns@me.com,The Waterfront Lodges,024 7542 6066,Nuneaton,1
weymouthpennhouse@gmail.com,Penn House,01305 592053,Weymouth,1
wheldalecas@hotmail.co.uk,Wheldale Hotel,01977 553403,Castleford,1
whisperingwaterslodges@gmail.com,Whispering Waters Teesdale Lodges,07711 489520,Newton Aycliffe,1
whistonproperty@yahoo.co.uk,Whiston Annex,01709 820871,Rotherham,1
whitehartehotel@gmail.com,Ye Olde White Harte Hotel,01621 782106,Southend-on-Sea,1
whitehartford@youngs.co.uk,White Hart (Hotel) and White Hart,01249 782213,Chippenham,2
whiteharthotel@fullers.co.uk,"The White Hart Hotel, Hampton Wick",020 8977 1786,Twickenham,1
whitehartstables@gmail.com,The White Hart Pub & Rooms,01483 275566,Guildford,1
whitelion53.wl@gmail.com,The White Lion,01476 562084,Grantham,1
whitelion@youngs.co.uk,White Lion (Hotel) and White Lion,01580 765077,Ashford,2
whitestar@fullers.co.uk,"The White Star Tavern, Southampton",023 8082 1990,Southampton,1
whiteswanhotel@fullers.co.uk,"The White Swan Hotel, Stratford",01789 297022,Stratford-upon-Avon,1
wickhamarmshotel@gmail.com,The Wickham Arms Hotel,07308 429172,Batley,1
willerbyhillhideaways@gmail.com,Willerby Hill Hideaways,,Cottingham,1
willowbarn@bedandbreakfastinsomerset.co.uk,Willow Barn,01934 510702,Clevedon,1
willowcottagedymchurch@gmail.com,Willow Cottage,01303 875572,Hythe,1
willows.blackburn@marstons.co.uk,Willows,01254 681550,Blackburn,1
wilmerguesthouse@gmail.com,Wilmer House,07901 791886,Eastleigh,1
wilsonlodge.maidenhead@gmail.com,Wilson Lodge,07592 478168,Maidenhead,1
winchfieldinn@aol.com,The Winchfield Inn,01252 842129,Basingstoke,1
wkatiemay@aol.com,The Wulfruna Hotel,01803 555567,Paignton,1
woodcocks.lincoln@marstons.co.uk,Woodcocks,01522 703460,Lincoln,1
woodlandchalet@ottersgreen.co.uk,Woodland Chalet at Otters Green,07880 233027,Eastleigh,1
worplesdonplace@youngs.co.uk,Worplesdon Place (Hotel),01483 232407,Guildford,1
worthingrest@outlook.com,WORTHING REST,07766 524247,Worthing,1
wrens@sarova.com,Sir Christopher Wren Hotel,01753 442400,Slough,1
wsweeney@wsweeney.karoo.co.uk,Newbegin B&B,01482 888880,Beverley,1
wykehamarms@fullers.co.uk,"The Wykeham Arms, Winchester",01962 853834,Andover,1
yachtbayview@hotmail.com,Yacht Bay View,01524 414481,Lancaster,1
yallands@hotmail.co.uk,Yallands Farmhouse,01823 278979,Taunton,1
yeoldeduncow@gmail.com,Ye Olde Dun Cow,01889 584026,Cannock,1
yeoldehotel@glenshire.co.uk,Ye Olde Hotel,07872 958261,Arbroath,1
yesleepinghouse@gmail.com,Ye Sleeping House,07970 336296,Keighley,1
yewtree@yewtree-house.co.uk,Yew Tree House,01278 751382,Burnham-on-Sea,1
yobi@inglenookinns.co.uk,Ye Olde Boote Inn,01691 662250,Oswestry,1
you@email.com,The Lambton and 21 other hotels,0191 300 3871,Sunderland,22
your@domain.com,Heath House,07890 385622,Dewsbury,1
your@email.com,Cumberland Street Apartments by Happy Days and 4 other hotels,0800 689 1384,Liverpool,5
yourdata@shorefield.co.uk,Oakdene Forest Park - Shorefield Holidays and Downton Holiday Park,01202 865601,Ferndown,2
yourname@example.org,Hillhead Farm Bed and Breakfast,07581 395071,Tiverton,1
zeta@whitechimnies.com,White Chimnies,07824 399248,Congleton,1
