Town,Query,Name,Address,Phone,Website
London,A_catering_engineers,SOS Catering Equipment and Engineering Limited,"Unit 5 Lockwood Way, London E17 5RB, UK",020 8531 8543,http://www.soscateringequipment.co.uk/
London,A_catering_engineers,Catering Repairs London,"The Brew, Victoria House, 64 Paul St, London EC2A 4NA, UK",020 3875 8981,https://cateringrepairslondon.co.uk/?utm_source=GoogleGBP&utm_medium=GBP&utm_campaign=OrganicGBP
London,A_catering_engineers,EFS Catering Equipment,"Unit c8, Angel Road Works, Advent Way, London N18 3AH, UK",020 8884 4064,
London,A_catering_engineers,Latek Catering,"Wordsworth Parade, 5 Wordsworth Parade, Green Lanes, Harringay Ladder, London N8 0SJ, UK",020 8889 0220,https://www.latekcatering.com/
London,A_catering_engineers,Blue catering equipment,"737 Sidcup Rd, London SE9 3SA, UK",07383 016301,
London,A_catering_engineers,Romann Catering,"Progress Business Park, 14 Progress Way, Croydon CR0 4XD, UK",01474 706338,https://www.romanncatering.co.uk/
London,A_catering_engineers,Twins Catering Equipment,"189 Uxbridge Rd, London W12, UK",07775 562254,
London,A_catering_engineers,London Atlantic catering equipment ltd,"736, 740 Romford Rd, Fourth Ave, London E12 6BT, UK",07456 893145,https://www.facebook.com/marketplace/you/selling?locale=en_GB
London,A_catering_engineers,Commercial Kitchen Kit Engineers London,"128 City Rd, London EC1V 2NX, UK",07951 062795,https://ckke.co.uk/
London,A_catering_engineers,Euro Catering,"294 Hackney Rd, London E2 7SJ, UK",020 7613 3084,http://www.eurocatering.co.uk/
London,A_catering_engineers,Toprak Catering Equipment,"102 Green Lanes, Newington Green, London N16 9EH, UK",020 3583 2991,http://www.toprockuk.com/
London,A_catering_engineers,Parsley Catering Ltd.,"119 Upper St, London N1 1QP, UK",07876 711532,
London,A_catering_engineers,Gurden Catering Equipment Trade Ltd,"581 Green Lanes, Harringay Ladder, London N8 0RG, UK",020 8341 3438,
London,A_catering_engineers,Abbey Catering Equipment Ltd,"Unit &, Titan Business Estate, Ffinch St, London SE8 5QA, UK",020 8691 4844,
London,A_catering_engineers,V & S Catering Supplies Co,"85 Castlehaven Rd, London NW1 8SJ, UK",020 7485 2658,https://www.vands.co.uk/
London,A_catering_engineers,C&A Catering Equipment Ltd,"443 Norwood Rd, Norwood, London SE27 9DQ, UK",07401 814414,
London,A_catering_engineers,KK Catering,"KK Catering, London W1A 6US, UK",01928 508802,https://kkcatering.co.uk/
London,A_catering_engineers,Deptford Used Catering Equipment,"160 Trundleys Rd, London SE8 5JE, UK",07920 006478,
London,A_catering_engineers,Millers Catering Equipment,"3 Columbia Gdns, London SW6 1FU, UK",020 8687 5390,https://millerscatering.co.uk/
London,A_catering_engineers,Shoots & Leaves Catering,"Arch 80, 878 Old Kent Rd, London SE15 1NQ, UK",,http://shootsandleaves.london/
London,A_catering_engineers,Nasa Catering Equipment,"5 Green Lanes, Newington Green, London N16 9BP, UK",07944 540090,
London,A_catering_engineers,Capital Catering & Hire LTD,"37 Great Windmill St, London W1D 7LU, UK",07531 274807,https://www.capitalcateringandhire.co.uk/
London,A_catering_engineers,Foodservice Equipment Association,"Rotherwick House, 3 Thomas More Street, London E1W 1YZ, UK",020 7793 3030,http://www.fea.org.uk/
London,A_catering_engineers,KBRH Catering Equipment,"12 Jenner Ave, London W3 6EQ, UK",0333 112 2000,http://www.kbrhcatering.co.uk/
London,A_catering_engineers,Smith's Catering,"Berkeley Suite, 35 Berkeley Square, London W1J 5BF, UK",07936 908323,https://smithscateringlondon.uk/
London,A_catering_engineers,Ece Catering Equipment,"2 Rippers Ct, Sible Hedingham, Halstead CO9 3PY, UK",01787 582574,http://www.ececateringequipment.com/
London,A_catering_engineers,Mix & Blend Catering,"207 Regent St., London W1B 3HH, UK",020 8058 6564,http://www.mixandblendcatering.co.uk/
London,A_catering_engineers,dentons catering equipment,"99 Gauden Rd, London SW4 6LE, UK",,
London,A_catering_engineers,Masters Catering,"109-111 Blackfriars Rd, London SE1 8HW, UK",07824 190092,http://www.masterscatering.co.uk/
London,A_catering_engineers,Catering Insight,"16-25 Bastwick St, London EC1V 3PS, UK",020 3176 4234,http://www.cateringinsight.com/
London,A_catering_engineers,BBQ Catering,"33 Cavendish Square, London W1G 0PW, UK",020 7129 7963,http://www.akwillbbqsmoker.co.uk/
London,A_catering_engineers,Fix Catering Equipment Ltd,"Ste 4, Parker House, Admirals Way, London E14 9UQ, UK",020 8089 1473,
London,A_catering_engineers,Kent Catering.,"27 Unit T, Bromley Business Centre, Hastings Rd, Bromley BR2 8NA, UK",020 8462 9911,http://kentcatering.com/
London,A_catering_engineers,Berkeley Catering,"Unit 5, 43-47 Glengall Rd, London SE15 6NF, UK",020 7837 6853,https://www.berkeleycatering.co.uk/
London,A_catering_engineers,C&C Catering Engineers,"Unit 2, Smithy Farm, Chapel Ln, Saighton, Chester CH3 6EW, UK",01244 536354,https://cateringengineers.com/
London,A_catering_engineers,Cee Catering Chargers Ltd,"71 - 75 Shelton St, London WC2H 9JQ, UK",,http://www.mosawholesale.com/
London,A_catering_engineers,Indigo Catering Equipment,"12 Old Bond St, London W1S 4PW, UK",020 7129 7063,https://www.indigoce.co.uk/
London,A_catering_engineers,Gulpas Catering Equipment,"17 Green Lanes, Newington Green, London N16 9BS, UK",07717 488248,
London,A_catering_engineers,OKE Catering,"23 Lisle St, London WC2H 7BA, UK",020 3642 1685,http://www.okequipment.co.uk/
London,B_equipment_repair,Ao-Catering Equipment Maintenance,"161 Woodyates Rd, London SE12 9JJ, UK",07776 987245,http://aocateringequipmentmaintenanceandrepair.com/
London,B_equipment_repair,Catering Equipment Repair ‍ ️,"Unit 12, Shorncliffe Industrial Estate, North Cl, Folkestone CT20 3UH, UK",01304 873469,https://www.catering-equipment-repair.co.uk/
London,B_equipment_repair,TAG Catering Equipment UK Ltd,"Unit 2, Modular Business Park, Norton Rd, Stevenage SG1 2FZ, UK",01920 877007,https://www.tagukltd.com/
London,B_equipment_repair,Catering Equipment Support Ltd,"Unit 12 Deer Park Farm Ind Est, Knowle Ln, Fair Oak, Eastleigh SO50 7DZ, UK",023 8000 6082,https://www.cateringequipmentsupport.co.uk/
London,B_equipment_repair,Millers Catering Equipment,"Unit 2, College Fields Business Centre, Prince Georges Rd, London SW19 2PT, UK",020 8687 5390,https://www.millerscatering.co.uk/
London,B_equipment_repair,Catering Technical Services,"5 Emperor Way, Kingsnorth, Ashford TN23 3QY, UK",07946 347871,https://www.catering-technical.services/
London,B_equipment_repair,Catering Equipment Services Ltd,"Unit 3D, Maryland Industrial Estate, Belfast, Newtownards BT23 6BL, UK",028 9049 1616,https://cescatering.co.uk/
Birmingham,A_catering_engineers,Birmingham Catering Equipment Ltd,"139A Middlemore Rd, Birmingham B66 2EA, UK",0121 558 2451,http://www.birminghamcateringequipment.co.uk/
Birmingham,A_catering_engineers,Universal Catering Equipment ltd,"49-51 Stratford Rd, Birmingham B11 1RE, UK",0121 246 3578,http://www.universalcatering.co.uk/
Birmingham,A_catering_engineers,I.Z Global Catering Equipment Ltd,"220 Gooch St, Birmingham B5 7HY, UK",07462 555600,http://www.globalcateringequipment.co.uk/
Birmingham,A_catering_engineers,New Catering Solutionz,"No24, Unit 1b Cheston Rd, Birmingham B7 5EE, UK",07711 825722,http://www.cateringsolutionz.com/
Birmingham,A_catering_engineers,Phoenix Commercial Catering Equipment Ltd,"Unit 11, 94 Bell Ln, Kitt's Green, Birmingham B33 0HX, UK",0121 684 5078,https://www.phoenixcommercialcatering.co.uk/
Birmingham,A_catering_engineers,Catering Equipment Birmingham Ltd,"14 Witton Rd, Handsworth, Birmingham B6 5NY, UK",0121 551 3636,http://cateringequipmentltd.com/
Birmingham,A_catering_engineers,Catering Equipment Outlet Birmingham,"97 Bissell St, Birmingham B5 7HP, UK",07725 330170,
Birmingham,A_catering_engineers,TG4 catering equipment Ltd,"Unit 3, Hawksmill Industrial Estate, Little Green Ln, Small Heath, Birmingham B9 5AY, UK",07746 435833,
Birmingham,A_catering_engineers,Midlands Refrigeration & Catering Equipment,"Unit 4, Euro Enterprise Park, Stratford St N, Birmingham B11 1BU, UK",0121 439 0300,http://www.midlandsrefrigeration.co.uk/
Birmingham,A_catering_engineers,Bournville Catering Equipment,"The Old La, Forshaw Heath Ln, Earlswood, Solihull B94 5LH, UK",01564 820100,http://www.bournvillecatering.co.uk/
Birmingham,A_catering_engineers,Network Catering Engineers Ltd,"Unit 6, Acorn park, Vernon Rd, Blackheath, Halesowen B62 8EG, UK",0333 234 1677,https://www.networklimited.co.uk/
Birmingham,A_catering_engineers,ASTONS Catering Equipment,"Unit 2 South Staffs Freight Terminal, Lynn Ln, Shenstone, Lichfield WS14 0ED, UK",0121 643 1131,http://www.astonsgca.com/
Birmingham,A_catering_engineers,Delia Catering Equipment,"Unit 64 Birch Rd E, Witton, Birmingham B6 7DB, UK",07800 588505,http://deliacateringequipment.com/?utm_source=gmb&utm_medium=referral
Birmingham,A_catering_engineers,CateringBase Ltd,"Unit F26, Hastingwood Industrial Park, Wood Ln, Erdington, Birmingham B24 9QR, UK",0121 386 6628,http://www.cateringbase.co.uk/
Birmingham,A_catering_engineers,Nova Catering Repairs,"34 Dudley Rd, Brierley Hill DY5 1LH, UK",01384 210544,http://www.novarepairs.co.uk/
Birmingham,A_catering_engineers,Commercial Catering,"Unit 15, 34-37 Nursery Rd, Lozells, Birmingham B19 2XN, UK",07916 962261,http://commercialcateringbham.co.uk/
Birmingham,A_catering_engineers,Tansik London ltd (Tansik Catering),"Unit 12, Green Lane Industrial Estate, Second Ave, Birmingham B9 5QP, UK",07411 203963,http://www.tansik.co.uk/
Birmingham,A_catering_engineers,Birmingham International Catering Equipment & Refrigeration,"41 Nursery Rd, Lozells, Birmingham B19 2XN, UK",,
Birmingham,A_catering_engineers,In-Charge Catering Supplies Ltd,"Unit 11, St Andrews Industrial Estate, Sydney Rd, Birmingham B9 4QB, UK",0121 772 1910,http://www.inchargecateringsupplies.co.uk/
Birmingham,A_catering_engineers,HNR Catering Supplies,"213 The Avenue, Acocks Green, Birmingham B27 6NP, UK",0121 707 3025,https://www.hnrcateringsupplies.co.uk/
Birmingham,A_catering_engineers,RHE Catering Equipment Sevices,"The Courtyard, Burnsall Rd, Coventry CV5 6UT, UK",024 7666 7541,http://www.rheservices.co.uk/
Birmingham,A_catering_engineers,Forming and Catering Equipment Ltd,"66 Rea St S, Deritend, Birmingham B5 6LB, UK",0845 331 3226,http://formingandcatering.com/
Birmingham,A_catering_engineers,Midland Catering Ltd,"Unit 3 Landor St, Birmingham B8 1AG, UK",0121 773 4778,https://midlandcateringltd.co.uk/
Birmingham,A_catering_engineers,Yasmin Ditta Catering,"Unit 9, Premier Trading Estate, Birmingham B7 4AT, UK",07402 247568,https://www.yasmindittacatering.com/
Birmingham,A_catering_engineers,Maggie Lo Catering Supplies Ltd,"202-204 Barford St, Birmingham B5 7EP, UK",0121 622 3358,http://www.maggielo.co.uk/
Birmingham,A_catering_engineers,Abraxas Catering Equipment Limited,"Unit 8, Building 329, Rushock Trading Estate, Droitwich WR9 0NR, UK",01562 863222,https://www.abraxascatering.co.uk/
Birmingham,A_catering_engineers,CEE | Catering Equipment Express,"Unit 15, Bilston Industrial Estate, Oxford St, Bilston, Wolverhampton WV14 7EG, UK",01902 495634,https://cateringequipment-uk.co.uk/
Birmingham,A_catering_engineers,Pars Catering Supplies Cash & Carry,"91-93 Charles Henry St, Birmingham B12 0SJ, UK",0121 622 6222,
Birmingham,A_catering_engineers,Aretsi Event Catering Limited,"Unit 7, All Saints Industrial Estate, All Saints' St, Hockley, Birmingham B18 7RJ, UK",07468 489816,http://aretsi.co.uk/
Birmingham,A_catering_engineers,Catering Suppliers,"87 Brookvale Rd, Witton, Birmingham B6 7AR, UK",,
Birmingham,A_catering_engineers,Birmingham Catering Hire,"Deritend, Birmingham B9 4AA, UK",0800 910 1317,http://www.birminghamcateringhire.com/
Birmingham,A_catering_engineers,B7 Catering LTD,"Unit 6, 133-159 Tyburn Rd, Birmingham B24 8NQ, UK",07534 432192,https://b7catering.co.uk/
Birmingham,A_catering_engineers,Ming Catering Equipment,"257 Hospital St, Birmingham B19 2YF, UK",07868 754564,https://mingcatering.co.uk/contact/
Birmingham,A_catering_engineers,Polaris Catering & Refrigeration Service Ltd,"Office 21, Haldon House, Business Centre, 385 Brettell Ln, Brierley Hill DY5 3LQ, UK",01527 585676,https://www.polariscateringservices.com/
Birmingham,A_catering_engineers,Ceramics Catering Equipment,"221 New John St W, Birmingham B19 3UA, UK",,
Birmingham,A_catering_engineers,A S M C Catering Engineers,"67 Bonner Dr, The Royal Town of Sutton Coldfield, Birmingham, Sutton Coldfield B76 1DY, UK",,
Birmingham,B_equipment_repair,Kitchen Solutions,"20 Prince Rd, Birmingham B30 3HB, UK",0121 399 0016,http://www.kitchensolutions.co.uk/
Birmingham,B_equipment_repair,Midlands Catering Equipment,"17 Deer Park Rd, Northampton NN3 6AT, UK",01604 961161,https://www.midlandscateringequipment.co.uk/
Birmingham,B_equipment_repair,Smart Catering Repairs Ltd,"Unit 15, Spinners End Industrial Estate, Oldfields, Cradley Heath B64 6BS, UK",01384 918688,http://www.smartcateringrepairs.co.uk/
Birmingham,B_equipment_repair,Catering Equipment Solutions,"30 Shrewsbury Ave, Peterborough PE2 7BF, UK",01733 236033,http://www.catering-equipment-solutions.co.uk/
Leeds,A_catering_engineers,Northern Catering Equipment,"Richmond House, Lawnswood Business Park, Leeds LS16 6QY, UK",0113 833 1234,http://northerncatering.co.uk/
Leeds,A_catering_engineers,Leon Catering Equipment,"Unit 17, Leon Catering Equipment, park house, 37 Ings Rd, Osmondthorpe, Leeds LS9 9EJ, UK",0113 513 0481,https://leoncatering.wixsite.com/lcequipments
Leeds,A_catering_engineers,Barton Catering Engineers,"76 Carr Bottom Rd, Greengates, Bradford BD10 0BD, UK",0113 418 0284,https://bartoncateringengineers.co.uk/
Leeds,A_catering_engineers,RITEPRICE CATERING EQUIPMENT,"Barkston House, 46 Croydon St, Holbeck, Leeds LS11 9RT, UK",0113 234 2227,http://www.ritepriceltd.com/
Leeds,A_catering_engineers,AD Catering Equipment Engineering,"11 Vale St, Brighouse HD6 1TR, UK",07432 563323,http://www.adcee.co.uk/
Leeds,A_catering_engineers,Calder Catering Equipment Services Ltd,"Newton House, Grey St, Wakefield WF1 3HQ, UK",01924 872972,http://www.caldercatering.co.uk/
Leeds,A_catering_engineers,Blue Pepper Catering,"York House, 55 Easy Rd, Leeds LS9 8QS, UK",0113 871 5999,http://www.bluepeppercatering.co.uk/
Leeds,A_catering_engineers,Shire Catering Equipment,"Unit 19, Oak Mills, Topcliffe Ln, Morley, Leeds LS27 0HL, UK",0113 252 0880,http://www.shirecateringequipment.co.uk/
Leeds,A_catering_engineers,Salt's Catering,"A1, Wellington Road Industrial Estate, Leeds LS12 2UA, UK",0113 529 2080,https://www.saltscatering.co.uk/
Leeds,A_catering_engineers,Yoskshire catering equipment,"11 Summerhill Rd, Garforth, Leeds LS25 1AX, UK",07939 899921,
Leeds,A_catering_engineers,Unique Catering Equipment,"Unit 1, Granby Works, Bradford BD2 1AS, UK",01274 306040,https://uniquefoodmachinery.co.uk/
Leeds,A_catering_engineers,Catering Parts UK Ltd,"Newton House, Grey St, Wakefield WF1 3HQ, UK",01924 872982,https://www.cateringparts.net/
Leeds,A_catering_engineers,Hog Roast Catering Yorkshire,"Building 3, City West Business Park, Gelderd Rd, Holbeck, Leeds LS12 6LN, UK",01904 820946,http://hogroastcateringyorkshire.co.uk/
Leeds,A_catering_engineers,CS Catering Equipment,"Hurricane House, Moxon Way, Sherburn in Elmet, Leeds LS25 6FB, UK",01977 687665,http://www.cs-catering-equipment.co.uk/
Leeds,A_catering_engineers,Denby Catering Equipment,"Unit 2, Chantry Bridge Industrial Estate, Thornes Trading Estate, Thornes Ln, Wakefield WF1 5QN, UK",01924 200567,http://www.denbycatering.co.uk/
Leeds,A_catering_engineers,Freshbyte catering,"Sandringham Dr, Leeds LS17 8DA, UK",07448 064606,http://www.freshbytecatering.uk/
Leeds,A_catering_engineers,Punjabi Heaven Catering,"Unit 5, LongClose Works, Dolly Ln, Harehills, Leeds LS9 7TU, UK",07777 654675,https://www.punjabiheavencatering.co.uk/
Leeds,A_catering_engineers,Catering Yorkshire,"4 Upper Wortley Rd, Leeds LS12 4JA, UK",0113 236 8135,http://www.cateringyorkshire.com/
Leeds,A_catering_engineers,Collingham Catering Services Ltd,"Unit 16 Sandbeck Park, Sandbeck Ln, Wetherby LS22 7TW, UK",01937 583266,http://www.collinghamcatering.co.uk/
Leeds,A_catering_engineers,Leach Catering Equipment,"3 Twitch Hill, Horbury, Wakefield WF4 6NA, UK",01924 278516,http://facebook.com/leachcatering
Leeds,A_catering_engineers,Northern Catering Supplies,"Savile Business Centre, Mill St E, Savile Town, Dewsbury WF12 9AH, UK",01924 456200,
Leeds,A_catering_engineers,Harrogate Catering Services,"23 Grasmere Cres, Harrogate HG2 0ED, UK",01423 529949,http://www.harrogatecatering.co.uk/
Leeds,A_catering_engineers,Yasin Catering Ltd,"55-61 Wickham St, Leeds LS11 7AR, UK",0113 277 3708,http://www.yasincateringleeds.co.uk/
Leeds,A_catering_engineers,Cairn Catering Engineers,"Hyde Park House, Cartwright St, Newton, Hyde SK14 4EH, UK",0800 999 1926,https://cairncateringengineers.co.uk/
Leeds,A_catering_engineers,A1 Catering Disposable Products,"Providence Works, Henry St, Batley Carr, Batley WF17 6JJ, UK",01924 456786,http://www.a1cdp.com/
Sheffield,A_catering_engineers,C & R Fabrications catering equipment,"5 Waverley Rd, Darnall, Sheffield S9 4PJ, UK",0114 244 9502,https://www.candrfabricationsholdings.co.uk/
Sheffield,A_catering_engineers,Phoenix Catering Equipment,"Unit 1, Rutland Business Park, 50 Rutland Rd, Neepsend, Sheffield S3 8BD, UK",0114 272 7600,http://phoenixcateringequipment.co.uk/
Sheffield,A_catering_engineers,Barnsley Catering Services Ltd,"37 Mowbray St, Neepsend, Sheffield S3 8EN, UK",01226 280222,http://www.bcs-solutions.co.uk/
Sheffield,A_catering_engineers,Sheffield Catering Supplies,"Unit 4 Rutland Way, Sheffield S3 8DG, UK",0114 275 1991,http://www.sheffieldcatering.co.uk/
Sheffield,A_catering_engineers,Lloyd Catering Equipment,"New Rd, Sheffield, Rotherham S61 2DU, UK",01709 740540,http://www.lloyd-catering.co.uk/
Sheffield,A_catering_engineers,Progressive Catering Equipment Ltd,"Unit 3, NEXT TO RAILWAY BRIDGE BRIDGE, Station Works, Station Rd, Ecclesfield, Sheffield S35 9YR, UK",0114 257 7160,http://stainless4all.com/
Sheffield,A_catering_engineers,RTH Traders Ltd - Catering Equipment,"Hillside Business Park, New St, Holbrook, Sheffield S20 3GH, UK",0114 248 4466,http://www.rthtraders.com/
Sheffield,A_catering_engineers,Catering Kitchens,"100 Lyons Street, Off Carlisle Street, Sheffield S4 7QS, UK",0114 276 3550,http://www.cateringkitchenssheffield.co.uk/
Sheffield,A_catering_engineers,Steel City Food Service Equipment,"Unit 4C, Parkway Business Centre Ltd, Parkway Rise, Sheffield S9 4WQ, UK",07912 857843,http://www.steelcityfse.co.uk/
Sheffield,A_catering_engineers,Express Catering Equipment,"Unit 4, Shepcote Centre, Shepcote Ln, Tinsley, Sheffield S9 1US, UK",0114 352 1074,https://www.expresscateringandfabrications.co.uk/
Sheffield,A_catering_engineers,Fox Catering Equipment,"3, Woodbourn Business Centre, 230 Woodbourn Rd, Sheffield S9 3LQ, UK",0844 272 9742,http://foxcateringequipment.co.uk/
Sheffield,A_catering_engineers,Agam Catering Equipment Suppliers,"47 Sheffield Rd, Rotherham S60 1DA, UK",01709 379684,http://www.agamcatering.co.uk/
Sheffield,A_catering_engineers,Catering Griddle,"656 Attercliffe Rd, Attercliffe, Sheffield S9 3RN, UK",07449 184963,
Sheffield,A_catering_engineers,B&M Secondhand Catering Equipment,"336 Langsett Rd, Hillsborough, Sheffield S6 2UF, UK",07733 488029,https://sites.google.com/view/bm-secondhandcateringequipment/home
Sheffield,A_catering_engineers,Carlton Catering Equipment,"Grange Farm, Braithwell Rd, Ravenfield, Rotherham S65 4LP, UK",07976 285343,http://www.chippersandpeelers.com/
Sheffield,A_catering_engineers,Manitowoc Food Service,"Provincial Park, Nether Lane, Ecclesfield, Sheffield S35 9ZX, UK",0114 257 0100,
Sheffield,A_catering_engineers,Vip Catering Spares,"105 Lindsay Ave, Parson Cross, Sheffield S5 7SD, UK",07539 934422,http://vipcateringparts.co.uk/
Sheffield,A_catering_engineers,Elite Catering Equipment LTD,"Unit 13, vanguard trading estate, Britannia Rd, Chesterfield S40 2TZ, UK",01246 914300,http://elitecateringequipmentltd.co.uk/
Sheffield,A_catering_engineers,Taste Revolution | Gastronomy & Catering Supplies,"103 Arundel St, Sheffield City Centre, Sheffield S1 2NT, UK",0114 272 1136,
Sheffield,A_catering_engineers,Vixen Catering Equipment Ltd,"464-466 Manchester Rd, Stocksbridge, Sheffield S36 2DU, UK",0114 288 8416,
Sheffield,A_catering_engineers,Catering Projects Ltd,"Unit 2, Waterloo Court, Markham Ln, Markham Vale, Chesterfield S44 5HN, UK",01246 811575,http://www.cateringprojects.co.uk/
Sheffield,A_catering_engineers,The Bo-Ho Catering Co.,"183 White Ln, Gleadless, Sheffield S12 3GF, UK",07786 937881,https://www.thebohocateringco.co.uk/
Sheffield,A_catering_engineers,EXPRESS CATERING EQUIPMENT,"Attercliffe, Sheffield S9 3RE, UK",,
Sheffield,A_catering_engineers,Advanced Catering Services Ltd,"Unit 4A, 4B, High St, Bassingham, Lincoln LN5 9JZ, UK",07834 615965,http://www.adcatservs.co.uk/
Sheffield,A_catering_engineers,IDL Commercial Kitchen Design,"Unit 22, Century Park Network Centre, Dearne Ln, Wath upon Dearne, Rotherham S63 5DE, UK",01709 871392,http://www.idlengineeringservices.co.uk/
Sheffield,A_catering_engineers,Food Service Solutions (UK) Ltd,"Unit 52, Works Rd, Hollingwood, Chesterfield S43 2PE, UK",01246 477223,http://foodservicesolutions.co.uk/
Sheffield,B_equipment_repair,B&P Wholesale - Packaging & Catering Supplies,"9AParkway Dr, Darnall, Sheffield S9 4WN, UK",0114 244 4446,https://www.bandpwholesale.co.uk/
Sheffield,B_equipment_repair,NWCE Foodservice Equipment,"Folds Rd, Bolton BL1 2SB, UK",0161 764 8688,http://www.nwce.co.uk/
Sheffield,B_equipment_repair,Sheffield Kitchen Supplies,"17, Kingfisher Works, Neepsend Ln, Neepsend, Sheffield S3 8AU, UK",0114 273 7524,http://www.sheffieldsupplies.co.uk/
Sheffield,B_equipment_repair,South Coast Catering Equipment Limited,"Unit 4-5, Commercial House, Apex Park, Hailsham BN27 3JU, UK",01323 444530,http://www.southcoastcatering.co.uk/
Manchester,A_catering_engineers,DA Catering repairs and servicing ltd,"Claremont Rd, Salford, Manchester M6 7RJ, UK",07922 301397,https://www.dacrs.co.uk/?utm_source=google&utm_medium=wix_google_business_profile&utm_campaign=4956369211231669446
Manchester,A_catering_engineers,Rusholme Catering Equipment & Services,"Unit 3, Dagenham Road Industrial Estate, Manchester M14 5ED, UK",0161 478 7245,
Manchester,B_equipment_repair,Quatrone - Catering Equipment - Manchester,"Unit 7, Orchard sew mill, Langley Road, South, Salford M6 6SD, UK",0161 327 5045,https://www.quatrone.co.uk/
Manchester,B_equipment_repair,Proex Catering Equipment Buy & Sell - MANCHESTER -,"Unit K, Mode Wheel Rd S, Salford M50 1DG, UK",07983 242182,https://proexcatering.co.uk/
Manchester,B_equipment_repair,Catering Equipment Manufacturer Manchester - Riley Catering Manufacturing LTD,"1-3 Bond St, Denton, Manchester M34 3AJ, UK",07860 706605,
Manchester,B_equipment_repair,Commercial Catering Equipment Services Ltd (CCE Services Ltd),"E4, E1, E4 Ford St, Stockport SK3 0BT, UK",0161 477 1321,
Manchester,B_equipment_repair,YES Group - Takeaway and Restaurant Catering Supplies,"Kurpas House, Greenside Way, Middleton, Manchester M24 1SW, UK",0161 655 3777,http://yesgroupuk.com/
Manchester,B_equipment_repair,Worldwide Catering NW Ltd - Fruit and Veg Supplier Manchester,"Unit 2, FAILSWORTH INDUSTRIAL ESTATE, Failsworth, Manchester M35 0BN, UK",0161 684 7774,https://worldwidecatering.co/
Manchester,B_equipment_repair,Total Kitchen Services Ltd,"Unit 2B/Mackenzie Ind Est/Bird Hall La, Cheadle Heath, Stockport SK3 0SB, UK",0161 428 4154,http://totalkitchenservices.co.uk/
Liverpool,A_catering_engineers,Combined Catering Services,"73 Brewster St, Bootle L20 9NG, UK",0151 922 4454,http://combinedcatering.com/
Liverpool,A_catering_engineers,Merseyside Catering Fabrications Limited,"Unit 1, Wilson Business Centre, Wilson Rd, Huyton, Liverpool L36 6AF, UK",0151 489 1255,https://www.merseyfabs.co.uk/
Liverpool,A_catering_engineers,Davlex Catering Equipment,"Bridle Rd, Netherton, Bootle L30 4UG, UK",,http://www.davlex.co.uk/
Liverpool,A_catering_engineers,Burnt Orange Catering,"Camp & Furnace, 67 Greenland St, Liverpool L1 0BY, UK",0151 903 5073,http://www.burntorangeliv.com/
Liverpool,A_catering_engineers,"Four Seasons Catering(Caterer For Weddings, Corporate, Business, Private, Funeral, BBQ, Buffet & Paella Caterer)","Netherly, Unit 16, Wheathill Ind Est, Holt Ln, Netherley, Liverpool L27 0YA, UK",0151 230 1600,https://fscco.uk/
Liverpool,A_catering_engineers,KiD Catering Equipment,"Oaktree Court Business Centre, Mill Ln, Ness, Little Neston, Neston CH64 8TP, UK",0333 123 2450,https://www.kidcateringequipment.com/
Liverpool,A_catering_engineers,C & C Catering Fabrications Ltd,"2B Arbour Ct, Kirkby, Liverpool L33 7XE, UK",0151 547 4822,https://cateringfabrications.com/
Liverpool,A_catering_engineers,Wild Truffle Catering,"40 Rodney St, Liverpool L1 9AA, UK",0151 291 1144,https://wildtruffle.co.uk/
Liverpool,A_catering_engineers,Catering Equipment Design,"5 Randles Rd, Knowsley, Prescot L34 9HX, UK",,
Liverpool,A_catering_engineers,C&C Catering Equipment Ltd,"Quarry Buildings, Hill Rd, Eccleston, Chester CH4 9HQ, UK",01244 625170,https://cateringequipment.com/
Liverpool,A_catering_engineers,Richmond Paper Supply Co - Takeaway Packaging and Catering Disposables,"1-3 Forge St, Liverpool, Bootle L20 8JG, UK",0151 933 1000,https://www.richmondpapersupply.co.uk/?utm_source=google&utm_medium=local&utm_campaign=1&utm_content=primary
Liverpool,A_catering_engineers,Used catering,"Used catering, Wilson Rd, Liverpool L36 6AD, UK",,
Liverpool,A_catering_engineers,Peninsula Catering,"Unit 2, Quarrybank Workshops, Oxton Rd, Birkenhead, Wirral CH41 2ZD, UK",0151 662 0191,https://www.peninsulacatering.co.uk/
Liverpool,B_equipment_repair,Adams Foodservice,"183 Great Howard St, Liverpool L3 7DL, UK",0333 880 1569,http://adamsfoodservice.com/
Bristol,A_catering_engineers,AB Catering Engineers Ltd,"15 Martock Rd, Keynsham, Bristol BS31 1XA, UK",0117 986 8007,https://www.abcateringengineers-bristol.co.uk/
Bristol,B_equipment_repair,Avondale Catering Supplies Ltd,"Office 19, Access Self Storage, Winterstoke Rd, Ashton Gate, Bristol BS3 2LG, UK",0117 244 2295,http://avondalecatering.co.uk/
Bristol,B_equipment_repair,Tailor Made Catering Equipment Services Ltd,"Unit D37, Kestrel court, 1 Harbour Rd, Portishead, Bristol BS20 7AN, UK",01275 390590,https://www.tailormadeces.com/
Bristol,B_equipment_repair,M&M CATERING SUPPLIES LIMITED,"GXO Site, St, St Andrew's Rd, Avonmouth, Bristol BS11 9HS, UK",0117 982 7338,https://mmcateringsupplies.com/
Bristol,B_equipment_repair,South Western Equipment Catering Services,"Southland Farm, Compton Dando, Bristol BS39 4JX, UK",07900 908896,http://swecs.co.uk/
Bristol,B_equipment_repair,Bristol Catering Company,"31 Brislington Hill, Brislington, Bristol BS4 5BE, UK",0117 370 3100,http://www.bristolcatering.co.uk/
Bristol,B_equipment_repair,Roundstone Catering Equipment,"8 Lysander Rd, Bowerhill, Melksham SN12 6SP, UK",01225 709595,https://www.roundstonecatering.com/
Bristol,B_equipment_repair,Kitchen Artillery,"4b Waterloo St, Clifton, Bristol BS8 4BT, UK",0117 973 1062,https://www.kitchenartillery.co.uk/
Bristol,B_equipment_repair,Elite Catering & Laundry Services Ltd,"432 Gloucester Rd, Horfield, Bristol BS7 8TX, UK",0117 969 4618,
Leicester,A_catering_engineers,Foodservice Training Consultants Ltd,"61 Oakfield Ave, Birstall, Leicester LE4 3DT, UK",07944 363490,http://www.foodservicetraining.co.uk/
Leicester,A_catering_engineers,ELHAS CATERING EQUIPMENT,"12 Boston Rd, Leicester LE4 1AU, UK",0116 319 2202,http://www.elhascateringequipment.com/
Leicester,A_catering_engineers,HLCE Catering Equipment,"Brook St, Thurmaston, Leicester LE4 8DB, UK",0116 260 2222,
Leicester,A_catering_engineers,Ram Catering Equipment Service Ltd,"79 Glenfield Rd, Leicester LE3 6AW, UK",07885 554555,
Leicester,A_catering_engineers,Tower Commercial Catering Ltd,"Ste 3.1C, 39 The Parade, Oadby, Leicester LE2 5BB, UK",0116 271 0845,https://www.towercommercialcatering.co.uk/
Leicester,A_catering_engineers,Bluestone Catering Solutions,"10, Interchange Business Park, Coal Cart Rd, Birstall, Leicester LE4 3BY, UK",0116 267 2211,http://www.bluestonecatering.co.uk/
Leicester,A_catering_engineers,Dx Catering,"Troon Industrial Area, Clipper Rd, Leicester LE4 9JE, UK",0333 335 0477,http://dxcateringshop.co.uk/
Leicester,A_catering_engineers,The Dimblebee Catering Company Ltd,"unit 10, Linwood Workshops, Linwood Ln, Leicester LE2 6QJ, UK",0116 283 3327,https://www.dimblebeecatering.co.uk/
Leicester,A_catering_engineers,Catering Service SR,"Unit 2, 23-25 Highfield St, Leicester LE2 1AB, UK",07955 588772,
Leicester,A_catering_engineers,"Heat Assist UK Ltd Commercial, Commercial Catering & Domestic","3 Lapwing Dr, Leicester LE4 3EW, UK",07877 179918,https://heatassistuk.com/
Leicester,A_catering_engineers,"De-Kay Hygiene, Catering and Barware Solutions Ltd","Unit 4, 50 Pullman Rd, Wigston LE18 2DB, UK",0116 212 1690,http://www.de-kayhygienesolutions.co.uk/
Leicester,A_catering_engineers,Decadent Catering Ltd,"37 Oswin Rd, Leicester LE3 1HR, UK",0116 255 8008,http://www.decadentcatering.co.uk/
Leicester,A_catering_engineers,Mason Foodservice Limited,"55 Kenilworth Dr, Oadby, Leicester LE2 5LT, UK",0116 271 9000,http://www.masonfoods.co.uk/
Leicester,A_catering_engineers,Castle Catering Engineers Ltd,"Unit 8, Pottery Court, Pottery Way, Bulwell, Nottingham NG6 8YN, UK",0115 905 1208,https://www.ccecatering.com/
Leicester,A_catering_engineers,Catering With Us,"3rd Floor, George’s house, 6 St Georges Way, Leicester LE1 1QZ, UK",07931 825803,https://cateringwithus.com/
Leicester,A_catering_engineers,rangolee catering,"4 Syston St W, Leicester LE1 2JU, UK",0116 292 9954,
Leicester,A_catering_engineers,Valley Catering Supplies,"Valley Discount Store, 270 St Saviours Rd, Leicester LE5 4HG, UK",0116 276 5021,
Leicester,A_catering_engineers,Jai Jaliyan - best catering & events,"UNIT 33 Freemens Common Rd, Leicester LE2 7SQ, UK",07885 602959,http://jaijaliyan.co.uk/
Leicester,A_catering_engineers,Leicestershire Catering Repairs,"Unit 4 North St, Melton Mowbray LE13 1NL, UK",01664 784026,http://leicestershirecateringrepairs.co.uk/
Leicester,A_catering_engineers,Cook Cool Catering Equipment,"99 Manvers St, Sneinton, Nottingham NG2 4NU, UK",0115 950 4685,http://www.cook-cool.co.uk/
Leicester,A_catering_engineers,NCB Foodservice,"17 High View Cl, Leicester LE4 9LJ, UK",0116 274 1300,http://www.ncb.co.uk/
Leicester,A_catering_engineers,Commercial Kitchen Breakdowns Ltd,"5-6 Maiden Ln, Stamford PE9 2AZ, UK",01780 778088,https://commercialkitchenbreakdowns.co.uk/
Leicester,A_catering_engineers,X-Clusive Events | Wedding Planner | Mandaps | DJ | Decor | Hires | Catering | & More,"Vulcan Rd, Leicester LE5 3EB, UK",07506 029567,http://www.x-clusiveevents.co.uk/
Leicester,A_catering_engineers,Shires Catering,"Keyham Stud Farm, Keyham, Leicester LE7 9JU, UK",07508 607958,
Bradford,A_catering_engineers,Eastern Catering,"203 Garnett St, Bradford BD3 9HA, UK",01274 393494,
Bradford,A_catering_engineers,ZRJAVED CATERING EQUIPMENT,"Unit 5, Valley Business Park, Valley Rd, Bradford BD1 4BQ, UK",07440 393624,
Bradford,A_catering_engineers,Desi Catering Equipment,"Globe Mills, White Abbey Rd, Bradford BD8 8JL, UK",01274 720544,http://www.desicateringequipment.com/
Bradford,A_catering_engineers,Design Catering,"191 Sunbridge Rd, Bradford BD1 2HQ, UK",01274 740055,https://design-catering.co.uk/
Bradford,A_catering_engineers,A T R Catering Supplies Ltd,"Pride Buildings, Hall Ln, Broomfields, Bradford BD4 7AB, UK",01274 735900,
Bradford,A_catering_engineers,AASK Catering Equipment Solutions LTD,"1b, Kyme Mill, Johnson St, Bradford BD3 8HW, UK",07805 165037,http://www.aaskcateringequipment.com/
Bradford,A_catering_engineers,Masters kitchen,"211 Northside Rd, Bradford BD7 2QT, UK",07403 215561,
Bradford,B_equipment_repair,H M I Catering Equipment,"Unit 3, Holroyd Business Centre, Carr Btm Rd, Bradford BD5 9BP, UK",07377 571325,http://www.hmicateringequipment.com/
Coventry,A_catering_engineers,Oasis Catering Equipment Ltd,"Boston Place, 10 Boston Pl, Coventry CV6 5NN, UK",024 7666 3385,http://www.oasiscateringequipment.ltd.uk/contact-us/
Coventry,A_catering_engineers,H'S KITCHEN CATERING AND EVENTS,"30 Surrey Dr, Coventry CV3 1PL, UK",07961 797497,https://www.facebook.com/Hs-Kitchen-116812933450830/
Coventry,A_catering_engineers,Jo’s Kitchen UK,"2 Rodyard Way, Coventry CV1 2UD, UK",07776 710590,
Coventry,A_catering_engineers,Ganapathi Catering,"1 Sparkbrook St, Coventry CV1 5ST, UK",07872 066182,https://ganapathioutdoorcatering.co.uk/
Coventry,A_catering_engineers,Suzy Mc's Corporate Catering,"Jaguar sports and social club, Fenton Rd, Coventry CV5 9PS, UK",07954 464486,https://www.facebook.com/SuzyMcs/
Coventry,A_catering_engineers,J J Catering and Events Ltd,"160 Jubilee Cres, Radford, Coventry CV6 3ES, UK",07404 402670,https://www.jjcateringandevents.com/
Coventry,A_catering_engineers,Catering Services International,"135 New Union St, Coventry CV1 2NT, UK",024 7622 4777,https://www.cateringinternational.co.uk/
Coventry,A_catering_engineers,Eat Away Catering,"Little Heath Industrial Estate, Old Church Rd, Coventry CV6 7ND, UK",07472 520424,http://eatawaycatering.com/
Coventry,A_catering_engineers,Jasper's Catering Coventry,"Middlemarch House, Middlemarch Business Park, Siskin Dr, Coventry CV3 4FJ, UK",0330 445 1111,https://www.jaspersonline.co.uk/
Coventry,A_catering_engineers,Concept Catering Solutions,"Binley Wood News, 209 Rugby Rd, Binley Woods, Coventry CV3 2BB, UK",07878 446462,
Nottingham,A_catering_engineers,Nottingham Catering Engineers Ltd,"8 Valley Rd, Beeston, Nottingham NG9 4GP, UK",0115 877 8888,http://www.nottinghamcateringengineers.co.uk/
Nottingham,A_catering_engineers,Notts Catering Repairs,"71 Chiltern Way, Nottingham NG5 5NP, UK",07815 570971,https://www.nottscateringrepairs.co.uk/
Nottingham,A_catering_engineers,Midland Catering Engineers Limited,"Private Road Number 5, Colwick Industrial Estate, Netherfield, Nottingham NG4 2JU, UK",0115 987 9686,
Nottingham,A_catering_engineers,Walker Catering Supplies,"Off Norton St, Ilkeston Rd, Nottingham NG7 3JG, UK",0115 979 0110,http://www.walkercatering.co.uk/
Nottingham,A_catering_engineers,ARM Catering Equipment LTD,"Unit 10, Forest Court, Radford, Nottingham NG7 4EX, UK",07898 259883,
Nottingham,A_catering_engineers,Storer Refrigeration & Catering Manufacturers Ltd,"Newstead Industrial Estate, Brookfield Rd, Arnold, Nottingham NG5 7ER, UK",0115 920 0329,https://www.storersltd.com/
Nottingham,A_catering_engineers,Drh Catering Engineers,"22 Mona St, Beeston, Nottingham NG9 2BY, UK",,
Nottingham,B_equipment_repair,Elya Catering Equipment Ltd,"Waterford St, Basford, Nottingham NG6 0DH, UK",0115 978 8585,http://www.elyacatering.co.uk/
Nottingham,B_equipment_repair,Johnsons Catering Equipment,"Unit, G3 Cowlairs, Nottingham NG5 9RA, UK",0115 976 1621,http://www.johnsonsce.co.uk/
Nottingham,B_equipment_repair,FS Catering Services,"26 Westbury Mews, Nottingham NG5 1EN, UK",07918 106457,
Nottingham,B_equipment_repair,Sadlergates Catering Nottingham | Food Catering Professionals,"Unit 5, Castle Industrial Park, Watnall Rd., Hucknall, Nottingham NG15 6BU, UK",0115 647 6903,https://sadlergates.co.uk/caterers-nottingham/
Nottingham,B_equipment_repair,McArtney's Catering Ltd,"6 Wilford Rd, Ruddington, Nottingham NG11 6EN, UK",07825 836693,
Newcastle upon Tyne,A_catering_engineers,5 Star Catering Equipment Supplier,"246-250 Westgate Rd, Newcastle upon Tyne NE4 6AQ, UK",0800 999 1535,https://5starcateringequipment.co.uk/
Newcastle upon Tyne,A_catering_engineers,NE Catering Equipment,"16 Riversdale Ct, Newcastle upon Tyne NE15 8SG, UK",07507 565162,
Newcastle upon Tyne,A_catering_engineers,Acorn Catering Equipment,"1 Cowen Rd, Blaydon-on-Tyne NE21 5TW, UK",0191 414 4140,https://acorn-catering.co.uk/
Newcastle upon Tyne,A_catering_engineers,Pro Catering Equipment,"2 Leicester Cl, Wallsend NE28 9YZ, UK",0191 682 5394,http://www.procateringequipment.co.uk/
Newcastle upon Tyne,A_catering_engineers,Sigma Catering Equipment,"Opus Yard, Potter St, Willington Quay, Wallsend NE28 6TZ, UK",0191 263 6363,https://www.sigma-ce.co.uk/
Newcastle upon Tyne,A_catering_engineers,CNG Foodservice Equipment,"2, Parker Ct, St. Omers Rd, Dunston, Gateshead NE11 9EW, UK",0191 460 9408,http://www.cngfoodserv.co.uk/
Newcastle upon Tyne,A_catering_engineers,Equippe- Catering Equipment Hire,"25 Peldon Cl, Newcastle upon Tyne NE7 7PB, UK",07930 645628,http://www.equippe.co.uk/
Newcastle upon Tyne,A_catering_engineers,Northstar Catering,"246-250 Westgate Rd, Newcastle upon Tyne NE4 6AQ, UK",07542 334210,
Newcastle upon Tyne,A_catering_engineers,Catering Repair Services,"unit 4, Eleventh Ave N, Gateshead NE11 0NJ, UK",0191 447 7020,
Newcastle upon Tyne,A_catering_engineers,United Hygiene & Catering Equipment Ltd,"221 Kingsway S, Gateshead NE11 0SQ, UK",0800 024 8680,
Newcastle upon Tyne,A_catering_engineers,Phoenix Refrigeration & Catering Ltd,"Unit 99/1 Chollerton Drive, Whitley Road, North Tyne Industrial Estate, Benton, Newcastle upon Tyne NE12 9SZ, UK",0191 268 4288,https://www.phoenix-refrigeration.co.uk/
Newcastle upon Tyne,A_catering_engineers,Core Catering Maintenance Ltd,"Unit 8, 211 Split Crow Rd, Deckham, Gateshead NE8 3UB, UK",0191 490 2510,
Newcastle upon Tyne,A_catering_engineers,5 star catering equipment Second Hand & Repair,"HARD FITNESS, Blenheim Pl, Dunston, Gateshead, GRIND NE11 9HF, UK",07493 386162,
Newcastle upon Tyne,A_catering_engineers,Britannia Catering Supplies,"75 Condercum Rd, Newcastle upon Tyne NE4 8XN, UK",0191 272 2257,
Newcastle upon Tyne,A_catering_engineers,North East Commercial Catering and Gas Services Ltd,"14 Pk Pl E, Hendon, Sunderland SR2 8EE, UK",07958 205378,
Newcastle upon Tyne,A_catering_engineers,Kingdom of Catering Ltd.,"25, North East Fruit & Vegetable Market, Gateshead NE11 0QY, UK",07578 520525,https://www.kingdomofcatering.co.uk/
Newcastle upon Tyne,A_catering_engineers,Catering Units,"Unit 28, Team Valley Business Centre, Team Valley, Gateshead NE11 0QH, UK",0845 519 5065,https://www.cateringunits.co.uk/
Newcastle upon Tyne,A_catering_engineers,Catering Service Engineers,"Unit 9 Richmond Ct, Kells Ln, Deckham, Gateshead NE9 5JG, UK",0191 686 9778,
Newcastle upon Tyne,A_catering_engineers,Diverse Catering Maintenance,"Unit 9g, Tanfield Lea Industrial Estate North, Tanfield Lea, Stanley DH9 9UU, UK",01207 775936,http://www.diversecateringmaintenance.co.uk/
Newcastle upon Tyne,A_catering_engineers,Ramside Event Catering,"Lancaster Rd, Lancaster Rd, Dunston, Gateshead NE11 9JR, UK",0191 493 2300,https://ramsideeventcatering.co.uk/
Newcastle upon Tyne,A_catering_engineers,Ata's Catering Equipment,"Newcastle upon Tyne NE6 2UU, UK",,
Newcastle upon Tyne,A_catering_engineers,LJ Catering Services Ltd,"30 Swan Rd, Washington NE38 8JJ, UK",07852 961082,
Newcastle upon Tyne,A_catering_engineers,Epicurus Catering Ltd,"17, Mandale Park, Wallsend Rd, North Shields NE29 7FN, UK",07976 374629,http://www.epicurus.co.uk/
Sunderland,A_catering_engineers,"North East Commercial Catering Equipment Sales, Service & Repair","34C Ellesmere Ct, Sunderland SR2 9UA, UK",07958 205378,
Sunderland,A_catering_engineers,North East Catering Equipment Hire,"Unit 19, enterprise house herrington burn, Houghton le Spring DH4 4JW, UK",0191 584 9200,
Sunderland,A_catering_engineers,Catering by Anita,"15 Mansfield Cres, Roker, Sunderland SR6 9LH, UK",07856 686930,http://www.cateringbyanita.co.uk/
Sunderland,A_catering_engineers,K&J Catering,"Pennywell Industrial Estate, Roker, Sunderland SR4 9EN, UK",0191 534 2331,http://kandjcateringne.co.uk/
Sunderland,A_catering_engineers,K&J Catering,"Echo House, Sunderland SR4 9ER, UK",0191 534 8080,https://kandjcateringne.co.uk/
Sunderland,A_catering_engineers,Food2go Catering,"Kayll Rd, Sunderland SR4 7TW, UK",07826 608815,
Sunderland,A_catering_engineers,Evs Catering,"Melbury Ct, Roker, Sunderland SR6 9HZ, UK",07707 769669,https://www.facebook.com/share/UtPVM4MzdM9SC6fa/
Sunderland,A_catering_engineers,Catering Packaging,"Unit 12a, Southwick Industrial Estate, Sunderland SR5 3TX, UK",07759 782192,
Sunderland,A_catering_engineers,Excel Food Service,"8 Brooklands Way, Boldon Colliery NE35 9LZ, UK",0191 519 4242,http://www.excelfood.co.uk/
Sunderland,A_catering_engineers,Astra Event & Catering Hire,"enterprise house herrington burn, Houghton le Spring DH4 4JW, UK",0191 584 3800,
Sunderland,A_catering_engineers,Alpha Catering Services,"24 Pk Pl E, Hendon, Sunderland SR2 8EE, UK",07400 887211,
Sunderland,A_catering_engineers,Lakes Catering Maintenance,"Moss End Business Village, Crooklands, Milnthorpe LA7 7NU, UK",01539 724506,https://www.lakescateringmaintenance.co.uk/
Brighton,A_catering_engineers,UK Catering Ltd,"304, Vantage Point, New England Rd, Brighton and Hove, Brighton BN1 4GW, UK",01273 505075,https://ukcatering.co.uk/
Brighton,A_catering_engineers,Commercial Catering Contracts Ltd,"Waterside House, Brighton and Hove, Brighton BN41 1UY, UK",01273 885655,http://www.commercialcatering.co.uk/
Brighton,A_catering_engineers,SPACE & THYME - Catering Bars Events & Hire,"14 Black Lion St, Brighton and Hove, Brighton BN1 1ND, UK",01273 900866,http://www.spaceandthyme.co.uk/
Brighton,A_catering_engineers,Mend-All Catering Services Ltd,"Unit 1, Charmandean Centre, Forest Rd, Worthing BN14 9HS, UK",01273 411173,https://www.mendallcatering.co.uk/
Brighton,A_catering_engineers,Indigo Catering Equipment,"1 Wilmington Parade, Brighton and Hove, Brighton BN1 8JJ, UK",01273 289076,https://www.indigoce.co.uk/?utm_source=gbp&utm_medium=organic&utm_campaign=gbp-brightonoffice
Brighton,A_catering_engineers,Catering Projects Shop Ltd,"4 Church Pl, Brighton and Hove, Brighton BN2 5JN, UK",07700 152263,https://www.cateringprojectsshop.co.uk/
Brighton,A_catering_engineers,Just Catering Repairs Ltd,"0 Parker Rd, Hastings TN34 3TP, UK",07711 944116,https://justcateringrepairsltd.co.uk/
Brighton,A_catering_engineers,Brighton and Hove Catering,"33 Albany Villas, Brighton and Hove, Hove BN3 2RT, UK",01273 711261,http://brightonandhovecatering.co.uk/
Brighton,A_catering_engineers,AWS Catering and Refrigeration,"10 Ostlers View, Billingshurst RH14 9LU, UK",07708 700374,http://www.cateringengineer.co.uk/
Plymouth,A_catering_engineers,P7 Catering Engineers Plymouth,"2A Mutley Plain, Mutley, Plymouth PL4 6LA, UK",01752 717772,http://www.p7cep.co.uk/
Plymouth,A_catering_engineers,Four Elements Catering,"17 S Milton St, Plymouth PL4 0QE, UK",07359 111462,https://www.fourelementscatering.com/
Plymouth,A_catering_engineers,C & G Catering,"The Old Mill, Forder Valley Rd, Plymouth PL6 8LF, UK",07973 861374,https://www.candgcateringplymouth.co.uk/
Plymouth,A_catering_engineers,Ad Hoc Catering,"8 The Esplanade, Plymouth PL1 2PJ, UK",07528 800723,http://www.adhoccatering.com/
Plymouth,A_catering_engineers,P7 Kitchen Commercial,"2A Mutley Plain, Mutley, Plymouth PL4 6LA, UK",01752 717772,https://p7cep.co.uk/
Plymouth,B_equipment_repair,GAC Catering & Refrigeration,"Unit 18, Norman Court, Budlake Rd, Marsh Barton, Exeter EX2 8PY, UK",01803 523412,http://www.gac-catering.co.uk/
Hull,A_catering_engineers,ATL Commercial Kitchens Ltd,"Unit 9, Boulevard Factory Estate, Hull HU3 4AY, UK",01482 215870,http://www.atlcommercialkitchens.com/
Hull,A_catering_engineers,Ramzi's Catering,"104 W Dock St, Hull HU3 4HH, UK",01482 961903,
Hull,A_catering_engineers,East Riding Catering Equipment,"Unit 18, Priory Road Industrial Estate, Priory Rd, Beverley HU17 0EW, UK",01482 860303,https://er-ce.co.uk/
Hull,A_catering_engineers,A & J commercial refrigeration & Catering Equipment,"104 W Dock St, Hull HU3 4HH, UK",01482 961903,https://www.ajcommercialrefrigeration.co.uk/
Hull,A_catering_engineers,Saving Thyme Buffet Catering Hull & East Riding of Yorkshire,"695A Holderness Rd, Hull HU8 9AN, UK",07541 785058,https://www.savingthymehull.co.uk/
Hull,A_catering_engineers,Creative Catering (Hull),"Unit 2, Hawthorn Avenue Factory Estate, Hawthorn Ave, Hull HU3 5JB, UK",01482 212185,http://creativecateringhull.co.uk/
Derby,A_catering_engineers,McTurks Catering Supplies Ltd,"134 Holcombe St, Pear Tree, Derby DE23 8JB, UK",01332 767648,https://mcturks.uk/
Derby,A_catering_engineers,CATERING EQUIPMENT LTD,"Catering Equipment Ltd, Grendon Rd, Polesworth, Tamworth B78 1NX, UK",0121 773 2228,https://www.clickonstore.net/
Derby,A_catering_engineers,Brodale Catering Equipment Limited,"Bromley House, 10 King Edward St, Shirebrook, Mansfield NG20 8AU, UK",01623 740047,http://www.brodale.co.uk/
Derby,B_equipment_repair,M G B Catering Equipment Supplies Ltd,"Unit 2, Boundary Lane, Ashby Rd, Swadlincote DE11 7FU, UK",01283 226619,https://mgbcateringequipment.co.uk/
Derby,B_equipment_repair,Essential Supplies Limited - Restaurant and Catering Suppliers (Head Office),"10 Millway, Old Mill Lane Industrial Estate, Mansfield Woodhouse, Mansfield NG19 9BG, UK",01623 646000,https://www.esl-online.co.uk/
Derby,B_equipment_repair,Western Kitchen and Bedrooms Ltd,"Unit 9 Newmarket Court, Newmarket Dr, Ascot Dr, Allenton, Derby DE24 8NW, UK",01332 988769,http://www.westernkitchenderby.co.uk/
Derby,B_equipment_repair,Derby Kitchen Fitter,"573 Stenson Rd, Sunny Hill, Derby DE23 1LP, UK",01332 529933,https://www.derbykitchenfitter.co.uk/
Southampton,A_catering_engineers,Knight Catering Services Ltd,"52 Water Ln, Totton, Southampton SO40 3DN, UK",07973 181453,http://www.k-c-s.co.uk/
Southampton,A_catering_engineers,Allens Catering Equipment Hire Southampton,"7, Aercon Trading Estate, Woodside Rd, Eastleigh, Southampton SO50 4ET, UK",023 8065 2316,https://www.allenshire.co.uk/?utm_source=Google_Business_Southampton&utm_medium=organic&utm_campaign=HSGMB
Southampton,A_catering_engineers,HCE Foodservice Equipment,"School Lane Chandlers Ford Industrial Estate, School Ln, Chandler's Ford, Eastleigh SO53 4DG, UK",023 8027 1010,http://www.hce-catering.co.uk/
Southampton,A_catering_engineers,Meridian Catering Engineers,"Wessex House, Upper Market St, Eastleigh SO50 9FD, UK",023 8064 7062,https://www.meridiancateringengineers.co.uk/
Southampton,A_catering_engineers,Gamma Catering Equipment,"30 Primrose Way, Park Gate, Southampton SO31 6WX, UK",07577 969799,http://www.gammacatering.co.uk/
Southampton,A_catering_engineers,Catering Products Direct,"Chandler's Ford, Southampton SO142AL, UK",,https://cateringproductsdirect.co.uk/?utm_source=Google+Business+Profile&utm_medium=Catering+Products+Direct&utm_campaign=Catering+Products+Direct+Google+Business+Profile
Southampton,A_catering_engineers,Catering Products Direct,"29 Field View, Chandler's Ford, Eastleigh SO53 4LJ, UK",,https://cateringproductsdirect.co.uk/
Southampton,A_catering_engineers,Hamble Catering Ltd,"Unit 10 South Point, Ensign Way, Hamble-le-Rice, Southampton SO31 4RF, UK",023 8045 7262,http://www.hamblecatering.co.uk/
Southampton,A_catering_engineers,Catering Services International,"F1, 81 London Rd, Southampton SO15 2AA, UK",023 8033 4999,https://www.cateringinternational.co.uk/
Southampton,A_catering_engineers,City Catering Southampton,"Drummond House, Drummond Dr, Southampton SO14 0SS, UK",023 8033 2226,https://citycateringsouthampton.co.uk/
Southampton,A_catering_engineers,P P Catering and events,"Winsor Rd, Bartley, Southampton SO40 2HJ, UK",07765 225889,http://www.ppcateringandevents.co.uk/
Southampton,B_equipment_repair,Apeiron Catering,"Unit 7, Pintail Business Park, 165 Christchurch Rd, Ringwood BH24 3AL, UK",01425 511693,https://www.apeironcatering.co.uk/
Stoke-on-Trent,A_catering_engineers,HDServ Catering Engineers Ltd,"Unit 6, Hot Lane Industrial Estate, Maplehurst Cl, Hot Ln, Burslem, Stoke-on-Trent ST6 2EJ, UK",01782 827177,https://hdserv.co.uk/
Stoke-on-Trent,A_catering_engineers,Ritchie Catering Equipment,"315 Hartshill Rd, Hartshill, Stoke-on-Trent ST4 7NR, UK",01782 633733,http://www.ritchiecateringequipment.co.uk/
Stoke-on-Trent,A_catering_engineers,HD Catering Equipment Ltd,"Unit 6, Hot Lane Industrial Estate, Maplehurst Cl, Burslem, Stoke-on-Trent ST6 2EJ, UK",01782 818533,https://www.hdcateringequipment.uk/
Stoke-on-Trent,A_catering_engineers,Central Food Service Limited,"Unicorn Industrial Estate, Davenport St, Burslem, Stoke-on-Trent ST6 4RB, UK",01782 811899,https://centralfoodservice.co.uk/
Stoke-on-Trent,A_catering_engineers,Six Towns Catering Supplies,"Sylvan Works, Unit 3 Normacot Rd, Longton, Stoke-on-Trent ST3 1PW, UK",07805 751126,http://sixtownscateringsupplies.co.uk/
Stoke-on-Trent,A_catering_engineers,Exty's Catering services & Event Decor,"40 Broad St, Hanley, Stoke-on-Trent ST1 4EU, UK",07417 493295,
Stoke-on-Trent,A_catering_engineers,The Catering Shop,"Metfab House Montrose Street, 9 Montrose St, Fenton, Stoke-on-Trent ST4 3PB, UK",01782 313311,
Stoke-on-Trent,A_catering_engineers,Quantum CE Catering Equipment,"Lytton St, Stoke-on-Trent ST4 2DH, UK",01782 747372,https://www.quantumce.co.uk/
Stoke-on-Trent,A_catering_engineers,Brickhouse Catering,"48 Wesley St, Tunstall, Stoke-on-Trent ST6 5DG, UK",07493 444208,
Stoke-on-Trent,A_catering_engineers,City Catering,"Weighbridge Site, Cromer Rd, Northwood, Stoke-on-Trent ST1 6QN, UK",01782 236464,
Stoke-on-Trent,A_catering_engineers,Food Service Engineering,"49 Hunters Way, Stoke-on-Trent ST4 5EF, UK",01782 845543,https://businewmap.org/details/food-service-engineering-ChIJdYt
Stoke-on-Trent,A_catering_engineers,The Catering Butcher - Factory Shop,"The Catering Butcher, 216 Sutherland Rd, Longton, Stoke-on-Trent ST3 1JB, UK",01782 744488,https://www.thecateringbutcher.co.uk/
Stoke-on-Trent,A_catering_engineers,Stafford Catering Engineering,"14b, Moorfields Industrial Estate, Cotes Heath, Stafford ST21 6QY, UK",01782 791532,
Stoke-on-Trent,A_catering_engineers,Becci’s Kitchen,"89 St John's Rd, Biddulph, Stoke-on-Trent ST8 6LL, UK",07342 958127,
Stoke-on-Trent,A_catering_engineers,Anglia Catering Equipment Repairs,"Ind Estate, Unit 2 Ambassador Way, Yaxham Rd, Dereham NR20 3TL, UK",01953 851339,https://www.angliacks.co.uk/
Stoke-on-Trent,B_equipment_repair,CaterCare Catering Equipment Ltd,"Unit 1, Nimbus Park, Porz Ave, Houghton Regis, Dunstable LU5 5WZ, UK",01582 862000,http://www.catercare.com/
Wolverhampton,A_catering_engineers,AA Catering Equipment Services Ltd,"Unit 1, Invicta Works, Owen Rd, Willenhall WV13 2PZ, UK",01902 636566,http://www.aacateringservices.co.uk/
Wolverhampton,A_catering_engineers,Md Catering Solutions Ltd,"14 Chestnut Dr, Wombourne, Wolverhampton WV5 0JF, UK",07894 400990,
Wolverhampton,A_catering_engineers,Kitchen Canopy Solutions Ltd,"Unit 8 Spring Ln, Willenhall WV12 4HW, UK",07534 873882,
Wolverhampton,A_catering_engineers,NV Catering,"Unit B1 Moorfield Rd, Wolverhampton WV2 4QT, UK",01902 715450,
Wolverhampton,A_catering_engineers,From Our Kitchen,"18A Upper Grn, Tettenhall, Wolverhampton WV6 8QH, UK",07707 121712,http://www.fromourkitchen.co.uk/
Wolverhampton,A_catering_engineers,Fleming Catering,"Creative Industries Centre, Wolverhampton Science Park, Glaisher Dr, Wolverhampton WV10 9TG, UK",01902 212180,http://www.flemingcatering.co.uk/
Wolverhampton,A_catering_engineers,Silver Catering Equipment,"117 High Rd, Lane Head, Willenhall WV12 4JN, UK",07886 633018,https://bestukdetails.top/details/silver-catering-equipment-ChIJSXR
Wolverhampton,A_catering_engineers,HILTON CATERING,"Hilton Ln, Wolverhampton WV11 2BQ, UK",07840 363389,
Wolverhampton,A_catering_engineers,Jasper's Catering Wolverhampton,"Unit 48, Planetary Industrial Estate, Planetary Rd, Wolverhampton, Willenhall WV13 3XB, UK",01902 275795,http://www.jaspersonline.co.uk/
Wolverhampton,A_catering_engineers,Building 6 - Central Catering Production Unit,"New Cross Hospital, Wolverhampton Rd, Wolverhampton WV10 0QP, UK",,
Wolverhampton,A_catering_engineers,PDS Kitchen Fitters Wolverhampton,"Cheapside, Wolverhampton WV1 1TU, UK",01902 943177,
Milton Keynes,A_catering_engineers,Select Catering Equipment,"Unit 9, Lyon Rd, Bletchley, Milton Keynes MK1 1AX, UK",01908 980075,http://selectce.co.uk/
Milton Keynes,B_equipment_repair,U S S Catering & Refrigeration Equipment Ltd,"9, Denington Court, Denington Ind Est, Wellingborough NN8 2QR, UK",01933 274675,https://www.usscatering.co.uk/
Milton Keynes,B_equipment_repair,Roland Allen Catering Equipment Centre,"Unit 17, Titan Court, Laporte Way, Maidenhall, Luton LU4 8EF, UK",01582 730712,http://www.cateringequipmentcentre.co.uk/
Milton Keynes,B_equipment_repair,R H Hall Foodservice Solutions,"Hallco House, Beacon Court Pitstone Green Business Park, Pitstone, Leighton Buzzard LU7 9GY, UK",01296 663400,http://www.rhhall.com/
Milton Keynes,B_equipment_repair,Catering Hygiene Specialists Ltd,"Unit 1, Midas Industrial Estate, Longbridge Way, Cowley, Uxbridge UB8 2YT, UK",01895 812117,https://www.cateringhygiene.co.uk/shop
Milton Keynes,B_equipment_repair,D.M.M. Catering Services Limited,"95 Church St, Atworth, Melksham SN12 8JA, UK",01225 700201,http://www.dmmcateringservices.co.uk/
Milton Keynes,B_equipment_repair,Midland Catering Equipment,"1 Tempsford St, Kempston, Bedford MK42 8HR, UK",01234 852300,
Milton Keynes,B_equipment_repair,UK Catering Engineer,"Unit B, Lyttleton Rd, Northampton NN5 7ET, UK",07787 069044,http://ukcateringengineer.co.uk/
Milton Keynes,B_equipment_repair,Eco Catering Equipment,"Unit 1, Wingbury Courtyard Business Village, Wingrave, Aylesbury HP22 4LW, UK",01582 865050,https://www.eco-catering-equipment.co.uk/?utm_campaign=local+search&utm_medium=organic&utm_source=google+my+business
Milton Keynes,B_equipment_repair,Prestige Catering Equipment,"Northampton NN5 5AA, UK",01604 756395,https://www.prestigecateringequipment.com/contact-us/
Milton Keynes,B_equipment_repair,Lucky Spoon Catering,"1 Heathfield, Stacey Bushes, Milton Keynes MK12 6HP, UK",01908 229566,http://www.luckyspoon.co.uk/
Milton Keynes,B_equipment_repair,Mk Bags & Kitchenware,"Open market stall No:509, Midsummer Blvd, Milton Keynes MK9 3BA, UK",07815 718030,
Reading,A_catering_engineers,RG Commercial Catering Services Ltd,"158 Henley Rd, Caversham, Reading RG4 6DJ, UK",0118 437 4173,http://www.rgccs.co.uk/
Reading,A_catering_engineers,Lockhart Catering Equipment,"Lockhart House, Brunel Rd, Theale, Reading RG7 4XE, UK",0370 167 8678,http://www.lockhart.co.uk/
Reading,A_catering_engineers,ThreeSixty Commercial Catering Ltd,"Bullers Farm, Reading, Tadley RG26 5LL, UK",07930 832210,http://www.360commercialcatering.com/
Reading,A_catering_engineers,CCI Services | Commercial Kitchen Engineers London and South East,"Unit 1, 40 Wilton Rd, Reading RG30 2SS, UK",0800 644 2727,https://cci-services.co.uk/
Reading,A_catering_engineers,Bonchef Ltd T/A Hayes Catering Supplies,"Unit 4d, Paddock Road Industrial Estate, Paddock Rd, Caversham, Reading RG4 5BY, UK",0118 947 9393,http://www.hayescatering.com/
Reading,A_catering_engineers,Royal Oven Catering,"Danehill, Earley, Reading RG6 4UT, UK",07496 325007,
Northampton,A_catering_engineers,Complete Catering Projects,"Complete Catering Projects Ltd, Vulcan Works, Office G70 34-38 The, Guildhall Rd, Northampton NN1 1EW, UK",01604 969315,http://www.completecateringprojects.co.uk/
Northampton,A_catering_engineers,HOM Refrigeration & Catering Engineers,"73 Bective Rd, Northampton NN2 7TB, UK",01604 965823,http://www.commercialkitchenequipmentservice.co.uk/
Northampton,A_catering_engineers,Bee Catering Equipment,"Unit C Lyttleton Rd, Northampton NN5 7ET, UK",07599 860832,
Northampton,A_catering_engineers,Taurus Catering Equipment Ltd,"3 Matson Ct, Raunds, Wellingborough NN9 6RG, UK",,http://www.tauruscatering.co.uk/
Northampton,A_catering_engineers,Milton House Catering,"9 Glebe Way, Cogenhoe, Northampton NN7 1NS, UK",07809 499858,http://www.miltonhousecatering.co.uk/
Luton,A_catering_engineers,A N Z Catering Equipment,"Unit 4, Langley Terrace, Industrial Park, Latimer Rd, Luton LU1 3XQ, UK",01582 290257,
Luton,A_catering_engineers,Allens Catering Equipment Hire,"3-7 Frederick St, Luton LU2 7QW, UK",01582 749966,https://www.allenshire.co.uk/?utm_source=Google_Business_Luton&utm_medium=organic&utm_campaign=HSGMB
Luton,A_catering_engineers,Hassan Catering,"130 Leagrave Rd, Luton LU4 8HX, UK",01582 706666,http://hassancatering.com/
Luton,A_catering_engineers,London Catering Supplies Ltd,"Unit 7, Trade City, Kingsway, Luton LU1 1FW, UK",,http://www.lcsupplies.co.uk/
Luton,A_catering_engineers,Euroasia Catering Supplies Ltd,"Sundon Park Rd, Luton LU3 3BP, UK",01582 582259,https://euroasia-cateringsupplies.com/
Luton,A_catering_engineers,Kashmir Catering Services,"Newark Rd, Maidenhall, Luton LU4 8NH, UK",07904 578408,
Luton,A_catering_engineers,Amaco Catering Equipement,"63-65 Portland Rd, Maidenhall, Luton LU4 8AX, UK",0844 412 7018,
Luton,B_equipment_repair,Catech Catering Technical Solutions,"Unit 12&13, Wilbury Court, 29 Wilbury Way, Hitchin SG4 0TW, UK",01462 233692,http://www.catech-cts.co.uk/
Portsmouth,A_catering_engineers,Southern Catering Recycling Ltd,"Unit C1, Oak Park Estate, Cosham, Portsmouth PO6 3TJ, UK",07854 833149,
Portsmouth,A_catering_engineers,Direct Catering Equipment Ltd,"Bldg 1000, Lakeside North Harbour, Western Rd, Cosham, Portsmouth PO6 3EZ, UK",0845 603 5331,
Portsmouth,A_catering_engineers,Grate Catering and Events Ltd,"Collins Rd, Southsea, Portsmouth, Southsea PO4 9NZ, UK",07803 542063,http://gratecateringevents.co.uk/
Portsmouth,A_catering_engineers,Kitchenlab Sales Ltd,"Unit 5, Hilsea Ind Est, Limberline Rd, Hilsea, Portsmouth PO3 5JW, UK",023 9400 1071,
Portsmouth,A_catering_engineers,Stones Throw Kitchen,"3, Portsmouth and Southsea Station, Portsmouth PO1 1EH, UK",,http://stones-throw-kitchen-ltd.square.site/
Portsmouth,B_equipment_repair,Island Catering Equipment Company,"Unit 1a, Golden Hill Business Park, Hill Ln, Norton Green, Freshwater PO40 9UJ, UK",01983 756628,http://www.islandcatering.co.uk/
Portsmouth,B_equipment_repair,Expert Catering Equipment Services,"Unit C, McKay Way, Lynch Ln, Weymouth DT4 9DN, UK",07740 862385,http://www.catering-repair.co.uk/
Portsmouth,B_equipment_repair,Direct Catering Equipment Ltd,"1A Brockhampton Ln, Havant PO9 1LU, UK",0845 603 5331,
Portsmouth,B_equipment_repair,Everything Catering Supplies,"Unit 42 Standard Way, Fareham PO16 8XD, UK",01372 432240,http://everythingcateringsupplies.co.uk/
Portsmouth,B_equipment_repair,Southern Catering and TV Servicec,"60 Albert Rd, Southsea, Portsmouth, Southsea PO5 2SL, UK",023 9286 4236,
Portsmouth,B_equipment_repair,Kitchen Solutions,"80 Evelegh Rd, Farlington, Portsmouth PO6 1DN, UK",07747 803124,https://www.facebook.com/kitchen.solutions.hampshire
Peterborough,A_catering_engineers,Elite Catering Equipment Services Ltd,"Kates Cabin Stores, Chesterton, Peterborough PE7 3UD, UK",01733 595440,https://www.elite-ces.co.uk/
Peterborough,A_catering_engineers,ASsociated Catering Equipment,"33 Mere View, Yaxley, Peterborough PE7 3HF, UK",01733 242455,https://www.associatedcatering.com/
Peterborough,A_catering_engineers,Crown Catering Equipment,"41 Manasty Rd, Orton Southgate, Peterborough PE2 6UP, UK",01733 231666,http://www.crowncateringequipment.co.uk/
Peterborough,A_catering_engineers,Peterborough Catering Hire,"28 Ivatt Way, Peterborough PE3 7PG, UK",07960 014087,
Peterborough,A_catering_engineers,Kitchen Clearance UK Ltd,"Ind Est, Slate Drift, Collyweston, Stamford PE9 3PG, UK",07790 612911,http://www.kitchenclearanceuk.co.uk/
Peterborough,A_catering_engineers,Horizon Foodservice Equipment Limited,"33 Mere View Industrial Estate, Yaxley, Peterborough PE7 3HF, UK",01733 246392,http://www.hfse.co.uk/
Peterborough,A_catering_engineers,Bespoke Catering Vehicles,"Unit 8, Heron Court, Eagle Business Park, Harrier Wy, Peterborough PE7 3AT, UK",01778 301711,https://bespokecateringvehicles.com/
Peterborough,A_catering_engineers,Crown Catering Equipment Ltd,"Co Squirrel Corner, 17a Great N Rd, Stibbington, Peterborough PE8 6LN, UK",01733 231666,
Peterborough,A_catering_engineers,Catering Ideas,"179A Newark Ave, Peterborough PE1 4NL, UK",01733 700009,http://www.cateringideas.co.uk/contact-us/
Bolton,A_catering_engineers,GMD Catering (Equipment) Ltd,"32 Darbishire St, Bolton BL1 2TN, UK",01204 382700,
Bolton,A_catering_engineers,Monarch Catering Equipment,"The Mill, Marsh Fold Ln, Bolton BL1 4HG, UK",01204 695220,http://www.monarch-direct.co.uk/
Bolton,A_catering_engineers,Pantheon Catering Equipment,"The Mill, Marsh Fold Ln, Bolton BL1 4HG, UK",0800 046 1570,http://pantheonce.co.uk/
Bolton,A_catering_engineers,Ala Carte Refrigeration & Catering Equipment,"unit 5, Meadow Business Park, Meadow Ln, Breightmet, Bolton BL2 6PT, UK",07956 283663,
Bolton,A_catering_engineers,Luxia Nce Catering & Refrigeration Equipment,"51 Higher Dunscar, Egerton, Bolton BL7 9TF, UK",01204 591111,https://www.luxia-nce.co.uk/
Bolton,A_catering_engineers,Bolton Catering,"Bolton BL3 6JZ, UK",07773 224890,
Bolton,A_catering_engineers,South Catering Bolton,"Higher Swan Ln, Bolton BL3 3BJ, UK",01204 584020,https://www.southcatering.co.uk/
Bolton,A_catering_engineers,Refurb Catering,"Vulcan Works, 3 Dixon St, Horwich, Bolton BL6 7PH, UK",01204 695220,http://refurbcatering.co.uk/
Bolton,B_equipment_repair,The Decarbonizer | Clean your Commercial Kitchen and Cooking Equipment for less,"Unit C5, Leadbeaters Ln, Bolton BL5 1FL, UK",0161 728 8301,http://www.thedecarbonizer.co.uk/
Dudley,A_catering_engineers,Caterline Commercial Kitchens Ltd,"Unit 16, Primrose Trading Estate, Cradley Rd, Netherton, Dudley DY2 9SA, UK",01384 459111,https://www.caterlineltd.co.uk/
Dudley,A_catering_engineers,Kie's Kitchen,"65 High St, Dudley DY1 1PY, UK",07398 186606,http://www.kieskitchen.co.uk/
Dudley,A_catering_engineers,MHN catering commercial Birmingham,"Pier 39, 15, Market Square, High St, Cradley Heath B64 5HH, UK",,
Dudley,A_catering_engineers,"Response 365 (Commercial Catering Equipment, Maintenance and Services)","1 Thanet Cl, Kingswinford DY6 9DP, UK",07500 091020,
Dudley,A_catering_engineers,Dudley catering,"4 Brick Kiln St, Brierley Hill DY5 1JG, UK",07777 796724,
Dudley,A_catering_engineers,Plyvine Catering,"7 Pedmore Rd, Brierley Hill DY5 1TJ, UK",0800 731 6772,http://www.plyvinecatering.co.uk/
Dudley,A_catering_engineers,ASJ Catering & Events,"Unit 3A, Cradley Enterprise Centre, Cradley, Halesowen B63 2QB, UK",01384 931032,http://www.asjcatering.co.uk/
Norwich,A_catering_engineers,MCT - Multi Catering Technologies,"Multi Catering Technologies, Airport Industrial Estate, Unit 43A Hurricane Way, Norwich NR6 6HE, UK",0800 224 8204,https://www.mctonline.co.uk/
Norwich,A_catering_engineers,SGH Catering & Bakery Engineers Ltd,"Ste 6, Third Floor, St Georges Works, 51 Colegate, Norwich NR3 1DD, UK",01603 801320,https://www.sghengineers.co.uk/
Norwich,A_catering_engineers,Commercial Catering Engineers Anglia Limited,"29 Miller Cl, Hethersett, Norwich NR9 3GD, UK",01603 320270,https://cceanglia.co.uk/
Norwich,A_catering_engineers,Norfolk Cooling & catering equipment,"8 Barrow Cl, Norwich NR3 2AT, UK",01603 402701,https://www.norfolkcoolingltd.co.uk/
Norwich,A_catering_engineers,Hotel Catering Supplies,"28 Harrisons Dr, Norwich NR7 9HU, UK",01603 439459,http://www.thecateringequipmentcompany.co.uk/
Norwich,A_catering_engineers,Crown Catering Engineers Ltd,"unit 3 Vulcan Rd N, Norwich NR6 6AQ, UK",01603 336069,
Norwich,A_catering_engineers,Norse Catering,"280 Fifers Ln, Norwich NR6 6EQ, UK",01603 894100,http://norsecatering.co.uk/
Norwich,A_catering_engineers,CHS HEATING - Commercial Catering Engineer & Domestic Heating Service & Repair,"3 Hawthorn Dr, Norwich NR13 6LN, UK",07850 060427,http://www.chsheating.co.uk/
Norwich,A_catering_engineers,Zenith Catering Equipment Ltd,"45 Rectory Ln, Poringland, Norwich NR14 7SW, UK",,
Norwich,B_equipment_repair,Anglia Catering Equipment Ltd,"Long Meadow Workshop High Road, A1066, Roydon, Diss IP22 5XN, UK",01379 641223,http://angliacateringequipment.com/
Norwich,B_equipment_repair,JD Catering Equipment Solutions Ltd,"Industrial Estate, Unit 2 Ambassador Way, Yaxham Rd, Dereham NR20 3TL, UK",01953 851339,http://www.jdcateringequip.co.uk/
Norwich,B_equipment_repair,Universal Foodservice,"Airport Industrial Estate, 20 Meteor Cl, Norwich NR6 6HG, UK",01603 301780,http://www.universalfoods.co.uk/
Swindon,A_catering_engineers,RCM Catering Equipment Ltd,"The Knoll, Croft Rd, Swindon SN1 4DQ, UK",01793 521120,http://www.rcmcateringequipment.co.uk/
Swindon,A_catering_engineers,Stratton Catering Equipment Hire,"108B Avonmead, Greenmeadow, Swindon SN25 3PS, UK",01793 535642,https://www.strattoncateringhire.co.uk/
Swindon,A_catering_engineers,Farrs Catering Group Ltd,"70 Ferndale Rd, Swindon SN2 1EX, UK",01235 364034,http://www.farrs.co/
Swindon,A_catering_engineers,All Events Hog Roast & BBQ Catering,"Hathaway Rd, Swindon SN2 7TR, UK",01793 677444,https://www.alleventshogroast.co.uk/
Swindon,A_catering_engineers,Stratton Catering Services,"108 Avonmead, Swindon SN25 3PS, UK",01793 535642,http://www.strattoncateringservices.co.uk/
Swindon,A_catering_engineers,Catering Services International,"5, Cricklade Road, Swindon SN1 3EY, UK",01793 422111,http://www.cateringinternational.co.uk/
Swindon,A_catering_engineers,Pig & a Half - Hog Roast & BBQ Catering,"6 Burden Cl, Swindon SN3 4HE, UK",0800 099 6166,https://pigandahalf.co.uk/
Swindon,A_catering_engineers,Manor Catering Services,"Cheney Manor Industrial Estate, Swindon SN2 2YZ, UK",07796 236436,
Swindon,A_catering_engineers,Out of the Box Catering,"4 Wilbury Close Badbury, Park, Coate, Swindon SN3 6AB, UK",01793 467130,https://outoftheboxcatering.net/
Swindon,A_catering_engineers,G Catering,"Unit A2, Star West, Westmead, Swindon SN5 7SW, UK",07393 575875,https://www.gcateringltd.com/
Swindon,A_catering_engineers,RCM Catering,"Station Rd, Swindon SN1 1DH, UK",01793 521120,
Croydon,A_catering_engineers,C & S Catering,"230 Whitehorse Rd, Croydon CR0 2LB, UK",020 8684 4893,
Croydon,A_catering_engineers,BA CATERING & REFRIGERATION,"179B Shirley Rd, Croydon CR0 8SS, UK",020 8658 1994,http://www.bacateringequipment.co.uk/
Croydon,A_catering_engineers,dentons catering equipment,"Unit 1, Saxon Business Centre, 41-59 Windsor Ave, London SW19 2RR, UK",020 7622 7157,http://www.dentonscatering.com/
Croydon,A_catering_engineers,Wholesale Catering,"Unit 2, Jessops Way, Croydon CR0 4TS, UK",020 8687 0393,http://wscshop.co.uk/
Croydon,A_catering_engineers,Carters Catering,"1-3 Thesiger Rd, London SE20 7NQ, UK",020 8778 2165,http://www.carterscateringequip.com/
Croydon,A_catering_engineers,A C Catering Equipment,"1109 London Rd, London SW16 4XD, UK",020 8765 9465,
Croydon,A_catering_engineers,DJ's Kitchen 22,"Gorse Rd, Croydon CR0 8LA, UK",07413 499103,
Croydon,A_catering_engineers,Imaco Catering Supplies,"Unit 2, College Fields Business Centre, Prince Georges Rd, London SW19 2PT, UK",020 8640 5725,http://www.imacocateringsupplies.com/
Bournemouth,A_catering_engineers,Nationwide Catering Equipment Ltd,"Unit 12, Chalwyn Industrial Estate, Poole BH12 4PE, UK",01202 096447,http://www.nationwidecatering.co.uk/
Bournemouth,A_catering_engineers,Chinastack Catering Equipment Ltd,"Unit 10, Wessex Trade Centre, Ringwood Rd, Poole BH12 3PQ, UK",01202 531111,http://www.chinastack.co.uk/
Bournemouth,A_catering_engineers,Stone Catering Ltd,"285, Aviation Business Park, 286 Dakota Rd, West, East Parley, Christchurch BH23 6NW, UK",01202 593880,
Bournemouth,A_catering_engineers,Hants and Dorset Catering Equipment services,"891 Christchurch Rd, Pokesdown, Bournemouth BH7 6AU, UK",07860 636409,
Bournemouth,A_catering_engineers,Yes Chef Catering Bournemouth,"12A Jefferson Ave, Bournemouth BH1 4NX, UK",07523 102778,https://yeschefhospitality.com/bournemouth/
Bournemouth,A_catering_engineers,South Catering Fabrication Ltd,"Unit 2 Bosley Nursery, Hurn, Christchurch BH23 6DY, UK",01202 519979,http://www.southcateringfabrication.co.uk/
Bournemouth,A_catering_engineers,Coasty Catering,"185 Redhill Dr, Bournemouth BH10 6AH, UK",07868 070795,http://www.coastycatering.co.uk/
Bournemouth,A_catering_engineers,Mobile Bbq & Catering,"475 Wimborne Rd, Poole BH15 3EE, UK",07530 346627,http://www.mobilebbq.co.uk/
Bournemouth,A_catering_engineers,Merlins Catering,"The Old Cart Shed/Parley Green Lane, Christchurch BH23 6BB, UK",01202 911017,https://www.merlinscatering.co.uk/
Bournemouth,B_equipment_repair,C J Catering Equipment Maintenance,"Chaldon House, Carey Rd, Bournemouth BH8 0DT, UK",01202 515885,
Southend-on-Sea,A_catering_engineers,First Catering Equipment,"2 Totman Close Brook Rd Ind Est, Rayleigh SS6 7UZ, UK",01268 777117,https://firstcateringequipment.co.uk/index.php/
Southend-on-Sea,A_catering_engineers,Wayne Hawkins Creative Catering,"IMPERIAL HOUSE, 46-48 Towerfield Rd, Southend-on-Sea SS3 9QT, UK",07816 755258,http://waynehawkinscreativecatering.co.uk/
Southend-on-Sea,A_catering_engineers,Basildon Catering Equipment Limited,"10, Orion Court, Cranes Farm Rd, Basildon SS14 3DB, UK",01268 533362,http://www.basildoncateringequipment.co.uk/
Southend-on-Sea,A_catering_engineers,NBE Catering Equipment Services Ltd,"26, Brook Road Industrial Centre, Sirdar Rd, Rayleigh SS6 7XL, UK",01268 201319,http://www.nbeservices.com/
Southend-on-Sea,A_catering_engineers,T & K Catering,"21 Imperial Ave, Westcliff-on-Sea, Southend-on-Sea, Westcliff-on-Sea SS0 8NE, UK",07702 873582,http://www.tandkcatering.co.uk/
Southend-on-Sea,A_catering_engineers,Eat Street Catering,"96 High St, Shoeburyness, Southend-on-Sea SS3 9AS, UK",07800 791477,http://www.eatstreet-catering.co.uk/
Southend-on-Sea,A_catering_engineers,Catering by Carina,"18 Bovinger Way, Southend-on-Sea SS1 3SZ, UK",07585 776166,https://cateringbycarina.com/
Southend-on-Sea,A_catering_engineers,Ward's Catering Equipment Services,"34 Redwood Cl, Witham CM8 2PL, UK",07720 894899,http://www.wardscommercialkitchenservicesrepairs.co.uk/
Southend-on-Sea,A_catering_engineers,The Laughing Pear Catering,"Unit 2, 55 Progress Rd, Southend-on-Sea, Leigh-on-Sea SS9 5PR, UK",07562 629752,http://www.thelaughingpearcatering.co.uk/
Southend-on-Sea,A_catering_engineers,Ace Catering Engineers,"Fields End, Back Rd, Ardleigh, Colchester CO7 7TD, UK",01255 224004,http://www.acecateringengineers.co.uk/
Southend-on-Sea,A_catering_engineers,School Catering Equipment,"ind Estate, Unit 2 Totman Cres, Brook Rd, Rayleigh SS6 7UZ, UK",01268 777117,http://schoolcateringequipment.co.uk/
Southend-on-Sea,A_catering_engineers,My Appetite Corporate & Professional Catering,"30 Cornworthy, Shoeburyness, Southend-on-Sea SS3 8AN, UK",07776 251988,
Southend-on-Sea,B_equipment_repair,G H Catering Equipment Services Ltd,"27 Rawreth Ln, Rayleigh SS6 9RS, UK",01268 785990,http://www.ghcatering.co.uk/
Walsall,A_catering_engineers,Walsall Catering,"181 Green Ln, Walsall WS2 8JG, UK",01922 643219,
Walsall,A_catering_engineers,RB foods & Catering Ltd.,"10 Freer St, Walsall WS1 1QD, UK",07531 098214,http://www.rbfoods.co.uk/
Walsall,A_catering_engineers,Five Star Catering,"Unit 13 Brineton St, Walsall WS2 9EP, UK",01922 622237,https://fivestarcateringservices.com/
Walsall,A_catering_engineers,Westwoods kitchen,"Walsall Wood Rd, Aldridge, Walsall WS9 8HB, UK",07361 812807,http://www.westwoodskitchen.com/
Walsall,A_catering_engineers,Cannock Catering Equipment Ltd,"15 Lingfield Rd, Norton Canes, Cannock WS11 9FJ, UK",07973 469556,http://www.cannocktechnical.com/
Walsall,A_catering_engineers,Mel's Buffets (Catering Services),"46 Iron Mill Way, Wednesbury WS10 7TR, UK",07534 695282,
Walsall,B_equipment_repair,MIDLANDS COMMERCIAL KITCHENS LTD,"40 Queslett Rd, Birmingham B43 6PH, UK",0121 360 9770,http://mck-ltd.co.uk/
Warrington,A_catering_engineers,Keeling Catering Engineers Ltd - Rational Service Partner,"Unit 4, Priestley Business Centre, Froghall Ln, Cheshire, Warrington WA5 1TF, UK",01925 604722,http://keelingcatering.co.uk/
Warrington,A_catering_engineers,5 Star Catering Equipment Hire Ltd,"20, Greys Court, Woolston, Warrington WA1 4SH, UK",01925 822527,https://www.5starhire.co.uk/
Warrington,A_catering_engineers,Chesters Catering Equipment,"Warrington Ln, Lymm WA13 0SW, UK",01925 759970,http://chesterscateringequipment.com/
Warrington,A_catering_engineers,Willow Catering Services Ltd,"Unit 3 B, Bold Industrial Park, Neills Rd, St Helens, Saint Helens WA9 4TU, UK",01925 417594,http://www.wcsonline.co.uk/
Warrington,A_catering_engineers,JEM Catering & Events,"324 Manchester Rd, Warrington WA1 3RE, UK",07927 291200,http://www.jemcatering.co.uk/
Warrington,A_catering_engineers,Optima Catering and Facilities Management Ltd,"Ste 6, St James Business Centre, Wilderspool Causeway, Warrington WA4 6PS, UK",01925 648990,
Warrington,A_catering_engineers,South Catering Warrington,"Dallam Court, Dallam Ln, Warrington WA2 7LT, UK",01925 320244,https://www.southcatering.co.uk/
Warrington,A_catering_engineers,Flameline Catering,"4 Birchall St, Croft, Warrington WA3 7HY, UK",07732 463754,http://www.flamelinecatering.co.uk/
Slough,B_equipment_repair,H2 Catering Equipment,"Unit 2, Cherry Orchard, Colley Lane Industrial Estate, Squibbers Wy, Bridgwater TA6 5FB, UK",01278 423823,http://www.h2products.co.uk/
Slough,B_equipment_repair,Urban Foodservice,"814 Leigh Rd, Slough SL1 4BD, UK",0370 727 0707,http://urbanfoodservice.co.uk/
Slough,B_equipment_repair,funfoodcatering,"St.Peters Rd, Old Windsor, Windsor SL4 2PW, UK",07933 863663,http://www.funfoodcatering.co.uk/
Slough,B_equipment_repair,Accent Catering Services Ltd,"Montreaux House, The Hythe, Staines-upon-Thames, Staines TW18 3JQ, UK",01784 224690,http://www.accentcatering.co.uk/
Slough,B_equipment_repair,Woods Foodservice,"5 Riverside Way, Uxbridge UB8 2YF, UK",0300 303 0112,http://woodsfoodservice.co.uk/
Slough,B_equipment_repair,Ascot Catering Hire,"Unit 2, Runnymede Farm, Moor Ln, Staines-upon-Thames, Staines TW19 6EQ, UK",0345 463 8007,https://www.ascotcateringhire.co.uk/
Slough,B_equipment_repair,KAUR'S CATERING,"10 Kendal Dr, Slough SL2 5JB, UK",07854 573243,https://www.kaurcaterers.com/
Slough,B_equipment_repair,Shipleys Foodservice,"Upton Court Farm, Upton Court Rd, Slough SL3 7LU, UK",01753 531520,http://www.shipleysfoodservice.co.uk/
Slough,B_equipment_repair,Green Apple Catering,"R W S House, Littledown Cottages, Berkshire, Littledown Rd, Slough SL1 3QN, UK",01753 208877,https://greenapplecatering.com/
Huddersfield,A_catering_engineers,Greens Catering Equipment,"Meltham Rd, Huddersfield HD4 7BH, UK",01484 767333,
Huddersfield,B_equipment_repair,Total Foodservice,"Green Lea Mills, Cross Green Rd, Dalton, Huddersfield HD5 9XX, UK",01484 536688,http://www.totalfoodservice.co.uk/
Huddersfield,B_equipment_repair,Catering Appliances UK,"4B Chessingham Park, Dunnington, York YO19 5SE, UK",0333 358 3953,http://cateringappliancesuk.co.uk/
Telford,A_catering_engineers,PP Catering Services,"Unit H6 Halesfield 19, Telford TF7 4QT, UK",01952 610069,https://ppcateringservices.co.uk/
Telford,A_catering_engineers,Egl Catering Equipment Ltd,"Hortonwood 10, Telford TF1 7ES, UK",01952 670777,http://www.eglequipment.co.uk/
Telford,A_catering_engineers,Hammonds Catering Services Ltd,"4, The Bridges Business Park, Bridge Rd, Horsehay, Telford TF4 3EE, UK",01952 582969,http://www.hammondscatering.co.uk/
Telford,A_catering_engineers,Caltel Catering Equipment and Hire,"Shropshire, Unit 4, Duncote Mill, Walcot, Telford TF6 5EN, UK",01952 740833,http://www.caltel.co.uk/
Telford,A_catering_engineers,Crown Catering Sales,"10 Hortonwood 10, Telford TF1 7ES, UK",01952 670777,http://www.chef-hub.co.uk/
Telford,A_catering_engineers,Goddards Fine Food & Catering Ltd,"Station Rd, Telford TF1 5AQ, UK",01952 254254,https://www.goddardsfinefood.co.uk/
Telford,B_equipment_repair,Castro Catering Equipment Service & Repair,"58 Lyth Hill Rd, Bayston Hill, Shrewsbury SY3 0EX, UK",07496 394052,http://www.castrocatering.co.uk/
Telford,B_equipment_repair,Eric Neville Catering Equipment & Services Ltd,"Battlefield Enterprise Park, Unit 4 Vernon Dr, Shrewsbury SY1 3TF, UK",01743 298111,https://www.ericneville.co.uk/
Telford,B_equipment_repair,DBK Catering,"Sheriffhales Dr, Lilyhurst Rd, Telford, Shifnal TF10 9AS, UK",,
Oxford,A_catering_engineers,Catering Services International,"New Barclay House, 234 Botley Rd, Oxford OX2 0HP, UK",01865 592777,https://www.cateringinternational.co.uk/
Oxford,A_catering_engineers,Truly Scrumptious Catering,"52 Templar Rd, Oxford OX2 8LU, UK",01865 790769,http://www.trulyscrumptiousoxford.co.uk/
Oxford,A_catering_engineers,Oxford Commercial Kitchens Limited,"22 Picklers Hill, Abingdon OX14 2BA, UK",01235 520509,http://oxfordcommercialkitchens.co.uk/
Oxford,A_catering_engineers,Pratap Catering,"Mauli building, lane no 8,raut chowk, srv no 63/11,next to Oxford, comfort, Oxford, wanwadi OX1 3EX, UK",,
Oxford,A_catering_engineers,Outside Catering Hire,"Horspath Industrial Estate, 30 Pony Rd, Oxford OX4 2RD, UK",0333 344 2062,http://www.outside-catering-hire.co.uk/
Oxford,A_catering_engineers,General Engineers Catering Ltd,"The Cake Barn, Brunton, Collingbourne Kingston, Marlborough SN8 3SE, UK",01264 850060,http://www.gecatering.com/
Oxford,A_catering_engineers,Allsop and Pitts Commercial Catering & Refrigeration,"102 Barton Rd, Torquay TQ2 7NY, UK",01803 310333,https://allsopandpitts.co.uk/
Cambridge,A_catering_engineers,Rather Good Catering Co.,"61 Ditton Walk, Cambridge CB5 8QD, UK",01223 944018,
York,A_catering_engineers,York Catering Supplies,"26-28 Walmgate, York YO1 9TJ, UK",01904 628855,https://www.yorkcatering.co.uk/
York,A_catering_engineers,YCE Catering Equipment Ltd,"Unit B, 4 Chessingham Park, Dunnington, York YO19 5SE, UK",0113 252 6566,http://www.yce.co.uk/
York,A_catering_engineers,Campus Kitchen,"Campus Kitchen, Derwent College, The University of, Heslington, York YO10 5DD, UK",01904 322030,https://www.york.ac.uk/campus-kitchen/
York,A_catering_engineers,Aire Valley Catering,"Suite 4 and 5, Woodhouse Grange Business Centre, Sutton Upon Derwent, York YO41 4DF, UK",01904 607048,https://www.airevalleycatering.com/
York,A_catering_engineers,Ebor Catering Supplies,"4-5, Rose Centre Business Park, Rose Ave, Acomb, Nether Poppleton, York YO26 6RX, UK",01904 481000,
York,A_catering_engineers,Nationwide Catering Services Ltd,"Unit 4, Bondgate Business Centre, 21 Bondgate, Selby YO8 3LX, UK",01757 210887,http://www.ncslimited.com/
York,A_catering_engineers,Marshall Catering Services,"Unit 8, Marrtree Business Park, St James Business Park, Knaresborough HG5 8FA, UK",01937 541580,http://www.marshallcateringservices.co.uk/
York,B_equipment_repair,Holmes Catering Equipment Solutions - division of Space Catering (UK) Limited,"Sutton House, The Industrial Estate, Full Sutton, York YO41 1HS, UK",01759 375500,http://www.hce.co.uk/
York,B_equipment_repair,Baker Street Bakers. Cakes and Catering,"12, Clifton Moor Business Village, James Nicolson Link, York YO30 4XG, UK",0800 999 1843,http://bakerstreetbakers.com/?utm_source=google&utm_medium=wix_google_business_profile&utm_campaign=11408361732713492926
Blackpool,A_catering_engineers,Blackpool Catering Engineers,"195 Dickson Rd, Blackpool FY1 2HQ, UK",01253 622449,
Blackpool,B_equipment_repair,Commercial Kitchen Services,"Cornford Rd, Blackpool FY4 4QQ, UK",01253 791797,https://www.ckscatering.co.uk/
Ipswich,A_catering_engineers,Chefs Catering Supplies Ltd,"Unit 14, Sterling Complex, 12A Farthing Rd, Ipswich IP1 5AP, UK",01473 240011,https://www.chefs-shop.co.uk/
Ipswich,A_catering_engineers,Jamie Lee Smith Catering,"C/O Venue16, 312 Tuddenham Rd, Ipswich IP4 3QJ, UK",07715 427421,https://jamieleesmithcatering.co.uk/
Ipswich,A_catering_engineers,Emerald Catering Ltd,"Unit 3, The Cookhouse Suffolk Food Hall, Ipswich IP9 2AB, UK",01473 786689,http://www.emeraldcateringipswich.co.uk/
Ipswich,A_catering_engineers,MSD Catering,"2 Blanche St, Ipswich IP4 2EJ, UK",01473 256257,http://msdcatering.co.uk/
Ipswich,A_catering_engineers,Prestige Bars & Catering,"Unit 2, 630 Woodbridge Rd, Ipswich IP4 4PG, UK",01473 719787,http://www.prestigebars.co.uk/
Ipswich,A_catering_engineers,Blackjack Catering Engineers,"Oak Barn Offices, Thorington Street, Colchester CO6 4SP, UK",07493 592117,http://www.blackjackengineers.co.uk/
Ipswich,A_catering_engineers,Hungry Tums Catering,"Unit 7, 85 Dales Rd, Ipswich IP1 4JR, UK",01473 550588,http://www.hungrytumscatering.com/
Ipswich,B_equipment_repair,Commercial Catering Services,"Unit 12 Braiswick Place Laindon, North Industrial Estate, Basildon SS15 6EB, UK",01277 200500,https://www.ccscatercareltd.com/
Middlesbrough,A_catering_engineers,United Catering Suppliers Ne Ltd,"Ron Turnbull Garages Ltd, Snowdon Rd, Middlesbrough TS2 1DB, UK",,
Middlesbrough,A_catering_engineers,Bendelow's Kitchen,"25 Newquay Cl, Hemlington, Middlesbrough TS8 9PS, UK",07411 319146,http://www.facebook.com/bendelowskitchen
Middlesbrough,A_catering_engineers,Harrison & Sons Catering Supplies,"Unit 31 Central Ave, Stockton-on-Tees, Billingham TS23 1LT, UK",07707 825148,https://www.harrisonandsonscatering.com/
Middlesbrough,A_catering_engineers,Jackson's Catering,"office only, 82 Grange Rd, Middlesbrough TS1 2LS, UK",01642 309330,http://www.catering-northeast.co.uk/
Middlesbrough,A_catering_engineers,Timo’s commercial kitchen,"5 Emmerson St, Middlesbrough TS5 6NS, UK",07923 926777,
Middlesbrough,A_catering_engineers,Noble Catering,"Castlegate Mill, Riverside, Stockton-on-Tees TS18 1BZ, UK",01642 608188,https://www.noblecatering.co.uk/
Middlesbrough,B_equipment_repair,Trio Foodservice Ltd,"Nelson Street Industrial Estate, Nelson St, South Bank, Middlesbrough TS6 6BJ, UK",01642 458907,https://www.triofoodservice.co.uk/
Middlesbrough,B_equipment_repair,Four Seasons Food Services,"5 Cannon Park Way, Middlesbrough TS1 5JU, UK",01642 240004,
Gloucester,A_catering_engineers,Target Catering Equipment,"Unit 1, Ashville Industrial Estate, Bristol Rd, Gloucester GL2 5EU, UK",01452 410447,https://www.targetcatering.co.uk/
Gloucester,A_catering_engineers,H & N Catering Equipment Engineers,"61 Laburnum Rd, Gloucester GL1 5PG, UK",01452 410086,
Gloucester,A_catering_engineers,CB (Catering Equipment) Hire,"Mitre Farm, Corse Lawn, Gloucester GL19 4NG, UK",01684 293755,http://www.cbhire.co.uk/
Gloucester,A_catering_engineers,South West Catering,"Walmore Common, Sunset Cottage, Gloucester GL2 8LB, UK",07801 597010,http://southwestcatering.co.uk/
Gloucester,A_catering_engineers,Aim Commercial Catering Equipment,"Hay-Jen, Colliers Fld, Cinderford GL14 2SW, UK",01594 822677,
Gloucester,A_catering_engineers,Catering Equipment Hire,"Gloucester Event Hire Ltd, Units A6 & A7, Churcham, Churcham Business Park GL2 8AX, UK",01452 750400,http://www.gloseventhire.co.uk/
Gloucester,A_catering_engineers,Catering celebrations,"Marlborough Rd, Gloucester GL4 6GF, UK",07534 749713,https://www.facebook.com/share/14NKfyjtXLn/?mibextid=wwXIfr
Gloucester,B_equipment_repair,MJS Catering & Refrigeration Equipment Suppliers Ltd,"Flecknoe Fields Farm, Flecknoe Station Rd, Rugby CV23 8AZ, UK",01788 891510,http://www.mjsequipment.co.uk/
Exeter,A_catering_engineers,Aglow Catering Repairs & Servicing,"106 Whipton Ln, Exeter EX1 3DJ, UK",07497 345988,https://www.aglowcateringrepairs.co.uk/contact-us/
Exeter,A_catering_engineers,Exe Catering,"39 Marsh Grn Rd W, Marsh Barton, Exeter EX2 8PN, UK",01392 215707,
Exeter,A_catering_engineers,Coast & Country Catering,"Sowton Industrial Estate, Exeter EX2 7LE, UK",01392 535995,https://www.coastandcountrycatering.co.uk/
Solihull,A_catering_engineers,Greyfriars Catering Equipment Llp,"2 Northwick Cres, Solihull B91 3TU, UK",,https://greyfriarscateringequipment.co.uk/
Solihull,A_catering_engineers,RJS Catering,"65 Elms Cl, Solihull B91 2NH, UK",07751 353775,http://www.rjscatering.co.uk/
Solihull,A_catering_engineers,Sime Catering Equipment LTD,"Unit 35 Innage Park Industrila Estate, Holly Ln, Abeles Way, Atherstone CV9 2QX, UK",01827 703650,http://www.simecatering.com/
Solihull,A_catering_engineers,B S L H Catering Equipment,"50 Richmond Rd, Solihull B92 7RP, UK",0800 756 5467,
Colchester,A_catering_engineers,"Lambrothers Air Conditioning, Refrigeration & Catering Engineers","9,10, Whitehall Industrial Estate, Grange Farm Rd, Colchester CO2 8JW, UK",01206 796744,http://www.lambrothers.co.uk/
Colchester,B_equipment_repair,Depot Catering & Cleaning Supplies,"Unit 14, Grange Way Business Park, Grange Way, Colchester CO2 8HF, UK",01206 871872,http://www.depotsupplies.co.uk/
Cheltenham,A_catering_engineers,Cheltenham Catering Supplies UK,"57 Prestbury Rd, Cheltenham GL52 2BY, UK",07590 333700,http://www.cheltenhamcateringsupplies.co.uk/
Cheltenham,A_catering_engineers,Catering Services International,"7 Rodney Rd, Cheltenham GL50 1HX, UK",01242 577222,https://www.cateringinternational.co.uk/
Cheltenham,A_catering_engineers,C-catering,"Daisy Bank Rd, Cheltenham GL53 9QQ, UK",07931 729548,http://www.c-catering.co.uk/
Cheltenham,B_equipment_repair,CHELTENHAM CATERING SUPPLIES LTD,"14 Croft Rd, Charlton Kings, Cheltenham GL53 8LA, UK",,https://chimneysweepexperts.shop/
Cheltenham,B_equipment_repair,Caterfix Kitchens,"82 London Rd, Chippenham SN15 3AZ, UK",07852 285617,http://caterfixkitchens.co.uk/
Cheltenham,B_equipment_repair,PKL Delivery Kitchens,"Stella Way, Bishops Cleeve, Cheltenham GL52 7DQ, UK",01242 663000,
High Wycombe,A_catering_engineers,Khans Catering,"98 Kitchener Rd, High Wycombe HP11 2SW, UK",07572 091156,http://www.khanscatering.uk/
High Wycombe,A_catering_engineers,Abid Catering Services,"5 Grafton St, High Wycombe HP12 3AJ, UK",01494 440000,https://www.abidcateringservices.co.uk/
High Wycombe,A_catering_engineers,Rachel's Event Catering,"28 Plomer Green Ave, Downley, High Wycombe HP13 5LW, UK",07941 155295,https://www.rachelseventcatering.co.uk/
Blackburn,A_catering_engineers,Ace catering equipment,"Unit 8, new plough yard, Great Harwood, Blackburn BB6 7AX, UK",01254 449123,https://acecaterequip.co.uk/
Blackburn,A_catering_engineers,A to Z Catering Equipment,"Shadsworth Rd, Blackburn BB1 2HR, UK",01254 677071,
Blackburn,A_catering_engineers,The Catering Co Group,"Industrial Park, Unit 4F Roe Lee Park, Roe Lee, Blackburn BB1 7SB, UK",01254 492611,http://www.thecateringcogroup.co.uk/
Blackburn,A_catering_engineers,BB Catering Supplies Ltd,"Unit 2, Witton Business Park, Cartmel Rd, Blackburn BB2 2TA, UK",01254 485863,https://www.bbcateringsupplies.co.uk/
Blackburn,A_catering_engineers,Mughal catering Equipment uk,"unit C Weir St, Blackburn BB2 2AN, UK",07460 633654,http://www.facebook.com/mughalcateringequipment
Blackburn,A_catering_engineers,Catering Equipment Professional,"Unit 17, Walker Industrial Estate, Walker Rd, Blackburn BB1 2QE, UK",01487 710758,
Blackburn,A_catering_engineers,Premier Catering Manufacture,"Unit 2, Great Harwood, Blackburn BB6 7EJ, UK",0800 048 9074,http://www.commercialkitchencompany.co.uk/
Blackburn,A_catering_engineers,A & B Catering Supplies Ltd,"Unit 2 Fletcher St, Hamilton St, Blackburn BB2 4AJ, UK",01254 692525,https://abcatering.uk/
Blackburn,A_catering_engineers,Public catering services Ltd,"Unt14Harwood Street, Blackburn BB1 3BS, UK",01254 372861,https://publiccatering.co.uk/menu-2/
Blackburn,A_catering_engineers,7 STAR Uk catering Equipment,"2, Mill Ln, Blackburn BB2 2AA, UK",07890 000883,http://www.7starcatering.co.uk/
Blackburn,A_catering_engineers,The Catering Co,"Unit 2 Brookhouse Business Centre, Whalley Range, Blackburn BB1 6BB, UK",01254 492611,http://www.thecatering.co.uk/
Blackburn,A_catering_engineers,Premier Kitchen Services,"Unit C1, Percliff Way, Blackburn BB1 5PF, UK",01254 681313,https://www.premierkitchen.co.uk/
Blackburn,A_catering_engineers,Shifa's Catering,"Unit 3, Rosewood Business Park, St James's Rd, Blackburn BB1 8ET, UK",07389 064261,https://shifascateringblackburn.co.uk/
Blackburn,A_catering_engineers,Mainland Catering Equipment Ltd,"Fountain Mill, 1 Rake Foot, Haslingden, Rossendale BB4 5RE, UK",01706 244810,http://www.mainlandcateringequipment.co.uk/
Blackburn,A_catering_engineers,Abi's Catering Supplies,"3 Rydal Rd, Blackburn BB1 5NP, UK",01254 580633,
Blackburn,A_catering_engineers,Catering & Home Accessories limited,"55 Winston Rd, Blackburn BB1 8BQ, UK",,
Blackburn,A_catering_engineers,CateringZone,"Haimath House, Billinge Ave, Blackburn BB2 6SD, UK",,
Blackburn,B_equipment_repair,RETA Food Service,"Unit 2b, Witton Business Park, Cartmel Rd, Blackburn BB2 2TA, UK",01254 791721,https://retafoodservice.co.uk/
Maidstone,A_catering_engineers,Nivek Catering and Hygiene Supplies,"Unit A2, LOC8 Business Park, Ashford Rd, Maidstone ME17 1WR, UK",01622 871714,http://www.nivekonline.co.uk/
Maidstone,A_catering_engineers,MAIDSTONE CATERING LIMITED,"WEST TRAIN STATION, Station Approach, Maidstone ME16 8RJ, UK",,
Maidstone,A_catering_engineers,RTC Catering Equipement,"Unit 2, Boxmend Industrial Estate, Parkwood Industrial Estate, Maidstone ME15 9YG, UK",01322 466933,http://www.rtccateringequipment.com/
Maidstone,B_equipment_repair,Advantage Catering Equipment,"Unit 12, Shorncliffe Industrial Estate, North Cl, Folkestone CT20 3UH, UK",01304 827272,http://www.advantage-catering-equipment.co.uk/
Basingstoke,A_catering_engineers,Peter Cox (Catering Equipment) Ltd,"Unit 6, Devonshire Business Park, Knights Park Rd, Basingstoke RG21 6XN, UK",01256 333050,http://www.petercoxcatering.co.uk/
Basingstoke,A_catering_engineers,Fosters Catering Ltd,"Unit 5, Vickers Business Centre, Priestley Rd, Basingstoke RG24 9NP, UK",01256 356006,http://www.fosters-catering.co.uk/
Basingstoke,A_catering_engineers,Blue Elephant Catering Equipment Ltd,"W End, Sherborne St John, Basingstoke RG24 9LB, UK",01934 645727,http://myblueelephant.co.uk/
Basingstoke,A_catering_engineers,Mannicitas Catering,"Richard's Field, Chineham, Basingstoke RG24 8JY, UK",07807 861317,https://mannicitas.com/
Basingstoke,A_catering_engineers,Berro Kitchen,"3 Pyotts Hill, Old Basing, Basingstoke RG24 8AR, UK",07850 253443,https://berrokitchen.com/
Crawley,A_catering_engineers,Centre Catering,"Unit 31, Rowfant Business Centre, Wallage Ln, Rowfant, Crawley RH10 4NQ, UK",01342 393938,http://centre-catering.com/
Crawley,B_equipment_repair,Abacus Catering Hire,"Talgarth, Yattendon Rd, Horley RH6 7BS, UK",01293 825556,
Chelmsford,A_catering_engineers,Chelmsford Catering,"169 Moulsham St, Chelmsford CM2 0LD, UK",01245 970039,http://www.chelmsfordcatering.co.uk/
Chelmsford,A_catering_engineers,Swift Catering Equipment Ltd,"North Ind Est, 10 Braiswick Pl, Laindon SS15 6EB, UK",01268 491579,https://www.swiftcatering.co.uk/
Chelmsford,B_equipment_repair,Dear Brothers Catering Ltd,"Unit 1 & 3, Skeggs Farm, Writtle, Chelmsford CM1 3ET, UK",01245 420700,http://www.dearbrotherscatering.com/
Preston,A_catering_engineers,CHR Food Service Equipment Ltd,"Astar House, Fourfields, Bamber Bridge, Preston PR5 6GS, UK",01772 499774,https://www.chrequipment.co.uk/
Preston,A_catering_engineers,smr commercial catering services,"58 Bournesfield, Hoghton, Preston PR5 0EH, UK",07882 898492,http://www.smrgas.co.uk/
Preston,A_catering_engineers,Capital Catering Supplies Ltd,"59 Roman Way, Ribbleton, Preston PR2 5BE, UK",01772 797944,http://www.capitalcateringsupplies.co.uk/
Preston,A_catering_engineers,AllCatering Design Inc,"27, Fulwood, Preston PR2 3HD, UK",,https://allcateringdesign.webnode.co.uk/
Preston,B_equipment_repair,Oncore Food Service Solutions,"Millennium City Road, Millennium Rd, Ribbleton, Preston PR2 5BL, UK",01772 791888,https://www.oncorefoodservice.co.uk/
Preston,B_equipment_repair,Extract Pro: Kitchen Extraction Cleaning,"25 Beechwood Ave, Fulwood, Preston PR2 3TL, UK",07593 033072,https://www.extractpro.co.uk/
Preston,B_equipment_repair,Adams Foodservice,"Excalibur Buildings, Egbert St, Preston PR1 1DQ, UK",0333 880 1569,http://adamsfoodservice.com/
Preston,B_equipment_repair,Fitted Kitchen Quotes,"Places for People, 4 The Pavilions, Ashton-on-Ribble, Preston PR2 2YB, UK",0161 870 6756,http://www.fittedkitchenquotes.co.uk/
Preston,B_equipment_repair,Kitchen Doors Northwest Ltd,"12 Essex St, Preston PR1 1QE, UK",01772 884064,http://www.kitchendoorsnw.com/
Preston,B_equipment_repair,Urban Kitchens,"Mitre House, University of Central Lancashire, Moor Ln, Preston PR1 1JQ, UK",01772 822287,http://www.urbankitchens.info/
Walthamstow,A_catering_engineers,Istanbul Catering Equipment Shop,"Unit 2, 59 Sutherland Rd, London E17 6BH, UK",07818 044952,http://www.istanbulcatering.co.uk/
Walthamstow,A_catering_engineers,Hymas Refrigeration & Catering Ltd,"Unit 40, Fairways Business Park, London E10 7QB, UK",020 8539 4222,http://www.hymasrefrigeration-london.co.uk/
Walthamstow,A_catering_engineers,Andy Catering,"376, 380 High Rd. Leyton, London E10 6QE, UK",020 8556 9060,https://www.andycatering.com/
Walthamstow,B_equipment_repair,Kamil Catering Equipment LTD,"777 Romford Rd, London E12 5AN, UK",07405 873018,http://kamilcatering.com/
Walthamstow,B_equipment_repair,SK CATERING EQUIPMENTS LTD,"214 Francis Rd, London E10 6PR, UK",07867 861997,
Walthamstow,B_equipment_repair,Riklu Catering Equipment & Event Supplies,"17 Suez Rd, Enfield EN3 7SN, UK",020 3004 9090,http://riklu.com/
Walthamstow,B_equipment_repair,O.K.E LTD - Bespoke Catering Equipment & Ventilation,"Unit 77, Hillgrove Business Park, Nazeing Rd, Nazeing, Waltham Abbey EN9 2HB, UK",01992 890888,http://okeltd.co.uk/
Walthamstow,B_equipment_repair,Roneford Catering Equipment,"Charlton Mead Ln S, Hoddesdon EN11 0DJ, UK",020 8801 8729,https://www.ronefordcatering.co.uk/
Walthamstow,B_equipment_repair,KRD Catering Equipment Ltd,"Unit 8, Sharvatt Business Centre, Keats Rd, Belvedere DA17 6BP, UK",01322 923522,https://krdcatering.co.uk/
Walthamstow,B_equipment_repair,Comet Catering Equipment Co Ltd,"Brimsdown Industrial Estate, 45 Lockfield Ave, Enfield EN3 7XZ, UK",020 8804 4779,http://www.cometcatering.com/
Walthamstow,B_equipment_repair,Index Catering,"UNIT 4, KNAPDALE NURSERY, Cattlegate Rd, London EN2 9ED, UK",020 3478 6498,http://indexcatering.com/
Walthamstow,B_equipment_repair,Karim Catering,"324 Hoe St, London E17 9PX, UK",07957 337200,https://karimcatering.co.uk/
Walthamstow,B_equipment_repair,Eastwood Catering Equipment,"51 Vicarage Walk, Watton, Thetford IP25 6PH, UK",01953 885192,http://www.cateringequipmentnorfolk.co.uk/
Walthamstow,B_equipment_repair,Mr. Kitchen Porter,"Cremer Business Centre, 37 Cremer St, London E2 8HD, UK",020 3960 5996,https://www.mrkitchenporter.com/areas-served/london/
Walthamstow,B_equipment_repair,Ideal Catering Solutions Ltd,"38 High St, Watton, Thetford IP25 6AE, UK",01953 542434,http://www.idealcatering.co.uk/
Walthamstow,B_equipment_repair,Ummah catering,"Unit 30, Walthamstow Business Center, Clifford Rd, London E17 4SX, UK",020 8527 0908,http://www.ummahcatering.co.uk/
Walthamstow,B_equipment_repair,Vatan Catering Ltd,"Mill Mead Rd, London N17 9QU, UK",020 8801 7956,https://vatan.com/
Basildon,A_catering_engineers,Ceren Catering Equipment Ltd,"Unit 1 Hovefields Ave, Courtauld Rd, Basildon SS13 1EB, UK",01268 724900,http://www.cerencatering.com/
Basildon,A_catering_engineers,A2B Catering Equipment Ltd,"10 Braiswick Pl, Basildon SS15 6EB, UK",0808 196 5050,https://a2bcateringequipment.co.uk/
Dartford,A_catering_engineers,Dartford Catering Services,"Unit 11, Speedgate Farm, Speedgate Hill, Longfield DA3 8NJ, UK",01474 873872,http://www.dartfordcatering.co.uk/
Dartford,A_catering_engineers,Abbott Catering Services Ltd,"Unit 2 The Grove, Swanley BR8 8AJ, UK",020 3950 2211,http://www.abbottcs.co.uk/
Dartford,A_catering_engineers,General Catering Supplies Ltd,"Phoenix Works, 2 Dolphin Way, Purfleet-on-Thames, Purfleet RM19 1NZ, UK",020 7538 4448,http://www.generalcateringsupplies.co.uk/
Dartford,A_catering_engineers,H&W Catering Limited,"Unit 5, Freeland Way, Erith DA8 2LQ, UK",0330 124 4258,http://www.hwcatering.co.uk/
Dartford,A_catering_engineers,South East Catering Services Ltd,"Unit 5 The Grove, Swanley BR8 8AJ, UK",020 8294 0695,http://www.southeastcatering.co.uk/
Dartford,A_catering_engineers,Ash Technical Catering,"Unit 4, The Grove Industrial Estate, The Grove, Swanley BR8 8AJ, UK",020 8309 7869,https://www.ashtechnical.co.uk/
Dartford,A_catering_engineers,De'Osa Catering & Event Services,"Dartford Rd, Dartford DA1 3EF, UK",07914 714911,https://deosacatering.co.uk/
Dartford,A_catering_engineers,Kent Catering Service Ltd,"Unit 7-8, Dorset Rd, Sheerness ME12 1LT, UK",01795 669600,https://www.kentcateringservice.co.uk/
Dartford,A_catering_engineers,The Catering Warehouse,"Unit C7, OYO Business Units, Crabtree Manorway North Belvedere Kent, Belvedere DA17 6AX, UK",020 8312 1000,http://www.thecateringwarehouse.uk/
Dartford,A_catering_engineers,Max’s Kitchen,"The Royal Oak (Side Gate, 57 Spital St, Dartford DA1 2DX, UK",07534 018118,https://toptiercaterers.co.uk/
Dartford,B_equipment_repair,Kent Commercial Kitchens,"Unit 12 Shorncliffe Industrial Estate, North Cl, Folkestone CT20 3UH, UK",01304 249963,https://kentcommercialkitchens.co.uk/
Bedford,A_catering_engineers,Tristar Catering Solutions,"Unit 4, Broadmead Business Park, Broadmead Rd, Stewartby, Bedford MK43 9ND, UK",01234 327777,http://www.tristarcateringsolutions.co.uk/
Bedford,A_catering_engineers,Cast Iron Catering,"33 Embla Cl, Bedford MK41 0WR, UK",07470 876308,http://castironcatering.org/
Bedford,A_catering_engineers,The Pavenham Kitchen,"Park Farm House, Park Rd, Stevington, Bedford MK43 7QF, UK",07831 213800,http://www.thepavenhamkitchen.co.uk/
Bedford,A_catering_engineers,Xpress Catering,"10 Sunbeam Rd, Kempston, Bedford MK42 7BY, UK",01234 843657,https://xpresscateringbedford.co.uk/
Bedford,B_equipment_repair,S.k Catering,"Murdock Road Manton Industrial Estate, 25 Murdock Rd, Bedford MK41 7PQ, UK",01234 380090,http://www.skcateringbedford.co.uk/
Doncaster,A_catering_engineers,H&M Gastro Catering Equipment Limited,"Unit 8, Kirk Sandall Industrial Estate, Century Cl, Doncaster DN3 1TR, UK",01302 361300,http://www.hmgastrocel.co.uk/
Doncaster,A_catering_engineers,Complete Catering Service,"5, Unit 5, Kirk Sandall Industrial Estate, Sandall Ln, Kirk Sandall, Doncaster DN3 1RA, UK",01302 890615,http://www.completecateringservice.co.uk/
Doncaster,A_catering_engineers,Mccallum catering supplies ltd,"19 Broomhouse Ln, New Edlington, Doncaster DN12 1EQ, UK",07583 126658,http://www.mccallumcateringsupplies.co.uk/
Doncaster,A_catering_engineers,Colossal Catering,"Armthorpe, Doncaster DN3 2DZ, UK",07833 693644,http://www.colossalcatering.co.uk/
Doncaster,B_equipment_repair,General Catering Ltd,"Unit 13, Delta Court, Sky Business Park, Finningley, Doncaster DN9 3GN, UK",01302 340742,http://www.generalcatering.co.uk/
Doncaster,B_equipment_repair,Davock Kitchens Ltd,"Wheatley Hall Rd, Doncaster DN2 4PE, UK",01302 896060,https://www.davockkitchens.com/
Doncaster,B_equipment_repair,CK Catering (cks bake n butties),"00 Florence Ave, Doncaster DN4 0PZ, UK",01302 811733,https://ckcatering.co.uk/
Worthing,A_catering_engineers,Quality Catering Equipment Ltd,"Unit F Easting Cl, Dominion Way, Worthing BN14 8HQ, UK",01903 231646,http://www.qcel.co.uk/
Worthing,A_catering_engineers,Unite Catering Services Ltd,"72 Boundstone Ln, Lancing BN15 9QT, UK",01582 932937,http://www.unitecateringservices.co.uk/
Worthing,A_catering_engineers,DB Refrigeration and catering Equipment,"96 Bruce Ave, Worthing BN11 5LA, UK",07881 339126,
Worthing,A_catering_engineers,The Kitchen Cleaning Group,"Ethelwulf Rd, Worthing BN14 7NF, UK",0800 999 8827,http://www.kitchencleaninggroup.co.uk/
Worthing,A_catering_engineers,barbeskews catering,"barbeskews, House, Worthing BN13 3JE, UK",020 3575 1288,https://www.barbeskewscatering.co.uk/
Rotherham,B_equipment_repair,Share Catering,"16 Mile Oak Rd, Rotherham S60 3AW, UK",07421 269065,https://www.facebook.com/profile.php?id=100088000513780
Mansfield,A_catering_engineers,Murrays Kitchen,"25 Goldfinch Cl, Mansfield NG18 2QT, UK",07341 408548,https://www.murrayskitchen.co.uk/
Mansfield,B_equipment_repair,Kitchen World (Mansfield) Ltd,"Old Mill Lane Industrial Estate, Hallamway, Mansfield Woodhouse, Mansfield NG19 9BG, UK",01623 651435,http://www.kitchenworldmansfield.co.uk/
Mansfield,B_equipment_repair,Howarth Kitchens Mansfield,"204 Chesterfield Rd N, Mansfield NG19 7JG, UK",01623 624455,https://howarth-kitchens.co.uk/mansfield-showroom/
Eastbourne,A_catering_engineers,Complete Catering Contracts Ltd,"17 Mountfield Rd, Hampden Park, Eastbourne BN22 9BJ, UK",01323 460600,http://www.completecateringcontracts.co.uk/
Eastbourne,A_catering_engineers,Butler's Catering Sussex,"172 Ringwood Rd, Eastbourne BN22 8UD, UK",07702 796093,https://www.butlerscateringsussex.co.uk/
Eastbourne,A_catering_engineers,Green Fig Catering Company,"Unit 14, Westham Business Park, Westham, Pevensey BN24 5NP, UK",01323 913704,http://www.greenfigcateringcompany.com/
Eastbourne,A_catering_engineers,4 CATERING PRODUCTS,"Wannock Ln, Eastbourne BN20 9SH, UK",07860 470075,http://4cateringproducts.co.uk/
Eastbourne,A_catering_engineers,Cedabond Catering Equipment,"Great N Rd, Wyboston, Bedford MK44 3BY, UK",0333 344 0037,http://www.cedabond.co.uk/
Eastbourne,B_equipment_repair,K D Catering Butchers,"Baytree Farm/Bay Tree La, Polegate BN26 6QN, UK",01323 488834,https://www.kdcateringbutchers.co.uk/
Oldham,A_catering_engineers,Prestige Catering Reactive Service Ltd,"Unit 3C, Castle Park Industrial Estate, Bower St, Oldham OL1 3LN, UK",07754 027508,https://pc-rs.co.uk/
Oldham,A_catering_engineers,Normanton Catering Technicians Ltd,"Normanton Works, 2 Crompton St, Shaw, Oldham OL2 8AG, UK",01706 840311,https://www.normantoncatering.com/
Oldham,A_catering_engineers,Rochdale Catering Equipment,"295 Oldham Rd, Rochdale OL16 5JG, UK",07973 853502,http://rochdalecatering.co.uk/
Oldham,A_catering_engineers,C&C Catering.,"Unit 3, Forge Industrial Estate, Greenacres Rd, Lees, brook, Oldham OL4 1LE, UK",01706 881044,http://www.candc-catering.co.uk/
Oldham,A_catering_engineers,Syhlet Catering Equipments,"285 Featherstall Rd N, Oldham OL1 2NH, UK",07887 594141,
Oldham,A_catering_engineers,LLK Pizza Pros (Linda Lewis Kitchens Ltd),"Units 3-5, Belgrave Industrial Estate, Honeywell Ln, Oldham OL8 2JP, UK",0161 633 5797,http://llkpizzapros.co.uk/
Oldham,A_catering_engineers,Foodservice Equipment Spares Ltd.,"Unit 4, Sandbrook Park, Sandbrook Way, Rochdale OL11 1RY, UK",01706 353633,http://foodservicespares.com/
Oldham,A_catering_engineers,Independent Catering Services (UK) Ltd,"7 School Ln, Rochdale OL16 1QP, UK",01706 525573,http://www.independentcateringservices.com/
Oldham,A_catering_engineers,P M Catering equipment,"74 Dewsnap Ln, Dukinfield SK16 5AW, UK",07837 837006,
Oldham,B_equipment_repair,Eastern Catering Services,"99 Greengate St, Oldham OL4 1EB, UK",0161 624 5575,http://www.easterncateringservices.co.uk/
Wigan,B_equipment_repair,ACS Catering Equipment,"Ormside Cl, Hindley Green, Wigan WN2 4HR, UK",01942 251904,http://www.acscateringequipment.co.uk/
Sutton Coldfield,A_catering_engineers,Commercial Catering Products Ltd,"Four Oaks, 51 Balmoral Rd, The Royal Town of Sutton Coldfield, Birmingham, Sutton Coldfield B74 4UF, UK",0121 296 9572,https://commercialcateringproducts.co.uk/
Sutton Coldfield,A_catering_engineers,The Cornerstone Kitchen,"Town Hall, Upper Clifton Rd, The Royal Town of Sutton Coldfield, Birmingham, Sutton Coldfield B73 6DA, UK",0121 405 2354,https://www.thecornerstonekitchen.com/
Sutton Coldfield,A_catering_engineers,Leelance catering,"111 Reddicap Heath Rd, The Royal Town of Sutton Coldfield, Birmingham, Sutton Coldfield B75 7DX, UK",07956 615870,http://leelance.co.uk/
Sutton Coldfield,A_catering_engineers,Merlin Catering & Refrigeration Ltd,"9-12, Workshops,, Weeford, Lichfield WS14 0PR, UK",01543 481832,http://www.merlincatering.co.uk/
Sutton Coldfield,A_catering_engineers,Adam Catering Equipment Supplier,"Nico's Fish Bar, 196 Streetly Rd, Birmingham B23 7AL, UK",,
Sutton Coldfield,B_equipment_repair,The Kitchen Mechanic,"173 Reddicap Heath Rd, The Royal Town of Sutton Coldfield, Birmingham, Sutton Coldfield B75 7EN, UK",07838 978386,http://thekitchenmechanic.co.uk/
Lincoln,A_catering_engineers,CCES - Commercial Catering Equipment Specialists,"Unit 4 Whisby Way Business Centre, Whisby Rd, Lincoln LN6 3LQ, UK",01522 395911,http://www.ccesuk.com/
Lincoln,A_catering_engineers,Plan B Catering Equipment Ltd,"Westminster Industrial Estate, Unit 1 Westminster Rd, Lincoln LN6 3QY, UK",01522 694360,http://www.planbcatering.com/
Lincoln,A_catering_engineers,RJ Events Catering,"The Moors, Lincoln LN4 1HZ, UK",07725 959035,https://rjevents-catering.co.uk/
Lincoln,B_equipment_repair,KCM Catering Equipment,"Unit 11 Priest Ct, Caunt Rd, Grantham NG31 7FZ, UK",01476 593062,http://www.kcm-catering-equipment.co.uk/
Lincoln,B_equipment_repair,East Coast Catering Equipment,"Unit 4, Craven and Nicholas Business Park, St John's Road, Fishtoft, Boston PE21 6BG, UK",07879 837316,https://eastcoastcatering.co.uk/
Worcester,A_catering_engineers,Adam Botos Private Chef & Event Catering in the Midlands and Southwest England,"Ulverston Grn, Worcester WR4 9UW, UK",07514 287557,http://adambotos.com/
Worcester,A_catering_engineers,JRC Catering,"Knightsbridge Park, Wainwright Rd, Worcester WR4 9FA, UK",,
Worcester,A_catering_engineers,Sue's Kitchen,"25 Cutty Sark Dr, Stourport-on-Severn DY13 9RP, UK",07555 820207,http://www.sueskitchen.net/
Worcester,B_equipment_repair,LDC Kitchens,"63 St John's, Worcester WR2 5AG, UK",01905 355408,http://www.ldckitchens.co.uk/
Worcester,B_equipment_repair,Benchmarx Kitchen Showroom,"Travis Perkins, McKenzie Way, Worcester WR4 9GN, UK",01905 29498,https://www.benchmarxkitchens.co.uk/branches/worcester?y_source=1_MTA4ODc1OTAwNi03MTUtbG9jYXRpb24ud2Vic2l0ZQ==
Salford,B_equipment_repair,Jestic Foodservice Solutions,"Unit 9, Harp Rd, Trafford Park, Stretford, Manchester M17 1SR, UK",0161 874 5400,http://jestic.co.uk/
Salford,B_equipment_repair,Just Catering Supplies,"Unit 3, Albion Mill Trading Estate, Cobden St, Salford M6 6LL, UK",0161 637 2388,http://www.justcateringsupplies.co.uk/
Salford,B_equipment_repair,Boarshaw Catering Hire and Services,"The Euroterminal, Westinghouse Road, Trafford Park, Stretford, Manchester M17 1EU, UK",0161 848 0009,http://boarshaw.com/
Salford,B_equipment_repair,Strawberry Catering Ltd,"Unit 3 Waterside, Trafford Park, Stretford, Manchester M17 1WD, UK",0161 503 0577,http://www.strawberrycatering.co.uk/
Salford,B_equipment_repair,South Catering,"Highland House, John Gilbert Way, Trafford Park, Stretford, Manchester M17 1FP, UK",0161 850 1100,https://www.southcatering.co.uk/
St Helens,A_catering_engineers,South Catering,"17 Lea Green Business Park, Eurolink, Saint Helens WA9 4TR, UK",01744 413550,https://www.southcatering.co.uk/
St Helens,A_catering_engineers,Appetites Kitchen & Catering,"38 Hall St, St Helens, Saint Helens WA10 1DL, UK",01744 611477,https://www.facebook.com/share/1KFS1FkVSB/?mibextid=wwXIfr
St Helens,A_catering_engineers,Esposito's Catering & Events,"2, Heron Business Park, Tan House Ln, Widnes WA8 0SW, UK",0333 015 1580,https://www.espositosicecream.co.uk/?utm_source=google&utm_medium=organic&utm_campaign=google_my_business&utm_id=espositos_icecream
St Helens,A_catering_engineers,Purple Pea Catering,"161 College St, St Helens, Merseyside WA10 1TY, UK",07736 529811,https://purplepeacatering.com/contact/
St Helens,B_equipment_repair,KITCHEN AND BATHROOM.. PETRUSH,"117 Duke St, St Helens, Saint Helens WA10 2JG, UK",07857 044053,
Wembley,A_catering_engineers,A-Z Reliant Catering Equipment Hire (Century Hire Ltd.),"Abbey Industrial Estate, Mount Pleasant, Wembley HA0 1NR, UK",020 8900 0561,http://www.azreliant.co.uk/
Wembley,A_catering_engineers,L&m catering Equpment ltd,"unit 2, 180 Park Ave, London NW10 7XH, UK",07917 786652,
Wembley,A_catering_engineers,TEC KITCHEN EQUIPMENT LTD.,"24 Whitby Ave, London NW10 7SF, UK",020 8961 8787,
Wembley,A_catering_engineers,YELLOW KITCHEN CATERING,"224A, Rear Shop, Preston Rd, London HA9 8PB, UK",0330 088 3660,http://yellowkitchen.co.uk/
Wembley,A_catering_engineers,Swagat Catering,"9, South Way, Wembley HA9 0HF, UK",020 8903 0462,https://swagatcatering.com/
Wembley,A_catering_engineers,Cook NW10 - Kitchen Hire,"Unit B29, 7-11 Minerva Rd, London NW10 6HJ, UK",07960 875748,https://www.cook-kitchens.co.uk/
Wembley,A_catering_engineers,Uban Catering,"20 Bilton Rd, Perivale, Greenford UB6 7DS, UK",0800 368 7446,http://www.ubancatering.com/
Wembley,A_catering_engineers,Pink Diamond Catering,"Unit B7, Alpha Beta, Park Royal Business Centre, 7-11 Minerva Rd, London NW10 6HJ, UK",07554 075245,https://www.pinkdiamondcatering.co.uk/
Wembley,A_catering_engineers,Modern Kitchen All Restaurant Needs,"23C Minerva Rd, London NW10 6HJ, UK",07494 886878,
Wembley,A_catering_engineers,Dephna Kitchens and Cold Rooms,"26 Chase Rd, London NW10 6QN, UK",020 8896 7575,https://www.dephna.com/locations/chase-road-ealing/
Hemel Hempstead,A_catering_engineers,The Kitchen at Inspired,"127 Hempstead Rd, Hemel Hempstead, Kings Langley WD4 8AJ, UK",01923 264649,http://www.thekitchenatinspired.co.uk/
Watford,A_catering_engineers,MJT Catering,"269 Gammons Ln, Watford WD24 5JP, UK",01923 351421,http://www.mjtcateringwatford.com/
Watford,A_catering_engineers,Blue Heat Catering Equipment,"Unit 35, The Wenta Business Centre, Watford, London WD24 7ND, UK",07777 924824,https://blueheatequipment.com/
Watford,A_catering_engineers,Premier Catering Spares,"Unit 2, OLDS APP, Tolpits Ln, Watford WD18 9RU, UK",01923 770757,http://premiercateringspares.co.uk/
Watford,A_catering_engineers,Kitchen curry ltd,"13 Pinner Grn, Pinner HA5 2AF, UK",07578 665505,https://kitchencurrypinner.com/
Stockport,A_catering_engineers,Stephensons Catering Equipment,"Kennerley Works, 161 Buxton Rd, Heaviley, Stockport SK2 6EQ, UK",0161 483 6256,https://www.stephensons.com/
Stockport,A_catering_engineers,Alpha Catering Supplies,"Unit 24, Chester St, Stockport SK3 0BR, UK",0161 503 5764,https://alphacatering.co.uk/
Stockport,A_catering_engineers,Joules Kitchen,"Joules House, Joules Ct, Stockport SK1 3BD, UK",0161 711 1099,https://jouleskitchen.co.uk/
Stockport,A_catering_engineers,Eastway Catering Supplies,"416 Ashton Old Rd, Manchester M11 2DT, UK",0161 223 6688,https://www.eastwaycateringsupplies.com/
Stockport,A_catering_engineers,Claremont Catering Engineers,"69-71 Lower Bents Ln, Bredbury, Stockport SK6 2NL, UK",0161 406 6464,https://www.claremontengineers.co.uk/contact-us.php
Stockport,B_equipment_repair,Catertec - Commercial Catering Engineers,"174 Market St, Chapel-en-le-Frith, High Peak SK23 0NT, UK",07976 225053,
Hove,A_catering_engineers,Plum Catering,"3 Kings Mews, Brighton and Hove, Hove BN3 2PA, UK",07977 985781,http://www.theperfectplum.uk/
Ilford,A_catering_engineers,Entech Catering Engineers,"62 Buntingbridge Rd, Ilford IG2 7LR, UK",020 8500 0949,
Ilford,A_catering_engineers,romford catering equipment ltd,"GLOMONT WORKS, Selinas Ln, Dagenham RM8 1QH, UK",07385 190378,https://romfordce.com/
Ilford,A_catering_engineers,Jamal catering equipment LTD,"Alfabess Works, Selinas Ln, Dagenham RM8 1QH, UK",07376 374668,http://jmcequipment.net/
Ilford,A_catering_engineers,Shadi Catering,"Unit 15, Redbridge Enterprise Centre, Thompson Cl, Ilford IG1 1TY, UK",020 3488 8748,https://www.shadicatering.co.uk/?utm_source=google&utm_medium=wix_google_business_profile&utm_campaign=10039055613687722744
Ilford,A_catering_engineers,Star Catering Equipment Ltd T/A Euro Bangla,"458 Romford Rd, London E7 8DF, UK",020 8552 4388,https://www.instagram.com/starcateringequipment?igsh=MWJ1MGVqamNzZGpjYg%3D%3D&utm_source=qr
Ilford,A_catering_engineers,Smart Catering,"UNIT 2 - 3, 24 Thames Rd, Barking IG11 0HZ, UK",020 7018 2160,http://www.smartcaterings.co.uk/
Ilford,A_catering_engineers,Ignited catering suppliers,"34 Eccleston Cres, Romford RM6 4QU, UK",07961 434658,https://ignited-catering.myshopify.com/
Ilford,A_catering_engineers,Jollys Catering Ltd,"707 Romford Rd, London E12 5AW, UK",020 8129 1575,http://www.jollyscatering.co.uk/
Ilford,A_catering_engineers,Deluscious Catering,"Unit 2, The Acorn Centre, Hainault Business Park, 29 Roebuck Rd, London IG6 3TU, UK",020 3759 7242,http://www.delusciouscatering.co.uk/
Ilford,A_catering_engineers,Raja catering,"11 Carlton Ter, London E7 8LH, UK",07494 317990,
Barnsley,A_catering_engineers,FIKA Catering Equipment Limited,"Unit 13, Snydale Rd, Cudworth, Barnsley S72 8RP, UK",01226 715837,
Barnsley,A_catering_engineers,Northern Direct Catering Supplies,"Unit 25/Maple Ind Est/Stocks La, 25 Stock's Ln, Barnsley S75 2BL, UK",01226 204979,
Barnsley,A_catering_engineers,T&C Catering Ltd,"Tyre Centre, Rear Of, West St, Worsbrough, Barnsley S70 5PG, UK",07414 850580,https://tc-catering.co.uk/
Barnsley,B_equipment_repair,Pro Laundry & Catering Services Ltd,"Millfield Cl, Ackworth, Pontefract WF7 7GE, UK",01977 218229,https://www.prolaundrycatering.co.uk/
Darlington,A_catering_engineers,ucatering.co.uk,"Unit5 Rear Of, 80 E Mount Rd, Darlington DL1 1LA, UK",07402 875558,https://ucatering.co.uk/
Darlington,A_catering_engineers,Hudson Catering,"Darlington DL1 1RW, UK",01325 489216,
Darlington,A_catering_engineers,MAC FoodService | Hospitality Consumables & Supplies,"Industrial Estate, Unit 1 Kellaw Rd, Yarm Rd, Darlington DL1 4YA, UK",01325 520555,https://macfs.co.uk/
Darlington,B_equipment_repair,React Catering Services,"Hillington Industrial Estate, 46 Queen Elizabeth Ave, Hillington, Glasgow G52 4NQ, UK",0141 319 8139,http://www.reactcateringservices.com/
Hastings,A_catering_engineers,GRS Catering Equipment,"3 St Saviours Rd, St Leonards-on-Sea, Saint Leonards-on-sea TN38 0AS, UK",01424 427739,https://grscatering.co.uk/
Hastings,A_catering_engineers,Abbey Catering Services,"Brakes Coppice Farm, Battle TN33 0SJ, UK",01424 830347,https://www.abbeycateringservices.co.uk/
Hastings,A_catering_engineers,"Boiler Tech Commercial & domestic heating, catering gas","16 Marina, St Leonards-on-Sea, Saint Leonards-on-sea TN38 0DP, UK",07888 891079,https://www.boilertech.org.uk/
Hastings,A_catering_engineers,Home Ground Kitchen,"1 Warrior Square, Hastings, St Leonards-on-Sea, Saint Leonards-on-sea TN37 6BS, UK",07880 926231,https://www.homegroundkitchen.co.uk/
Hastings,A_catering_engineers,the little kitchen trailer company,"4 Glyndebourne Gardens, Hastings, Saint Leonards-on-sea TN37 7SD, UK",07930 441531,
Hastings,B_equipment_repair,Sussex Catering Equipment (SCE) Limited,"Unit E, Ford Industrial Estate, Ford Lane, Ford, Arundel BN18 0DF, UK",01243 553691,http://www.sussexcateringequipment.com/
Hartlepool,A_catering_engineers,BTT empire delight catering service,"77 York Rd, Hartlepool TS26 8AH, UK",07305 102559,
Hartlepool,A_catering_engineers,Hartlepool Historic Quay Catering,"Jackson Dock, Maritime Ave, Hartlepool TS24 0XZ, UK",01429 891556,
Hartlepool,B_equipment_repair,"Shottons Kitchens, Bathrooms & Bedrooms","84-86 Park Rd, Hartlepool TS26 9HU, UK",01429 288984,http://www.shottonkitchens.co.uk/
Hartlepool,B_equipment_repair,Billingham Kitchens Limited / BKL at Shottons,"84-86 Park Rd, Hartlepool TS26 9HU, UK",01642 550909,http://www.billinghamkitchens.co.uk/
Hartlepool,B_equipment_repair,Chris Pink Kitchens,"11 Metcalfe Rd, Middlesbrough TS6 6PT, UK",07950 303468,
Birkenhead,A_catering_engineers,Bold Catering Equipment,"7 Carr Ln, Hoylake, Wirral CH47 4AZ, UK",0151 632 2174,http://www.boldcatering.com/
Bath,A_catering_engineers,Tu Mangetout Catering,"159 Ringswell Gardens, Bath BA1 6BP, UK",07880 734986,http://tumangetout.com/
Bath,A_catering_engineers,Sam's Kitchen Events,"Manor Barns, Innox Ln, Bath BA1 8DB, UK",01225 220212,http://www.samskitchenevents.co.uk/
Bath,B_equipment_repair,Catering Services International,"6 Bladud Buildings London Road, The Paragon, Bath BA1 5LS, UK",01225 480239,http://www.cateringinternational.co.uk/
Stevenage,A_catering_engineers,Arch Catering and Refrigeration Ltd,"102 Broadwater Cres, Broadwater, Stevenage SG2 8EE, UK",07814 486945,https://www.archcateringandrefrigeration.co.uk/
Stevenage,A_catering_engineers,Gratte Brothers | Foodservice Solutions,"3 Crompton Rd, Stevenage SG1 2XP, UK",01438 750022,https://www.gratte.com/what-we-offer/foodservice-solutions
Stevenage,A_catering_engineers,Marmite Fine Dining Catering Ltd,"Unit 12B, Parsons Green Industrial Estate, Boulton Rd, Stevenage SG1 4QG, UK",07908 992854,https://marmitefinediningcatering.com/
Stevenage,A_catering_engineers,Joe Gibbs Commercial Kitchen Services & Solutions,"237 Shephall Way, Shephall, Stevenage SG2 9RL, UK",07971 870949,https://www.jmgservice.co.uk/?utm_source=google&utm_medium=wix_google_business_profile&utm_campaign=3043658815352786413
Stevenage,A_catering_engineers,ATP Catering Services and Repairs Ltd,"20 Taywood Cl, Shephall, Stevenage SG2 9QP, UK",01438 587038,https://www.atpcatering.co.uk/contact-us/
Grimsby,A_catering_engineers,TMS East - Commercial laundry & catering engineers,"23 Woodrow Park, Scartho, Grimsby DN33 2EF, UK",01472 485744,
Grimsby,B_equipment_repair,Kitchen Discount (Grimsby) Ltd,"49 Wood St, Grimsby DN32 7BJ, UK",01472 351989,http://www.kitchendiscountgrimsby.co.uk/
Grimsby,B_equipment_repair,Haagensen Wardrobes and Kitchens Ltd,"F A Would, Rear Of, Ladysmith Rd, Grimsby DN32 9SH, UK",01472 343030,http://www.haagensenwardrobes.com/
Grimsby,B_equipment_repair,Urban Bathrooms & Kitchens,"137-141 Cleethorpe Rd, Grimsby DN31 3EW, UK",01472 800377,https://www.urbanbathrooms.co.uk/
Halifax,A_catering_engineers,Ittefaq Catering,"2 Albert St, Halifax HX1 5NW, UK",01422 359555,https://www.ittefaqcatering.co.uk/
Halifax,B_equipment_repair,East West Catering,"East West House, 227 Gibbet St, Halifax HX1 5JE, UK",01422 360318,http://www.eastwestcatering.co.uk/
Hounslow,A_catering_engineers,Allens Catering Equipment Hire,"Units 8 & 9, Heathrow International Trading Estate, Green Ln, Cranford, Hounslow TW4 6HB, UK",020 8574 9600,https://www.allenshire.co.uk/?utm_source=Google_Business_London&utm_medium=organic&utm_campaign=HSGMB
Hounslow,A_catering_engineers,Reza Catering Equipment,"Unit 1 Golden Cres, Hayes UB3 1AQ, UK",020 8848 7775,https://www.rezacatering.co.uk/
Hounslow,A_catering_engineers,Just Catering Ltd,"Jessop Ave, Hounslow, Southall UB2 5UY, UK",07929 291670,https://www.justcatering.com/
Hounslow,A_catering_engineers,Capital H Catering & Leisure Equipment Hire Ltd,"North Feltham Trading Estate, Unit 3 Marlin Park, Central Way, Feltham TW14 0AN, UK",020 8569 6364,http://www.capitalcateringhire.com/
Hounslow,A_catering_engineers,CATERING 24x7,"89 Kingsley Rd, Lampton, Hounslow TW3 4AH, UK",07599 843900,https://www.catering24x7.uk/
Hounslow,A_catering_engineers,Magna Foodservice,"19-21, Phoenix Distribution Park, Phoenix Way, Heston, Hounslow TW5 9NB, UK",020 8050 1231,https://www.magnafoodservice.co.uk/shop/
Hounslow,A_catering_engineers,Greenleaf Catering and Event Management,"Unit 2a, Enterprise Estate, Collett Way, Southall UB2 4SE, UK",020 8574 7779,http://www.greenleafservices.com/
Hounslow,A_catering_engineers,Pegasus Film & Tv Catering Ltd,"Springfield Rd, Hayes UB4 0RG, UK",07732 751284,http://www.pegasusfilmcatering.com/
Hounslow,A_catering_engineers,Bell Catering Company,"661 Staines Rd, Feltham TW14 8PA, UK",07729 965896,https://thebellonthegreen.com/
Bromley,A_catering_engineers,Concerto Catering,"22 Keston Gardens, Bromley, Keston BR2 6BL, UK",01689 860560,http://www.concertocatering.com/
Bromley,A_catering_engineers,At Your Service Catering Equipment Hire,"106 Crofton Rd, Orpington BR6, UK, UK",07786 038822,https://www.atyourserviceplatehire.co.uk/
Nuneaton,A_catering_engineers,CSL Catering Supplies,"6 Centrovell Buildings, Caldwell Rd, Nuneaton CV11 4NG, UK",024 7632 7108,http://www.cslcateringsupplies.co.uk/
Nuneaton,A_catering_engineers,Anthony’s Catering,"Warwickshire Midlands, Unit 11 Ptarmigan Pl, Nuneaton CV11 6RX, UK",07590 460146,http://www.anthonyscatering.co.uk/
Nuneaton,A_catering_engineers,Olive Catering Services Ltd,"Barn Farm, Sibson Road, Ratcliffe Culey, Atherstone CV9 3PH, UK",01827 711717,http://www.olive-catering.com/
Nuneaton,A_catering_engineers,Greenaways Catering,"2 Church Ln, Fillongley, Coventry CV7 8EW, UK",01676 542084,http://www.greenawayscatering.co.uk/
Redditch,A_catering_engineers,White's Foodservice Equipment Ltd,"Unit 8, Padgets Lane, South Moons Moat Industrial Estate, 11 Padgets Ln, Redditch B98 0RA, UK",01527 528841,http://whites-foodequip.co.uk/
Redditch,A_catering_engineers,Morgans Catering For You Limted,"Unit 32 Padgets Ln, Redditch B98 0RB, UK",01527 821800,https://www.morgans-catering.co.uk/
Redditch,A_catering_engineers,Jasper's Catering Services,"Unit 7, Trade Centre, New Meadow Rd, Redditch B98 8YW, UK",01527 909761,http://www.jaspersonline.co.uk/
Redditch,A_catering_engineers,Plato Catering Hire,"Unit 5 Precision Way, Alcester B49 6FZ, UK",01789 491133,http://www.platohire.co.uk/
Redditch,A_catering_engineers,PDS Kitchen Fitters Redditch,"Lodge Rd, Redditch B98 7BS, UK",01527 916535,
Redditch,B_equipment_repair,B&D Commercial Catering Equipment,"Redditch B98 9DS, UK",,
Harlow,A_catering_engineers,Thames Catering Equipment,"Unit 3c, Sawbridgeworth CM21 9HY, UK",01279 597034,https://www.thamescatering.co.uk/?utm_source=google&utm_medium=wix_google_business_profile&utm_campaign=4127470764291118260
Harlow,A_catering_engineers,Magpie Catering,"Hastingwood Business Centre, Hastingwood, Harlow CM17 9GD, UK",01279 432599,https://www.magpiecatering.com/
Harlow,A_catering_engineers,Buckinghams Catering Supplies,"Unit 1, Fenners, Farm Tilegate Rd, High Laver, Ongar CM5 0EB, UK",01277 821540,http://www.buckinghamscateringsupplies.co.uk/
Harlow,B_equipment_repair,Glotech Kitchen & Appliances Showroom,"2 Soothouse Spring, St Albans AL3 6PF, UK",01727 855456,https://www.glotech.co.uk/
Harlow,B_equipment_repair,SAM'S KITCHENS AND BATHROOMS (SKB),"Lyden House, Templefields Industrial. Estate, South Rd, Harlow CM20 2BS, UK",01279 437074,https://www.samskitchensandbathrooms.co.uk/
Harlow,B_equipment_repair,Copleys Event Catering,"Units 6 & 7 Home Farm Industrial Estate, Hunsdon Rd, Ware SG12 8LA, UK",01920 449292,https://www.copleysfood.co.uk/
Harrow,A_catering_engineers,MRJ Catering,"1 Barons Mead, Harrow HA1 1YB, UK",020 8819 3249,http://www.mrjuk.co.uk/
Harrow,A_catering_engineers,Leon's Den Kitchen | Caribbean Catering,"27 Park Dr, North Harrow, Harrow HA2 7LT, UK",07868 375606,https://leonsdenkitchen.co.uk/
Harrow,A_catering_engineers,ABC Catering,"196 Edgwarebury Ln, Edgware HA8 8QW, UK",020 8958 1958,http://www.abccatering.co.uk/
Harrow,A_catering_engineers,Apple Catering Hire,"Rear of, 48-56 Glengall Rd, Edgware HA8 8SX, UK",020 8958 2788,http://www.applecateringhire.com/
Harrow,A_catering_engineers,Dips Foods (Event Catering & Retail Shop),"Unit 12, Honeypot Business Centre, Parr Rd, Stanmore HA7 1NL, UK",020 8951 0326,http://www.dipsfoods.co.uk/
Harrow,A_catering_engineers,Aura Catering,"464 Watford Wy, London NW7 2QH, UK",020 8454 7887,http://auracatering.co.uk/
Harrow,A_catering_engineers,Sahara Fingers Events Hire & Catering,"22 Mount Grove, Edgware HA8 9SX, UK",020 8959 8366,https://saharafingers.com/
Harrow,B_equipment_repair,Quartz Kitchen Worktops - QuartzMatik,"Pentax House, S Hill Ave, Northolt Rd, South Harrow, Harrow, Middlesex HA2 0DU, UK",020 8187 6460,https://www.quartzmatik.com/
St Albans,A_catering_engineers,Adam Nathan Catering LTD,"Unit 4 Park Industrial Estate, Frogmore, St Albans AL2 2DR, UK",07828 390585,http://adamnathancatering.com/
Stockton-on-Tees,A_catering_engineers,BestPrice-Catering Equipment,"Barwick Ln, Thornaby, Stockton-on-Tees TS17 0QS, UK",0333 012 4204,
Gosport,B_equipment_repair,Nick Williams Kitchens & Bathrooms,"24 Ryde Pl, Lee-on-the-Solent PO13 9AU, UK",07990 511616,https://www.gosportkitchens.co.uk/
Scunthorpe,A_catering_engineers,Catering Equipment,"Scunthorpe DN15 7NN, UK",,
Scunthorpe,A_catering_engineers,An Commercial Catering Equipment,"Scunthorpe DN15 7JN, UK",,
Chesterfield,B_equipment_repair,Far East Kitchen Solutions 威遠企業,"Farm Coney Green Rd, Market St, Clay Cross, Chesterfield S45 9NE, UK",01246 251188,https://www.fareastwok.com/
Chesterfield,B_equipment_repair,C C S Catering Services Ltd,"Victoria Mills, Knowler Hill, Liversedge WF15 6DP, UK",07943 516856,
Chesterfield,B_equipment_repair,Catering Taps,"Unit 9, Ivanhoe Industrial Estate, 3 Tournament Way, Ashby-de-la-Zouch LE65 2UU, UK",0333 300 1872,https://www.cateringtaps.com/
Chesterfield,B_equipment_repair,Kitchens International,"Unit 15 Ireland Cl, Staveley, Chesterfield S43 3PE, UK",0114 384 0000,http://www.ki4kitchens.co.uk/
Guildford,A_catering_engineers,Bentley Brown Catering Hire Ltd,"10 Woodbridge Meadows, Guildford GU1 1BA, UK",01483 506720,http://www.bentleybrown.co.uk/
Guildford,A_catering_engineers,GUILDFORD CATERING LIMITED,"107 Southway, Guildford GU2 8DQ, UK",,https://primeroofair.shop/
Guildford,A_catering_engineers,Kalm Kitchen,"Unit 5 Lascombe Farm, Highfield Ln, Guildford GU3 1BB, UK",01483 813360,http://kalmkitchen.co.uk/
Guildford,B_equipment_repair,Care Catering,"Unit C1 Moorfield Rd, Guildford GU1 1RU, UK",01483 451352,http://www.carecatering.co.uk/
Guildford,B_equipment_repair,The Kitchen Store - Guildford,"8 Chertsey St, Guildford GU1 4HD, UK",01483 971333,https://www.thekitchenstore.co.uk/guildford
Lewisham,A_catering_engineers,Safeflow Commercial & Mobile Catering Gas Engineer Ltd,"71 Foxborough Gardens, London SE4 1HU, UK",07492 359179,
Lewisham,B_equipment_repair,Stacy's Kitchen Ltd,"115 Loampit Vale, London SE13 7TG, UK",07497 516690,https://stacyskitchencatering.co.uk/
Woolwich,A_catering_engineers,Planner Catering Equipment Hire,"Unit 150, Westminster Industrial Estate, 6 Yateley St, London SE18 5TA, UK",020 7987 2102,https://gb.kompass.com/c/planner-catering-equipment-hire-co/gb63004433/
Woolwich,A_catering_engineers,Lalu Catering Services,"7 Leslie Smith Square, London SE18 4DW, UK",07821 799419,https://www.lalucateringservices.com/
Woolwich,A_catering_engineers,Bamzy Kitchen,"Plumstead Common Rd, London SE18 2UJ, UK",07385 569525,
Weston-super-Mare,A_catering_engineers,Cleaning & Catering Supplies Ltd,"Unit 63 Gazelle Rd, Weston-super-Mare BS24 9ES, UK",01934 750162,http://www.cleaningcatering.co.uk/
Weston-super-Mare,A_catering_engineers,Tudor Catering Trailers,"Unit 2 Creslands, Oldmixon Cres, Weston-super-Mare BS24 9AX, UK",01934 420033,https://www.tudortrailers.co.uk/
Weston-super-Mare,A_catering_engineers,Pharos Catering Equipment Ltd,"156 Berrow Rd, Burnham-on-Sea TA8 2PN, UK",01278 497490,http://www.pharoscatering.co.uk/
Weston-super-Mare,A_catering_engineers,Phoenix Catering Supplies Ltd,"Mendip View Business Park, Bristol Rd, Hewish, Weston-super-Mare BS24 6RX, UK",01934 838794,
Weston-super-Mare,A_catering_engineers,Blue Elephant Catering Equipment Ltd,"Beaufighter Rd, Weston-super-Mare BS24 8EE, UK",07484 852065,http://myblueelephant.co.uk/
Weston-super-Mare,A_catering_engineers,Weston Catering Supplies,"MENDIP BUSINESS PARK, Rooks Bridge, Axbridge BS26 2UG, UK",01934 750367,http://westoncateringsupplies.co.uk/
Weston-super-Mare,A_catering_engineers,Direcorts Table Catering,"76 Walliscote Rd, Weston-super-Mare BS23 1ED, UK",01934 904415,https://directorstablecatering.co.uk/
Weston-super-Mare,A_catering_engineers,AAA Catering,"33 Birkbeck Chase, Weston-super-Mare BS24 7FW, UK",07980 545160,
West Bromwich,A_catering_engineers,Mayur Catering,"363 High St, West Bromwich B70 9QL, UK",0121 525 3905,http://www.mayurcatering.co.uk/
West Bromwich,A_catering_engineers,Binda Catering,"Unit 1, The Bridge, Charles St, West Bromwich B70 0FX, UK",07984 418777,https://bindacatering.com/
West Bromwich,A_catering_engineers,Chana Catering Services,"134 High St, West Bromwich B70 6JJ, UK",0121 580 0660,https://www.chanacateringservices.co.uk/
West Bromwich,A_catering_engineers,Arts Catering,"3, Birch court, Crystal Drive, Smethwick, West Bromwich, Smethwick, Birmingham B66 1RB, UK",07312 030234,
West Bromwich,A_catering_engineers,JL Catering Equipment,"1 Downing St, Smethwick B66 2PP, UK",,
West Bromwich,A_catering_engineers,Jacksons Catering Company ltd,"Albion Business Park, Spring Rd, Birmingham, Smethwick B66 1LY, UK",0121 553 1777,http://www.jacksonscatering.co.uk/
West Bromwich,B_equipment_repair,Catering Maintenance,"100 Bradbury Ln, Hednesford, Cannock WS12 4EL, UK",01543 426140,https://www.catering-maintenance.co.uk/
West Bromwich,B_equipment_repair,Professional Kitchen Service,"Unitech House, Prospect Road, Burntwood WS7 0AL, UK",01543 675800,http://www.scomaccateringequipment.com/
West Bromwich,B_equipment_repair,Catering Equipment Engineers,"Unit 26, Antrim Business Park, 25 Randalstown Rd, Antrim BT41 4LD, UK",028 9446 8666,https://cateringequipmentengineers.com/
Edgware,A_catering_engineers,Oriental Catering Equipment,"1A, 395 Edgware Rd, London NW2 6LN, UK",020 8830 8538,
Edgware,A_catering_engineers,Melanie's Catering,"Melanie's Event Catering, Industrial Estate Unit D1, Queens Rd, Barnet EN5 4DJ, UK",020 8447 4727,http://www.melaniescatering.com/
Bury,A_catering_engineers,Vision Commercial Kitchens,"Unit A1, Vision Commercial Kitchens, Axis Point, Hill Top Rd, Heywood OL10 2RQ, UK",0844 811 7210,http://www.visionck.co.uk/
Bury,B_equipment_repair,Complete Kitchen & Home Appliances Ltd (CK Home Appliances LTD),"Elton Fold Mill, Harvey St, Bury BL8 1FZ, UK",0161 763 4146,http://www.ckha.co.uk/
Bury,B_equipment_repair,Moorgate Kitchens Ltd,"48 Badger St, Bury BL9 6AD, UK",0161 705 1705,http://www.moorgatekitchens.co.uk/
Tamworth,A_catering_engineers,Lordwell Catering Equipment,"Lordwell, Unit 11-12, Tame Valley Business Centre, Wilnecote, Tamworth B77 5BY, UK",01827 216260,https://lordwell.co.uk/?utm_source=google&utm_medium=organic&utm_campaign=gmb
Tamworth,A_catering_engineers,Jeffrey's Corporate Catering,"12a Silver St, Tamworth B79 7NH, UK",07717 206614,https://jeffreyscorporatecatering.co.uk/
Tamworth,A_catering_engineers,Swift Catering Tamworth,"Bolehall Swifts, 62 Rene Rd, Bolehall, Tamworth B77 3NW, UK",07954 139369,https://swiftcateringtamworth.co.uk/
Tamworth,B_equipment_repair,Lockhart Catering Equipment - Tamworth Sales Office,"Danny Morson Way, Dordon, Tamworth B78 1SE, UK",01827 309170,http://www.lockhart.co.uk/
Chatham,A_catering_engineers,Ideal Food Warmers & Catering Equipment,"Beacon Rd, Chatham ME5 7BW, UK",07564 764628,https://idealfoodwarmers.co.uk/
Chatham,A_catering_engineers,Caterkool Commercial Refrigeration,"Unit 8, Hopewell Business Centre, 105 Hopewell Dr, Chatham ME5 7DX, UK",01622 951271,https://caterkool.co.uk/
Chatham,B_equipment_repair,Invicta Catering,"116 Blean Common, Blean, Canterbury CT2 9JJ, UK",01227 454775,http://www.invictacatering.co.uk/
Chatham,B_equipment_repair,JH Catering,"18 St Davids Rd, Allhallows, Rochester ME3 9PW, UK",01634 271000,https://jhcatering.co.uk/contact-us/
Carlisle,A_catering_engineers,Task Catering Engineers,"Warwick Mill Business Park, Business Centre, Warwick Bridge, Carlisle CA4 8RR, UK",07786 003894,https://www.task-cateringengineers.co.uk/
Carlisle,A_catering_engineers,Colmore Catering Services,"Denton Holme Trading Estate, Chapel Pl, Carlisle CA2 5DF, UK",01228 521886,http://www.colmorecateringservices.co.uk/
Carlisle,A_catering_engineers,Lincat Catering Equipment,"39 Kingstown Broadway, Kingstown Rd, Carlisle CA3 0HA, UK",01228 210908,https://www.commercialcateringequipmentdirect.co.uk/customer-care/
Carlisle,B_equipment_repair,Buy Rational Ovens UK | Commercial Ovens Direct,"39 Kingstown Broadway, Carlisle CA3 0HA, UK",0330 055 2067,https://www.commercialovensdirect.co.uk/
Carlisle,B_equipment_repair,Pioneer Foodservice - Carlisle,"Montgomery Way, Montgomery Way, Carlisle CA1 2RW, UK",01228 523474,https://www.pioneerfoodservice.co.uk/
Crewe,B_equipment_repair,Techma Cool Climate Solutions - Commercial Refrigeration & Air Conditioning Services Only – No Domestic Work Undertaken.,"35 Samuel Armstrong Way, Crewe CW1 4SJ, UK",07587 356437,https://www.techmacool.co.uk/
Crewe,B_equipment_repair,Kitchen Life,"170 Edleston Rd, Crewe CW2 7EP, UK",01270 256896,http://www.kitchenlife.uk.com/
Harrogate,A_catering_engineers,King's Catering Co Ltd,"Southlands, Knox Park, Killinghall, Harrogate HG3 2AF, UK",07767 355229,https://kingscateringcompany.co.uk/
Harrogate,A_catering_engineers,Jack Robinson Catering,"E Parade, Harrogate HG1 5LT, UK",07547 552696,https://www.jackrobinsoncatering.co.uk/
Harrogate,A_catering_engineers,Julie D Catering,"42 Old Trough Way, Harrogate HG1 3DE, UK",07713 822832,https://juliedcatering.co.uk/
Harrogate,A_catering_engineers,Advent Catering Group,"4 Finden Gardens, Hampsthwaite, Harrogate HG3 2EL, UK",07379 371004,http://www.adventcatering.co.uk/
Harrogate,A_catering_engineers,James Brown Catering,"7, Claro Court Business Centre, Harrogate HG1 4BA, UK",01423 210016,http://www.jamesbrowncatering.co.uk/
Harrogate,A_catering_engineers,Busseys Catering Hire,"Ripon Rd, Harrogate HG1 2BT, UK",07581 055803,https://www.busseyscateringhire.net/
Harrogate,B_equipment_repair,Indulge Deli Bar and Catering,"The Zone, Hornbeam Park, Harrogate HG2 8QT, UK",01423 816184,http://www.indulgedelibar.co.uk/
Maidenhead,A_catering_engineers,Chris Burns Catering Ltd,"9 Camley Park Dr, Maidenhead SL6 6QF, UK",01628 622459,https://chrisburnscatering.co.uk/
Maidenhead,A_catering_engineers,Prema's Kitchen,"Clomburr Cottage, High St, Cookham, Maidenhead SL6 9SF, UK",01628 533171,https://www.premas-kitchen.com/
Maidenhead,A_catering_engineers,McEvoy & Rowley Kitchens,"76-80 Furze Platt Rd, Maidenhead SL6 7NH, UK",01628 777022,http://www.mcevoyandrowley.com/
Burnley,A_catering_engineers,Off The Kerb Catering,"12 Langdale Rd, Padiham, Burnley BB12 8NY, UK",07877 213412,
Burnley,A_catering_engineers,Whalley Catering Equipment,"Wellington Street, Wellington St, Clayton-le-Moors, Accrington BB5 5HU, UK",01254 233077,http://www.whalleycatering.co.uk/
Burnley,A_catering_engineers,Birchall Foodservice,"Cobalt House, Magnesium Way, Hapton, Burnley BB12 7BF, UK",01282 429446,https://www.birchallfoodservice.co.uk/
Burnley,A_catering_engineers,Bradford Catering & Takeout Nelson,"45 Regent St, Nelson BB9 7QP, UK",01282 447909,
Enfield,A_catering_engineers,N Joy Catering,"Unit 4, Martinbridge Industrial Estate, Lincoln Rd, Enfield EN1 1SP, UK",020 3948 9970,https://www.njoycatering.co.uk/
Enfield,A_catering_engineers,Star Catering Supplies Ltd,"Centenary Estate, London EN3 7UD, UK",020 8527 2666,https://www.star-catering.co.uk/
Enfield,B_equipment_repair,North London Catering Equipment Ltd,"191 Summers Ln, London N12 0QH, UK",020 8361 6644,http://www.nlce.co.uk/
Enfield,B_equipment_repair,Tri-City Catering Equipment,"24 Sterling Way, London N18 2XZ, UK",07446 075973,
Enfield,B_equipment_repair,Frigo Catering Equipment,"286 Church St, London N9 9HJ, UK",07958 222188,https://frigo-refrigerationservice.co.uk/
Gravesend,A_catering_engineers,Jacob's Catering,"4 Railway Pl, Gravesend DA12 1AP, UK",01474 566942,http://www.jacobscatering.co.uk/
Burton-on-Trent,A_catering_engineers,Chef Lucas Catering Services Ltd.,"99 High St, Burton upon Trent, Burton-on-Trent DE14 1LJ, UK",07472 813392,https://cheflucas.co.uk/
Burton-on-Trent,A_catering_engineers,WCB Catering,"Branston Rd, Burton-on-Trent DE13 9GD, UK",07458 983705,https://www.wcbcatering.co.uk/
Burton-on-Trent,A_catering_engineers,Waterside Food Services Limited,"Unit 4, Premier Park, Branston Industrial Park, Lichfield Rd, Branston, Burton-on-Trent DE14 3HD, UK",01889 586444,http://www.watersidefoods.co.uk/
Burton-on-Trent,A_catering_engineers,Madina Catering,"1-2 Oak St, Burton upon Trent, Burton-on-Trent DE14 3PU, UK",01283 892980,http://www.detservices.co.uk/
Shrewsbury,A_catering_engineers,Shrewsbury Catering Equipment Ltd,"Bro a Bryn, Trewern, Shrewsbury SY21 8EA, UK",07973 836740,https://shrewsburycateringequipment.co.uk/
Shrewsbury,A_catering_engineers,Jennys Catering,"Unit 24 Vanguard Way, Shrewsbury SY1 3TG, UK",01743 873861,https://www.jennys-catering.co.uk/
Rugby,A_catering_engineers,Moriarty Catering Installations,"Prospect Pk/Valley Dr, Rugby CV21 1TF, UK",01788 821440,https://moriartycatering.com/home
Rugby,A_catering_engineers,The Chefs Kitchen,"72-74 Lower St, Hillmorton, Rugby CV21 4NU, UK",01788 546151,https://www.chefs-kitchen.co.uk/
Rugby,A_catering_engineers,CVC Kitchen Catering,"37 Regent St, Rugby CV21 2PE, UK",07876 507156,http://cvckitchen.co.uk/
Rugby,A_catering_engineers,Beech Tree Catering Hire,"Townsend Ln, Rugby CV23 9DQ, UK",07713 859180,
Stafford,A_catering_engineers,clubhoues kitchen,"Blackberry Ln, Stafford ST16 2TT, UK",07943 429802,
Taunton,A_catering_engineers,Blackberry & Bay Catering,"4 Mount St, Taunton TA1 3QB, UK",01823 278867,https://www.blackberryandbaycatering.co.uk/
Taunton,A_catering_engineers,Cullens Catering,"GOLF CLUB, Vivary Rd, Taunton TA1 3JW, UK",01823 289274,http://www.cullenscatering.co.uk/
Taunton,A_catering_engineers,Alfresco Catering,"Buckland House, Lower Durston, Taunton TA3 5AH, UK",07787 297454,http://www.alfrescocatering-somerset.co.uk/
Tynemouth,B_equipment_repair,A S Catering Supplies Ltd,"2b Queensway, New Milton BH25 5NN, UK",01425 632800,http://www.ascateringsupplies.com/
Tynemouth,B_equipment_repair,CJS Catering & Events,"18 Madeira Rd, Bournemouth BH1 1QS, UK",07810 825335,http://www.cjscateringandevents.com/
Torquay,A_catering_engineers,Robin Catering Equipment Ltd,"Unit 5 R/O, Laburnum Row, Torre, Torquay TQ2 5QX, UK",01803 431450,
Torquay,A_catering_engineers,MJR Catering,"100 Barton Rd, Torquay TQ2 7NS, UK",07974 659723,http://mjrcatering.co.uk/
Loughborough,A_catering_engineers,Midshires Catering Equipment Ltd,"27 Duke St, Loughborough LE11 1ED, UK",0333 123 4560,http://www.midshires.co.uk/
Loughborough,A_catering_engineers,Complete Catering & Marketing Supplies,"Oaks Industrial Estate, Festival Dr, Loughborough LE11 5XN, UK",01509 232438,https://www.cateringandmarketingsupplies.co.uk/
Loughborough,A_catering_engineers,thirty four kitchen & deli catering,"34 Baxter Gate, Loughborough LE11 1TQ, UK",07782 776970,http://thirtyfourdeli.co.uk/
Loughborough,A_catering_engineers,MIDSHIRES CATERING EQUIPMENT LTD,"148 Loughborough Rd, Hathern, Loughborough LE12 5JB, UK",0333 123 4560,http://commercialdishwashersnottinghamshire.co.uk/
Loughborough,A_catering_engineers,Tooley’s Café & Catering Company,"Monarch Way, Loughborough LE11 5XG, UK",01509 974146,https://tooleycafe.github.io/loughborough/
Loughborough,B_equipment_repair,Loughborough Catering Solutions,"5 Great Central Rd, Loughborough LE11 1RW, UK",01509 239911,
Stourbridge,A_catering_engineers,Special Event Catering,"Unit 4, brook park trading estate, Lye, Stourbridge DY9 8SN, UK",07528 380869,https://secatering.co.uk/
Stourbridge,A_catering_engineers,"EaT Cuisine Group - Themed Event Catering for Weddings, Corporate & Private Parties","Unit 15 Gainsborough Trading Est, Rufford Rd, Stourbridge DY9 7ND, UK",01384 930005,
Stourbridge,A_catering_engineers,Bigmouths Catering,"unit 17, Lye business center, Enterprise Dr, Stourbridge DY9 8QH, UK",07712 353733,https://bigmouthscatering.co.uk/
Stourbridge,A_catering_engineers,Sticky Fig Catering,"unit 17, Lye business center, Enterprise Dr, Stourbridge DY9 8QH, UK",07983 421447,http://www.stickyfigcatering.co.uk/
Stourbridge,A_catering_engineers,Halesmere Catering Service & Equipment Hire,"17 Bromsgrove Rd, Halesowen B63 3JQ, UK",0121 602 4681,
Stourbridge,A_catering_engineers,Catering Insurance,"Dudley Court South, The Waterfront, Level St, Brierley Hill DY5 1XN, UK",0800 488 0771,https://www.cateringinsurance.co.uk/
Dewsbury,A_catering_engineers,Whiterose Catering Limited,"225 Ravenshouse Rd, Dewsbury WF13 3QU, UK",01924 467054,https://whiterosecatering.co.uk/
Dewsbury,A_catering_engineers,Dewsbury Catering,"Next to AwLumb building merchants, Mill St E, Savile Town, Dewsbury WF12 9BD, UK",01924 665888,
Dewsbury,A_catering_engineers,The Full Munchy Catering Solutions Ltd,"Unit 200, Enterprise Centre, 513 Bradford Rd, Batley WF17 8LL, UK",01924 477771,http://www.thefmtaste.com/
Dewsbury,A_catering_engineers,Jacksons food service ltd,"Unit 4, Sycamore Industrial Estate, Walkley Ln, Heckmondwike WF16 0NL, UK",01924 406872,https://jacksonsfoodservice.co.uk/
Dewsbury,B_equipment_repair,Loonat Catering Services,"B & C, Savile St, Batley WF17 6JS, UK",0800 505 3229,http://www.loonatcs.co.uk/
Dewsbury,B_equipment_repair,Myton Kitchens Ltd,"Unit 7, Wood St, Dewsbury WF13 1QU, UK",01924 451810,http://www.mytonkitchens.co.uk/
Widnes,A_catering_engineers,Superior Catering Limited,"Pitt St, Widnes WA8 0TG, UK",0330 024 8147,https://www.superiorcatering.co.uk/
Widnes,A_catering_engineers,Julies Kitchen Caterers,"12 Stanley Cl, Widnes WA8 6RL, UK",07793 842270,http://www.julieskitchen1.com/
Widnes,A_catering_engineers,Steph's Kitchen,"145 Birchfield Rd, Widnes WA8 9EG, UK",07483 267353,
Widnes,A_catering_engineers,Bluebell catering,"23a Hampton Dr, Widnes WA8 5BZ, UK",07835 996273,http://www.bluebellcatering.co.uk/
Widnes,A_catering_engineers,Commercial Catering Engineers Ltd,"CCE, Unit A3 Cefndy Employment Pk, Cefndy Rd, Rhyl LL18 2HJ, UK",01745 798390,http://www.commercialcateringengineersltd.com/
Widnes,B_equipment_repair,Kitchens and bedrooms By Leanne Ltd,"Unit 2a, Sunset Business Centre, Waterloo Rd, W Bank St, Widnes WA8 0QR, UK",0151 420 5187,
Widnes,B_equipment_repair,Purple Pea Catering,"37 Hampton Dr, Widnes WA8 5DA, UK",07736 529811,http://www.purplepeacatering.com/
Widnes,B_equipment_repair,B3 Design Kitchens & Bathrooms,"116, 118 Moorfield Rd, Widnes WA8 3HX, UK",0151 424 3535,http://www.b3-design.co.uk/
Widnes,B_equipment_repair,Trade Save Kitchens,"Unit 23, 24 Brindley Rd, St Helens, Saint Helens WA9 4HY, UK",0330 041 2351,https://www.tradesavekitchens.co.uk/
Runcorn,A_catering_engineers,Olive Tree Catering,"Unit 4, Sycamore Court, Unit 4 Sycamore Ct, Warrington Rd, Runcorn WA7 1RS, UK",01928 599992,http://www.olivetreecatering.co.uk/
Runcorn,A_catering_engineers,Chef In My Kitchen,"Unit 5, Frodsham business Centre, Bridge Ln, Frodsham WA6 7FZ, UK",0330 053 6535,https://chefinmykitchen.co.uk/
Rochester,A_catering_engineers,Exclusive Catering,"9 Hertsfield Ave, Rochester ME2 3PU, UK",01634 716709,
Rochester,A_catering_engineers,Hogroast Catering Company,"20 Bush Rd, Cuxton, Rochester ME2 1LJ, UK",07973 420234,http://www.hogroastcateringcompany.co.uk/
Twickenham,B_equipment_repair,Nolte Kitchens Teddington,"10-12 The Causeway, Teddington TW11 0HE, UK",020 4553 0557,https://nolte-kitchens.co.uk/showrooms/teddington/
Scarborough,A_catering_engineers,Total 24 - Heating / Refrigeration / Catering Engineer / Chiller / Air Con / Commercial Gas - Scarborough,"Basement, 93 N Marine Rd, Scarborough YO12 7HT, UK",01723 313707,http://www.total24.co.uk/
Orpington,A_catering_engineers,"DAY Events Catering Bromley - Wedding, Parties, Events, BBQ..","33 Curtismill Way, Orpington BR5 2JY, UK",07930 338124,https://www.dayevents.co.uk/orpington-wedding-events-catering/
Orpington,A_catering_engineers,Catering Heaven,"6 Lakeswood Rd, Petts Wood, Orpington BR5 1BJ, UK",07909 518471,http://www.cateringheaven.co.uk/
Hayes,A_catering_engineers,Uxbridge Road Catering Equipment Ltd,"1104 Uxbridge Rd, Hayes UB4 8QH, UK",020 8848 4027,
Aylesbury,A_catering_engineers,Iyer's Kitchen,"29 Carrick St, Aylesbury HP18 0ZA, UK",07587 325268,http://iyerskitchen.co.uk/
Aylesbury,A_catering_engineers,Festival Catering Supplies,"Park St Industrial Estate, 13 Osier Way, Aylesbury HP20 1EB, UK",01296 398738,https://www.festivalsupplies.co.uk/
Aylesbury,A_catering_engineers,Promo Catering,"Units 4-5, Park Street Industrial Estate, Osier Way, Aylesbury HP20 1EB, UK",01296 436565,http://www.promocatering.co.uk/
Aylesbury,A_catering_engineers,OMG! Streetfood & mobile catering,"19 Edison Rd, Aylesbury HP19 8TE, UK",07841 642243,http://www.omgstreetfood.co.uk/
Hereford,A_catering_engineers,Jpm Commercial Kitchen & Laundry Equipment,"218 Whittern Way, Hereford HR1 1QP, UK",,
Hereford,A_catering_engineers,Christines Catering,"Beech Business Park, Tillington Rd, Hereford HR4 9QJ, UK",01432 352152,https://www.christines-catering.com/
Hereford,A_catering_engineers,Rosette event catering,"Shucknall Court, Hereford HR1 4BH, UK",07398 939025,http://www.rosettecatering.co.uk/
Hereford,A_catering_engineers,Cakes and Catering,"44A Eign St, Hereford HR4 0AB, UK",07881 880836,http://cakesandcatering.co.uk/
Hereford,A_catering_engineers,Wye Valley Catering,"2 Vine Tree Cl, Withington, Hereford HR1 3QW, UK",01432 851323,
Hereford,A_catering_engineers,Catering With Caire,"Old Shires Court, Hereford HR2 8NA, UK",01981 580014,
Hereford,A_catering_engineers,Dish by Art Catering,"Blue School St, Hereford HR1 2DT, UK",,https://www.dishbyart.com/
Hereford,B_equipment_repair,Tudors Kitchens & Bathrooms,"Warehouse 1, 176 Widemarsh St, Hereford HR4 9HN, UK",01432 262820,https://www.tudorskbb.co.uk/
Hereford,B_equipment_repair,"Westdown Bathrooms, Kitchen, Bedrooms & Tiles","Plough Ln, Harrow Rd, Hereford HR4 0EH, UK",01432 263733,http://www.westdownbathrooms.co.uk/
Hereford,B_equipment_repair,"Express Bathrooms, Kitchens and Tiles","Thorn Business Park, Hereford HR2 6JT, UK",01432 278138,https://www.expressbathroomshereford.co.uk/
Tunbridge Wells,A_catering_engineers,Tuck In Catering Ltd,"36 Silverdale Rd, Royal Tunbridge Wells, Tunbridge Wells TN4 9JA, UK",07950 257957,https://www.tuckincateringltd.com/
Tunbridge Wells,A_catering_engineers,Catering Equipment Service,"Catering Equipment Service, Powdermill Cl, Royal Tunbridge Wells, Tunbridge Wells TN4 9DR, UK",,
Tunbridge Wells,A_catering_engineers,L & A Catering Services,"St John's Rd, Royal Tunbridge Wells, Tunbridge Wells TN4 9UY, UK",01580 181829,
Tunbridge Wells,A_catering_engineers,The Wells Event Catering,"Unit 5, Morley Business Centre, Morley Rd, Tonbridge TN9 1RA, UK",07958 942554,http://www.wellscatering.co.uk/
Tunbridge Wells,A_catering_engineers,Souper Food Catering,"11 Monson Rd, Royal Tunbridge Wells, Tunbridge Wells TN1 1LS, UK",07949 903665,http://www.souper-food.co.uk/
Barrow-in-Furness,A_catering_engineers,FOX OUTSIDE CATERING,"Unit 8b Furness Business Park, Peter Green Way, Barrow-in-Furness LA14 2PE, UK",01229 868046,
Barrow-in-Furness,A_catering_engineers,Fiesta Catering,"Hibbert Rd, Barrow-in-Furness LA14 5AE, UK",07799 941214,https://www.fiesta-build-a-buffet.co.uk/
Barrow-in-Furness,B_equipment_repair,Catering Appliance Superstore,"Catering Appliance Superstore, mintsfeet industrial estate, Mintsfeet Rd S, Kendal LA9 6ND, UK",01539 760650,https://www.catering-appliance.com/
Barrow-in-Furness,B_equipment_repair,West coast catering & laundry services limited,"43 Dalton Fields Ln, Dalton-in-Furness LA15 8NY, UK",07964 669442,https://www.westcoastcateringandlaundryservices.co.uk/
Barrow-in-Furness,B_equipment_repair,Catering Partnership Ltd,"River View, Staveley Mill Yard, Staveley, Kendal LA8 9LR, UK",01539 822552,https://cateringpartnership.co.uk/contact/
Smethwick,A_catering_engineers,R.S.Catering.Repairs.Ltd,"4 Siskin Cl, Birmingham, Oldbury B68 9LT, UK",07954 410775,
Horsham,A_catering_engineers,Sophie's Kitchen at Horsham Sports Club,"Cricket Field Rd, Horsham RH12 1TE, UK",01403 254628,
Horsham,A_catering_engineers,Gatwick Catering Equipment Servicing,"Unit 64b, Dean House Farm, Church Rd, Newdigate, Dorking RH5 5DL, UK",01306 631531,http://gatwickcateringequipmentservicing.co.uk/
Horsham,B_equipment_repair,M & G Catering Equipment,"10a &, 10b High St, Horley RH6 7AY, UK",07958 369824,
Horsham,B_equipment_repair,One Stop Kitchens Ltd,"2, The Courtyard, Poundfield Road, Chalvington, Hailsham BN27 3YD, UK",0345 838 0477,http://www.oskit.co.uk/
Horsham,B_equipment_repair,South East Commercial Kitchens Ltd,"The Downs Farm, Reigate Rd, Epsom KT17 3BY, UK",020 8393 4358,http://www.secommercialkitchens.co.uk/
Horsham,B_equipment_repair,The Kitchen Store - Horsham,"46 East St, Horsham RH12 1HN, UK",01403 259320,https://www.thekitchenstore.co.uk/horsham
Horsham,B_equipment_repair,Putney commercial catering services,"10a Frensham Dr, London SW15 3EA, UK",07428 242632,
Horsham,B_equipment_repair,Mobile Kitchens Ltd,"1st floor, 33 Chertsey Rd, Woking GU21 5AJ, UK",0345 812 0800,https://www.mk-hire.co.uk/
Hornchurch,A_catering_engineers,Andrews Catering,"54 Rainsford Way, Hornchurch RM12 4BL, UK",07944 688737,http://www.andrewscatering.co.uk/
Hornchurch,A_catering_engineers,Campbell's Catering Solutions,"15 Austral Dr, Hornchurch RM11 1JJ, UK",07909 776225,https://campbell-s-catering-solutions-ltd.ueniweb.com/?utm_campaign=gmb
Hornchurch,B_equipment_repair,K's Catering Hire,"109 Rainham Rd, Rainham RM13 7QX, UK",01708 454010,http://www.kscateringhire.com/
Kettering,A_catering_engineers,I P M Catering Ltd,"Northfield Lodge, Northfield Rd, Great Cransley, Kettering NN14 1PZ, UK",01536 518117,https://ipmcateringengineers.com/
Kettering,A_catering_engineers,Whites Catering Equipment,"Weee Environmental, Pytchley Lodge Industrial Estate, Pytchley Lodge Rd, Kettering NN15 6JQ, UK",01895 730055,http://www.webuyeverything.co.uk/
Kettering,A_catering_engineers,Queency’s catering service,"10 Lancaster Rd, Kettering NN16 8PA, UK",07434 940223,http://designbyqueency.co.uk/
Kettering,A_catering_engineers,CC's Catering,"17 Montagu St, Kettering NN16 8XG, UK",07758 095146,http://www.cccatering.co.uk/
Corby,A_catering_engineers,Gardiff Catering,"Unit 10, The, Cam Centre, Hitchin SG4 0TW, UK",01462 428470,http://www.gardiffcatering.com/
Bracknell,A_catering_engineers,Court Catering Equipment Ltd,"34, Wellington Business Park, Duke's Ride, Crowthorne RG45 6LS, UK",020 8576 6500,https://www.courtcatering.co.uk/
Bracknell,B_equipment_repair,Benchmarx Kitchen Showroom,"3, Trade City, Easthampstead Rd, Bracknell RG12 1BX, UK",01344 306687,https://www.benchmarxkitchens.co.uk/branches/bracknell?y_source=1_MTA4ODc1ODg5OS03MTUtbG9jYXRpb24ud2Vic2l0ZQ==
Leamington Spa,A_catering_engineers,Arjun Catering,"The Shire Grill, Sydenham, Royal Leamington Spa, Leamington Spa CV31 1YJ, UK",,https://www.arjuncatering.co.uk/
Kidderminster,A_catering_engineers,R.T. Catering,"35 Middleton Rd, Marlpool Ct, Kidderminster DY11 5EZ, UK",07988 795622,http://www.rtcatering.com/
Kidderminster,A_catering_engineers,West midlands catering equipment,"Unit 14, Riverside business centre, Worcester Rd, Stourport-on-Severn DY13 9AT, UK",07834 986699,
Kidderminster,B_equipment_repair,Kitchenspecialists Sales Ltd,"8 Mill Ln, Wolverley, Kidderminster DY11 5TR, UK",07802 916940,http://www.kitchenspecialists.co.uk/
Weymouth,A_catering_engineers,South Coast Catering Ltd trading as Airedale Technical Care,"83 Lynch Ln, Weymouth DT4 9DN, UK",01305 774488,https://www.airedale-group.co.uk/
Weymouth,A_catering_engineers,Gavan Catering Supplies,"Cambridge Rd, Weymouth DT4 9GH, UK",01305 787711,http://www.gavansupplies.com/
Weymouth,A_catering_engineers,Alfamax Catering Equipment Supplies,"Archard House, Waverley Rd, Weymouth DT3 5HL, UK",01305 761900,
Weymouth,A_catering_engineers,Celestial Catering Dorset,"22 Tollerdown Rd, Weymouth DT4 0SQ, UK",07761 106505,
Folkestone,A_catering_engineers,"The Kentish Graze - Grazing Tables | Grazing Platters | Luxury Catering | Folkestone, Kent & South East England","Bouverie Rd W, Folkestone CT20 2PP, UK",07470 445144,https://thekentishgraze.co.uk/home
Folkestone,A_catering_engineers,Roccos Catering and hospitality venue,"119 Sandgate Rd, Folkestone CT20 2BL, UK",01303 240242,
Keighley,A_catering_engineers,Caterpillar Catering Ltd,"Unit 1, The Pattern Shed, Riverside, Keighley BD21 4AQ, UK",07399 896580,http://www.caterpillarcatering.co.uk/
Keighley,A_catering_engineers,Northern Leaf Catering,"Victory House, Dalton Ln, Keighley BD21 4JH, UK",01535 661333,
Lancaster,A_catering_engineers,C & C Catering Engineer Services,"61 Cleveleys Ave, Lancaster LA1 5HE, UK",,
Lancaster,B_equipment_repair,Replenish Kitchen,"Mannin Way, Caton Rd, Lancaster LA1 3PE, UK",01524 65280,https://thereplenishkitchen.co.uk/
Macclesfield,A_catering_engineers,The Treacle Town Wedding & Event Catering & Pies Co CHESHIRE,"10 Charlotte St, Macclesfield SK11 6JB, UK",07766 673734,http://www.thetreacletownpiecompany.co.uk/
Cheshunt,A_catering_engineers,Capital FoodService Ltd,"10 Fieldings Rd, Cheshunt, Waltham Cross EN8 9TL, UK",01992 283440,https://capitalfood.co.uk/
Wellingborough,A_catering_engineers,Countywide Catering Equipment Ltd,"Faraday Court, 4 Faraday Ct, Wellingborough NN8 6XY, UK",01933 402002,http://www.countywidecateringequipment.co.uk/
Wellingborough,A_catering_engineers,Atosa Catering Equipment UK Ltd,"280 Wellingborough Rd, Finedon, Wellingborough NN8 4BW, UK",01604 700853,http://atosauk.com/
Wellingborough,A_catering_engineers,LTN Catering,"129 Windsor Rd, Wellingborough NN8 2NB, UK",07498 754944,https://www.ltncatering.co.uk/
Wellingborough,A_catering_engineers,Alti's Foodservice and Cash & Carry,"14-20 Paterson Rd, Wellingborough NN8 4AJ, UK",01933 834734,https://altiscatering.co.uk/ords/mis/r/myorder/home-page
Wellingborough,A_catering_engineers,AXIS Catering Equipment,"Regent Park, Booth Dr, Wellingborough NN8 6GR, UK",0844 251 1800,http://axisce.co.uk/
Kingston upon Thames,A_catering_engineers,JPL Catering Ltd,"6-8 Penrhyn Rd, Kingston upon Thames KT1 2BB, UK",020 7078 7336,http://www.jplcatering.co.uk/
Kingston upon Thames,A_catering_engineers,Jacksons Catering & Janitorial Supplier,"Catering House, Cox Ln., Chessington KT9 1SG, UK",020 8391 5555,http://www.jacksonscg.co.uk/
Kingston upon Thames,A_catering_engineers,The Garden Catering,"Unit 6, Chessington Trade Park, 60 Cox Ln., Chessington KT9 1TW, UK",020 3504 6404,http://thegardencatering.com/
Kingston upon Thames,A_catering_engineers,Galati G&G Catering International Machine,"8 Sussex Pl, New Malden KT3 3PU, UK",07432 661436,
Kingston upon Thames,B_equipment_repair,Kitchencraft & Kingston Bathrooms,"The White Cottage, 99 Brighton Rd, Surbiton KT6 5NF, UK",020 8390 7197,https://www.kitchencraft-surrey.co.uk/
Andover,A_catering_engineers,S & J Mobile Catering,"6 My Way, Picket Piece, Andover SP11 6NS, UK",01264 363325,http://www.sjcatering.co.uk/
Andover,A_catering_engineers,Foodie Catering and Events,"Foodie Catering and Events, The Commercial Centre, Picket Piece, Andover SP11 6RU, UK",01264 317000,http://www.foodiecateringevents.com/
Andover,A_catering_engineers,SML Catering,"14 Hopkinson Way, Andover SP10 3ZE, UK",01264 334475,https://www.smlsupplies.co.uk/
Christchurch,A_catering_engineers,Alfresco Catering,"25 Southcliffe Rd, Christchurch BH23 4EN, UK",01425 275162,http://www.alfrescocatering.biz/
Christchurch,A_catering_engineers,Ako Dining Catering,"Unit 3, Costrells, Derritt Ln, Christchurch BH23 8AX, UK",,https://www.akodining.co.uk/
Christchurch,B_equipment_repair,ACCEM - All Aspects of Catering Equipment Maintenance,"4 St Leonard's Ave, Blandford Forum DT11 7PF, UK",07789 758555,https://aacem.co.uk/
Romford,A_catering_engineers,RC Catering,"2, Northgate Business, Romford RM5 2BG, UK",07949 152522,http://www.rccatering.co.uk/
Romford,A_catering_engineers,DH Kitchen,"Riverside Cl, Romford RM1 1EN, UK",07492 778362,
Barnet,A_catering_engineers,Olympic Catering,"59 Heath Rd, Little Heath, Potters Bar EN6 1LR, UK",07930 645978,http://www.olympiccatering.co.uk/
Batley,A_catering_engineers,Fahad Catering Equipments Ltd,"Unit 13, Wilton Industrial Estate, 851 Bradford Rd, Batley WF17 8NN, UK",07473 436097,
Batley,A_catering_engineers,Zam Zam Catering,"Unit 3, Station Yard, Soothill Ln, Batley WF17 5SS, UK",07400 338333,
Yeovil,A_catering_engineers,Dorset Delights Catering,"Cary Rd, North Cadbury, Yeovil BA22 7DB, UK",07783 928532,http://www.dorsetdelightscatering.co.uk/
Yeovil,A_catering_engineers,The Ella-Phant Kitchen,"57B Glenthorne Ave, Yeovil BA21 4PN, UK",07715 595075,http://theella-phantkitchen.com/
Yeovil,A_catering_engineers,Sarah Thai Catering,"18 Shackleton Rd, Yeovil BA21 5ET, UK",07767 153429,https://sarahthaicateringonline.co.uk/
Yeovil,B_equipment_repair,Quality Bathrooms & Kitchens,"Venture 20, Lynx West Trading Estate, Brympton Way, 20 Brympton Way, Yeovil BA20 2HP, UK",01935 410911,http://qualitybathroomsandkitchens.co.uk/
Welwyn Garden City,A_catering_engineers,Hertfordshire Catering Limited (HCL),"Mundells, Welwyn Garden City AL7 1FT, UK",01707 292500,https://hcl.co.uk/
Welwyn Garden City,A_catering_engineers,Mulmar Foodservice Solutions,"Inspiration House, 152 Great North Rd, Birchwood, Hatfield AL9 5JN, UK",01707 286920,http://www.mulmar.com/
West Bridgford,A_catering_engineers,Skm Catering Ltd,"14 Musters Rd, West Bridgford, Nottingham NG2, UK",,
Beckenham,A_catering_engineers,Michael's Kitchen Beckenham,"1 Sidney Rd, Beckenham BR3 4PX, UK",,https://www.michaelskitchenbeckenham.co.uk/
Beckenham,A_catering_engineers,Taylor’s Catering UK,"16 Groveland Rd, Beckenham BR3 3QA, UK",07730 458610,https://taylorscatering.co.uk/
Beckenham,A_catering_engineers,CATERING GB CATERING EQUIPMENTS,"221-215 High St, London SE20 7PF, UK",020 8778 6266,http://cateringgb.co.uk/
Sutton,A_catering_engineers,Colosseum Catering Equipment Ltd,"Unit 12, Liongate Enterprise Park, 80 Morden Rd, Mitcham CR4 4NY, UK",020 8395 3940,http://colosseumcatering.com/
Banbury,A_catering_engineers,Reg's Catering Banbury,"Reg's Cafe, Unit 3 Thorpe Way, Banbury OX16 4SP, UK",07727 042451,http://www.regscateringbanbury.co.uk/
Banbury,A_catering_engineers,Kearney's Event Catering,"65 Beaconsfield Rd, Banbury OX16 9EP, UK",01295 277333,http://www.kearneyscatering.co.uk/
Winchester,A_catering_engineers,"Wild Ones of Winchester WooW | Wedding & Event Catering, Paella, BBQ & more","71 Battery Hill, Winchester SO22 4DD, UK",07849 055853,https://www.wildonesofwinchester.co.uk/
Winchester,A_catering_engineers,Peter symonds catering,"Peter Symonds College, Owens Rd, Winchester SO22 6RX, UK",,
Beeston,B_equipment_repair,NOTTINGHAM CATERING EQUIPMENT LTD,"8 Valley Rd, Beeston, Nottingham NG9 4GP, UK",,
Bridgwater,A_catering_engineers,Mid Somerset Catering Hire,"Unit 8, Wireworks Estate, Bristol Rd, Bridgwater TA6 4AP, UK",01278 422666,
Bridgwater,A_catering_engineers,Premier Chef Foodservice Ltd,"3-4 Roberts Dr, Bridgwater TA6 6BH, UK",01278 433666,http://www.premierchef.co.uk/
Bridgwater,A_catering_engineers,H2 CATERING EQUIPMENT,"Colley Lane Industrial Estate, Unit 2, Cherry Orchard, Brue Ave, Bridgwater TA6 5LT, UK",,http://cheapcateringequipmentwarehouse.co.uk/
Bridgwater,B_equipment_repair,CATERING CRAFTSMAN LTD,"Unit b Crowland, Chedzoy, Bridgwater TA7 8QP, UK",,
Salisbury,A_catering_engineers,Salisburys Masters of Taste Catering Specialist,"Wessex Rd, Salisbury SP1 1LQ, UK",07979 196870,https://salisburysmatersoftaste.co.uk/?utm_campaign=gmb
Salisbury,A_catering_engineers,Andyvan Catering & Hygiene Supplies,"15 Edison Rd, Salisbury SP2 7NU, UK",01722 333383,https://www.andyvan.net/
Salisbury,A_catering_engineers,Gap Catering,"Norton Enterprise Park, Whittle Rd, Salisbury SP2 7YS, UK",01722 331263,http://www.gapcatering.net/
Salisbury,A_catering_engineers,Charter 1227 Catering,"Unit 4 Sussex House, Newton Road, Churchfields Industrial Estate, Salisbury SP2 7QA, UK",01722 333118,http://www.charter1227catering.co.uk/
Salisbury,A_catering_engineers,Salisbury Catering,"Enterprise House, 25-28 Boathouse, Meadow Business Park, Cherry Orchard Ln, Salisbury SP2 7LD, UK",07768 895100,https://www.salisbury-catering.co.uk/
Hinckley,A_catering_engineers,FFD Catering Equipment,"Unit B2, The Rise, Moat Way, Barwell, Leicester LE9 8EY, UK",01455 815215,http://www.247cateringsupplies.co.uk/
Hinckley,A_catering_engineers,FFD Refrigeration and Catering,"Unit B2, The Rise, Moat Way, Barwell, Leicester LE9 8EY, UK",01455 815200,https://www.fridgefreezerdirect.co.uk/
Hinckley,B_equipment_repair,Applebees Catering Limited,"Unit 25 Sketchley Meadows, Burbage, Hinckley LE10 3ES, UK",07973 734564,http://www.applebeescatering.co.uk/
Hinckley,B_equipment_repair,Swinfen Catering Meats,"49 Castle St, Hinckley LE10 1DA, UK",01455 282231,http://www.swinfencateringmeats.co.uk/
Middleton,A_catering_engineers,Thompsons Catering Engineers,"Hanson St, Middleton, Manchester M24 2HD, UK",07810 252231,https://www.thompsonscateringengineers.co.uk/
Ashton-under-Lyne,A_catering_engineers,Goyt Kitchen Fabrications Ltd,"93 Oxford St W, Ashton-under-Lyne OL7 0LZ, UK",0161 975 0011,http://www.gkfengineering.co.uk/
Ashton-under-Lyne,A_catering_engineers,M.K Catering Equipment,"Ashton-under-Lyne OL6 7SS, UK",,
Ashton-under-Lyne,A_catering_engineers,H.N. Nuttall Ltd Foodservice Distributor,"Newton Moor Industrial Estate, Lodge St, Hyde SK14 4LF, UK",0161 368 0331,http://www.hnnuttall.co.uk/
Chippenham,A_catering_engineers,Franco's Deli & Catering,"Unit 7, Greenways Business Park, Chippenham SN15 1BN, UK",07552 231700,https://francoscatering.co.uk/
Lytham St Annes,B_equipment_repair,Genesis Kitchens & Bedrooms Ltd,"18 The Crescent, Lytham St Annes, Lytham Saint Annes FY8 1SZ, UK",01253 712109,http://www.genesiskitchen.co.uk/
Leigh,B_equipment_repair,Lindleys Catering,"113A Bradshawgate, Leigh WN7 4ND, UK",07843 593376,http://www.lindleyscatering.co.uk/
Bexhill-on-Sea,A_catering_engineers,"Boiler Tech Commercial & domestic heating, catering gas","51 Wickham Ave, Bexhill, Bexhill-on-Sea TN39 3ES, UK",07888 891079,http://www.boilertechbexhill.co.uk/
Bexhill-on-Sea,A_catering_engineers,Burts Catering Butchers Ltd,"25 Elva Way, Bexhill, Bexhill-on-Sea TN39 5BF, UK",01424 730417,http://www.burtscateringbutchers.co.uk/
Bexhill-on-Sea,A_catering_engineers,Kitchen Supplies,"65 Devonshire Rd, Bexhill, Bexhill-on-Sea TN40 1AF, UK",01424 219824,
Altrincham,A_catering_engineers,Altrincham Catering Equipment Hire,"Kell, Green Hall Farm, Knutsford WA16 7SL, UK",0161 905 1652,http://www.altrinchamcaterhire.co.uk/
Altrincham,A_catering_engineers,Francs Event Catering,"Hilston House, Green Walk, Bowdon, Altrincham WA14 2SN, UK",07958 042133,http://www.francseventcatering.com/
Altrincham,A_catering_engineers,Brynleys Catering,"11 Woodlands Pkwy, Timperley, Altrincham WA15 7QT, UK",0161 928 2600,http://www.brynleys.co.uk/
Altrincham,B_equipment_repair,Commercial Kitchen and Bar ltd,"Charmax House, 14 Old Market Pl, Altrincham WA14 4DF, UK",0161 820 5738,http://www.commercialkitchenandbar.com/
Urmston,A_catering_engineers,Pos & Catering Solutions Ltd,"Oaklands House, 44 Washway Rd, Sale M33 7QZ, UK",0161 969 5545,
Urmston,A_catering_engineers,Key Catering Solutions Ltd,"Unit 2 St Modwen Rd, Trafford Park, Stretford, Manchester M32 0ZF, UK",0161 900 9110,http://keycateringsolutions.co.uk/
Grantham,A_catering_engineers,The Lucas Anne Catering Co,"3 Inner St, Grantham NG31 6HN, UK",07976 740862,http://www.annelucascatering.co.uk/?fbclid=IwAR37qO4p55MKsMJtTkVVwjUtcLG3ComJEnmBxojoJp_hghUodiguL9Uw0YQ
Grantham,A_catering_engineers,KCM Catering Equipment,"KCM House, Alma Park Industrial Estate, Alma Park Rd, Grantham NG31 9SE, UK",01476 593062,http://kcmltd.com/
Grantham,B_equipment_repair,GEV Catering Spares Ltd,"Premier House, Harlaxton Road, Grantham NG31 7JX, UK",01476 583922,http://www.gev-online.co.uk/
Boston,B_equipment_repair,Pilgrim Foodservice,"Marsh Ln, Boston PE21 7SJ, UK",01205 312700,https://www.pilgrimfoods.co.uk/
Newbury,A_catering_engineers,Procutler Ltd – Hospitality Supplies & Catering Equipment,"2 Old Bath Rd, Newbury RG14 1QL, UK",01635 551040,https://www.procutler.com/
Bicester,A_catering_engineers,Sarnie 67 Catering,"20 Market Square, Bicester OX26 6AD, UK",01869 245481,https://www.sarnie67.co.uk/
Bicester,A_catering_engineers,Kitchen Tailor,"Unit 1 Murdock Rd., Bicester OX26 4PP, UK",01869 240033,http://www.yourkitchentailor.co.uk/
Bicester,A_catering_engineers,Garth Park Kitchen,"Garth Park, Launton Rd, Bicester OX26 6PS, UK",01869 246947,http://garthparkkitchen.com/
Bicester,B_equipment_repair,Emily Evan Kitchens & Interiors,"Benson Cl, Bicester OX26 4FQ, UK",01869 360043,http://www.precisionkc.co.uk/
Sittingbourne,A_catering_engineers,Q Catering,"11 Styles Cl, Sittingbourne ME10 3BF, UK",01795 425050,http://www.qcatering.co.uk/
Sittingbourne,A_catering_engineers,The Barn Events Catering Company,"6 Amethyst Dr, Sittingbourne ME10 5JR, UK",07718 143801,
Sittingbourne,B_equipment_repair,1st Class Catering Equipment Hire,"14 Millfield Rd, West Kingsdown, Sevenoaks TN15 6BS, UK",07960 979135,
Sittingbourne,B_equipment_repair,Kent Kitchen Services,"88 Park Dr, Sittingbourne ME10 1RD, UK",07904 100864,http://www.kentkitchenservices.co.uk/
Sittingbourne,B_equipment_repair,The COOK Classics Kitchen,"Eurolink V, Sittingbourne ME10 3FY, UK",01732 759000,http://www.cookfood.net/
Sittingbourne,B_equipment_repair,Sittingbourne Kitchen Fitters,"18 Periwinkle Cl, Sittingbourne ME10 2JT, UK",07508 245191,
Sittingbourne,B_equipment_repair,La Belle Cuisine Kitchens,"Unit 3A, Brickmakers Ind Est, Castle Rd, Sittingbourne ME10 3RL, UK",01795 428710,
Sittingbourne,B_equipment_repair,Independent Catering Management Limited,"125A St Johns Hill, Sevenoaks TN13 3PE, UK",01732 746123,http://www.independentcatering.co.uk/
Hatfield,A_catering_engineers,cmhcateringltd,"21 Holme Rd, Hatfield AL10 9LH, UK",07807 135685,http://www.cmhcatering.co.uk/
Bishop's Stortford,A_catering_engineers,MTPS Catering & Bar Supplies,"38 Raynham Rd, Bishop's Stortford CM23 5PE, UK",01279 466411,http://www.mtpscatering.co.uk/
Bishop's Stortford,A_catering_engineers,Host Outside Catering,"3 Market Square, Bishop's Stortford CM23 3UU, UK",07737 889951,http://www.hostcatering.co.uk/
Wokingham,A_catering_engineers,Food For Thought Catering,"2 Arnett Ave, Finchampstead, Wokingham RG40 4EG, UK",0118 973 7678,http://www.foodforthoughtcaterers.co.uk/
Wokingham,A_catering_engineers,MYSK Catering,"101 Barkham Ride, Finchampstead, Wokingham RG40 4EP, UK",07721 081100,
Feltham,A_catering_engineers,Charlie's Catering Hire,"10 Shield Rd, Feltham, Ashford TW15 1AU, UK",01784 423020,http://www.charliescateringhire.co.uk/
Feltham,A_catering_engineers,Oasis Catering Supplies,"Unit 7, Trade City, Brooklands Cl, Sunbury-on-Thames TW16 7FD, UK",020 8751 6006,
Feltham,A_catering_engineers,Do & Co International Catering Ltd,"Unit 2 Girling Way, Feltham TW14 0PH, UK",020 8587 0000,https://www.doco.com/
Farnham,A_catering_engineers,Go For Green - Catering Equipment & Eco Friendly Products,"5, Farnham Business Centre, Dogflud Way, Farnham GU9 7UP, UK",01252 938802,https://www.goforgreenuk.com/
Fareham,A_catering_engineers,Redstar Foodservice Ltd,"26 Brunel Wy, Fareham PO15 5SD, UK",023 8022 0866,http://www.redstarfoodservice.co.uk/
Fareham,A_catering_engineers,Vertex Catering Equipment Ltd,"3 Nightingale Cres, Shirrell Heath, Southampton SO32 2JJ, UK",,
Chorley,A_catering_engineers,Marcus Moore Catering Ltd,"Unit 23, Strawberry Meadows Business Park, Berry Wy, Euxton, Chorley PR7 6FL, UK",01257 401000,http://qualitycuisine.co.uk/?utm_source=google&utm_medium=wix_google_business_profile&utm_campaign=3896151339453670459
Chorley,A_catering_engineers,Integral Catering Engineers Ltd,"Euxton, Chorley PR7 6NS, UK",,
Ilkeston,A_catering_engineers,Catering24 Ltd,"Etiquette Pk, Manners Ave, Ilkeston DE7 8FU, UK",0115 944 4434,https://www.catering24.co.uk/
Ilkeston,A_catering_engineers,YNG Catering Services,"Mason Rd, Ilkeston DE7 9LP, UK",0115 998 8138,https://instagram.com/yngcateringservices
Cramlington,A_catering_engineers,Luxe Bites Catering,"10 Clifton Rd, Cramlington NE23 6TG, UK",07494 478344,
Cramlington,B_equipment_repair,The Kitchen & Bedroom Co,"22a Moorland Way, Cramlington NE23 1WE, UK",01670 714555,https://thekitchenandbedroomcompany.co.uk/
Herne Bay,A_catering_engineers,Canterbury Catering Hire,"21 Rockingham Pl, Herne Bay CT6 7UH, UK",01227 369534,http://www.canterburycateringhire.co.uk/
Leyland,A_catering_engineers,Tak Fat Catering Supplies Ltd,"114 - 115 Clydesdale Pl, Preston, Leyland PR26 7QS, UK",01772 623198,
Skelmersdale,B_equipment_repair,Hannah Food Service,"Raymond House, 4 Garnett Pl, Skelmersdale WN8 9UB, UK",01695 51400,https://www.hannahfoods.co.uk/
Skelmersdale,B_equipment_repair,Mellors Catering Services,"White Moss Business Park, Moss Ln View, Skelmersdale WN8 9TN, UK",01695 737280,http://www.mellorscatering.co.uk/
Long Eaton,A_catering_engineers,H&M Catering Services Ltd ( Contract Caterers ),"H&M Corporate Caterers, Lacemaker Court, 34 Tamworth Rd, Long Eaton, Nottingham NG10 1BU, UK",07305 879616,http://hmcateringservices.co.uk/
Denton,A_catering_engineers,pavillion vending & catering supplies Ltd,"Newton St, Hyde SK14 4RY, UK",07958 143037,
Denton,A_catering_engineers,Pavillion Vending & Catering Supplies Ltd,"730 Windmill Ln, Greater, Denton, Manchester M34 2FS, UK",,
Denton,B_equipment_repair,TNM CATERING SUPPLIES WHOLESALE CASH AND CARRY,"Unit 10/11, south industrial park, King St, Denton, Manchester M34 6PF, UK",0161 335 0905,http://tnmcs.co.uk/
Denton,B_equipment_repair,Harrison McCarthy Kitchens & Bathrooms,"3 Albert St, Denton, Manchester M34 6LB, UK",0161 336 6587,https://harrisonmccarthys.com/kitchens-denton/
Accrington,A_catering_engineers,Experienced catering,"Unit 2 Wellington St, Clayton-le-Moors, Accrington BB5 5HU, UK",01254 233077,
Accrington,A_catering_engineers,Hurns Catering,"83 Nuttall St, Accrington BB5 2HL, UK",01254 395240,
Accrington,B_equipment_repair,Bridge Catering Fabrications,"Bridge House, Vale St, Haslingden, Rossendale BB4 5JB, UK",01706 219777,http://www.bridgecateringequipment.co.uk/
Accrington,B_equipment_repair,Commercial Kitchen Assistance Ltd,"Unit 2, Radiant Works, Burnley Rd, Rossendale BB4 8EW, UK",01706 260378,http://www.ck-assistance.co.uk/
Accrington,B_equipment_repair,IDcatering Supplies,"Business Park, Unit 10 Hud Hey Rd, Rossendale BB4 5JH, UK",01706 458667,
Exmouth,A_catering_engineers,Aby's Catering,"Esplanade, Exmouth EX8 2AZ, UK",01395 227676,https://www.abys-catering.co.uk/
Redcar,A_catering_engineers,The Bespoke Catering Company,"The Bespoke Catering Company, Redcar TS10 2AN, UK",,https://thebespokecateringcompany.com/
Whitley Bay,A_catering_engineers,Merry Events Catering,"8, High Point View, Promenade, Whitley Bay, Newcastle NE26 2BF, UK",07593 136408,
Whitley Bay,B_equipment_repair,ECatering,"Unit 7, Jade Business Park, Spring Road, Murton, Seaham SR7 9DR, UK",0333 358 3678,https://www.ecatering.co.uk/
Whitley Bay,B_equipment_repair,I & M Catering Equipment Supplies,"Ferryhill DL17 8JY, UK",,
Amesbury,A_catering_engineers,Sims Catering Hire,"83 Bulford Rd, Durrington, Salisbury SP4 8EX, UK",01980 655404,https://www.simscatering.co.uk/
Warwick,A_catering_engineers,Flying Pig Catering,"Flying Pig Catering, 3 Scar Bank, Millers Rd, Warwick CV34 5DB, UK",07990 553648,http://www.flyingpigcatering.com/
Warwick,A_catering_engineers,Guy's Cliffe Catering & Events,"Guy's Cliffe Centre, Coventry Rd, Warwick CV34 5YD, UK",07881 422955,http://www.guyscliffecatering.co.uk/
Warwick,B_equipment_repair,A B M Catering Ltd,"Eagle Court, 63-67 Saltisford, Warwick CV34 4AF, UK",01926 498448,https://www.abmcatering.co.uk/
Billericay,A_catering_engineers,Excell Refrigeration and Catering ltd,"10 Sheraday mews, Billericay CM12 9FP, UK",07575 552525,
Coalville,A_catering_engineers,Reduced Catering,"Unit 7, Apollo court, Vulcan Way, Coalville LE67 3FD, UK",0330 133 9237,https://www.reducedcatering.com/
Coalville,A_catering_engineers,JAE Catering,"Mantle Ln, Coalville LE67 3DW, UK",07919 371033,https://www.jaecatering.com/
Coalville,A_catering_engineers,MP Catering Ltd,"14 Phoenix Park, Telford Way, Coalville LE67 3HB, UK",07976 034040,http://www.mpcatering.co.uk/
Coalville,A_catering_engineers,J M Catering,"26 Whitehill Rd, Ellistown, Coalville LE67 1EL, UK",01530 452044,
Coalville,B_equipment_repair,Kitchen Appliance Services,"3 Marlborough Square, Coalville LE67 3WD, UK",01530 839229,
Coalville,B_equipment_repair,Charnwood Catering Equipment Ltd,"11, 1489 Melton Rd, Queniborough, Leicester LE7 3FP, UK",01509 272853,http://www.charnwoodcateringequipment.co.uk/
Coalville,B_equipment_repair,Splashout Fitted Bathrooms & Kitchens Ltd,"22 Belvoir Rd, Coalville LE67 3PN, UK",01530 811593,http://www.splashout.co.uk/
Hitchin,A_catering_engineers,appetite catering ltd,"34 Whitehill Rd, Hitchin SG4 9HW, UK",07813 543302,http://appetite-catering.co.uk/
Dunstable,A_catering_engineers,Agl Catering Services Ltd,"18 Winfield St, Dunstable LU6 1LS, UK",,https://aglcateringservices.co.uk/
Dunstable,A_catering_engineers,MBA Catering,"The Anchorage, 160 High St S, Dunstable LU6 3HS, UK",07970 327653,https://mbacatering.com/contact/
Dunstable,B_equipment_repair,Lisa Roberts Catering,"Lisa Roberts Catering, 13 Ashton Square, Dunstable LU6 3SN, UK",01582 476697,https://lisarobertscatering.co.uk/
Wickford,A_catering_engineers,Matrix Catering Systems Ltd,"Victoria Court, Hurricane Way, Wickford SS11 8YY, UK",01268 574002,http://www.matrixcatering.co.uk/
Wickford,A_catering_engineers,S&B Event Catering,"10 Lower Park Rd, Wickford SS12 9EJ, UK",01268 386840,
Wickford,A_catering_engineers,Grey Simmonds Foodservice Equipment Ltd,"Suite 1, Phoenix House, Christopher Martin Rd, Basildon SS14 3EZ, UK",0845 330 1693,https://www.gsfoodservice.co.uk/
Wickford,A_catering_engineers,"Mobile Event Catering - The Uk’s Leading Event Caterer, Call Today","Mobile Event Catering, Lower Park Rd, Wickford SS12 9EJ, UK",07973 549634,http://www.mecatering.co.uk/
Wickford,A_catering_engineers,Abi's Catering Supplies Ltd,"Adams Business Centre, Unit 15 Cranes Farm Rd, Basildon SS14 3JF, UK",01268 521111,http://www.abiscatering.co.uk/
Wickford,A_catering_engineers,BASILDON CATERING EQUIPMENT LIMITED,"12, Station Approach, Wickford SS11 7AT, UK",01268 533362,http://basildonmicrowave.co.uk/
Wickford,A_catering_engineers,Manhattan Grill Catering,"Four Acres Farm, Lower Park Rd, Wickford SS12 9EJ, UK",07583 710853,
Bridlington,A_catering_engineers,Isha's kitchen,"111, Bridlington YO15 3NJ, UK",,
Dover,A_catering_engineers,Riverside Catering Services,"Unit 3 hollwood road, Dover CT16 1FA, UK",01304 216179,
Trowbridge,A_catering_engineers,Roadhog Catering Co,"26 Avenue Rd, Trowbridge BA14 0AQ, UK",07967 243687,https://www.roadhogcaterers.co.uk/
Trowbridge,A_catering_engineers,Nibbled Catering & Events,"Drynham Rd, Trowbridge BA14 0PE, UK",07803 616063,http://www.nibbledcatering.co.uk/
Trowbridge,A_catering_engineers,Victoria Moore Catering,"250 Hill St, Hilperton, Trowbridge BA14 7RS, UK",01225 760568,https://victoriamoorecatering.co.uk/
Barnstaple,A_catering_engineers,ROYALE CLASS CATERING LTD,"64 Torridge Rd, Chivenor, Braunton, Barnstaple EX31 4BG, UK",07889 312062,https://royaleclasscatering.co.uk/
Barnstaple,A_catering_engineers,Devon Catering - Wedding Caterer,"The Barn, Harracott, Barnstaple EX31 3JR, UK",01271 858505,http://www.devoncatering.com/
Barnstaple,A_catering_engineers,Top Notch Event Catering,"Taw Buildings, New Rd, Barnstaple EX32 9AE, UK",01271 344496,
Barnstaple,B_equipment_repair,Bartorelli Refrigeration Catering & Air Conditioning,"Unit 7, Millwood Business Park, Collett Way, Newton Abbot TQ12 4PH, UK",01803 524802,https://bartorelli.co.uk/
Hyde,B_equipment_repair,Arian Catering Suppliers Ltd,"Newton Business Park, Hyde SK14 4UQ, UK",07403 394444,
Uxbridge,A_catering_engineers,Paradise Catering Services Ltd,"119 Sutton Ct Rd, Uxbridge UB10 9HT, UK",07900 510061,
Glossop,A_catering_engineers,Iconic Ways Ltd T/A Iconic Catering,"8 Valley Rd, Glossop SK13 6YN, UK",0800 999 4911,https://www.iconiccatering.co.uk/
Stretford,A_catering_engineers,Fallowfield Catering & Domestic Equipment,"155 Lloyd St S, Fallowfield, Manchester M14 7LA, UK",,
Stretford,A_catering_engineers,MCR Catering Supplies,"14 Lockett St, Cheetham Hill, Manchester M8 8EE, UK",07957 647003,
Stretford,B_equipment_repair,Kitchen by Choice,"98 Flixton Rd, Urmston, Manchester M41 5AL, UK",0161 747 7267,http://bathroomandkitchensbychoice.co.uk/
Borehamwood,A_catering_engineers,"Bhageecha Catering | Private Caterers | Elstree, Borehamwood | Wedding & Event Catering Services in London","Watford Rd, Elstree, Borehamwood WD6 3BE, UK",07488 894555,https://bhageecha.com/?utm_source=Organic&utm_medium=GMB_Listing_Elstree&utm_id=Google
Burgess Hill,A_catering_engineers,Sussex Trade Kitchens,"Unit 15, Sheddingdean Business Centre, Marchants Way, Burgess Hill RH15 8QY, UK",01444 715069,http://sussextradekitchens.co.uk/
Hucknall,A_catering_engineers,Blue Crest Catering Hire Ltd,"1 Hazelford Way, Newstead Village, Nottingham NG15 0DQ, UK",01623 750705,http://www.bluecresthire.co.uk/
Epsom,B_equipment_repair,Kitchen Comfort Services,"Flat 9 Beaumont Ct, Epsom KT17 1JH, UK",07478 945787,http://kitchencomfortservices.co.uk/
Staines,B_equipment_repair,Kitchen Makeovers (Staines),"Gloucester Cres, Staines-upon-Thames, Staines TW18 1PP, UK",01784 790040,https://kitchenmakeovers.co.uk/locations/staines-upon-thames/
Chichester,A_catering_engineers,Event Catering | A Matter of Taste,"7 S Pallant, Chichester PO19 1SY, UK",07871 941832,http://www.amatteroftastecatering.co.uk/
Chichester,B_equipment_repair,Earth Catering,"Little Barn, Runcton, Chichester PO20 1PU, UK",0330 113 9111,https://www.earthcatering.co.uk/
Chichester,B_equipment_repair,Kelmsley Wedding Catering,"The Basepoint, Enterprise Centre, Chichester PO19 8FY, UK",01243 265000,http://www.kelmsley.co.uk/
Sevenoaks,A_catering_engineers,7Oaks Catering Engineers,"Linn Hey, Dunton Green, Sevenoaks TN13 2TJ, UK",07756 631839,http://www.7oaks-catering-engineers.co.uk/
Sevenoaks,A_catering_engineers,Tandem Catering Sevenoaks,"Unit 15, Wealden Place, Bradbourne Vale Rd, Sevenoaks TN13 3QQ, UK",01732 460350,http://www.tandemcateringsevenoaks.co.uk/
Tonbridge,B_equipment_repair,Jestic Foodservice Solutions,"Dana Estate, Transfesa Rd, Paddock Wood, Tonbridge TN12 6UU, UK",01892 831960,http://www.jestic.co.uk/
Tonbridge,B_equipment_repair,Burnhill Kitchens LTD,"Woodgate Business Park, 13 Vale Rise, Tonbridge TN9 1TB, UK",01732 373515,https://www.burnhillkitchens.co.uk/
Rushden,A_catering_engineers,MHL Catering,"John Clark Way, Rushden NN10 0FW, UK",07821 383790,
Camberley,A_catering_engineers,Allround Catering,"Kendall Count, 4, Unit C, Doman Rd, Camberley GU15 3DF, UK",01276 408874,http://www.allroundcatering.co.uk/
Camberley,A_catering_engineers,Aria Catering,"Unit 1, Centre, Watchmoor Trade Centre, Watchmoor Rd, Camberley GU15 3AJ, UK",01276 932469,https://ariacatering.co.uk/
Kendal,A_catering_engineers,C P Catering Equipment Ltd,"6-10 Wildman St, Kendal LA9 6EN, UK",01539 733366,http://cpcatering.co.uk/
Ruislip,B_equipment_repair,London Kitchen Consultants,"112-116 Pembroke Rd, Ruislip HA4 8NW, UK",0800 044 8439,http://www.londonkitchenconsultants.co.uk/
Malvern,A_catering_engineers,The Cold Chef Catering Company,"1A Court Rd, Barnard's Green, Malvern WR14 3BS, UK",01684 576184,http://www.coldchef.co.uk/
Malvern,B_equipment_repair,Country Kitchenware Supplies,"Malvern View, Willow End Park, Blackmore Park Rd, Welland, Malvern WR13 6NN, UK",01684 311300,https://cksbrands.com/
Malvern,B_equipment_repair,CE Online - Catering Equipment Online Ltd,"1a Porthouse Rise, Tenbury Rd, Bromyard HR7 4NS, UK",01885 498350,http://www.ceonline.co.uk/
Malvern,B_equipment_repair,King Edward Catering Equipment,"Porthouse Industrial Estate, Bromyard HR7 4NS, UK",01885 489200,http://www.kingedward.co.uk/
Stratford-upon-Avon,A_catering_engineers,Shakespeare Kitchen Catering and Events,"Arden Lakes, Stratford-upon-Avon CV37 0QF, UK",01789 453965,http://www.shakespearekitchen.co.uk/
Stratford-upon-Avon,A_catering_engineers,Food Champs Wedding and Event Catering,"The Ridgeway, Bishopton Food, Champs Wedding and Event Catering, Stratford-upon-Avon CV37 9RE, UK",07568 172113,https://foodchamps2020.co.uk/
Stratford-upon-Avon,A_catering_engineers,Salute Private Catering,"18 Hathaway Green Ln, Stratford-upon-Avon CV37 9HX, UK",07949 268556,https://www.saluteprivatecatering.com/
Stratford-upon-Avon,B_equipment_repair,Executive Catering Solutions Ltd,"13 John St, Stratford-upon-Avon CV37 6UB, UK",01789 508996,
Spalding,A_catering_engineers,A Country Kitchen Cafe & Takeaway,"Unit 3, Maydon House, Wardentree Ln, Pinchbeck, Spalding PE11 3UG, UK",01406 425242,https://m.facebook.com/countrykitchenmealsonwheels/?hc_location=ufi
Spalding,A_catering_engineers,George Kitchen Plumbing & Heating,"Enderby Barn Leaveslake, S Drove, West Pinchbeck, Spalding PE11 3QJ, UK",07496 901102,https://www.georgekitchen.co.uk/
Newark,A_catering_engineers,Catering Equipment Maintenance,"56 Hawton Rd, Newark-on-Trent, Newark NG24 4QB, UK",01636 671754,
Brentwood,A_catering_engineers,ATM CATERING,"Hubert Rd, Brentwood CM14 4JE, UK",07960 929664,
Brentwood,A_catering_engineers,Abfab Catering,"merrymeade house, Merrymeade Chase, Brentwood, Cm159fe CM15 9FE, UK",07877 034916,https://www.abfabcatering.co.uk/
Brentwood,A_catering_engineers,Emerson Catering,"1B Rayburn Rd, Hornchurch RM11 3AP, UK",01708 459898,
Brentwood,B_equipment_repair,Universal Catering Equipment,"Unit 1 Prettigate Farm, Little Warley Hall Lane, Little Warley, Essex, West Horndon, Brentwood CM13 3EN, UK",07979 205134,
Redhill,A_catering_engineers,Eileen Say Catering Equipment Ltd,"Fairlawn Enterprise Park, Bonehurst Rd, Salfords, Redhill RH1 5GH, UK",01737 642100,http://www.escateringequip.co.uk/
Redhill,A_catering_engineers,Kitchen Dunya (Kitchen Equipment and Design Services),"12 Sherwood Cres, Reigate RH2 7QL, UK",07405 973543,
Redhill,A_catering_engineers,Avocado catering services,"8 Arden Cl, Reigate RH2 7QN, UK",01737 270677,https://www.avocadoaudiovisual.co.uk/
Heywood,B_equipment_repair,Initial Kitchens - Kitchens Heywood,"118-120 Bridge St, Heywood OL10 4QA, UK",01706 366399,https://www.initialkitchens.co.uk/
Harpenden,A_catering_engineers,Utopia Catering Equipment Hire,"Cumberland House, The Common, Redbourn, St Albans AL3 7QP, UK",01582 793336,
Harpenden,A_catering_engineers,AROMA CATERING,"135 Southdown Rd, Harpenden AL5 1PU, UK",,http://aromacatering.co.uk/
Nelson,B_equipment_repair,Commercial Refrigeration Services Nelson - Climate Control Support,"Unit 20, Lomeshaye Business Village, Turner Rd, Colne, Nelson BB8 9QP, UK",01282 690084,https://www.climatecontrolsupport.co.uk/#utm_source=GMB
Nelson,B_equipment_repair,Nelson Commercial Kitchens,"Unit 1-3, Rowley Industrial Park, Roslin Rd, London W3 8BH, UK",0800 731 3045,http://www.commercialkitchens.co.uk/
Radcliffe,A_catering_engineers,Manchester Catering Company,"52B, Waterside House, Water St, Radcliffe, Manchester M26 4DF, UK",0161 723 1990,https://manchestercateringcompany.com/
Shipley,A_catering_engineers,Ebor Catering Systems Ltd,"Browgate, 5, 7 The Staithes, Baildon, Shipley BD17 6DB, UK",01274 037121,https://eborcateringsystems.co.uk/contact/
Shipley,A_catering_engineers,"Kashmir Catering - Bradford, West Yorkshire","1 Browning St, Bradford BD3 9AB, UK",01274 396048,http://www.kashmircatering.uk.com/
Shipley,B_equipment_repair,Aziz catering bradford,"1 Whitefield Pl, Girlington, Bradford BD8 9JB, UK",01274 488874,https://azizcatering.co.uk/
Shipley,B_equipment_repair,Sami Catering,"Unit 1, Whitehead Mills, Young St, Bradford BD8 9RE, UK",01274 010825,http://www.samicatering.co.uk/
Frome,A_catering_engineers,Mrs B's Catering,"Southgate, Frome BA11 2RY, UK",01373 452593,http://www.mrsbscatering.co.uk/
Frome,A_catering_engineers,Peppers Catering,"Unit 2, Mendip Business Park, Old Wells Rd, Chantry, Frome BA11 3LR, UK",01749 346640,https://pepperscateringofshepton.co.uk/
Bilston,A_catering_engineers,Kitchen Care,"Unit 6F1 Stag Industrial Estate, Oxford Street, Bilston WV14 7HZ, UK",01902 491355,
Bilston,B_equipment_repair,Skyline Catering,"Highfields Rd, Bradley, Bilston WV14 0LH, UK",01902 402940,https://www.skyline-catering.co.uk/
Tipton,B_equipment_repair,Dudley Kitchen Fitters,"Burnt Tree, Dudley, Tipton DY4 7UF, UK",01384 944029,
Hertford,B_equipment_repair,Cool Cooks Catering Company Ltd,"Hertford Rugby Club, Highfields, 62 Hoe Ln, Ware SG12 9NZ, UK",07765 413845,http://www.coolcooks.com/
Totton,A_catering_engineers,Court House Catering Ltd,"New Forest Enterprise Centre, Chapel Ln, Totton, Southampton SO40 9LA, UK",023 8066 6608,https://courthousecatering.com/
Burntwood,A_catering_engineers,Jaid Catering and Events,"Bridge Cross Rd, Burntwood WS7 2BU, UK",07423 029247,https://jaidcatering.co.uk/
Burntwood,A_catering_engineers,Francis Commercial Kitchen Services Ltd,"Unitech House, Prospect Rd, Burntwood WS7 0AL, UK",01384 271166,http://www.franciscatering.com/
Burntwood,A_catering_engineers,D & P Rogers Catering,"Rear of, 50 High St, Chasetown, Burntwood WS7 3XF, UK",01543 670727,http://www.dprogerscatering.co.uk/
Jarrow,B_equipment_repair,North East Kitchen and Bathroom Supplies,"196 Stanhope Rd, South Shields NE33 4ST, UK",07821 646189,https://nebathroomsupplies.co.uk/
Jarrow,B_equipment_repair,N B Kitchen & Bedrooms,"Jarrow, South Shields NE32 3UP, UK",0191 455 6004,https://www.nbikitchens.co.uk/
Penarth,A_catering_engineers,Top Table Catering Hire Limited,"Unit 1, Llandough Trading Estate, Penarth Rd, Llandough, Cardiff CF11 8RR, UK",029 2023 2408,https://toptablecateringhire.com/
Penarth,A_catering_engineers,ABM Catering for Leisure Ltd,"Allgate House, Clydesmuir Industrial Estate, Clydesmuir Rd, Cardiff CF24 2QS, UK",029 2049 7755,https://abmgroup.co.uk/
Penarth,A_catering_engineers,Smart Catering Repairs Cardiff And Refrigeration,"34 Muirton Rd, Tremorfa, Cardiff CF24 2SL, UK",07748 745008,
Penarth,A_catering_engineers,The Big and Fresh Catering Company,"Penarth Pier, Penarth CF64 3AT, UK",,https://www.bigfreshcatering.co.uk/
Penarth,A_catering_engineers,Inferno Catering Wales Ltd,"27 Donald St, Cardiff CF24 4TJ, UK",07852 365857,https://www.infernocatering.co.uk/
Penarth,A_catering_engineers,McLavin Catering Equipment,"13 Granville Ln, Newport NP20 2AL, UK",01633 961603,http://www.mclavin.co.uk/
Penarth,A_catering_engineers,CT Heaven Catering,"3 Trem Y Bae, Cardiff, Penarth CF64 1TG, UK",07498 088368,http://heavencatering.co.uk/contact
Penarth,A_catering_engineers,Elya Catering Equipment,"175 Corporation Rd, Newport NP19 0BJ, UK",01633 246868,http://www.facebook.com/marketplace/profile/100045981622633/
Penarth,B_equipment_repair,BVL Catering Repairs Limited,"5 Cyril Evans Way, Cwmrhydyceirw, Swansea SA6 6PU, UK",01792 941959,https://www.bvlcateringrepairs.co.uk/
Penarth,B_equipment_repair,Catering & Bar Installations Ltd,"Unit 9, Small Business Centre, Pontllanfraith, Blackwood NP12 2DZ, UK",01495 223211,http://www.cbionline.co.uk/
East Grinstead,A_catering_engineers,Villa Kitchen of East Grinstead,"8 Maypole Rd, East Grinstead RH19 1GZ, UK",07746 956814,
East Grinstead,A_catering_engineers,Backstage Catering,"104 Queen's Rd, East Grinstead RH19 1BD, UK",07415 952820,http://backstage-catering.co.uk/
East Grinstead,A_catering_engineers,All Seasons Catering,"11 Woodlands Cl, Crawley Down, Crawley RH10 4JZ, UK",07738 587766,http://www.allseasons-catering.co.uk/
East Grinstead,B_equipment_repair,Kitchens Bespoke,"50 London Rd, East Grinstead RH19 1AB, UK",01342 313133,http://www.kitchensbespoke.co.uk/
Didcot,A_catering_engineers,Didcot Linen and Catering Equipment Hire,"3 Hardings Strings, Didcot OX11 8SR, UK",07970 046451,
Didcot,B_equipment_repair,Jumbo's Catering,"Didcot OX11 7HL, UK",,
Melton Mowbray,B_equipment_repair,All Purpose Cleaning & Catering Supplies Ltd,"Friars Well Business Estate Redlands House North Drive, Wartnaby, Melton Mowbray LE14 3HQ, UK",01664 566599,https://allpurposeltd.co.uk/
Daventry,A_catering_engineers,Euro Catering Equipment Ltd,"4 Egerton Cl, Daventry NN11 8PE, UK",01455 559969,http://www.euro-catering.co.uk/
Daventry,A_catering_engineers,Catering Design Group,"6 Cottesbrooke Park, Daventry NN11 8YL, UK",0113 833 1234,http://www.cateringdesign.co.uk/
Fleetwood,A_catering_engineers,Port Catering Equipment Services,"36 Ullswater Ave, Fleetwood FY7 8PX, UK",01253 776173,https://portcatering.co.uk/
Bushey,B_equipment_repair,Mum’s Kitchen,"36 Brookshill Ave, Harrow HA3 6RZ, UK",07730 519525,http://www.mumskitchenlondon.co.uk/
Newton Abbot,A_catering_engineers,Q T O S Catering Equipment,"Unit 6-7, Ipplepen Business Park, Edgelands Ln, Ipplepen, Newton Abbot TQ12 5UG, UK",01803 814154,http://www.qtoscatering.co.uk/
Newton Abbot,A_catering_engineers,The Seasoned Kitchen,"19 Courtenay Park, Newton Abbot TQ12 2HB, UK",07470 210074,
Newton Abbot,B_equipment_repair,The Catering Store,"12, Heathfield Business Park, Battle Rd, Newton Abbot TQ12 6GJ, UK",01626 830653,
Newton Abbot,B_equipment_repair,R. D. Johns Foodservice,"Milber Industrial Estate, Newton Abbot TQ12 4SG, UK",01626 368800,https://www.rdjohns.co.uk/
Newton Abbot,B_equipment_repair,Westcountry Foodservice,"Unit 1-3, Ugbrooke Business, Park, Kingsteignton, Newton Abbot TQ12 3RX, UK",01626 833366,https://mjbakerfoodservice.co.uk/
Newton Abbot,B_equipment_repair,Catering Components Ltd,"Perranporth, Truro TR6 0AY, UK",07980 858123,https://www.cateringcomponents.com/
Newton Abbot,B_equipment_repair,Kelly's Outside Catering,"10 Longford Ln, Kingsteignton, Newton Abbot TQ12 3LH, UK",07590 268489,http://kellysoutsidecatering.co.uk/
Thornton Cleveleys,B_equipment_repair,On-Site Kitchen Rentals Ltd,"Hillhouse International Business Park, North Drive, Thornton-Cleveleys FY5 4QA, UK",01253 863305,https://www.onsitekitchens.co.uk/
Bognor Regis,A_catering_engineers,Parkers Foodservice,"Unit X, Rudford Industrial Estate, Ford, Arundel BN18 0BF, UK",01243 542195,https://www.parkersfoodservice.com/
Seaford,A_catering_engineers,Tower Catering Equipment,"14 South Way, Newhaven BN9 9LL, UK",01273 582419,
Seaford,B_equipment_repair,Catering Equipment Solutions,"Llwyn Rd, Ceibren, Tycroes, Ammanford SA18 3RH, UK",01269 596555,https://caffeluzzi.co.uk/
Droitwich,A_catering_engineers,Daisy & Co Catering Company,"39 Elgar Cres, Droitwich Spa, Droitwich WR9 7SP, UK",07566 788983,http://www.daisyco-catering.co.uk/
Droitwich,A_catering_engineers,FYO Catering,"Holt Fleet Rd, Droitwich WR9 0HG, UK",01905 620596,https://fyocatering.com/
Evesham,A_catering_engineers,Clean Plate Catering,"Lime St, Evesham WR11 3AH, UK",01386 718067,https://www.limestreetkitchen.co.uk/
Ormskirk,A_catering_engineers,Square Leg Catering,"cricket club, Altys Ln, Ormskirk L39 4RG, UK",07525 399745,http://www.squarelegcatering.co.uk/
Ormskirk,A_catering_engineers,Catering Services & Installations Ltd,"Lancashire, Unit 90-92 New Ct Way, Ormskirk L39 2YT, UK",01704 500111,http://cateringservicesandinstallations.co.uk/
Fulwood,A_catering_engineers,NOWAH Catering Equipment Ltd,"Unit 16, Eastway Business Village, Oliver's Pl, Fulwood, Preston PR2 9WT, UK",01772 305161,http://nowah.co.uk/
Fulwood,B_equipment_repair,Magnet Kitchens,"Watery Ln., Ashton-on-Ribble, Preston PR2 1AU, UK",01772 727676,https://www.magnet.co.uk/kitchen-showrooms-preston/?utm_source=ExtNetwork&utm_medium=local
St Austell,A_catering_engineers,Cornwall Catering Equipment Ltd,"Unit 11 Moorland Road Industrial Park, Moorland Road, Indian Queens, Saint Columb TR9 6FB, UK",01726 862666,https://dotukmap.org/details/cornwall-catering-equipment-ltd-ChIJ_dl
Newton Aycliffe,A_catering_engineers,Northern Catering Engineers,"aycliffe business park, Newton Aycliffe DL5 6DX, UK",07446 526320,https://www.facebook.com/profile.php?id=61573764654444
Portishead,B_equipment_repair,The Big Kitchen,"100 High St, Portishead, Bristol BS20 6AJ, UK",01275 817453,https://www.thebigkitchen.co.uk/
Ferndown,A_catering_engineers,Sweet As A Nut Catering,"12 Telford Rd, Ferndown BH21 7QY, UK",07872 448367,http://www.sweetasanutcatering.com/
Wilmslow,B_equipment_repair,Harvey Jones Kitchens Wilmslow,"2 Church St, Wilmslow SK9 1AU, UK",01625 529982,https://www.harveyjones.com/showrooms/wilmslow?utm_source=google&utm_medium=local&utm_campaign=wilmslow-gmb
Wilmslow,B_equipment_repair,Alderley Edge Kitchens & Bathrooms,"116 Brook Ln, Alderley Edge SK9 7RU, UK",01625 584305,https://www.aekb.co.uk/
Arbroath,A_catering_engineers,Catering & Laundry Engineers,"3 James Chalmers Rd, Kirkton Industrial Estate, Arbroath DD11 3LR, UK",01241 873303,
Arbroath,B_equipment_repair,Pulse Catering Equipment,"Smellies Ln, Dundee DD1 4RJ, UK",01382 660022,https://pulsecateringequipment.co.uk/
Arbroath,B_equipment_repair,MCK Catering Equipment & Fabrication,"14 Midfield Dr, Kirkcaldy KY1 3LW, UK",01592 650448,https://www.mckcatering.co.uk/
Arbroath,B_equipment_repair,Catering Equipment Repairs & Maintenance,"3, Gyleview House, Redheughs Rigg, Edinburgh EH12 9DQ, UK",07837 488640,http://catering-repairs.com/
Arbroath,B_equipment_repair,Grampian Catering Equipment Ltd,"Unit 5b, Balmacassie Brae, Balmacassie Commercial Park, Ellon AB41 8BY, UK",01358 729500,https://scotlandcateringequipment.co.uk/
Arbroath,B_equipment_repair,Catering Supplies & Repair Co Ltd,"122 Muirhall Rd, Larbert FK5 4AP, UK",01324 552601,http://csr-ltd.co.uk/
Elgin,A_catering_engineers,MCEdge Catering Engineers,"1 Chanonry Rd S, Elgin IV30 6NG, UK",01463 630635,https://mcedge.co.uk/
Elgin,A_catering_engineers,Moray Catering Equipment Ltd,"1 Chanonry Rd S, Elgin IV30 6NG, UK",01343 548517,https://newmapiuk.top/details/moray-catering-equipment-ltd-ChIJU7Y
Rugeley,B_equipment_repair,Elmore Kitchens & Interior Designs Rugeley,"3 Sheep Fair, Rugeley WS15 2AT, UK",01889 575425,https://www.elmorekitchensrugeley.com/
Rugeley,B_equipment_repair,Five Oak Kitchens,"16 Upper Brook St, Rugeley WS15 2DN, UK",01889 570700,http://en-gb.facebook.com/fiveoakkitchens/
Bishop Auckland,A_catering_engineers,High Rigg Catering,"St John's Chapel, Bishop Auckland DL13 1RJ, UK",07775 953233,https://m.facebook.com/HighRigg/?locale2=en_GB
Bishop Auckland,B_equipment_repair,Catering Equipment Services New Zealand Ltd,"25 Cashew Street, Grenada North, Wellington 5028, New Zealand",0800 906 030,https://www.cesw.co.nz/
Workington,B_equipment_repair,Chambers Joinery & Kitchens,"32 Preedy Rd, Workington CA14 2TQ, UK",01900 602222,http://www.chambersworkington.com/
Esher,B_equipment_repair,At Home Catering Ltd,"40 High St, Cobham KT11 3EB, UK",01932 862026,http://www.athomecatering.co.uk/
Esher,B_equipment_repair,County Kitchens by Sigma 3,"86-90 High St, Esher KT10 9QJ, UK",01372 467464,https://www.sigma3.co.uk/our-showrooms/esher
Whitefield,A_catering_engineers,Sai Venkateshwara Catering,"Anjanadri Layout, Nagondanahalli, Whitefield, Bengaluru, Karnataka 560066, India",096208 29334,https://saivenkateshwaracatering.in/
Whitefield,A_catering_engineers,KNR CATERING,"27, 4th Cross Rd, Lourdu Nagar, Ayyappa Nagar, Krishnarajapuram, Bengaluru, Karnataka 560036, India",,
Whitefield,A_catering_engineers,OM SRI KANYAKA CATERING,"3, Basavanna Nagar Road, Thimma Reddy Industrial Estate, Near Florence Public school Hoodi village, Road, Hoodi, Whitefield, Bengaluru, Karnataka 560048, India",074112 77045,
Whitefield,A_catering_engineers,Sajan's Kitchen,"The Sajan's, Villa no 10, Krishna Kuteer Whitehouse phase 2 VSR layout, off, Channasandra Main Rd, 3G Homes Crimson Layout, Kadugodi, Bengaluru, Karnataka 560067, India",,
Whitefield,A_catering_engineers,SLV Catering service,"V S Reddy Colony, Kadugodi, Bengaluru, Karnataka 560067, India",095356 90730,https://youtube.com/@slvcateringservice?si=Lc5D4x0Xt_kAarFO
Whitefield,A_catering_engineers,Vasavi Catering Service,"Swathantra Nagar main road, Krishnarajapuram, Bengaluru, Karnataka 560049, Lourdu Nagar, Swathantra Nagar, Krishnarajapuram, Bengaluru, Karnataka 560036, India",,
Whitefield,A_catering_engineers,Sudha's kitchen,"366, 7th Cross Rd, Nallurhalli, Whitefield, Bengaluru, Karnataka 560066, India",070754 94424,
Whitefield,A_catering_engineers,Sekar's catering,"boys hostel, opposite road, 2nd stage, madhuranagar, Bengaluru, Karnataka 560087, India",090713 03575,https://www.instagram.com/sekars_catering_01?igsh=M25jdThnbnhpOGF1
Whitefield,A_catering_engineers,Chowdeshwari Kitchen Equipments,"Chowdeshwari Kitchen Equipments, BMR Layout, Srinivas Reddy Compound, Railway Station, S2) M, Post, near Hoodi, Ayyappa Nagar, Mahadevpura, Bengaluru, Karnataka 560048, India",099003 43921,https://www.chowdeshwarikitchens.in/
Whitefield,A_catering_engineers,Elite Bites Catering,"ITPL, Main Rd, opposite govind reddy chowltry, E Block, AECS Layout, Brookefield, Bengaluru, Karnataka 560037, India",079056 74994,https://elitebites.in/
Whitefield,A_catering_engineers,Sri Rama Catering Service,"2P2H+Q3M, Samruddi, Kodigehalli, Kadugodi, Bengaluru, Karnataka 560067, India",092429 25673,
Whitefield,A_catering_engineers,"Bangalore Kala's Kitchen #1 Catering Services Provider | Corporate,Wedding and Parties | Leaf and Buffet | indoor and outdoor","AECS Layout, Marathahalli, Bengaluru, Karnataka 560037, India",087541 85377,https://www.kalaskitchen.co.in/
Whitefield,A_catering_engineers,Konaseema Foods - Curries & Catering,"Shop 2,site, no-135, 4th Cross Rd, Kundalahalli Colony, Brookefield, Bengaluru, Karnataka 560037, India",073382 20909,http://www.konaseemafoods.com/
Whitefield,A_catering_engineers,Shiva Shankar Catering and Service,"near Vijaya bar and restaurant, Varthur, Bengaluru, Karnataka 560087, India",084316 83377,
Potters Bar,A_catering_engineers,Mobile Kitchen Hire,"2 Manor Way, Potters Bar EN6 1EE, UK",07836 594397,http://kitchenhire.co.uk/
Market Harborough,A_catering_engineers,Select Catering Solutions Ltd,"Unit A1, Harrison Rd, Market Harborough LE16 7UL, UK",01858 469006,http://www.selectcateringsolutions.com/
Market Harborough,B_equipment_repair,kitchen range cook shop,"5 Church St, Market Harborough LE16 7AA, UK",01858 433533,
Truro,A_catering_engineers,TRURO CATERING SUPPLIES LTD,"PENROSE WATER GARDENS TREGAVETHAN TRURО ENGLAND TPENROSE, WATER GARDENS, Tregavethan, TRURО TR4 9ES, UK",,
Truro,A_catering_engineers,The Cornish Catering Company,"Truro TR1 1QH, UK",07929 512537,http://www.thecornishcateringcompany.co.uk/
Truro,A_catering_engineers,RAD Catering,"Unit 5, Chenoweths Business Park, Ruan High Lanes, Truro TR2 5JT, UK",07832 950156,http://www.radcatering.co.uk/
Truro,A_catering_engineers,TRURO CATERING SUPPLIES LTD,"PENROSE WATER GARDENS, Tregavethan, TRURО TR4 9ES, UK",,
Truro,A_catering_engineers,Chopbox Catering,"Richmond Hill, Truro TR1 3HR, UK",,http://www.chopboxkitchen.com/
Falmouth,A_catering_engineers,UK Catering,"The Court Yard Office Carwinion House, Carwinion Road, Mawnan Smith, Falmouth TR11 5JA, UK",01326 572992,
Camborne,A_catering_engineers,Swift Catering Supplies Ltd,"Unit E6, Formal Business Park, Treswithian, Camborne TR14 0PY, UK",01209 612222,http://www.swiftcateringsupplies.co.uk/
Camborne,A_catering_engineers,SLS Catering & Hygiene Supplies,"Unit 5, Barncoose Industrial Estate, Illogan Highway, Redruth TR15 3RQ, UK",01209 213038,http://slsonline.mailchimpsites.com/
Tiverton,A_catering_engineers,Scoff Catering,"East Court Barton, Tiverton EX16 8RZ, UK",07800 851360,http://www.scoffcatering.co.uk/
Tiverton,A_catering_engineers,"Mrs Gills - Bakery, Restaurant and Outside Catering","8-9 Market Walk, Tiverton EX16 6BL, UK",01884 242744,http://www.countrycakes.co.uk/
Tiverton,A_catering_engineers,Benchmarx Kitchen Showroom,"Blundell's Rd, Tiverton EX16 4BU, UK",01884 253666,https://www.benchmarxkitchens.co.uk/branches/tiverton?y_source=1_MTA4ODc1ODk5Ny03MTUtbG9jYXRpb24ud2Vic2l0ZQ==
Tiverton,B_equipment_repair,Sarah's Kitchen,"16 W Exe N, Tiverton EX16 5LX, UK",07384 270651,
Guiseley,A_catering_engineers,Threshfield Catering Supplies,"2 Station Rd, Guiseley, Leeds LS20 8BX, UK",01943 870055,https://www.threshfieldcatering.co.uk/
Rawtenstall,A_catering_engineers,P M J Kitchen Ventilation Ltd,"Unit 4, springvale mill, Waterside Rd, Haslingden, Rossendale BB4 5EZ, UK",01706 212227,http://www.pmjkitchenventilation.co.uk/
Clevedon,A_catering_engineers,Butterflies Catering Equipment Hire,"Unit 9, Windmill Business Park, Windmill Rd, Clevedon BS21 6SR, UK",01225 874152,
Clevedon,A_catering_engineers,Ali's Country Kitchen,"Orchard House, Orchard Ave, Tickenham, Clevedon BS21 6RQ, UK",07739 573973,https://www.aliscountrykitchen.com/
Reigate,A_catering_engineers,RDO Kitchens & Appliances,"Bancroft Rd, Reigate RH2 7RP, UK",01737 240403,https://www.rdo.co.uk/
Godalming,A_catering_engineers,Orchard Catering,"3 Llanaway Cl, Godalming GU7 3ED, UK",07884 497227,https://www.orchardcatering.com/contact-us-catering-godalming
Crowborough,A_catering_engineers,Kitchen Engineering,"UNIT 2, St. Florian House, Farningham Rd, Crowborough TN6 2JD, UK",01892 668900,http://www.kitchenengineering.co.uk/
Caterham,A_catering_engineers,Universal Foodservice Equipment Ltd,"The Granary, Brewer St, Bletchingley, Redhill RH1 4QP, UK",01883 341800,
Penzance,A_catering_engineers,Indulgence Catering,"6 Gurnick Rd, Newlyn, Penzance TR18 5DG, UK",07779 998590,http://indulgence-catering.co.uk/
Penzance,A_catering_engineers,Kerra's Cornish Catering,"10 Water-Ma-Trout, Helston TR13 0LW, UK",01326 231245,http://www.kerrascatering.co.uk/
Melksham,A_catering_engineers,Elmer Catering - Hog Roast Specialists,"486 Semington Rd, Melksham SN12 6DR, UK",07775 716253,http://www.elmercatering.co.uk/
Melksham,A_catering_engineers,AJ's Catering,"Intercity Trading Estate 6, Melksham SN12 8DE, UK",07921 900585,
Horwich,B_equipment_repair,Jangro - Catering & Janitorial Cleaning Supplies,"3rd Floor, Jangro Ltd, 1a Parklands, Lostock, Bolton BL6 4SD, UK",01204 795955,http://www.jangro.net/
Hailsham,A_catering_engineers,Indigo Catering Equipment,"Unit E Ropemaker Park, Diplocks Way, Hailsham BN27 3GU, UK",01323 843447,https://www.indigoce.co.uk/?utm_source=gbp&utm_medium=organic&utm_campaign=gbp-headoffice
Chesham,B_equipment_repair,I-dream Kitchens & Interiors,"28 Red Lion St, Chesham HP5 1EZ, UK",01494 793593,http://www.i-dreamkitchens.co.uk/
Gainsborough,A_catering_engineers,Gainsborough Kitchens,"Kitchens, 1 Spital Terrace, Gainsborough DN21 2HD, UK",01427 679976,http://www.gainsboroughkitchens.co.uk/
Shoreham-by-Sea,A_catering_engineers,Cee Catering Equipment Engineers,"59 Underdown Rd, Southwick, Brighton BN42 4HN, UK",07917 717203,
Skegness,A_catering_engineers,R & B Catering Equipment Co,"Unit 1B, Barkers Yard, Heather Rd, Skegness PE25 3SR, UK",01754 766451,
Dorchester,B_equipment_repair,AB Dorset Catering - private chef,"Earl Cl, Dorchester DT1 1DY, UK",07412 730488,http://www.abdorsetcatering.co.uk/
Atherton,B_equipment_repair,Skyline Kitchen Solutions Ltd,"Unit 13 Welch Hill St, Leigh WN7 4DU, UK",01942 387118,http://www.skylinekitchensolutions.co.uk/
Colne,A_catering_engineers,Country Hog Roast | Hog Roast & BBQ Catering,"2 Noyna View, Colne BB8 7AU, UK",07932 033009,https://www.countryhogroast.co.uk/
Colne,A_catering_engineers,The Croft - self catering holiday cottage,"Prospect Barn, Colne Rd, Trawden, Colne BB8 8NU, UK",07985 118176,http://www.thecroftcottagetrawden.co.uk/
Yeadon,A_catering_engineers,Cater-Force Food Service Engineers Ltd,"15A High St, Yeadon, Leeds LS19 7SP, UK",01943 467467,http://www.cater-force.uk/
Peterlee,A_catering_engineers,London Bar and Kitchen,"3 Burdon Dr, Peterlee SR8 2JH, UK",01923 802088,https://www.ig-groupuk.com/?company=3
Peterlee,A_catering_engineers,Baxter's Catering,"13 Morpeth St, Horden, Peterlee SR8 4BB, UK",07572 458270,
Northwich,A_catering_engineers,Turners Catering Ltd,"99 London Rd, Northwich CW9 5HQ, UK",01606 352778,https://www.turners-catering.co.uk/
Northwich,A_catering_engineers,The Catering Agency Ltd,"Winnington Hall, Winnington, Northwich CW8 4DU, UK",01606 784555,http://www.thecateringagency.co.uk/
Northwich,A_catering_engineers,Mid Cheshire Catering,"10 Braemar Ave, Northwich CW9 7BB, UK",01606 331348,http://www.midcheshirecatering.co.uk/
Berkhamsted,A_catering_engineers,Julia's Catering,"3 Covert Cl, Northchurch, Berkhamsted HP4 3SR, UK",07779 572865,
Goole,B_equipment_repair,The Hob Kitchens Ltd,"UNIT 7, FUSION BUSINESS PARK, Goole DN14 6XL, UK",01405 497618,http://www.thehobkitchens.com/
Oswestry,A_catering_engineers,Blossom & Bee Kitchen,"Babbinswood Farm Berghill Lane, Nr, Oswestry SY11 4PF, UK",,http://blossom-and-bee-kitchen.square.site/
Sandbach,B_equipment_repair,Kitchensalesuk,"479 Crewe Rd, Wheelock, Sandbach CW11 3RT, UK",07500 407007,https://kitchensalesuk.square.site/
Maltby,A_catering_engineers,Koolkraft Refrigeration and Catering Services.,"3 Abbotsford Dr, Thurcroft, Rotherham S66 9PQ, UK",01709 546329,
Ripon,A_catering_engineers,Ripon Golf Club Bar and Catering,"Palace Rd, Ripon HG4 3HH, UK",01765 603640,https://www.riponcitygolfclub.com/
Saltash,B_equipment_repair,Salt Wind Catering,"37 Fore St, Redruth TR15 2AE, UK",01209 206255,https://www.saltwind.catering/?utm_source=google&utm_medium=organic&utm_campaign=gbp
Bideford,A_catering_engineers,Chef Duet Catering Co,"The Old School Rooms, Bridge Street Car Park, Bridge St, Bideford EX39 2BU, UK",0345 116 6919,http://www.chefduet.co.uk/
Penrith,A_catering_engineers,Humes Catering Services,"Unit 7b Hartness Rd, Penrith CA11 9BD, UK",07779 909663,http://www.humescateringservices.co.uk/
Penrith,A_catering_engineers,Lynn Hilditch Catering,"3 Gallows Hl, Clifton, Penrith CA10 2EL, UK",07775 733608,http://lynnhilditchcatering.co.uk/
Featherstone,A_catering_engineers,Apple Vending and Catering Services,"8 Innovation Square, Green Ln, Featherstone, Pontefract WF7 6NX, UK",01977 793714,https://applevending.co.uk/
Mexborough,A_catering_engineers,AM2PM Catering Services,"38 Main St, Mexborough S64 9DW, UK",07754 789082,
Bedlington,A_catering_engineers,CENTURY CATERING EQUIPMENT,"35 Grange Park Ave, Bedlington NE22 7EG, UK",07711 257336,
Clitheroe,A_catering_engineers,Commercial Kitchen and Laundry Solutions UK Ltd,"Suite 11, The Conference Centre, Brockhall Village, Blackburn BB6 8AY, UK",01200 411914,https://www.ckls.co.uk/
Prudhoe,A_catering_engineers,Jackson's Catering,"Telecom House, Princess Way, Prudhoe, Low Prudhoe NE42 6NJ, UK",0191 265 2177,http://www.catering-northeast.co.uk/
Prudhoe,B_equipment_repair,B J C Bathrooms and Kitchens,"Tyneview Retail Park, Prudhoe NE42 6BU, UK",01661 698002,http://bjcplumbing.com/
