Country,Town,Name,Address,Phone,Website,Email,Found on page
Wales,Cardiff,"Cardiff Perfections Launderette, Dry Cleaning and Alterations","75 Broadway, Cardiff CF24 1QE, UK",029 2169 0360,http://www.cardifflaunderette.com/,enquiry@cardifflaunderette.com,http://www.cardifflaunderette.com
Wales,Cardiff,Cardiff launderette 3,"108 Whitchurch Rd, Cardiff CF14 3LY, UK",029 2030 0413,http://www.launderroom.com/,,
Wales,Cardiff,Canton Launderette,"Canton Launderette, Canton Launderette, 244 Cowbridge Rd E, Cardiff CF5 1GZ, UK",029 2041 1111,https://www.canton-launderette.co.uk/,hello@canton-launderette.co.uk,https://www.canton-launderette.co.uk
Wales,Cardiff,Cardiff Launderette 1,"383 Cowbridge Rd E, Cardiff CF5 1JG, UK",029 2132 2620,https://cardiff-launderette.co.uk/,,
Wales,Cardiff,Drift-In Launderette & Dry Cleaners,"104 Salisbury Rd, Cardiff CF24 4AE, UK",029 2023 9257,https://drift-in.co.uk/,driftinlaundry@hotmail.com,https://drift-in.co.uk
Wales,Cardiff,Wash Cycle: Laundry Service Cardiff,"83, Portmanmoor Road Industrial Estate, Cardiff CF24 5HB, UK",07354 244981,http://www.washcycle.co.uk/,Jonathan@washcycle.co.uk,http://www.washcycle.co.uk
Wales,Cardiff,OSTA Cardiff Launderette Tailoring & Alterations,"5A Albany Rd, Cardiff CF24 3LH, UK",029 2132 5923,https://ostacardifflaunderette.co.uk/,info@ostacardifflaunderette.co.uk,https://ostacardifflaunderette.co.uk/contact
Wales,Cardiff,Future Clothes Care,"104 Bute St, Cardiff CF10 5AD, UK",029 2049 8700,http://www.future-clothescare.co.uk/,,
Wales,Cardiff,Snow White Laundries,"Bessemer Cl, Cardiff CF11 8DL, UK",029 2023 3550,http://snowwhitelaundries.co.uk/,info@snowwhitelaundries.co.uk,http://snowwhitelaundries.co.uk
Wales,Cardiff,Afonwen Laundry,"1 Spring Meadow Rd, Rumney, Cardiff CF3 2ES, UK",029 2079 1000,https://www.johnsonshotellinen.com/,,
Wales,Cardiff,David Barnes Dry Cleaning and Laundry,"Ipswich Rd, Cardiff CF23 9AQ, UK",029 2063 3100,http://www.dbcleaners.co.uk/,,
Wales,Swansea,Kandy Launderette,"223 High St, Swansea SA1 1NW, UK",01792 461111,https://www.kandylaunderette.com/,,
Wales,Swansea,Kingsway Launderette,"79,80 The Kingsway, Swansea SA1 5JE, UK",01792 653333,http://kingswaylaunderette.co.uk/,,
Wales,Swansea,Brynmill Launderette,"121 Rhyddings Terrace, Brynmill, Swansea SA2 0DS, UK",01792 448721,https://www.brynmilllaunderette.co.uk/,customerservices@search4local.co.uk,https://www.brynmilllaunderette.co.uk
Wales,Swansea,Kings Launderette,"58 King Edward Rd, Swansea SA1 4LN, UK",07934 138137,http://www.kingslaunderette.com/,,
Wales,Swansea,The Uplands Launderette,"73 Uplands Cres, Uplands, Swansea SA2 0EX, UK",01792 644238,https://uplandslaunderette.uk/,,
Wales,Swansea,Laundry Lounge,"76 Mansel St, Swansea SA1 5TW, UK",01792 517457,https://laundryloungeservice.co.uk/,info@laundryloungeservice.co.uk,https://laundryloungeservice.co.uk
Wales,Swansea,The Gower Laundry Company - Launderette and Linen Hire - Swansea,"91 Brynymor Rd, Swansea SA1 4JG, UK",01792 644682,http://www.gowerlaundry.com/,,
Wales,Swansea,Brynhyfryd Launderette,"14 Cwm Level Rd, Brynhyfryd, Swansea SA5 9DY, UK",01792 472553,http://brynhyfrydlaunderette.co.uk/,,
Wales,Swansea,The Launderette Station,"46 Station Rd, Fforest-fach, Swansea SA5 5AU, UK",07496 792751,https://m.facebook.com/thelaunderettestation/,,
Wales,Newport,Zain Laundry,"123 Commercial Rd, Newport NP20 2GW, UK",07954 401212,https://zainlaundry.com/,,
Wales,Newport,Pressed & Fresh Ltd.,"Pressed & Fresh Ltd, Newport NP19 4ND, UK",07491 966345,https://www.pressed-and-fresh.co.uk/,sales@pressed-and-fresh.co.uk,https://www.pressed-and-fresh.co.uk
Wales,Newport,Quick Fix Laundry,"117 Stow Hill, Newport NP20 4ED, UK",07350 699271,http://www.7daylaundry.com/,sevendaylaundry1@outlook.com,http://www.7daylaundry.com
Wales,Newport,Pick Up & Press,"201 Cardiff Rd, Newport NP20 3BP, UK",01633 816121,https://www.pickupandpress.co.uk/,contactpickupandpress@sky.com,https://www.pickupandpress.co.uk
Wales,Newport,"The Hive, Newport","10 Stow Hill, Newport NP20 1JB, UK",07825 360804,https://www.facebook.com/profile.php?id=61557084339928,,
Wales,Barry,Harbour Road Launderette,"49 Harbour Rd, Barry CF62 5SA, UK",01446 421800,https://www.facebook.com/Harbour-Rd-Laundrette-105076427811491/,,
Wales,Barry,The Laundry Rooms,"25 Vere St, Barry CF63 2HW, UK",01446 740730,http://www.thelaundry-rooms.co.uk/,,
Wales,Bridgend,The Caring Laundry,"18 Heol Trelales, Trelales, Bridgend CF32 0HW, UK",01656 768222,http://caringlaundry.co.uk/,admin@thecaringlaundry.co.uk,http://caringlaundry.co.uk
Wales,Cwmbran,Green Vale Linen Services,"Llanfrechfa, Grange, Cwmbran NP44 8YN, UK",01633 623880,https://nwssp.nhs.wales/nwssp-latest-news-items/green-vale-laundry-celebrates-30-year-anniversary/,,
Wales,Neath,Ferry Laundry Services Ltd,"83-85 Neath Rd, Briton Ferry, Neath SA11 2DQ, UK",01639 381032,http://www.ferrylaundry.co.uk/,,
Wales,Neath,Bright Diamond Laundry (Formerly known as Sudz),"31 Villiers St, Briton Ferry, Neath SA11 2DZ, UK",01639 813567,https://www.brightdiamondcleaning.com/,,
Wales,Neath,Wash.Me Laundry Kiosk,"50 Park Ave, Skewen, Neath SA10 6SA, UK",,https://help.megroup.uk/help/speak-to-someone,,
Wales,Merthyr Tydfil,Rhi's Delicates laundry and ironing service,"29 King St, Pant, Merthyr Tydfil CF48 2AF, UK",07350 699271,http://www.rhisdelicates.co.uk/,,
Wales,Aberdare,Half Soaked Laundry Services,"33 Commercial St, Aberdare CF44 7RW, UK",01685 554321,https://halfsoaked.co.uk/,,
Wales,Caerphilly,White City Launderette,"Newport Rd, Trethomas, Caerphilly CF83 8BY, UK",029 2088 4260,https://www.facebook.com/whitecitylaundry/,,
Wales,Caerphilly,Michelle’s Laundry Box Ltd,"55 Mill Rd, Caerphilly CF83 3FD, UK",029 2086 2123,https://www.facebook.com/lboxltd/,,
Wales,Colwyn Bay,Posh Wash Launderette,"131 Abergele Rd, Colwyn Bay LL29 7SL, UK",07344 332641,https://colwynbay.info/business/posh-wash-launderette/,info@colwynbay.info,https://colwynbay.info/contact
Wales,Colwyn Bay,Rhos Launderette,"21 Rhos Rd, Rhôs-on-Sea, Rhos on Sea, Colwyn Bay LL28 4RS, UK",07502 068636,https://rhoslaunderette.co.uk/,,
Wales,Colwyn Bay,The Laundry Basket,"341 Abergele Rd, Old Colwyn, Colwyn Bay LL29 9PG, UK",01492 517884,http://www.colwynlaundrybasket.co.uk/,,
Wales,Pontypool,Snow White Laundries Ltd,"Clarence Corner, Clarence Rd, Pontypool NP4 8AZ, UK",01495 763425,https://www.snowwhitelaundries.co.uk/,info@snowwhitelaundries.co.uk,https://www.snowwhitelaundries.co.uk
Wales,Rhyl,Bendix Launderette,"137 Wellington Rd, Rhyl LL18 1LE, UK",01745 354236,https://loverhyl.co.uk/business/bendix-launderette/,,
Wales,Ebbw Vale,Crease is the Word Ironing Service,"12 Armoury Terrace, Ebbw Vale NP23 6BD, UK",07385 928012,https://www.facebook.com/profile.php?id=100090578276347,,
Wales,Tonypandy,The Wash Shop,"65C Brook St, Tonypandy CF40 1RE, UK",01443 439277,http://www.thewashshoptonypandy.co.uk/,,
Wales,Bangor,Laundry Room,"9-11 Holyhead Rd, Bangor LL57 2EG, UK",07588 035356,https://www.yell.com/biz/the-laundry-room-bangor-901716350/,,
Wales,Bangor,The Laundry Lounge,"114 High St, Bangor LL57 1NS, UK",07719 826738,https://www.facebook.com/TheLaundryLounge22,,
Wales,Connah's Quay,Evergreen Dry Cleaners,"86 High St, Connah's Quay, Deeside CH5 4DD, UK",01244 812524,http://www.evergreendrycleaners.co.uk/,,
Wales,Connah's Quay,Laundry Lounge,"The Gables, 62a Chester Rd W, Shotton, Deeside CH5 1BY, UK",0330 345 3432,http://www.launderettenearme.co.uk/,,
Wales,Prestatyn,Monarch,"31-33 Meliden Rd, Prestatyn LL19 9SD, UK",01745 854285,http://www.laundryservicesinwales.co.uk/,,
Wales,Prestatyn,Wash.ME,"Marine Rd, Prestatyn LL19 7HA, UK",,"https://stores.revolution-laundry.com/en-uk/england-gbr/Prestatyn,_Denbighshire,_Wales,_United_Kingdom",,
Wales,Porthcawl,Soapy's Launderers & Drycleaners,"34 New Rd, Porthcawl CF36 5DN, UK",01656 788319,https://www.soapysporthcawl.co.uk/,,
Wales,Conwy,Bubbles Launderette,"25 Brookes St, Llandudno LL30 2TT, UK",01492 871742,https://bubbles.wales/,,
Wales,Conwy,West Shore Launderette,"115 Trinity Ave, Llandudno LL30 2UJ, UK",07710 694193,https://bandbinllandudno.co.uk/business/west-shore-launderette/,,
Wales,Conwy,Cloud Laundry,"34 Madoc St, Llandudno LL30 2TL, UK",07940 443663,https://www.facebook.com/people/cloud-laundry-ltd/61576740623021/,,
Wales,Conwy,MINW Laundry House,"150 Conway Rd, Llandudno Junction LL31 9DU, UK",01492 593924,https://www.maidinnorthwales.com/copy-of-home,info@maidinnorthwales.com,https://www.maidinnorthwales.com
Wales,Conwy,Cleaner Care Ltd,"Connaught House, Riverside Business Park, Benarth Rd, Conwy LL32 8UB, UK",01492 592639,https://www.cleanercare.co.uk/,info@cleanercare.co.uk,https://www.cleanercare.co.uk
Wales,Conwy,"Craig y Don Laundrette, Llandudno","21 Clarence Rd, Llandudno LL30 1TA, UK",07787 180183,https://bandbinllandudno.co.uk/business/craig-y-don-laundrette-llandudno/,,
Wales,Conwy,Western Union,"15 High St, Conwy LL32 8DE, UK",0800 265756,https://www.westernunion.com/,support@upwardli.zendesk.com,https://www.westernunion.com
Wales,Risca,Risca Services ( Texaco Service Station),"153 Commercial St, Risca, Newport NP11 6EE, UK",01633 547373,http://www.texaco.co.uk/,PressOfficeValero@Valero.com,http://www.texaco.co.uk/contact-us
Wales,Risca,Clean'd ltd,"Unit 1 block G, penmaen ind est, Pontllanfraith, Blackwood NP12 2DQ, UK",07756 285451,http://www.clean-d.co.uk/,sales@clean-d.co.uk,http://www.clean-d.co.uk
Wales,Risca,Riscaflora Florists,"Central Buildings, 33c Tredegar St, Risca, Newport NP11 6BU, UK",01633 614276,https://sites.google.com/view/riscaflora,,
Wales,Risca,Max Spielmann - Photo printing Kiosk,"Commercial St, Risca, Extra NP11 6NP, UK",,https://www.maxphoto.co.uk/in-store-services/instant-photo-prints,maxonline@maxspielmann.com,https://www.maxphoto.co.uk
Wales,Aberystwyth,Baywash,"Queen's Rd, Aberystwyth SY23 2HG, UK",01970 634440,https://www.baywash.wales/,,
Wales,Aberystwyth,Fferm Penglais Launderette,"Fferm, Penglais, Aberystwyth SY23 3TE, UK",,https://www.aber.ac.uk/en/accommodation/current-students/living-residences/laundry/#laundry-room-access,,
Wales,Tredegar,Clean Queen Cleaners and Laundry Services,"20 Pochin Cres, Tredegar NP22 4JR, UK",07939 048864,http://www.clean-queen.co.uk/,,
Wales,Hawarden,Gladstone's Library,"Church Lane, Hawarden, Flintshire CH5 3DF, UK",01244 532350,http://www.gladstoneslibrary.org/,enquiries@gladlib.org,http://www.gladstoneslibrary.org/contact
Wales,Hawarden,Fresh Laundry,"10 Charles St, Hoole, Chester CH2 3AZ, UK",07367 280120,http://fresh-laundry.co.uk/,info@fresh-laundry.co.uk,http://fresh-laundry.co.uk
Wales,Hawarden,The Launderette,"56 Garden Ln, Cheshire, Chester CH1 4EW, UK",01244 380014,http://www.launderettechester.co.uk/,,
Wales,Milford Haven,Spot-On Dry Cleaners,"Temeraire House, Nelson Quay, Milford Haven SA73 3BN, UK",01646 697283,http://www.spoton.wales/,,
Wales,Milford Haven,NetLet Laundry,"Unit 3, F Shed, Hakin, Milford Haven SA73 3DJ, UK",01646 699264,http://www.netletlaundry.co.uk/,,
Wales,Buckley,Pink Daisy Garment Care,"10 Mold Rd, Buckley CH7 2JB, UK",01244 726710,http://www.pinkdaisygarmentcare.com/,,
Wales,Buckley,Pink Daisy Prom,"3 Mill Ln, Buckley CH7 3HA, UK",07990 763403,http://www.pinkdaisyprom.com/,,
Wales,Buckley,HD Professional Cleaning Services,"3A Brunswick Rd, Buckley CH7 2ED, UK",07543 810994,http://www.hdprofessionalcleaning.co.uk/,Info@hdprofessionalcleaning.co.uk,http://www.hdprofessionalcleaning.co.uk
Wales,Buckley,SPAR Buckley,"72 Mold Rd, Buckley CH7 2NJ, UK",01244 550818,https://www.spar.co.uk/store-locator/afb10379-spar-buckley,,
Wales,Porth,Platinum Contract Cleaners,"57 Trebanog Rd, Porth CF39 9EW, UK",07855 244450,http://www.platinumcontractcleaners.com/,,
Wales,Porth,Treorchy Launderette,"123 Bute St, Treorchy CF42 6AY, UK",01443 775363,https://facebook.com/treorchy.laundrette/,,
Wales,Rhondda,Révolution Laundry,"Llantrisant Road Texaco, Londis, Llantwit Fardre, Pontypridd CF38 2HA, UK",,https://stores.revolution-laundry.com/en-uk/?utm_source=google&utm_medium=directory&utm_campaign=local_visibility&utm_content=google_maps,,
Wales,Rhondda,Classic Cleaners,"5 Talbot Rd, Talbot Green, Pontyclun CF72 8AD, UK",01443 224683,http://www.classicdrycleaning.co.uk/,,
Wales,Rhosllanerchrugog,Dolly Tub,"Dolly Tub Launderette, 50 Pen-Y-Bryn, Wrexham LL13 7HY, UK",01978 353963,http://dolly-tub.co.uk/,info@dolly-tub.co.uk,http://dolly-tub.co.uk
Wales,Rhosllanerchrugog,Borras Launderette,"32 Borras Park Rd, Wrexham LL12 7TH, UK",01978 351768,http://www.borrasdrycleaners.com/,info@borrasdrycleaners.com,http://www.borrasdrycleaners.com
Wales,Rhosllanerchrugog,Bizzy Bees Launderette,"Unit 5 Queensway, Complex, Wrexham LL13 8UH, UK",01978 421359,https://www.facebook.com/pg/bizzybeeslaundrette/about/?ref=page_internal,,
Wales,Rhosllanerchrugog,Diana's Ironing service,"Primrose Way, Wrexham LL11 2AT, UK",07843 018997,https://www.dianasironing.com/,info@dianasironing.co.uk,https://www.dianasironing.com
Wales,Haverfordwest,Thomsons Pembrokeshire Ltd,"140 Haven Rd, Haverfordwest SA61 1DP, UK",01437 762040,http://www.thomsonslaundry.co.uk/,,
Wales,Sarn,Bridgend Ironing Company,"14 Bakers Way, Bryncethin, Bridgend CF32 9RJ, UK",07894 353260,http://tidyup.yolasite.com/,bridgendironingcompany@gmail.com,http://tidyup.yolasite.com/contact-us
Wales,Ystrad Mynach,Ystrad Mynach Dry Cleaning,"18 Penallta Rd, Ystrad Mynach, Hengoed CF82 7AP, UK",01443 812751,https://ystradmynachdrycleaning.co.uk/,,
Wales,Ystrad Mynach,Ashburne,"20 Penallta Rd, Ystrad Mynach, Hengoed CF82 7AP, UK",01443 816618,http://ashburnes.co.uk/,,
Wales,Holyhead,Holyhead Launderette,"Garreg Domas, Holyhead LL65 1RT, UK",01407 765391,http://www.holyheadlaunderette.com/,,
Wales,Holyhead,Holyhead Laundry Solutions,"Unit 17a, Penrhos Business Park, Holyhead LL65 2FD, UK",01407 763355,https://www.hlsuk.co.uk/,sales@hlsuk.co.uk,https://www.hlsuk.co.uk
Wales,Newtown,Newtown Laundry,"Lion Works, Unit 3A Pool Rd, Newtown SY16 3AG, UK",01686 626964,https://www.newtownlaundryservice.co.uk/,info@newtownlaundryservice.co.uk,https://www.newtownlaundryservice.co.uk
Wales,Baglan,Riverside Dry Cleaners,"5, Riverside, 5 Riverside, Port Talbot SA13 1EJ, UK",01639 885197,http://www.hansontheclothespeople.co.uk/,,
Wales,Baglan,CanDo Laundry Services,"Unit 2 Addison Rd, Port Talbot SA12 6HZ, UK",01792 813444,http://www.candolaundryservices.co.uk/,,
Wales,Mold,Orchid Laundry & Dry Cleaning Services,"5, Cambrian Business Park, Queen's Ln, Mold CH7 1NJ, UK",07910 684418,https://orchidlaundry.co.uk/,,
Wales,Pembroke Dock,Snow White laundries Ltd,"Snow White Laundries Ltd, Ferry Ln, Pembroke Dock SA71 4RE, UK",,http://www.snowwhitelaundries.co.uk/,info@snowwhitelaundries.co.uk,http://www.snowwhitelaundries.co.uk
Wales,Pontllanfraith,Texaco,"Crown Cross Service Station, Bryn Rd, Pontllanfraith, Blackwood NP12 2HA, UK",,https://texaco.co.uk/,PressOfficeValero@Valero.com,https://texaco.co.uk/contact-us
Wales,Pontllanfraith,UPS Access Point,"Commercial St, Pontllanfraith, 1 NP12 2JY, UK",0345 787 7877,https://www.ups.com/gb/en/services/e-commerce/access-point-network.page,,
Wales,Brynteg,Freshify Cleaning and Laundry,"Lon Pant Y Cudyn, Benllech, Tyn-y-Gongl LL74 8UF, UK",07432 394418,https://freshifyanglesey.co.uk/,,
Wales,Brynteg,GEMs Laundry,"Unit 7, Old Primary School, Brynsiencyn, Llanfairpwllgwyngyll LL61 6HZ, UK",01248 565341,http://gemslaundry.co.uk/?utm_source=gmb&utm_medium=referral,,
Wales,Brynteg,Laundry clean,"Unit 3, afallon caravan park, Ty Croes LL63 5UA, UK",07808 486491,http://laundryclean.uk/,,
Wales,Abergele,Pensarn Laundrette,"32 Marine Rd, Pensarn, Abergele LL22 7PR, UK",07483 228056,https://www.facebook.com/profile.php?id=61551270328837,,
Wales,Ammanford,Bubbles Launderette,"76 Wind St, Ammanford SA18 3DR, UK",01269 847435,https://www.facebook.com/bubblesammanford/,,
Wales,Denbigh,The Garment Spa,"Vale Park Colomendy Industrial Estate, Rhyl Rd, Denbigh LL16 5TA, UK",01745 813312,http://www.thegarmentspa.co.uk/,,
Wales,Rogerstone,Evri ParcelShop,"1-5 High Cross Rd, Rogerstone, Newport NP10 9AE, UK",0330 808 5456,https://www.evri.com/?utm_source=google&utm_medium=organic-local&utm_campaign=Newport&utm_content=S12743,noreply.customer@feedback.evri.com,https://www.evri.com/contact-us
Wales,Abersychan,Texaco,"Osborne Rd, Pontnewynydd, Pontypool NP4 6NR, UK",01495 751375,https://texaco.co.uk/,,
Wales,Beddau,Ironing Matters,"1 Beddau Square, Beddau, Pontypridd CF38 2AA, UK",07508 743459,http://www.ironingservicedirectory.co.uk/register.pl?search=6VQLN8J8,hello@allironedout.co.uk,http://www.ironingservicedirectory.co.uk
Wales,Beddau,Valero. Nisa local,"Llantrisant Rd, Llantwit Fardre, Pontypridd CF38 2HA, UK",01443 218761,https://texaco.co.uk/pages/store-locator.aspx,PressOfficeValero@Valero.com,https://texaco.co.uk/contact-us
Wales,Beddau,Londis,"Llantwitt, Llantrisant Rd, Llantwit Fardre, Pontypridd CF38 2HA, UK",01443 218761,https://www.londis.co.uk/?utm_source=gmb&utm_medium=yext,,
Wales,Gwersyllt,Borras Laundry & Linen,"Unit 1, Pandy Business Park, Pandy, Gresford, Wrexham LL11 2UD, UK",01978 664724,https://www.borraslaundryandlinen.co.uk/,sales@borraslaundryandlinen.co.uk,https://www.borraslaundryandlinen.co.uk
Wales,Gwersyllt,SPAR Gwersyllt,"SPAR, Service Station, Park Wall Rd, Gwersyllt, Wrexham LL11 4AH, UK",01978 754902,https://www.spar.co.uk/store-locator/afb11171-spar-gwersyllt,,
Wales,Gwersyllt,Borras Bridal - Wedding Dress Cleaning,"Unit 1, Pandy Business Park, Pandy, Gresford, Wrexham LL11 2UD, UK",,https://www.borrasbridal.co.uk/,enquiries@borrasbridal.co.uk,https://www.borrasbridal.co.uk
Wales,Broughton,Broughton Shopping Park,"Chester Rd, Broughton, Bretton, Chester CH4 0DP, UK",01244 534354,https://www.broughtonshopping.co.uk/,,
Wales,Broughton,Timpson Broughton,"Broughton shopping park, Bretton, Chester CH4 0DR, UK",01244 536434,http://www.timpson.co.uk/,,
Wales,Broughton,The Laundry Hub,"25 Chester St, Saltney, Chester CH4 8BL, UK",07946 620072,https://www.thelaundryhub.co/,eben@eyebytes.com,https://www.thelaundryhub.co
Wales,Broughton,Monogram,"93 Dicksons Dr, Newton, Chester CH2 2BT, UK",01244 380216,http://www.monogramchester.com/,katy@monogramchester.com,http://www.monogramchester.com
Wales,Broughton,Laundry Affairs,"11d Bodmin Pl, Broughton, Milton Keynes MK10 7DP, UK",01908 480755,https://www.laundryaffairs.co.uk/,,
Wales,Broughton,Tesco Extra,"1, Broughton shopping park, Chester Rd, Broughton, Bretton, Chester CH4 0DP, UK",0345 677 9155,https://www.tesco.com/store-locator/chester/1-broughton-shopping-park-chester-road?sc_cmp=ref*yg*stc*2272&utm_source=yext_google&utm_campaign=local_Extra_Wales&utm_medium=organic,CustomerOptOut@tesco.com,https://www.tesco.com
Wales,Cross Hands and Pen-y-groes,Crosshands laundry,"30 Llandeilo Rd, Cross Hands, Llanelli SA14 6NA, UK",01269 842223,https://en-gb.facebook.com/pages/category/Laundromat/Cross-Hands-Laundry-823563994478865/,,
Wales,Oakdale,Unitech Services Group,"Oakwood Close, Pen-y-Fan Industrial Estate, Newport NP11 3HY, UK",01495 249688,https://www.unitech-services.eu/about/locations/unitech-services-group-ltd/,,
Wales,Bagillt,SudSational Launderettes And Laundry Services,"766 Borough Rd, Birkenhead CH42 9JF, UK",0151 608 6484,http://sudsational-launderettes.co.uk/,,
Wales,Ruthin,The Garment Spa,"Unit1, Lôn Parcwr, Industrial Estate, Ruthin LL15 1NJ, UK",01824 702119,http://www.thedrycleaningco.com/,,
Wales,Abertridwr and Senghenydd,Clean & Fresh (Wales),"Unit 9, Pontygwindy Industrial Estate, 6 Sir Alfred Owen Way, Caerphilly CF83 3TG, UK",029 2088 9456,http://www.cleanandfreshwales.co.uk/,,
Wales,Pontardawe,Ivy Bush Pontardawe,"103 High St, Pontardawe, Swansea SA8 4JN, UK",07506 258851,https://exploresouthwales.com/eat/the-ivy-bush/,,
Wales,Llandrindod Wells,Crystal Clean,"Tremont Park, Llandrindod Wells LD1 5BA, UK",07775 851718,https://helping-our-homeless-wales.ueniweb.com/?utm_campaign=gmb,smason71@yahoo.com,https://helping-our-homeless-wales.ueniweb.com
Wales,Treherbert,A Helping Hand,"5 Stuart St, Treherbert, Treorchy CF42 5PR, UK",07486 321164,http://www.a-helping-hand.com/,,
Wales,Treherbert,THE BEAUTY PARLOUR BY AMANDA,"15 Station St, Treherbert, Treorchy CF42 5HT, UK",07920 095466,http://www.beautyparlourbyamanda.co.uk/,,
Wales,Rhymney,"""Helping Hands""","75 High St, Rhymney, Tredegar NP22 5NB, UK",01685 844888,http://www.helpinghands-rhymney.co.uk/,,
Wales,Rhymney,Rhymney Print Services,"The Lawns Industrial Estate, Rhymney, Rhymney, Tredegar NP22 5PW, UK",01685 841321,http://www.rhymneyprintservices.co.uk/,,
Wales,Rhymney,Well Pharmacy,"Rhymney, Integrated Resource Centre, Rhymney, Tredegar NP22 5PW, UK",01685 840283,https://finder.well.co.uk/store/rhymney-integrated-resource-centre,hello@well.co.uk,https://finder.well.co.uk
Wales,Rhymney,Amazon Counter - Collect+ Family Shopper,"35 High St, Rhymney, Tredegar NP22 5LP, UK",,https://www.amazon.co.uk/ulp/add-ap-to-address-book?countryCode=GB&accessPointId=11b9c7ad-d371-4275-bec9-f615dbe5e305&ref_=hubm_gb_gm_coutr_11b9c7ad-d371-4275-bec9-f615dbe5e305,,
Wales,Rhymney,Yummies Kebab & Pizza,"23B Upper High St, Rhymney, Tredegar NP22 5BS, UK",01685 840463,https://yummieskebabandpizza.com/storemenu,,
Wales,Rhymney,DPD Pickup Parcelshop,"100a Ty-Coch, Rhymney, Tredegar NP22 5DJ, UK",0121 275 0500,http://www.dpd.co.uk/pickup,,
Wales,Llay,Johnsons Stalbridge Linen Service,"Llay, Wrexham LL12 0TU, UK",01978 859070,http://www.stalbridge-linen.com/,,
Wales,Ynysybwl,Hunters Cleaning Services,"19 Cyncoed, Ynysybwl, Pontypridd CF37 3PL, UK",07399 791032,https://www.facebook.com/hunterscleaningservices/,,
Wales,Llangennech,Ironing 4 U,"Unit 3 rear of, Maes Rd, Llangennech, Llanelli SA14 8UG, UK",01554 741880,http://www.ironing4ullanelli.com/,,
Wales,Llangennech,The Bridge,"1 Bridge St, Llangennech, Llanelli SA14 8TW, UK",01554 821301,http://thebridgellangennech.co.uk/,hello@thebridgellangennech.co.uk,http://thebridgellangennech.co.uk
Wales,Llangennech,Finishing Touches Cleaning Ltd,"Unit E, Bynea Ind Est, Heol-Y-bwlch, Bynea, Llanelli SA14 9TQ, UK",01554 776777,http://www.ftcleaningwales.co.uk/,info@ftcleaningwales.co.uk,http://www.ftcleaningwales.co.uk
Wales,Nelson,Handyskips,"Tydu Farm/Tydu Rd, Nelson, Treharris CF46 6PH, UK",01443 450314,https://handyskips.co.uk/,,
Wales,Llantrisant,Tesco Extra,"Green Park, Talbot Green, Pontyclun CF72 8RB, UK",0345 677 9802,https://www.tesco.com/store-locator/pontyclun/green-park?sc_cmp=ref*yg*stc*2799&utm_source=yext_google&utm_campaign=local_Extra_Wales&utm_medium=organic,CustomerOptOut@tesco.com,https://www.tesco.com
Wales,Glanamman,Amman Valley Hospital,"Foland Road, Glanaman, Ammanford SA18 2BQ, UK",01269 822226,https://hduhb.nhs.wales/healthcare/hospitals-and-centres/community-hospitals/amman-valley-hospital/,,
Wales,Penyffordd,The Millstone,"Hawarden Rd, Penyffordd, Chester CH4 0JE, UK",01244 950678,http://www.millstonepenyffordd.co.uk/,,
Wales,Penyffordd,Tents & Events,"Clawdd Offa Farm, Wrexham Road, Pen-y-ffordd CH4 0HT, UK",01978 761717,http://www.tents-and-events.co.uk/,,
Wales,Rhuddlan,Iron & Shine,"Unit 16, HTM Business Park, Rhuddlan, Rhyl LL18 5UZ, UK",07391 150831,https://ironandshine.site/,ironandshinerhuddlan@gmail.com,https://ironandshine.site
Wales,Troed-y-rhiw and Pentrebach,Twyn Community Hub,"The Hall, Glasier Rd, Merthyr Tydfil CF47 0TD, UK",01685 709430,https://twyncommunityhub.co.uk/,info@twyncommunityhub.co.uk,https://twyncommunityhub.co.uk
Wales,Cowbridge,"D B Cleaners & Laundry, Cowbridge","2 Willow Walk, Cowbridge CF71 7EE, UK",01446 773873,https://dbcleaners.co.uk/,,
Wales,Pwllheli,Llŷn Cleaners,"83 High St, Pwllheli LL53 5RR, UK",01758 614288,https://www.facebook.com/llyncleaners/,,
Wales,Taff's Well,Ladybirds Cleaning Services Ltd,"1 Cardiff Rd, Taff's Well, Cardiff CF15 7RA, UK",029 2081 1311,http://www.ladybirdscleaning.com/,,
Wales,Fishguard,Fishguard Laundry Services,"Laundry Services, Brodog Terrace, Fishguard SA65 9NW, UK",01348 872140,http://www.fishguardlaundry.uk/,fishguardlaundry@gmail.com,http://www.fishguardlaundry.uk
Wales,Ruabon,Brymbo Laundry Room,"Railway Rd, Brymbo, Wrexham LL11 5BP, UK",07393 033486,https://www.facebook.com/share/1ApkWZ72co/?mibextid=wwXIfr,,
Wales,Tywyn,Scrubadub Laundry Tywyn,"Tyddyn Du shops, High St, Tywyn LL36 9AD, UK",01654 288568,https://www.scrubadublaundry.co.uk/,laundry@scrubadub-cleaning.co.uk,https://www.scrubadublaundry.co.uk
Wales,Ogmore Vale,Halo Ogmore Valley Life Centre,"Aber Rd, Ogmore Vale, Bridgend CF32 7AJ, UK",01656 678845,https://haloleisure.org.uk/centres/bridgend/ogmore-valley-life-centre,info@haloleisure.org.uk,https://haloleisure.org.uk
Wales,Ogmore Vale,UPS Access Point,"WYNDHAM STORE, 7/9 Dunraven Pl, Wyndham, Ogmore Vale, NFRN CF32 7ET, UK",0345 787 7877,https://www.ups.com/gb/en/services/e-commerce/access-point-network.page,,
Wales,Ogmore Vale,Evri ParcelShop,"7-9 Dunraven Pl, Ogmore Vale, Bridgend CF32 7ET, UK",0330 808 5456,https://www.evri.com/?utm_source=google&utm_medium=organic-local&utm_campaign=Ogmore%20Vale&utm_content=S20317,noreply.customer@feedback.evri.com,https://www.evri.com/contact-us
Wales,Llangollen,"Blue Bay Launderette,Llangollen","3 Regent St, Llangollen LL20 8HL, UK",01978 869227,https://launderette.ueniweb.com/?utm_campaign=gmb,bluebaylaundryllangollen@gmail.com,https://launderette.ueniweb.com
Wales,Menai Bridge,Menai Laundry,"10 Bridge St, Menai Bridge LL59 5DW, UK",01248 713833,https://www.facebook.com/Menai-Laundry-101913892003525/,,
Wales,Kidwelly,Parkdean Resorts Carmarthen Bay Holiday Park,"Port Way, Kidwelly SA17 5HQ, UK",0330 123 4985,https://www.parkdeanresorts.co.uk/location/wales/carmarthen-bay/?utm_source=local_google&utm_medium=organic&utm_campaign=carmarthen_bay_holiday_park,,
Wales,Penmaenmawr,InPost Shop,"Bangor Rd, Penmaenmawr LL34 6DA, UK",0330 335 0950,https://inpost.co.uk/lockers/UK00323854,,
Wales,Gwaun-Cae-Gurwen,CK Foodstores,"2-6 Heol-Cae-Gurwen, Gwaun-cae-Gurwen, Ammanford SA18 1HB, UK",07741 546411,http://www.ckfoodstores.co.uk/,,
Wales,Boverton,Filco Supermarket,"Pound Plaza, 19 Boverton Rd, Llantwit Major CF61 1XZ, UK",01446 792180,https://filco.co.uk/our-stores/details/llantwit-major,,
Wales,Porthmadog,Madog Cleaners,"135 High St, Porthmadog LL49 9HD, UK",01766 512121,http://www.madogcleaners.co.uk/,jc111777@yahoo.co.uk,http://www.madogcleaners.co.uk
Wales,Porthmadog,Snowdon Street Commercial Cleaners,"The Old Drill Hall, Snowdon St, Porthmadog LL49 9DF, UK",07818 108486,https://snowdonscc.co.uk/,snowdonscc@gmail.com,https://snowdonscc.co.uk
Wales,Saundersfoot,Pembrokeshire Laundry services,"Brewery Terrace, Saundersfoot SA69 9HG, UK",07565 109207,http://www.pembslaundry.wales/,,
Wales,Tycroes,ProTex Restoration Ltd,"Unit 8, Capel, Hendre Industrial Estate, Ammanford SA18 3SJ, UK",01269 527025,https://www.protexrestoration.co.uk/,enquiries@protexrestoration.co.uk,https://www.protexrestoration.co.uk/contact
Wales,Tycroes,Protex Restoration Ltd,"unit 8, Capel, Hendre Industrial Estate, Capel Hendre, Ammanford SA18 3SJ, UK",01269 527025,http://protexrestoration.co.uk/,enquiries@protexrestoration.co.uk,http://protexrestoration.co.uk/contact
Wales,Tycroes,Red Dragon Cleaning & Restoration Ltd.,"Unit 9 Capel, Hendre Industrial Estate, Capel Hendre, Ammanford SA18 3SJ, UK",01269 845718,http://www.rdcr.co.uk/,barry@rdcr.co.uk,http://www.rdcr.co.uk
Wales,Llanhilleth,Scc Laundry,"Dyfi Eco Park, Machynlleth SY20 8AX, UK",01654 523552,https://www.scclaundryltd.co.uk/contact,,
Wales,Marshfield,5 Corners Laundry & Dry Cleaning,"1414 S Maple Ave, Marshfield, WI 54449, USA",(715) 387-0920,https://5cornerslaundrydrycleaning.com/,bohmantony@gmail.com,https://5cornerslaundrydrycleaning.com
Wales,Marshfield,Lapels,"776 Plain St, Marshfield, MA 02050, USA",(781) 837-4336,https://mylapels.com/marshfield,example@domain.com,https://mylapels.com/contact-us
Wales,Marshfield,Tradition Cleaners,"1414 S Maple Ave, Marshfield, WI 54449, USA",(715) 387-4656,http://www.traditioncleaners.com/,info@gundersongroup.com,http://www.traditioncleaners.com
Wales,Nant-y-moel,Press 2 Impress: Laundry Service and Linen Hire in Newtown,"57, Industrial Estate, Mochdre Ln, Newtown SY16 4LE, UK",07585 046001,https://press2impress.co.uk/,sales@press2impress.co.uk,https://press2impress.co.uk
Wales,Pentyrch,Kings Arms,"Church Rd, Pentyrch, Cardiff CF15 9QF, UK",029 2089 0202,http://kingsarmspentyrch.com/,hello@kingsarmspentyrch.com,http://kingsarmspentyrch.com
Wales,Y Felinheli,Garddfon Inn,"1 Beach Rd, Y Felinheli LL56 4RQ, UK",01248 670359,https://www.robinsonsbrewery.com/pubs/garddfon-inn-y-felinheli/,Frederic.Robinson@email.com,https://www.robinsonsbrewery.com/contact-us
Wales,Y Felinheli,Tŷ Golchi,"Caernarfon Rd, Bangor LL57 4BT, UK",01248 671922,http://www.tygolchi.co.uk/,tygolchi@outlook.com,http://www.tygolchi.co.uk
Wales,Usk,The Copper Tree,"The Copper Tree Ltd, 29 Bridge St, Usk NP15 1BQ, UK",01291 672810,http://www.thecoppertree.co.uk/,,
Wales,Usk,Rub a Dub Dub,"22 Brookend St, Ross-on-Wye HR9 7EE, UK",01989 564652,https://rubadubdubdrycleaner.co.uk/,info@rubadubdubdrycleaner.co.uk,https://rubadubdubdrycleaner.co.uk/contact
Wales,Trimsaran,Morrisons Daily,"62, 62a Heol Morlais, Trimsaran, Kidwelly SA17 4DG, UK",0333 049 1910,https://my.morrisons.com/storefinder/61166/morrisons-daily-kidwelly-trimsaran,,
Wales,Gilwern,Londis,"18, 20 Main Rd, Gilwern, Abergavenny NP7 0AP, UK",01873 832255,https://www.londis.co.uk/?utm_source=gmb&utm_medium=yext,,
Wales,Machynlleth,AJ Laundry Services Ltd,"Office 1 @, Unit 2, Treowain Enterprise Park, Forge Rd, Machynlleth SY20 8EG, UK",07957 201574,https://ajcleaningservice.co.uk/laundry.html,info@ajcleaningservice.co.uk,https://ajcleaningservice.co.uk
Wales,Resolven,Solo Laundry Services,"Unit 4, Kenfig Industrial Estate, Port Talbot SA13 2PE, UK",01656 740740,https://www.sololaundryservices.com/,,
Wales,Crickhowell,Cleanian,"4, Upper house farm, Crickhowell NP8 1BZ, UK",07831 332226,https://cleanian.co.uk/,,
Wales,Crickhowell,Asda Express Crickhowell Petrol Station,"Brecon Rd, Crickhowell, Powys NP8 1DE, UK",01873 770333,https://storelocator.asda.com/wales/powys/brecon-road,,
Wales,Pembrey,Pembrey beach,"Burry Port SA16 0EJ, UK",,https://www.pembreycountrypark.wales/,infopembrey@carmarthenshire.gov.uk,https://www.pembreycountrypark.wales
Wales,Pembrey,Pembrey Country Park & Beach - Car Park 8,"Burry Port SA16 0EJ, UK",,https://www.pembreycountrypark.wales/parking-annual-parking-permits/,infopembrey@carmarthenshire.gov.uk,https://www.pembreycountrypark.wales
Wales,Pembrey,Pembrey Country Park,"Pembrey, Burry Port SA16 0EJ, UK",01554 742435,http://www.pembreycountrypark.wales/,infopembrey@carmarthenshire.gov.uk,http://www.pembreycountrypark.wales
Wales,Trelewis,Premier,"36 High St, Trelewis, Treharris CF46 6AB, UK",01433 413109,https://www.premier-stores.co.uk/?utm_source=gmb&utm_medium=yext,,
Wales,Trelewis,Joe's Fish Shop - Trelewis,"Gelligaer Rd, Trelewis, Treharris CF46 6DN, UK",01443 413661,https://joesfishshop.com/,,
Wales,Trelewis,Evri ParcelShop,"36 High St, Trelewis, Treharris CF46 6AB, UK",0330 808 5456,https://www.evri.com/?utm_source=google&utm_medium=organic-local&utm_campaign=Treharris&utm_content=S40506,noreply.customer@feedback.evri.com,https://www.evri.com/contact-us
Wales,Trelewis,Sew Easy Alterations,"25 Twynygarreg, Treharris CF46 5RL, UK",07931 919630,https://linktr.ee/seweasybridal,,
Wales,Trelewis,DHL eCommerce ServicePoint Treharris,"Mid Glamorgan, 45 W View Cres, Trelewis, Treharris CF46 6DE, UK",024 7693 7770,https://www.dhl.com/gb-en/ecommerce/uk/business-services/servicepoints.html,,
Wales,Trelewis,UPS Access Point,"1 Wern Cres, Nelson, Treharris CF46 6NE, UK",0345 787 7877,https://www.ups.com/gb/en/services/e-commerce/access-point-network.page,,
Wales,Trelewis,DHL eCommerce ServicePoint Treharris,"1 Fox St, Treharris CF46 5HE, UK",024 7693 7770,https://www.dhl.com/gb-en/ecommerce/uk/business-services/servicepoints.html,,
Wales,Trelewis,DHL eCommerce ServicePoint Treharris,"3 The Gdns, Treharris CF46 5AL, UK",024 7693 7770,https://www.dhl.com/gb-en/ecommerce/uk/business-services/servicepoints.html,,
Wales,Tregaron,Tregaron Trading Services Ltd,"Neuaddlas, Tregaron SY25 6LG, UK",01974 298380,http://www.ttswales.co.uk/,,
Wales,Tregaron,The Cleaning Lady - Tregaron,"Pwllswyddog, Tregaron SY25 6JG, UK",07837 267928,https://www.facebook.com/people/The-Cleaning-Lady-Tregaron/100063467441381/,,
Wales,Tregaron,Cambrian Power Tools,"Glendale, Tregaron SY25 6QT, UK",01974 298244,https://www.cambrianpowertools.co.uk/,,
Wales,Tregaron,"""I like cleaning!""","16 Hyfrydle, Llanddewi-Brefi, Tregaron SY25 6UT, UK",07946 279123,https://www.facebook.com/I-Like-Cleaning-101496068382362,,
Wales,Tregaron,Aeron riverside laundry ltd,"Unit 10 Clos Pengarreg, Aberaeron SA46 0DX, UK",01545 578488,https://aeronriversidelaundry.co.uk/,,
England,London,Green Laundrette & Dry Cleaning,"39A Lilestone St, London NW8 8SS, UK",07965 733733,http://www.greenlaundrette.com/,sirkkhan@gmail.com,http://www.greenlaundrette.com
England,London,264 St John Street Launderette & Dry Cleaning,"264 St John St, London EC1V 4PE, UK",07843 061099,http://ec1laundrycleaning.com/,,
England,London,Linsey Laundry Launderette,"20 Linsey St, London SE16 3YD, UK",,https://linseylaundry.co.uk/,,
England,London,Dirty Laundry,"255 Wandsworth Rd, Nine Elms, London SW8 2NB, UK",020 7720 1954,https://dirtystuff.co.uk/,,
England,London,Boswell Laundry,"23 Boswell St, London WC1N 3BW, UK",020 7404 1248,http://boswelllaundrette.com/,,
England,London,Kings Launderette,"114 Cromer St, London WC1H 8BS, UK",020 7837 9245,https://kingslaunderette.wordpress.com/,,
England,London,Barbican Launderette,"2 Fann St, Barbican, London EC2Y 8BR, UK",07888 708004,https://www.instagram.com/barbicanlaunderette,,
England,London,Kings & Queens Dry Cleaning and Laundrette,"221 Waterloo Rd, London SE1 8XH, UK",020 7112 4886,http://www.knqdcl.co.uk/,kingsandqueens.dcl@gmail.com,http://www.knqdcl.co.uk
England,London,Heck Of A Wash,"109 High Rd, London N2 8AG, UK",020 8883 0294,https://heckofawash.co.uk/,info@heckofawash.co.uk,https://heckofawash.co.uk/contact
England,London,Posh Wash Launderette & Dry Cleaners,"Chester Court, Albany St, London NW1 4BU, UK",020 7486 6883,http://poshwash-regents.com/,info@poshwash-regents.com,http://poshwash-regents.com
England,London,London Laundry and Dry Cleaning,"33 Melcombe St, London NW1 6AG, UK",020 7935 9836,https://www.londonlaundry.co.uk/,,
England,London,Long Lane Launderette,"156 Long Ln, London SE1 4BS, UK",020 7403 9259,http://www.longlanelaunderette.com/,longlanelaunderette@yahoo.co.uk,http://www.longlanelaunderette.com
England,London,Central Wash,"17 Star St, Tyburnia, London W2 1QD, UK",020 7706 4535,https://www.centralwash.co.uk/,,
England,London,Pimlico Launderette and Dry cleaner.,"3 Westmoreland Terrace, Pimlico, London SW1V 4AG, UK",07391 001142,https://www.pimlicolaunderette.co.uk/,info@pimlicolaunderette.co.uk,https://www.pimlicolaunderette.co.uk
England,London,The Launderette SW8,"137 S Lambeth Rd, London SW8 1XB, UK",020 3859 9745,http://www.launderettesw8.co.uk/,hello@launderettesw8.co.uk,http://www.launderettesw8.co.uk
England,London,The Laundry Inn,"2 Dunton Rd., London SE1 5TJ, UK",020 3643 9524,http://thelaundryinn.com/,info@thelaundryinn.com,http://thelaundryinn.com
England,London,Horizon Launderette,"181 Garratt Ln, London SW18 4DP, UK",020 8488 8737,http://www.facebook.com/horizonlaunderette,,
England,London,Sparkle Launderette & Dry Cleaners,"24, Chepstow Corner, London W2 4XE, UK",020 3730 9567,http://www.sparkledrycleaner.co.uk/,info@sparkledrycleaner.co.uk,http://www.sparkledrycleaner.co.uk/contact
England,London,Boundary Estate Community Launderette,"28 Calvert Ave, London E2 7JP, UK",07591 536223,https://www.facebook.com/boundarylaunderette,,
England,London,Miracle Dry Cleaners And Laundry,"9 Gloucester Rd, South Kensington, London SW7 4PP, UK",020 3441 9255,https://miracledrycleaners.co.uk/,info@miracledrycleaners.co.uk,https://miracledrycleaners.co.uk
England,London,Jamaica Road Launderette,"198 Jamaica Rd, London SE16 4RT, UK",020 7231 9598,https://www.jamaicaroadlaunderette.com/,jamaicaroadlaunderette@mail.com,https://www.jamaicaroadlaunderette.com
England,London,Lillie launderette &Drycleaning,"282 Lillie Rd, London SW6 7PX, UK",020 7385 6162,http://www.lillielaundry.com/,wahedrahmani@hotmail.com,http://www.lillielaundry.com
England,London,Baker Street Dry Cleaners and Tailors,"dry cleaners and Tailors, 13B Crawford St, Baker St, London W1U 6BZ, UK",07784 131000,http://www.bsdrycleaners.co.uk/,Info@bsdrycleaners.co.uk,http://www.bsdrycleaners.co.uk
England,London,Elegance Laundrette & Dry Cleaners,"26 Hereford Rd, London W2 4AA, UK",020 7229 1442,https://www.facebook.com/ELEGANCEDRYCLEANERS,,
England,Birmingham,Laundry Lane,"302 Haunch Ln, Birmingham B13 0QS, UK",0121 714 5164,http://laundry-lane.co.uk/,hello@rfuenzalida.com,http://laundry-lane.co.uk
England,Birmingham,Pablos Laundry,"6 King Edwards Rd, Birmingham B1 2PZ, UK",0121 455 0848,https://www.facebook.com/PablosLaundry/,,
England,Birmingham,E Launderette Express Ltd,"218 New John St W, Birmingham B19 3UA, UK",07438 625981,http://www.elaunderetteexpress.co.uk/,,
England,Birmingham,Beauchamp Laundry Service,"10 Beauchamp Ave, Birmingham B20 1DR, UK",07896 998241,https://beauchamplaundryservice.co.uk/,info@beauchamplaundryservice.co.uk,https://beauchamplaundryservice.co.uk
England,Birmingham,Moseley Washeteria,"90 St Mary's Row, Moseley, Birmingham B13 9EF, UK",0121 449 1073,http://www.moseley-wash.co.uk/,,
England,Birmingham,Rafiki Launderette & Dry Cleaning,"602 Bearwood Rd, Bearwood, Smethwick B66 4BW, UK",0121 555 1130,http://www.rafikilaundry.co.uk/,,
England,Birmingham,Tip Top Launderette and Dry Cleaners.,"Chad Square, Hawthorne Rd, Birmingham B15 3TQ, UK",0121 455 0224,https://tiptop-drycleaners.com/,,
England,Birmingham,Harborne Laundrette,"291 High St, Harborne, Birmingham B17 9QH, UK",07531 546490,https://www.yelp.co.uk/biz/harborne-launderette-birmingham,,
England,Birmingham,Swift Launderette,"52 Poplar Rd, King's Heath, Birmingham B14 7AG, UK",0121 687 2687,http://www.facebook.com/KHLaunderette,,
England,Birmingham,Mimi's Launderette,"64 Swarthmore Rd, Birmingham B29 4JT, UK",0121 408 2175,https://www.facebook.com/profile.php?id=61581646640439,,
England,Birmingham,Starlight Laundry,"209 Swanshurst Ln, Birmingham B13 0AR, UK",07576 170392,http://www.starlightlaundry.co.uk/,info@starlightlaundry.co.uk,http://www.starlightlaundry.co.uk
England,Birmingham,Washworld Laundry Services,"2 Horton Square, Birmingham B12 0YR, UK",0121 440 7754,http://www.washworld.co.uk/,,
England,Birmingham,Laundrette Revolution,"705-719 Pershore Rd, Birmingham B30 3BH, UK",,https://stores.revolution-laundry.com/en-uk/?utm_source=google&utm_medium=directory&utm_campaign=local_visibility&utm_content=google_maps,,
England,Birmingham,Sheldon Laundries,"236 Barrows Ln, Birmingham B26 1RL, UK",0121 742 9000,http://www.sheldonlaundry.co.uk/,info@sheldonlaundry.co.uk,http://www.sheldonlaundry.co.uk
England,Birmingham,Launderette,"48-55 Holloway Head, Birmingham B1 1NG, UK",,https://stores.revolution-laundry.com/en-uk/?utm_source=google&utm_medium=directory&utm_campaign=local_visibility&utm_content=google_maps,,
England,Birmingham,Krystal Kleen,"808 Alcester Rd S, Birmingham B14 5HH, UK",0121 474 3427,http://www.krystalkleen.co.uk/,Info@KrystalKleen.co.uk,http://www.krystalkleen.co.uk
England,Birmingham,Launderama,"525 Queslett Rd, Birmingham B43 7ER, UK",0121 360 6957,http://launderamabirmingham.co.uk/,,
England,Birmingham,Bubbles Linen and Laundry Services Ltd,"1 Oxhill Rd, Shirley, Solihull B90 1LR, UK",0121 798 2825,https://www.bubbleslinenandlaundry.co.uk/,info@bubbleslinenandlaundry.co.uk,https://www.bubbleslinenandlaundry.co.uk
England,Birmingham,"Cabbage White Dry Cleaning & Laundry , Dry cleaners in birmingham","H Suite, 100 Icknield Port Rd, Birmingham B16 0AA, UK",0121 448 6727,http://www.cabbagewhite.co.uk/,sales@mycabbagewhite.com,http://www.cabbagewhite.co.uk
England,Birmingham,Laundry Buster,"42 Tysoe Rd, Birmingham B44 8JT, UK",,http://www.laundrybuster.co.uk/,,
England,Birmingham,Selly Soak,"556 Bristol Rd, Birmingham B29 6BD, UK",0121 448 0665,https://www.facebook.com/SellySoakLaundrette?fref=nf,,
England,Birmingham,"Cabbage White Dry Cleaning & Linen Services, Dry cleaners in Moseley","144 Alcester Rd, Moseley, Birmingham B13 8HS, UK",0121 449 6002,https://cabbagewhite.co.uk/,sales@mycabbagewhite.com,https://cabbagewhite.co.uk
England,Birmingham,Wash Express,"250 Mackadown Ln, Birmingham B33 0LE, UK",0121 783 3333,https://www.facebook.com/Wash-Express-412816719178926/,,
England,Birmingham,Abbey Dry Cleaners & Laundry,"29 Abbey Rd, Bearwood, Smethwick B67 5RA, UK",0121 530 8487,https://abbeydrycleaner.com/,info@abbeydrycleaner.com,https://abbeydrycleaner.com
England,Leeds,Spen Lane Launderette,"205 Butcher Hill, Leeds LS16 5BQ, UK",0113 278 3345,http://www.spenlanecleaners.co.uk/,enquiries@spenlanecleaners.co.uk,http://www.spenlanecleaners.co.uk
England,Leeds,Laundry Lab,"104 Lidgett Ln, Roundhay, Leeds LS8 1HR, UK",07596 537358,http://www.laundrylab.co.uk/,contact@laundrylab.co.uk,http://www.laundrylab.co.uk
England,Leeds,24 laundromat,"Leeds City Centre, Leeds LS2 8NG, UK",0330 353 0247,https://www.24laundromat.com/locations/leeds-merrion-centre/,,
England,Leeds,Mrs Bright Superior Laundrette,"34 Whitecote Hill, Bramley, Leeds LS13 3LB, UK",07539 351260,https://www.facebook.com/Bramley-Laundrette-100668852791156/,,
England,Leeds,Suds Launderette and Dry Cleaners,"64 Victoria Rd, Morley, Leeds LS27 9DS, UK",0113 253 5876,https://sudscleaners.co.uk/,info@sudscleaners.co.uk,https://sudscleaners.co.uk
England,Leeds,Moortown Dry Cleaners & Laundrette Services,"8 Queenshill Approach, Moortown, Leeds LS17 6AY, UK",0113 268 1000,https://www.moortowndrycleaners.co.uk/,,
England,Leeds,Bubbles,"9 Town St, Farsley, Pudsey LS28 5EN, UK",0113 256 0444,http://www.bubbleslaundrette.com/,,
England,Leeds,Ria's Laundry and Ironing,"32 Coal Rd, Leeds LS14 2AF, UK",07919 592094,https://riaslaundry.wixsite.com/rias-laundry,,
England,Leeds,DryGreen,"Unit 15, Carlton Mill, Pickering St, Armley, Leeds LS12 2QG, UK",0113 245 4333,https://www.drygreenonly.co.uk/,,
England,Leeds,Magic Ironing and Laundry,"Unite 3, Citispace 45 Byron St, Leeds LS2 7QJ, UK",07867 467025,https://magicironingandlaundry.co.uk/,info@magicironingandlaundry.co.uk,https://magicironingandlaundry.co.uk
England,Leeds,Bubbles of Rawdon,"1 Canada Rd, Rawdon, Leeds LS19 6LR, UK",0113 250 2713,http://www.bubbles-launderette.co.uk/,example@mysite.com,http://www.bubbles-launderette.co.uk
England,Leeds,Simply Dry Cleaners,"19A Town St, Horsforth, Leeds LS18 5LJ, UK",0113 258 4137,http://www.simplydrycleaners.co.uk/,info@simplydrycleaners.co.uk,http://www.simplydrycleaners.co.uk
England,Leeds,Excel Dry Cleaners,"194 New Rd Side, Horsforth, Leeds LS18 4DP, UK",0113 258 8959,https://www.exceldrycleaners.co.uk/,,
England,Leeds,Classic Cleaners,"60 Armley Ridge Rd, Leeds LS12 3NP, UK",0113 279 6237,https://www.laundryheap.co.uk/dry-cleaner/classic-cleaners/leeds/armley-ridge-rd,,
England,Leeds,The Peg & Basket Ltd,"Unit 1, Gloucester Court, Gloucester Terrace, Armley, Leeds LS12 2ER, UK",0113 263 6361,http://www.pegandbasket.com/,enquiries@pegandbasket.com,http://www.pegandbasket.com
England,Sheffield,The New City Road Laundry Service,"716 City Rd, Sheffield S2 1GJ, UK",0114 239 0514,https://www.newcityroadlaundry.co.uk/,eplaundryservice@gmail.com,https://www.newcityroadlaundry.co.uk
England,Sheffield,Laundry Room & Dry Cleaners Sheffield,"Bushbury House, St Mary's Gate, Highfield, Sheffield S2 4QA, UK",0114 296 0348,https://www.laundryroomsheffield.co.uk/,,
England,Sheffield,Sparks Laundry & Dry Cleaning,"855 Ecclesall Rd, Sheffield S11 8TL, UK",0114 266 7417,http://www.sheffielddrycleaners.co.uk/,,
England,Sheffield,Laundreams: Total Laundry Services,"273 Fox Hill Rd, Fox Hill Cres, Sheffield S6 1HG, UK",0114 231 3499,http://www.laundreams.co.uk/,example@mysite.com,http://www.laundreams.co.uk/contact
England,Sheffield,Elements Laundry & Dry Cleaners,"6 Wostenholm Rd, Nether Edge, Sheffield S7 1LJ, UK",0114 258 2487,http://www.elementsldc.co.uk/,,
England,Sheffield,Sparks Laundry & Dry Cleaning,"327 Meadowhead, Norton, Sheffield S8 7UP, UK",0114 274 5101,http://www.sheffielddrycleaners.co.uk/,,
England,Sheffield,Laundry Point +,"104-106 Barber Rd, Sheffield S10 1EE, UK",07796 523971,https://laundrypointplus.com/home/,,
England,Sheffield,Wash.Me Launderette,"300 Leighton Rd, Sheffield S14 1QD, UK",,http://www.wash-megroup.com/,,
England,Sheffield,Wash.Me Launderette,"17 Leppings Ln, Wadsley Bridge, Sheffield S6 1LR, UK",0800 208 1299,http://help.megroup.uk/,,
England,Sheffield,Nether Edge Dry Cleaners,"7 Nether Edge Rd, Nether Edge, Sheffield S7 1RU, UK",0114 258 6871,https://sheffielddrycleaning.co.uk/,,
England,Sheffield,Wash Me Launderette,"Derwent Group, Kilner Way, Sheffield S6 1NN, UK",,https://stores.revolution-laundry.com/en-uk/?utm_source=google&utm_medium=directory&utm_campaign=local_visibility&utm_content=google_maps,,
England,Manchester,New York Launderette & Dry Cleaners,"1 Salisbury House, St Stephen St, Salford M3 6AX, UK",0161 834 8535,http://www.newyorklaunderette.co.uk/,,
England,Manchester,Jumbo Laundrette,"119 Levenshulme Rd, Manchester M18 7NF, UK",0161 317 7071,http://www.jumbolaundrette.co.uk/,,
England,Manchester,Ladybarn Launderette - Dry Cleaning & Alteration,"99 Mauldeth Rd, Manchester M14 6SR, UK",0161 248 5274,https://www.ladybarnalterations.com/,Ladybarnalterations@gmail.com,https://www.ladybarnalterations.com
England,Manchester,Bandbox Laundry and Dry cleaners,"72 Hathersage Rd, Manchester M13 0FN, UK",0161 425 5940,http://www.bandboxlaundry.com/,contact@bandboxlaundry.com,http://www.bandboxlaundry.com/contact
England,Manchester,Victoria Launderette & Dry Cleaner,"449 Victoria Ave, Manchester M9 8PJ, UK",07548 398738,https://victoria-laundrette.lovable.app/,,
England,Manchester,Amazing Grace Launderette,"668 Rochdale Rd, Manchester M9 5TT, UK",07505 918642,https://www.facebook.com/profile.php?id=61552313101835,,
England,Manchester,BandBox Laundry & Dry Cleaners Premier Outlet,"41 Whitworth St W, Manchester M1 5BE, UK",0161 923 4709,http://www.bandboxlaundry.com/,contact@bandboxlaundry.com,http://www.bandboxlaundry.com/contact
England,Manchester,Fallowfield Laundry Centre,"302 Platt Ln, Fallowfield, Manchester M14 7BZ, UK",07413 398807,http://fallowfieldlaundry.uk/,,
England,Manchester,Spring Clean,"168 Barton Rd, Stretford, Manchester M32 8DP, UK",0161 865 2927,http://www.spring-clean.co.uk/,,
England,Manchester,Rainbow Dry Cleaners & Laundrette,"6A Bury Old Rd, Manchester M8 9JN, UK",0161 507 5857,https://rainbowlaundry.co.uk/,,
England,Manchester,5 Star Launderette and Dry Cleaners,"1003 Stockport Rd, Manchester M19 2SY, UK",07404 252630,https://www.facebook.com/share/1C1hNV1dsk/?mibextid=wwXIfr,,
England,Manchester,Bubbles Laundrette,"5, Kemsing Walk, Salford M5 4BS, UK",07448 998436,https://www.facebook.com/BubblesLaundrette2/,,
England,Manchester,"The 3D Laundry & Dry Cleaning Services - Laundry Services Manchester, free pick up and 24-hour delivery.book online","78 Stockport Rd, Ardwick, Manchester M12 6AL, UK",07553 960088,https://3dlaundry.co.uk/,,
England,Manchester,Dirty Laundry - Dry cleaners and Alterations service.,"70 Market St, Droylsden, Manchester M43 6DE, UK",0161 370 1722,http://www.dirtylaundrymanchester.com/,,
England,Manchester,Manchester Dry Cleaners,"24 Red Bank, Cheetham Hill, Manchester M4 4HF, UK",0161 832 5863,http://www.manchester-dry-cleaners.co.uk/,,
England,Manchester,Village Dry Cleaners Limited,"38 Manchester Rd, Chorlton-cum-Hardy, Manchester M21 9PH, UK",0161 860 4451,http://www.villagedrycleaners.com/,info@villagedrycleaners.com,http://www.villagedrycleaners.com
England,Manchester,Seymour Dry Cleaners,"172 Manchester Rd, Firswood, Manchester M16 0DZ, UK",0161 860 7024,https://yjg7svcdkh.wixsite.com/my-site-2,,
England,Manchester,Spring Clean,"54 Hulme Rd, Denton, Manchester M34 2WZ, UK",0161 336 2578,http://www.spring-clean.co.uk/,,
England,Manchester,Moor Laundry,"4 James St, Sale M33 3HN, UK",0161 973 0845,http://moorlaundry.co.uk/,moorlaundry@icloud.com,http://moorlaundry.co.uk
England,Manchester,Revolution 24/7 Launderette,"421 Barlow Moor Rd, Chorlton-cum-Hardy, Manchester M21 8ER, UK",,https://stores.revolution-laundry.com/en-uk/?utm_source=google&utm_medium=directory&utm_campaign=local_visibility&utm_content=google_maps,,
England,Manchester,Premium Quality Laundry,"57 Bury Old Rd, Prestwich, Manchester M25 0FG, UK",07827 653809,https://premiumqualitylaundry.co.uk/,,
England,Manchester,Stars Dry Cleaners & Laundry,"57 Bury Old Rd, Prestwich, Manchester M25 0FG, UK",0161 773 2500,http://starsdrycleaners.co.uk/,info@starsdrycleaners.co.uk,http://starsdrycleaners.co.uk
England,Liverpool,Prima Launderette Self Service,"22 Tithebarn St, Liverpool L2 2DT, UK",01695 579146,https://primacleaners.co.uk/,martin@primafranchise.co.uk,https://primacleaners.co.uk/contact-us
England,Liverpool,Liver Launderette,"307 Brodie Ave, Liverpool L19 7ND, UK",0151 263 7451,http://www.liverlaunderettes.co.uk/,,
England,Liverpool,Liver Launderette,"43 Priory Rd, Anfield, Liverpool L4 2RX, UK",0151 263 7451,http://www.liverlaunderettes.co.uk/,,
England,Liverpool,Liver Launderette,"166 Derby Ln, Old Swan, Liverpool L13 6QQ, UK",0151 263 7451,http://www.liverlaunderettes.co.uk/store-locator/,,
England,Liverpool,Liver Launderette,"89 Bentham Dr, Liverpool L16 1JF, UK",0151 263 7451,http://www.liverlaunderettes.co.uk/,,
England,Liverpool,Liver Launderette,"237 Walton Rd, Liverpool L4 4BE, UK",0151 263 7451,https://www.liverlaunderettes.co.uk/,,
England,Liverpool,Kitty's Launderette,"77 Grasmere St, Liverpool L5 6RH, UK",0151 260 8951,http://www.kittyslaunderette.org.uk/,Info@kittyslaunderette.org.uk,http://www.kittyslaunderette.org.uk
England,Liverpool,Liver Laundry Equipment Ltd,"104 Prescot Rd, Fairfield, Liverpool L7 0JA, UK",0151 263 7451,http://www.liverlaundryequipment.co.uk/,sales@liverlaundryequipment.co.uk,http://www.liverlaundryequipment.co.uk
England,Liverpool,Prima Cleaners Launderette Self Service,"32 Fenwick St, Liverpool L3 7NB, UK",01695 579146,http://www.primacleaners.co.uk/,martin@primafranchise.co.uk,http://www.primacleaners.co.uk/contact-us
England,Liverpool,Liver Launderette,"98 N Hill St, Liverpool L8 8AG, UK",0151 263 7451,http://www.liverlaunderettes.co.uk/,,
England,Liverpool,Liver Launderette,"170 Aigburth Rd, Liverpool L17 9PE, UK",0151 263 7451,http://www.liverlaunderettes.co.uk/,,
England,Liverpool,Liver Launderette,"205 Longmoor Ln, Fazakerley, Liverpool L9 0ED, UK",0151 263 7451,http://www.liverlaunderettes.co.uk/,,
England,Liverpool,Liver Launderette,"1 Broad Green Rd, Old Swan, Liverpool L13 5SD, UK",0151 263 7451,http://www.liverlaunderettes.co.uk/,,
England,Liverpool,Liver Launderette,"121 Woolton Rd, Liverpool L15 6TB, UK",0151 263 7451,http://www.liverlaunderettes.co.uk/,,
England,Liverpool,Liver Launderette,"72 Lawrence Rd, Liverpool L15 0EG, UK",0151 263 7451,http://www.liverlaunderettes.co.uk/,,
England,Liverpool,Liver Launderette,"310 Smithdown Rd, Liverpool L15 5AJ, UK",0151 263 7451,http://www.liverlaunderettes.co.uk/,,
England,Liverpool,Liver Launderette,"75 High St, Liverpool L15 8HE, UK",0151 263 7451,http://www.liverlaunderettes.co.uk/,,
England,Liverpool,Liver Launderette,"112 Linacre Rd, Litherland, Liverpool L21 8JT, UK",0151 263 7451,http://www.liverlaunderettes.co.uk/,,
England,Liverpool,Liver Launderette,"369 Aigburth Rd, Liverpool L17 0BP, UK",0151 263 7451,http://www.liverlaunderettes.co.uk/store-locator/,,
England,Liverpool,Prima Cleaners,"21-23 Old Hall St, Liverpool L3 9LQ, UK",0151 280 5584,http://primacleaners.co.uk/,martin@primafranchise.co.uk,http://primacleaners.co.uk/contact-us
England,Liverpool,Daily Maid Liverpool,"336 Longmoor Ln, Fazakerley, Liverpool L9 9DA, UK",0151 525 2120,https://www.dailymaidsliverpool.co.uk/,,
England,Liverpool,Riverside Laundry Services,"403, Century Bldg, Brunswick Business Park, 403 Tower St, Liverpool L3 4BJ, UK",0151 345 4761,http://www.riversidelaundryservices.com/,,
England,Liverpool,Magee's Dry Cleaners,"2 Woodend Ave, Hunt's Cross, Liverpool L25 0PA, UK",0151 394 2680,https://www.mageedrycleaners.co.uk/,Mageesdrycleaner@hotmail.com,https://www.mageedrycleaners.co.uk
England,Liverpool,Riverside Dry Cleaners,"100 Aigburth Rd, Dingle, Liverpool L17 7BP, UK",0151 283 3360,https://aigburthcleaners.co.uk/,cleaning@aigburthcleaners.co.uk,https://aigburthcleaners.co.uk
England,Liverpool,Liver Launderette,"94 St John's Rd, Waterloo, Liverpool L22 9QQ, UK",0151 263 7451,http://www.liverlaunderettes.co.uk/,,
England,Liverpool,The Hot Iron,"26 Milner Rd, Liverpool L17 0AB, UK",0333 339 9964,https://thehotiron.co.uk/ironing-services-in-liverpool,,
England,Liverpool,Tarbock Dry Cleaners,"7 Tarbock Rd, Huyton, Liverpool L36 5XN, UK",0151 480 8647,http://tarbockdrycleaners.co.uk/,,
England,Liverpool,Classic Cleaning,"181 Altway, Aintree, Liverpool L10 6LB, UK",0151 526 1296,https://www.facebook.com/ClassicCleaningDryCleaners/,,
England,Liverpool,FOXCLEAN,"Unit 1, Imperial Court, Exchange St E, Liverpool L2 3AB, UK",020 7096 0569,http://www.foxclean.info/,,
England,Liverpool,Globe Cleaners,"2 Hawthorne Rd, Litherland, Liverpool L21 7PJ, UK",0151 928 1564,http://www.globecleaners.co.uk/,,
England,Liverpool,Speed Queen Launderette Halewood,"Unit 12, M Park, Leather's Ln, Halewood, Liverpool L26 0AD, UK",0333 038 9569,https://speedqueenlaundry.uk/,hello@speedqueenlaundry.uk,https://speedqueenlaundry.uk
England,Liverpool,Daves Alterations & Dry Cleaning,"56A Whitechapel, Liverpool L1 6EG, UK",0151 709 4717,https://www.davesalterations.co.uk/,,
England,Liverpool,Liver Launderette,"31 Three Tuns Ln, Formby, Liverpool L37 4AQ, UK",0151 263 7451,http://www.liverlaunderettes.co.uk/,,
England,Bristol,Park Launderette,"4 Park Pl, Clifton, Bristol BS8 1JW, UK",07880 602861,http://parklaunderette.netlify.app/,,
England,Bristol,The Clean Bean,"274 Gloucester Rd, Bishopston, Bristol BS7 8PB, UK",0117 924 1002,https://thecleanbean.co.uk/,info@thecleanbean.co.uk,https://thecleanbean.co.uk
England,Bristol,Waeshous Launderette,"307 Gloucester Rd, Horfield, Bristol BS7 8PE, UK",0117 924 8697,http://www.waeshous.co.uk/,hello@waeshous.co.uk,http://www.waeshous.co.uk
England,Bristol,Kingsway Launderette,"236 Kingsway, Bristol BS5 8NS, UK",0117 960 0220,http://www.kingsway-laundry.co.uk/,mail@kingsway-laundry.co.uk,http://www.kingsway-laundry.co.uk
England,Bristol,Staffords Launderette- North Street,"82 North St, Southville, Bristol BS3 1HF, UK",0117 239 1847,http://www.staffordslaunderette.co.uk/,,
England,Bristol,Staffords Launderette,"34 Filton Rd, Bristol BS7 0PB, UK",0117 239 1847,http://www.staffordslaunderette.co.uk/,,
England,Bristol,Whites Launderette and dry cleaners,"White's Launderette, 144-146 Church Rd, Redfield, Bristol BS5 9HN, UK",0117 955 7788,http://whiteslaunderette.co.uk/,,
England,Bristol,Spring laundry service,"108 Stapleton Rd, St Jude's, Bristol BS5 0PR, UK",0117 955 4508,https://springlaundry.co.uk/,,
England,Bristol,Staffords Launderette,"5 Zetland Rd, Redland, Bristol BS6 7AG, UK",0117 239 1847,http://www.staffordslaunderette.co.uk/,,
England,Bristol,Keynsham Wash Tub,"69 Queens Rd, Keynsham, Bristol BS31 2NW, UK",0117 329 2262,https://washtub.co.uk/,keynsham@washtub.co.uk,https://washtub.co.uk
England,Bristol,Whitehall Launderette,"Avon, 136 Whitehall Rd, Redfield, Bristol BS5 9BH, UK",0117 239 1847,http://www.staffordslaunderette.co.uk/,,
England,Bristol,Staffords Launderette - Straits Parade,"10 Straits Parade, Bristol BS16 2LA, UK",0117 239 1847,http://www.staffordslaunderette.co.uk/,,
England,Bristol,Soap Suds Laundry,"172 Wells Rd, Totterdown, Bristol BS4 2AL, UK",0117 300 9983,http://www.soapsudsbristol.co.uk/,,
England,Bristol,Ladies that Launder,"Charlecombe Rd, Bristol BS9 3RL, UK",0117 962 4015,http://www.ladiesthatlaunder.co.uk/,hello@ladiesthatlaunder.co.uk,http://www.ladiesthatlaunder.co.uk
England,Bristol,Staffords Launderette - Sandy Park,"73 Sandy Park Rd, Brislington, Bristol BS4 3PQ, UK",0117 239 1847,http://www.staffordslaunderette.co.uk/,,
England,Bristol,Cotham Hill Launderette,"48 Cotham Hill, Redland, Bristol BS6 6JX, UK",0117 239 1847,http://www.staffordslaunderette.co.uk/,,
England,Bristol,"Laundra Dry Cleaning, Laundry, Alterations & Repairs - Bristol","Clifton Down Shopping Centre, Whiteladies Rd, Clifton, Bristol BS8 2NN, UK",0117 403 1831,https://www.laundra.co.uk/,customer.services@laundra.co.uk,https://www.laundra.co.uk
England,Bristol,Fishponds Launderette,"529 Fishponds Rd, Bristol BS16 3AH, UK",0117 239 1847,http://www.staffordslaunderette.co.uk/,,
England,Bristol,Wash ME Laundrette,"213 Frenchay Park Rd, Bristol BS16 1LF, UK",,https://stores.revolution-laundry.com/,,
England,Leicester,Clarendon Laundry | Service Wash & Dry Cleaning | Mon–Fri 9am–6pm,"121 Saint Leonards Road Corner of, Clarendon Park Rd, Leicester LE2 3BZ, UK",0116 270 3093,https://clarendonlaundry.co.uk/,info@clarendonlaundry.co.uk,https://clarendonlaundry.co.uk
England,Leicester,Welford Laundry Service Washes & Dry Cleaning Available,"357 Welford Rd, Leicester LE2 6BJ, UK",0116 403 0584,https://www.welfordlaundry.co.uk/?utm_source=google_profile&utm_campaign=localo&utm_medium=mainlink,services@welfordlaundry.co.uk,https://www.welfordlaundry.co.uk
England,Leicester,Kadiri Laundrette,"1 Keythorpe St, Leicester LE2 0AL, UK",07960 091222,http://www.kadirinews.co.uk/,kadirinew@gmail.com,http://www.kadirinews.co.uk/contact-us
England,Leicester,Melton Launderette,"275 Melton Rd, Leicester LE4 7AN, UK",07961 080575,https://meltonlaunderette.co.uk/,info@meltonlaunderette.co.uk,https://meltonlaunderette.co.uk/contact
England,Leicester,Kadiri News,"Kadiri News, 1 Keythorpe St, Leicester LE2 0AL, UK",0116 251 0335,https://www.kadirinews.co.uk/,kadirinew@gmail.com,https://www.kadirinews.co.uk/contact-us
England,Leicester,Aylestone Laundry Services,"74 Marshall St, Leicester LE3 5FA, UK",07971 422590,http://www.aylestonelaundry.co.uk/,,
England,Leicester,Clarendon Laundry - Dry Cleaning & Service Wash (LONDON ROAD),"99 London Rd, Leicester LE2 0PF, UK",0116 270 3093,https://clarendonlaundry.co.uk/,info@clarendonlaundry.co.uk,https://clarendonlaundry.co.uk
England,Leicester,WASH PLUS LTD,"11 Charnwood St, Leicester LE5 3FN, UK",07307 212317,http://washplus.co.uk/,info@washplus.co.uk,http://washplus.co.uk
England,Leicester,Iron By B,"56 Rowan St, Leicester LE3 9GN, UK",,http://ironbyb.com/?utm_source=gmb&utm_medium=referral,,
England,Leicester,Whiterose Drycleaner,"176 Ethel Rd, Leicester LE5 4WE, UK",07448 926378,https://whiterose-drycleaner.ueniweb.com/?utm_campaign=gmb,wrdcleicester@gmail.com,https://whiterose-drycleaner.ueniweb.com
England,Leicester,Beaumont Shopping Centre,"25 Beaumont Way, Beaumont Leys, Leicester LE4 1DS, UK",0116 235 2561,https://www.beaumontshoppingcentre.com/,customerservice@beaumontshopping.co.uk,https://www.beaumontshoppingcentre.com
England,Leicester,King of Laundry,"1b, Bowbridge Works, 3 Chartwell Dr, Wigston LE18 2FL, UK",0116 288 5956,https://www.leicesterlinenlaundryltd.co.uk/,,
England,Leicester,Fastich Xpress Clothing Repairs and Alterations Specialist Bespoke Tailors Dry Cleaning Agents,"21 Highcross St, Leicester LE1 4PF, UK",0116 319 1632,http://www.fastichxpress.com/,,
England,Leicester,Royal Dry Cleaners,"18 Melton Rd, Leicester LE4 5EA, UK",0116 266 4254,http://royal-drycleaners.co.uk/,,
England,Bradford,The Launderette,"676 Great Horton Rd, Bradford BD7 4EJ, UK",07460 900271,https://www.thelaunderettebradford.co.uk/,info@thelaunderettebradford.co.uk,https://www.thelaunderettebradford.co.uk
England,Bradford,MnS - Laundry Services & Dry Cleaning,"227 Bradford Rd, Clayton, Bradford BD14 6BS, UK",01274 814988,http://www.sethcogroup.com/,,
England,Bradford,Allerton Launderette,"306 Allerton Rd, Allerton, Bradford BD15 7QE, UK",01274 483777,http://www.allertonlaunderette.co.uk/,info@allertonlaunderette.co.uk,http://www.allertonlaunderette.co.uk
England,Bradford,West Bowling Launderette,"128-132 Parkside Rd, Bradford BD5 8EH, UK",07727 339706,https://www.facebook.com/westbowlinglaundry/,,
England,Bradford,Noble linen -Hotel linen- Commercial Laundry service- Gym& Spa- Events-Accommodations-Care-homes,"15 Filey Street Jinnah, business park Light industrial, Bradford BD1 5LQ, UK",07594 840263,http://noblelinen.co.uk/,info@noblelinen.co.uk,http://noblelinen.co.uk
England,Bradford,Baildon laundrette and Dry Cleaners,"6, Northgate, Baildon, Shipley BD17 6JX, UK",01274 589164,http://www.baildon-drycleaners.co.uk/,,
England,Bradford,Laundrette Maids,"Unit 4, Business Park, Cemetery Rd, Barnes Rd, Bradford BD8 9RY, UK",0113 819 7839,https://laundrettemaids.co.uk/,info@laundrettemaids.co.uk,https://laundrettemaids.co.uk
England,Bradford,Sunrise Laundry,"Unit 1, Richmond Mill, Richmond Rd, Bradford BD7 1DL, UK",01274 370500,http://sunrise-laundry.co.uk/,,
England,Bradford,Sethco - Linen Services & Wet Cleaning,"Sethco Group, Legrams Ln, Bradford BD7 1ND, UK",0333 557 7857,https://www.sethcogroup.com/,,
England,Bradford,MAG Laundry Equipment,"Barnard Buildings, Rutland St, Broomfields, Bradford BD4 7EA, UK",01422 244733,https://maglaundryequipment.co.uk/,sales@laundrymachines.co.uk,https://maglaundryequipment.co.uk
England,Bradford,The Laundry & Ironing Room (Collection & delivery available ),"50C Brighouse Rd, Queensbury, Bradford BD13 1QE, UK",07539 688640,https://m.facebook.com/Laundryroomironing/,,
England,Coventry,The Laundry Centre,"180 Sewall Hwy, Coventry CV2 3NP, UK",024 7644 5322,https://www.tlc-laundry.co.uk/,,
England,Coventry,Broomfield Launderette,"19 Broomfield Rd, Earlsdon, Coventry CV5 6JW, UK",07968 490363,http://www.broomfieldlaunderette.co.uk/,,
England,Coventry,Soapy Suds Launderette,"3, Coventry CV3 5HW, UK",024 7650 2101,http://www.soapysudsshine.co.uk/,soapysudsshinelaundry@gmail.com,http://www.soapysudsshine.co.uk
England,Coventry,Monarch Laundry,"127 Sutton Ave, Coventry CV5 7ER, UK",024 7669 4327,http://www.monarchlaundrette.co.uk/contact-us,,
England,Coventry,Wash:ME: Laundrette,"Burnaby Rd, Coventry CV6 4AU, UK",0800 035 6600,https://www.wash-megroup.com/en-uk/,,
England,Coventry,Wash:ME Laundrette,"Alfall Rd, Coventry CV2 3GP, UK",0800 035 6600,https://www.wash-megroup.com/en-uk/,,
England,Nottingham,Calsteph Services,"89 Haydn Rd, Sherwood, Nottingham NG5 2LA, UK",0115 987 4401,http://www.calstephlaundry.co.uk/,,
England,Nottingham,Mainwise Launderette - Carrington,"341 Mansfield Rd, Carrington, Nottingham NG5 2DA, UK",0115 960 5126,http://mainwise.co.uk/,enquiries@mainwise.co.uk,http://mainwise.co.uk
England,Nottingham,Rex Launderette,"43 Beech Ave, New Basford, Nottingham NG7 7LJ, UK",,https://www.rexlaunderette.co.uk/,,
England,Nottingham,Mainwise Launderette - West Bridgford,"191 Loughborough Rd, West Bridgford, Nottingham NG2 7JR, UK",0115 981 2358,http://www.mainwise.co.uk/our-launderettes/mainwise-launderette-loughborough-road,enquiries@mainwise.co.uk,http://www.mainwise.co.uk
England,Nottingham,It's Brilliant,"10 Gordon Rd, West Bridgford, Nottingham NG2 5LN, UK",0115 914 0013,http://www.mainwise.co.uk/our-launderettes/its-brilliant-gordon-road,enquiries@mainwise.co.uk,http://www.mainwise.co.uk
England,Nottingham,Ruddington Launderette,"9 Charles St, Ruddington, Nottingham NG11 6EF, UK",0115 984 4470,https://www.mainwise.co.uk/ruddington-launderette,enquiries@mainwise.co.uk,https://www.mainwise.co.uk
England,Nottingham,Bradys laundry services,"9 Wensor Ave, Beeston, Nottingham NG9 2HT, UK",07464 778409,http://www.bradyslaundryservices.com/,,
England,Nottingham,Arkwright Dry Cleaners,"288 Arkwright St, Nottingham NG2 2GR, UK",0115 986 5716,http://www.arkwrightdrycleaners.com/,info@arkwrightdrycleaners.com,http://www.arkwrightdrycleaners.com
England,Nottingham,National Dry Cleaners,"Winchester St, Sherwood, Nottingham NG5 4DR, UK",0115 960 6944,https://www.national-drycleaners.co.uk/,,
England,Nottingham,Iron Maidens,"Digby Industrial Estate, Amber Trading Centre, Artic Way, Kimberley, Nottingham NG16 2HS, UK",0115 945 9032,http://www.ironmaidens.co.uk/,,
England,Nottingham,Launderbar,"12a Baker St, Hucknall, Nottingham NG15 7AS, UK",07754 153013,http://launderbar.com/?utm_source=gmb&utm_medium=referral,,
England,Nottingham,Full Steam Ahead Domestic Services,"34 High Rd, Chilwell, Beeston, Nottingham NG9 4AE, UK",07886 704731,http://www.fullsteamaheadnottingham.com/,,
England,Nottingham,Finishing Touch Dry Cleaners,"65 Boundary Rd, West Bridgford, Nottingham NG2 7DB, UK",0115 923 3625,http://www.finishingtouchdrycleaners.co.uk/,admin@finishingtouchdrycleaners.co.uk,http://www.finishingtouchdrycleaners.co.uk/contact
England,Nottingham,Indigo,"Sherwood Cafe, 582 Mansfield Rd, Sherwood, Nottingham NG5 2FS, UK",0115 962 5900,https://www.indigodrycleaners.com/,,
England,Nottingham,Openfit,"8 Flying Horse Walk, Nottingham NG1 2HN, UK",07947 844959,http://openfitter.co.uk/,,
England,Nottingham,Texaco Petrol Station,"Meadow Ln, Nottingham NG2 3HE, UK",0115 985 0584,http://www.texaco.co.uk/,PressOfficeValero@Valero.com,http://www.texaco.co.uk/contact-us
England,Nottingham,Easy Wash Launderette,"109 Wharf Rd, Pinxton, Nottingham NG16 6LH, UK",01773 863527,http://www.easywash-launderette.co.uk/,info@easywash-launderette.co.uk,http://www.easywash-launderette.co.uk
England,Nottingham,Sparkly & Clean Professional Cleaners,"378 St. Alban's Rd, Nottingham NG6 9FR, UK",07813 361526,http://www.sparklyandclean.co.uk/,,
England,Nottingham,The Steam Shop,"Nottinghamshire County, 186 Rivergreen, Nottingham NG11 8AU, UK",0115 921 2580,http://www.thesteamshop.co.uk/,forestgreg64@gmail.com,http://www.thesteamshop.co.uk
England,Newcastle upon Tyne,The Laundry Worx,"2 Morden St, Newcastle upon Tyne NE1 7RQ, UK",,https://thelaundryworx.co.uk/,info@thelaundryworx.co.uk,https://thelaundryworx.co.uk
England,Newcastle upon Tyne,Shoe & Laundry Wash Co.,"204A Heaton Rd, Newcastle upon Tyne NE6 5HP, UK",07423 396255,https://shoelaundrywash.com/,,
England,Newcastle upon Tyne,Shine On Community Launderette,"38 Wretham Pl, Shieldfield, Newcastle upon Tyne NE2 1XU, UK",0191 261 5234,https://www.shineoncharity.org.uk/,contact@shineoncharity.org.uk,https://www.shineoncharity.org.uk
England,Newcastle upon Tyne,Launder & Press | Heaton,"38 Cartington Terrace, Newcastle upon Tyne NE6 5AW, UK",0191 429 0281,https://launderandpress.co.uk/,user@domain.com,https://launderandpress.co.uk
England,Newcastle upon Tyne,A1 Laundries Ltd,"Unit 2, Brunswick Industrial Estate, Brunswick Village, Newcastle upon Tyne NE13 7BA, UK",07407 327738,https://www.a1laundries.co.uk/,info@A1Laundries.co.uk,https://www.a1laundries.co.uk
England,Sunderland,Cresswell Launderette,"1 Cresswell Ter, Sunderland SR2 7ER, UK",0191 510 8079,https://www.facebook.com/cresswelllaunderette/?locale=en_GB,,
England,Brighton,St. James's Laundry Centre,"53 St James's St, Kemptown, Brighton and Hove, Brighton BN2 1QG, UK",01273 672395,http://www.laundrycentre.com/,thelaundrycentre@yahoo.co.uk,http://www.laundrycentre.com
England,Brighton,Laundromat,"5 Powis Rd, Brighton and Hove, Brighton BN1 3HJ, UK",01273 327972,http://www.laundromat.org.uk/,support@webador.com,http://www.laundromat.org.uk
England,Brighton,Elm Grove Launderette & Dry,"10 Elm Grove, Brighton and Hove, Brighton BN2 3DD, UK",01273 628593,http://www.brightonlaunderettes.co.uk/elm-grove,,
England,Brighton,Preston Circus Launderette & Dry,"47 New England Rd, Brighton and Hove, Brighton BN1 4GG, UK",01273 690133,http://www.brightonlaunderettes.co.uk/preston-circus,,
England,Brighton,Preston Launderette & Dry,"223 Preston Rd, Preston, Brighton and Hove, Brighton BN1 6SA, UK",01273 701333,http://www.brightonlaunderettes.co.uk/preston-park,,
England,Brighton,Soap Box,"43 Montreal Rd, Brighton and Hove, Brighton BN2 9UY, UK",01273 691297,http://www.soapboxbrighton.co.uk/,,
England,Brighton,Lewes Road Launderette & Drycleaners,"82 Lewes Rd, Brighton and Hove, Brighton BN2 3HZ, UK",01273 701999,http://www.brightonlaunderettes.co.uk/lewes-road,,
England,Brighton,Seven Dials Launderette,"43 Prestonville Rd, Brighton and Hove, Brighton BN1 3TJ, UK",01273 701222,http://www.brightonlaunderettes.co.uk/seven-dials,,
England,Brighton,Western Road Launderette & Dry Cleaners,"7 Western Rd, Brighton and Hove, Hove BN3 1AE, UK",01273 660550,http://www.westernroadlaunderette.com/,,
England,Brighton,Click Clean Clothes,"39-40 Coombe Terrace, Brighton and Hove, Brighton BN2 4AD, UK",01273 286655,https://www.clickcleanclothes.co.uk/,,
England,Brighton,Blatchington Road Launderette,"89 Blatchington Rd, Brighton and Hove, Hove BN3 3YG, UK",01273 771595,http://www.blatchingtonrdlaunderette.co.uk/,,
England,Brighton,St George's Laundry Services,"87 Station Rd, Brighton and Hove, Brighton BN41 1DF, UK",01273 388388,http://www.sglaundry.co.uk/,,
England,Brighton,Jons Launderette,"216 Portland Rd, Brighton and Hove, Hove BN3 5QT, UK",01273 887722,http://www.jonslaunderette.co.uk/,,
England,Brighton,Kemptown Dry Cleaners,"8 Bristol Rd, Kemptown, Brighton and Hove, Brighton BN2 1AP, UK",07506 030001,https://kemptown-laundry.com/,hello@company.com,https://kemptown-laundry.com
England,Brighton,Mels Ironing Parlour,"8 McWilliam Rd, Brighton and Hove, Brighton BN2 6BE, UK",07861 730098,http://www.facebook.com/melsironingparlour,,
England,Brighton,Do You Hate Ironing,"8 Bristol Rd, Kemptown, Brighton and Hove, Brighton BN2 1AP, UK",07506 030001,https://doyouhateironing.uk/,hello@company.com,https://doyouhateironing.uk
England,Brighton,Station Launderette,"21D Station Rd, Brighton and Hove, Brighton BN41 1GB, UK",01273 422574,http://stationlaunderette.com/,,
England,Brighton,Top Stitch,"92 St James's St, Kemptown, Brighton and Hove, Brighton BN2 1TP, UK",01273 694888,https://m.facebook.com/100063752434788/,,
England,Brighton,Woodland Dry Cleaners,"4 Woodland Parade, Woodland Dr, Brighton and Hove, Hove BN3 6DR, UK",01273 881666,https://www.woodlanddrycleaners.co.uk/,12345fraser@gmail.com,https://www.woodlanddrycleaners.co.uk
England,Plymouth,Bubbles Launderette,"56 Wilton St, Plymouth PL1 5LX, UK",01752 562686,http://www.ebubbles.co.uk/,,
England,Plymouth,Bubbles Laundry Services,"232 Albert Rd, Morice Town, Plymouth PL2 1AW, UK",01752 563382,http://www.ebubbles.co.uk/,,
England,Plymouth,Mayflower launderette dry cleaners,"54 Ebrington St, Plymouth PL4 9AF, UK",01752 229082,http://www.mayflowerlaunderette.co.uk/,,
England,Hull,Laundry De Luxe,"12 Goodwin Parade, Hull HU3 2HA, UK",07960 024009,https://laundrydeluxe.co.uk/,admin@laundrydeluxe.co.uk,https://laundrydeluxe.co.uk
England,Hull,Laundry Box Hull Launderette,"121 Spring Bank, Hull HU3 1BH, UK",01482 320271,https://linktr.ee/laundrybox.uk?utm_source=linktree_admin_share,,
England,Hull,HU4 Boothferry Launderette,"222 Boothferry Rd, Hull HU4 6EY, UK",01482 328412,https://www.facebook.com/profile.php?id=100090302964562,,
England,Hull,Laundry Box - Self Service Launderette,"971 Spring Bank W, Hull HU5 5HD, UK",01482 328412,https://linktr.ee/laundrybox.uk?utm_source=linktree_admin_share,,
England,Hull,Laundry Box - Self-Service Launderette,"46 New Bridge Rd, Hull HU9 9HS, UK",01482 328412,https://www.facebook.com/RexClothesCare,,
England,Hull,Hessle Road Launderette Limited,"410 Hessle Rd, Hull HU3 3SD, UK",07365 929063,https://www.facebook.com/profile.php?id=61565817925138,,
England,Hull,Botanic Laundry,"Unit 2 Kimberley St, Hull HU3 1HH, UK",01482 606699,https://botaniclaundry.co.uk/,user@domain.com,https://botaniclaundry.co.uk
England,Hull,Laundry Box Cottingham,"20 The Pkwy, Cottingham HU16 5DN, UK",01482 842611,https://m.facebook.com/Laundryboxcottingham,,
England,Hull,Neta Laundry by John Smithyboy,"438 Cottingham Rd, Hull HU6 8QS, UK",01482 492681,http://netalaundry.com/,,
England,Derby,The Dolly Tub Laundrette,"53 Park Farm Centre, Allestree, Derby DE22 2QQ, UK",01332 553883,http://www.thedollytubderby.co.uk/,,
England,Derby,Littleover Launderette & Dry Cleaners,"511 Burton Rd, Littleover, Derby DE23 6FQ, UK",01332 772122,https://littleoverlaunderette.com/,info@littleoverlaunderette.com,https://littleoverlaunderette.com
England,Derby,Bright Laundry & Dry Cleaners,"1285 London Rd, Alvaston, Derby DE24 8QN, UK",07916 536409,http://www.brightlaundrylinen.co.uk/,brightlaundryltd@gmail.com,http://www.brightlaundrylinen.co.uk
England,Derby,Revolution 24 hour launderette,"2 Raynesway Texaco, The Island Service Stn, Raynesway, Alvaston, Derby DE24 0DU, UK",,https://stores.revolution-laundry.com/en-uk/?utm_source=google&utm_medium=directory&utm_campaign=local_visibility&utm_content=google_maps,,
England,Southampton,Foyes Corner Launderette Ltd,"216 Shirley Rd, Southampton SO15 3FL, UK",023 8023 6288,http://www.southcoastdrycleaners.com/,,
England,Southampton,Woolston Launderette,"24 Victoria Rd, Woolston, Southampton SO19 9DX, UK",07438 820535,http://www.woolstonlaunderette.co.uk/,info@woolstonlaunderette.co.uk,http://www.woolstonlaunderette.co.uk
England,Southampton,The Triangle Launderette,"10, The Triangle, Cobden Ave, Southampton SO18 1FZ, UK",07845 914086,https://trianglelaundry.com/,hello@trianglelaundry.com,https://trianglelaundry.com
England,Southampton,Townhill Laundrette,"11, Premier Parade, Southampton SO18 2GA, UK",07739 963571,https://sites.google.com/view/townhill-laundrette,,
England,Southampton,St James Launderette,"19 St James Rd, Shirley, Southampton SO15 5FB, UK",023 8070 3338,https://www.stjameslaunderette.co.uk/,,
England,Southampton,Swaythling Laundry Services,"2-3 Market Buildings, High Rd, Swaythling, Southampton SO16 2HW, UK",023 8055 9364,https://www.swaythlinglaundry.com/,,
England,Southampton,Atlantic Laundry & Dry Cleaners,"49/50 Bedford Pl, Southampton SO15 2DG, UK",023 8023 1018,https://atlantic-cleaners.com/,,
England,Southampton,Atlantic Laundry & Dry Cleaners,"44 Thornhill Park Rd, Thornhill, Southampton SO18 5TQ, UK",023 8046 3694,http://atlantic-cleaners.com/,,
England,Southampton,Mother's Laundry Limited,"Unit 20, Belgrave Industrial Estate, Belgrave Rd, Southampton SO17 3EA, UK",01794 878339,http://www.motherslaundry.co.uk/,info@motherslaundry.co.uk,http://www.motherslaundry.co.uk
England,Southampton,Baddesley Launderette,"7B Rownhams Rd, North Baddesley, Southampton SO52 9EF, UK",023 8244 4095,http://www.southcoastdrycleaners.com/,,
England,Southampton,Bright Laundry Services,"11, Longbridge Industrial Estate, Floating Bridge Rd, Southampton SO14 3FL, UK",023 8065 9996,http://www.brightlaundryservices.co.uk/,,
England,Southampton,West Totton Launderette,"4 Watson Walk, Totton, Southampton SO40 8JT, UK",023 8017 5994,http://www.tottonlaunderette.co.uk/,,
England,Southampton,1st Choice Dry Cleaners,"8 Floating Bridge Rd, Southampton SO14 3FL, UK",07931 192265,http://www.1stchoicedrycleaners.com/,info@1stchoicedrycleaners.com,http://www.1stchoicedrycleaners.com
England,Southampton,Abbey Cleaners & Launderers,"32 Victoria Rd, Netley, Southampton SO31 5DG, UK",023 8045 4900,http://abbeycleanersandlaundry.co.uk/,,
England,Southampton,Bee-Fresh,"13 Oakmount Ave, Totton, Southampton SO40 3JF, UK",07971 824611,https://www.beefresh.co.uk/,beefreshlavendry@gmail.com,https://www.beefresh.co.uk
England,Southampton,New Forest Laundry,"Unit 4, Trident Business Park, 50 Shore Rd, Hythe, Southampton SO45 6GJ, UK",07887 691515,https://www.newforestlaundry.co.uk/,,
England,Stoke-on-Trent,Posh Wash Launderette,"882 London Rd, Stoke-on-Trent ST4 5NX, UK",01782 745957,http://www.laundretteanddrycleaner.co.uk/,shelleyben2007@outlook.com,http://www.laundretteanddrycleaner.co.uk
England,Stoke-on-Trent,Revolution Laundrette,"38 Bennett Precinct Stoke, Longton Exchange, Stoke-on-Trent ST3 2JA, UK",,https://stores.revolution-laundry.com/en-uk/?utm_source=google&utm_medium=directory&utm_campaign=local_visibility&utm_content=google_maps,,
England,Stoke-on-Trent,Butlers specialist Dry-cleaners,"880 London Rd, Stoke-on-Trent ST4 5NX, UK",01782 746006,http://www.laundretteanddrycleaner.co.uk/,shelleyben2007@outlook.com,http://www.laundretteanddrycleaner.co.uk
England,Stoke-on-Trent,Suitcase Dry Cleaners,"6 Atherstone Rd, Trentham, Stoke-on-Trent ST4 8JY, UK",01782 657307,https://www.suitcasedrycleaners.com/,,
England,Wolverhampton,Owen Road Laundrette & Key Cutting,"171, 172 Owen Rd, Wolverhampton WV3 0HR, UK",07778 457800,https://www.the-keymaker.co.uk/,enquiries@the-keymaker.co.uk,https://www.the-keymaker.co.uk
England,Wolverhampton,Rafiki Launderette & Dry Cleaning,"3 Villiers Ave, Wolverhampton, Bilston WV14 6QN, UK",01902 500605,http://www.rafikilaundry.co.uk/,,
England,Wolverhampton,Select Services,"6 Raynor Rd, Wolverhampton WV10 9QY, UK",01902 735300,https://www.selectserviceslaundrydrycleaning.co.uk/,info@selectserviceslaundrydrycleaning.co.uk,https://www.selectserviceslaundrydrycleaning.co.uk
England,Wolverhampton,Revolution 24/7 LAUNDERETTE,"Willenhall Rd, Wolverhampton WV1 2HR, UK",,https://stores.revolution-laundry.com/en-uk/?utm_source=google&utm_medium=directory&utm_campaign=local_visibility&utm_content=google_maps,,
England,Wolverhampton,24 Laundromat - Bilston,"Morrisons, Black Country Rte, Bilston WV14 0DZ, UK",0330 353 0247,https://www.24laundromat.com/locations/bilston/,,
England,Wolverhampton,Elegant Stitches Wolverhampton,"53a Woolpack Alley, Mander Centre, Wolverhampton WV1 3NA, UK",07811 265794,http://www.elegantstitches.co/,Elegant_stitches@yahoo.co.uk,http://www.elegantstitches.co
England,Wolverhampton,Dudley Rd Dry Cleaners,"448 Dudley Rd, Wolverhampton WV2 3DE, UK",01902 456622,https://dudley-rd-dry-cleaners.ueniweb.com/,sarindr630@gmail.com,https://dudley-rd-dry-cleaners.ueniweb.com
England,Wolverhampton,CRDN Select,"6 Cousins St, Wolverhampton WV2 3DG, UK",01902 737867,https://www.crdn.co.uk/,,
England,Wolverhampton,Pure Wash Laundrette,"40 Rough Hay Rd, Darlaston, Wednesbury WS10 8NQ, UK",07857 313624,https://purewash001.wixsite.com/purewash,,
England,Wolverhampton,Bright & Beautiful Wolverhampton,"8 Birches Rd, Codsall, Wolverhampton WV8 2JR, UK",01902 290290,https://www.brightandbeautifulhome.com/locations/wolverhampton/?utm_source=google&utm_medium=organic&utm_campaign=gbp-listing,,
England,Milton Keynes,Soapy Suds Launderette,"MK Marina, Waterside, Peartree Bridge, Peartree Bridge, Milton Keynes MK6 3BX, UK",07551 012395,http://www.mksoapysuds.com/,info@mysite.com,http://www.mksoapysuds.com/contact
England,Milton Keynes,Bubbles Laundromat,"44 Church St, Wolverton, Milton Keynes MK12 5JW, UK",01908 579053,https://www.facebook.com/bubblesmk/,,
England,Milton Keynes,The Little Launderette,"100 High St, Newport Pagnell MK16 8EH, UK",01908 612332,http://www.thelittlelaunderette.com/,,
England,Reading,The Washbox Laundrette & Cleaning Services,"28 Erleigh Rd, Reading RG1 5NA, UK",07818 550628,http://thewashbox.co.uk/,service@thewashbox.co.uk,http://thewashbox.co.uk
England,Reading,Dots Laundry,"102 Oxford Rd, Reading RG1 7LL, UK",07453 717122,http://dots-laundry.co.uk/,,
England,Reading,Washateria launderette and drycleaning,"135 Wokingham Rd, Reading RG6 1LW, UK",0118 367 1263,http://www.washateria.co.uk/,services@washateria.co.uk,http://www.washateria.co.uk
England,Reading,Launderette and Dry-Cleaners,"267 Basingstoke Rd, Reading RG2 0HY, UK",0118 931 2560,https://www.facebook.com/yourlaunderette/,,
England,Reading,The Caversham Launderama,"6 Gosbrook Rd, Reading RG4 8BS, UK",0118 947 1063,http://www.cavershamlaunderette.co.uk/,,
England,Northampton,Alpha Laundry and Dry Cleaners,"115 St Leonards Rd, Far Cotton, Northampton NN4 8DN, UK",01604 763330,http://www.alphalaundry.co.uk/,sales@alphalaundry.co.uk,http://www.alphalaundry.co.uk
England,Northampton,Thames Express Drycleaners Laundry and cleaning Services,"1B Portland Pl, Wellingborough Rd, Northampton NN1 4DH, UK",01604 796926,http://www.thamesexpressdrycleaners.co.uk/,info@cleaner.com,http://www.thamesexpressdrycleaners.co.uk
England,Northampton,Laundrette Revolution,"This Is Flourish, Weston Favell Centre, Billing Brook Rd, Northampton NN3 8JZ, UK",,https://stores.revolution-laundry.com/en-uk/?utm_source=google&utm_medium=directory&utm_campaign=local_visibility&utm_content=google_maps,,
England,Luton,Round Green Laundrette & Dry Cleaning,"331 Hitchin Rd, Luton LU2 7SW, UK",07986 024301,http://roundgreenlaunderette.co.uk/,,
England,Luton,30 Degrees Launderette & Dry Cleaning,"61 Katherine Dr, Dunstable LU5 4NP, UK",07802 365810,http://www.30degs.co.uk/,info@30degs.co.uk,http://www.30degs.co.uk
England,Luton,Kez's Dry Cleaners,"13 Eaton Green Rd, Luton LU2 9HE, UK",01582 737213,http://www.kezs.co.uk/,,
England,Luton,A & Z Dry Cleaners : Curtain | Prom Dress | Wedding Dress | Leather Cleaners | Laundry & Ironing,"UNIT G1b, Luton LU1 2TW, UK",01582 965980,https://azdrycleaners.co.uk/,info@azdrycleaners.co.uk,https://azdrycleaners.co.uk
England,Luton,Thames Dry Cleaning,"Sundon Park Parade, Luton LU3 3BH, UK",07380 944634,https://thamesdrycleaners.co.uk/,contact@thamesdrycleaning.com,https://thamesdrycleaners.co.uk
England,Portsmouth,Copnor Launderette & Dry Cleaners,"309 Copnor Rd, Portsmouth PO3 5EG, UK",,http://www.copnorcleaners.co.uk/,debbie@copnorcleaners.co.uk,http://www.copnorcleaners.co.uk
England,Portsmouth,Southsea Laundry Company,"169-171 Albert Rd, Southsea, Portsmouth, Southsea PO4 0JW, UK",023 9275 2462,http://www.southsealaundry.com/,,
England,Portsmouth,Portsmouth laundry company,"40 London Rd, North End, Portsmouth PO2 0LN, UK",023 9269 0325,http://www.southsealaundry.com/,,
England,Portsmouth,Portchester Launderette,"50 White Hart Ln, Portchester, Fareham PO16 9BH, UK",023 9238 7022,https://www.portchesterlaunderette.co.uk/,,
England,Portsmouth,Southsea Textile Cleaners,"253 Albert Rd, Southsea, Portsmouth, Southsea PO4 0JR, UK",023 9273 4442,http://www.southseatextilecleaners.co.uk/,,
England,Portsmouth,Whitworth Rd Launderette Ltd,"29 Whitworth Rd, Gosport PO12 3NJ, UK",023 9252 3344,http://www.southcoastcleaners.com/,,
England,Portsmouth,Denise's Ironing Angels,"Portchester Rd, North End, Portsmouth PO2 7JA, UK",07490 404529,http://www.denisesironingangels.co.uk/,,
England,Peterborough,Mono- gram Luxury Laundrette Salon,"204, 208A Lincoln Rd, Peterborough PE1 2NQ, UK",07424 689598,https://findalaunderette.co.uk/launderette/mono-gram-luxury-laundrette-salon/,your@email.com,https://findalaunderette.co.uk
England,Peterborough,Schoffields Dry Cleaners & Launderette,"25 Herlington, Peterborough PE2 5PN, UK",01733 233501,http://www.schoffields.com/,,
England,Peterborough,TWB Laundry Peterborough,"20 Wainman Rd, Peterborough PE2 7BU, UK",01733 686446,https://www.twblaundry.co.uk/,twblaundry@gmail.com,https://www.twblaundry.co.uk
England,Peterborough,"Peters' Cleaners, Millfield Peterborough","791 Lincoln Rd, Peterborough PE1 3HE, UK",0333 772 2264,http://www.peterscleaners.co.uk/,,
England,Peterborough,Johnson’s Cleaners,"HQG2+74, Peterborough PE1 2BF, UK",,https://www.johnsoncleaners.com/,,
England,Peterborough,Easywash Laundry and Dry Cleaners,"8 Skaters Way, Werrington, Peterborough PE4 6NB, UK",01733 576503,http://www.easywashlaundry.co.uk/,,
England,Peterborough,East Anglia Laundry,"36 Stapledon Rd, Orton Southgate, Overton Park, Peterborough PE2 6TD, UK",01733 830300,http://www.ealaundry.co.uk/,,
England,Peterborough,Sunshine Peterborough Laundry Services LTD,"29/30, Barnwell Manor Estate, Peterborough PE8 5PL, UK",01832 617011,http://www.sunshinelaundryservices.co.uk/,info@sunshinelaundryservices.co.uk,http://www.sunshinelaundryservices.co.uk
England,Peterborough,Thames Dry Cleaning Pickup,"66-68 Oundle Rd, Woodston, Peterborough PE2 9PA, UK",07380 944634,https://thamesdrycleaners.co.uk/,contact@thamesdrycleaning.com,https://thamesdrycleaners.co.uk
England,Peterborough,The Iron Ladies Ltd,"22 Dovecote Ln, Yaxley, Peterborough PE7 3NF, UK",07780 118911,https://theironladiesltdpeterborough.co.uk/,,
England,Peterborough,Serpentine Green,"Hargate Way, Hampton, Peterborough PE7 8BE, UK",01733 896479,https://www.serpentine-green.com/,,
England,Bolton,Bolton Coins Launderette,"Coins Launderette, 205 Settle St, Bolton BL3 3DN, UK",01204 659143,http://boltoncoinslaunderette.co.uk/?utm_source=gmb&utm_medium=referral,,
England,Bolton,AMS Launderette Services,"254 Chorley New Rd, Horwich, Bolton BL6 5NP, UK",01204 951010,https://amslaundryservices.co.uk/,contact@amslaundryservices.co.uk,https://amslaundryservices.co.uk
England,Bolton,Blue Lagoon Laundry Services Ltd,"268-270 Halliwell Rd, Bolton BL1 3QD, UK",01204 389374,http://www.bluelagoonlaundryservices.co.uk/,sina@bluelagoonlaundryservices.co.uk,http://www.bluelagoonlaundryservices.co.uk
England,Bolton,Horwich Launderette,"83 Lee Ln, Horwich, Bolton BL6 7AU, UK",01204 697988,https://www.facebook.com/horwichlaunderette/,,
England,Bolton,Plodder Lane Laundrette & Dry Cleaners,"59 Plodder Ln, Farnworth, Bolton BL4 0BX, UK",01204 573584,https://www.facebook.com/plodderlanelaundrette,,
England,Bolton,Presstige Ironing & Dry Cleaning Services,"335 Wigan Rd, Bolton BL3 5QU, UK",01204 63173,https://www.boltonironingandlaundry.co.uk/,riojusab@yahoo.co.uk,https://www.boltonironingandlaundry.co.uk
England,Bolton,U Clean Ltd,"129-131 Chorley Old Rd, Bolton BL1 3BD, UK",01204 841366,https://ucleanbolton.com/,info@ucleanbolton.com,https://ucleanbolton.com
England,Bolton,Board of Ironing,"411 Chorley Old Rd, Bolton BL1 6AH, UK",07972 530134,http://www.boardofironing.co.uk/,hello@boardofironing.co.uk,http://www.boardofironing.co.uk
England,Dudley,Dudley Central Laundry,"49 Central Dr, Gornalwood, Dudley DY3 2QE, UK",07983 498672,https://dudleycentrallaundry.co.uk/,,
England,Dudley,Gornal Wood Launderette & Drycleaners,"16 Abbey Rd, Gornalwood, Dudley DY3 2PQ, UK",01384 236571,https://www.gornalwoodlaundrette.co.uk/,,
England,Dudley,Quarry Bank Launderette & Dry Cleaners,"161 High St, Quarry Bank, Brierley Hill DY5 2AF, UK",01384 568023,http://www.gornalwoodlaundrette.co.uk/,,
England,Dudley,My Bostin Laundrette,"139 Dudley Rd, Brierley Hill DY5 1HD, UK",01384 596869,http://www.mybostinlaundrette.co.uk/,info@mybostinlaundrette.co.uk,http://www.mybostinlaundrette.co.uk
England,Norwich,The Launderette,"20 Suffolk Square, Norwich NR2 2AA, UK",01603 767302,http://www.thelaunderette.co.uk/,admin@thelaunderette.co.uk,http://www.thelaunderette.co.uk/contact
England,Norwich,Laundromat,"179A Dereham Rd, Norwich NR2 3TB, UK",07942 377746,https://www.norwichlaundromat.co.uk/,laundromatnorwich@gmail.com,https://www.norwichlaundromat.co.uk
England,Norwich,Magdalen Launderette,"2 Magdalen Rd, Norwich NR3 4AE, UK",07942 377747,https://www.norwichlaundromat.co.uk/,laundromatnorwich@gmail.com,https://www.norwichlaundromat.co.uk
England,Norwich,Smart Image Dry Cleaners & Laundry Specialists,"69 Grove Rd, Norwich NR1 3RL, UK",01603 766692,https://www.smartimage-drycleaners.co.uk/,enquiries@smartimage-drycleaners.co.uk,https://www.smartimage-drycleaners.co.uk
England,Norwich,Handover Laundry,"Unit 10 Meteor Cl, Norwich NR6 6HQ, UK",01603 327890,https://handoverservices.co.uk/,,
England,Norwich,UEA Laundrette,"University Dr, Norwich NR4 7LN, UK",01603 456161,https://www.uea.ac.uk/about/visiting-staying/campus-facilities/campus-services,,
England,Swindon,Swindon Launderette,"Salisbury St, Swindon SN1 2AL, UK",07955 111600,https://simplyswindon.com/business/swindon-launderette/,jay@simplyswindon.com,https://simplyswindon.com/contact
England,Swindon,Swindon Launderette Ltd,"28 Cricklade Rd, Gorse Hill, Swindon SN2 8AA, UK",07936 912369,https://simplyswindon.com/business/swindon-launderette-ltd/,jay@simplyswindon.com,https://simplyswindon.com/contact
England,Swindon,The Launderette,"233 Ferndale Rd, Swindon SN2 1DD, UK",07824 332039,https://simplyswindon.com/business/the-launderette/,jay@simplyswindon.com,https://simplyswindon.com/contact
England,Croydon,MK Launderette,"291 Lower Addiscombe Rd, Croydon CR0 6RE, UK",020 8654 8989,https://mk-launderette-80.webself.net/,,
England,Croydon,Croydon DRY & WET Cleaners/Laundry/Alterations/Ironing & Leather,"32 St George's Walk, Croydon CR0 1YJ, UK",020 8688 4030,https://croydondrycleaners.co.uk/,,
England,Croydon,Dry-Clean & Launderette By Niazi,"41 High Street, Thornton Heath CR7 8RU, UK",020 8409 5000,http://www.niazi.co.uk/,,
England,Croydon,Thoughtful Services,"70 Shirley Rd, Croydon CR0 7EP, UK",020 8407 1078,http://www.thoughtfulservices.co.uk/,info@thoughtfulservices.co.uk,http://www.thoughtfulservices.co.uk
England,Croydon,Beckenham Launderette,"413 Croydon Rd, Beckenham BR3 3PP, UK",020 8650 4662,http://beckenhamlaunderette.co.uk/,,
England,Bournemouth,The Launderette,"172 Commercial Rd., Bournemouth BH2 5LX, UK",01202 551850,http://www.thelaunderettebournemouth.co.uk/,,
England,Bournemouth,Complete Clothes Care - Dry cleaners & Launderette,"392 Holdenhurst Rd, Bournemouth BH8 8BL, UK",07711 097993,https://sites.google.com/view/completeclothescare/home,,
England,Bournemouth,Queen's Park Launderette,"282 Charminster Rd, Bournemouth BH8 9RT, UK",07871 349094,https://queensparklaunderette.co.uk/,queensparklaunderette@outlook.com,https://queensparklaunderette.co.uk
England,Bournemouth,Suds Laundrette,"674 Wimborne Rd, Bournemouth BH9 2EG, UK",07378 552124,https://www.facebook.com/sudslaundrette,,
England,Bournemouth,EH Wash 'n' Dry Ltd,"1 E Howe Ln, Bournemouth BH10 5HX, UK",01202 578922,http://www.ehwashndry.co.uk/,,
England,Bournemouth,Moordown Launderette,"920 Wimborne Rd, Moordown, Bournemouth BH9 2DH, UK",01202 532548,https://mylaundry.uk/bournemouth/moordown-launderette/,,
England,Bournemouth,Laundrette,"227 Old Christchurch Rd, Bournemouth BH1 1JZ, UK",01202 840413,http://nichelocal.co.uk/services/Bournemouth/Laundrette/Laundrette-Bournemouth.html,cleverwriting@aol.com,http://nichelocal.co.uk
England,Bournemouth,Launderette (Laundrette) Boscombe Bournemouth,"479 Christchurch Rd, Boscombe, Bournemouth BH1 4AD, UK",01202 835222,http://www.boscombelaunderette.co.uk/,,
England,Bournemouth,Capricorn Laundromat,"91 Southbourne Grove, Southbourne, Bournemouth BH6 3QX, UK",01202 423415,http://www.capricornlaundromat.co.uk/,,
England,Bournemouth,Prima Launderette,"33 Withermoor Rd, Bournemouth BH9 2NU, UK",01695 579146,http://www.primacleaners.co.uk/,,
England,Bournemouth,Simply Cleaned,"477a Christchurch Rd, Boscombe, Bournemouth BH1 4AD, UK",01202 835222,https://www.simplycleaned.co.uk/,info@simplycleaned.co.uk,https://www.simplycleaned.co.uk
England,Bournemouth,Bubbles Laundry Shop,"121 Bournemouth Rd, Poole BH14 9HR, UK",01202 744016,https://www.bubbleslaundryuk.com/,,
England,Bournemouth,Westbourne Launderette,"43a Seamoor Rd, Westbourne, Bournemouth BH4 9AE, UK",01202 835222,http://www.westbournelaunderette.co.uk/,,
England,Bournemouth,Tuckton Laundry,"143 Tuckton Rd, Bournemouth BH6 3JZ, UK",01202 423977,https://sites.google.com/view/tucktonlaundry,,
England,Bournemouth,Elite Laundry & Dry Cleaning,"290 Wallisdown Rd, Bournemouth BH11 8PN, UK",01202 526724,http://www.elite-laundry.co.uk/,,
England,Bournemouth,Econowash,"16 Ashley Rd, Boscombe, Bournemouth BH1 4LQ, UK",,https://mylaundry.uk/bournemouth/econowash/,,
England,Bournemouth,Sparkle Service Washes,"479a Christchurch Rd, Boscombe, Bournemouth BH1 4AD, UK",01202 835222,http://www.boscombelaunderette.co.uk/,,
England,Bournemouth,Winton Launderette & Dry Cleaning,"300 Wimborne Rd, Winton, Banks, Bournemouth BH9 2HN, UK",01202 513355,http://www.wintonlaunderette.co.uk/,,
England,Bournemouth,Foxy Laundry,"120 Tuckton Rd, Southbourne, Bournemouth BH6 3JX, UK",01202 425404,https://foxylaundry.com/,jack@wffinbox.co.uk,https://foxylaundry.com
England,Bournemouth,Ferndown Launderette,"39 Glenmoor Rd, West Parley, Ferndown BH22 8QE, UK",01202 950580,https://ferndownlaunderette.co.uk/,,
England,Southend-on-Sea,Fairfax Launderette,"167 Fairmead Ave, Westcliff-on-Sea, Southend-on-Sea, Westcliff-on-Sea SS0 9SD, UK",01702 352181,https://fairfaxlaunderette.co.uk/,,
England,Southend-on-Sea,Launderama,"141 Leigh Rd, Southend-on-Sea, Leigh-on-Sea SS9 1JQ, UK",01702 475656,http://www.los-launderama.co.uk/,,
England,Southend-on-Sea,Jeans Laundrette,"275 Eastwood Rd N, Southend-on-Sea, Leigh-on-Sea SS9 4NG, UK",01702 710833,https://www.jeanslaundrette.co.uk/,,
England,Southend-on-Sea,Millennium Dry Cleaning and Laundry,"54 London Rd, Southend-on-Sea SS1 1NX, UK",01702 351999,https://www.millenniumdrycleaning.co.uk/,,
England,Southend-on-Sea,Pressing Matters,"1378 London Rd, Southend-on-Sea, Leigh-on-Sea SS9 2UH, UK",01702 476915,http://www.pressingmatterssouthend.co.uk/,,
England,Warrington,Launderette,"149a Orford Ln, Warrington WA2 7AZ, UK",,https://warringtonfirst.co.uk/business/launderette/,jay@warringtonfirst.co.uk,https://warringtonfirst.co.uk/contact
England,Warrington,The Hot Iron,"30 Springfield Ave, Grappenhall, Warrington WA4 2NN, UK",0333 339 9964,https://thehotiron.co.uk/ironing-services-in-warrington,,
England,Warrington,Smartway Dry Cleaners,"Smartway Dry Cleaners, 1a Honiton Way, Penketh, Warrington WA5 2EY, UK",01925 791702,http://www.smartwaydrycleaners.co.uk/,,
England,Warrington,The Hot Iron,"14 Lymmington Ave, Lymm WA13 9NQ, UK",0333 339 9964,https://thehotiron.co.uk/areas/warrington/lymm,,
England,Warrington,Perfectly Pressed Ironing Services Warrington,"8 Birch Grove, Paddington, Warrington WA1 3JG, UK",07841 410269,http://www.perfectly-pressed.co.uk/,,
England,Warrington,Lisa's Ironing Service,"Great Sankey, Warrington WA5 2US, UK",07738 938491,https://www.facebook.com/share/19R9bqReGs/,,
England,Warrington,Laundry Collection,"110 London Rd, Stockton Heath, Warrington WA4 6LE, UK",,http://www.laundryb.com/,,
England,Warrington,Unique Alterations & Dry Cleaning,"24 Walton Rd, Stockton Heath, Warrington WA4 6NL, UK",01925 269001,https://www.uniquealterations.co.uk/,info@uniquealterations.co.uk,https://www.uniquealterations.co.uk
England,Warrington,Bright & Beautiful Warrington & Knutsford,"Evans House, Warrington WA2 7HW, UK",01925 875762,https://www.brightandbeautifulhome.com/locations/warrington?utm_source=Google%20Places&utm_medium=Organic&utm_campaign=Places,,
England,Slough,Bizzywash launderette & Dry Cleaners,"12 Baylis Rd, Stoke Poges Ln, Slough SL1 3LF, UK",01753 523408,http://www.bizzywash.co.uk/,,
England,Slough,Laundry Home,"473 Bath Rd, Cippenham, Slough SL1 6AA, UK",01628 661872,http://www.laundryhome.co.uk/,info@laundryhome.co.uk,http://www.laundryhome.co.uk
England,Slough,CLEAN,"774 Buckingham Ave, Slough SL1 4NL, UK",0330 818 7001,https://www.cleanservices.co.uk/laundry/slough?utm_source=local&utm_medium=organic&utm_campaign=gmb-slough,info@cleanservices.co.uk,https://www.cleanservices.co.uk
England,Slough,Heathrow Launderette & Dry Cleaners,"185 Horton Rd, Stanwell Moor, Staines TW19 6AQ, UK",07957 479626,http://heathrowlaundry.com/,heathrowlaundrydrycleaners@gmail.com,http://heathrowlaundry.com
England,Slough,Wash Windsor Launderette,"300 Dedworth Rd, Windsor SL4 4JR, UK",01753 840511,https://www.washwindsor.co.uk/,,
England,Slough,White Rose Dry Cleaners,"9 Grasmere Ave, Slough SL2 5JD, UK",01753 291097,http://whiterosedrycleaners.wixsite.com/whiterosedrycleaners,,
England,Slough,Paragon Dry Cleaners & Launderers,"119 Bath Rd, Slough SL1 3UW, UK",01753 518666,https://paragondrycleaners.co.uk/,Info@ParagonDryCleaners.co.uk,https://paragondrycleaners.co.uk
England,Slough,Bubbles Windsor Launderette,"56 St. Leonards Rd, Windsor SL4 3BY, UK",01753 862115,http://www.windsorlaunderette.co.uk/,,
England,Slough,Premier Laundry & Ironing Service and Dry Cleaning,"183 Dedworth Rd, Windsor SL4 4JN, UK",07513 868110,http://www.premier-laundry.co.uk/,premierlaundryshop@aol.com,http://www.premier-laundry.co.uk
England,Slough,Wardrobe Dry Cleaners,"59 Coleridge Cres, Slough SL3 0QD, UK",01753 683004,https://www.facebook.com/thewardrobedrycleaners,,
England,Huddersfield,Greenside Launderette & Dry Cleaners Ltd,"568 Wakefield Rd, Huddersfield HD5 8PU, UK",01484 423221,http://www.greensidelaunderette.co.uk/,,
England,Huddersfield,The Ironing Maid Launderette,"63 Wakefield Rd, Aspley, Huddersfield HD5 9AB, UK",01484 544506,http://www.the-ironingmaid.co.uk/,,
England,Huddersfield,Simply laundry,"Workshop no 4,ska house, Ska business park, Graham St, Huddersfield HD1 3LG, UK",07710 264065,https://www.simplylaundry.info/,tomsimplylaundry@gmail.com,https://www.simplylaundry.info
England,Telford,Madeley Laundry & Dry-Cleaning,"29A Park St, Telford TF7 5LB, UK",01952 585541,http://madeleylaundryanddrycleaning.co.uk/,bagry@hotmail.co.uk,http://madeleylaundryanddrycleaning.co.uk
England,Telford,Gleaming Services,"Unit 2, St Georges Road Industrial Estate, Donnington, Telford TF2 7QZ, UK",01952 952115,http://www.gleamingservices.com/,sales@gleamingservices.com,http://www.gleamingservices.com
England,Telford,Chelsea's of Shropshire,"22-24 Haygate Rd, Wellington, Telford TF1 1QA, UK",01952 641754,http://www.chelseasofshropshire.co.uk/,,
England,Oxford,Rub a Dub Dub,"11 Playfield Rd, Kennington, Oxford OX1 5RS, UK",07923 496181,https://rubadubdublaunderette.co.uk/,info@rubadubdublaunderette.co.uk,https://rubadubdublaunderette.co.uk
England,Oxford,Wash.ME,"Rugby Football Club, N Hinksey Ln, Oxford OX2 0NA, UK",,https://stores.revolution-laundry.com/en-uk/?utm_source=google&utm_medium=directory&utm_campaign=local_visibility&utm_content=google_maps,,
England,Oxford,WASH & SEW,"42 St Clement's St, Oxford OX4 1AG, UK",01865 790888,http://www.washandsew.co.uk/,info@washandsew.co.uk,http://www.washandsew.co.uk
England,Poole,Viking Launderette,"7 Tatnam Rd, Poole BH15 2HG, UK",01202 676970,https://vikinglaunderette.co.uk/,,
England,Poole,Launderette 325,"325 Ashley Rd, Poole BH14 0AP, UK",07851 681318,http://www.launderette325.co.uk/,launderette325@gmail.com,http://www.launderette325.co.uk
England,Poole,"BillDen Dry Cleaning, Ironing services","459 Ashley Rd, Poole BH14 0AX, UK",01202 740277,http://www.billden.co.uk/,info@billden.co.uk,http://www.billden.co.uk
England,Cambridge,Monarch Coin Laundry,"161 Mill Rd, #235, Cambridge CB1 3AN, UK",07779 136495,https://www.mywashing.co.uk/cambridge,,
England,Cambridge,Dry Cleaners Cambridge | Farthings,"143 Milton Rd, Cambridge CB4 1XE, UK",01223 755180,http://www.drycleanerscambridge.co.uk/,,
England,Cambridge,Dry Cleaners Trumpington | Farthings,"1 Anstey Way, Trumpington, Cambridge CB2 9JE, UK",01223 625310,https://www.drycleanerscambridge.co.uk/,,
England,Cambridge,ONE STOP IRONING SERVICE CAMBRIDGE,"Sheppard Way, Teversham, Cambridge CB1 9AX, UK",01223 295130,http://www.gumtree.com/,,
England,Cambridge,Cambridge Clean Sheets,"2 Nuffield Cl, Cambridge CB4 1SS, UK",01223 420430,http://www.cambridgecleansheets.com/,,
England,Cambridge,Cresta Dry Cleaners & Laundry,"184 High St, Chesterton, Cambridge CB4 1NX, UK",01223 358647,http://www.cresta-drycleaningservices.co.uk/,,
England,York,Haxby Road Laundrette & Dry Cleaning,"124 Haxby Rd, Clifton, York YO31 8JP, UK",01904 623379,http://www.haxbyroadlaundrette.com/,,
England,York,Monarch Laundry (York) Ltd,"Unit 9, & 10, Concorde Park, Amy Johnson Way, York YO30 4WT, UK",01904 691150,http://monarchlaundry.net/,info@monarchlaundry.net,http://monarchlaundry.net/contact
England,York,The Washing Well Launderette,"16 Boroughbridge Rd, Acomb, York YO26 5RU, UK",01904 783355,http://www.the-washing-well.co.uk/,info@the-washing-well.co.uk,http://www.the-washing-well.co.uk
England,Blackpool,Devonshire Launderette,"City Centre, 9 Whitegate Dr, Blackpool FY3 9AE, UK",01253 301517,https://blackpoolweb.com/about/blackpool-launderettes/#devonshire-launderette,jay@blackpoolweb.com,https://blackpoolweb.com/contact
England,Blackpool,Lytham Road Laundrette,"320 Lytham Rd, Blackpool FY1 6EY, UK",01253 341523,https://www.facebook.com/lythamroadlaunderette/,,
England,Blackpool,Central Wash,"City Centre, 150 Central Dr, Blackpool FY1 5EA, UK",01253 749495,https://www.facebook.com/centralwashblackpool/,,
England,Blackpool,Lynns Laundry,"76 Whitegate Dr, Blackpool FY3 9DA, UK",01253 398920,https://www.facebook.com/Lynnslaundry/,,
England,Blackpool,Acre Gate Laundrette,"302 Highfield Rd, Blackpool FY4 3JX, UK",01253 402460,https://blackpoolweb.com/about/blackpool-launderettes/#acre-gate-laundrette,jay@blackpoolweb.com,https://blackpoolweb.com/contact
England,Blackpool,Suds & Bubbles,"236 Dickson Rd, Blackpool FY1 2JS, UK",,https://blackpoolweb.com/about/blackpool-launderettes/#suds-and-bubbles,jay@blackpoolweb.com,https://blackpoolweb.com/contact
England,Blackpool,Impressed Launderette,"54 Holmfield Rd, Blackpool FY2 9RU, UK",01253 365335,http://impressedblackpool.co.uk/,impressedenquiries@gmail.com,http://impressedblackpool.co.uk
England,Blackpool,Hawes Side Lane Launderette,"163-167 Hawes Side Ln, Blackpool FY4 4AJ, UK",01253 697191,https://blackpoolweb.com/about/blackpool-launderettes/#hawes-side-lane-launderette,jay@blackpoolweb.com,https://blackpoolweb.com/contact
England,Blackpool,Whitegate Laundry,"107 Whitegate Dr, Blackpool FY3 9BY, UK",01253 394525,https://blackpoolweb.com/about/blackpool-launderettes/#whitegate-laundry,jay@blackpoolweb.com,https://blackpoolweb.com/contact
England,Blackpool,Whirlpool Laundry,"304 Devonshire Rd, Blackpool FY2 0TW, UK",01253 354354,https://blackpoolweb.com/about/blackpool-launderettes/#whirlpool-laundry,jay@blackpoolweb.com,https://blackpoolweb.com/contact
England,Blackpool,Ansdell Road Launderette,"85 Ansdell Rd, Blackpool FY1 6PU, UK",01253 764489,https://blackpoolweb.com/about/blackpool-launderettes/#ansdell-road-launderette,jay@blackpoolweb.com,https://blackpoolweb.com/contact
England,Blackpool,The Laundry Centre,"Flickers Video, 101 Highfield Rd, Blackpool FY4 2JE, UK",01253 310022,https://blackpoolweb.com/about/blackpool-launderettes/#the-laundry-centre,jay@blackpoolweb.com,https://blackpoolweb.com/contact
England,Blackpool,Albert Launderette,"38-40 Regent Rd, Blackpool FY1 4NB, UK",01253 293305,https://blackpoolweb.com/about/blackpool-launderettes/#albert-launderette,jay@blackpoolweb.com,https://blackpoolweb.com/contact
England,Blackpool,Layton Launderette,"14 Westcliffe Dr, Layton, Blackpool FY3 7HG, UK",01253 394594,https://blackpoolweb.com/about/blackpool-launderettes/#layton-launderette,jay@blackpoolweb.com,https://blackpoolweb.com/contact
England,Blackpool,Victoria Road Launderette,"147 Victoria Rd W, Cleveleys, Thornton-Cleveleys FY5 3LB, UK",07947 119695,https://blackpoolweb.com/about/blackpool-launderettes/#victoria-road-launderette,jay@blackpoolweb.com,https://blackpoolweb.com/contact
England,Blackpool,Central Dry Cleaners & Ironing Centre,"150 Central Dr, Blackpool FY1 5EA, UK",07754 924588,https://www.facebook.com/centraldrycleaners152/?ref=aymt_homepage_panel,,
England,Blackpool,Windmill Launderette,"52A Fleetwood Rd N, Thornton-Cleveleys FY5 4AE, UK",01253 862277,https://www.windmilllaundry.co.uk/,windmillaundry@outlook.com,https://www.windmilllaundry.co.uk
England,Blackpool,InPost Locker - Central Dry Cleaners,"320 Lytham Rd, Blackpool FY1 6EY, UK",,https://inpost.co.uk/lockers/uk00275598-blackpool-247-inpost-locker-central-dry-cleaners-ltd-fy1-6ey,,
England,Blackpool,Viking Dry Cleaners,"The Golden Palace, 32 Station Rd, Blackpool FY4 1EU, UK",01253 344353,https://vikinglaundryblackpool.co.uk/,enquiries@vikinglaundryblackpool.co.uk,https://vikinglaundryblackpool.co.uk
England,Blackpool,Smart Press Dry Cleaners,"6A Alfred St, Blackpool FY1 4LH, UK",07754 924588,https://www.facebook.com/profile.php?id=61555325921253,,
England,Blackpool,The Laundry Room,"127 St Alban's Rd, Lytham St Annes, Lytham Saint Annes FY8 1UZ, UK",01253 375619,https://www.lsalaundryroom.com/,,
England,Ipswich,Springclean Launderette,"149, 151 Spring Rd, Ipswich IP4 5NH, UK",07498 939954,https://sispike.wixsite.com/springclean,,
England,Middlesbrough,Phatehials Express Laundry Services,"Westminster Hotel, 85 Parliament Rd, Middlesbrough TS1 4JF, UK",01642 222498,http://www.expresslaundryservices.co.uk/,,
England,Middlesbrough,Linthorpe Ironing Service,"39 Ventnor Rd, Middlesbrough TS5 6DX, UK",07399 401524,https://www.facebook.com/profile.php?id=100087043015713,,
England,Middlesbrough,Ironed out ltd - ironing services Middlesbrough,"Unit 4 bramthorn business, Thorntree Ave, Middlesbrough TS3 9PD, UK",07961 991540,http://www.ironedout.co.uk/,,
England,Middlesbrough,Erimus Cleaners,"281 Acklam Rd, Middlesbrough TS5 7BP, UK",01642 812115,http://www.eco-drycleaning.com/,enquiries@eco-drycleaning.com,http://www.eco-drycleaning.com/contact
England,Middlesbrough,Extra Kleen,"15a The Vlg, Marton-in-Cleveland, Middlesbrough TS7 8BE, UK",07773 683457,https://extrakleen.co.uk/,raybaxter@hotmail.co.uk,https://extrakleen.co.uk
England,Middlesbrough,Ashbank Commercial Laundry Ltd,"Forty House, Earlsway, Thornaby, Stockton-on-Tees TS17 9JU, UK",01642 763847,http://www.ashbanklaundry.co.uk/,info@ashbankgroup.co.uk,http://www.ashbanklaundry.co.uk
England,Middlesbrough,Pee Gee Ltd,"8D Bowes Rd, Middlesbrough TS2 1LU, UK",01642 244471,http://peegeeltd.co.uk/,info@wolflaundry.co.uk,http://peegeeltd.co.uk
England,Middlesbrough,Odd Socks Cafe Launderette,"63 Church St, Guisborough TS14 6HG, UK",01287 204352,https://www.oddsocks-cafelaunderette.co.uk/,,
England,Gloucester,Gloucester Wash & Dry,"221 Barton St, Gloucester GL1 4HY, UK",07811 489216,http://www.gloswashdry.com/,,
England,Gloucester,The Laundry Lounge Gloucester,"52 Bristol Rd, Gloucester GL1 5SD, UK",07729 531521,http://www.thelaundrylounge.co.uk/,,
England,Gloucester,The Laundry Centre,"102 Westgate St, Gloucester GL1 2PE, UK",01452 300206,http://www.thelaundrycentre.co.uk/,,
England,Gloucester,DOMITEX LAUNDRY SERVICES,"55 Morelands Trading Estate, Gloucester GL1 5RZ, UK",07432 730997,https://domitexlaundry.co.uk/about-us/,20contactus@domitexlaundry.co.uk,https://domitexlaundry.co.uk
England,Gloucester,"Priory Dry Cleaners & Laundry, Brockworth","5 Court Rd, Brockworth, Gloucester GL3 4EL, UK",01452 864783,https://priorycleaners.co.uk/brockworth,Support@priorydrycleaners.co.uk,https://priorycleaners.co.uk
England,Gloucester,"Priory Dry Cleaners & Laundry, Hucclecote","10 Glenville Parade, Hucclecote, Gloucester GL3 3ES, UK",01452 942995,https://priorycleaners.co.uk/hucclecote,Support@priorydrycleaners.co.uk,https://priorycleaners.co.uk
England,Exeter,Bubble It,"50 Buddle Ln, Exeter EX4 1JH, UK",01392 275415,http://www.bubbleitclean.com/,,
England,Solihull,Dovehouse Laundrette,"369 Warwick Rd, Solihull B91 1BQ, UK",0121 711 3075,https://www.dovehouselaunderetteservices.co.uk/,,
England,Solihull,Geeves of Solihull Dry Cleaners,"17 Drury Ln, Solihull B91 3BB, UK",0121 711 7040,https://geevesdrycleaners.com/,,
England,Solihull,Eclipse Dry Cleaner’s,"31 Warwick Rd, Olton, Solihull B92 7HS, UK",0121 707 7220,http://www.eclipsedrycleaners.co.uk/,info@eclipsedrycleaners.co.uk,http://www.eclipsedrycleaners.co.uk
England,Colchester,Laundry Express Colchester,"Lexden Rd, Colchester CO3 4BH, UK",07777 367076,https://laundry-express.co.uk/,support@laundry-express.co.uk,https://laundry-express.co.uk
England,Colchester,Danes of Colchester,"12 Smeaton Cl, Highwoods, Colchester CO4 9QY, UK",01206 852020,https://www.danes-laundry.co.uk/,,
England,Colchester,Island Dry Cleaners Ltd,"32 St John's St, Colchester CO2 7AD, UK",01206 570245,https://islanddrycleaners.co.uk/,,
England,Cheltenham,Spa Kleen,"51 Winchcombe St, Cheltenham GL52 2NE, UK",01242 221626,http://spa-kleen.co.uk/,,
England,Cheltenham,Cheltenham laundry,"68 Edinburgh Pl, Cheltenham GL51 7SD, UK",,http://clean-laundry.co.uk/,info@clean-laundry.co.uk,http://clean-laundry.co.uk
England,Cheltenham,Laundry Runnerz,"60 Suffolk Rd, Cheltenham GL50 2AQ, UK",07827 084317,https://laundryrunnerz.co.uk/,,
England,Cheltenham,Washing-done Dry Cleaning & Laundry Services,"Devon Ave, Cheltenham GL51 8AU, UK",01242 255566,http://www.washing-done-cheltenham.co.uk/,,
England,Cheltenham,Regency Dry Cleaners,"11 Grosvenor Terrace, Cheltenham GL52 2SA, UK",01242 520586,http://www.regencydrycleanerscheltenham.co.uk/,info@regencydryceanerscheltenham.co.uk,http://www.regencydrycleanerscheltenham.co.uk
England,Cheltenham,Crown Dry Cleaners Ltd,"Unit 3, Caernarvon Rd, Cheltenham GL51 3BW, UK",01242 862166,http://www.crowndrycleaners.uk/,info@crowndrycleaners.uk,http://www.crowndrycleaners.uk
England,Cheltenham,CLEAN,"Paragon House, 212 Hatherley Rd, Cheltenham GL51 6EU, UK",0330 818 7001,https://www.cleanservices.co.uk/laundry/cheltenham?utm_source=local&utm_medium=organic&utm_campaign=gmb-cheltenham,info@cleanservices.co.uk,https://www.cleanservices.co.uk
England,Cheltenham,Bishops Cleeve Laundrette,"43 Church Rd, Bishops Cleeve, Cheltenham GL52 8LP, UK",01242 678300,http://www.bishopscleevelaundrette.co.uk/pricelist.htm,,
England,Gateshead,Launderama,"13 Whitehall Rd, Gateshead NE8 4EQ, UK",07355 123425,https://gatesheadlaunderette.com/index.html,,
England,Gateshead,Launder & Press | Low Fell,"503 Durham Rd, Low Fell, Gateshead NE9 5EY, UK",0191 816 1623,https://launderandpress.co.uk/,user@domain.com,https://launderandpress.co.uk
England,Gateshead,Right Choice Launderette,"Studio 9 craftworks, Designworks, William St, Felling, Gateshead NE10 0JP, UK",0191 440 4323,https://www.rightchoicelaunderette.co.uk/,,
England,Gateshead,The Laundry Co,"332 Old Durham Rd, Deckham, Gateshead NE8 4BQ, UK",0191 490 1997,https://thelaundryco.com/,hello@thelaundryco.com,https://thelaundryco.com
England,Gateshead,South Tyneside Community Laundry CIC,"5, St Johns Precinct, Hebburn NE31 1LG, UK",0191 489 1701,https://www.southtyneside.gov.uk/article/10674/South-Tyneside-Community-Laundry,,
England,Gateshead,Euroclean,"328 Old Durham Rd, Deckham, Gateshead NE8 4BQ, UK",0191 477 9029,http://www.euroclean.co.uk/,hello@euroclean.co.uk,http://www.euroclean.co.uk
England,Gateshead,Luxdon Laundry,"330 Old Durham Rd, Deckham, Gateshead NE8 4BQ, UK",0191 501 6191,http://www.luxdon.com/,hello@luxdon.com,http://www.luxdon.com/contact-us
England,Gateshead,Johnsons Workwear Gateshead,"Kingsway N, Gateshead NE11 0HB, UK",0191 482 0088,http://www.johnsonsworkwear.com/,jwinfo@jsg.com,http://www.johnsonsworkwear.com/contact
England,Gateshead,Cleaners For Causes,"328 Old Durham Rd, Deckham, Gateshead NE8 4BQ, UK",0345 900 2931,http://www.cleanersforcauses.com/,hello@cleanersforcauses.com,http://www.cleanersforcauses.com/contact
England,High Wycombe,The laundry Room,"201 Desborough Rd, High Wycombe HP11 2QL, UK",01494 520678,https://the-laundryroom.co.uk/,,
England,High Wycombe,Bizzywash,"47 Heath End Rd, Flackwell Heath, High Wycombe HP10 9EJ, UK",01628 525175,http://www.bizzywash.co.uk/,,
England,High Wycombe,Creases Laundry & Dry Cleaners,"21 Crendon St, High Wycombe HP13 6LJ, UK",01494 440653,http://creases.uk/,info@creases.uk,http://creases.uk
England,High Wycombe,The Laundry & Dry Cleaning Hub,"Tylers Green House, 22 Kings Ride, Penn, High Wycombe HP10 8BL, UK",07412 295748,http://cleanclothes.uk/,cleanclothesexpress@yahoo.com,http://cleanclothes.uk
England,High Wycombe,Buckingham Laundry & Dry Cleaners,"Unit 9, W Wycombe Rd, High Wycombe HP11 2LB, UK",01494 442200,http://www.buckinghamlaundry.co.uk/,frontdesk@buckinghamhotels.co.uk,http://www.buckinghamlaundry.co.uk
England,High Wycombe,Launderoo Ltd,"22 Queen's Rd, High Wycombe HP13 6AQ, UK",01494 623116,http://www.launderooltd.co.uk/,enquiries@launderooltd.co.uk,http://www.launderooltd.co.uk
England,High Wycombe,Speedy Laundry,"Abbey House, Lincoln Rd, High Wycombe HP12 3RD, UK",01494 445291,http://www.speedylaundry.co.uk/,info@speedylaundry.co.uk,http://www.speedylaundry.co.uk
England,High Wycombe,Bentley’s Dry Cleaners,"12 Church St, High Wycombe HP11 2DE, UK",01494 524378,https://m.facebook.com/Bentleys-quality-drycleaners-highwycombe-326015747827932/?ref=bookmarks,,
England,High Wycombe,Corina's ironing service,"119 Totteridge Rd, High Wycombe HP13 6HR, UK",07402 498500,http://corinas-ironing-service.uk/,,
England,High Wycombe,High Wycombe Laundrette,"Unit 5/492 Kalamunda Rd, High Wycombe WA 6057, Australia",,http://www.highwycombelaundrette.com/,,
England,High Wycombe,Bentley's Quality Dry Cleaners,"Park Parade, 23 Park Parade Centre, Hazlemere, High Wycombe HP15 7AA, UK",01494 717004,http://bentleysdrycleaners.com/,sales@bentleysdrycleaners.com,http://bentleysdrycleaners.com
England,High Wycombe,Final Touch Tailoring & Mens Wear,"31 Eden Walk, High Wycombe HP11 2AU, UK",07860 917505,https://www.finaltouchtailoring.co.uk/,husomm@live.co.uk,https://www.finaltouchtailoring.co.uk
England,High Wycombe,Zest Laundry & Dry Cleaners,"25 The Parade, Wooburn Green, Bourne End SL8 5SB, UK",01628 290607,https://www.zestdrycleaners.co.uk/,zestlaundry@hotmail.com,https://www.zestdrycleaners.co.uk
England,Blackburn,Wensley Road Launderette,"196 Wensley Rd, Blackburn BB2 6SS, UK",01254 261701,http://www.wensleyroadlaunderette.co.uk/,,
England,Blackburn,24 Laundromat Blackburn,"Morrisons, Railway Rd, Blackburn BB1 5AZ, UK",0330 353 0247,https://www.24laundromat.com/locations/blackburn/blackburn/,,
England,Blackburn,The Washbowl Launderette,"152-154 Bolton Rd, Blackburn BB2 4HL, UK",01254 53882,http://www.washbowl.co.uk/,,
England,Blackburn,The Washbowl Launderette,"383 Preston Old Rd, Blackburn BB2 5LL, UK",01254 208248,https://washbowl.co.uk/,,
England,Blackburn,The Washbowl Launderette,"83A Bank Top, Blackburn BB2 1TN, UK",01254 698184,https://washbowl.co.uk/,,
England,Blackburn,The Washbowl Launderette,"1 Azalea Rd, Blackburn BB2 6JU, UK",01254 55474,http://www.washbowl.co.uk/,,
England,Blackburn,The Washbowl Launderette,"76 London Rd, Blackburn BB1 7LR, UK",01254 201770,http://www.washbowl.co.uk/,,
England,Blackburn,The Washbowl Launderette,"1 New Chapel St, Blackburn BB2 4DT, UK",01254 675629,http://www.washbowl.co.uk/,,
England,Blackburn,The Washbowl Launderette,"90-92 Audley Range, Blackburn BB1 1TF, UK",,https://www.washbowl.co.uk/,,
England,Maidstone,Monarch Laundry,"19A Loose Rd, Maidstone ME15 7BY, UK",01622 763655,http://monarch-laundry.co.uk/contact/2844832,,
England,Maidstone,Roseacre Launderette,"140c Ashford Rd, Bearsted, Maidstone ME14 4NA, UK",01622 296869,http://www.roseacrelaunderette.co.uk/,roseacrelaunderette@gmail.com,http://www.roseacrelaunderette.co.uk
England,Basingstoke,"Blankson's Linen Hire, Laundry and Dry Cleaners - Basingstoke","Unit 1, Bessemer Park, Bessemer Rd, Basingstoke RG21 3NB, UK",01256 460660,http://www.blanksons.com/,customer.care@blanksons.com,http://www.blanksons.com
England,Basingstoke,Just Iron It,"19 Park Ave, Old Basing, Basingstoke RG24 7HJ, UK",07764 181688,https://www.justironit.com/,travellingkelly@hotmail.co.uk,https://www.justironit.com
England,Basingstoke,Timpson Dry Cleaners,"Morrisons building, Basingstoke RG21 7RY, UK",01256 461123,https://www.timpson.co.uk/services/dry-cleaners,,
England,Basingstoke,Top Tailoring,"Ground Floor, 16a Church St, Basingstoke RG21 7QH, UK",01256 474735,http://toptailoringbasingstoke.com/,sales@toptailoringbasingstoke.com,http://toptailoringbasingstoke.com
England,Crawley,Southgate Laundry Services,"4 Southgate Parade, Wakehurst Dr, Crawley RH10 6ER, UK",07572 262396,https://southgatelaundry.co.uk/,southgatelaundrette@gmail.com,https://southgatelaundry.co.uk
England,Crawley,Laundrybird,"10 Pound Hill Parade, Crawley RH10 7EA, UK",07460 675750,https://www.laundrybird.co.uk/,hello@laundrybird.co.uk,https://www.laundrybird.co.uk
England,Chelmsford,Chelmsford Laundry Co.,"47 Watchouse Rd, Chelmsford CM2 8PU, UK",01245 357710,https://business.google.com/edit/l/14862897535488226627,,
England,Chelmsford,Easy Iron,"Industrial Estate, 2 Eckersley Rd, Chelmsford CM1 1SL, UK",01245 491401,https://easyironchelmsford.uk/,contact@easyironchelmsford.uk,https://easyironchelmsford.uk
England,Preston,The Laundry Room,"26 Ribbleton Ave, Preston PR1 5RY, UK",01772 345236,https://www.facebook.com/TheLaundryRoomPreston,,
England,Preston,City Wash Launderette,"19 Manchester Rd, Preston PR1 3YH, UK",07702 070620,http://bestatlaundry.com/,,
England,Preston,Brighterwash,"264 Plungington Rd, Fulwood, Preston PR2 3PR, UK",01772 712067,https://brighterwash.co.uk/contact/,,
England,Preston,Preston Launderette – WASH HUB | Dry Cleaning & Laundry Pickup,"Unit 8, trading estate, Coote Ln, Lostock Hall, Preston PR5 5JD, UK",01772 313341,https://thewashhub.co.uk/,,
England,Preston,Timeless Ironing Services Ltd,"24 Oakham Ct, Preston PR1 3XP, UK",07970 972782,http://www.timelessironing.com/,,
England,Walthamstow,Hoe Street launderette & Drycleaners,"108 Hoe St, London E17 4QS, UK",07961 075114,https://hoestreetlaundrettedrycleaners.co.uk/,,
England,Walthamstow,WASHX LAUNDERETTE & DRY CLEANERS,"339 Forest Rd, London E17 5JR, UK",07930 469188,http://www.washx.co.uk/,,
England,Walthamstow,Wash-dry-fold,"74 Pretoria Ave, London E17 7DL, UK",07598 898649,http://wash-dry-fold.co.uk/,info@wash-dry-fold.co.uk,http://wash-dry-fold.co.uk
England,Walthamstow,Forest Eco Cleaners,"185 High St, London E17 7BX, UK",020 8521 1170,https://www.forestecocleaners.co.uk/,forestecocleaners@hotmail.com,https://www.forestecocleaners.co.uk
England,Walthamstow,Gina's Drop 'N' Go,"136 Hoe St, London E17 4QR, UK",020 3649 8691,http://ginasdropngo.com/,development.i4interface@gmail.com,http://ginasdropngo.com
England,Walthamstow,"Klothing Kare – Dry Cleaners, Laundry & Alterations","232 High St, London E17 7JH, UK",020 8520 1299,https://www.klothingkare.com/,info@klothingkare.com,https://www.klothingkare.com
England,Walthamstow,EcoCare: Garment Care & Footwear Repair Specialist,"14 Blackhorse Ln, London E17 6HJ, UK",020 3941 2713,https://www.ecocarecleaners.co.uk/,,
England,Walthamstow,Fresh Touch Dry Cleaners,"591 Lea Bridge Rd, London E10 6AJ, UK",07543 547986,https://freshtouchlondon.com/,info@freshtouch.com,https://freshtouchlondon.com
England,Walthamstow,Wilton Green Laundry and Dry-cleaning,"Unit 10, Forest Business Park, Argall Ave, London E10 7FB, UK",020 8885 4406,http://www.wiltongreen.com/,,
England,Walthamstow,WhistlenFlute & Laundry Lounge,"Whistle & Flute Dry Cleaners, High Rd, Woodford, Woodford Green IG8 9EF, UK",020 8559 1000,https://laundry-lounge.co.uk/,,
England,Walthamstow,North East London Ironing Service,"5 Blackhorse Rd, London E17 7AH, UK",020 8509 3333,http://www.nelironingservice.com/,,
England,Walthamstow,WASHX LAUNDERETTE & DRY CLEANERS,"766 High Rd. Leyton, London E10 6AE, UK",07930 469188,http://www.washx.co.uk/,,
England,Basildon,Station Dry Cleaners,"6 Station Approach, Laindon, Basildon SS15 6UA, UK",01268 541441,http://www.stationcleaners.co.uk/,,
England,Dartford,Dartford Launderette,"72 Spital St, Dartford DA1 2DT, UK",01322 951806,http://www.facebook.com/dartfordlaundry,,
England,Dartford,East Hill Launderette (Self Service),"94, 96a East Hill, Dartford DA1 1RZ, UK",,http://www.easthilllaunderette.co.uk/,easthilllaunderette@gmail.com,http://www.easthilllaunderette.co.uk
England,Dartford,Washeteria,"Unit 3, Birchwood Parade, Woodside Dr, Dartford DA2 7NJ, UK",01322 558204,https://washeteriadartford.co.uk/,,
England,Bedford,Queens Drive Launderette,"Queens Drive Launderette, 90 Queens Dr, Bedford MK41 9BS, UK",01234 290943,http://www.queensdrivelaundry.co.uk/launderette/,,
England,Bedford,Aqua Laundry Services,"23 St Peter's St, Bedford MK40 2PN, UK",07496 765861,https://www.aqualaundryservice.co.uk/,aqualaundrette@yahoo.com,https://www.aqualaundryservice.co.uk
England,Bedford,Marino's Ironing Bedford,"4 Pemberley Ave, Bedford MK40 2LH, UK",07976 888762,https://marinosironing.co.uk/,contact@marinosironing.co.uk,https://marinosironing.co.uk
England,Bedford,Queens Drive Laundry Limited,"Unit 9, Singer Court, Singer Way, Kempston, Bedford MK42 7AW, UK",01234 854888,https://www.queensdrivelaundry.co.uk/,,
England,Bedford,Eisa Drycleaners & Tailors,"38 St Loyes St, Bedford MK40 1EP, UK",01234 325020,https://eisadrycleanerstailoring.co.uk/,eisadrycleaners@gmail.com,https://eisadrycleanerstailoring.co.uk
England,Bedford,Zip Yard Bedford,"76 High St, Bedford MK40 1NN, UK",01234 217771,http://www.thezipyard.co.uk/bedford/,,
England,Doncaster,Wade Launderettes,"31-33 Beckett Rd., Doncaster DN2 4AD, UK",07815 304578,https://www.facebook.com/WadeLaunderettes,,
England,Doncaster,wash.me,"1a Water Vole Wy, Balby, Doncaster DN4 5JP, UK",,https://www.wash-megroup.com/en-uk/,,
England,Doncaster,Iron2Door,"Tickhill Way, Rossington, Doncaster DN11 0FJ, UK",07789 263230,https://www.facebook.com/profile.php?id=61567849237011,,
England,Worthing,Worthing Laundrette,"37 Brighton Rd, Worthing BN11 3EF, UK",01903 539099,http://www.worthinglaundrette.co.uk/,,
England,Worthing,Aldsworth Washeteria,"9 Aldsworth Ave, Goring-by-Sea, Worthing BN12 4UP, UK",01903 507680,https://www.aldsworthwasheteria.co.uk/,info@aldsworthwasheteria.co.uk,https://www.aldsworthwasheteria.co.uk
England,Worthing,Bonetti's Quality Dry Cleaners,"Kings Parade, 182 Findon Rd, Findon Valley, Worthing BN14 0EL, UK",01903 873987,https://bonettis.co.uk/,,
England,Worthing,Kelvin Dry Cleaners,"4 Rectory Rd, Worthing BN14 7PA, UK",01903 522228,https://www.kelvinsdrycleaners.co.uk/,,
England,Worthing,Eileen's Leprechaun Ironing Services,"10 Sackville Way, Worthing BN14 8BJ, UK",01903 906448,http://eileensironing.com/,,
England,Worthing,Quality Kwik Dry Cleaners Ltd,"Shop 2, Tesco Extra, Fulbeck Ave, Worthing BN13 3FG, UK",01903 692055,https://www.worthingdrycleaning.co.uk/,,
England,Worthing,Montague Street Cleaners,"185 Montague St, Worthing BN11 3DA, UK",01903 962472,http://www.worthingdrycleaners.co.uk/,,
England,Worthing,East Preston Launderette,"132 Downs Way, East Preston, Littlehampton BN16 1AF, UK",07585 640302,https://sites.google.com/a/admico.co.uk/east-preston-launderette,,
England,Rotherham,Stag Launderette & Dry Cleaners,"154 Wickersley Rd, Rotherham S60 3PT, UK",01709 367573,https://sites.google.com/view/stagdrycleaners/home,,
England,Mansfield,OSL - One Stop Laundry Mansfield,"OSL (One Stop Laundry, 99 Broxtowe Dr, Mansfield NG18 2JF, UK",01623 659480,http://oslservice.com/,,
England,Mansfield,Imperial Laundry,"128 Nottingham Rd, Mansfield NG18 1BW, UK",01623 765638,http://www.imperiallaundry.co.uk/,example@mysite.com,http://www.imperiallaundry.co.uk
England,Mansfield,Wash.Me Launderette,"103a Sherwood St, Warsop, Mansfield NG20 0JU, UK",0800 208 1299,http://megroup.uk/,,
England,Eastbourne,Eastbourne Launderette,"46 Seaside, Eastbourne BN22 7QJ, UK",01323 723931,http://eastbournelaunderette.com/,astigma@astigmatic.com,http://eastbournelaunderette.com
England,Eastbourne,Meads Laundromat,"26 Meads St, Eastbourne BN20 7QY, UK",01323 724607,http://www.meadslaundromat.co.uk/,,
England,Eastbourne,Top Dog Laundry,"47 Seaside Rd, Eastbourne BN21 3PL, UK",07946 381427,https://topdoglaundry.com/,info@topdoglaundry.com,https://topdoglaundry.com
England,Eastbourne,Express Dry Cleaners,"1 Station Parade, Eastbourne BN21 1BE, UK",01323 411979,http://expressdryclean.co.uk/,,
England,Wigan,Park Road Laundry,"89 Park Rd, Wigan WN6 7AE, UK",01942 745944,http://parkroadlaundry.com/?utm_source=gmb&utm_medium=referral,,
England,Wigan,One Stop Laundry Wigan,"832 Ormskirk Rd, Pemberton, Wigan WN5 8EX, UK",07970 352721,https://www.wiganlaundry.co.uk/,,
England,Wigan,Marbren Laundry and Alterations services,"267 Ormskirk Rd, Wigan WN5 9DN, UK",07970 352721,http://wiganlaundry.co.uk/,,
England,Wigan,Monks Dry Cleaning & Laundry,"20 Moorside, Aspull, Wigan WN2 1XW, UK",01942 831489,http://monksdrycleaning.co.uk/,paul@monksdrycleaning.co.uk,http://monksdrycleaning.co.uk/contact
England,Wigan,Wigan Dry Cleaners,"55 Library St, Wigan WN1 1NU, UK",01942 825655,https://wigandrycleaners.co.uk/,info@wigandrycleaners.co.uk,https://wigandrycleaners.co.uk
England,Sutton Coldfield,Harpers Dry Cleaners & Launderers,"286A Lichfield Rd, The Royal Town of Sutton Coldfield, Birmingham, Sutton Coldfield B74 2UG, UK",0121 308 3939,http://www.harpersdrycleaners.co.uk/,,
England,Sutton Coldfield,Eclipse Dry Cleaner’s,"115 Boldmere Rd, The Royal Town of Sutton Coldfield, Birmingham, Sutton Coldfield B73 5TU, UK",0121 355 5111,http://www.eclipsedrycleaners.co.uk/,info@eclipsedrycleaners.co.uk,http://www.eclipsedrycleaners.co.uk
England,Sutton Coldfield,Harpers Dry Cleaners & Launderers,"390 Birmingham Rd, The Royal Town of Sutton Coldfield, Birmingham, Sutton Coldfield B72 1YJ, UK",0121 384 5152,http://www.harpersdrycleaners.co.uk/,,
England,Sutton Coldfield,Geeves Dry Cleaners,"61-62 Thornhill Rd, Sutton Coldfield B74 3EN, UK",0121 353 6655,https://geevesdrycleaners.com/,,
England,Sutton Coldfield,Royal Stitch & Dry Cleaners,"unit 108 Gracechurch Shopping Centre, The Parade, Birmingham, Sutton Coldfield B72 1PH, UK",0121 354 3140,http://www.royalstitch.co.uk/,,
England,Sutton Coldfield,Fosseway Laundry Services,"7 Fosseway Dr, Birmingham B23 5LD, UK",0121 373 6077,http://www.launderetteonline.co.uk/,info@LaunderetteOnline.co.uk,http://www.launderetteonline.co.uk
England,Lincoln,Moor Lane Laundrette ltd,"1 Moor Ln, North Hykeham, Lincoln LN6 9AE, UK",01522 217388,https://www.moorlanelaundry.co.uk/,Moorlanelaundry@gmail.com,https://www.moorlanelaundry.co.uk
England,Lincoln,Jacksons Dry Cleaners,"13-14 Forum, North Hykeham, Lincoln LN6 8HW, UK",01522 500540,http://www.jacksonsdrycleaners.co.uk/,example@domain.com,http://www.jacksonsdrycleaners.co.uk
England,Lincoln,SARAH'S LAUNDRY AND IRONING SERVICE,"Mere Rd, Waddington, Lincoln LN5 9NX, UK",07500 245340,http://sarahslaundry.co.uk/,davison.sarah.sd@googlemail.com,http://sarahslaundry.co.uk
England,Worcester,EasySpin,"17 New St, Worcester WR1 2DP, UK",01905 972578,http://easyspin.co.uk/,,
England,Salford,Monton Village Laundry Studio,"231 Monton Rd, Eccles, Manchester M30 9PS, UK",0161 789 3202,https://eccles.org.uk/business/monton-village-laundry-studio/,jay@eccles.org.uk,https://eccles.org.uk/contact
England,St Helens,Ravenhead Services Ltd,"110 Ravenhead Rd, St Helens, Saint Helens WA10 3LR, UK",01744 23890,http://www.ravenheadservices.co.uk/,,
England,St Helens,Haydock Laundry,"62-64 Sherlock Ave, Saint Helens WA11 0PQ, UK",01942 725056,https://haydocklaundry.co.uk/,,
England,St Helens,Bromdales Ironing Services,"100 Woodlands Rd, St Helens, Saint Helens WA11 9AQ, UK",07884 436841,http://www.bromdaleslaundryservice.co.uk/,bromdaleslaundry@gmail.com,http://www.bromdaleslaundryservice.co.uk
England,Wembley,Dapper Dry Cleaners,"7 Bridge Rd, Wembley Park, Wembley HA9 9AB, UK",020 8904 5657,https://ueni.com/en-gb/business/london-ha9/dry-cleaner/dapper-dry-cleaners,help@ueni.com,https://ueni.com
England,Wembley,New Age Laundry Ltd,"255 Water Rd, Wembley HA0 1JW, UK",020 8814 2925,http://www.newagelaundry.com/,,
England,Wembley,Comet Dry Cleaners,"426 High Rd, Wembley HA9 6AH, UK",07919 365899,https://www.yell.com/biz/comet-dry-cleaners-wembley-387706,,
England,Wembley,I CLEAN DRY CLEANERS - NOW OPEN,"3, The Broadway, 3 The Broadway, Wembley HA9 8JT, UK",07435 786858,http://funkydrycleaners.com/,info@funkydrycleaners.com,http://funkydrycleaners.com
England,Hemel Hempstead,The Denes Launderette,"7 The Denes, Hemel Hempstead HP3 8AP, UK",07802 365810,http://thedeneslaundry.co.uk/,info@30degs.co.uk,http://thedeneslaundry.co.uk
England,Watford,Aqua Dry Cleaners and Launderette,"143 Courtlands Dr, Watford WD24 5LL, UK",01923 517802,http://aquadrycleaners-launderette.com/,info@aquadrycleaners-launderette.com,http://aquadrycleaners-launderette.com
England,Watford,Sno-White Laundrette,"154 Whippendell Rd, Watford WD18 7NB, UK",07300 886445,https://www.yell.com/biz/sno-white-laundrette-watford-10212860/,,
England,Watford,Local Dry cleaners And Launderette,"103 Eastbury Rd, Watford WD19 4JP, UK",01923 510950,https://laundryup.co.uk/,,
England,Stockport,Clean Inc,"119 Heaton Moor Rd, Heaton Moor, Cheshire, Stockport SK4 4HY, UK",0161 286 6100,http://www.cleaninc.co.uk/,,
England,Stockport,Hazelwood Laundry Services,"16 Hazelwood Rd, Hazel Grove, Stockport SK7 4LZ, UK",0161 483 0673,http://www.hazelwoodlaundry.com/,info@hazelwoodlaundry.com,http://www.hazelwoodlaundry.com
England,Ilford,Speed Queen Laundromat,"20A, 20A Woodford Ave, Gants Hill, Ilford IG2 6XG, UK",020 8550 4566,https://speedqueeninvestor.com/our-laundry-stores/locations/uk/ilford/laundromat-speed-queen/138194,,
England,Ilford,Washeteria,"41 New N Rd, Ilford IG6 2UE, UK",020 8501 1278,http://www.launderette-hainault.co.uk/,launderettehainault@gmail.com,http://www.launderette-hainault.co.uk
England,Ilford,Goodmayes Launderette,"78 Goodmayes Rd, Ilford IG3 9UU, UK",020 8597 5796,http://goodmayeslaunderette.co.uk/,,
England,Ilford,ZAPP Laundry – Pickup & Delivery IG1–IG11,"11 Beehive Ln, Ilford IG1 3RG, UK",07539 456910,https://zapplaundry.com/,,
England,Ilford,Moonlight Drycleaners,"61 Meads Ln, Seven Kings, Ilford IG3 8NR, UK",020 8597 3396,https://moonlightdrycleaner.co.uk/,,
England,Ilford,New Laundry Days Ltd,"677 Green Ln, Dagenham RM8 1UU, UK",020 3759 5094,https://www.newlaundrydays.co.uk/,,
England,Ilford,WASHX LAUNDERETTE & DRY CLEANERS,"884 Romford Rd, London E12 5JP, UK",07930 469188,http://www.washx.co.uk/,,
England,Ilford,Ilford Dry Cleaners and Key Cutting,"85 Ilford Hill, Ilford IG1 2DG, UK",07774 694552,https://ilforddrycleaners.co.uk/,ilforddrycleaners@gmail.com,https://ilforddrycleaners.co.uk
England,Ilford,East London Dry Cleaners and Locksmith Ltd,"39 Green Ln, Ilford IG1 1XG, UK",07930 453650,https://www.elegancelockmasters.co.uk/,autolocksmith@hotmail.co.uk,https://www.elegancelockmasters.co.uk/contact
England,Ilford,Heathpark Launderette,"37 Stansgate Rd, Dagenham RM10 7LU, UK",07958 285819,https://subhanm905.wixsite.com/heathparklaunderette,,
England,Ilford,WASHX LAUNDERETTE & DRY CLEANERS,"119 Ripple Rd, Barking IG11 7NY, UK",07930 469188,http://www.washx.co.uk/,,
England,Barnsley,Wilthorpe Dry Cleaners & Laundrette,"166 Huddersfield Rd, Wilthorpe Rd, Barnsley S75 1HA, UK",01226 285331,http://www.wilthorpedc.co.uk/,,
England,Barnsley,Wash.Me,"18B Regent St, Barnsley S70 2HG, UK",,https://www.thelaundryrevolution.co.uk/,,
England,Darlington,24 Laundromat - Darlington,"Morrisons, 97 North Rd, Darlington DL1 2PS, UK",01325 469158,https://www.24laundromat.com/locations/darlington/,,
England,Darlington,Smart Launderette and Linen Hire,"Unit 4 Lloyds Ct, Cleveland St, Darlington DL1 2UJ, UK",07732 238973,https://www.smart-launderette.co.uk/,smartlaunderettesales@gmail.com,https://www.smart-launderette.co.uk
England,Darlington,Dirtbusters Laundry Services,"59 Yarm Rd, Darlington DL1 1EA, UK",01325 256006,https://www.dblaundry.com/,,
England,Darlington,Cleancare Dry Cleaners & Laundry Services,"Co. Durham, 39 Skinnergate, Darlington DL3 7NR, UK",01325 461673,http://www.cleancarefabrics.co.uk/,,
England,Darlington,Pretty Knits Wool Shop,"25 W Auckland Rd, Darlington DL3 9EL, UK",01325 494440,http://www.prettyknitswoolshop.co.uk/,info@prettyknitswoolshop.co.uk,http://www.prettyknitswoolshop.co.uk
England,Darlington,Shortridge Ltd.,"Business Park, 5 Henson Rd, Yarm Rd, Darlington DL1 4QD, UK",01387 722170,http://www.shortridge.co.uk/,,
England,Hartlepool,The Laundry & Dry Cleaning Centre,"8 Murray St, Hartlepool TS26 8PB, UK",01429 275094,http://ashbanklaunderettes.co.uk/,,
England,Hartlepool,The Laundry & Dry Cleaning Centre,"128 Oxford Rd, Hartlepool TS25 5RH, UK",01429 274924,http://ashbanklaunderettes.co.uk/,,
England,Hartlepool,Laundrette Revolution,"Penny Petroleum, Wynyard Rd, North East, Hartlepool TS25 3LB, UK",,https://stores.revolution-laundry.com/en-uk/?utm_source=google&utm_medium=directory&utm_campaign=local_visibility&utm_content=google_maps,,
England,Hartlepool,MS Convenience Store,"124A Stockton Rd, Hartlepool TS25 5AB, UK",07444 688486,https://www.facebook.com/profile.php?id=61589366071766,,
England,Birkenhead,Sudsational,"Hoylake Rd, Moreton, Wirral CH46 6DQ, UK",0151 678 4858,http://sudsational-launderettes.co.uk/,,
England,Birkenhead,Personal Pride Dry-Cleaners,"752 Borough Rd, Birkenhead CH42 9JF, UK",0151 608 4460,http://www.personalpride.co.uk/,,
England,Birkenhead,Sunlight Dry Cleaners,"50 Bromborough Rd, Birkenhead, Wirral CH63 7RH, UK",0151 645 1300,https://sunlightdrycleanersltd.com/,,
England,Birkenhead,The Village Laundry Room,"281 Wallasey Village, Wallasey CH45 3LR, UK",0151 245 8432,https://wallasey.biz/business/the-village-laundry-room/,,
England,Birkenhead,Boro Cleaners,"904 New Chester Rd, Bromborough, Wirral CH62 6AU, UK",0151 334 1961,http://www.borodrycleaners.co.uk/,info@borodrycleaners.co.uk,http://www.borodrycleaners.co.uk
England,Bath,Dolly Tub Launderette,"6 St James's St, Bath BA1 2TP, UK",07894 393752,https://www.dollytub-laundrette.co.uk/,,
England,Bath,Lovelywash Launderette Bath,"35A Bathwick St, Bathwick, Bath BA2 6NZ, UK",07800 576605,https://www.facebook.com/Lovelywash.bath/,,
England,Bath,Spruce Goose Launderette,"4 Margaret's Buildings, Bath BA1 2LP, UK",,https://www.sprucegooselaunderette.co.uk/,,
England,Bath,Lennie's Laundrette,"Upper Bloomfield Rd, Bath BA2 2RX, UK",07860 489273,http://lennieslaundrette.com/,Leonardspillman@hotmail.com,http://lennieslaundrette.com
England,Bath,Speedywash Laundry Services,"4, Mile End, London Rd, Bath BA1 6PT, UK",01225 427616,https://www.speedywashltd.co.uk/,,
England,Bath,Smarty Dry Cleaners,"11 Rivers St Pl, Julian Rd, Bath BA1 2RS, UK",01225 444666,https://smartydrycleaning.co.uk/,sales@smartydrycleaning.co.uk,https://smartydrycleaning.co.uk/contact-us
England,Bath,Smarty Dry Cleaners,"6 Monmouth Pl, Bath BA1 2AU, UK",01225 444215,https://smartydrycleaning.co.uk/,sales@smartydrycleaning.co.uk,https://smartydrycleaning.co.uk/contact-us
England,Stevenage,Stevenage Laundry,"Unit 1, Orchard Rd, Stevenage SG1 3HH, UK",01438 727209,http://www.stevenagelaundry.co.uk/,,
England,Southport,Southbank Road Self Service Launderette,"128 Southbank Rd, Southport PR8 6LY, UK",07752 308570,http://www.southbankrdlaunderette.co.uk/,,
England,Southport,West Coast Laundry,"10-12 Bold St, Southport PR9 0DB, UK",01704 547587,http://www.westcoastlaundry.co.uk/,,
England,Southport,Birkdale Laundry,"60 Eastbourne Rd, Birkdale, Southport PR8 4DU, UK",01704 563349,https://www.facebook.com/birkdalelaundry/,,
England,Halifax,Small House Laundry,"19 Town Gate, Sowerby Bridge HX6 1HT, UK",07562 703781,https://www.smallhouselaundry.com/,smallhouselaundry@gmail.com,https://www.smallhouselaundry.com
England,Bromley,Bromley ExpressDry Cleaners,"18 Plaistow Ln, Bromley BR1 3PA, UK",020 8464 9617,https://bromleyexpress.com/,,
England,Nuneaton,The Laundry Centre,"18 Ptarmigan Pl, Nuneaton CV11 6RX, UK",,http://www.tlc-laundry.co.uk/,,
England,Harlow,The Stow Launderette,"115 The Stow, Harlow CM20 3AS, UK",01279 454038,https://sitelift.site/thestowlaunderette/,chenowith52@gmail.com,https://sitelift.site
England,Harlow,Bush Fair Launderette,"Bush Fair, Harlow CM18 6NX, UK",01279 452464,https://www.harlowdrycleaners.co.uk/,harlow-dry-cleaners@btconnect.com,https://www.harlowdrycleaners.co.uk
England,Harlow,Harlow Dry Cleaners,"14 The Stow, Harlow CM20 3AH, UK",01279 422580,http://www.harlowdrycleaners.co.uk/,harlow-dry-cleaners@btconnect.com,http://www.harlowdrycleaners.co.uk
England,Harlow,Tip Top Ironing & Cleaning,"Unit 11 Staple Tye Mews, Staple Tye Shopping Centre, Perry Rd, Harlow CM18 7NW, UK",01279 324759,https://www.tiptopironingandcleaning.co.uk/,enquiries@tiptopironingandcleaning.co.uk,https://www.tiptopironingandcleaning.co.uk/contact
England,Harrow,Wash 2 Kleen Launderette,"54B High St, Harrow HA3 7AF, UK",07440 576232,http://www.wash2kleen.co.uk/,,
England,Harrow,Queensbury Drycleaners & Launderette,"211 Streatfield Rd, Stanmore, Harrow HA3 9DA, UK",020 3686 4411,https://queensburydrycleaners.co.uk/?utm_campaign=gmb,queensburydrycleaners@gmail.com,https://queensburydrycleaners.co.uk
England,Harrow,Extreme Dry Cleaner,"369 Station Rd, Harrow HA1 2AW, UK",020 8863 6622,http://extremedrycleaners.com/?utm_source=gmb&utm_medium=referral,,
England,Harrow,Weald Launderette & Dry Cleaner,"323 High Rd, Harrow HA3 5EQ, UK",07732 877643,https://zayaa1222.wixsite.com/wealdrycleaners,,
England,Harrow,Metro Laundrette & Dry Cleaners,"74 The Broadway, Stanmore HA7 4DU, UK",020 8954 0089,https://www.metrolaundry.co.uk/,,
England,Harrow,Elegant Dry Cleaners,"20, Kenton Park Parade, Kenton Rd, Harrow HA3 8DQ, UK",020 8907 7155,https://www.elegantdrycleaners.co.uk/,,
England,Harrow,Four star dry cleaners,"195 Headstone Ln, Harrow HA2 6ND, UK",020 8428 0992,https://www.yell.com/biz/4-star-dry-cleaners-harrow-8631213/,,
England,Harrow,Elegant Dry Cleaners,"4a College Hill Rd, Harrow HA3 7HH, UK",020 3489 1159,http://elegantdrycleaners.co.uk/,,
England,Harrow,Smoothies Dry Cleaners,"427 Uxbridge Rd, Pinner HA5 4JR, UK",020 8421 2392,http://smoothies-dry-cleaners.netlify.app/,,
England,Harrow,Star,"179 Marsh Rd, Pinner HA5 5PB, UK",07448 768873,http://stardrycleaners.net/,,
England,Harrow,Network Dry Cleaners,"39 High Rd, Bushey WD23 1EE, UK",020 8950 7294,http://www.networkdrycleaners.co.uk/,,
England,Harrow,Dry Cleaning and Laundry Solutions,"60 Church Rd, Northolt UB5 5AE, UK",020 8845 3701,http://www.swiftdryclean.co.uk/,,
England,St Albans,Smartwash Laundrette,"53 Hatfield Rd, St Albans AL1 4JE, UK",01727 860622,http://www.smartwash1.co.uk/,admin@smartwash1.co.uk,http://www.smartwash1.co.uk
England,St Albans,Vesta Laundrette,"25 Vesta Ave, St Albans AL1 2PG, UK",01727 641461,http://www.vestalaundrette.co.uk/,vetsalaundrette@gmail.com,http://www.vestalaundrette.co.uk
England,Stockton-on-Tees,Oxbridge Laundry & Dry Cleaning Centre,"39 Oxbridge Ln, Stockton-on-Tees TS18 4AP, UK",07519 269689,https://www.facebook.com/laundryanddrycleaners,,
England,Stockton-on-Tees,Lovely Laundry,"2 Douglas Close Preston Farm Ind Est, Stockton-on-Tees TS18 3SB, UK",07875 665173,http://www.lovely-laundry.co.uk/,,
England,Scunthorpe,Aquarius,"68 Frodingham Rd, Scunthorpe DN15 7JN, UK",01724 330221,https://www.facebook.com/Aquarius-Launderette-and-Dry-Cleaning-105912024562766/,,
England,Scunthorpe,Revolution Self-Service Launderette,"Sgn Service Station, Grange Ln S, Scunthorpe DN16 3BJ, UK",0800 208 1299,https://www.revolution-laundry.com/en-uk/,,
England,Chesterfield,Wash.me,"Chesterfield S41 8JZ, UK",,http://me-group.com/,ir@me-group.com,http://me-group.com/contact
England,Ashford,Drop N Go Ashford,"Unit 11, Ellingham Industrial Estate, 12 Ellingham Way, Ashford TN23 6NF, UK",01233 611119,https://drop-n-go.co.uk/,accounts@dropngomail.co.uk,https://drop-n-go.co.uk
England,Guildford,Amanzi Laundry Self-Service Launderette,"38 Woodbridge Hill, Guildford GU2 9AB, UK",,https://amanzilaundry.co.uk/,hello@rfuenzalida.com,https://amanzilaundry.co.uk
England,Guildford,Manor Park Laundrette,"Alexander Fleming Rd, Guildford GU2 7YW, UK",,https://www.circuit.co.uk/,Circuitgo@circuitgroup.com,https://www.circuit.co.uk
England,Guildford,The Stoke Dry Cleaners and Launderers,"105 Stoke Rd, Guildford GU1 4JN, UK",01483 531611,https://stokedrycleaner.co.uk/,info@stokedrycleaner.co.uk,https://stokedrycleaner.co.uk
England,Guildford,Circuit Self-Service Laundrette,"Thomas Telford Building, Stag Hill, University Campus, Site, Guildford GU2 7XH, UK",01422 820026,http://www.circuit.co.uk/,Circuitgo@circuitgroup.com,http://www.circuit.co.uk
England,Guildford,Manor Park Ronald Ross Laundrette,"Ronald Ross Rd, Guildford GU2 7YW, UK",,https://www.circuit.co.uk/,Circuitgo@circuitgroup.com,https://www.circuit.co.uk
England,Guildford,Savilles Launderers and Dry Cleaning,"199 Epsom Rd, Merrow, Guildford GU1 2RB, UK",,http://www.savillescleaners.co.uk/,info@savillescleaners.co.uk,http://www.savillescleaners.co.uk
England,Lewisham,Lewisham Dry Cleaners,"13 Lee High Rd, London SE13 5LD, UK",020 8297 9009,https://www.brookbank-drycleaners.co.uk/,,
England,Lewisham,Brookbank Dry Cleaners,"155 Brookbank Rd, London SE13 7DA, UK",020 8692 6372,https://www.brookbank-drycleaners.co.uk/,,
England,Lewisham,Ladywell Drycleaners,"75 Ladywell Rd, London SE13 7JA, UK",020 8690 1868,https://m.facebook.com/p/Ladywell-junction-express-drycleaners-100063771811675/?wtsid=rdr_0MAqLx8CSlG4vqQC5,,
England,Woolwich,T&T DRY CLEANERS & LAUNDERETTE,"9 Anglesea Rd, London SE18 6EG, UK",07792 422169,http://www.ttdrycleaners.co.uk/,,
England,Woolwich,Woolwich Express Dry Cleaners,"59 Woolwich New Rd, London SE18 6ED, UK",020 8317 8703,https://expresscleaners.uk/,woolwichexpressdc@gmail.com,https://expresscleaners.uk
England,Woolwich,Q’s Launderette,"117 Plumstead High St, London SE18 1SE, UK",020 8616 0087,http://qs-launderette.co.uk/,,
England,West Bromwich,West Bromwich Cleaning Centre,"B70 9LB, 390 High St, West Bromwich B70 1LBb70, UK",07909 692748,http://www.localstore.co.uk/store/526804/west-bromwich-cleaning-centre/west-bromwich/,,
England,West Bromwich,White Cat Dry Cleaners,"310 Beaconview Rd, West Bromwich B71 3NX, UK",0121 588 8222,http://www.whitecatdrycleaners.co.uk/,,
England,Edgware,"Elegance of Edgware Laundrette, Dry Cleaning and Ironing Centre","244 Station Rd, Edgware HA8 7AU, UK",020 8905 3553,http://elegancedrycleaners.com/,,
England,Edgware,Night and Day Launderette 24 7 365,"120 Manor Way, Borehamwood WD6 1QX, UK",020 3355 7263,https://nightanddaylaunderette.com/,,
England,Edgware,London Express Dry Cleaners,"137 Deans Ln, Edgware HA8 9NY, UK",020 8959 2242,http://www.londonexpressdrycleaners.com/,,
England,Edgware,Fancy Pants,"12 Whitchurch Ln, Edgware HA8 6JZ, UK",020 8952 5999,https://www.fancypantsdrycleaner.co.uk/,,
England,Edgware,Edgware Dry Cleaners Ltd,"43 Manor Park Cres, London, Edgware HA8 7LY, UK",020 8951 1479,https://edgwaredrycleanersltd.ueniweb.com/,zu_lfiqar@live.co.uk,https://edgwaredrycleanersltd.ueniweb.com
England,Edgware,Metro Laundrette & Dry Cleaners,"62 The Broadway, London NW7 3TE, UK",020 8959 7400,https://metrolaundry.co.uk/,,
England,Edgware,King Dry Cleaning & Laundrette,"35 Church Rd, London NW4 4EB, UK",020 8201 5050,http://www.kingdcl.co.uk/,,
England,Edgware,Pixie Dry Cleaners and launderette,"9 Colin Parade by, Sheaveshill Ave, London NW9 6SG, UK",07466 776787,https://pixiefresh.checkout-solutions.co.uk/,,
England,Edgware,Harmony Dry Cleaners,"90 Edgware Wy, Edgware HA8 8JS, UK",020 8905 4475,https://harmonydrycleaners.co.uk/,,
England,Tamworth,Wilnecote Washeteria,"5 Bowling Green Ave, Wilnecote, Tamworth B77 5ED, UK",01827 281220,http://wilnecote-washeteria.gaqo.net/,,
England,Tamworth,Seams and Dreams,"31 Lower Gungate, Tamworth B79 7AT, UK",01827 61553,https://seamsanddreams.co.uk/,,
England,Tamworth,Cleaning Tamworth | Ironing | Laundry | Pinny n Press Ltd,"10a Victoria Rd, Tamworth B79 7HL, UK",01827 838882,http://pinnynpress.co.uk/,enquiries@pinnynpress.co.uk,http://pinnynpress.co.uk
England,Chatham,EverFresh Laundry,"42 Silverweed Rd, Chatham ME5 0QX, UK",01634 303814,http://everfreshlaundry.com/,hello@everfreshlaundry.com,http://everfreshlaundry.com
England,Chatham,Finesse Dry Cleaners,"29 Railway St, Chatham ME4 4RH, UK",01634 844545,http://www.finessedrycleaners.co.uk/,,
England,Chatham,Lords Specialist Dry Cleaners,"3 Admirals Walk, Chatham ME5 8NL, UK",01634 862030,http://www.lordsdrycleaners.co.uk/,wadsworth@blueyonder.co.uk,http://www.lordsdrycleaners.co.uk
England,Chatham,Prestige Dry Cleaners Walderslade,"3, Walderslade Centre, Sherwood House, Walderslade, Chatham ME5 9UD, UK",01634 672112,http://www.prestigedry-cleaners.co.uk/,,
England,Chatham,Davis Dry cleaners,"4 Shirley Ave, Chatham ME5 9UP, UK",01634 864008,http://www.davisdrycleaners.co.uk/,,
England,Carlisle,Polyclean Centre Laundrette,"Unit 4, Workshops, Port Rd, Carlisle CA2 7AJ, UK",07308 090990,https://www.facebook.com/PolycleanCentreLaundrette/?ref=aymt_homepage_panel,,
England,Crewe,Crewe Laundry,"94 West St, Crewe CW1 3HE, UK",07785 999999,http://www.crewelaundry.co.uk/,,
England,Harrogate,Leeds Road Laundry/Launderette,"32A Leeds Rd, Harrogate HG2 8BQ, UK",01423 503629,http://leedsroadlaundry.co.uk/,leedsroadlaundry@gmail.com,http://leedsroadlaundry.co.uk
England,Harrogate,Prontaclean,"40 Cold Bath Rd, Harrogate HG2 0NX, UK",01423 504214,https://www.prontaclean.co.uk/,,
England,Harrogate,Pristine Ironing & Clothing Alterations - Harrogate,"19 Hazel Ave., Harrogate HG1 4FP, UK",07403 416626,https://pristineironingclothingalterations.co.uk/,melanieenglish17@yahoo.com,https://pristineironingclothingalterations.co.uk
England,Harrogate,Classiclean of Harrogate,"4, Claro Court Business Centre, Claro Rd, Harrogate HG1 4BA, UK",01423 520930,http://www.classicleanofharrogate.co.uk/,classicleanofharrogate@gmail.com,http://www.classicleanofharrogate.co.uk
England,Harrogate,Pressed Harrogate Ironing Services,"44 Pannal Ash Dr, Harrogate HG2 0HU, UK",,https://www.harrogateironing.co.uk/,harrogateironing@gmail.com,https://www.harrogateironing.co.uk
England,Maidenhead,Westies Dry Cleaners,"5 Highway Ave, Maidenhead SL6 5AG, UK",01628 620977,http://www.westiesdrycleaners.co.uk/,,
England,Newcastle-under-Lyme,Westbury Dry Cleaners - [Laundry Service ],"3 Westbury Rd, Newcastle-under-Lyme, Newcastle ST5 4LY, UK",07526 251401,https://drycleaners-westbury.com/,info@westburydrycleaners.co.uk,https://drycleaners-westbury.com
England,Newcastle-under-Lyme,Iron Maidens Commercial Laundry Ltd,"Seagrave St, Newcastle-under-Lyme, Newcastle ST5 1LB, UK",01782 633765,http://www.ironmaidensltd.co.uk/,,
England,Newcastle-under-Lyme,Westbury Ironing,"16 Radstone Rise, Newcastle-under-Lyme, Newcastle ST5 4JB, UK",07887 481926,http://www.westburyironing.co.uk/,diane@westburyironing.co.uk,http://www.westburyironing.co.uk
England,Newcastle-under-Lyme,DeCrease your work load. Newcastle Under-Lyme ironing service,"31 Vale View, Wolstanton, Newcastle-under-Lyme, Newcastle ST5 0AF, UK",07496 505162,https://shedtheload17.wixsite.com/ironingservice,,
England,Burnley,Oak Street Launderette,"46 Oak St, Burnley BB12 6QZ, UK",01282 422930,https://www.oakstreetlaundry.co.uk/,,
England,Burnley,Lyndhurst Launderette,"43 Lyndhurst Rd, Burnley BB10 4DX, UK",01282 412149,https://lyndhurstlaunderette.co.uk/,liza@lyndhurstlaunderette.co.uk,https://lyndhurstlaunderette.co.uk
England,Enfield,Fillebrook Launderette & Dry Cleaners (Collection & Delivery),"22 Fillebrook Ave, Enfield EN1 3BB, UK",020 8363 5480,http://www.fillebrookdrycleaners.co.uk/,,
England,Enfield,Blessed Laundrette,"493 Hertford Rd, Enfield EN3 5XH, UK",020 8804 5287,https://www.laundryheap.co.uk/dry-cleaner/blessed-laundrette/enfield/hertford-rd,,
England,Enfield,"Krease Free - Laundry, Ironing and Dry Cleaning Services","75 St Mark's Rd, Enfield EN1 1BJ, UK",020 8245 1212,https://www.facebook.com/kreasefree/,,
England,Enfield,Cleanfare centre,"50 Hoppers Rd, London N13 4DB, UK",020 8886 2442,http://www.cleanfarecentre.co.uk/,,
England,Gravesend,Excel launderette and dry cleaners,"4, The Hive, High St, Northfleet, Gravesend DA11 9DE, UK",,https://www.facebook.com/profile.php?id=61582719876051,,
England,Burton-on-Trent,Laundry Xpress,"51 Short St, Burton upon Trent, Burton-on-Trent DE15 9LT, UK",07961 051061,https://www.facebook.com/laundry.xpress.2024,,
England,Burton-on-Trent,Bubbles Launderette,"44 Uxbridge St, Burton upon Trent, Burton-on-Trent DE14 3JR, UK",01283 500426,https://www.facebook.com/bubbleslaunderette,,
England,Burton-on-Trent,Burton central laundry,"97 Uxbridge St, Burton upon Trent, Burton-on-Trent DE14 3JX, UK",01283 329846,https://www.facebook.com/Central-Laundry-Express-466833953458658/,,
England,Shrewsbury,Wash.Me Laundry,"Morrisons, Whitchurch Rd, Shrewsbury SY1 4DL, UK",,https://www.wash-megroup.com/en-uk/,,
England,Rugby,Rugby Laundry & Linen Hire Limited,"Unit 38, Webb Ellis Business Park, Rugby CV21 2NP, UK",07887 750130,http://www.rugbylaundry.co.uk/,aaskehaley@aol.com,http://www.rugbylaundry.co.uk
England,Taunton,Café & Laundrette,"58 E Reach, Taunton TA1 3EZ, UK",07411 778288,https://cafelaundrette.co.uk/our-services/,,
England,Tynemouth,Haven Dry cleaning & Laundrette,"1A Claremont Cres, Whitley Bay NE26 3HL, UK",0191 925 0723,https://havencleaners.co.uk/,,
England,Tynemouth,Home Services N E Ltd,"Whitley Rd, Whitley Bay NE26 2NE, UK",0191 296 6838,https://www.homeservicesne.co.uk/,info@homeservicesne.co.uk,https://www.homeservicesne.co.uk
England,Cannock,Washed and Pressed,"262 Walsall Rd., Cannock WS11 0JL, UK",01543 505010,http://www.washedandpressed.co.uk/,,
England,Cannock,Monarch Dry Cleaners,"98 Pye Green Rd, Cannock WS11 5RZ, UK",01543 574220,http://www.monarchdrycleaning.co.uk/,lesleylitherland1965@gmail.com,http://www.monarchdrycleaning.co.uk
England,Cannock,Clean Image,"13 Church Rd, Brownhills, Walsall WS8 6AA, UK",01543 453973,https://www.cleanimageuk.co.uk/,,
England,Farnborough,Farnborough DryCleaners and Laundry Service,"1 Camp Rd, North Camp, Farnborough GU14 6EN, UK",01252 372876,http://farnboroughdryclean.co.uk/,,
England,Farnborough,The Laundry Basket by Elise,"6 Blaise Cl, Farnborough GU14 7EW, UK",07771 661364,http://thelaundrybasketfarnborough.co.uk/,barkerteds@aol.com,http://thelaundrybasketfarnborough.co.uk
England,Torquay,Wash & Co,"9 Fore St, St Marychurch, Torquay TQ1 4PU, UK",,https://washandco.co.uk/torquay/,,
England,Torquay,"Clean N Dry Launderette,","76 Babbacombe Rd, Babbacombe, Torquay TQ1 3SW, UK",01803 316331,http://www.launderette.online/,,
England,Torquay,MD LAUNDERETTE,"94 Belgrave Rd, Torquay TQ2 5HZ, UK",01803 640041,https://www.mdelitecleaningservices.co.uk/,info@mdelitecleaningservices.co.uk,https://www.mdelitecleaningservices.co.uk
England,Torquay,Tor Laundry,"256 Union St, Torre, Torquay TQ2 5QU, UK",01803 298823,http://torlaundry.co.uk/,,
England,Torquay,MD Elite Cleaning Services Ltd,"94 Belgrave Rd, Torquay TQ2 5HZ, UK",01803 640041,https://mdelitecleaningservices.co.uk/?utm_source=GBP&utm_medium=organic&utm_campaign=office,info@mdelitecleaningservices.co.uk,https://mdelitecleaningservices.co.uk
England,Torquay,Laundry Studio,"260 Torquay Rd, Paignton TQ3 2EZ, UK",01803 714820,https://laundrystudio.co.uk/,nhello@laundrystudio.co.uk,https://laundrystudio.co.uk
England,Ellesmere Port,Great Sutton Laundry,"3 Whetstone Hey, Great Sutton, Ellesmere Port CH66 3PG, UK",0151 339 5005,https://www.facebook.com/profile.php?id=100051581509819,,
England,Dewsbury,Launderette 247 Ravensthorpe,"Havelock St, Ravensthorpe, Dewsbury WF13 3LU, UK",0800 208 1299,https://www.wash-megroup.com/en-uk/,,
England,Widnes,Magee’s Dry Cleaners,"Magee’s Dry Cleaners, 47 Widnes Rd, Widnes WA8 6AZ, UK",0151 420 0002,http://www.mageedrycleaners.co.uk/,,
England,Widnes,Magees Commercial Laundry & linen Hire,"47 Widnes Rd, Widnes WA8 6AZ, UK",07707 828180,https://www.mageeslinenhire.com/,Mageesdrycleaner@hotmail.com,https://www.mageeslinenhire.com
England,Widnes,Widnes Market,"Bradley Way, Widnes WA8 6UE, UK",0151 511 8880,https://www.widnesmarket.com/,,
England,Rochester,Strood Launderette,"24 High St, Rochester ME2 4AP, UK",07843 700836,https://www.facebook.com/stroodlaundry,,
England,Twickenham,Eurowash 24 7 365,"99 Whitton Rd, Twickenham TW1 1BZ, UK",020 8079 3035,https://eurowashlaunderette.com/,,
England,Scarborough,Ramshill Cleaners,"19 Ramshill Rd, Scarborough YO11 2LN, UK",01723 377198,http://www.ramshillcleaners.co.uk/,ramshillcleaners@hotmail.co.uk,http://www.ramshillcleaners.co.uk
England,Scarborough,Shauns Laundry Service,"40-48 Gladstone Ln, Scarborough YO12 7BS, UK",01723 364594,https://www.shaunslaundryservice.com/,info@shaunslaundryservice.com,https://www.shaunslaundryservice.com
England,Scarborough,Falsgrave Dry Cleaners and Laundry Service,"99 Falsgrave Rd, Scarborough YO12 5EG, UK",01723 364747,http://www.falsgravedrycleaners.com/,Lhindhaugh@falsgravedrycleaners.com,http://www.falsgravedrycleaners.com
England,Orpington,Flower Fresh Laundrette & Dry Cleaning,"350 High St., Orpington BR6 0NQ, UK",01689 822685,http://www.flower-fresh.co.uk/,,
England,Orpington,The Launderette BR6,"1 Crescent Way, Orpington BR6 9LP, UK",07436 396147,https://www.launderettebr6.co.uk/,hello@launderettebr6.co.uk,https://www.launderettebr6.co.uk
England,Hayes,"Launderette, Dry Cleaning and Alterations","234 Yeading Ln, Hayes UB4 9AX, UK",07478 688280,http://hayeslaunderette.com/,,
England,Aylesbury,The Lost Sock Laundrette,"12 Parton Rd, Aylesbury HP20 1NG, UK",01296 337794,http://www.thelostsock.co.uk/,,
England,Aylesbury,Launderama,"58 High St, Aylesbury HP20 1SE, UK",01296 424172,http://www.launderama.biz/,,
England,Aylesbury,"The Laundry Hub , Aylesbury","Hannon Rd, Aylesbury HP21 8TJ, UK",01296 706250,http://www.ourlaundryhub.co.uk/,olhltd@gmail.com,http://www.ourlaundryhub.co.uk
England,Hereford,Classic DryCleaners & Laundry,"71-73 Whitecross Rd, Hereford HR4 0DQ, UK",01432 267829,http://www.classicdrycleanershereford.co.uk/,,
England,Hereford,"Priory Dry Cleaners & Laundry, Hereford","8 Commercial Rd, Hereford HR1 2BB, UK",01432 265973,https://www.priorydrycleaners.co.uk/branch/priory-dry-cleaners-laundry-hereford-herefordshire,Support@priorydrycleaners.co.uk,https://www.priorydrycleaners.co.uk
England,Halesowen,The Laundry Room,"1 Manor Ln, Halesowen B62 8PU, UK",07761 508597,http://thelaundryroom.uk/,,
England,Halesowen,Windmill Laundry & Dry Cleaners Ltd,"32-34 Windmill Hill, Halesowen B63 2BZ, UK",01384 386158,https://windmilllaundryltd.co.uk/,Windmill.laundry.drycleaners@gmail.com,https://windmilllaundryltd.co.uk
England,Halesowen,Wash.me 24 HR Laundrette,"Long Ln, Halesowen B62 9EF, UK",,https://www.wash-megroup.com/en-uk,,
England,Halesowen,Clean It All,"4 Brandhall Rd, Oldbury B68 8DP, UK",0121 544 5585,https://m.facebook.com/p/Clean-it-all-61555698941271,,
England,Tunbridge Wells,Washerteria,"43 Albion Rd, Royal Tunbridge Wells, Tunbridge Wells TN1 2PB, UK",07554 995020,http://www.washerteria-tunbridgewells.co.uk/,user@domain.com,http://www.washerteria-tunbridgewells.co.uk
England,Tunbridge Wells,St John's Launderette,"113 St John's Rd, Royal Tunbridge Wells, Tunbridge Wells TN4 9TU, UK",07955 824419,http://www.stjohnslaunderette.webador.co.uk/,support@webador.com,http://www.stjohnslaunderette.webador.co.uk
England,Barrow-in-Furness,Easyclean Launderette Barrow Island,"13 Anchor Rd, Barrow-in-Furness LA14 2QW, UK",01229 835034,http://www.easycleanlaundrette.co.uk/,Easyclean-cumbria1@btconnect.com,http://www.easycleanlaundrette.co.uk
England,Washington,TLC,"3, Co-Op Buildings, Durham Rd, Birtley, Chester-le-Street DH3 2PS, UK",0191 410 0574,http://www.tlclaundryservices.co.uk/,,
England,Washington,Chester Le Street Washeteria,"3 Ashfield Ter, Chester-le-Street DH3 3PD, UK",0191 388 8202,http://washeteria.co.uk/,,
England,Washington,M The Galleries,"Washington NE38 7SD, UK",0191 416 7177,http://www.gallerieswashington.co.uk/,,
England,Washington,Zig Zags Alterations Ltd.,"8 Phoenix Rd, Crowther, Washington NE38 0AD, UK",0191 415 7783,https://www.zigzagsalterations.co.uk/,info@zigzagsalterations.co.uk,https://www.zigzagsalterations.co.uk/contact
England,Hornchurch,Press Inn - Dry Cleaners Essex,"202 Hornchurch Rd, Hornchurch RM11 1QJ, UK",01708 442727,http://www.pressinn.co.uk/,info@email.com,http://www.pressinn.co.uk
England,Hornchurch,ASN Dry Cleaners & Alterations,"28 The Broadway, Hornchurch RM12 4RW, UK",01708 442160,http://www.asndrycleaners.co.uk/,hello@asndrycleaners.co.uk,http://www.asndrycleaners.co.uk
England,Hornchurch,Efendi Dry Cleaners And Tailors- Hornchurch,"189 Station Ln, Hornchurch RM12 6LL, UK",01708 454992,https://www.efendi.co.uk/,info@efendi.co.uk,https://www.efendi.co.uk
England,Hornchurch,Elm Park. Dry Cleaners & Laundry,"22, Elm Parade, Elm Park Ave, Hornchurch RM12 4SA, UK",07522 960551,http://elmparkdrycleaners.co.uk/,,
England,Hornchurch,Ardleigh green dry cleaners,"Dry Cleaners, 110 Ardleigh Grn Rd, Hornchurch RM11 2SH, UK",01708 476521,http://www.ardleighgreendrycleaners.co.uk/,,
England,Hornchurch,"Zerodrytime Hornchurch, Romford & Billericay","42 Osborne Rd, Hornchurch RM11 1HA, UK",01708 918120,https://zerodrytime.com/locations/london/hornchurch/,office@zerodrytime.com,https://zerodrytime.com
England,Hornchurch,The Clothes Sanctuary,"143 St. Marys Ln, Upminster RM14 3BL, UK",01708 223107,http://www.theclothessanctuary.co.uk/,,
England,Hornchurch,Crep Inn,"204 Hornchurch Rd, Hornchurch RM11 1QJ, UK",01708 473331,http://www.crepinn.co.uk/,officalcrepinn@gmail.com,http://www.crepinn.co.uk/contact
England,Hornchurch,Gidea Park Dry Cleaners,"1 Balgores Square, Gidea Park, Romford RM2 6AU, UK",01708 701112,https://www.gideaparkdrycleaners.co.uk/,info@gideaparkdrycleaners.co.uk,https://www.gideaparkdrycleaners.co.uk
England,Hornchurch,Hello Laundry - Your Dry Cleaning Partner,"LondonEast - UK, Yew Tree Ave, Dagenham RM10 7FN, UK",020 8095 4906,https://hellolaundry.co.uk/?utm_source=gmb&utm_medium=referral,info@hellolaundry.co.uk,https://hellolaundry.co.uk
England,Hornchurch,Essex Dry Cleaners & laundry service,"41 High St, Romford RM1 1JL, UK",01708 745473,http://www.essexdrycleaners.co.uk/,info@essexdrycleaners.co.uk,http://www.essexdrycleaners.co.uk
England,Hornchurch,BestatLaundry,"81 Randall Drive Hornchurch, Greater, London RM12 6TA, UK",020 8638 8690,https://bestatlaundry.com/aboutUs,seo@bestatservices.com,https://bestatlaundry.com
England,Kettering,Hawthorn Laundrette,"99 Hawthorn Rd, Kettering NN15 7HU, UK",07552 123354,https://www.hawthornlaunderette.com/,example@mysite.com,https://www.hawthornlaunderette.com
England,Kettering,Ecospin Laundry Services,"Unit 4, St Andrews Parade, Eskdaill Street, Kettering NN16 8RA, UK",01536 411906,http://www.ecospin.co.uk/,,
England,Corby,Studfall Laundry Room,"182 Studfall Ave, Corby NN17 1LJ, UK",01536 691383,https://www.facebook.com/profile.php?id=100090527525330,,
England,Bracknell,Cheapest Ironing,"139 Nutley, Bracknell RG12 7HF, UK",07862 726230,http://www.cheapestironing.co.uk/,Cheapestservice@hotmail.com,http://www.cheapestironing.co.uk
England,Leamington Spa,Binswood Launderette,"30 Binswood St, Royal Leamington Spa, Leamington Spa CV32 5RN, UK",01926 424212,http://www.binswoodlaunderette.co.uk/,,
England,Leamington Spa,Lansdowne Laundry Ltd,"36 Kennedy Sq, Royal Leamington Spa, Leamington Spa CV32 4SY, UK",01926 420107,https://lansdownelaundry.com/,info@lansdownelaundry.com,https://lansdownelaundry.com
England,Leamington Spa,French & Launders,"UNIT 11 Neilston St, Royal Leamington Spa, Leamington Spa CV31 2AZ, UK",01926 422646,http://www.frenchandlaunders.com/,,
England,Leamington Spa,Laundry Unlimited,"6 Burns Rd, Royal Leamington Spa, Leamington Spa CV32 7EL, UK",01926 314314,http://www.laundryunlimited.co.uk/,,
England,Leamington Spa,ECONCLEAN Professional Washing - Pressing - Garment Care,"7 Market Corner, Royal Leamington Spa, Leamington Spa CV31 3BH, UK",07717 909914,https://www.econclean.co.uk/,office@econclean.co.uk,https://www.econclean.co.uk
England,Leamington Spa,Express Laundry & Dry Cleaning,"77 Home Farm Cres, Royal Leamington Spa, Leamington Spa CV31 2QY, UK",01926 831900,https://expresslaundryanddrycleaning.co.uk/,anapbm@gmail.com,https://expresslaundryanddrycleaning.co.uk
England,Weymouth,Lodmoor Launderette,"64 Dorchester Rd, Weymouth DT4 7JZ, UK",07852 238845,https://www.facebook.com/profile.php?id=61556343493661,,
England,Weymouth,Park Laundry & Dry Cleaners Ltd,"1A Brownlow St, Weymouth DT4 7HW, UK",01305 772573,https://www.parklaundrydorset.co.uk/,office@parklaundry.net,https://www.parklaundrydorset.co.uk
England,Weymouth,Hi Tech Steam Cleaners and Laundry Shop,"Unit 16 Granby Cl, Surrey Cl, Weymouth DT4 9XB, UK",01305 760327,https://hitechlaundry.co.uk/,hello@hitechlaundry.co.uk,https://hitechlaundry.co.uk
England,Canterbury,The Canterbury Launderette,"4 Nunnery Fields, Canterbury CT1 3JW, UK",07719 397463,https://www.blue-mondays.co.uk/canterbury,,
England,Canterbury,LaundrySwift,"1 Petchell Mews, Canterbury CT1 1LB, UK",01227 538078,http://www.laundryswift.co.uk/,,
England,Canterbury,Westgate Dry Cleaners & Tailoring,"91 St. Dunstans St, Canterbury CT2 8AD, UK",01227 456669,http://www.westgatedrycleaners.co.uk/,example@mysite.com,http://www.westgatedrycleaners.co.uk
England,Folkestone,Lantern Launderette,"9 The Old High St, Folkestone CT20 1RJ, UK",01303 237298,http://www.lanternlaunderette.co.uk/,,
England,Folkestone,Posh Wash Laundrette Services Ltd,"352 Cheriton Rd, Folkestone CT19 4DS, UK",01303 270738,https://www.poshwashlaunderette.co.uk/,poshwashlaundrette@hotmail.co.uk,https://www.poshwashlaunderette.co.uk
England,Crosby,Prima Cleaners,"69 Coronation Rd, Crosby, Liverpool L23 5RE, UK",0151 284 4971,http://primacleaners.co.uk/,martin@primafranchise.co.uk,http://primacleaners.co.uk/contact-us
England,Lancaster,Lancaster City Laundry,"Crows Restaurant, 10 King St, Lancaster LA1 1JN, UK",01524 555891,http://lancasterlaundry.co.uk/,,
England,Lancaster,Fast Laundry Ltd,"Unit 15, Lake Enterprise Park Ladies Walk, Caton Rd, Lancaster LA1 3NX, UK",015242 30545,https://fastlaundry.co.uk/?utm_source=google&utm_medium=organic&utm_campaign=gbp_profile,sale@fastlaundry.co.uk,https://fastlaundry.co.uk
England,Lancaster,Grizedale Laundrette,"Bailrigg, Lancaster LA1 4YU, UK",01422 820026,http://www.lancaster.ac.uk/facilities/services/laundrettes/,,
England,Lancaster,Scotforth Dry Cleaners,"61 Scotforth Rd, Lancaster LA1 4SA, UK",01524 381439,https://www.scotforthdrycleaners.com/,scotforthdrycleaners@yahoo.co.uk,https://www.scotforthdrycleaners.com
England,Lancaster,Pendle Laundrette,"Bailrigg, Lancaster LA1 4YZ, UK",01422 820026,http://www.lancaster.ac.uk/facilities/services/laundrettes/,,
England,Lancaster,Lonsdale Laundrette,"Ellel, Lancaster LA2 0LJ, UK",01422 820026,http://www.lancaster.ac.uk/facilities/services/laundrettes/,,
England,Lancaster,County South Laundrette,"Bailrigg, Lancaster LA1 4YN, UK",01422 820026,http://www.lancaster.ac.uk/facilities/services/laundrettes/,,
England,Lancaster,Supreme Cleaners,"73 Penny St, Lancaster LA1 1XF, UK",01524 388818,https://www.supreme-drycleaners.co.uk/,,
England,Lancaster,The Laundry Company,"164 Lancaster Rd, Morecambe LA4 5QW, UK",01524 406222,http://www.the-laundry-company.uk/,,
England,Lancaster,County Main Laundrette,"Bailrigg, Lancaster LA1 4YE, UK",01422 820026,http://www.lancaster.ac.uk/facilities/services/laundrettes/,,
England,Lancaster,Fylde & Furness Laundrette,"4 Tower Ave, Bailrigg, Lancaster LA1 4YT, UK",01422 820026,http://www.lancaster.ac.uk/facilities/services/laundrettes/,,
England,Cheshunt,Mint Drycleaners & Tailoring,"23A High St, Cheshunt, Waltham Cross EN8 0BS, UK",07440 137797,https://mintdrycleaner.co.uk/,,
England,Wellingborough,B&S Alterations & Laundrette,"6 Park Rd, Wellingborough NN8 4PG, UK",07920 855457,https://www.facebook.com/bandsalterationsandlaundrette,,
England,Wellingborough,Fabric Care Dry Cleaners,"Unit 4 Berrymoor Rd, Wellingborough NN8 2DL, UK",01933 226262,https://fabriccaredrycleaners.com/,,
England,Wellingborough,Croyland Cleaners,"16 Oxford St, Wellingborough NN8 4HY, UK",01933 276364,http://croylanddrycleaners.co.uk/,,
England,Wellingborough,The Devil's Laundry,"40 Johnson Ave, Wellingborough, Northampton NN8 2QT, UK",,https://devil-s-laundry.ueniweb.com/?utm_campaign=gmb,thedevilslaundry@gmail.com,https://devil-s-laundry.ueniweb.com
England,Kingston upon Thames,Classic Cleaners,"1 Park Rd, Kingston upon Thames KT2 6BX, UK",020 8546 5138,https://classiccleaners.co.uk/,info@brainloggers.co.uk,https://classiccleaners.co.uk
England,Kingston upon Thames,Supreme Dry Cleaners,"73 Crescent Rd, Kingston upon Thames KT2 7RE, UK",020 8549 0444,http://www.supremedrycleaner.co.uk/,,
England,Kingston upon Thames,LUXE WHITE DRY CLEANER'S,"173 Kings Rd, Kingston upon Thames KT2 5JG, UK",020 8546 8513,http://luxewhitedrycleaners.com/,Luxewhitedrycleaner173@yahoo.com,http://luxewhitedrycleaners.com
England,Kingston upon Thames,Snow White Cleaners,"Endeavour House, 2 Cambridge Rd, Kingston upon Thames KT1 3JU, UK",020 3876 5000,http://www.snowwhitecleaners.co.uk/,,
England,Andover,Andover Launderette,"87 The Drove, Andover SP10 3DW, UK",01264 332906,http://www.andoverlaunderette.co.uk/,,
England,Christchurch,Highcliffe Launderette,"Highcliffe Corner, 401 Lymington Rd, Highcliffe, Christchurch BH23 5EL, UK",07982 008133,https://mylaundry.uk/christchurch/highcliffe-launderette/,,
England,Romford,Best Dry Cleaners & Alterations,"42 Collier Row Rd, Romford RM5 3PA, UK",01708 761070,http://www.thebestdrycleaners.com/,bestdrycleanerss@hotmail.com,http://www.thebestdrycleaners.com/contact
England,Romford,Kim's Ironing Service,"8 Carlton Rd, Romford RM2 5AA, UK",01708 730361,http://www.kims-ironing.co.uk/,info@kims-ironing.co.uk,http://www.kims-ironing.co.uk/contact
England,Romford,MOORCROFTS - The Garment Masters,"120 Dagenham Rd, Dagenham, Romford RM7 0TJ, UK",07551 020988,https://moorcroftstgm.co.uk/,,
England,Romford,Harold Wood Dry Cleaners,"9 Station Rd, Romford RM3 0BP, UK",01708 342125,http://www.petersfielddrycleaners.co.uk/,,
England,Romford,Petersfield Dry Cleaners,"126 Petersfield Ave, Romford RM3 9PH, UK",01708 348103,http://www.petersfielddrycleaners.co.uk/,,
England,Romford,Five Star Dry Cleaners,"1191 High Rd, Romford RM6 4AL, UK",020 8597 1535,https://fivestardrycleaners.ueniweb.com/?utm_campaign=gmb,stratford1@yahoo.co.uk,https://fivestardrycleaners.ueniweb.com
England,Romford,Five Elms Dry Cleaners,"277 Wood Ln, Dagenham RM8 3NH, UK",020 8592 1128,http://www.fiveelmsdrycleaners.co.uk/,,
England,Paignton,Washing Well Launderette,"109 Foxhole Rd, Paignton TQ3 3SU, UK",01803 552617,http://washingwelllaunderette.co.uk/,,
England,Batley,Harefield Launderette & Dry Ceaning Centre,"1A Harefield Dr, Batley WF17 0PQ, UK",01924 477161,http://www.harefieldlaunderette.co.uk/,info@harefieldlaundrette.co.uk,http://www.harefieldlaunderette.co.uk/contact
England,Yeovil,Monarch Laundry Yeovil,"88 Eastland Rd, Yeovil BA21 4EX, UK",01935 474001,http://www.mlyeovil.com/,monarchlaundry.yeovil@gmail.com,http://www.mlyeovil.com
England,Yeovil,Yeovil Laundromat & Dry Cleaning,"83 Greenwood Rd, Yeovil BA21 3LF, UK",01935 427526,http://www.yeovillaundry.co.uk/,paulaylaundromat@gmail.com,http://www.yeovillaundry.co.uk
England,Yeovil,G S Laundry Service,"5 Guard Ave, Yeovil BA22 8YE, UK",01935 700032,http://www.gslaundryservices.co.uk/,enquiries@gslaundryservices.co.uk,http://www.gslaundryservices.co.uk
England,Yeovil,Puffin Cleaners,"Unit 1, Bofors Park Artillery Rd, Yeovil BA22 8YH, UK",01935 421238,http://puffincleaners.weebly.com/,,
England,Yeovil,Helliar Laundry Services,"Units 15/16, The Parade Ground, Yeovil BA22 8HZ, UK",01935 477747,https://www.helliarlaundryservices.com/,info@helliarlaundryservices.com,https://www.helliarlaundryservices.com
England,Sutton,Wishy Washy - Laundrette Sutton,"18 St Dunstan's Hill, Sutton SM1 2UE, UK",020 8677 2374,https://www.wishywashy.co.uk/,contact@wishywashy.co.uk,https://www.wishywashy.co.uk
England,Sutton,Sparkle Stonecot Hill Launderette & Dry Cleaners,"15 Stonecot Hill, Sutton SM3 9HB, UK",07703 194689,https://sparklelaunderette.wixsite.com/my-site?fbclid=IwAR0cGUUGeEnF645gVwvxjm3oBd_ZoadUThYYgWNd9IqflY2f_rzTzyGmqSE,,
England,Sutton,Dry Cleaning Etc,"507 London Rd, Worcester Park, Sutton SM3 8JR, UK",020 8330 3336,https://www.facebook.com/DryCleaningEtc/,,
England,Sutton,Cleaners A Whistle,"45 The Mkt, Rosehill, Sutton SM1 3HE, UK",020 8644 5857,http://www.drycleanersutton.co.uk/,,
England,Sutton,"Mr Steeds Dry Cleaners Sutton, Surrey","20-22 St Dunstan's Hill, Sutton SM1 2UE, UK",020 8677 2374,http://www.mrsteedsoflondon.co.uk/,contact@mrsteedsoflondon.co.uk,http://www.mrsteedsoflondon.co.uk
England,Sutton,"Regal Dry Cleaners, Alterations and Laundry Services","19, Regent Parade, Brighton Rd, Sutton SM2 5BQ, UK",020 8643 2243,http://regaldrycleaners.com/,,
England,Sutton,Quality Dry Cleaners ltd,"Cheam Village, 6 Station Way, Sutton SM3 8SW, UK",020 8642 7676,http://www.mydrycleaners.co.uk/,Info@mydrycleaners.co.uk,http://www.mydrycleaners.co.uk
England,Sutton,The Little Ironing and Dry Cleaning Shop,"7 Station Rd, Sutton SM2 6BG, UK",020 8412 7617,http://www.thelittleironinganddrycleaningshop.co.uk/,info@thelittleironinganddrycleaningshop.co.uk,http://www.thelittleironinganddrycleaningshop.co.uk
England,Sutton,Sutton Dry Cleaners,"302a High St, Sutton SM1 1PQ, UK",020 8643 6166,http://suttondrycleaners.co.uk/,,
England,Banbury,Total Laundry Care,"68 Ferriston, Banbury OX16 1XE, UK",01295 257156,http://www.tlcbanbury.co.uk/,,
England,Beeston,Pressgang,"12 Hillside Cres, Beeston, Nottingham NG9 3AB, UK",07764 753395,http://www.pressgangironing.co.uk/,pressgangnottingham@gmail.com,http://www.pressgangironing.co.uk
England,Bridgwater,Posh Wash,"84 Parkway, Bridgwater TA6 4HU, UK",07850 985011,https://poshwashbridgewater.co.uk/,,
England,Bridgwater,Lisa's Laundry Service,"23r Axe Rd, Bridgwater TA6 5LN, UK",01278 426902,https://www.lisaslaundryservice.co.uk/,Lisaslaundryservices@gmail.com,https://www.lisaslaundryservice.co.uk
England,Salisbury,Washing Well,"28 Chipper Ln, Salisbury SP1 1BG, UK",01722 421874,http://www.salisburylaunderette.co.uk/,,
England,Hinckley,Easy Laundry Burbage,"73 Boyslade Rd, Burbage, Hinckley LE10 2RF, UK",01455 632152,https://easylaundry.com/,info@easylaundry.com,https://easylaundry.com
England,Ashton-under-Lyne,Wash and Dry Launderette,"180 Whiteacre Rd, Ashton-under-Lyne OL6 9PS, UK",07967 222112,https://wdlaunderette.co.uk/,,
England,Ashton-under-Lyne,Laundrette Of Mossley,"10 Stamford St, Mossley, Ashton-under-Lyne OL5 0HR, UK",07740 045641,https://laundrette-of-mossley.ueniweb.com/?utm_campaign=gmb,abouayman@live.co.uk,https://laundrette-of-mossley.ueniweb.com
England,Sutton-in-Ashfield,Wash.me Launderette,"Sutton Rd, Huthwaite, Sutton-in-Ashfield NG17 2NZ, UK",,https://stores.revolution-laundry.com/en-uk,,
England,Sutton-in-Ashfield,Idlewells Shopping Centre,"Market St, Sutton-in-Ashfield NG17 1BP, UK",01623 443368,http://www.idlewells.co.uk/,jason@idlewells.co.uk,http://www.idlewells.co.uk
England,Chippenham,Harris Laundromat,"62 Redland, Chippenham SN14 0JB, UK",01249 444094,http://www.harrislaundromat.co.uk/,,
England,Worksop,Hive Cafe & Launderette,"Community Way, Worksop S80 2TU, UK",01909 473078,https://www.bassetlawfoodbank.org/,,
England,Worksop,Everlast Pro Oven Cleaning & Repairs Worksop,"1 Belgravia Ct, Gateford, Worksop S81 7SX, UK",0114 399 2538,https://www.everlastpro.co.uk/,20info@everlastpro.co.uk,https://www.everlastpro.co.uk/contact
England,Leigh,Impressed laundry,"Greenfold Way, Leigh WN7 3AE, UK",01942 883111,http://www.impressedlaundry.co.uk/,info@impressedlaundry.co.uk,http://www.impressedlaundry.co.uk
England,Altrincham,Altrincham Dry Cleaners & Laundry,"55 Borough Rd, Altrincham WA15 9RA, UK",0161 926 8412,https://www.altrinchamdrycleaners.com/,info@altrinchamdrycleaners.com,https://www.altrinchamdrycleaners.com
England,Altrincham,The Laundry Room,"20 Victoria Rd, Hale, Altrincham WA15 9AD, UK",,https://www.thelaundryroom.online/,room.lr@gmail.com,https://www.thelaundryroom.online
England,Altrincham,The Dry Cleaning Co.,"13 Shaw's Rd, Altrincham WA14 1QU, UK",0161 928 0518,https://thedrycleaningco.uk/,info@thedrycleaningco.uk,https://thedrycleaningco.uk
England,Altrincham,Press On - Altrincham Dry Cleaners,"Dry Cleaners, 55 Borough Rd, Altrincham WA15 9RA, UK",0161 926 8412,https://www.altrinchamdrycleaners.com/press-on-ironing-service-hale/,info@altrinchamdrycleaners.com,https://www.altrinchamdrycleaners.com
England,Altrincham,Laundryplus,"298 Park Rd, Timperley, Altrincham WA15 6UA, UK",0161 980 1914,https://www.laundryplus.online/,laundryplus.lp@gmail.com,https://www.laundryplus.online
England,Altrincham,Bee Clean Spaces LTD / Beyond laundry Cleaning LTD,"Unit 21 Viaduct Rd, Broadheath, Altrincham WA14 5DU, UK",0161 706 1058,http://www.beyondlaundry.co.uk/,enquiries@beyondlivinggroup.co.uk,http://www.beyondlaundry.co.uk
England,Altrincham,Ironing Altrincham,"39 Princes Rd, Altrincham WA14 4EX, UK",,http://www.ironingaltrincham.co.uk/,,
England,Altrincham,Beyond Laundry & Cleaning NW,"Unit 21 Viaduct Rd, Altrincham, Manchester WA14 5DU, UK",0161 706 1058,http://www.beyondlaundry.co.uk/,enquiries@beyondlivinggroup.co.uk,http://www.beyondlaundry.co.uk
England,Altrincham,Spring Clean,"33 Green Ln, Ashton upon Mersey, Sale, Manchester M33 5PN, UK",0161 973 7411,http://www.spring-clean.co.uk/,,
England,Altrincham,Beyond Stitching,"32 Park Rd, Hale, Altrincham WA15 9NN, UK",07427 666991,http://beyondstitching.co.uk/,,
England,Urmston,The Washer Works,"189 Woodsend Rd, Flixton, Urmston, Manchester M41 8QW, UK",0161 560 2982,https://thewasherworks.co.uk/,info@thewasherworks.co.uk,https://thewasherworks.co.uk
England,Grantham,Laundry Bliss Grantham,"105/107 London Rd, Grantham NG31 6HS, UK",01476 386138,http://www.laundry-bliss.co.uk/,INFO@LAUNDRY-BLISS.CO.UK,http://www.laundry-bliss.co.uk
England,Boston,Regency Grooms,"24 Dolphin Ln, Boston PE21 6EU, UK",01205 354229,http://www.regencyboston.co.uk/,enquiries@regencyboston.co.uk,http://www.regencyboston.co.uk
England,Newbury,Laundromat Speed Queen,"7 Boundary Rd, Newbury RG14 5RR, UK",01635 528529,https://newburylaunderette.co.uk/,enquiries@newburylaunderette.co.uk,https://newburylaunderette.co.uk
England,Bicester,The Laundry Basket LTD,"5 Bassett Ave, Bicester OX26 4TZ, UK",07751 862265,https://www.facebook.com/TheLaundryBasketBicester,,
England,Ramsgate,Jasmine Laundrette,"61 King St, Ramsgate CT11 8NX, UK",01843 448167,https://www.jasminelaunderette.com/,info@jasminelaunderette.com,https://www.jasminelaunderette.com
England,Ramsgate,Efe Laundrette & Dry Cleaners,"42-44 Grange Rd, Ramsgate CT11 9LP, UK",01843 838519,https://www.facebook.com/profile.php?id=61555558891863&mibextid=2JQ9oc,,
England,Margate,Margate 360 Laundromat (Laundry Services),"80-82 Harold Rd, Cliftonville, Margate CT9 2HS, UK",,http://margate360.co.uk/,aaronrampling@hotmail.com,http://margate360.co.uk
England,Margate,Mark Michaels Dry Cleaners (formerly Mark Michaels Valet Service),"5 New St, Margate CT9 1EG, UK",01843 292571,http://markmichaelsvalet.co.uk/,,
England,Margate,Fox Dry Cleaners,"374 Northdown Rd, Cliftonville, Margate CT9 3PQ, UK",01843 224328,http://www.foxdrycleaners.co.uk/,,
England,Margate,CLEAN LINE LAUNDRY,"Unit 36, pysons road industrial estate, Broadstairs CT10 2YF, UK",01843 609444,http://www.cleanlinelaundry.co.uk/,info@cleanlinelaundry.co.uk,http://www.cleanlinelaundry.co.uk
England,Hatfield,Hatfield Rise Launderette,"9 High View, Hatfield AL10 8HZ, UK",07874 060337,https://www.hatfieldlaundry.co.uk/?utm_source=google&utm_medium=wix_google_business_profile&utm_campaign=17408539279712094479,,
England,Hatfield,Mobile Launderette & Dry Cleaners,"30 Birchwood Ave, Birchwood, Hatfield AL10 0PW, UK",01707 267224,http://www.hatfielddrycleaners.co.uk/,,
England,Wokingham,Mv-Express,"14 Westfield Rd, Winnersh, Wokingham RG41 5ER, UK",07493 271024,https://mv-express.co.uk/,,
England,Wokingham,Crowthorne Launderette & Dry Cleaning,"190 Duke's Ride, Crowthorne RG45 6DS, UK",01344 773946,https://crowthornelaundrette.co.uk/,,
England,Wokingham,Iron Easy,"10 Wildridings Square Berkshire, Deepdale, Bracknell RG12 7SJ, UK",01344 427070,http://ironeasy.co.uk/,eddie@ironeasy.com,http://ironeasy.co.uk
England,Wokingham,Apple Clean,"20 Dowles Grn, Wokingham RG40 5AB, UK",0800 587 4571,https://www.appleclean.co.uk/berkshire/wokingham/?utm_source=GMBlisting&utm_medium=organic&utm_campaign=wokingham,,
England,Wokingham,Indra's Ironing,"35 Highfield, Bracknell RG12 8XD, UK",07515 908577,http://www.indrasironing.co.uk/,bironing2018@gmail.com,http://www.indrasironing.co.uk
England,Feltham,Bubbles Bedfont,"469 Staines Rd, Feltham TW14 8BL, UK",020 8890 6675,https://bubbleslaundrette.co.uk/,,
England,Feltham,Bubbles Feltham,"190 Uxbridge Rd, Feltham TW13 5DY, UK",020 8890 7243,https://bubbleslaundrette.co.uk/,,
England,Farnham,Farnham Dry Cleaners,"Tailor, 103 High St, Aldershot GU11 1BY, UK",07494 223079,https://farnhamdrycleaners.co.uk/,info@farnhamdrycleaners.co.uk,https://farnhamdrycleaners.co.uk
England,Farnham,Lorraine’s Ironing Services,"152 Grosvenor Rd, Aldershot GU11 3EJ, UK",07712 134468,https://lorrainesironingservices.co.uk/?utm_campaign=gmb,lorraine@lorrainesironingservices.co.uk,https://lorrainesironingservices.co.uk
England,Farnham,Sainsbury's,"Water Ln, Farnham GU9 9NJ, UK",01252 718061,https://stores.sainsburys.co.uk/0680/water-lane?utm_source=gmb&utm_medium=yext&y_source=1_MTU1NjY5OTQtNzE1LWxvY2F0aW9uLndlYnNpdGU%3D,,
England,Fareham,Fareham Textile Cleaners,"133 Highlands Rd, Fareham PO15 6HZ, UK",01329 842749,https://www.facebook.com/farehamtextilecleaners,,
England,Fareham,Blue Moon Ironing Stubbington,"86 Cuckoo Ln, Fareham PO14 3PA, UK",07979 326555,http://www.bluemoonironing.com/,,
England,Chorley,The Washbowl Launderette,"46 Pall Mall, Chorley PR7 2LA, UK",,https://www.washbowl.co.uk/,,
England,Chorley,The Washbowl Launderette,"146 Brooke St, Chorley PR6 0LB, UK",01257 275105,https://washbowl.co.uk/,,
England,Castleford,Yorkshire Wash - Laundry & Ironing,"Unit D1, WhitWood Enterprise Park, Whitwood Ln, Castleford WF10 5PY, UK",01924 654182,http://www.yorkshirewash.co.uk/,enquiries@yorkshirewash.co.uk,http://www.yorkshirewash.co.uk
England,Cramlington,Denny's Ironing,"19 Cloverhill Cl, Annitsford, Cramlington NE23 7UA, UK",07533 198698,http://denny-ironing.co.uk/,,
England,Herne Bay,Smart Wash,"153 Station Rd, Herne Bay CT6 5QA, UK",07539 546688,https://smartwashhernebay.live/,,
England,Herne Bay,Washday Blues Launderette,"1 St John's Rd, Whitstable CT5 2QT, UK",01227 503191,https://www.facebook.com/profile.php?id=100092143119876,,
England,Herne Bay,LaundrySwift,"126, John Wilson Business Park, Harvey Dr, Whitstable CT5 3QT, UK",01227 538026,http://laundryswift.co.uk/,,
England,Herne Bay,Charlady's Bespoke Ironing Services,"81 Sea St, Herne Bay CT6 8QG, UK",01227 370048,http://www.charladysbespoke.co.uk/,,
England,Canvey Island,Canvey Ironing & Laundry,"Unit 12 Vikings Way, Canvey Island SS8 0PB, UK",01268 510591,http://www.canveyironing.co.uk/,hello@canveyironing.co.uk,http://www.canveyironing.co.uk/contact
England,Abingdon,Westinghouse Laundry Services,"7 Oxford Rd, Abingdon OX14 2ED, UK",01235 524782,http://www.westinghouselaundry.co.uk/,,
England,Abingdon,Abingdon Dry Cleaners,"11 - 15 E St Helen St, Abingdon OX14 5EE, UK",01235 798287,http://www.abingdondrycleaners.co.uk/,,
England,North Shields,Newcastle Quays Retail Park,"Coble Dene, North Shields NE29 6DW, UK",0191 296 3743,https://www.newcastlequays.com/,enquires@royalquayscentre.com,https://www.newcastlequays.com
England,Wednesbury,The Black Country Ironing Co,"164 Curtin Dr, Moxley, Wednesbury WS10 8RN, UK",07523 456947,https://www.yell.com/biz/the-black-country-ironing-co-wednesbury-8431113/,,
England,Accrington,The Washbowl Launderette,"420-422 Blackburn Rd, Accrington BB5 0DE, UK",,http://www.washbowl.co.uk/,,
England,Accrington,The Washbowl Launderette,"180 Union Rd, Oswaldtwistle, Accrington BB5 3EG, UK",,http://www.washbowl.co.uk/,,
England,Exmouth,The Launderette at Littleham Cross,"Littleham Cross Launderette, 70 Cranford Ave, Exmouth EX8 2QF, UK",01395 273255,https://www.littlehamcrosslaunderette.co.uk/,,
England,Exmouth,Exmouth Launderette,"6 High St, Exmouth EX8 1NN, UK",07747 040959,https://www.exmouthlaunderette.co.uk/,,
England,Exmouth,Dinan Way Laundry Services,"Unit 27 Concorde Rd, Exmouth EX8 4RS, UK",01395 262831,https://www.dinanway.com/,contact@dinanway.com,https://www.dinanway.com
England,Redcar,Cleaner Redcar,"2 Station Rd, Redcar TS10 1AQ, UK",01642 424302,http://cleanerredcar.com/,cleanerredcar@gmail.com,http://cleanerredcar.com
England,Houghton le Spring,Enhance Dry Cleaners,"Silksworth Ln, Sunderland SR3 1PD, UK",0191 511 0818,http://www.enhancedrycleaning.com/,,
England,Amesbury,R. May Laundry & Linen Services,"Amesbury Industrial Estate, London Rd, Amesbury, Salisbury SP4 7LS, UK",01980 625945,http://www.laundrylinen.services/,,
England,Amesbury,Murco Fuel Station,"2 London Rd, Amesbury, Salisbury SP4 7DY, UK",01980 622346,http://murco.co.uk/,,
England,Erith,IRON FREE LIMITED,"192 Bexley Rd, Erith DA8 3HF, UK",01322 632171,https://ironfree.uk/,leontrusk@gmail.com,https://ironfree.uk
England,Coalville,London Road Launderette,"83 London Rd, Coalville LE67 3JE, UK",01530 449535,http://www.londonroadlaunderette.co.uk/,,
England,Hitchin,"Hitchin Dry Cleaners, Alteration, Laundry","90 Bancroft, Hitchin SG5 1NQ, UK",01462 339055,http://www.hitchindrycleaners.co.uk/,,
England,Dunstable,Lois Laundrette & Dry Cleaners,"60 Langdale Rd, Dunstable LU6 3BS, UK",01582 477337,https://www.loislaundrette.co.uk/,info@loislaundrette.co.uk,https://www.loislaundrette.co.uk
England,Dunstable,Wilsons Dry Cleaners,"Unit 1 Bullpond Ln., Dunstable LU6 3AH, UK",01582 660755,https://wilsonsdrycleaners.com/,info@wilsonsdrycleaners.com,https://wilsonsdrycleaners.com
England,Dunstable,Quadrant Shopping Centre,"17-19 Broadwalk, Dunstable LU5 4RH, UK",01582 602299,http://www.quadrantdunstable.co.uk/,info@estama.co.uk,http://www.quadrantdunstable.co.uk
England,Bridlington,Sparkles launderette,"3 Vernon Rd, Bridlington YO15 2HQ, UK",01262 604752,https://sparkles-cleaning-and-laundry.ueniweb.com/,sparklescleaners2010@googlemail.com,https://sparkles-cleaning-and-laundry.ueniweb.com
England,Dover,The Mangle - Dover’s Launderette,"21 Worthington St, Dover CT17 9AQ, UK",01304 241235,http://doverlaundrette.co.uk/,,
England,Sidcup,Memzies Laundrette,"176 Bexley Rd, London SE9 2PH, UK",07493 186725,https://www.memzies.co.uk/,,
England,Lichfield,Stowe Cleaning Centre,"93 Stowe St, Lichfield WS13 6AF, UK",01543 253046,http://launderetteonline.co.uk/,info@LaunderetteOnline.co.uk,http://launderetteonline.co.uk
England,Lichfield,Laundry Shack,"Unit 2a Greenhough Rd, Lichfield WS13 7AU, UK",07860 640850,https://www.laundryshack.co.uk/,Nick@laundryshack.co.uk,https://www.laundryshack.co.uk
England,Lichfield,Stitch by Stitch,"55 Tamworth St, Lichfield WS13 6JW, UK",01543 321869,http://www.stitchbystitchalteratiion.co.uk/,Stitchbystitch47@gmail.com,http://www.stitchbystitchalteratiion.co.uk
England,Lichfield,Betzys Cleaning Service,"unit 2a, green haugh, Lichfield WS13 7AU, UK",07736 509635,http://www.betzyscleaningservice.co.uk/,nick@betzyscleaningservice.co.uk,http://www.betzyscleaningservice.co.uk
England,Haywards Heath,Progress Launderette,"1 Commercial Square, Haywards Heath RH16 1DW, UK",01444 461003,https://www.progresslaunderette.co.uk/contact-self-service-launderette,,
England,Uxbridge,Launderette,"59 Station Rd, Yiewsley, West Drayton UB7 7LR, UK",07835 046866,https://hayeslaunderette.com/,,
England,Uxbridge,Duvals Dry Cleaners,"1 Crescent Parade, Uxbridge UB10 0LG, UK",07387 873949,http://duvalsdrycleaner.com/,,
England,Whitstable,Fox Dry Cleaners,"111 Tankerton Rd, Tankerton, Whitstable CT5 2AN, UK",01227 273282,http://www.foxdrycleaners.co.uk/,,
England,Glossop,Spring Clean,"70 Victoria St, Glossop SK13 8HY, UK",01457 854780,http://www.spring-clean.co.uk/,,
England,Borehamwood,Hot Off The Press,"54 Shenley Rd, Borehamwood WD6 1DS, UK",020 8207 1101,http://www.theorganicdrycleaner.com/,,
England,Borehamwood,Lost Sock,"20 Theobald St., Borehamwood WD6 4SE, UK",07738 106536,https://www.lost-sock.co.uk/,,
England,Burgess Hill,Washsalon Laundrette,"197 Lower Church Rd, Burgess Hill RH15 9AA, UK",07919 037754,https://instagram.com/washsalon2023,,
England,Burgess Hill,Progress Launderette,"The Watermill, 13 Leylands Rd, Burgess Hill RH15 0QF, UK",01444 461003,https://www.progresslaunderette.co.uk/,,
England,Windsor,Continental Dry Cleaners & Launderers,"240 Dedworth Rd, Windsor SL4 4JR, UK",01753 860375,https://www.continentaldrycleaner.co.uk/,dinmanagement@outlook.com,https://www.continentaldrycleaner.co.uk/contact
England,Windsor,Clean Clothes Ltd,"83 Clewer Hill Rd, Windsor SL4 4DE, UK",01753 855289,http://www.cleanclothes.org.uk/,theironingservice@yahoo.co.uk,http://www.cleanclothes.org.uk
England,Pudsey,Pudsey Dry Cleaners,"124 Bradford Rd, Stanningley, Pudsey LS28 6UR, UK",0113 257 7575,http://pudseydrycleaners.com/,daryl@pudseydrycleaners.co.uk,http://pudseydrycleaners.com
England,Pudsey,The Ironing Room,"52 Lowtown, Pudsey LS28 7AA, UK",0113 204 7302,https://www.yell.com/biz/the-ironing-room-pudsey-8780464/,,
England,Rayleigh,Riverside Launderette,"238 Ferry Rd, Hullbridge, Hockley SS5 6ND, UK",01702 231000,http://riversidelaunderette.co.uk/,,
England,Rayleigh,Blossom Clean & Dry,"29 Richmond Dr, Rayleigh SS6 7RJ, UK",01268 772732,https://www.blossomclean.co.uk/,,
England,Rayleigh,Savers Health & Beauty,"55 High St, Rayleigh SS6 7EW, UK",01268 777315,https://www.savers.co.uk/,,
England,Rayleigh,Ironing Parla,"61A Spa Rd, Hockley SS5 4AR, UK",01702 203070,http://www.ironing-parla.co.uk/,,
England,Rayleigh,Leech's Cleaning Services Ltd,"187 Bull Ln, Rayleigh SS6 8NT, UK",0800 695 0101,http://www.leechscleaningservices.co.uk/,,
England,Rayleigh,South Benfleet Express Dry Cleaners,"254 High Rd, South Benfleet, Benfleet SS7 5HB, UK",01268 758555,http://www.garmentcare.co.uk/,,
England,Loughton,WASHX LAUNDERETTE,"5 Lower Queen's Rd, Buckhurst Hill IG9 6DL, UK",07412 550450,http://www.washx.co.uk/,,
England,Loughton,Sew Clean Dry Cleaning,"7 Lower Rd, Loughton IG10 2RS, UK",07447 645474,https://sewcleandrycleaning.co.uk/,,
England,Epsom,Stitch Studio,"5 The Quadrant, Epsom KT17 4RH, UK",01372 722477,https://www.stitch-studio.online/,,
England,Epsom,Ewell Dryclean & Launderette - Epsom,"214 Chessington Rd, Ewell, Epsom KT19 9XA, UK",020 3609 9139,http://www.ewelldrycleanlaunderette.co.uk/,info@ewelldrycleanlaunderette.co.uk,http://www.ewelldrycleanlaunderette.co.uk
England,Epsom,D&L Epsom Dry Cleaners,"62 High St, Epsom KT19 8AJ, UK",01372 723820,https://danlepsom.netlify.app/,,
England,Epsom,Chessington Launderette,"373 Hook Rd, Hook, Chessington KT9 1EL, UK",07957 017717,https://chessingtonlaunderette.co.uk/,,
England,Epsom,Ewell Express Stitch & Dry Cleaners,"415 Kingston Rd, Epsom KT19 0BT, UK",020 8786 8900,https://www.facebook.com/EwellExpressStitchDryCleaners/?ref=page_internal,,
England,Epsom,Steam & Press Co.,"181 Vale Rd, Epsom KT19 0PJ, UK",020 8090 8232,https://www.steamandpressco.uk/,,
England,Epsom,Surrey Stitch,"4 Ruxley Ln, Epsom KT19 0JA, UK",07842 722600,http://www.surreystitch.com/,user@domain.com,http://www.surreystitch.com
England,Epsom,Ewell Professional dry cleaners,"191 Kingston Rd, Ewell, Epsom KT19 0AB, UK",020 8393 8754,http://www.ewellprofessional.uk/,,
England,Epsom,Nova Klean,"35A The St, Ashtead KT21 1AA, UK",01372 273333,http://www.novaklean.com/,novaklean@yahoo.co.uk,http://www.novaklean.com
England,Staines,Crystal Cleaners - Dry Cleaning & Laundry Services in Staines,"92 Gresham Rd, Staines-upon-Thames, Staines TW18 2AE, UK",01784 457045,http://thecrystalcleaners.co.uk/,,
England,Staines,Speediwash Laundry,"8, Trident House, Clare Rd, Stanwell, Staines-upon-Thames, Staines TW19 7QU, UK",01784 241197,http://www.speediwash.co.uk/,,
England,Chichester,Novawash,"Stockbridge Place, Stockbridge Rd, Chichester PO19 8QH, UK",01243 530990,https://novawash.co.uk/,,
England,Chichester,Total Laundry,"2, Phoenix Business Centre, Spur Rd, Chichester PO19 8PN, UK",01243 756182,http://www.totallaundry.co.uk/,nwash@totallaundry.co.uk,http://www.totallaundry.co.uk
England,Chichester,Home & Dry Garment Care and Home Services,"1, St James' Works, St Pancras, Chichester PO19 7NN, UK",01243 543877,http://www.homeanddry.biz/,example@mysite.com,http://www.homeanddry.biz
England,Deal,Oswestry Launderette,"56A Upper Church St, Oswestry SY11 2AF, UK",01691 659183,https://www.facebook.com/PenylanLaundry?locale=en_GB,,
England,Deal,Alpha laundrette and Laser Designs,"5 Church St, Thorne, Doncaster DN8 5BE, UK",07424 208849,https://www.alphalaundrettelaserdesigns.co.uk/,contact.alphalld@gmail.com,https://www.alphalaundrettelaserdesigns.co.uk
England,Deal,The Washbasin Laundrette,"Basin End, Chester Rd, Nantwich CW5 8LB, UK",07950 303501,http://www.thewashbasinlaundrette.uk/,,
England,Deal,Pit Stop Launderette,"80 Northgate, Wakefield WF1 3AY, UK",01924 650440,https://www.pitstoplaunderette.co.uk/,PitStopWF1@Gmail.com,https://www.pitstoplaunderette.co.uk
England,Sevenoaks,Hollybush Launderette,"56 Holly Bush Ln, Sevenoaks TN13 3TL, UK",01732 740869,https://www.hollybushlaunderette.co.uk/,,
England,Sevenoaks,Sevenoaks Eco Dry Cleaning &Tailoring,"11 Tubs Hill, Parade, Sevenoaks TN13 1DH, UK",01732 458007,http://sevenoakseco.com/,,
England,Sevenoaks,Archers Express Cleaners,"11A London Rd, Sevenoaks TN13 1AH, UK",01732 456814,https://www.facebook.com/profile.php?id=100063732455860&ref=py_c,,
England,Sevenoaks,Kemsing Dry Cleaners,"Shop 4, The Parade, Dynes Rd, Kemsing, Sevenoaks TN15 6RE, UK",01959 522838,http://www.kemsingdrycleaners.com/,,
England,Rushden,The Latte Laundrette,"20 High St, Rushden NN10 0PW, UK",07510 227186,https://www.tllrushden.co.uk/,info@lattelaundrette.co.uk,https://www.tllrushden.co.uk
England,Pontefract,Preen & Clean Pontefract,"78 Camp Mount, Pontefract WF8 4BX, UK",01977 317004,https://preenandclean.com/location/pontefract-castleford/,info@preenandclean.com,https://preenandclean.com
England,Pontefract,Kathryn's Ironing Service,"40D Bell Ln, Ackworth, Pontefract WF7 7PF, UK",07909 695479,https://www.kathryns-ironing.co.uk/contact-us/,enquiries@kathryns-ironing.co.uk,https://www.kathryns-ironing.co.uk
England,Pontefract,Economy Cleaners,"61 Front St, Castleford WF10 4QF, UK",01977 516570,http://www.economycleaners.co.uk/,,
England,Pontefract,Pontefract Monkhill,"Monkhill Ln, Pontefract WF8 2NX, UK",,https://www.northernrailway.co.uk/stations/pontefract-monkhill,,
England,Pontefract,J & M Laundry Services - Ironing Service - Laundrette - Dry Cleaners,"70 Lake Lock Rd, Stanley, Wakefield WF3 4HS, UK",01924 824248,https://jocarstafford.wixsite.com/jmlaundry,,
England,Pontefract,Crystal Clean Ltd,"2a Acacia Dr, Castleford WF10 3PF, UK",01977 513947,http://www.crystal-cleanltd.co.uk/,info@crystal-cleanltd.co.uk,http://www.crystal-cleanltd.co.uk
England,Camberley,Camberley Dry Cleaners (not Beaucare Launderette),"Unit 2, 146 Frimley Rd, Camberley GU15 2QN, UK",01276 462630,http://www.camberleydrycleaners.com/,,
England,Kendal,The Laundry Shop,"29/30 Longpool, Kendal LA9 6ER, UK",01539 332578,https://www.yell.com/biz/the-laundry-shop-kendal-4632934/,,
England,Spalding,The launderette Spalding,"Swan St, Spalding PE11 1BT, UK",07828 125368,https://www.facebook.com/The-Launderette-Spalding-107652834376108/,,
England,Newark,Revolution Lauderette,"King's Rd, Newark-on-Trent, Nottinghamshire NG24 1EW, UK",,https://stores.revolution-laundry.com/en-uk/?utm_source=google&utm_medium=directory&utm_campaign=local_visibility&utm_content=google_maps,,
England,Newark,Balderton Dry Cleaners,"1 Brisbane Court, Balderton, Newark NG24 3PS, UK",01636 705487,https://www.baldertondrycleaners.co.uk/,,
England,Brentwood,Laundry & Latte,"27 Warley Hill, Warley, Brentwood CM14 5HR, UK",01277 584655,https://m.facebook.com/laundryandlatte,,
England,Brentwood,Mr Elegance Essex,"Unit 2, 1 Crescent Rd, Warley, Brentwood CM14 5JR, UK",01277 213964,http://www.mrelegances.co.uk/,,
England,Brentwood,Efendi Dry Cleaners And Tailors - Brentwood,"100 High St, Brentwood CM14 4AP, UK",01277 231478,https://www.efendi.co.uk/,info@efendi.co.uk,https://www.efendi.co.uk
England,Brentwood,JLR Commercial Laundry,"Unit 6, Brentwood Trade Park, 14a Tallon Rd, Hutton, Brentwood CM13 1TF, UK",01277 203452,http://www.jlrcommerciallaundry.co.uk/,,
England,Brentwood,Bright & Beautiful Brentwood,"Spall, White Gates Business Centre, Alexander Ln, Hutton, Brentwood CM15 8QF, UK",01277 287503,https://www.brightandbeautifulhome.com/locations/brentwood/?utm_source=google&utm_medium=organic&utm_campaign=gbp-listing,,
England,Bramhall,CLEAN INC,"21 Woodford Rd, Bramhall, Stockport SK7 1JN, UK",0161 439 9244,http://www.cleaninc.co.uk/,,
England,Bramhall,Hursthead Launderette,"60 Fountains Rd, Cheadle Hulme, Cheadle SK8 7PY, UK",0161 439 7236,http://www.hurstheaddrycleaners.co.uk/,,
England,Bramhall,Direct Dry Cleaning,"20 Church Rd, Cheadle Hulme, Cheadle SK8 7JB, UK",0161 486 9457,http://directdc.co.uk/,,
England,Bramhall,Direct Dry Cleaning,"217 Bramhall Ln, Davenport, Stockport SK2 6JD, UK",0161 456 9761,http://directdc.co.uk/,,
England,Bramhall,Bramhall Carpet Cleaners,"5 Totnes Ave, Bramhall, Stockport SK7 3PH, UK",07769 687462,http://bramhallcarpetcleaners.co.uk/,enquiries@bramhallcarpetcleaners.co.uk,http://bramhallcarpetcleaners.co.uk
England,Bramhall,Quick Stitch - Davenport,"126B Bramhall Ln, Davenport, Stockport SK3 8SB, UK",0161 943 4581,http://www.quickstitch.com/,cheadle@quickstitch.com,http://www.quickstitch.com
England,Bramhall,Direct Dry Cleaning,"5 Fiveways Parade, Hazel Grove, Stockport SK7 6DG, UK",01625 858483,https://www.directdrycleaning.co.uk/copy-of-branch-locator-1,,
England,Littlehampton,Wick Launderette,"93 Wick St, Wick, Littlehampton BN17 7JN, UK",01903 722014,https://www.wicklaunderette.com/,Scrubandtumble@gmail.com,https://www.wicklaunderette.com
England,Littlehampton,Beach Road Dry Cleaners,"4 Beach Rd, Littlehampton BN17 5HT, UK",01903 717999,https://beachroadlaundry.co.uk/,,
England,Darwen,As Fresh As Laundry,"14A Watery Ln, Darwen BB3 2ET, UK",01254 772111,http://www.asfreshas.com/,,
England,Darwen,Impress Drycleaner,"45 Blackburn Rd, Darwen BB3 1EJ, UK",01254 702445,https://impressdrycleaning.co.uk/,Clean@ImpressDryCleaning.co.uk,https://impressdrycleaning.co.uk
England,Nelson,Lasting Impressions Ironing Service Ltd,"3 Rushton St, Barrowford, Nelson BB9 6EA, UK",07817 660395,https://www.lastingimpressionsironing.co.uk/,info@lastingimpressionsironing.co.uk,https://www.lastingimpressionsironing.co.uk
England,Fleet,Green Dry Cleaners & Tailoring,"205 Fleet Rd, Fleet GU51 3BL, UK",01252 266638,https://www.hartshopping.co.uk/shops/green-dry-cleaners/,info@hartshopping.co.uk,https://www.hartshopping.co.uk
England,Gosforth,Stitch & Clean Gosforth,"11 Church Rd, Gosforth, Newcastle upon Tyne NE3 1TX, UK",0191 284 4611,http://stitchandclean.co.uk/,,
England,Gosforth,Launder and Press | Gosforth,"7 Ashburton Rd, Gosforth, Newcastle upon Tyne NE3 4XN, UK",0191 284 2036,http://www.launderandpress.co.uk/,user@domain.com,http://www.launderandpress.co.uk
England,Gosforth,M&A Cleaners,"4 Salters Rd, Newcastle upon Tyne NE3 1DJ, UK",0191 285 8049,https://ma-cleaners.co.uk/,,
England,Hertford,Iron's Professional Dry Cleaners And Launderers,"53 Fore St, Hertford SG14 1AL, UK",01992 582418,https://www.ironsdrycleaners.co.uk/,,
England,Hertford,The Clean Team Launderette,"20 Fawkon Walk, Hoddesdon EN11 8TJ, UK",01992 946946,https://thecleanteamltd.com/,impallari@gmail.com,https://thecleanteamltd.com
England,Hertford,Village Laundry,"35 Chaucer Way, Hoddesdon EN11 9QP, UK",01992 446516,http://www.villagelaundryherts.co.uk/,,
England,Hertford,Sovereign Dry Cleaners,"5 Evron Pl, Hertford SG14 1PA, UK",01992 550000,http://sovereigndrycleaners.co.uk/,,
England,Hertford,Clean Supply Ltd,"19 Merchant Dr, Mead Ln, Hertford SG13 7AY, UK",020 8885 6677,http://www.cleansupply.co.uk/,sales@cleansupply.co.uk,http://www.cleansupply.co.uk
England,Hertford,Monster Cleaning Hertford,"44 Fore St, Hertford SG14 1BY, UK",020 8077 9597,https://monstercleaninghertford.com/,,
England,Hertford,Sovereign Dry Cleaner (Ware) Ltd,"13 High St, Ware SG12 9BP, UK",01920 469287,https://www.sovereigndrycleanersltd.co.uk/,sovereigndrycleaner@gmail.com,https://www.sovereigndrycleanersltd.co.uk
England,Hertford,Jarv's Cleaning Services,"10 Queens Court, Hertford SG13 8AX, UK",07947 305216,https://m.facebook.com/JarvsCleaningServices/,,
England,Burntwood,The Village Ironing Company,"2a, Morley Rd, Burntwood WS7 9AZ, UK",01543 684151,https://www.facebook.com/thevillageironingcompany/,,
England,East Grinstead,West Street Laundry,"10 West St, East Grinstead RH19 4EQ, UK",01342 324201,http://www.weststreetlaundry.co.uk/,info@weststreetlaundry.co.uk,http://www.weststreetlaundry.co.uk/contact
England,East Grinstead,Washday Launderette,"90 Railway Approach, East Grinstead RH19 1BP, UK",07904 355078,http://www.washdayeg.com/,,
England,Melton Mowbray,Snowflake Laundry,"Leicester Rd, Melton Mowbray LE13 0DB, UK",01664 562046,http://www.snowflakelaundry.co.uk/,info@snowflakelaundry.co.uk,http://www.snowflakelaundry.co.uk
England,Thatcham,Dees Dry Cleaners,"5 High St, Thatcham RG19 3JG, UK",01635 863988,http://www.deesdrycleaners.co.uk/,contact@deesdrycleaners.co.uk,http://www.deesdrycleaners.co.uk
England,Thatcham,Awash Laundry Ltd,"industrial estate, Unit 9 Green Ln, Thatcham RG19 3RG, UK",01635 869133,http://www.awashlaundry.co.uk/,enquiries@awashlaundry.co.uk,http://www.awashlaundry.co.uk
England,Thatcham,Absolutely Steaming,"Unit 9, green land ind.estate, Green Ln, Thatcham RG19 3RG, UK",01635 869133,http://www.absolutelysteaming.co.uk/,enquiries@absolutelysteaming.co.uk,http://www.absolutelysteaming.co.uk
England,Kingswinford,Geeves Dry Cleaners,"7 Townsend Place, Kingswinford DY6 9JL, UK",01384 274848,https://geevesdrycleaners.com/,,
England,Kingswinford,Spin Fast Laundry Linen Services Ltd,"Unit 2, Dadsford Industrial Estate, Plant St, Wordsley, Stourbridge DY8 5SY, UK",01384 492957,http://www.spinfastlaundry.com/,,
England,Bushey,Bushey Dry Cleaners,"120-122, High St, Bushey WD23 3DE, UK",020 8950 9993,http://www.busheydrycleaners.com/,info@busheydrycleaners.com,http://www.busheydrycleaners.com
England,Bushey,Posh Dry Cleaners,"58 High St, Bushey WD23 3HE, UK",020 8386 3869,https://poshdrycleaners.co.uk/,,
England,Bushey,Jet Maid Dry Cleaners Watford,"156 York Way, Watford WD25 9EA, UK",01923 671326,http://www.jetmaidlaundry.co.uk/,,
England,Bushey,B X DRY CLEANERS : CURTAIN | WEDDING DRESS | LEATHER CLEANERS,"Unit 1, Wren House, 19-23 Exchange Rd, Watford WD18 0JG, UK",01923 510751,https://bxdrycleaners.com/,info@bxdrycleaners.com,https://bxdrycleaners.com
England,Newton Abbot,Wash & Co,"12 Union St, Newton Abbot TQ12 2JS, UK",01626 353721,https://washandco.co.uk/newton-abbot/,,
England,Newton Abbot,Town and Country Laundry / Dry Cleaners,"10 Haldon Rise, Buckland Rd, Newton Abbot TQ12 4BG, UK",01626 437930,http://www.townandcountrylaundry.co.uk/,enquiries@townandcountrylaundry.co.uk,http://www.townandcountrylaundry.co.uk
England,Bognor Regis,Felpham Launderette,"3, Grassmere Parade, Felpham Rd, Bognor Regis PO22 7NT, UK",01243 543877,https://www.homeanddry.biz/felpham-launderette,example@mysite.com,https://www.homeanddry.biz
England,Bognor Regis,Shine Laundry,"10 Glamis St, Bognor Regis PO21 1DQ, UK",01243 345241,https://www.facebook.com/shinelaundry.cleaners,,
England,Bognor Regis,Nyewood Launderette,"23 Nyewood Ln, Bognor Regis PO21 2QB, UK",07494 550488,https://www.facebook.com/nyewoodlaundrette/,,
England,Bognor Regis,Any Old Ironing,"39A Queensway, Bognor Regis PO21 1QN, UK",07436 928053,http://www.any-old-ironing.com/,misssbojangles42@yahoo.co.uk,http://www.any-old-ironing.com
England,Whitehaven,Whitehaven Launderette,"15 New St, Whitehaven CA28 7DY, UK",01946 591381,https://launderettewhitehaven.co.uk/,,
England,Droitwich,M Commercial Ltd,"Hampton Lovett Industrial Estate, Unit 14 Wassage Way S, Droitwich WR9 0QG, UK",01905 317017,http://www.mclaundry.co.uk/,info@mcommercial.co.uk,http://www.mclaundry.co.uk
England,Evesham,Lench Appliances,"3 Lilac Cl, Hampton, Evesham WR11 2NY, UK",01386 443489,http://www.lenchappliances.co.uk/,,
England,Ormskirk,Prima Launderette,"19 Moor St, Ormskirk L39 2AA, UK",01695 579146,http://www.primacleaners.co.uk/,martin@primafranchise.co.uk,http://www.primacleaners.co.uk/contact-us
England,Ormskirk,Prima Cleaners,"Atkinson Road Atkinson retail park, Ormskirk L39 2ZA, UK",01695 579146,http://www.primacleaners.co.uk/,martin@primafranchise.co.uk,http://www.primacleaners.co.uk/contact-us
England,Ormskirk,Lady Margaret Laundry,"Halls, Lady Margaret, Ormskirk L39 4QP, UK",0808 281 2288,http://circuit-go.com/,Circuitgo@circuitgroup.com,http://circuit-go.com
England,Ormskirk,Central Halls Laundry,"Central Halls, Edge HIll University, St Helens Rd, Ormskirk L39 4QP, UK",0808 281 2288,http://circuit-go.com/,Circuitgo@circuitgroup.com,http://circuit-go.com
England,Consett,Creaseless,"The Crescent, Shotley Bridge, Consett DH8 0JA, UK",07979 007657,https://sites.google.com/view/creaselessironingservice/home,,
England,Newton Aycliffe,Ironing Services Newton Aycliffe Cleaners Newton Aycliffe,"2 Greenwood Ct, Newton Aycliffe DL5 7EN, UK",07578 815082,https://www.facebook.com/groups/923533647705912/,,
England,Newton Aycliffe,Aycliffe Cleaning Services,"22 Langdale Pl, Newton Aycliffe DL5 7DX, UK",01325 327087,https://www.aycliffecleaning.co.uk/,info@aycliffecleaning.co.uk,https://www.aycliffecleaning.co.uk
England,Thornaby-on-Tees,The Press Gang,"64E Dukesway, Thornaby, Stockton-on-Tees TS17 9LT, UK",01642 769585,https://thepressgangironing.co.uk/,,
England,Portishead,"Portishead Cleaning, Kapka LTD","Portishead, Bristol BS20 7BX, UK",07858 694273,https://portisheadcleaning.co.uk/,info@portisheadcleaning.co.uk,https://portisheadcleaning.co.uk
England,Portishead,Klean Freak Ltd,"19 Beach Rd W, Portishead, Bristol BS20 7HX, UK",07546 106058,https://www.kleanfreak.co.uk/Contact,enquiries@kleanfreak.co.uk,https://www.kleanfreak.co.uk
England,Portishead,Welcome Break Gordano Services M5,"19, M5, Bristol BS20 7XG, UK",01275 373624,https://www.welcomebreak.co.uk/locations/gordano/,hotelcustomer.service@welcomebreak.co.uk,https://www.welcomebreak.co.uk/contact
England,Ferndown,Victoria Road Launderette,"110 Victoria Rd, Ferndown BH22 9JA, UK",01202 876516,https://victoriaroadlaunderette.co.uk/,,
England,Ferndown,West Moors Launderama,"Station Rd, West Moors, Ferndown BH22 0JJ, UK",07761 832314,http://www.westmoorslaunderama.co.uk/,info@westmoorslaunderama.co.uk,http://www.westmoorslaunderama.co.uk
England,Wilmslow,Eco Dry Clean and Laundry Service Wilmslow,"1 St Anns Parade, Wilmslow SK9 1HG, UK",01625 527581,https://ecowilmslowdc.com/,,
England,Grays Thurrock,Alison's Launderette,"1 Broxburn Dr, South Ockendon RM15 5QZ, UK",07930 350533,http://www.alisonslaunderette.co.uk/,,
England,Grays Thurrock,Bright & Beautiful Upminster & Grays,"690 London Rd West Thurrock, Grays RM20 3LD, UK",01375 800684,https://www.brightandbeautifulhome.com/locations/grays?utm_source=google&utm_medium=organic&utm_campaign=googleBusinessProfile,,
England,Grays Thurrock,Tilbury Launderette,"Montreal Rd, Tilbury RM18 7QX, UK",,https://www.facebook.com/tilbury.launderette,,
England,Grays Thurrock,The Laundry Room,"1, The Parade, 1 The Parade, High St, Swanscombe DA10 0AJ, UK",01322 624512,https://facebook.com/laundryroomswanscombe/,,
England,New Milton,Laundarama,"8 Old Milton Grn, Barton on Sea, New Milton BH25 6QA, UK",01425 614477,https://mylaundry.uk/new-milton/laundarama/,,
England,Oadby,Oadby Ironing Services,"11 Tiverton Cl, Oadby, Leicester LE2 4JH, UK",07593 330448,http://oadbyironingservices.co.uk/,,
England,Oadby,Spot & Sew,"20 Leicester Rd, Wigston LE18 1DR, UK",0116 288 0170,http://www.spotandsew.com/,info@spotandsew.com,http://www.spotandsew.com/contact
England,Oadby,Woods Of Wigston,"4, The Arcade, Leicester Rd, Wigston LE18 1NZ, UK",0116 332 6224,https://darshan2good.wixsite.com/woods-of-wigston,,
England,Chapeltown,Rinse and Dry,"54 St Michael's Rd, Ecclesfield, Sheffield S35 9YL, UK",0114 246 7624,http://rinseanddry.com/,info@rinseanddry.com,http://rinseanddry.com/contact
England,Stalybridge,The Launderette Stalybridge,"Unit 5, The Arcade, High St, Stalybridge SK15 1UL, UK",0161 304 7095,https://www.facebook.com/thelaunderettestalybridge/,,
England,Walton-on-Thames,Nova Clean Dry Cleaning Industries,"77-79 Hersham Rd, Walton-on-Thames KT12 1RJ, UK",01932 262425,http://www.novacleanuk.com/,info@novacleanuk.com,http://www.novacleanuk.com
England,Esher,GOLDEN STITCHES ESHER,"29 High St, Esher KT10 9RL, UK",01372 810716,https://goldenstitchescheshire.co.uk/,info@goldenstitchescheshire.co.uk,https://goldenstitchescheshire.co.uk
England,Esher,Esher Valet,"6 Station Approach, Hinchley Wood, Esher KT10 0SP, UK",020 8398 6380,https://eshervalet.weebly.com/,,
England,Esher,Finesse Dry Cleaning,"5, Criterion Buildings, Portsmouth Rd, Thames Ditton KT7 0SS, UK",020 8398 6655,http://www.finesse-dry-cleaning.co.uk/,,
England,Esher,"Laundry Happy – Dry Cleaning, Laundry, Ironing, Pickup & Delivery","16-18 Island Farm Ave, West Molesey KT8 2UZ, UK",020 3432 6444,https://www.laundryhappy.com/,jane@framer.com,https://www.laundryhappy.com/contact
England,Esher,The Press Gang,"64 Walton Rd, Molesey, London KT8 0DL, UK",020 8941 9629,http://www.thepressgang-london.co.uk/,,
England,Esher,Savilles Dry Cleaners Cobham,"17 Anyards Rd, Cobham KT11 2LW, UK",01932 863248,http://www.savillesdrycleaners.co.uk/,,
England,Esher,Iron-Maid Ironing Cleaning,"220 Portsmouth Rd, Cobham KT11 1HS, UK",07551 587058,https://www.iron-maid.com/,Enquiries@iron-maid.com,https://www.iron-maid.com
England,Esher,Sparkle dry cleaners East Molesey,"12 Bridge Rd, Molesey, East Molesey KT8 9HA, UK",020 8979 4113,http://sparkledrycleaner.com/,hello@sparkledrycleaner.com,http://sparkledrycleaner.com
England,Potters Bar,Wash House Launderette,"28, Cranborne Parade, Potters Bar EN6 3BA, UK",07343 012723,http://www.washhouselaunderette.com/,,
England,Potters Bar,Master Care Valet Dry Cleaners,"92 High St, Potters Bar EN6 5AT, UK",01707 850123,http://www.mastercarevalet.co.uk/,mastercarevalet@gmail.com,http://www.mastercarevalet.co.uk
England,Kenilworth,The Kenilworth Iron,"29 Ilam Park, Kenilworth CV8 2NU, UK",01926 851458,https://www.thekenilworthiron.com/,lydia@thekenilworthiron.com,https://www.thekenilworthiron.com
England,Market Harborough,Londis,"45-49 Western Ave, Market Harborough LE16 9PL, UK",01858 467030,https://www.londis.co.uk/,,
England,Garforth,Power Wash Co.,"4 Wesley Ter, Garforth, Leeds LS25 1NP, UK",07956 035374,https://www.facebook.com/PowerWashLeeds,,
England,Newquay,Chester Road Laundrette,"Newquay TR7 2RT, UK",07999 858179,https://www.cleanerscentral.co.uk/cleaner/973020/chester-road-laundrette,,
England,Newquay,Newquay Launderama,"The Workshop, Berry Rd, Newquay TR7 1AP, UK",01637 520213,https://newquaylaunderama.com/,launderamanewquay@gmail.com,https://newquaylaunderama.com
England,Truro,Truro Launderette,"Boscawen House, Chapel Hill, Truro TR1 3BN, UK",07522 882772,http://www.trurolaunderette.co.uk/,contacthaydn@gmail.com,http://www.trurolaunderette.co.uk
England,Falmouth,The Laundry Room,"Polwhaveral Terrace, Falmouth TR11 2LR, UK",07903 051558,https://www.thelaundryroomfalmouth.co.uk/?utm_source=google&utm_medium=wix_google_business_profile&utm_campaign=14297017159122186552,,
England,Falmouth,Trelawney Launderette,"49 Trelawney Rd, Falmouth TR11 3LY, UK",01326 312677,http://www.falmouthlaundrette.co.uk/,trelaunderette@gmail.com,http://www.falmouthlaundrette.co.uk
England,Falmouth,PILLOWPRESS LAUNDRY,"1 Chough Close, Tregoniggie Industrial Estate, Falmouth TR11 4RT, UK",01326 771320,http://www.pillowpress.co.uk/,,
England,Camborne,In A Spin Launderette (Self Service),"Albert St, Camborne TR14 8BW, UK",01209 710198,http://www.inaspinlaunderette.co.uk/,inaspin2015@outlook.com,http://www.inaspinlaunderette.co.uk/contact
England,Stamford,"Peters' Cleaners, Stamford","13 St Paul's St, Stamford PE9 2BE, UK",0333 772 2264,http://www.peterscleaners.co.uk/,,
England,Stamford,Ironing Maids,"31 Irnham Rd, Stamford PE9 1SD, UK",07922 948102,https://www.ironingmaidsstamford.com/,rachel.forsythe@sky.com,https://www.ironingmaidsstamford.com
England,Dronfield,Greendale launderette and cleaning centre,"1, Greendale Shopping Centre, Green Ln, Dronfield S18 2LJ, UK",01246 418172,http://www.cleaningcentreuk.com/,,
England,Guiseley,Chevin View Launderette,"42 Gay Ln, Otley LS21 1BR, UK",01943 461306,http://www.chevinwash.co.uk/,info@chevinwash.co.uk,http://www.chevinwash.co.uk
England,Guiseley,Guiseley Oven Cleaning,"42 Westgate, Guiseley, Leeds LS20 8HL, UK",01943 262006,http://www.guiseleyovencleaning.co.uk/,,
England,Rawtenstall,Bright & Beautiful Rossendale,"88A Bank St, Rossendale BB4 8EG, UK",07952 023908,http://www.brightandbeautifulhome.com/locations/rossendale,,
England,Rawtenstall,WN Cleaning Services,"3 Pleasant St, Haslingden, Rossendale BB4 5LG, UK",01706 215124,http://wncleaningservices.co.uk/,info@wncleaningservices.co.uk,http://wncleaningservices.co.uk
England,Clevedon,A-Y-S Drycleaning Ltd,"4 Kenn Rd, Clevedon BS21 6EL, UK",01275 878024,http://www.aysdrycleaning.co.uk/,,
England,Clevedon,Apex Specialist Cleaning (North Somerset),"unit 8 Tweed Rd, Clevedon BS21 6RR, UK",0117 325 9250,https://www.apexcleaningltd.com/,sales@apexcleaningltd.com,https://www.apexcleaningltd.com
England,Horley,"RH6 Dry Cleaners, Alteration and Laundry","32 Victoria Rd, Horley RH6 7PZ, UK",01293 786777,http://www.rh6drycleaners.co.uk/,info@RH6DryCleaners.co.uk,http://www.rh6drycleaners.co.uk
England,Horley,Fosters Dry Cleaners and Clothing Alteration & Repair Services,"127 Victoria Rd, Horley RH6 7AS, UK",01293 786386,http://www.fostersdrycleaners.co.uk/,,
England,Horley,Quality dry cleaners,"10 Pound Hill Parade, Crawley RH10 7EA, UK",01293 365056,http://laundrybird.co.uk/,hello@laundrybird.co.uk,http://laundrybird.co.uk
England,Horley,Johnsons Crawley,"Unit A Woolborough Ln, Crawley RH10 9AG, UK",01293 661900,https://www.johnsons-stalbridge.com/hotel-restaurant-and-catering-linen-in-crawley,,
England,Godalming,Ecowash Launderette,"1, Farncombe St, Farncombe, Godalming GU7 3AZ, UK",07547 774630,http://www.ecowash.org.uk/,ecowash@btinternet.com,http://www.ecowash.org.uk
England,Sandhurst,Tudor Dry Cleaners,"311 Yorktown Rd, College Town, Sandhurst GU47 0QA, UK",01276 38384,https://www.tudordrycleanersltd.co.uk/,tudordrycleanersltd@btconnect.com,https://www.tudordrycleanersltd.co.uk
England,Woodley,Woodley Town Centre Shopping Precinct,"Crockhamwell Rd, Woodley, Reading RG5 3JP, UK",0118 921 6920,http://www.woodleytowncentre.co.uk/,,
England,Woodley,Eco Valet Dry Cleaners,"7 Wargrave Rd, Twyford, Reading RG10 9NY, UK",0118 934 2497,https://ecovalet.co.uk/,info@webist.uk,https://ecovalet.co.uk
England,Woodley,Waitrose & Partners,"108 Crockhamwell Rd, Woodley, Reading RG5 3JW, UK",0118 969 0438,https://www.waitrose.com/find-a-store/woodley?utm_source=GMBlistings&utm_medium=organic&utm_campaign=local&utm_content=180&y_source=1_MTA4NTgwNTUtNzE1LWxvY2F0aW9uLndlYnNpdGU%3D,,
England,Wellington,Wellington laundry,"5 High St, Wellington TA21 8QT, UK",01823 806657,http://wellington-laundry.co.uk/,,
England,Penzance,Penzance Launderette,"1a Tolver Rd, Penzance TR18 2AG, UK",07717 756934,http://www.penzancelaunderette.co.uk/,info@penzancelaunderette.co.uk,http://www.penzancelaunderette.co.uk/contact
England,Melksham,Petz Laundrette,"Unit 5, Shaw, Melksham SN12 8EF, UK",07407 390290,https://www.petzlaundrette.com/?utm_source=google&utm_medium=wix_google_business_profile&utm_campaign=13430963087577844565,,
England,Hailsham,Quality Workwear Services Ltd,"Unit 2, the Square, Diplocks Way, Hailsham BN27 3JF, UK",01323 440720,https://www.qualityworkwear.co.uk/,,
England,Hailsham,The Quintins Centre,"3 North St, Hailsham BN27 1DP, UK",01323 846645,http://www.quintinscentre.co.uk/,,
England,Hailsham,Polka Dot Cleaning Services,"37 Knights Garden, Hailsham BN27 3JR, UK",07511 221472,https://polkadotcleaning.co.uk/,,
England,Chesham,Simply the Best Dry Cleaners - Chesham,"90 High St, Chesham HP5 1EG, UK",01494 773914,http://simplythebestdrycleaning.co.uk/,info@simplythebestdrycleaning.co.uk,http://simplythebestdrycleaning.co.uk
England,Chesham,AAK Dry Cleaners,"122 High St, Chesham HP5 1EB, UK",01494 774444,https://aakdrycleaners.com/,help@aakdrycleaners.com,https://aakdrycleaners.com
England,Chesham,The Natural Laundry by Amersham Dry Cleaners,"63-65 Rickmansworth Rd, Amersham HP6 5JW, UK",01494 727051,http://www.amershamdrycleaners.co.uk/,info@amershamdrycleaners.co.uk,http://www.amershamdrycleaners.co.uk/contact
England,Chesham,Autocoin Laundrette & Dry Cleaning,"331 High St, Berkhamsted HP4 1AL, UK",01442 864203,https://www.autocoin.co.uk/,autocoin331@gmail.com,https://www.autocoin.co.uk
England,Gainsborough,Gainsborough Ironing,"28 Adelaide Cl, Gainsborough DN21 1PH, UK",07548 764815,https://www.facebook.com/pages/Gainsborough-Ironing/595196363935097?ref=hl,,
England,Shoreham-by-Sea,Shoreham Laundry,"59 High St, Shoreham-by-Sea BN43 5DE, UK",01273 524111,https://shorehamlaundry.co.uk/,,
England,Shoreham-by-Sea,Gochers Laundry,"15-24 Cecil Pashley Way, Shoreham-by-Sea BN43 5FF, UK",01273 455755,http://gochers.com/,julie@gochers.com,http://gochers.com
England,Poulton-le-Fylde,Hambleton Laundry,"Shard Ln, Hambleton, Poulton-le-Fylde FY6 9BX, UK",01253 702721,http://www.hambletonlaundry.co.uk/,info@hambletonlaundry.co.uk,http://www.hambletonlaundry.co.uk
England,Poulton-le-Fylde,Elite Linen,"Spiro House, Unit, 2 Cocker Ave, Poulton-le-Fylde FY6 8JU, UK",0845 224 5678,http://www.elitelinenhire.com/,,
England,Stourport-on-Severn,Topwash Stourport Dry Cleaners,"107 Lower Lickhill Rd, Stourport-on-Severn DY13 8UQ, UK",01299 871386,https://topwashstourportdrycleaners.co.uk/,shebu@hotmail.co.uk,https://topwashstourportdrycleaners.co.uk
England,Dorchester,MCS Laundry,"8 Dinham Walk, Poundbury, Dorchester DT1 3WU, UK",01305 796974,http://www.mcslaundry.co.uk/,info@mcslaundry.co.uk,http://www.mcslaundry.co.uk
England,Dorchester,County Cleaners,"4 Nappers Court, Charles St, Dorchester DT1 1EE, UK",01305 260100,https://www.countycleanersdorchester.co.uk/,,
England,Atherton,Fresh and press,"71 Market St, Atherton, Manchester M46 0DA, UK",07476 894456,http://freshandpress.co.uk/,,
England,Bingley,Dry Clean Only,"22 Park Rd, Bingley BD16 4JD, UK",01274 561263,http://www.dcobingley.co.uk/,,
England,Bingley,Stitchy Buckle Alterations,"5 Queens Court, Bingley BD16 2LT, UK",01274 567877,https://stitchybuckle.co.uk/,,
England,Mirfield,Ace Laundry,"18b, Nortonthorpe Mills Industrial Park, Wakefield Rd, Scissett, Huddersfield HD8 9LA, UK",01484 865186,http://www.acelaundry.co.uk/,,
England,Faversham,Faversham Linen Services,"29 Ashford Rd, Faversham ME13 8XN, UK",01795 532547,http://favershamlaundry.co.uk/,,
England,Faversham,Faversham Dry Cleaners,"25 Preston St, Faversham ME13 8PE, UK",01795 530080,http://faversham-dry-cleaners.co.uk/,,
England,Faversham,Western Union,"58 East St, Faversham ME13 8AA, UK",0800 265756,https://www.westernunion.com/,support@upwardli.zendesk.com,https://www.westernunion.com
England,Faversham,The Cleaning Fairy,"66 Preston St, Faversham ME13 8PG, UK",,http://www.thefairycleaners.co.uk/,,
England,Faversham,Faversham Market,"8 Market Pl, Faversham ME13 7AG, UK",,https://www.favershammarket.org/,claire.elliott@favershamtowncouncil.gov.uk,https://www.favershammarket.org
England,Burnham-on-Sea,Laundrette,"Holiday Village, Somerset, Haven, Marine Dr, Burnham-on-Sea TA8 1LA, UK",,https://www.haven.com/parks/somerset/burnham-on-sea,,
England,Northwich,The Laundry Lounge,"109 Witton St, Northwich CW9 5DY, UK",07494 110310,https://www.thelaundrylounge.uk/,thelaundryloungecheshire@gmail.com,https://www.thelaundrylounge.uk
England,Ripley,Ripley Dry Cleaners,"7 High St, Ripley, Woking GU23 6AA, UK",01483 211955,https://ripleydrycleaners.co.uk/,ripleycleaners@gmail.com,https://ripleydrycleaners.co.uk
England,Spennymoor,The Laundry & Dry Cleaning Centre,"4-6 High St, Spennymoor DL16 6DB, UK",01388 814454,http://ashbanklaunderettes.co.uk/,,
England,Kempston,Interchange Retail Park,"Ampthill Rd, Kempston, Bedford MK42 7AZ, UK",,https://www.interchangeretailpark.co.uk/,,
England,Horsforth,Star Fabric Care,"99 Outwood Ln, Horsforth, Leeds LS18 4HU, UK",0113 266 2333,http://www.starfabriccare.co.uk/,info@starfabriccare.co.uk,http://www.starfabriccare.co.uk/contact
England,Goole,Classic Cleaners,"25, The Grange Industrial Park, Rawcliffe Rd, Goole DN14 6TY, UK",01405 763930,http://www.classiccleanersgoole.co.uk/,,
England,Goole,Classic Cleaners,"West St, Goole DN14 6HD, UK",01405 763930,https://classiccleanersgoole.co.uk/,info@classic-goole.co.uk,https://classiccleanersgoole.co.uk/contact
England,Sandbach,Trickys Dry Cleaning & Laundry,"4c Hightown, Sandbach CW11 1AB, UK",01270 914260,https://www.itstrickys.co.uk/,Hello@ItsTrickys.co.uk,https://www.itstrickys.co.uk
England,Sandbach,Farrall Cleaners Ltd,"3 Bold St, Sandbach CW11 1GR, UK",01270 765090,http://www.farrallcleaners.co.uk/,farrallcleaners@gmail.com,http://www.farrallcleaners.co.uk
England,Stanley,A1 Laundries Ltd,"Stanley DH9 6AQ, UK",07407 327738,http://www.a1laundries.co.uk/,info@A1Laundries.co.uk,http://www.a1laundries.co.uk
England,Stanley,Aquaclean,"3 N Thorn, Stanley DH9 0LA, UK",07812 845124,http://www.yell.co.uk/,,
England,Stanley,Dry Cleaning Stanley,"94 Front St, Stanley DH9 0HU, UK",01207 283848,https://willow-burn.co.uk/our-shops,,
England,Cottingham,Launderette Revoultion,"Northgate, Cottingham HU16 4HP, UK",,https://stores.revolution-laundry.com/en-uk/?utm_source=google&utm_medium=directory&utm_campaign=local_visibility&utm_content=google_maps,,
England,Ossett,Iron Maidens,"First Floor, Firth Truck and Van, Wakefield Rd, Ossett WF5 9JU, UK",01924 666851,http://www.iron-maidens.co.uk/,gill@iron-maidens.co.uk,http://www.iron-maidens.co.uk
England,Ossett,Cottons Spin Laundry &Iron,"269 Dewsbury Rd, Lupset, Wakefield WF2 9DD, UK",07523 834524,http://cottons.online/,,
England,Saltash,Whites Dry Cleaners,"26, Tamar View Industrial Estate, Prideaux Close, Saltash PL12 6LD, UK",01752 843801,http://www.whitesdrycleaning.co.uk/,,
England,Bideford,Bideford Dry Cleaners & Launderette,"19 High St, Bideford EX39 2AA, UK",01237 475377,https://www.bideforddrycleaners.co.uk/,,
England,Mexborough,FreshHome4u,"104D Church St, Swinton, Mexborough S64 8DQ, UK",,http://facebook.com/FreshHome4u,,
England,Selby,WashemPress,"4 Union Ln, Selby YO8 4AU, UK",01757 707171,http://www.facebook.com/washempress,,
England,Clitheroe,Snow White Laundrette,"46 Eshton Terrace, Clitheroe BB7 1BQ, UK",07885 758405,https://www.snowwhitelaundrette.com/,info@new.com,https://www.snowwhitelaundrette.com
England,Neston,MIWEST Services Ltd,"Clayhill Light Industrial Park, UNIT 6 Windle Ct, Neston CH64 3UH, UK",0151 607 2508,https://www.miwest.co.uk/,,
England,Neston,V & A Finest Dry Cleaners,"61 Telegraph Rd, Heswall, Wirral CH60 0AD, UK",0151 342 5738,http://www.vafinest.co.uk/,,
England,Bromborough,Timpson Dry Cleaning,"Wrynose Rd, Bromborough, Wirral CH62 3QD, UK",,https://www.timpson.co.uk/,,
England,Bromborough,Elite Laundry & Linen Services,"Unit 1, Croft Business Park, 17 Carrock Rd, Bromborough, and CH62 3RA, UK",,http://www.elitelaundry.co.uk/,,
England,Bodmin,Old Station Laundry Company,"Bodmin PL31 2NR, UK",01208 73772,http://www.oldstationlaundry.co.uk/,info@oldstationlaundry.co.uk,http://www.oldstationlaundry.co.uk
England,Bodmin,The Little Linen Company,"Unit 11 Paaderberg Road, Walker Lines, Bodmin PL31 1EY, UK",07540 147734,https://thelittlelinencompany.com/?utm_source=google&utm_medium=wix_google_business_profile&utm_campaign=5590183616132217147,,
England,Prudhoe,Identiclean Laundrette,"21 W Wylam Dr, Prudhoe NE42 5ES, UK",01661 243716,https://www.identiclean.uk/,mjclean.info@gmail.com,https://www.identiclean.uk
England,Prudhoe,Dry Clean Only,"15 Dukes Ct, Prudhoe NE42 6DA, UK",07880 693745,http://drycleanonlyne.co.uk/,info.dawnlloyd.tc@gmail.com,http://drycleanonlyne.co.uk
England,Prescot,Prescot Dry Cleaners,"40 High St, Prescot L34 6HQ, UK",0151 306 7996,http://www.facebook.com/prescotdrycleaners,,
England,Prescot,Whiston Sewing Shop,"16 Greenes Rd, Whiston, Prescot L35 3RF, UK",0151 431 1921,https://ukcompany.net/business/whiston-sewing-shop-jqntdu,,
England,Prescot,Tesco Extra,"Cables Retail Park, Steley Way, Prescot L34 5NQ, UK",0345 677 9565,https://www.tesco.com/store-locator/prescot/cables-retail-park?sc_cmp=ref*yg*stc*3065&utm_source=yext_google&utm_campaign=local_Extra_England&utm_medium=organic,CustomerOptOut@tesco.com,https://www.tesco.com
