Country,Town,Name,Address,Phone,Website
Wales,Cardiff,"Cardiff Perfections Launderette, Dry Cleaning and Alterations","75 Broadway, Cardiff CF24 1QE, UK",029 2169 0360,http://www.cardifflaunderette.com/
Wales,Cardiff,Penylan Launderette,"29 Pen-Y-Lan Rd, Cardiff CF24 3PG, UK",029 2049 1912,
Wales,Cardiff,Cardiff launderette 3,"108 Whitchurch Rd, Cardiff CF14 3LY, UK",029 2030 0413,http://www.launderroom.com/
Wales,Cardiff,Canton Launderette,"Canton Launderette, Canton Launderette, 244 Cowbridge Rd E, Cardiff CF5 1GZ, UK",029 2041 1111,https://www.canton-launderette.co.uk/
Wales,Cardiff,Cardiff Launderette 1,"383 Cowbridge Rd E, Cardiff CF5 1JG, UK",029 2132 2620,https://cardiff-launderette.co.uk/
Wales,Cardiff,Drift-In Launderette & Dry Cleaners,"104 Salisbury Rd, Cardiff CF24 4AE, UK",029 2023 9257,https://drift-in.co.uk/
Wales,Cardiff,The Laundry Room,"164 Clare Rd, Cardiff CF11 6RX, UK",029 2037 6111,
Wales,Cardiff,Cardiff launderette 2,"790 Newport Rd, Rumney, Cardiff CF3 4FH, UK",029 2132 0060,
Wales,Cardiff,Wash Cycle: Laundry Service Cardiff,"83, Portmanmoor Road Industrial Estate, Cardiff CF24 5HB, UK",07354 244981,http://www.washcycle.co.uk/
Wales,Cardiff,Wash Inn,"161 Albany Rd, Cardiff CF24 3NT, UK",029 2048 1332,
Wales,Cardiff,OSTA Cardiff Launderette Tailoring & Alterations,"5A Albany Rd, Cardiff CF24 3LH, UK",029 2132 5923,https://ostacardifflaunderette.co.uk/
Wales,Cardiff,Future Clothes Care,"104 Bute St, Cardiff CF10 5AD, UK",029 2049 8700,http://www.future-clothescare.co.uk/
Wales,Cardiff,Penarth launderette,"18 Glebe St, Penarth CF64 1ED, UK",07387 852815,
Wales,Cardiff,Revolution Laundry,"14 Station Rd, Cardiff CF14 2FF, UK",,https://stores.revolution-laundry.com/en-uk/?utm_source=google&utm_medium=directory&utm_campaign=local_visibility&utm_content=google_maps
Wales,Cardiff,Tophat Albany Ltd,"161 Albany Rd, Cardiff CF24 3NT, UK",029 2048 1332,
Wales,Cardiff,"Canton Launderette, 244 Cowbridge Rd E","Canton Launderette, 244 Cowbridge Rd E, Cardiff CF5 1GZ, UK",,
Wales,Cardiff,"Canton Launderette, 244 Cowbridge Rd E","Canton Launderette, 244 Cowbridge Rd E, Cardiff CF5 1GZ, UK",,
Wales,Cardiff,Johnsons The Cleaners,"The Old Three Elms, Petrol Station, Merthyr Rd, Cardiff CF14 1DX, UK",029 2062 5486,http://www.johnsoncleaners.com/branch/Three-Elms-Whitchurch
Wales,Cardiff,"Canton Launderette, 244 Cowbridge Rd E","Canton Launderette, 244 Cowbridge Rd E, Cardiff CF5 1GZ, UK",,
Wales,Cardiff,Snow White Laundries,"Bessemer Cl, Cardiff CF11 8DL, UK",029 2023 3550,http://snowwhitelaundries.co.uk/
Wales,Cardiff,Revolution Laundry,"n/a, South, Hadfield Rd, Cardiff CF11 8WD, UK",,https://stores.revolution-laundry.com/en-uk/?utm_source=google&utm_medium=directory&utm_campaign=local_visibility&utm_content=google_maps
Wales,Cardiff,Talybont Court Laundrette,"71 North Rd, Cardiff CF10 3DX, UK",,
Wales,Cardiff,Revolution Laundry,"Pentwyn Road Texaco, Cardiff CF23 7XH, UK",,https://stores.revolution-laundry.com/en-uk/?utm_source=google&utm_medium=directory&utm_campaign=local_visibility&utm_content=google_maps
Wales,Cardiff,Afonwen Laundry,"1 Spring Meadow Rd, Rumney, Cardiff CF3 2ES, UK",029 2079 1000,https://www.johnsonshotellinen.com/
Wales,Cardiff,Revolution Laundry,"Dk Forecourts, Newport Rd, St. Mellons, Cardiff CF3 5UG, UK",,https://stores.revolution-laundry.com/en-uk/?utm_source=google&utm_medium=directory&utm_campaign=local_visibility&utm_content=google_maps
Wales,Cardiff,David Barnes Dry Cleaning and Laundry,"Ipswich Rd, Cardiff CF23 9AQ, UK",029 2063 3100,http://www.dbcleaners.co.uk/
Wales,Cardiff,THE LAUNDRY SIDE,"Cardiff CF23 9AQ, UK",,
Wales,Swansea,Kandy Launderette,"223 High St, Swansea SA1 1NW, UK",01792 461111,https://www.kandylaunderette.com/
Wales,Swansea,Kingsway Launderette,"79,80 The Kingsway, Swansea SA1 5JE, UK",01792 653333,http://kingswaylaunderette.co.uk/
Wales,Swansea,Brynmill Launderette,"121 Rhyddings Terrace, Brynmill, Swansea SA2 0DS, UK",01792 448721,https://www.brynmilllaunderette.co.uk/
Wales,Swansea,Kings Launderette,"58 King Edward Rd, Swansea SA1 4LN, UK",07934 138137,http://www.kingslaunderette.com/
Wales,Swansea,The Uplands Launderette,"73 Uplands Cres, Uplands, Swansea SA2 0EX, UK",01792 644238,https://uplandslaunderette.uk/
Wales,Swansea,Laundry Lounge,"76 Mansel St, Swansea SA1 5TW, UK",01792 517457,https://laundryloungeservice.co.uk/
Wales,Swansea,The Gower Laundry Company - Launderette and Linen Hire - Swansea,"91 Brynymor Rd, Swansea SA1 4JG, UK",01792 644682,http://www.gowerlaundry.com/
Wales,Swansea,Brynhyfryd Launderette,"14 Cwm Level Rd, Brynhyfryd, Swansea SA5 9DY, UK",01792 472553,http://brynhyfrydlaunderette.co.uk/
Wales,Swansea,The Launderette Station,"46 Station Rd, Fforest-fach, Swansea SA5 5AU, UK",07496 792751,https://m.facebook.com/thelaunderettestation/
Wales,Swansea,Hafod Launderette,"16 Neath Rd, Swansea SA1 2ES, UK",01792 469997,
Wales,Newport,Oasis Laundrette,"362 Chepstow Rd, Newport NP19 8JH, UK",01633 524476,
Wales,Newport,Stow Hill Launderette,"117 Stow Hill, Newport NP20 4ED, UK",01633 547120,
Wales,Newport,Coin Op Laundrette,"160 Commercial Rd, Newport NP20 2PJ, UK",07307 150710,
Wales,Newport,Zain Laundry,"123 Commercial Rd, Newport NP20 2GW, UK",07954 401212,https://zainlaundry.com/
Wales,Newport,Pressed & Fresh Ltd.,"Pressed & Fresh Ltd, Newport NP19 4ND, UK",07491 966345,https://www.pressed-and-fresh.co.uk/
Wales,Newport,Quick Fix Laundry,"117 Stow Hill, Newport NP20 4ED, UK",07350 699271,http://www.7daylaundry.com/
Wales,Newport,Church Road Laundrette,"26 Church Rd, Newport NP19 7EL, UK",07982 421552,
Wales,Newport,Johnsons The Cleaners,"Unit 4a, Newport NP20 3AE, UK",01633 266430,http://www.johnsoncleaners.com/branch/Newport-Drive-In
Wales,Newport,Revolution Laundry,"Texaco, Monnow Way, Bettws, Newport NP20 7DB, UK",,https://stores.revolution-laundry.com/en-uk/?utm_source=google&utm_medium=directory&utm_campaign=local_visibility&utm_content=google_maps
Wales,Newport,Admiral Cleaners,"362 Chepstow Rd, Newport NP19 8JH, UK",01633 721775,
Wales,Newport,Pressed 4 Time Ironing Services,"Duffryn, Newport NP10, UK",07594 711072,
Wales,Newport,Pick Up & Press,"201 Cardiff Rd, Newport NP20 3BP, UK",01633 816121,https://www.pickupandpress.co.uk/
Wales,Newport,Kwik Dry,"34 Comfrey Cl, Newport NP20 5DS, UK",01633 760460,
Wales,Newport,Julie's Ironing Service,"14 Margaret Ave, Newport NP19 7DE, UK",01633 763560,
Wales,Newport,Helen May,"182 Upper Dock St, Newport NP20 1DG, UK",029 2029 1770,
Wales,Newport,Launderette,"Launderette, Stow Hill, Newport NP20 4ED, UK",,
Wales,Newport,A Pressed - O,"33 High St, Newport NP11 7FR, UK",01495 272501,
Wales,Newport,Launderette,"Launderette, Stow Hill, Newport, UK",,
Wales,Newport,"The Hive, Newport","10 Stow Hill, Newport NP20 1JB, UK",07825 360804,https://www.facebook.com/profile.php?id=61557084339928
Wales,Newport,Sunbelt Rentals,"Clearwater Rdqueensway Meadows Industrial Estate, 107 Clearwater Rd, Queensway Meadows Industrial Estate, Newport NP19 4ST, UK",01633 275902,
Wales,Barry,Harbour Road Launderette,"49 Harbour Rd, Barry CF62 5SA, UK",01446 421800,https://www.facebook.com/Harbour-Rd-Laundrette-105076427811491/
Wales,Barry,The Laundry Rooms,"25 Vere St, Barry CF63 2HW, UK",01446 740730,http://www.thelaundry-rooms.co.uk/
Wales,Barry,Seabreezes,"223 Holton Rd, Barry CF63 4HR, UK",01446 407105,
Wales,Bridgend,The Caring Laundry,"18 Heol Trelales, Trelales, Bridgend CF32 0HW, UK",01656 768222,http://caringlaundry.co.uk/
Wales,Bridgend,Lavish Laundry,"David St, Bridgend CF31 3SA, UK",07713 857090,
Wales,Bridgend,Revolution Laundry,"Unit 1, One Stop Convenience, Main Ave, Bridgend CF31 2AL, UK",,https://stores.revolution-laundry.com/en-uk/?utm_source=google&utm_medium=directory&utm_campaign=local_visibility&utm_content=google_maps
Wales,Bridgend,Laundrette - ME Group,"2 Main Ave, Bridgend CF31 2BB, UK",,
Wales,Bridgend,Impressive Ironing,"146 Ffordd-Y-Parc, Litchard, Bridgend CF31 1RA, UK",07728 631231,
Wales,Cwmbran,Fairwater Clean Centre,"6 Fairwater Cl, Cwmbran NP44 4TA, UK",01633 483970,
Wales,Cwmbran,Revolution Laundry,"Grange Rd, Cwmbran NP44 3XU, UK",,https://stores.revolution-laundry.com/en-uk/?utm_source=google&utm_medium=directory&utm_campaign=local_visibility&utm_content=google_maps
Wales,Cwmbran,Green Vale Linen Services,"Llanfrechfa, Grange, Cwmbran NP44 8YN, UK",01633 623880,https://nwssp.nhs.wales/nwssp-latest-news-items/green-vale-laundry-celebrates-30-year-anniversary/
Wales,Cwmbran,Timpson,"2 South Walk, Cwmbran NP44 1PU, UK",01633 865217,https://www.timpson.co.uk/stores/Cwmbran-South-Walk
Wales,Cwmbran,Increase Decrease,"26, Unit, 4-5 John Baker Cl, Llantarnam Industrial Park, Cwmbran NP44 3AW, UK",01633 865535,
Wales,Wrexham,Dolly Tub Launderette,"Dolly Tub Launderette, Pen-Y-Bryn, Wrexham LL13 7HY, UK",,
Wales,Llanelli,Pontiets Laundry,"172 Heol Y Meinciau, Pont-iets, Llanelli SA15 5SN, UK",07980 822281,
Wales,Llanelli,Revolution Laundry,"Vst Forecourts, Gelli Rd, Llanelli SA14 9AD, UK",,https://stores.revolution-laundry.com/en-uk/?utm_source=google&utm_medium=directory&utm_campaign=local_visibility&utm_content=google_maps
Wales,Llanelli,Lindys Launderette,"44 Thomas St, Llanelli SA15 3JA, UK",01554 758645,
Wales,Neath,Neath Launderette,"98 Windsor Rd, Neath SA11 1NR, UK",07835 768803,
Wales,Neath,Ferry Laundry Services Ltd,"83-85 Neath Rd, Briton Ferry, Neath SA11 2DQ, UK",01639 381032,http://www.ferrylaundry.co.uk/
Wales,Neath,U Wash I Dry,"47 Burrows Rd, Skewen, West Glamorgan, Neath SA10 6AB, UK",01792 321542,
Wales,Neath,Skewen Laundrette,"79 New Rd, Skewen, Neath SA10 6HE, UK",01792 323032,
Wales,Neath,Sudz Laundry Service,"31 Villiers St, Briton Ferry, Neath SA11 2DZ, UK",07505 780124,
Wales,Neath,Bright Diamond Laundry (Formerly known as Sudz),"31 Villiers St, Briton Ferry, Neath SA11 2DZ, UK",01639 813567,https://www.brightdiamondcleaning.com/
Wales,Neath,Revolution Laundry,"CK Foodstores, Cimla Rd, Neath SA11 3UG, UK",,https://stores.revolution-laundry.com/en-uk/?utm_source=google&utm_medium=directory&utm_campaign=local_visibility&utm_content=google_maps
Wales,Neath,Washed 4U Launderette,"41 Heol-Jiwbili, Cwmafon, Port Talbot SA12 9NR, UK",07928 605620,
Wales,Neath,Wash.Me Laundry Kiosk,"50 Park Ave, Skewen, Neath SA10 6SA, UK",,https://help.megroup.uk/help/speak-to-someone
Wales,Neath,Burrows Road Launderette,"47 Burrows Rd, Skewen, West Glamorgan, Neath SA10 6AB, UK",01792 321542,
Wales,Merthyr Tydfil,The fresh press laundrette,"Unit 7, paisley park, Pant Industrial Estate, Dowlais, Merthyr Tydfil CF48 2AX, UK",01685 481463,
Wales,Merthyr Tydfil,Merthyr Dry Cleaners,"15-16 Brecon Rd, Merthyr Tydfil CF47 8NL, UK",01685 383820,
Wales,Merthyr Tydfil,Rhi's Delicates laundry and ironing service,"29 King St, Pant, Merthyr Tydfil CF48 2AF, UK",07350 699271,http://www.rhisdelicates.co.uk/
Wales,Merthyr Tydfil,Kradnie,"22 Gurnos Rd, Merthyr Tydfil CF47 9NN, UK",,
Wales,Merthyr Tydfil,AprilRG Laundry,"46 Broad St, Dowlais, Merthyr Tydfil CF48 3AR, UK",07392 631607,
Wales,Aberdare,Half Soaked Laundry Services,"33 Commercial St, Aberdare CF44 7RW, UK",01685 554321,https://halfsoaked.co.uk/
Wales,Aberdare,The Fresh & Clean Family Laundry Service,"44 Dean St, Aberdare CF44 7BN, UK",,
Wales,Aberdare,Revolution Laundry,"13 Well Pl, Aberdare CF44 0PN, UK",,https://stores.revolution-laundry.com/en-uk/?utm_source=google&utm_medium=directory&utm_campaign=local_visibility&utm_content=google_maps
Wales,Aberdare,Timpson,"Aberdare CF44 0AH, UK",01685 872782,https://www.timpson.co.uk/stores/Aberdare-Asda
Wales,Caerphilly,White City Launderette,"Newport Rd, Trethomas, Caerphilly CF83 8BY, UK",029 2088 4260,https://www.facebook.com/whitecitylaundry/
Wales,Caerphilly,Michelle’s Laundry Box Ltd,"55 Mill Rd, Caerphilly CF83 3FD, UK",029 2086 2123,https://www.facebook.com/lboxltd/
Wales,Caerphilly,Revolution Laundry,"Castle Court Shopping Centre, Castle St, Caerphilly CF83 1NU, UK",,https://stores.revolution-laundry.com/en-uk/?utm_source=google&utm_medium=directory&utm_campaign=local_visibility&utm_content=google_maps
Wales,Pontypridd,Treforest Launderette,"64 Park St, Treforest, Pontypridd CF37 1SN, UK",01443 401427,
Wales,Pontypridd,Sarah's ironing service & S&F cleaning services,"30 High St, Graig, Pontypridd CF37 1QX, UK",07818 749312,
Wales,Port Talbot,Whirlpool Launderette Ltd,"96 Talbot Rd, Port Talbot SA13 1LB, UK",01639 884889,
Wales,Port Talbot,Revolution Laundry,"Filco Supermarket, 2-16 Commercial Rd, Port Talbot SA13 1LG, UK",,https://stores.revolution-laundry.com/en-uk/?utm_source=google&utm_medium=directory&utm_campaign=local_visibility&utm_content=google_maps
Wales,Colwyn Bay,Posh Wash Launderette,"131 Abergele Rd, Colwyn Bay LL29 7SL, UK",07344 332641,https://colwynbay.info/business/posh-wash-launderette/
Wales,Colwyn Bay,Rhos Launderette,"21 Rhos Rd, Rhôs-on-Sea, Rhos on Sea, Colwyn Bay LL28 4RS, UK",07502 068636,https://rhoslaunderette.co.uk/
Wales,Colwyn Bay,The Laundry Basket,"341 Abergele Rd, Old Colwyn, Colwyn Bay LL29 9PG, UK",01492 517884,http://www.colwynlaundrybasket.co.uk/
Wales,Pontypool,The Laundry Hut Ltd,"9 Osborne Rd, Pontypool NP4 6NN, UK",07902 857029,
Wales,Pontypool,Snow White Laundries Ltd,"Clarence Corner, Clarence Rd, Pontypool NP4 8AZ, UK",01495 763425,https://www.snowwhitelaundries.co.uk/
Wales,Pontypool,Revolution Laundry,"Osborne Rd, Pontnewynydd, Pontypool NP4 6NR, UK",,https://stores.revolution-laundry.com/en-uk/?utm_source=google&utm_medium=directory&utm_campaign=local_visibility&utm_content=google_maps
Wales,Pontypool,CRISP AND CLEAN ironing service,"46 Brynwern, Pontypool NP4 6HH, UK",01495 750584,
Wales,Penarth,Penarth launderette,"18 Glebe St, Penarth CF64 1ED, UK",07387 852815,
Wales,Rhyl,Bendix Launderette,"137 Wellington Rd, Rhyl LL18 1LE, UK",01745 354236,https://loverhyl.co.uk/business/bendix-launderette/
Wales,Rhyl,Revolution Laundry,"Football Club, Belle Vue, Grange Rd., Rhyl LL18 4BY, UK",,https://stores.revolution-laundry.com/en-uk/?utm_source=google&utm_medium=directory&utm_campaign=local_visibility&utm_content=google_maps
Wales,Rhyl,WashMe,"Belle Vue, Grange Rd., Rhyl LL18 4BY, UK",,
Wales,Ebbw Vale,Crease is the Word Ironing Service,"12 Armoury Terrace, Ebbw Vale NP23 6BD, UK",07385 928012,https://www.facebook.com/profile.php?id=100090578276347
Wales,Ebbw Vale,Revolution Laundry,"Wm Morrison Supermarkets, Beaufort Rd, Ebbw Vale, Tredegar NP23 5WS, UK",,https://stores.revolution-laundry.com/en-uk/?utm_source=google&utm_medium=directory&utm_campaign=local_visibility&utm_content=google_maps
Wales,Ebbw Vale,The Ironing Centre,"101 Bailey St, Brynmawr, Ebbw Vale NP23 4DN, UK",07593 191511,
Wales,Maesteg,Nantyffyllon Laundry,"1 Picton St, Nantyffyllon, Maesteg CF34 0EW, UK",01656 733263,
Wales,Tonypandy,The Wash Shop,"65C Brook St, Tonypandy CF40 1RE, UK",01443 439277,http://www.thewashshoptonypandy.co.uk/
Wales,Bangor,Laundry Room,"9-11 Holyhead Rd, Bangor LL57 2EG, UK",07588 035356,https://www.yell.com/biz/the-laundry-room-bangor-901716350/
Wales,Bangor,The Laundry Lounge,"114 High St, Bangor LL57 1NS, UK",07719 826738,https://www.facebook.com/TheLaundryLounge22
Wales,Bangor,Leung P Launderette,"213 Caernarfon Rd, Bangor LL57 4LW, UK",01248 352756,
Wales,Bangor,Laundrette Golchdy,"Bangor LL57 2JT, UK",,
Wales,Bangor,Annie's,"5 Kingsley Ave, Bangor LL57 1TA, UK",07446 459493,
Wales,Bangor,Kingsley Avenue Launderette,"Kingsley Avenue Launderette, Kingsley Ave, Bangor LL57 1TA, UK",,
Wales,Bangor,Holyhead Road Launderette,"Holyhead Road Launderette, Holyhead Rd, Bangor LL57 2EG, UK",,
Wales,Bangor,REVOLUTION Laundry,"Beach Rd, Bangor LL57 1AB, UK",,https://stores.revolution-laundry.com/en-uk/?utm_source=google&utm_medium=directory&utm_campaign=local_visibility&utm_content=google_maps
Wales,Bangor,THE LAUNDRY TIME,"Britannia Square, Bangor LL57 2EG, UK",,
Wales,Connah's Quay,Evergreen Dry Cleaners,"86 High St, Connah's Quay, Deeside CH5 4DD, UK",01244 812524,http://www.evergreendrycleaners.co.uk/
Wales,Connah's Quay,Laundry Lounge,"The Gables, 62a Chester Rd W, Shotton, Deeside CH5 1BY, UK",0330 345 3432,http://www.launderettenearme.co.uk/
Wales,Prestatyn,Monarch,"31-33 Meliden Rd, Prestatyn LL19 9SD, UK",01745 854285,http://www.laundryservicesinwales.co.uk/
Wales,Prestatyn,Wash.ME,"Marine Rd, Prestatyn LL19 7HA, UK",,"https://stores.revolution-laundry.com/en-uk/england-gbr/Prestatyn,_Denbighshire,_Wales,_United_Kingdom"
Wales,Carmarthen,Coin Wash Laundrette,"31 Lammas St, Carmarthen SA31 3AL, UK",01267 236521,
Wales,Carmarthen,Coinwash Launderette,"Coinwash Launderette, 31 Lammas St, Carmarthen SA31 3AL, UK",,
Wales,Porthcawl,Soapy's Launderers & Drycleaners,"34 New Rd, Porthcawl CF36 5DN, UK",01656 788319,https://www.soapysporthcawl.co.uk/
Wales,Porthcawl,Laundrette,"Trecco Bay, Porthcawl CF36 5NE, UK",,
Wales,Conwy,Junction Laundry Service,"161 Conway Rd, Conwy, Llandudno Junction LL31 9EG, UK",01492 592555,
Wales,Conwy,Bubbles Launderette,"25 Brookes St, Llandudno LL30 2TT, UK",01492 871742,https://bubbles.wales/
Wales,Conwy,West Shore Launderette,"115 Trinity Ave, Llandudno LL30 2UJ, UK",07710 694193,https://bandbinllandudno.co.uk/business/west-shore-launderette/
Wales,Conwy,Cloud Laundry,"34 Madoc St, Llandudno LL30 2TL, UK",07940 443663,https://www.facebook.com/people/cloud-laundry-ltd/61576740623021/
Wales,Conwy,MINW Laundry House,"150 Conway Rd, Llandudno Junction LL31 9DU, UK",01492 593924,https://www.maidinnorthwales.com/copy-of-home
Wales,Conwy,Cleaner Care Ltd,"Connaught House, Riverside Business Park, Benarth Rd, Conwy LL32 8UB, UK",01492 592639,https://www.cleanercare.co.uk/
Wales,Conwy,"Craig y Don Laundrette, Llandudno","21 Clarence Rd, Llandudno LL30 1TA, UK",07787 180183,https://bandbinllandudno.co.uk/business/craig-y-don-laundrette-llandudno/
Wales,Conwy,Rhos Launderette,"21 Rhos Rd, Rhôs-on-Sea, Rhos on Sea, Colwyn Bay LL28 4RS, UK",07502 068636,https://rhoslaunderette.co.uk/
Wales,Conwy,Western Union,"15 High St, Conwy LL32 8DE, UK",0800 265756,https://www.westernunion.com/
Wales,Conwy,Timpson,"Ffordd 6G Rd, Llandudno, Llandudno Junction LL31 9XY, UK",01492 585452,https://www.timpson.co.uk/stores/Llandudno-Junction-Tesco
Wales,Conwy,Posh Wash Launderette,"131 Abergele Rd, Colwyn Bay LL29 7SL, UK",07344 332641,https://colwynbay.info/business/posh-wash-launderette/
Wales,Risca,Timpson,"Pontymister Industrial Estate, Risca, Newport NP11 6NP, UK",01633 614876,https://www.timpson.co.uk/stores/Risca-Tesco
Wales,Risca,White City Launderette,"Newport Rd, Trethomas, Caerphilly CF83 8BY, UK",029 2088 4260,https://www.facebook.com/whitecitylaundry/
Wales,Risca,Risca Services ( Texaco Service Station),"153 Commercial St, Risca, Newport NP11 6EE, UK",01633 547373,http://www.texaco.co.uk/
Wales,Risca,Quick Fix Laundry,"117 Stow Hill, Newport NP20 4ED, UK",07350 699271,http://www.7daylaundry.com/
Wales,Risca,Pressed & Fresh Ltd.,"Pressed & Fresh Ltd, Newport NP19 4ND, UK",07491 966345,https://www.pressed-and-fresh.co.uk/
Wales,Risca,Clean'd ltd,"Unit 1 block G, penmaen ind est, Pontllanfraith, Blackwood NP12 2DQ, UK",07756 285451,http://www.clean-d.co.uk/
Wales,Risca,Stow Hill Launderette,"117 Stow Hill, Newport NP20 4ED, UK",01633 547120,
Wales,Risca,Riscaflora Florists,"Central Buildings, 33c Tredegar St, Risca, Newport NP11 6BU, UK",01633 614276,https://sites.google.com/view/riscaflora
Wales,Risca,RISCA HAND CAR WASH,"Risca, Newport NP11 6GQ, UK",,
Wales,Risca,Max Spielmann - Photo printing Kiosk,"Commercial St, Risca, Extra NP11 6NP, UK",,https://www.maxphoto.co.uk/in-store-services/instant-photo-prints
Wales,Risca,Michelle’s Laundry Box Ltd,"55 Mill Rd, Caerphilly CF83 3FD, UK",029 2086 2123,https://www.facebook.com/lboxltd/
Wales,Risca,Johnsons The Cleaners,"Unit 4a, Newport NP20 3AE, UK",01633 266430,http://www.johnsoncleaners.com/branch/Newport-Drive-In
Wales,Llandudno,Bubbles Launderette,"25 Brookes St, Llandudno LL30 2TT, UK",01492 871742,https://bubbles.wales/
Wales,Llandudno,Cloud Laundry,"34 Madoc St, Llandudno LL30 2TL, UK",07940 443663,https://www.facebook.com/people/cloud-laundry-ltd/61576740623021/
Wales,Llandudno,West Shore Launderette,"115 Trinity Ave, Llandudno LL30 2UJ, UK",07710 694193,https://bandbinllandudno.co.uk/business/west-shore-launderette/
Wales,Llandudno,"Craig y Don Laundrette, Llandudno","21 Clarence Rd, Llandudno LL30 1TA, UK",07787 180183,https://bandbinllandudno.co.uk/business/craig-y-don-laundrette-llandudno/
Wales,Llandudno,Junction Laundry Service,"161 Conway Rd, Conwy, Llandudno Junction LL31 9EG, UK",01492 592555,
Wales,Aberystwyth,Baywash,"Queen's Rd, Aberystwyth SY23 2HG, UK",01970 634440,https://www.baywash.wales/
Wales,Aberystwyth,Launderette Golchdy,"Aberystwyth SY23 2JN, UK",,
Wales,Aberystwyth,Golchi A Troi A Sychu Wash 'N Spin 'N Dry,"20 Bridge St, Aberystwyth SY23 1PZ, UK",,
Wales,Aberystwyth,Revolution Laundry,"Ffordd Parc y Llyn Wm Morrison Supermarkets, Parcydolau, Llanbadarn Fawr, Aberystwyth SY23 3RD, UK",,https://stores.revolution-laundry.com/en-uk/?utm_source=google&utm_medium=directory&utm_campaign=local_visibility&utm_content=google_maps
Wales,Aberystwyth,Fferm Penglais Launderette,"Fferm, Penglais, Aberystwyth SY23 3TE, UK",,https://www.aber.ac.uk/en/accommodation/current-students/living-residences/laundry/#laundry-room-access
Wales,Tredegar,Penny's laundry,"Unit b Shop Row, Tredegar NP22 4LB, UK",07534 247304,
Wales,Tredegar,Poppy's Launderette,"38 Castle St, Tredegar NP22 3DQ, UK",01495 717786,
Wales,Tredegar,Clean Queen Cleaners and Laundry Services,"20 Pochin Cres, Tredegar NP22 4JR, UK",07939 048864,http://www.clean-queen.co.uk/
Wales,Tredegar,Pressed Perfection,"5, Rose Farm Bungalows, Merthyr Rd, Tredegar NP22 3BD, UK",07583 789950,
Wales,Tredegar,Revolution Laundry,"Wm Morrison Supermarkets, Beaufort Rd, Ebbw Vale, Tredegar NP23 5WS, UK",,https://stores.revolution-laundry.com/en-uk/?utm_source=google&utm_medium=directory&utm_campaign=local_visibility&utm_content=google_maps
Wales,Hawarden,Laundry Lounge,"The Gables, 62a Chester Rd W, Shotton, Deeside CH5 1BY, UK",0330 345 3432,http://www.launderettenearme.co.uk/
Wales,Hawarden,Evergreen Dry Cleaners,"86 High St, Connah's Quay, Deeside CH5 4DD, UK",01244 812524,http://www.evergreendrycleaners.co.uk/
Wales,Hawarden,Gladstone's Library,"Church Lane, Hawarden, Flintshire CH5 3DF, UK",01244 532350,http://www.gladstoneslibrary.org/
Wales,Hawarden,Fresh Laundry,"10 Charles St, Hoole, Chester CH2 3AZ, UK",07367 280120,http://fresh-laundry.co.uk/
Wales,Hawarden,Posh Wosh,"5, Cambrian Business Park, Queen's Ln, Mold CH7 1NJ, UK",01352 754389,
Wales,Hawarden,The Launderette,"56 Garden Ln, Cheshire, Chester CH1 4EW, UK",01244 380014,http://www.launderettechester.co.uk/
Wales,Milford Haven,Spot-On Dry Cleaners,"Temeraire House, Nelson Quay, Milford Haven SA73 3BN, UK",01646 697283,http://www.spoton.wales/
Wales,Milford Haven,NetLet Laundry,"Unit 3, F Shed, Hakin, Milford Haven SA73 3DJ, UK",01646 699264,http://www.netletlaundry.co.uk/
Wales,Milford Haven,Clean Image,"159 Robert St, Milford Haven SA73 2HS, UK",01646 690139,
Wales,Milford Haven,Quality Cleaning4u,"The Rope Walk, Hakin, Milford Haven SA73 3LW, UK",0844 414 5404,
Wales,Milford Haven,HLS Laundry,"Milford Haven SA73 3BH, UK",01646 698468,
Wales,Church Village,Village Laundrette,"1 St. Illtyds Rd, Church Village, Pontypridd CF38 1DB, UK",01443 205888,
Wales,Gorseinon,Gorseinon launderette,"46 High St, Gorseinon, Swansea SA4 4BT, UK",07883 005484,
Wales,Gorseinon,Ritchies Laundry Services,"Ritchies laundry service, Loughor, Swansea SA4 6PG, UK",01792 897594,
Wales,Gorseinon,Revolution Laundry,"Gorseinon Rd, Gorseinon, Swansea SA4 4DQ, UK",,https://stores.revolution-laundry.com/en-uk/?utm_source=google&utm_medium=directory&utm_campaign=local_visibility&utm_content=google_maps
Wales,Gorseinon,Gowerton Laundry,"3 Gorwydd Rd, Gowerton, Swansea SA4 3AG, UK",01792 875182,
Wales,Gorseinon,Leisure Launderete,"97 Alexandra Rd, Gorseinon, Swansea SA4 4NU, UK",,
Wales,Pyle,The Caring Laundry,"18 Heol Trelales, Trelales, Bridgend CF32 0HW, UK",01656 768222,http://caringlaundry.co.uk/
Wales,Pyle,The Laundry Rooms,"25 Vere St, Barry CF63 2HW, UK",01446 740730,http://www.thelaundry-rooms.co.uk/
Wales,Pyle,Penylan Launderette,"29 Pen-Y-Lan Rd, Cardiff CF24 3PG, UK",029 2049 1912,
Wales,Abergavenny,The Laundry Basket,"Station Enterprises, Station Rd, Abergavenny NP7 5HY, UK",01873 857456,
Wales,Abergavenny,Johnsons The Cleaners,"3A High St, Abergavenny NP7 5RY, UK",01873 851111,http://www.johnsoncleaners.com/branch/Abergavenny
Wales,Buckley,Pink Daisy Garment Care,"10 Mold Rd, Buckley CH7 2JB, UK",01244 726710,http://www.pinkdaisygarmentcare.com/
Wales,Buckley,Fresh Linen,"Mile Farm, Chester Rd, Dobshill, Buckley CH5 3LZ, UK",07865 056366,
Wales,Buckley,Buckley Precinct,"The Precinct Way, Buckley CH7 2EF, UK",,
Wales,Buckley,Pink Daisy Prom,"3 Mill Ln, Buckley CH7 3HA, UK",07990 763403,http://www.pinkdaisyprom.com/
Wales,Buckley,HD Professional Cleaning Services,"3A Brunswick Rd, Buckley CH7 2ED, UK",07543 810994,http://www.hdprofessionalcleaning.co.uk/
Wales,Buckley,Laundry Lounge,"The Gables, 62a Chester Rd W, Shotton, Deeside CH5 1BY, UK",0330 345 3432,http://www.launderettenearme.co.uk/
Wales,Buckley,Posh Wosh,"5, Cambrian Business Park, Queen's Ln, Mold CH7 1NJ, UK",01352 754389,
Wales,Buckley,Evergreen Dry Cleaners,"86 High St, Connah's Quay, Deeside CH5 4DD, UK",01244 812524,http://www.evergreendrycleaners.co.uk/
Wales,Buckley,SPAR Buckley,"72 Mold Rd, Buckley CH7 2NJ, UK",01244 550818,https://www.spar.co.uk/store-locator/afb10379-spar-buckley
Wales,Porth,Revolution Laundry,"Morrisons, Pontypridd Rd, Porth CF39 9BA, UK",,https://stores.revolution-laundry.com/en-uk/?utm_source=google&utm_medium=directory&utm_campaign=local_visibility&utm_content=google_maps
Wales,Porth,Spring Clean,"16 Hannah St, Porth CF39 9RB, UK",07715 584157,
Wales,Porth,pontygwaith launderette,"109 Llewellyn St, Pontygwaith, Ferndale CF43 3LD, UK",01443 730517,
Wales,Porth,The Wash Shop,"65C Brook St, Tonypandy CF40 1RE, UK",01443 439277,http://www.thewashshoptonypandy.co.uk/
Wales,Porth,Platinum Contract Cleaners,"57 Trebanog Rd, Porth CF39 9EW, UK",07855 244450,http://www.platinumcontractcleaners.com/
Wales,Porth,Treforest Launderette,"64 Park St, Treforest, Pontypridd CF37 1SN, UK",01443 401427,
Wales,Porth,Treorchy Launderette,"123 Bute St, Treorchy CF42 6AY, UK",01443 775363,https://facebook.com/treorchy.laundrette/
Wales,Rhondda,Treforest Launderette,"64 Park St, Treforest, Pontypridd CF37 1SN, UK",01443 401427,
Wales,Rhondda,pontygwaith launderette,"109 Llewellyn St, Pontygwaith, Ferndale CF43 3LD, UK",01443 730517,
Wales,Rhondda,The Wash Shop,"65C Brook St, Tonypandy CF40 1RE, UK",01443 439277,http://www.thewashshoptonypandy.co.uk/
Wales,Rhondda,Treorchy Launderette,"123 Bute St, Treorchy CF42 6AY, UK",01443 775363,https://facebook.com/treorchy.laundrette/
Wales,Rhondda,Spring Clean,"16 Hannah St, Porth CF39 9RB, UK",07715 584157,
Wales,Rhondda,The fresh press laundrette,"Unit 7, paisley park, Pant Industrial Estate, Dowlais, Merthyr Tydfil CF48 2AX, UK",01685 481463,
Wales,Rhondda,Michelle’s Laundry Box Ltd,"55 Mill Rd, Caerphilly CF83 3FD, UK",029 2086 2123,https://www.facebook.com/lboxltd/
Wales,Rhondda,The Fresh & Clean Family Laundry Service,"44 Dean St, Aberdare CF44 7BN, UK",,
Wales,Rhondda,Speedy Ironing,"5 Gwendoline St, Tynewydd, Treorchy CF42 5BW, UK",07920 093688,
Wales,Rhondda,Treorchy Launderette,"Treorchy Launderette, 123 Bute St, Treorchy CF42 6AY, UK",,
Wales,Rhondda,Abercynon Launderette,"30 Margaret St, Abercynon, Mountain Ash CF45 4RB, UK",07967 707643,
Wales,Rhondda,Half Soaked Laundry Services,"33 Commercial St, Aberdare CF44 7RW, UK",01685 554321,https://halfsoaked.co.uk/
Wales,Rhondda,Révolution Laundry,"Llantrisant Road Texaco, Londis, Llantwit Fardre, Pontypridd CF38 2HA, UK",,https://stores.revolution-laundry.com/en-uk/?utm_source=google&utm_medium=directory&utm_campaign=local_visibility&utm_content=google_maps
Wales,Rhondda,Revolution Laundry,"The Lamb And Flag Pub, 1 Wellfield Pl, Glynneath, Neath SA11 5ER, UK",0800 208 1299,https://www.thelaundryrevolution.co.uk/find-a-machine
Wales,Rhondda,Revolution Laundry,"Ynyswen Industrial Estate, Ynyswen Rd, Treorchy CF42 6EP, UK",,https://stores.revolution-laundry.com/en-uk/?utm_source=google&utm_medium=directory&utm_campaign=local_visibility&utm_content=google_maps
Wales,Rhondda,Classic Cleaners,"5 Talbot Rd, Talbot Green, Pontyclun CF72 8AD, UK",01443 224683,http://www.classicdrycleaning.co.uk/
Wales,Rhondda,Sarah's ironing service & S&F cleaning services,"30 High St, Graig, Pontypridd CF37 1QX, UK",07818 749312,
Wales,Rhondda,Kradnie,"22 Gurnos Rd, Merthyr Tydfil CF47 9NN, UK",,
Wales,Mountain Ash,Abercynon Launderette,"30 Margaret St, Abercynon, Mountain Ash CF45 4RB, UK",07967 707643,
Wales,Mountain Ash,Half Soaked Laundry Services,"33 Commercial St, Aberdare CF44 7RW, UK",01685 554321,https://halfsoaked.co.uk/
Wales,Mountain Ash,pontygwaith launderette,"109 Llewellyn St, Pontygwaith, Ferndale CF43 3LD, UK",01443 730517,
Wales,Mountain Ash,The Wash Shop,"65C Brook St, Tonypandy CF40 1RE, UK",01443 439277,http://www.thewashshoptonypandy.co.uk/
Wales,Mountain Ash,Treforest Launderette,"64 Park St, Treforest, Pontypridd CF37 1SN, UK",01443 401427,
Wales,Mountain Ash,The Fresh & Clean Family Laundry Service,"44 Dean St, Aberdare CF44 7BN, UK",,
Wales,Mountain Ash,Treorchy Launderette,"123 Bute St, Treorchy CF42 6AY, UK",01443 775363,https://facebook.com/treorchy.laundrette/
Wales,Rhosllanerchrugog,Ronor Launderette,"Maelor Rd, Johnstown, Wrexham LL14 1NB, UK",01978 840604,
Wales,Rhosllanerchrugog,The Pocket Laundry,"Elwy House, 15 King St, Wrexham LL11 1HF, UK",07767 183455,
Wales,Rhosllanerchrugog,Dolly Tub,"Dolly Tub Launderette, 50 Pen-Y-Bryn, Wrexham LL13 7HY, UK",01978 353963,http://dolly-tub.co.uk/
Wales,Rhosllanerchrugog,Borras Launderette,"32 Borras Park Rd, Wrexham LL12 7TH, UK",01978 351768,http://www.borrasdrycleaners.com/
Wales,Rhosllanerchrugog,Bizzy Bees Launderette,"Unit 5 Queensway, Complex, Wrexham LL13 8UH, UK",01978 421359,https://www.facebook.com/pg/bizzybeeslaundrette/about/?ref=page_internal
Wales,Rhosllanerchrugog,Super Suds Launderette,"38 High St, Coedpoeth, Wrexham LL11 3SB, UK",01978 541145,
Wales,Rhosllanerchrugog,Robinsons Mrs,"Launderette, Glan-Llyn Rd, Bradley, Wrexham LL11 4BB, UK",01978 750180,
Wales,Rhosllanerchrugog,Diana's Ironing service,"Primrose Way, Wrexham LL11 2AT, UK",07843 018997,https://www.dianasironing.com/
Wales,Rhosllanerchrugog,Rhosddu Dry Cleaners,"24 Rhosddu Rd, Wrexham LL11 2NS, UK",01978 291169,
Wales,Flint,Just For You Laundry Services Ltd,"68 Chester St, Flint CH6 5DH, UK",07399 783613,
Wales,Blackwood,Clean'd ltd,"Unit 1 block G, penmaen ind est, Pontllanfraith, Blackwood NP12 2DQ, UK",07756 285451,http://www.clean-d.co.uk/
Wales,Blackwood,Revolution Laundry,"Llewellyn Service Station, 275 High St, Blackwood NP12 1AW, UK",,https://stores.revolution-laundry.com/en-uk/?utm_source=google&utm_medium=directory&utm_campaign=local_visibility&utm_content=google_maps
Wales,Blackwood,Timpson,"98 High St, Blackwood NP12 1AF, UK",01495 221744,https://www.timpson.co.uk/stores/Blackwood-High-Street
Wales,Blackwood,White City Launderette,"Newport Rd, Trethomas, Caerphilly CF83 8BY, UK",029 2088 4260,https://www.facebook.com/whitecitylaundry/
Wales,Blackwood,Michelle’s Laundry Box Ltd,"55 Mill Rd, Caerphilly CF83 3FD, UK",029 2086 2123,https://www.facebook.com/lboxltd/
Wales,Haverfordwest,Widow Twankeys,"162-164 Prendergast, Haverfordwest SA61 2PQ, UK",01437 765695,
Wales,Haverfordwest,Prestige laundry,"150 Portfield, Haverfordwest SA61 1DZ, UK",01437 723866,
Wales,Haverfordwest,Thomsons Pembrokeshire Ltd,"140 Haven Rd, Haverfordwest SA61 1DP, UK",01437 762040,http://www.thomsonslaundry.co.uk/
Wales,Haverfordwest,Snowdrop Laundry & Dry-cleaning,"Pembrookeshire, Unit 1-3 Snowdrop Ln, Haverfordwest SA61 1ET, UK",01437 768765,
Wales,Chepstow,Fresh & Clean Dry Cleaners & Laundrette Chepstow,"3 Thomas St, Chepstow NP16 5DH, UK",01291 408030,
Wales,Chepstow,Elis,"Bulwark Trading Estate, Bulwark, Chepstow NP16 5QZ, UK",01291 620441,https://uk.elis.com/en/about-elis/contact-us/find-location#!/l/bulwark-industrial-estate/bulwark-rd/1768516
Wales,Chepstow,Revolution Laundry,"54 Beachley Rd, Sedbury, Chepstow NP16 7AA, UK",,https://stores.revolution-laundry.com/en-uk/?utm_source=google&utm_medium=directory&utm_campaign=local_visibility&utm_content=google_maps
Wales,Sarn,Bridgend Ironing Company,"14 Bakers Way, Bryncethin, Bridgend CF32 9RJ, UK",07894 353260,http://tidyup.yolasite.com/
Wales,Sarn,The Caring Laundry,"18 Heol Trelales, Trelales, Bridgend CF32 0HW, UK",01656 768222,http://caringlaundry.co.uk/
Wales,Sarn,Lavish Laundry,"David St, Bridgend CF31 3SA, UK",07713 857090,
Wales,Sarn,Timpson,"The Derwen, Bridgend CF32 9ST, UK",01656 530804,https://www.timpson.co.uk/stores/bridgend-asda-1
Wales,Sarn,The Wash Shop,"65C Brook St, Tonypandy CF40 1RE, UK",01443 439277,http://www.thewashshoptonypandy.co.uk/
Wales,Sarn,pontygwaith launderette,"109 Llewellyn St, Pontygwaith, Ferndale CF43 3LD, UK",01443 730517,
Wales,Sarn,Kandy Launderette,"223 High St, Swansea SA1 1NW, UK",01792 461111,https://www.kandylaunderette.com/
Wales,Sarn,Treforest Launderette,"64 Park St, Treforest, Pontypridd CF37 1SN, UK",01443 401427,
Wales,Ystrad Mynach,Ystrad Mynach Dry Cleaning,"18 Penallta Rd, Ystrad Mynach, Hengoed CF82 7AP, UK",01443 812751,https://ystradmynachdrycleaning.co.uk/
Wales,Ystrad Mynach,Ashburne,"20 Penallta Rd, Ystrad Mynach, Hengoed CF82 7AP, UK",01443 816618,http://ashburnes.co.uk/
Wales,Ystrad Mynach,Eqwash,"15, Dyffryn Business Park, sycamore close, Ystrad Mynach, Hengoed CF82 7RJ, UK",07530 742115,
Wales,Ystrad Mynach,Clean'd ltd,"Unit 1 block G, penmaen ind est, Pontllanfraith, Blackwood NP12 2DQ, UK",07756 285451,http://www.clean-d.co.uk/
Wales,Ystrad Mynach,White City Launderette,"Newport Rd, Trethomas, Caerphilly CF83 8BY, UK",029 2088 4260,https://www.facebook.com/whitecitylaundry/
Wales,Holyhead,Holyhead Launderette,"Garreg Domas, Holyhead LL65 1RT, UK",01407 765391,http://www.holyheadlaunderette.com/
Wales,Holyhead,Holyhead Laundry Solutions,"Unit 17a, Penrhos Business Park, Holyhead LL65 2FD, UK",01407 763355,https://www.hlsuk.co.uk/
Wales,Holyhead,Pressed Ironing & Laundry Service,"92-94 Market St, Holyhead LL65 1UW, UK",,
Wales,Holyhead,Timpson,"Penrhos Industrial Estate, Penrhos Industrial Estate, Holyhead LL65 2UH, UK",01407 765732,https://www.timpson.co.uk/stores/holyhead-tesco-1/
Wales,Holyhead,Ty Golchi laundrette,"Valley, Holyhead LL65 3DP, UK",,
Wales,Tonyrefail,The Wash Shop,"65C Brook St, Tonypandy CF40 1RE, UK",01443 439277,http://www.thewashshoptonypandy.co.uk/
Wales,Tonyrefail,Platinum Contract Cleaners,"57 Trebanog Rd, Porth CF39 9EW, UK",07855 244450,http://www.platinumcontractcleaners.com/
Wales,Tonyrefail,Treforest Launderette,"64 Park St, Treforest, Pontypridd CF37 1SN, UK",01443 401427,
Wales,Tonyrefail,pontygwaith launderette,"109 Llewellyn St, Pontygwaith, Ferndale CF43 3LD, UK",01443 730517,
Wales,Tonyrefail,Classic Cleaners,"5 Talbot Rd, Talbot Green, Pontyclun CF72 8AD, UK",01443 224683,http://www.classicdrycleaning.co.uk/
Wales,Tonyrefail,Speedy Ironing,"5 Gwendoline St, Tynewydd, Treorchy CF42 5BW, UK",07920 093688,
Wales,Tonyrefail,Abercynon Launderette,"30 Margaret St, Abercynon, Mountain Ash CF45 4RB, UK",07967 707643,
Wales,Tonyrefail,The Fresh & Clean Family Laundry Service,"44 Dean St, Aberdare CF44 7BN, UK",,
Wales,Tonyrefail,Canton Launderette,"Canton Launderette, Canton Launderette, 244 Cowbridge Rd E, Cardiff CF5 1GZ, UK",029 2041 1111,https://www.canton-launderette.co.uk/
Wales,Tonyrefail,Penylan Launderette,"29 Pen-Y-Lan Rd, Cardiff CF24 3PG, UK",029 2049 1912,
Wales,Tonyrefail,Drift-In Launderette & Dry Cleaners,"104 Salisbury Rd, Cardiff CF24 4AE, UK",029 2023 9257,https://drift-in.co.uk/
Wales,Tonyrefail,Cardiff Launderette 1,"383 Cowbridge Rd E, Cardiff CF5 1JG, UK",029 2132 2620,https://cardiff-launderette.co.uk/
Wales,Newtown,Garth Owen Launderette,"Plantation Ln, Newtown SY16 1JG, UK",,
Wales,Newtown,Launderama,"5 Severn St, Newtown SY16 2AQ, UK",01686 624363,
Wales,Newtown,Newtown Laundry,"Lion Works, Unit 3A Pool Rd, Newtown SY16 3AG, UK",01686 626964,https://www.newtownlaundryservice.co.uk/
Wales,Baglan,Ferry Laundry Services Ltd,"83-85 Neath Rd, Briton Ferry, Neath SA11 2DQ, UK",01639 381032,http://www.ferrylaundry.co.uk/
Wales,Baglan,Sudz Laundry Service,"31 Villiers St, Briton Ferry, Neath SA11 2DZ, UK",07505 780124,
Wales,Baglan,Whirlpool Launderette Ltd,"96 Talbot Rd, Port Talbot SA13 1LB, UK",01639 884889,
Wales,Baglan,Washed 4U Launderette,"41 Heol-Jiwbili, Cwmafon, Port Talbot SA12 9NR, UK",07928 605620,
Wales,Baglan,Riverside Dry Cleaners,"5, Riverside, 5 Riverside, Port Talbot SA13 1EJ, UK",01639 885197,http://www.hansontheclothespeople.co.uk/
Wales,Baglan,Bright Diamond Laundry (Formerly known as Sudz),"31 Villiers St, Briton Ferry, Neath SA11 2DZ, UK",01639 813567,https://www.brightdiamondcleaning.com/
Wales,Baglan,CanDo Laundry Services,"Unit 2 Addison Rd, Port Talbot SA12 6HZ, UK",01792 813444,http://www.candolaundryservices.co.uk/
Wales,Baglan,U Wash I Dry,"47 Burrows Rd, Skewen, West Glamorgan, Neath SA10 6AB, UK",01792 321542,
Wales,Baglan,Neath Launderette,"98 Windsor Rd, Neath SA11 1NR, UK",07835 768803,
Wales,Monmouth,Johnsons Cleaners,"Waitrose, 110-114 Monnow St, Monmouth NP25 3EQ, UK",01600 772552,https://www.johnsoncleaners.com/
Wales,Abertillery,High Street Launderette,"64A High St, Blaina, Abertillery NP13 3AE, UK",07533 933579,
Wales,Mold,Posh Wosh,"5, Cambrian Business Park, Queen's Ln, Mold CH7 1NJ, UK",01352 754389,
Wales,Mold,Orchid Laundry & Dry Cleaning Services,"5, Cambrian Business Park, Queen's Ln, Mold CH7 1NJ, UK",07910 684418,https://orchidlaundry.co.uk/
Wales,Caernarfon,Pete's Launderette,"10 Skinner St, Caernarfon LL55 1RB, UK",01286 678395,
Wales,Caernarfon,Revolution Laundry,"Caer Service Station, South Rd, Caernarfon LL55 2HP, UK",,https://stores.revolution-laundry.com/en-uk/?utm_source=google&utm_medium=directory&utm_campaign=local_visibility&utm_content=google_maps
Wales,Caldicot,Fresh and clean,"Newport Rd, Caldicot NP26 4LY, UK",,
Wales,Pembroke Dock,Wash n Clean,"1 Queen St, Pembroke Dock SA72 6JL, UK",07881 574410,
Wales,Pembroke Dock,All White Now,"11 Laws St, Pembroke Dock SA72 6DJ, UK",07970 319846,
Wales,Pembroke Dock,Snow White laundries Ltd,"Snow White Laundries Ltd, Ferry Ln, Pembroke Dock SA71 4RE, UK",,http://www.snowwhitelaundries.co.uk/
Wales,Pembroke Dock,Laws Street Launderette,"Laws Street Launderette, Laws St, Pembroke Dock SA72 6DJ, UK",,
Wales,Pembroke Dock,Neyland Launderette,"96 High St, Neyland, Milford Haven SA73 1TF, UK",,
Wales,Pembroke Dock,Adept Dry Cleaners,"57 Bush St, Pembroke Dock SA72 6AN, UK",07525 756666,
Wales,Pontllanfraith,Clean'd ltd,"Unit 1 block G, penmaen ind est, Pontllanfraith, Blackwood NP12 2DQ, UK",07756 285451,http://www.clean-d.co.uk/
Wales,Pontllanfraith,Revolution Laundry,"Bryn Rd Texaco, Pontllanfraith, Crown, Cross Service Station, Pontllanfraith, Blackwood NP12 2HA, UK",,https://stores.revolution-laundry.com/en-uk/?utm_source=google&utm_medium=directory&utm_campaign=local_visibility&utm_content=google_maps
Wales,Pontllanfraith,Revolution Laundry,"Llewellyn Service Station, 275 High St, Blackwood NP12 1AW, UK",,https://stores.revolution-laundry.com/en-uk/?utm_source=google&utm_medium=directory&utm_campaign=local_visibility&utm_content=google_maps
Wales,Pontllanfraith,Michelle’s Laundry Box Ltd,"55 Mill Rd, Caerphilly CF83 3FD, UK",029 2086 2123,https://www.facebook.com/lboxltd/
Wales,Pontllanfraith,Crown Cross Service Station,"Crown Ln, Pontllanfraith, Blackwood NP12 2HA, UK",01495 225094,
Wales,Pontllanfraith,Texaco,"Crown Cross Service Station, Bryn Rd, Pontllanfraith, Blackwood NP12 2HA, UK",,https://texaco.co.uk/
Wales,Pontllanfraith,UPS Access Point,"Commercial St, Pontllanfraith, 1 NP12 2JY, UK",0345 787 7877,https://www.ups.com/gb/en/services/e-commerce/access-point-network.page
Wales,Pontllanfraith,White City Launderette,"Newport Rd, Trethomas, Caerphilly CF83 8BY, UK",029 2088 4260,https://www.facebook.com/whitecitylaundry/
Wales,Pontllanfraith,Timpson,"98 High St, Blackwood NP12 1AF, UK",01495 221744,https://www.timpson.co.uk/stores/Blackwood-High-Street
Wales,Pontllanfraith,Ystrad Mynach Dry Cleaning,"18 Penallta Rd, Ystrad Mynach, Hengoed CF82 7AP, UK",01443 812751,https://ystradmynachdrycleaning.co.uk/
Wales,Pontllanfraith,Treforest Launderette,"64 Park St, Treforest, Pontypridd CF37 1SN, UK",01443 401427,
Wales,Brynteg,Freshify Cleaning and Laundry,"Lon Pant Y Cudyn, Benllech, Tyn-y-Gongl LL74 8UF, UK",07432 394418,https://freshifyanglesey.co.uk/
Wales,Brynteg,GEMs Laundry,"Unit 7, Old Primary School, Brynsiencyn, Llanfairpwllgwyngyll LL61 6HZ, UK",01248 565341,http://gemslaundry.co.uk/?utm_source=gmb&utm_medium=referral
Wales,Brynteg,Laundry clean,"Unit 3, afallon caravan park, Ty Croes LL63 5UA, UK",07808 486491,http://laundryclean.uk/
Wales,Brynteg,Your Laundrette,"3 Lon Goch, Amlwch LL68 9DL, UK",,
Wales,Brynteg,Y golchdy Bach valley,"Ty hapus, Lon Gardener, Valley, Holyhead LL65 3DP, UK",01407 453304,
Wales,Brynteg,Anglesey laundry,"Maes Athen, Llanerchymedd LL71 8DL, UK",01248 543244,
Wales,Brynteg,Ty Golchi laundrette,"Valley, Holyhead LL65 3DP, UK",,
Wales,Pencoed,Bassrock Dry Cleaning & Laundry Services,"15 Min-Y-Nant, Pen-coed, Bridgend CF35 6YP, UK",07565 314468,
Wales,Pencoed,The Caring Laundry,"18 Heol Trelales, Trelales, Bridgend CF32 0HW, UK",01656 768222,http://caringlaundry.co.uk/
Wales,Pencoed,Lavish Laundry,"David St, Bridgend CF31 3SA, UK",07713 857090,
Wales,Kinmel Bay,Revolution Laundry,"Sunnys Bar, Towyn Rd, Towyn, Abergele LL22 9EN, UK",,https://stores.revolution-laundry.com/en-uk/?utm_source=google&utm_medium=directory&utm_campaign=local_visibility&utm_content=google_maps
Wales,Kinmel Bay,Bendix Launderette,"137 Wellington Rd, Rhyl LL18 1LE, UK",01745 354236,https://loverhyl.co.uk/business/bendix-launderette/
Wales,Abergele,Pensarn Laundrette,"32 Marine Rd, Pensarn, Abergele LL22 7PR, UK",07483 228056,https://www.facebook.com/profile.php?id=61551270328837
Wales,Clydach,Clydach Launderette,"92a High St, Clydach, Swansea SA6 5LN, UK",,
Wales,Ammanford,Bubbles Launderette,"76 Wind St, Ammanford SA18 3DR, UK",01269 847435,https://www.facebook.com/bubblesammanford/
Wales,Brecon,Beacons Laundry,"St Mary St, Brecon LD3 7AA, UK",,
Wales,Brecon,Revolution Laundry,"Morrisons, Free St, Brecon LD3 7SE, UK",,https://stores.revolution-laundry.com/en-uk/?utm_source=google&utm_medium=directory&utm_campaign=local_visibility&utm_content=google_maps
Wales,Brecon,Timpson,"3 Castle St, Brecon LD3 9DD, UK",01874 620779,https://www.timpson.co.uk/stores/Brecon-Castle-Street
Wales,Brecon,Revolution Laundry,"A40, Sennybridge, Brecon LD3 8PS, UK",,https://stores.revolution-laundry.com/en-uk/?utm_source=google&utm_medium=directory&utm_campaign=local_visibility&utm_content=google_maps
Wales,Llanharan and Brynna,The Wash Shop,"65C Brook St, Tonypandy CF40 1RE, UK",01443 439277,http://www.thewashshoptonypandy.co.uk/
Wales,Llanharan and Brynna,Classic Cleaners,"5 Talbot Rd, Talbot Green, Pontyclun CF72 8AD, UK",01443 224683,http://www.classicdrycleaning.co.uk/
Wales,Llanharan and Brynna,The Caring Laundry,"18 Heol Trelales, Trelales, Bridgend CF32 0HW, UK",01656 768222,http://caringlaundry.co.uk/
Wales,Llanharan and Brynna,The Laundry Rooms,"25 Vere St, Barry CF63 2HW, UK",01446 740730,http://www.thelaundry-rooms.co.uk/
Wales,Llanharan and Brynna,pontygwaith launderette,"109 Llewellyn St, Pontygwaith, Ferndale CF43 3LD, UK",01443 730517,
Wales,Llanharan and Brynna,Treforest Launderette,"64 Park St, Treforest, Pontypridd CF37 1SN, UK",01443 401427,
Wales,Llanharan and Brynna,Canton Launderette,"Canton Launderette, Canton Launderette, 244 Cowbridge Rd E, Cardiff CF5 1GZ, UK",029 2041 1111,https://www.canton-launderette.co.uk/
Wales,Llanharan and Brynna,Cardiff Launderette 1,"383 Cowbridge Rd E, Cardiff CF5 1JG, UK",029 2132 2620,https://cardiff-launderette.co.uk/
Wales,Llanharan and Brynna,Drift-In Launderette & Dry Cleaners,"104 Salisbury Rd, Cardiff CF24 4AE, UK",029 2023 9257,https://drift-in.co.uk/
Wales,Denbigh,The Laundry Basket \ Y Fasged Olchi,"Panton Hall, Denbigh LL16 3TL, UK",01745 816378,
Wales,Denbigh,The Garment Spa,"Vale Park Colomendy Industrial Estate, Rhyl Rd, Denbigh LL16 5TA, UK",01745 813312,http://www.thegarmentspa.co.uk/
Wales,Bargoed,Clean'd ltd,"Unit 1 block G, penmaen ind est, Pontllanfraith, Blackwood NP12 2DQ, UK",07756 285451,http://www.clean-d.co.uk/
Wales,Bargoed,White City Launderette,"Newport Rd, Trethomas, Caerphilly CF83 8BY, UK",029 2088 4260,https://www.facebook.com/whitecitylaundry/
Wales,Bargoed,Ystrad Mynach Dry Cleaning,"18 Penallta Rd, Ystrad Mynach, Hengoed CF82 7AP, UK",01443 812751,https://ystradmynachdrycleaning.co.uk/
Wales,Bargoed,Michelle’s Laundry Box Ltd,"55 Mill Rd, Caerphilly CF83 3FD, UK",029 2086 2123,https://www.facebook.com/lboxltd/
Wales,Bargoed,Treforest Launderette,"64 Park St, Treforest, Pontypridd CF37 1SN, UK",01443 401427,
Wales,Bargoed,pontygwaith launderette,"109 Llewellyn St, Pontygwaith, Ferndale CF43 3LD, UK",01443 730517,
Wales,Bargoed,High Street Launderette,"64A High St, Blaina, Abertillery NP13 3AE, UK",07533 933579,
Wales,Pembroke,Wash n Clean,"1 Queen St, Pembroke Dock SA72 6JL, UK",07881 574410,
Wales,Pembroke,All White Now,"11 Laws St, Pembroke Dock SA72 6DJ, UK",07970 319846,
Wales,Pembroke,Coach House Laundry,"Chestnut Cottage, 114 Main St, Pembroke SA71 4HN, UK",,
Wales,Pembroke,Snow White laundries Ltd,"Snow White Laundries Ltd, Ferry Ln, Pembroke Dock SA71 4RE, UK",,http://www.snowwhitelaundries.co.uk/
Wales,Pembroke,Laws Street Launderette,"Laws Street Launderette, Laws St, Pembroke Dock SA72 6DJ, UK",,
Wales,Dinas Powys,Revolution Laundry,"Texaco, Cardiff Rd, Dinas Powys CF64 4JS, UK",,https://stores.revolution-laundry.com/en-uk/?utm_source=google&utm_medium=directory&utm_campaign=local_visibility&utm_content=google_maps
Wales,Ystalyfera,Gurnos Launderette,"2, Palleg Place, Cwmphil Rd, Cwm-twrch Isaf, Swansea SA9 1DG, UK",07936 848105,
Wales,Ystalyfera,The Launderette Station,"46 Station Rd, Fforest-fach, Swansea SA5 5AU, UK",07496 792751,https://m.facebook.com/thelaunderettestation/
Wales,Ystalyfera,Brynhyfryd Launderette,"14 Cwm Level Rd, Brynhyfryd, Swansea SA5 9DY, UK",01792 472553,http://brynhyfrydlaunderette.co.uk/
Wales,Ystalyfera,Kandy Launderette,"223 High St, Swansea SA1 1NW, UK",01792 461111,https://www.kandylaunderette.com/
Wales,Ystalyfera,Brynmill Launderette,"121 Rhyddings Terrace, Brynmill, Swansea SA2 0DS, UK",01792 448721,https://www.brynmilllaunderette.co.uk/
Wales,Ystalyfera,Ritchies Laundry Services,"Ritchies laundry service, Loughor, Swansea SA4 6PG, UK",01792 897594,
Wales,Ystalyfera,Waterside Laundry,"448 Gower Rd, Killay, Swansea SA2 7AL, UK",07855 928436,
Wales,Ystalyfera,Treforys Laundry Centre,"13 Woodfield St, Morriston, Swansea SA6 8AQ, UK",01792 931461,
Wales,Ystalyfera,Ferry Laundry Services Ltd,"83-85 Neath Rd, Briton Ferry, Neath SA11 2DQ, UK",01639 381032,http://www.ferrylaundry.co.uk/
Wales,Holywell,Premier,"9 Brynford St, Holywell CH8 7RD, UK",01352 710385,
Wales,Treorchy,Treorchy Launderette,"123 Bute St, Treorchy CF42 6AY, UK",01443 775363,https://facebook.com/treorchy.laundrette/
Wales,Newbridge,Newbridge Ironing Service,"The Cottage, 7A North Rd, Newbridge, Newport NP11 4QT, UK",07540 480460,
Wales,Rogerstone,Revolution Laundry,"Texaco, Monnow Way, Bettws, Newport NP20 7DB, UK",,https://stores.revolution-laundry.com/en-uk/?utm_source=google&utm_medium=directory&utm_campaign=local_visibility&utm_content=google_maps
Wales,Rogerstone,Johnsons The Cleaners,"Unit 4a, Newport NP20 3AE, UK",01633 266430,http://www.johnsoncleaners.com/branch/Newport-Drive-In
Wales,Rogerstone,Stow Hill Launderette,"117 Stow Hill, Newport NP20 4ED, UK",01633 547120,
Wales,Rogerstone,Oasis Laundrette,"362 Chepstow Rd, Newport NP19 8JH, UK",01633 524476,
Wales,Rogerstone,Rogerstone Hand Car Wash,"Chartist Way, Rogerstone, Newport NP10 9XJ, UK",07865 079928,
Wales,Rogerstone,Quick Fix Laundry,"117 Stow Hill, Newport NP20 4ED, UK",07350 699271,http://www.7daylaundry.com/
Wales,Rogerstone,Pressed & Fresh Ltd.,"Pressed & Fresh Ltd, Newport NP19 4ND, UK",07491 966345,https://www.pressed-and-fresh.co.uk/
Wales,Rogerstone,Timpson,"Pontymister Industrial Estate, Risca, Newport NP11 6NP, UK",01633 614876,https://www.timpson.co.uk/stores/Risca-Tesco
Wales,Rogerstone,Morrisons,"Azalea Rd, Rogerstone, Bassaleg, Newport NP10 9HZ, UK",01633 895724,https://my.morrisons.com/storefinder/87?utm_content=Morrisons+Rogerstone&utm_medium=localistico&utm_source=google
Wales,Rogerstone,Pick Up & Press,"201 Cardiff Rd, Newport NP20 3BP, UK",01633 816121,https://www.pickupandpress.co.uk/
Wales,Rogerstone,Evri ParcelShop,"1-5 High Cross Rd, Rogerstone, Newport NP10 9AE, UK",0330 808 5456,https://www.evri.com/?utm_source=google&utm_medium=organic-local&utm_campaign=Newport&utm_content=S12743
Wales,Rogerstone,Admiral Cleaners,"362 Chepstow Rd, Newport NP19 8JH, UK",01633 721775,
Wales,Rogerstone,Texaco,"721 Monnow Way, Bettws, Newport NP20 7DB, UK",01633 859600,
Wales,Rogerstone,Treforest Launderette,"64 Park St, Treforest, Pontypridd CF37 1SN, UK",01443 401427,
Wales,Abersychan,The Laundry Hut Ltd,"9 Osborne Rd, Pontypool NP4 6NN, UK",07902 857029,
Wales,Abersychan,Revolution Laundry,"Osborne Rd, Pontnewynydd, Pontypool NP4 6NR, UK",,https://stores.revolution-laundry.com/en-uk/?utm_source=google&utm_medium=directory&utm_campaign=local_visibility&utm_content=google_maps
Wales,Abersychan,Texaco,"Osborne Rd, Pontnewynydd, Pontypool NP4 6NR, UK",01495 751375,https://texaco.co.uk/
Wales,Abersychan,Michelle’s Laundry Box Ltd,"55 Mill Rd, Caerphilly CF83 3FD, UK",029 2086 2123,https://www.facebook.com/lboxltd/
Wales,Abersychan,pontygwaith launderette,"109 Llewellyn St, Pontygwaith, Ferndale CF43 3LD, UK",01443 730517,
Wales,Abersychan,Stow Hill Launderette,"117 Stow Hill, Newport NP20 4ED, UK",01633 547120,
Wales,Gowerton,Gowerton Laundry,"3 Gorwydd Rd, Gowerton, Swansea SA4 3AG, UK",01792 875182,
Wales,Beddau,Ironing Matters,"1 Beddau Square, Beddau, Pontypridd CF38 2AA, UK",07508 743459,http://www.ironingservicedirectory.co.uk/register.pl?search=6VQLN8J8
Wales,Beddau,Révolution Laundry,"Llantrisant Road Texaco, Londis, Llantwit Fardre, Pontypridd CF38 2HA, UK",,https://stores.revolution-laundry.com/en-uk/?utm_source=google&utm_medium=directory&utm_campaign=local_visibility&utm_content=google_maps
Wales,Beddau,Treforest Launderette,"64 Park St, Treforest, Pontypridd CF37 1SN, UK",01443 401427,
Wales,Beddau,Valero. Nisa local,"Llantrisant Rd, Llantwit Fardre, Pontypridd CF38 2HA, UK",01443 218761,https://texaco.co.uk/pages/store-locator.aspx
Wales,Beddau,Londis,"Llantwitt, Llantrisant Rd, Llantwit Fardre, Pontypridd CF38 2HA, UK",01443 218761,https://www.londis.co.uk/?utm_source=gmb&utm_medium=yext
Wales,Beddau,The Wash Shop,"65C Brook St, Tonypandy CF40 1RE, UK",01443 439277,http://www.thewashshoptonypandy.co.uk/
Wales,Beddau,Classic Cleaners,"5 Talbot Rd, Talbot Green, Pontyclun CF72 8AD, UK",01443 224683,http://www.classicdrycleaning.co.uk/
Wales,Beddau,pontygwaith launderette,"109 Llewellyn St, Pontygwaith, Ferndale CF43 3LD, UK",01443 730517,
Wales,Beddau,Clean'd ltd,"Unit 1 block G, penmaen ind est, Pontllanfraith, Blackwood NP12 2DQ, UK",07756 285451,http://www.clean-d.co.uk/
Wales,Beddau,The Caring Laundry,"18 Heol Trelales, Trelales, Bridgend CF32 0HW, UK",01656 768222,http://caringlaundry.co.uk/
Wales,Beddau,Canton Launderette,"Canton Launderette, Canton Launderette, 244 Cowbridge Rd E, Cardiff CF5 1GZ, UK",029 2041 1111,https://www.canton-launderette.co.uk/
Wales,Beddau,GEMs Laundry,"Unit 7, Old Primary School, Brynsiencyn, Llanfairpwllgwyngyll LL61 6HZ, UK",01248 565341,http://gemslaundry.co.uk/?utm_source=gmb&utm_medium=referral
Wales,Beddau,Drift-In Launderette & Dry Cleaners,"104 Salisbury Rd, Cardiff CF24 4AE, UK",029 2023 9257,https://drift-in.co.uk/
Wales,Beddau,West wales Laundry,"Unit 12a, Parc, Gwynfryn, Crymych SA41 3RQ, UK",01239 562563,
Wales,Beddau,L&R Laundry Ltd,"Lon, Y Traeth, Snowdon St, Porthmadog LL49 9DF, UK",01766 549985,
Wales,Beddau,Cardiff Launderette 1,"383 Cowbridge Rd E, Cardiff CF5 1JG, UK",029 2132 2620,https://cardiff-launderette.co.uk/
Wales,Caerleon,Caerleon Road Laundrette,"137 Caerleon Rd, Newport NP19 7FW, UK",01633 961596,
Wales,Gwersyllt,Revolution Laundry,"Mold Rd, Gwersyllt, Wrexham LL11 4AH, UK",,https://stores.revolution-laundry.com/en-uk/?utm_source=google&utm_medium=directory&utm_campaign=local_visibility&utm_content=google_maps
Wales,Gwersyllt,Robinsons Mrs,"Launderette, Glan-Llyn Rd, Bradley, Wrexham LL11 4BB, UK",01978 750180,
Wales,Gwersyllt,The Pocket Laundry,"Elwy House, 15 King St, Wrexham LL11 1HF, UK",07767 183455,
Wales,Gwersyllt,Bizzy Bees Launderette,"Unit 5 Queensway, Complex, Wrexham LL13 8UH, UK",01978 421359,https://www.facebook.com/pg/bizzybeeslaundrette/about/?ref=page_internal
Wales,Gwersyllt,Dolly Tub,"Dolly Tub Launderette, 50 Pen-Y-Bryn, Wrexham LL13 7HY, UK",01978 353963,http://dolly-tub.co.uk/
Wales,Gwersyllt,Johnsons The Cleaners,"C/o Sainsburys, Plas Coch Rd, Wrexham LL11 2BW, UK",01978 290921,http://www.johnsoncleaners.com/branch/Wrexham-Sainsburys
Wales,Gwersyllt,Borras Launderette,"32 Borras Park Rd, Wrexham LL12 7TH, UK",01978 351768,http://www.borrasdrycleaners.com/
Wales,Gwersyllt,Borras Laundry & Linen,"Unit 1, Pandy Business Park, Pandy, Gresford, Wrexham LL11 2UD, UK",01978 664724,https://www.borraslaundryandlinen.co.uk/
Wales,Gwersyllt,Rhosddu Dry Cleaners,"24 Rhosddu Rd, Wrexham LL11 2NS, UK",01978 291169,
Wales,Gwersyllt,Diana's Ironing service,"Primrose Way, Wrexham LL11 2AT, UK",07843 018997,https://www.dianasironing.com/
Wales,Gwersyllt,SPAR Gwersyllt,"SPAR, Service Station, Park Wall Rd, Gwersyllt, Wrexham LL11 4AH, UK",01978 754902,https://www.spar.co.uk/store-locator/afb11171-spar-gwersyllt
Wales,Gwersyllt,Borras Bridal - Wedding Dress Cleaning,"Unit 1, Pandy Business Park, Pandy, Gresford, Wrexham LL11 2UD, UK",,https://www.borrasbridal.co.uk/
Wales,Gwersyllt,Super Suds Launderette,"38 High St, Coedpoeth, Wrexham LL11 3SB, UK",01978 541145,
Wales,Gwersyllt,Ronor Launderette,"Maelor Rd, Johnstown, Wrexham LL14 1NB, UK",01978 840604,
Wales,Acrefair and Cefn Mawr,The Pocket Laundry,"Elwy House, 15 King St, Wrexham LL11 1HF, UK",07767 183455,
Wales,Acrefair and Cefn Mawr,Bizzy Bees Launderette,"Unit 5 Queensway, Complex, Wrexham LL13 8UH, UK",01978 421359,https://www.facebook.com/pg/bizzybeeslaundrette/about/?ref=page_internal
Wales,Acrefair and Cefn Mawr,Ronor Launderette,"Maelor Rd, Johnstown, Wrexham LL14 1NB, UK",01978 840604,
Wales,Acrefair and Cefn Mawr,Dolly Tub,"Dolly Tub Launderette, 50 Pen-Y-Bryn, Wrexham LL13 7HY, UK",01978 353963,http://dolly-tub.co.uk/
Wales,Acrefair and Cefn Mawr,Borras Launderette,"32 Borras Park Rd, Wrexham LL12 7TH, UK",01978 351768,http://www.borrasdrycleaners.com/
Wales,Acrefair and Cefn Mawr,Diana's Ironing service,"Primrose Way, Wrexham LL11 2AT, UK",07843 018997,https://www.dianasironing.com/
Wales,Acrefair and Cefn Mawr,Robinsons Mrs,"Launderette, Glan-Llyn Rd, Bradley, Wrexham LL11 4BB, UK",01978 750180,
Wales,Acrefair and Cefn Mawr,Rhosddu Dry Cleaners,"24 Rhosddu Rd, Wrexham LL11 2NS, UK",01978 291169,
Wales,Acrefair and Cefn Mawr,Johnsons The Cleaners,"C/o Sainsburys, Plas Coch Rd, Wrexham LL11 2BW, UK",01978 290921,http://www.johnsoncleaners.com/branch/Wrexham-Sainsburys
Wales,Rhoose,Harbour Road Launderette,"49 Harbour Rd, Barry CF62 5SA, UK",01446 421800,https://www.facebook.com/Harbour-Rd-Laundrette-105076427811491/
Wales,Rhoose,The Laundry Rooms,"25 Vere St, Barry CF63 2HW, UK",01446 740730,http://www.thelaundry-rooms.co.uk/
Wales,Rhoose,Town & Country Laundry,"Flat Old Post Office, Church Ln, St Athan, Barry CF62 4PL, UK",01446 751188,
Wales,Rhoose,Seabreezes,"223 Holton Rd, Barry CF63 4HR, UK",01446 407105,
Wales,Rhoose,Canton Launderette,"Canton Launderette, Canton Launderette, 244 Cowbridge Rd E, Cardiff CF5 1GZ, UK",029 2041 1111,https://www.canton-launderette.co.uk/
Wales,Rhoose,Drift-In Launderette & Dry Cleaners,"104 Salisbury Rd, Cardiff CF24 4AE, UK",029 2023 9257,https://drift-in.co.uk/
Wales,Rhoose,The Wash Shop,"65C Brook St, Tonypandy CF40 1RE, UK",01443 439277,http://www.thewashshoptonypandy.co.uk/
Wales,Rhoose,Treforest Launderette,"64 Park St, Treforest, Pontypridd CF37 1SN, UK",01443 401427,
Wales,Rhoose,Cardiff Launderette 1,"383 Cowbridge Rd E, Cardiff CF5 1JG, UK",029 2132 2620,https://cardiff-launderette.co.uk/
Wales,Rhoose,pontygwaith launderette,"109 Llewellyn St, Pontygwaith, Ferndale CF43 3LD, UK",01443 730517,
Wales,Rhoose,Tophat Albany Ltd,"161 Albany Rd, Cardiff CF24 3NT, UK",029 2048 1332,
Wales,Broughton,Broughton Shopping Park,"Chester Rd, Broughton, Bretton, Chester CH4 0DP, UK",01244 534354,https://www.broughtonshopping.co.uk/
Wales,Broughton,Timpson Broughton,"Broughton shopping park, Bretton, Chester CH4 0DR, UK",01244 536434,http://www.timpson.co.uk/
Wales,Broughton,The Laundry Hub,"25 Chester St, Saltney, Chester CH4 8BL, UK",07946 620072,https://www.thelaundryhub.co/
Wales,Broughton,Fresh Laundry,"10 Charles St, Hoole, Chester CH2 3AZ, UK",07367 280120,http://fresh-laundry.co.uk/
Wales,Broughton,Dolly Tub,"Dolly Tub Launderette, 50 Pen-Y-Bryn, Wrexham LL13 7HY, UK",01978 353963,http://dolly-tub.co.uk/
Wales,Broughton,Monogram,"93 Dicksons Dr, Newton, Chester CH2 2BT, UK",01244 380216,http://www.monogramchester.com/
Wales,Broughton,Laundry Affairs,"11d Bodmin Pl, Broughton, Milton Keynes MK10 7DP, UK",01908 480755,https://www.laundryaffairs.co.uk/
Wales,Broughton,The Launderette,"56 Garden Ln, Cheshire, Chester CH1 4EW, UK",01244 380014,http://www.launderettechester.co.uk/
Wales,Broughton,Posh Wosh,"5, Cambrian Business Park, Queen's Ln, Mold CH7 1NJ, UK",01352 754389,
Wales,Broughton,Tesco Extra,"1, Broughton shopping park, Chester Rd, Broughton, Bretton, Chester CH4 0DP, UK",0345 677 9155,https://www.tesco.com/store-locator/chester/1-broughton-shopping-park-chester-road?sc_cmp=ref*yg*stc*2272&utm_source=yext_google&utm_campaign=local_Extra_Wales&utm_medium=organic
Wales,Broughton,Evergreen Dry Cleaners,"86 High St, Connah's Quay, Deeside CH5 4DD, UK",01244 812524,http://www.evergreendrycleaners.co.uk/
Wales,Broughton,Pink Daisy Garment Care,"10 Mold Rd, Buckley CH7 2JB, UK",01244 726710,http://www.pinkdaisygarmentcare.com/
Wales,Broughton,Borras Launderette,"32 Borras Park Rd, Wrexham LL12 7TH, UK",01978 351768,http://www.borrasdrycleaners.com/
Wales,Pontarddulais,Hardpressed,"44 St Teilo St, Pontarddulais, Swansea SA4 8SZ, UK",01792 885308,
Wales,Shotton,Laundry Lounge,"The Gables, 62a Chester Rd W, Shotton, Deeside CH5 1BY, UK",0330 345 3432,http://www.launderettenearme.co.uk/
Wales,Bedwas,White City Launderette,"Newport Rd, Trethomas, Caerphilly CF83 8BY, UK",029 2088 4260,https://www.facebook.com/whitecitylaundry/
Wales,Bedwas,Michelle’s Laundry Box Ltd,"55 Mill Rd, Caerphilly CF83 3FD, UK",029 2086 2123,https://www.facebook.com/lboxltd/
Wales,Bedwas,Herdman & Bishop,"1 Newport Rd, Trethomas, Caerphilly CF83 8BY, UK",029 2088 4260,
Wales,Bedwas,Revolution Laundry,"Castle Court Shopping Centre, Castle St, Caerphilly CF83 1NU, UK",,https://stores.revolution-laundry.com/en-uk/?utm_source=google&utm_medium=directory&utm_campaign=local_visibility&utm_content=google_maps
Wales,Abercynon,Abercynon Launderette,"30 Margaret St, Abercynon, Mountain Ash CF45 4RB, UK",07967 707643,
Wales,Cross Hands and Pen-y-groes,Crosshands laundry,"30 Llandeilo Rd, Cross Hands, Llanelli SA14 6NA, UK",01269 842223,https://en-gb.facebook.com/pages/category/Laundromat/Cross-Hands-Laundry-823563994478865/
Wales,Cross Hands and Pen-y-groes,Pontiets Laundry,"172 Heol Y Meinciau, Pont-iets, Llanelli SA15 5SN, UK",07980 822281,
Wales,Oakdale,Clean'd ltd,"Unit 1 block G, penmaen ind est, Pontllanfraith, Blackwood NP12 2DQ, UK",07756 285451,http://www.clean-d.co.uk/
Wales,Oakdale,Revolution Laundry,"Llewellyn Service Station, 275 High St, Blackwood NP12 1AW, UK",,https://stores.revolution-laundry.com/en-uk/?utm_source=google&utm_medium=directory&utm_campaign=local_visibility&utm_content=google_maps
Wales,Oakdale,Unitech Services Group,"Oakwood Close, Pen-y-Fan Industrial Estate, Newport NP11 3HY, UK",01495 249688,https://www.unitech-services.eu/about/locations/unitech-services-group-ltd/
Wales,Oakdale,White City Launderette,"Newport Rd, Trethomas, Caerphilly CF83 8BY, UK",029 2088 4260,https://www.facebook.com/whitecitylaundry/
Wales,Oakdale,Michelle’s Laundry Box Ltd,"55 Mill Rd, Caerphilly CF83 3FD, UK",029 2086 2123,https://www.facebook.com/lboxltd/
Wales,Oakdale,Timpson,"98 High St, Blackwood NP12 1AF, UK",01495 221744,https://www.timpson.co.uk/stores/Blackwood-High-Street
Wales,Oakdale,High Street Launderette,"64A High St, Blaina, Abertillery NP13 3AE, UK",07533 933579,
Wales,Oakdale,Treforest Launderette,"64 Park St, Treforest, Pontypridd CF37 1SN, UK",01443 401427,
Wales,Oakdale,pontygwaith launderette,"109 Llewellyn St, Pontygwaith, Ferndale CF43 3LD, UK",01443 730517,
Wales,Bagillt,Premier,"9 Brynford St, Holywell CH8 7RD, UK",01352 710385,
Wales,Bagillt,Grief Ironing Services,"Woodstock, Fron Park Rd, Holywell CH8 7US, UK",07834 788946,
Wales,Bagillt,Dolly Tub,"Dolly Tub Launderette, 50 Pen-Y-Bryn, Wrexham LL13 7HY, UK",01978 353963,http://dolly-tub.co.uk/
Wales,Bagillt,Evergreen Dry Cleaners,"86 High St, Connah's Quay, Deeside CH5 4DD, UK",01244 812524,http://www.evergreendrycleaners.co.uk/
Wales,Bagillt,Posh Wosh,"5, Cambrian Business Park, Queen's Ln, Mold CH7 1NJ, UK",01352 754389,
Wales,Bagillt,Borras Laundry & Linen,"Unit 1, Pandy Business Park, Pandy, Gresford, Wrexham LL11 2UD, UK",01978 664724,https://www.borraslaundryandlinen.co.uk/
Wales,Bagillt,Fresh Laundry,"10 Charles St, Hoole, Chester CH2 3AZ, UK",07367 280120,http://fresh-laundry.co.uk/
Wales,Bagillt,Monogram,"93 Dicksons Dr, Newton, Chester CH2 2BT, UK",01244 380216,http://www.monogramchester.com/
Wales,Bagillt,SudSational Launderettes And Laundry Services,"766 Borough Rd, Birkenhead CH42 9JF, UK",0151 608 6484,http://sudsational-launderettes.co.uk/
Wales,Pontyclun,Classic Cleaners,"5 Talbot Rd, Talbot Green, Pontyclun CF72 8AD, UK",01443 224683,http://www.classicdrycleaning.co.uk/
Wales,Pontyclun,Timpson,"Green Park, Talbot Green, Pontyclun CF72 8RB, UK",01443 222985,https://www.timpson.co.uk/stores/Llantrisant-Tesco-Talbot-Green
Wales,Pontyclun,Timpson,"Heol Y Pant, Talbot Green, Pontyclun CF72 8FN, UK",01443 547949,https://www.timpson.co.uk/stores/talbot-green-sainsburys
Wales,Pontyclun,Treforest Launderette,"64 Park St, Treforest, Pontypridd CF37 1SN, UK",01443 401427,
Wales,Pontyclun,The Wash Shop,"65C Brook St, Tonypandy CF40 1RE, UK",01443 439277,http://www.thewashshoptonypandy.co.uk/
Wales,Pontyclun,pontygwaith launderette,"109 Llewellyn St, Pontygwaith, Ferndale CF43 3LD, UK",01443 730517,
Wales,Undy and Magor,Revolution Laundry,"23a M4 Roadchef, Magor, Caldicot NP26 3YL, UK",,https://stores.revolution-laundry.com/en-uk/?utm_source=google&utm_medium=directory&utm_campaign=local_visibility&utm_content=google_maps
Wales,Ruthin,Revolution Laundry,"bp, Park Rd, Ruthin LL15 1NB, UK",,https://stores.revolution-laundry.com/en-uk/?utm_source=google&utm_medium=directory&utm_campaign=local_visibility&utm_content=google_maps
Wales,Ruthin,Jade’s Tanning Beauty & Laundrette,"55 Well St, Ruthin LL15 1AF, UK",01824 308264,
Wales,Ruthin,Ruthin Laundry,"Ind Est, Unit 4 Lôn Parcwr, Ruthin LL15 1NJ, UK",01824 707888,
Wales,Ruthin,The Garment Spa,"Unit1, Lôn Parcwr, Industrial Estate, Ruthin LL15 1NJ, UK",01824 702119,http://www.thedrycleaningco.com/
Wales,Ruthin,Laundry Service,"53 Well St, Ruthin LL15 1AF, UK",,
Wales,Abertridwr and Senghenydd,Michelle’s Laundry Box Ltd,"55 Mill Rd, Caerphilly CF83 3FD, UK",029 2086 2123,https://www.facebook.com/lboxltd/
Wales,Abertridwr and Senghenydd,White City Launderette,"Newport Rd, Trethomas, Caerphilly CF83 8BY, UK",029 2088 4260,https://www.facebook.com/whitecitylaundry/
Wales,Abertridwr and Senghenydd,Treforest Launderette,"64 Park St, Treforest, Pontypridd CF37 1SN, UK",01443 401427,
Wales,Abertridwr and Senghenydd,Clean'd ltd,"Unit 1 block G, penmaen ind est, Pontllanfraith, Blackwood NP12 2DQ, UK",07756 285451,http://www.clean-d.co.uk/
Wales,Abertridwr and Senghenydd,Clean & Fresh (Wales),"Unit 9, Pontygwindy Industrial Estate, 6 Sir Alfred Owen Way, Caerphilly CF83 3TG, UK",029 2088 9456,http://www.cleanandfreshwales.co.uk/
Wales,Abertridwr and Senghenydd,pontygwaith launderette,"109 Llewellyn St, Pontygwaith, Ferndale CF43 3LD, UK",01443 730517,
Wales,Blaenavon,Blaenavon Launderette,"Blaenavon Launderette, Lower Hill St, Blaenavon, Pontypool NP4 9EP, UK",,
Wales,Pontardawe,Clydach Launderette,"92a High St, Clydach, Swansea SA6 5LN, UK",,
Wales,Pontardawe,Treforys Laundry Centre,"13 Woodfield St, Morriston, Swansea SA6 8AQ, UK",01792 931461,
Wales,Pontardawe,Revolution Laundry,"117 Peniel Green Rd, Peniel Green, Llansamlet, Swansea SA7 9BA, UK",,https://stores.revolution-laundry.com/en-uk/?utm_source=google&utm_medium=directory&utm_campaign=local_visibility&utm_content=google_maps
Wales,Pontardawe,Revolution Laundry,"CK Foodstores, 3 Heol Nant Bran, Birchgrove, Swansea SA7 9LS, UK",,https://stores.revolution-laundry.com/en-uk/?utm_source=google&utm_medium=directory&utm_campaign=local_visibility&utm_content=google_maps
Wales,Pontardawe,Revolution Laundry,"50 Park Ave Texaco, Skewen Service Station, Birchgrove, Neath SA10 6RY, UK",,https://stores.revolution-laundry.com/en-uk/?utm_source=google&utm_medium=directory&utm_campaign=local_visibility&utm_content=google_maps
Wales,Pontardawe,Kandy Launderette,"223 High St, Swansea SA1 1NW, UK",01792 461111,https://www.kandylaunderette.com/
Wales,Pontardawe,Brynmill Launderette,"121 Rhyddings Terrace, Brynmill, Swansea SA2 0DS, UK",01792 448721,https://www.brynmilllaunderette.co.uk/
Wales,Pontardawe,Waterside Laundry,"448 Gower Rd, Killay, Swansea SA2 7AL, UK",07855 928436,
Wales,Pontardawe,Clothes clinic Morriston,"5 Clase Rd, Morriston, Swansea SA6 8DS, UK",01792 310553,
Wales,Pontardawe,The Gower Laundry Company - Launderette and Linen Hire - Swansea,"91 Brynymor Rd, Swansea SA1 4JG, UK",01792 644682,http://www.gowerlaundry.com/
Wales,Pontardawe,The Launderette Station,"46 Station Rd, Fforest-fach, Swansea SA5 5AU, UK",07496 792751,https://m.facebook.com/thelaunderettestation/
Wales,Pontardawe,Ferry Laundry Services Ltd,"83-85 Neath Rd, Briton Ferry, Neath SA11 2DQ, UK",01639 381032,http://www.ferrylaundry.co.uk/
Wales,Pontardawe,Brynhyfryd Launderette,"14 Cwm Level Rd, Brynhyfryd, Swansea SA5 9DY, UK",01792 472553,http://brynhyfrydlaunderette.co.uk/
Wales,Pontardawe,Ivy Bush Pontardawe,"103 High St, Pontardawe, Swansea SA8 4JN, UK",07506 258851,https://exploresouthwales.com/eat/the-ivy-bush/
Wales,Pontardawe,Kingsway Launderette,"79,80 The Kingsway, Swansea SA1 5JE, UK",01792 653333,http://kingswaylaunderette.co.uk/
Wales,Pontardawe,Ritchies Laundry Services,"Ritchies laundry service, Loughor, Swansea SA4 6PG, UK",01792 897594,
Wales,Pontardawe,Whirlpool Launderette Ltd,"96 Talbot Rd, Port Talbot SA13 1LB, UK",01639 884889,
Wales,Welshpool,Launderette,"46 High St, Welshpool SY21 7JQ, UK",,
Wales,Welshpool,Revolution Laundry,"Wm Morrison Supermarkets, Berriew St, Welshpool SY21 7SQ, UK",,https://stores.revolution-laundry.com/en-uk/?utm_source=google&utm_medium=directory&utm_campaign=local_visibility&utm_content=google_maps
Wales,Llandrindod Wells,Crystal Clean,"Tremont Park, Llandrindod Wells LD1 5BA, UK",07775 851718,https://helping-our-homeless-wales.ueniweb.com/?utm_campaign=gmb
Wales,Treherbert,A Helping Hand,"5 Stuart St, Treherbert, Treorchy CF42 5PR, UK",07486 321164,http://www.a-helping-hand.com/
Wales,Treherbert,Treorchy Launderette,"123 Bute St, Treorchy CF42 6AY, UK",01443 775363,https://facebook.com/treorchy.laundrette/
Wales,Treherbert,Speedy Ironing,"5 Gwendoline St, Tynewydd, Treorchy CF42 5BW, UK",07920 093688,
Wales,Treherbert,Revolution Laundry,"Ynyswen Industrial Estate, Ynyswen Rd, Treorchy CF42 6EP, UK",,https://stores.revolution-laundry.com/en-uk/?utm_source=google&utm_medium=directory&utm_campaign=local_visibility&utm_content=google_maps
Wales,Treherbert,THE BEAUTY PARLOUR BY AMANDA,"15 Station St, Treherbert, Treorchy CF42 5HT, UK",07920 095466,http://www.beautyparlourbyamanda.co.uk/
Wales,Treherbert,Ambience,"150 Bute St, Treherbert, Treorchy CF42 5PE, UK",01443 771201,
Wales,Treherbert,pontygwaith launderette,"109 Llewellyn St, Pontygwaith, Ferndale CF43 3LD, UK",01443 730517,
Wales,Treherbert,The Wash Shop,"65C Brook St, Tonypandy CF40 1RE, UK",01443 439277,http://www.thewashshoptonypandy.co.uk/
Wales,Llantwit Major,Revolution Laundry,"Filco Supermarket, 19 Boverton Rd, Llantwit Major CF61 1XZ, UK",,https://stores.revolution-laundry.com/en-uk/?utm_source=google&utm_medium=directory&utm_campaign=local_visibility&utm_content=google_maps
Wales,Llangefni,Revolution Laundry,"Siop Ellis, Church St, Llangefni LL77 7DU, UK",,https://stores.revolution-laundry.com/en-uk/?utm_source=google&utm_medium=directory&utm_campaign=local_visibility&utm_content=google_maps
Wales,Brynmawr,The Ironing Centre,"101 Bailey St, Brynmawr, Ebbw Vale NP23 4DN, UK",07593 191511,
Wales,Abercarn,Clean'd ltd,"Unit 1 block G, penmaen ind est, Pontllanfraith, Blackwood NP12 2DQ, UK",07756 285451,http://www.clean-d.co.uk/
Wales,Abercarn,White City Launderette,"Newport Rd, Trethomas, Caerphilly CF83 8BY, UK",029 2088 4260,https://www.facebook.com/whitecitylaundry/
Wales,Abercarn,Michelle’s Laundry Box Ltd,"55 Mill Rd, Caerphilly CF83 3FD, UK",029 2086 2123,https://www.facebook.com/lboxltd/
Wales,Abercarn,High Street Launderette,"64A High St, Blaina, Abertillery NP13 3AE, UK",07533 933579,
Wales,Abercarn,Quick Fix Laundry,"117 Stow Hill, Newport NP20 4ED, UK",07350 699271,http://www.7daylaundry.com/
Wales,Abercarn,Stow Hill Launderette,"117 Stow Hill, Newport NP20 4ED, UK",01633 547120,
Wales,Abercarn,Ystrad Mynach Dry Cleaning,"18 Penallta Rd, Ystrad Mynach, Hengoed CF82 7AP, UK",01443 812751,https://ystradmynachdrycleaning.co.uk/
Wales,Abercarn,Treforest Launderette,"64 Park St, Treforest, Pontypridd CF37 1SN, UK",01443 401427,
Wales,Treharris,Abercynon Launderette,"30 Margaret St, Abercynon, Mountain Ash CF45 4RB, UK",07967 707643,
Wales,Treharris,Squeeky Clean (Wales) Ltd,"8 Beechcroft, Trelewis, Treharris CF46 6BP, UK",07969 087772,
Wales,Treharris,The fresh press laundrette,"Unit 7, paisley park, Pant Industrial Estate, Dowlais, Merthyr Tydfil CF48 2AX, UK",01685 481463,
Wales,Treharris,Treforest Launderette,"64 Park St, Treforest, Pontypridd CF37 1SN, UK",01443 401427,
Wales,Treharris,The Wash Shop,"65C Brook St, Tonypandy CF40 1RE, UK",01443 439277,http://www.thewashshoptonypandy.co.uk/
Wales,Treharris,pontygwaith launderette,"109 Llewellyn St, Pontygwaith, Ferndale CF43 3LD, UK",01443 730517,
Wales,Treharris,Merthyr Dry Cleaners,"15-16 Brecon Rd, Merthyr Tydfil CF47 8NL, UK",01685 383820,
Wales,Treharris,Poppy's Launderette,"38 Castle St, Tredegar NP22 3DQ, UK",01495 717786,
Wales,Treharris,Treorchy Launderette,"123 Bute St, Treorchy CF42 6AY, UK",01443 775363,https://facebook.com/treorchy.laundrette/
Wales,Rhymney,"""Helping Hands""","75 High St, Rhymney, Tredegar NP22 5NB, UK",01685 844888,http://www.helpinghands-rhymney.co.uk/
Wales,Rhymney,Rhymney Print Services,"The Lawns Industrial Estate, Rhymney, Rhymney, Tredegar NP22 5PW, UK",01685 841321,http://www.rhymneyprintservices.co.uk/
Wales,Rhymney,Rhymney Convenience Store Limited,"Jerusalem St, Rhymney, Tredegar NP22 5JB, UK",,
Wales,Rhymney,Well Pharmacy,"Rhymney, Integrated Resource Centre, Rhymney, Tredegar NP22 5PW, UK",01685 840283,https://finder.well.co.uk/store/rhymney-integrated-resource-centre
Wales,Rhymney,Gulf,"7 Victoria Rd, Rhymney, Tredegar NP22 5NU, UK",01685 842145,
Wales,Rhymney,Amazon Counter - Collect+ Family Shopper,"35 High St, Rhymney, Tredegar NP22 5LP, UK",,https://www.amazon.co.uk/ulp/add-ap-to-address-book?countryCode=GB&accessPointId=11b9c7ad-d371-4275-bec9-f615dbe5e305&ref_=hubm_gb_gm_coutr_11b9c7ad-d371-4275-bec9-f615dbe5e305
Wales,Rhymney,Clean'd ltd,"Unit 1 block G, penmaen ind est, Pontllanfraith, Blackwood NP12 2DQ, UK",07756 285451,http://www.clean-d.co.uk/
Wales,Rhymney,Yummies Kebab & Pizza,"23B Upper High St, Rhymney, Tredegar NP22 5BS, UK",01685 840463,https://yummieskebabandpizza.com/storemenu
Wales,Rhymney,White City Launderette,"Newport Rd, Trethomas, Caerphilly CF83 8BY, UK",029 2088 4260,https://www.facebook.com/whitecitylaundry/
Wales,Rhymney,The Ironing Centre,"101 Bailey St, Brynmawr, Ebbw Vale NP23 4DN, UK",07593 191511,
Wales,Rhymney,DPD Pickup Parcelshop,"100a Ty-Coch, Rhymney, Tredegar NP22 5DJ, UK",0121 275 0500,http://www.dpd.co.uk/pickup
Wales,Rhymney,Michelle’s Laundry Box Ltd,"55 Mill Rd, Caerphilly CF83 3FD, UK",029 2086 2123,https://www.facebook.com/lboxltd/
Wales,Burry Port,Britewash Launderette Burry Port,"58 Station Rd, Burry Port SA16 0LW, UK",07971 756721,
Wales,Gresford,Borras Launderette,"32 Borras Park Rd, Wrexham LL12 7TH, UK",01978 351768,http://www.borrasdrycleaners.com/
Wales,Gresford,Robinsons Mrs,"Launderette, Glan-Llyn Rd, Bradley, Wrexham LL11 4BB, UK",01978 750180,
Wales,Gresford,Borras Laundry & Linen,"Unit 1, Pandy Business Park, Pandy, Gresford, Wrexham LL11 2UD, UK",01978 664724,https://www.borraslaundryandlinen.co.uk/
Wales,Gresford,Dolly Tub,"Dolly Tub Launderette, 50 Pen-Y-Bryn, Wrexham LL13 7HY, UK",01978 353963,http://dolly-tub.co.uk/
Wales,Gresford,Bizzy Bees Launderette,"Unit 5 Queensway, Complex, Wrexham LL13 8UH, UK",01978 421359,https://www.facebook.com/pg/bizzybeeslaundrette/about/?ref=page_internal
Wales,Gresford,Revolution Laundry,"Brooklands Service Station, 194 Holt Rd, Wrexham LL13 9EB, UK",,https://stores.revolution-laundry.com/en-uk/?utm_source=google&utm_medium=directory&utm_campaign=local_visibility&utm_content=google_maps
Wales,Gresford,Borras Bridal - Wedding Dress Cleaning,"Unit 1, Pandy Business Park, Pandy, Gresford, Wrexham LL11 2UD, UK",,https://www.borrasbridal.co.uk/
Wales,Gresford,Rhosddu Dry Cleaners,"24 Rhosddu Rd, Wrexham LL11 2NS, UK",01978 291169,
Wales,Gresford,Diana's Ironing service,"Primrose Way, Wrexham LL11 2AT, UK",07843 018997,https://www.dianasironing.com/
Wales,Gresford,Ronor Launderette,"Maelor Rd, Johnstown, Wrexham LL14 1NB, UK",01978 840604,
Wales,Coedpoeth,Super Suds Launderette,"38 High St, Coedpoeth, Wrexham LL11 3SB, UK",01978 541145,
Wales,Mynydd Isa,Posh Wosh,"5, Cambrian Business Park, Queen's Ln, Mold CH7 1NJ, UK",01352 754389,
Wales,Mynydd Isa,Pink Daisy Garment Care,"10 Mold Rd, Buckley CH7 2JB, UK",01244 726710,http://www.pinkdaisygarmentcare.com/
Wales,Mynydd Isa,Orchid Laundry & Dry Cleaning Services,"5, Cambrian Business Park, Queen's Ln, Mold CH7 1NJ, UK",07910 684418,https://orchidlaundry.co.uk/
Wales,Mynydd Isa,Dolly Tub,"Dolly Tub Launderette, 50 Pen-Y-Bryn, Wrexham LL13 7HY, UK",01978 353963,http://dolly-tub.co.uk/
Wales,Llay,Robinsons Mrs,"Launderette, Glan-Llyn Rd, Bradley, Wrexham LL11 4BB, UK",01978 750180,
Wales,Llay,The Pocket Laundry,"Elwy House, 15 King St, Wrexham LL11 1HF, UK",07767 183455,
Wales,Llay,Dolly Tub,"Dolly Tub Launderette, 50 Pen-Y-Bryn, Wrexham LL13 7HY, UK",01978 353963,http://dolly-tub.co.uk/
Wales,Llay,Borras Laundry & Linen,"Unit 1, Pandy Business Park, Pandy, Gresford, Wrexham LL11 2UD, UK",01978 664724,https://www.borraslaundryandlinen.co.uk/
Wales,Llay,Borras Launderette,"32 Borras Park Rd, Wrexham LL12 7TH, UK",01978 351768,http://www.borrasdrycleaners.com/
Wales,Llay,Johnsons Stalbridge Linen Service,"Llay, Wrexham LL12 0TU, UK",01978 859070,http://www.stalbridge-linen.com/
Wales,Llay,Borras Bridal - Wedding Dress Cleaning,"Unit 1, Pandy Business Park, Pandy, Gresford, Wrexham LL11 2UD, UK",,https://www.borrasbridal.co.uk/
Wales,Llay,Ronor Launderette,"Maelor Rd, Johnstown, Wrexham LL14 1NB, UK",01978 840604,
Wales,Llay,Rhosddu Dry Cleaners,"24 Rhosddu Rd, Wrexham LL11 2NS, UK",01978 291169,
Wales,Loughor,Gorseinon launderette,"46 High St, Gorseinon, Swansea SA4 4BT, UK",07883 005484,
Wales,Loughor,Ritchies Laundry Services,"Ritchies laundry service, Loughor, Swansea SA4 6PG, UK",01792 897594,
Wales,Loughor,Revolution Laundry,"Glebe Rd, Loughor, Swansea SA4 6SR, UK",,https://stores.revolution-laundry.com/en-uk/?utm_source=google&utm_medium=directory&utm_campaign=local_visibility&utm_content=google_maps
Wales,Loughor,Gowerton Laundry,"3 Gorwydd Rd, Gowerton, Swansea SA4 3AG, UK",01792 875182,
Wales,Loughor,Waterside Laundry,"448 Gower Rd, Killay, Swansea SA2 7AL, UK",07855 928436,
Wales,Loughor,R L Services,"1A Bryn Rd, Loughor, Swansea SA4 6PG, UK",,
Wales,Ynysybwl,Treforest Launderette,"64 Park St, Treforest, Pontypridd CF37 1SN, UK",01443 401427,
Wales,Ynysybwl,pontygwaith launderette,"109 Llewellyn St, Pontygwaith, Ferndale CF43 3LD, UK",01443 730517,
Wales,Ynysybwl,Abercynon Launderette,"30 Margaret St, Abercynon, Mountain Ash CF45 4RB, UK",07967 707643,
Wales,Ynysybwl,Hunters Cleaning Services,"19 Cyncoed, Ynysybwl, Pontypridd CF37 3PL, UK",07399 791032,https://www.facebook.com/hunterscleaningservices/
Wales,Ynysybwl,Beverley Lewis Ironing Services,"22 Lanelay Terrace, Maesycoed, Pontypridd CF37 1ER, UK",07718 077899,
Wales,Ynysybwl,The Wash Shop,"65C Brook St, Tonypandy CF40 1RE, UK",01443 439277,http://www.thewashshoptonypandy.co.uk/
Wales,Ynysybwl,Sarah's ironing service & S&F cleaning services,"30 High St, Graig, Pontypridd CF37 1QX, UK",07818 749312,
Wales,Ynysybwl,Clean'd ltd,"Unit 1 block G, penmaen ind est, Pontllanfraith, Blackwood NP12 2DQ, UK",07756 285451,http://www.clean-d.co.uk/
Wales,Ynysybwl,Treorchy Launderette,"123 Bute St, Treorchy CF42 6AY, UK",01443 775363,https://facebook.com/treorchy.laundrette/
Wales,Blaina,High Street Launderette,"64A High St, Blaina, Abertillery NP13 3AE, UK",07533 933579,
Wales,Nantyglo,LAUNDERETTE REVOLUTION,"R & B FOOD & WINE, Waen Fawr, Nantyglo, WINCHESTOWN NP23 4BB, UK",0800 035 6600,https://stores.revolution-laundry.com/en-uk/england-gbr/winchestown/laverie-revolution-laundry-5126089897521840000
Wales,Nantyglo,The Ironing Centre,"101 Bailey St, Brynmawr, Ebbw Vale NP23 4DN, UK",07593 191511,
Wales,Nantyglo,High Street Launderette,"64A High St, Blaina, Abertillery NP13 3AE, UK",07533 933579,
Wales,Cwmafan (Cwmavon),Washed 4U Launderette,"41 Heol-Jiwbili, Cwmafon, Port Talbot SA12 9NR, UK",07928 605620,
Wales,Cwmafan (Cwmavon),Whirlpool Launderette Ltd,"96 Talbot Rd, Port Talbot SA13 1LB, UK",01639 884889,
Wales,Hope,Dolly Tub,"Dolly Tub Launderette, 50 Pen-Y-Bryn, Wrexham LL13 7HY, UK",01978 353963,http://dolly-tub.co.uk/
Wales,Hope,The Pocket Laundry,"Elwy House, 15 King St, Wrexham LL11 1HF, UK",07767 183455,
Wales,Hope,Robinsons Mrs,"Launderette, Glan-Llyn Rd, Bradley, Wrexham LL11 4BB, UK",01978 750180,
Wales,Hope,Borras Launderette,"32 Borras Park Rd, Wrexham LL12 7TH, UK",01978 351768,http://www.borrasdrycleaners.com/
Wales,Hope,Ronor Launderette,"Maelor Rd, Johnstown, Wrexham LL14 1NB, UK",01978 840604,
Wales,Hope,Posh Wosh,"5, Cambrian Business Park, Queen's Ln, Mold CH7 1NJ, UK",01352 754389,
Wales,Hope,Borras Laundry & Linen,"Unit 1, Pandy Business Park, Pandy, Gresford, Wrexham LL11 2UD, UK",01978 664724,https://www.borraslaundryandlinen.co.uk/
Wales,Hope,The Laundry Hub,"25 Chester St, Saltney, Chester CH4 8BL, UK",07946 620072,https://www.thelaundryhub.co/
Wales,Hope,Rhosddu Dry Cleaners,"24 Rhosddu Rd, Wrexham LL11 2NS, UK",01978 291169,
Wales,Aberbargoed,Clean'd ltd,"Unit 1 block G, penmaen ind est, Pontllanfraith, Blackwood NP12 2DQ, UK",07756 285451,http://www.clean-d.co.uk/
Wales,Aberbargoed,White City Launderette,"Newport Rd, Trethomas, Caerphilly CF83 8BY, UK",029 2088 4260,https://www.facebook.com/whitecitylaundry/
Wales,Aberbargoed,Michelle’s Laundry Box Ltd,"55 Mill Rd, Caerphilly CF83 3FD, UK",029 2086 2123,https://www.facebook.com/lboxltd/
Wales,Aberbargoed,Ystrad Mynach Dry Cleaning,"18 Penallta Rd, Ystrad Mynach, Hengoed CF82 7AP, UK",01443 812751,https://ystradmynachdrycleaning.co.uk/
Wales,Aberbargoed,pontygwaith launderette,"109 Llewellyn St, Pontygwaith, Ferndale CF43 3LD, UK",01443 730517,
Wales,Aberbargoed,High Street Launderette,"64A High St, Blaina, Abertillery NP13 3AE, UK",07533 933579,
Wales,Aberbargoed,Treforest Launderette,"64 Park St, Treforest, Pontypridd CF37 1SN, UK",01443 401427,
Wales,Aberbargoed,The Wash Shop,"65C Brook St, Tonypandy CF40 1RE, UK",01443 439277,http://www.thewashshoptonypandy.co.uk/
Wales,Ferndale,pontygwaith launderette,"109 Llewellyn St, Pontygwaith, Ferndale CF43 3LD, UK",01443 730517,
Wales,Llangennech,Ironing 4 U,"Unit 3 rear of, Maes Rd, Llangennech, Llanelli SA14 8UG, UK",01554 741880,http://www.ironing4ullanelli.com/
Wales,Llangennech,Revolution Laundry,"Vst Forecourts, Gelli Rd, Llanelli SA14 9AD, UK",,https://stores.revolution-laundry.com/en-uk/?utm_source=google&utm_medium=directory&utm_campaign=local_visibility&utm_content=google_maps
Wales,Llangennech,Ritchies Laundry Services,"Ritchies laundry service, Loughor, Swansea SA4 6PG, UK",01792 897594,
Wales,Llangennech,Crosshands laundry,"30 Llandeilo Rd, Cross Hands, Llanelli SA14 6NA, UK",01269 842223,https://en-gb.facebook.com/pages/category/Laundromat/Cross-Hands-Laundry-823563994478865/
Wales,Llangennech,The Bridge,"1 Bridge St, Llangennech, Llanelli SA14 8TW, UK",01554 821301,http://thebridgellangennech.co.uk/
Wales,Llangennech,Finishing Touches Cleaning Ltd,"Unit E, Bynea Ind Est, Heol-Y-bwlch, Bynea, Llanelli SA14 9TQ, UK",01554 776777,http://www.ftcleaningwales.co.uk/
Wales,Llangennech,Hardpressed,"44 St Teilo St, Pontarddulais, Swansea SA4 8SZ, UK",01792 885308,
Wales,Llangennech,Waterside Laundry,"448 Gower Rd, Killay, Swansea SA2 7AL, UK",07855 928436,
Wales,Llangennech,Brynmill Launderette,"121 Rhyddings Terrace, Brynmill, Swansea SA2 0DS, UK",01792 448721,https://www.brynmilllaunderette.co.uk/
Wales,Llangennech,Pontiets Laundry,"172 Heol Y Meinciau, Pont-iets, Llanelli SA15 5SN, UK",07980 822281,
Wales,Llangennech,Lindys Launderette,"44 Thomas St, Llanelli SA15 3JA, UK",01554 758645,
Wales,Llangennech,Revolution Laundry,"Glebe Rd, Loughor, Swansea SA4 6SR, UK",,https://stores.revolution-laundry.com/en-uk/?utm_source=google&utm_medium=directory&utm_campaign=local_visibility&utm_content=google_maps
Wales,Llangennech,R L Services,"1A Bryn Rd, Loughor, Swansea SA4 6PG, UK",,
Wales,Nelson,Squeeky Clean (Wales) Ltd,"8 Beechcroft, Trelewis, Treharris CF46 6BP, UK",07969 087772,
Wales,Nelson,Michelle’s Laundry Box Ltd,"55 Mill Rd, Caerphilly CF83 3FD, UK",029 2086 2123,https://www.facebook.com/lboxltd/
Wales,Nelson,White City Launderette,"Newport Rd, Trethomas, Caerphilly CF83 8BY, UK",029 2088 4260,https://www.facebook.com/whitecitylaundry/
Wales,Nelson,Ystrad Mynach Dry Cleaning,"18 Penallta Rd, Ystrad Mynach, Hengoed CF82 7AP, UK",01443 812751,https://ystradmynachdrycleaning.co.uk/
Wales,Nelson,Clean'd ltd,"Unit 1 block G, penmaen ind est, Pontllanfraith, Blackwood NP12 2DQ, UK",07756 285451,http://www.clean-d.co.uk/
Wales,Nelson,Penny's laundry,"Unit b Shop Row, Tredegar NP22 4LB, UK",07534 247304,
Wales,Nelson,Handyskips,"Tydu Farm/Tydu Rd, Nelson, Treharris CF46 6PH, UK",01443 450314,https://handyskips.co.uk/
Wales,Nelson,Sheercare cleaning ltd,"69 -71 Chapel House Rd, Nelson BB9 9DL, UK",01282 866984,
Wales,Nelson,Lomeshaye Laundrette,"134 Manchester Rd, Nelson BB9 7AH, UK",07961 032732,
Wales,Nelson,Parkfield Launderette,"Chapel House Rd, Nelson BB9 9DL, UK",01282 717761,
Wales,Nelson,Nelson Drycleaning,"49 Scotland Rd, Nelson BB9 7UY, UK",01282 602032,
Wales,Nelson,Quick Fix Laundry,"117 Stow Hill, Newport NP20 4ED, UK",07350 699271,http://www.7daylaundry.com/
Wales,Nelson,The Caring Laundry,"18 Heol Trelales, Trelales, Bridgend CF32 0HW, UK",01656 768222,http://caringlaundry.co.uk/
Wales,Nelson,Stow Hill Launderette,"117 Stow Hill, Newport NP20 4ED, UK",01633 547120,
Wales,Llantrisant,Classic Cleaners,"5 Talbot Rd, Talbot Green, Pontyclun CF72 8AD, UK",01443 224683,http://www.classicdrycleaning.co.uk/
Wales,Llantrisant,Timpson,"Green Park, Talbot Green, Pontyclun CF72 8RB, UK",01443 222985,https://www.timpson.co.uk/stores/Llantrisant-Tesco-Talbot-Green
Wales,Llantrisant,Treforest Launderette,"64 Park St, Treforest, Pontypridd CF37 1SN, UK",01443 401427,
Wales,Llantrisant,Timpson,"Heol Y Pant, Talbot Green, Pontyclun CF72 8FN, UK",01443 547949,https://www.timpson.co.uk/stores/talbot-green-sainsburys
Wales,Llantrisant,The Wash Shop,"65C Brook St, Tonypandy CF40 1RE, UK",01443 439277,http://www.thewashshoptonypandy.co.uk/
Wales,Llantrisant,pontygwaith launderette,"109 Llewellyn St, Pontygwaith, Ferndale CF43 3LD, UK",01443 730517,
Wales,Llantrisant,Tesco Extra,"Green Park, Talbot Green, Pontyclun CF72 8RB, UK",0345 677 9802,https://www.tesco.com/store-locator/pontyclun/green-park?sc_cmp=ref*yg*stc*2799&utm_source=yext_google&utm_campaign=local_Extra_Wales&utm_medium=organic
Wales,Llantrisant,Canton Launderette,"Canton Launderette, Canton Launderette, 244 Cowbridge Rd E, Cardiff CF5 1GZ, UK",029 2041 1111,https://www.canton-launderette.co.uk/
Wales,Llantrisant,"Cardiff Perfections Launderette, Dry Cleaning and Alterations","75 Broadway, Cardiff CF24 1QE, UK",029 2169 0360,http://www.cardifflaunderette.com/
Wales,Llantrisant,The Caring Laundry,"18 Heol Trelales, Trelales, Bridgend CF32 0HW, UK",01656 768222,http://caringlaundry.co.uk/
Wales,Llantrisant,Cardiff Launderette 1,"383 Cowbridge Rd E, Cardiff CF5 1JG, UK",029 2132 2620,https://cardiff-launderette.co.uk/
Wales,Penrhyn Bay,Rhos Launderette,"21 Rhos Rd, Rhôs-on-Sea, Rhos on Sea, Colwyn Bay LL28 4RS, UK",07502 068636,https://rhoslaunderette.co.uk/
Wales,Penrhyn Bay,Bubbles Launderette,"25 Brookes St, Llandudno LL30 2TT, UK",01492 871742,https://bubbles.wales/
Wales,Penrhyn Bay,Junction Laundry Service,"161 Conway Rd, Conwy, Llandudno Junction LL31 9EG, UK",01492 592555,
Wales,Penrhyn Bay,Cloud Laundry,"34 Madoc St, Llandudno LL30 2TL, UK",07940 443663,https://www.facebook.com/people/cloud-laundry-ltd/61576740623021/
Wales,Penrhyn Bay,"Craig y Don Laundrette, Llandudno","21 Clarence Rd, Llandudno LL30 1TA, UK",07787 180183,https://bandbinllandudno.co.uk/business/craig-y-don-laundrette-llandudno/
Wales,Penrhyn Bay,MINW Laundry House,"150 Conway Rd, Llandudno Junction LL31 9DU, UK",01492 593924,https://www.maidinnorthwales.com/copy-of-home
Wales,Penrhyn Bay,The Laundry Basket,"341 Abergele Rd, Old Colwyn, Colwyn Bay LL29 9PG, UK",01492 517884,http://www.colwynlaundrybasket.co.uk/
Wales,Penrhyn Bay,Posh Wash Launderette,"131 Abergele Rd, Colwyn Bay LL29 7SL, UK",07344 332641,https://colwynbay.info/business/posh-wash-launderette/
Wales,Tenby,Washeteria,"Lower Frog St, Tenby SA70 7JB, UK",,
Wales,Tenby,Washeteria,"19 Heywood Ln, Tenby SA70 8EY, UK",,
Wales,Tumble,Crosshands laundry,"30 Llandeilo Rd, Cross Hands, Llanelli SA14 6NA, UK",01269 842223,https://en-gb.facebook.com/pages/category/Laundromat/Cross-Hands-Laundry-823563994478865/
Wales,Tumble,Pontiets Laundry,"172 Heol Y Meinciau, Pont-iets, Llanelli SA15 5SN, UK",07980 822281,
Wales,Tumble,Lindys Launderette,"44 Thomas St, Llanelli SA15 3JA, UK",01554 758645,
Wales,Tumble,Hardpressed,"44 St Teilo St, Pontarddulais, Swansea SA4 8SZ, UK",01792 885308,
Wales,Tumble,Gowerton Laundry,"3 Gorwydd Rd, Gowerton, Swansea SA4 3AG, UK",01792 875182,
Wales,Tumble,West wales Laundry,"Unit 12a, Parc, Gwynfryn, Crymych SA41 3RQ, UK",01239 562563,
Wales,Tumble,Treforys Laundry Centre,"13 Woodfield St, Morriston, Swansea SA6 8AQ, UK",01792 931461,
Wales,Ystradgynlais,Wash.Me Laundry Machines,"45 Heol Eglwys, Ystradgynlais, Swansea SA9 1EY, UK",,
Wales,Ystradgynlais,Gurnos Launderette,"2, Palleg Place, Cwmphil Rd, Cwm-twrch Isaf, Swansea SA9 1DG, UK",07936 848105,
Wales,Chirk,A1 Iron Maid,"4 Walden Cres, Chirk, Wrexham LL14 5LH, UK",01691 773521,
Wales,Chirk,Bizzy Bees Launderette,"Unit 5 Queensway, Complex, Wrexham LL13 8UH, UK",01978 421359,https://www.facebook.com/pg/bizzybeeslaundrette/about/?ref=page_internal
Wales,Chirk,The Pocket Laundry,"Elwy House, 15 King St, Wrexham LL11 1HF, UK",07767 183455,
Wales,Chirk,Dolly Tub,"Dolly Tub Launderette, 50 Pen-Y-Bryn, Wrexham LL13 7HY, UK",01978 353963,http://dolly-tub.co.uk/
Wales,Chirk,Ronor Launderette,"Maelor Rd, Johnstown, Wrexham LL14 1NB, UK",01978 840604,
Wales,Chirk,Robinsons Mrs,"Launderette, Glan-Llyn Rd, Bradley, Wrexham LL11 4BB, UK",01978 750180,
Wales,Glynneath,Revolution Laundry,"The Lamb And Flag Pub, 1 Wellfield Pl, Glynneath, Neath SA11 5ER, UK",0800 208 1299,https://www.thelaundryrevolution.co.uk/find-a-machine
Wales,Glynneath,Glynneath laundry services,"The old hall, Pentre St, Glynneath, Neath SA11 5HA, UK",,
Wales,Glanamman,Bubbles Launderette,"76 Wind St, Ammanford SA18 3DR, UK",01269 847435,https://www.facebook.com/bubblesammanford/
Wales,Glanamman,Glanamman tyres & auto service,"Cwmamman Rd, Glanaman, Ammanford SA18 2AN, UK",07888 528115,
Wales,Glanamman,Teilo Laundry,"41 New Rd, Llandeilo SA19 6DF, UK",01558 824406,
Wales,Glanamman,Amman Valley Hospital,"Foland Road, Glanaman, Ammanford SA18 2BQ, UK",01269 822226,https://hduhb.nhs.wales/healthcare/hospitals-and-centres/community-hospitals/amman-valley-hospital/
Wales,Glanamman,Aurel’s Car Wash Ammanford,"Penybanc Rd, Ammanford SA18 3RB, UK",07537 916819,
Wales,Glanamman,Hardpressed,"44 St Teilo St, Pontarddulais, Swansea SA4 8SZ, UK",01792 885308,
Wales,Penyffordd,Fresh Linen,"Mile Farm, Chester Rd, Dobshill, Buckley CH5 3LZ, UK",07865 056366,
Wales,Penyffordd,The Millstone,"Hawarden Rd, Penyffordd, Chester CH4 0JE, UK",01244 950678,http://www.millstonepenyffordd.co.uk/
Wales,Penyffordd,Pink Daisy Garment Care,"10 Mold Rd, Buckley CH7 2JB, UK",01244 726710,http://www.pinkdaisygarmentcare.com/
Wales,Penyffordd,Dolly Tub,"Dolly Tub Launderette, 50 Pen-Y-Bryn, Wrexham LL13 7HY, UK",01978 353963,http://dolly-tub.co.uk/
Wales,Penyffordd,Fresh Laundry,"10 Charles St, Hoole, Chester CH2 3AZ, UK",07367 280120,http://fresh-laundry.co.uk/
Wales,Penyffordd,Posh Wosh,"5, Cambrian Business Park, Queen's Ln, Mold CH7 1NJ, UK",01352 754389,
Wales,Penyffordd,Evergreen Dry Cleaners,"86 High St, Connah's Quay, Deeside CH5 4DD, UK",01244 812524,http://www.evergreendrycleaners.co.uk/
Wales,Penyffordd,Tents & Events,"Clawdd Offa Farm, Wrexham Road, Pen-y-ffordd CH4 0HT, UK",01978 761717,http://www.tents-and-events.co.uk/
Wales,Penyffordd,Monogram,"93 Dicksons Dr, Newton, Chester CH2 2BT, UK",01244 380216,http://www.monogramchester.com/
Wales,Penyffordd,The Launderette,"56 Garden Ln, Cheshire, Chester CH1 4EW, UK",01244 380014,http://www.launderettechester.co.uk/
Wales,Rhuddlan,Iron & Shine,"Unit 16, HTM Business Park, Rhuddlan, Rhyl LL18 5UZ, UK",07391 150831,https://ironandshine.site/
Wales,Rhuddlan,Timpson,"Rhyl Rd, Rhuddlan, Rhyl LL18 2TJ, UK",01745 343303,https://www.timpson.co.uk/stores/Rhyl-Rhuddlan-Sainsburys
Wales,Rhuddlan,Monarch,"31-33 Meliden Rd, Prestatyn LL19 9SD, UK",01745 854285,http://www.laundryservicesinwales.co.uk/
Wales,Penpedairheol,Clean'd ltd,"Unit 1 block G, penmaen ind est, Pontllanfraith, Blackwood NP12 2DQ, UK",07756 285451,http://www.clean-d.co.uk/
Wales,Penpedairheol,Ystrad Mynach Dry Cleaning,"18 Penallta Rd, Ystrad Mynach, Hengoed CF82 7AP, UK",01443 812751,https://ystradmynachdrycleaning.co.uk/
Wales,Penpedairheol,Michelle’s Laundry Box Ltd,"55 Mill Rd, Caerphilly CF83 3FD, UK",029 2086 2123,https://www.facebook.com/lboxltd/
Wales,Penpedairheol,White City Launderette,"Newport Rd, Trethomas, Caerphilly CF83 8BY, UK",029 2088 4260,https://www.facebook.com/whitecitylaundry/
Wales,Penpedairheol,Penny's laundry,"Unit b Shop Row, Tredegar NP22 4LB, UK",07534 247304,
Wales,Troed-y-rhiw and Pentrebach,The fresh press laundrette,"Unit 7, paisley park, Pant Industrial Estate, Dowlais, Merthyr Tydfil CF48 2AX, UK",01685 481463,
Wales,Troed-y-rhiw and Pentrebach,Rhi's Delicates laundry and ironing service,"29 King St, Pant, Merthyr Tydfil CF48 2AF, UK",07350 699271,http://www.rhisdelicates.co.uk/
Wales,Troed-y-rhiw and Pentrebach,Merthyr Dry Cleaners,"15-16 Brecon Rd, Merthyr Tydfil CF47 8NL, UK",01685 383820,
Wales,Troed-y-rhiw and Pentrebach,Tangled,"50 Bridge St, Troedyrhiw, Merthyr Tydfil CF48 4DX, UK",,
Wales,Troed-y-rhiw and Pentrebach,pontygwaith launderette,"109 Llewellyn St, Pontygwaith, Ferndale CF43 3LD, UK",01443 730517,
Wales,Troed-y-rhiw and Pentrebach,Treorchy Launderette,"123 Bute St, Treorchy CF42 6AY, UK",01443 775363,https://facebook.com/treorchy.laundrette/
Wales,Troed-y-rhiw and Pentrebach,Twyn Community Hub,"The Hall, Glasier Rd, Merthyr Tydfil CF47 0TD, UK",01685 709430,https://twyncommunityhub.co.uk/
Wales,Troed-y-rhiw and Pentrebach,Poppy's Launderette,"38 Castle St, Tredegar NP22 3DQ, UK",01495 717786,
Wales,Troed-y-rhiw and Pentrebach,The Wash Shop,"65C Brook St, Tonypandy CF40 1RE, UK",01443 439277,http://www.thewashshoptonypandy.co.uk/
Wales,Troed-y-rhiw and Pentrebach,Treforest Launderette,"64 Park St, Treforest, Pontypridd CF37 1SN, UK",01443 401427,
Wales,Cardigan,Cardi Laundrette,"37 North Rd, Cardigan SA43 1LS, UK",,
Wales,Llanbradach,Michelle’s Laundry Box Ltd,"55 Mill Rd, Caerphilly CF83 3FD, UK",029 2086 2123,https://www.facebook.com/lboxltd/
Wales,Llanbradach,White City Launderette,"Newport Rd, Trethomas, Caerphilly CF83 8BY, UK",029 2088 4260,https://www.facebook.com/whitecitylaundry/
Wales,Llanbradach,Revolution Laundry,"Castle Court Shopping Centre, Castle St, Caerphilly CF83 1NU, UK",,https://stores.revolution-laundry.com/en-uk/?utm_source=google&utm_medium=directory&utm_campaign=local_visibility&utm_content=google_maps
Wales,Llanbradach,Ystrad Mynach Dry Cleaning,"18 Penallta Rd, Ystrad Mynach, Hengoed CF82 7AP, UK",01443 812751,https://ystradmynachdrycleaning.co.uk/
Wales,Llanbradach,Timpson,"Pontygwindy Rd, Caerphilly CF83 3SX, UK",029 2280 9181,https://www.timpson.co.uk/stores/caerphilly-morrisons
Wales,Llanbradach,Treforest Launderette,"64 Park St, Treforest, Pontypridd CF37 1SN, UK",01443 401427,
Wales,Bethesda,Golchi Ffrydlas Launderette,"Bethesda, Bangor LL57 3AY, UK",,
Wales,Llanharry,Classic Cleaners,"5 Talbot Rd, Talbot Green, Pontyclun CF72 8AD, UK",01443 224683,http://www.classicdrycleaning.co.uk/
Wales,Llanharry,The Wash Shop,"65C Brook St, Tonypandy CF40 1RE, UK",01443 439277,http://www.thewashshoptonypandy.co.uk/
Wales,Llanharry,Treforest Launderette,"64 Park St, Treforest, Pontypridd CF37 1SN, UK",01443 401427,
Wales,Llanharry,Penylan Launderette,"29 Pen-Y-Lan Rd, Cardiff CF24 3PG, UK",029 2049 1912,
Wales,Llanharry,pontygwaith launderette,"109 Llewellyn St, Pontygwaith, Ferndale CF43 3LD, UK",01443 730517,
Wales,Llanharry,Canton Launderette,"Canton Launderette, Canton Launderette, 244 Cowbridge Rd E, Cardiff CF5 1GZ, UK",029 2041 1111,https://www.canton-launderette.co.uk/
Wales,Llanharry,Drift-In Launderette & Dry Cleaners,"104 Salisbury Rd, Cardiff CF24 4AE, UK",029 2023 9257,https://drift-in.co.uk/
Wales,Llanharry,Cardiff Launderette 1,"383 Cowbridge Rd E, Cardiff CF5 1JG, UK",029 2132 2620,https://cardiff-launderette.co.uk/
Wales,Cowbridge,Revolution Laundry,"Filco Supermarket, 2 High St, Cowbridge CF71 7AG, UK",,https://stores.revolution-laundry.com/en-uk/?utm_source=google&utm_medium=directory&utm_campaign=local_visibility&utm_content=google_maps
Wales,Cowbridge,"D B Cleaners & Laundry, Cowbridge","2 Willow Walk, Cowbridge CF71 7EE, UK",01446 773873,https://dbcleaners.co.uk/
Wales,Pwllheli,Westend Launderette,"32 Cardiff Rd, Pwllheli LL53 5NU, UK",01758 612624,
Wales,Pwllheli,Llŷn Cleaners,"83 High St, Pwllheli LL53 5RR, UK",01758 614288,https://www.facebook.com/llyncleaners/
Wales,Pwllheli,LAUNDERETTE REVOLUTION,"Yr Hafan, Glan Y Don Industrial Estate, Pwllheli LL53 5YT, UK",0800 035 6600,https://stores.revolution-laundry.com/en-uk/england-gbr/pwllheli/laverie-revolution-laundry-3982078393298780000
Wales,Penllergaer,The Launderette Station,"46 Station Rd, Fforest-fach, Swansea SA5 5AU, UK",07496 792751,https://m.facebook.com/thelaunderettestation/
Wales,Taff's Well,Ladybirds Cleaning Services Ltd,"1 Cardiff Rd, Taff's Well, Cardiff CF15 7RA, UK",029 2081 1311,http://www.ladybirdscleaning.com/
Wales,Tylorstown and Pontygwaith,pontygwaith launderette,"109 Llewellyn St, Pontygwaith, Ferndale CF43 3LD, UK",01443 730517,
Wales,Tylorstown and Pontygwaith,The Wash Shop,"65C Brook St, Tonypandy CF40 1RE, UK",01443 439277,http://www.thewashshoptonypandy.co.uk/
Wales,Tylorstown and Pontygwaith,Treforest Launderette,"64 Park St, Treforest, Pontypridd CF37 1SN, UK",01443 401427,
Wales,Llanfairfechan,GEMs Laundry,"Unit 7, Old Primary School, Brynsiencyn, Llanfairpwllgwyngyll LL61 6HZ, UK",01248 565341,http://gemslaundry.co.uk/?utm_source=gmb&utm_medium=referral
Wales,Llanfairfechan,Bubbles Launderette,"25 Brookes St, Llandudno LL30 2TT, UK",01492 871742,https://bubbles.wales/
Wales,Llanfairfechan,Junction Laundry Service,"161 Conway Rd, Conwy, Llandudno Junction LL31 9EG, UK",01492 592555,
Wales,Llanfairfechan,Laundry clean,"Unit 3, afallon caravan park, Ty Croes LL63 5UA, UK",07808 486491,http://laundryclean.uk/
Wales,Llanfairfechan,Revolution Laundry,"Siop Ellis, Church St, Llangefni LL77 7DU, UK",,https://stores.revolution-laundry.com/en-uk/?utm_source=google&utm_medium=directory&utm_campaign=local_visibility&utm_content=google_maps
Wales,Llanfairfechan,Freshify Cleaning and Laundry,"Lon Pant Y Cudyn, Benllech, Tyn-y-Gongl LL74 8UF, UK",07432 394418,https://freshifyanglesey.co.uk/
Wales,Bishopston,Waterside Laundry,"448 Gower Rd, Killay, Swansea SA2 7AL, UK",07855 928436,
Wales,Bishopston,The Launderette Station,"46 Station Rd, Fforest-fach, Swansea SA5 5AU, UK",07496 792751,https://m.facebook.com/thelaunderettestation/
Wales,Bishopston,Brynmill Launderette,"121 Rhyddings Terrace, Brynmill, Swansea SA2 0DS, UK",01792 448721,https://www.brynmilllaunderette.co.uk/
Wales,Bishopston,The Gower Laundry Company - Launderette and Linen Hire - Swansea,"91 Brynymor Rd, Swansea SA1 4JG, UK",01792 644682,http://www.gowerlaundry.com/
Wales,Bishopston,Gorseinon launderette,"46 High St, Gorseinon, Swansea SA4 4BT, UK",07883 005484,
Wales,Bishopston,Kingsway Launderette,"79,80 The Kingsway, Swansea SA1 5JE, UK",01792 653333,http://kingswaylaunderette.co.uk/
Wales,Bishopston,Ritchies Laundry Services,"Ritchies laundry service, Loughor, Swansea SA4 6PG, UK",01792 897594,
Wales,Bishopston,The Uplands Launderette,"73 Uplands Cres, Uplands, Swansea SA2 0EX, UK",01792 644238,https://uplandslaunderette.uk/
Wales,Bishopston,Kandy Launderette,"223 High St, Swansea SA1 1NW, UK",01792 461111,https://www.kandylaunderette.com/
Wales,Bishopston,Treforys Laundry Centre,"13 Woodfield St, Morriston, Swansea SA6 8AQ, UK",01792 931461,
Wales,Bishopston,Brynhyfryd Launderette,"14 Cwm Level Rd, Brynhyfryd, Swansea SA5 9DY, UK",01792 472553,http://brynhyfrydlaunderette.co.uk/
Wales,Bishopston,Gowerton Laundry,"3 Gorwydd Rd, Gowerton, Swansea SA4 3AG, UK",01792 875182,
Wales,Bishopston,Washed 4U Launderette,"41 Heol-Jiwbili, Cwmafon, Port Talbot SA12 9NR, UK",07928 605620,
Wales,Bishopston,Treforys Laundry Centre,"1 Silver Cl, West Cross, Swansea SA3 5PQ, UK",01792 931461,
Wales,Bishopston,Clothes clinic Morriston,"5 Clase Rd, Morriston, Swansea SA6 8DS, UK",01792 310553,
Wales,St Asaph,Creaseless & Clean,"4 Chester St, Saint Asaph LL17 0RE, UK",01745 799346,
Wales,Blaenau Ffestiniog,LAUNDERETTE REVOLUTION,"THE, LONDIS, Newmarket square, Blaenau Ffestiniog LL41 3UN, UK",0800 035 6600,https://stores.revolution-laundry.com/en-uk/england-gbr/blaenau-ffestiniog/laverie-revolution-laundry-242198467634565000
Wales,Fishguard,Fishguard Laundry Services,"Laundry Services, Brodog Terrace, Fishguard SA65 9NW, UK",01348 872140,http://www.fishguardlaundry.uk/
Wales,Fishguard,Circuit Laundrette,"Greenacres, Fishguard SA65 9JH, UK",,
Wales,Ruabon,Ronor Launderette,"Maelor Rd, Johnstown, Wrexham LL14 1NB, UK",01978 840604,
Wales,Ruabon,Dolly Tub,"Dolly Tub Launderette, 50 Pen-Y-Bryn, Wrexham LL13 7HY, UK",01978 353963,http://dolly-tub.co.uk/
Wales,Ruabon,The Pocket Laundry,"Elwy House, 15 King St, Wrexham LL11 1HF, UK",07767 183455,
Wales,Ruabon,Bizzy Bees Launderette,"Unit 5 Queensway, Complex, Wrexham LL13 8UH, UK",01978 421359,https://www.facebook.com/pg/bizzybeeslaundrette/about/?ref=page_internal
Wales,Ruabon,Brymbo Laundry Room,"Railway Rd, Brymbo, Wrexham LL11 5BP, UK",07393 033486,https://www.facebook.com/share/1ApkWZ72co/?mibextid=wwXIfr
Wales,Ruabon,Borras Launderette,"32 Borras Park Rd, Wrexham LL12 7TH, UK",01978 351768,http://www.borrasdrycleaners.com/
Wales,Ruabon,Diana's Ironing service,"Primrose Way, Wrexham LL11 2AT, UK",07843 018997,https://www.dianasironing.com/
Wales,Ruabon,Robinsons Mrs,"Launderette, Glan-Llyn Rd, Bradley, Wrexham LL11 4BB, UK",01978 750180,
Wales,Ruabon,Johnsons The Cleaners,"C/o Sainsburys, Plas Coch Rd, Wrexham LL11 2BW, UK",01978 290921,http://www.johnsoncleaners.com/branch/Wrexham-Sainsburys
Wales,Ruabon,Borras Laundry & Linen,"Unit 1, Pandy Business Park, Pandy, Gresford, Wrexham LL11 2UD, UK",01978 664724,https://www.borraslaundryandlinen.co.uk/
Wales,Ruabon,Rhosddu Dry Cleaners,"24 Rhosddu Rd, Wrexham LL11 2NS, UK",01978 291169,
Wales,Eglwys Brewis,The Laundry Rooms,"25 Vere St, Barry CF63 2HW, UK",01446 740730,http://www.thelaundry-rooms.co.uk/
Wales,Talbot Green,Classic Cleaners,"5 Talbot Rd, Talbot Green, Pontyclun CF72 8AD, UK",01443 224683,http://www.classicdrycleaning.co.uk/
Wales,Talbot Green,Timpson,"Green Park, Talbot Green, Pontyclun CF72 8RB, UK",01443 222985,https://www.timpson.co.uk/stores/Llantrisant-Tesco-Talbot-Green
Wales,Talbot Green,Timpson,"Heol Y Pant, Talbot Green, Pontyclun CF72 8FN, UK",01443 547949,https://www.timpson.co.uk/stores/talbot-green-sainsburys
Wales,Talbot Green,Treforest Launderette,"64 Park St, Treforest, Pontypridd CF37 1SN, UK",01443 401427,
Wales,Talbot Green,The Wash Shop,"65C Brook St, Tonypandy CF40 1RE, UK",01443 439277,http://www.thewashshoptonypandy.co.uk/
Wales,Talbot Green,pontygwaith launderette,"109 Llewellyn St, Pontygwaith, Ferndale CF43 3LD, UK",01443 730517,
Wales,Talbot Green,Tesco Extra,"Green Park, Talbot Green, Pontyclun CF72 8RB, UK",0345 677 9802,https://www.tesco.com/store-locator/pontyclun/green-park?sc_cmp=ref*yg*stc*2799&utm_source=yext_google&utm_campaign=local_Extra_Wales&utm_medium=organic
Wales,Talbot Green,Whirlpool Launderette Ltd,"96 Talbot Rd, Port Talbot SA13 1LB, UK",01639 884889,
Wales,New Tredegar,Penny's laundry,"Unit b Shop Row, Tredegar NP22 4LB, UK",07534 247304,
Wales,New Tredegar,Clean Queen Cleaners and Laundry Services,"20 Pochin Cres, Tredegar NP22 4JR, UK",07939 048864,http://www.clean-queen.co.uk/
Wales,New Tredegar,White City Launderette,"Newport Rd, Trethomas, Caerphilly CF83 8BY, UK",029 2088 4260,https://www.facebook.com/whitecitylaundry/
Wales,New Tredegar,The Ironing Centre,"101 Bailey St, Brynmawr, Ebbw Vale NP23 4DN, UK",07593 191511,
Wales,Neyland,Neyland Launderette,"96 High St, Neyland, Milford Haven SA73 1TF, UK",,
Wales,Amlwch,Your Laundrette,"3 Lon Goch, Amlwch LL68 9DL, UK",,
Wales,Amlwch,Tŷ Golchi Copr,"3, Sefton Stores, Lon Goch, Amlwch LL68 9EN, UK",,
Wales,Tywyn,The Lost Sock Launderette,"London House, 1 Maengwyn St, Tywyn LL36 9DW, UK",07388 498593,
Wales,Tywyn,Scrubadub Laundry Tywyn,"Tyddyn Du shops, High St, Tywyn LL36 9AD, UK",01654 288568,https://www.scrubadublaundry.co.uk/
Wales,Tywyn,Westinghouse Launderette,"Meirion House, 2 Maengwyn St, Tywyn LL36 9DW, UK",,
Wales,Fleur-de-lis and Pengam,Clean'd ltd,"Unit 1 block G, penmaen ind est, Pontllanfraith, Blackwood NP12 2DQ, UK",07756 285451,http://www.clean-d.co.uk/
Wales,Fleur-de-lis and Pengam,White City Launderette,"Newport Rd, Trethomas, Caerphilly CF83 8BY, UK",029 2088 4260,https://www.facebook.com/whitecitylaundry/
Wales,Fleur-de-lis and Pengam,pontygwaith launderette,"109 Llewellyn St, Pontygwaith, Ferndale CF43 3LD, UK",01443 730517,
Wales,Fleur-de-lis and Pengam,Treforest Launderette,"64 Park St, Treforest, Pontypridd CF37 1SN, UK",01443 401427,
Wales,Fleur-de-lis and Pengam,Michelle’s Laundry Box Ltd,"55 Mill Rd, Caerphilly CF83 3FD, UK",029 2086 2123,https://www.facebook.com/lboxltd/
Wales,Fleur-de-lis and Pengam,The Wash Shop,"65C Brook St, Tonypandy CF40 1RE, UK",01443 439277,http://www.thewashshoptonypandy.co.uk/
Wales,Fleur-de-lis and Pengam,High Street Launderette,"64A High St, Blaina, Abertillery NP13 3AE, UK",07533 933579,
Wales,Ogmore Vale,Halo Ogmore Valley Life Centre,"Aber Rd, Ogmore Vale, Bridgend CF32 7AJ, UK",01656 678845,https://haloleisure.org.uk/centres/bridgend/ogmore-valley-life-centre
Wales,Ogmore Vale,UPS Access Point,"WYNDHAM STORE, 7/9 Dunraven Pl, Wyndham, Ogmore Vale, NFRN CF32 7ET, UK",0345 787 7877,https://www.ups.com/gb/en/services/e-commerce/access-point-network.page
Wales,Ogmore Vale,The Caring Laundry,"18 Heol Trelales, Trelales, Bridgend CF32 0HW, UK",01656 768222,http://caringlaundry.co.uk/
Wales,Ogmore Vale,Evri ParcelShop,"7-9 Dunraven Pl, Ogmore Vale, Bridgend CF32 7ET, UK",0330 808 5456,https://www.evri.com/?utm_source=google&utm_medium=organic-local&utm_campaign=Ogmore%20Vale&utm_content=S20317
Wales,Ogmore Vale,Lavish Laundry,"David St, Bridgend CF31 3SA, UK",07713 857090,
Wales,Ogmore Vale,The Wash Shop,"65C Brook St, Tonypandy CF40 1RE, UK",01443 439277,http://www.thewashshoptonypandy.co.uk/
Wales,Llangollen,"Blue Bay Launderette,Llangollen","3 Regent St, Llangollen LL20 8HL, UK",01978 869227,https://launderette.ueniweb.com/?utm_campaign=gmb
Wales,Menai Bridge,Menai Laundry,"10 Bridge St, Menai Bridge LL59 5DW, UK",01248 713833,https://www.facebook.com/Menai-Laundry-101913892003525/
Wales,Hendy and Fforest,Hardpressed,"44 St Teilo St, Pontarddulais, Swansea SA4 8SZ, UK",01792 885308,
Wales,Hendy and Fforest,The Launderette Station,"46 Station Rd, Fforest-fach, Swansea SA5 5AU, UK",07496 792751,https://m.facebook.com/thelaunderettestation/
Wales,Hendy and Fforest,Brynhyfryd Launderette,"14 Cwm Level Rd, Brynhyfryd, Swansea SA5 9DY, UK",01792 472553,http://brynhyfrydlaunderette.co.uk/
Wales,Hendy and Fforest,Kandy Launderette,"223 High St, Swansea SA1 1NW, UK",01792 461111,https://www.kandylaunderette.com/
Wales,Hendy and Fforest,Crosshands laundry,"30 Llandeilo Rd, Cross Hands, Llanelli SA14 6NA, UK",01269 842223,https://en-gb.facebook.com/pages/category/Laundromat/Cross-Hands-Laundry-823563994478865/
Wales,Hendy and Fforest,Waterside Laundry,"448 Gower Rd, Killay, Swansea SA2 7AL, UK",07855 928436,
Wales,Hendy and Fforest,Treforys Laundry Centre,"13 Woodfield St, Morriston, Swansea SA6 8AQ, UK",01792 931461,
Wales,Hendy and Fforest,Hafod Launderette,"16 Neath Rd, Swansea SA1 2ES, UK",01792 469997,
Wales,Hendy and Fforest,Pontiets Laundry,"172 Heol Y Meinciau, Pont-iets, Llanelli SA15 5SN, UK",07980 822281,
Wales,Hendy and Fforest,Gurnos Launderette,"2, Palleg Place, Cwmphil Rd, Cwm-twrch Isaf, Swansea SA9 1DG, UK",07936 848105,
Wales,Hendy and Fforest,Brynmill Launderette,"121 Rhyddings Terrace, Brynmill, Swansea SA2 0DS, UK",01792 448721,https://www.brynmilllaunderette.co.uk/
Wales,Hendy and Fforest,Kingsway Launderette,"79,80 The Kingsway, Swansea SA1 5JE, UK",01792 653333,http://kingswaylaunderette.co.uk/
Wales,Hendy and Fforest,Gowerton Laundry,"3 Gorwydd Rd, Gowerton, Swansea SA4 3AG, UK",01792 875182,
Wales,Knighton,"The Laundrette,knighton","14a Church St, Knighton LD7 1AG, UK",07526 728264,
Wales,Langstone,Oasis Laundrette,"362 Chepstow Rd, Newport NP19 8JH, UK",01633 524476,
Wales,Langstone,Pressed & Fresh Ltd.,"Pressed & Fresh Ltd, Newport NP19 4ND, UK",07491 966345,https://www.pressed-and-fresh.co.uk/
Wales,Langstone,Stow Hill Launderette,"117 Stow Hill, Newport NP20 4ED, UK",01633 547120,
Wales,Langstone,Quick Fix Laundry,"117 Stow Hill, Newport NP20 4ED, UK",07350 699271,http://www.7daylaundry.com/
Wales,Langstone,Johnsons The Cleaners,"Unit 4a, Newport NP20 3AE, UK",01633 266430,http://www.johnsoncleaners.com/branch/Newport-Drive-In
Wales,Langstone,Julie's Ironing Service,"14 Margaret Ave, Newport NP19 7DE, UK",01633 763560,
Wales,Langstone,Pick Up & Press,"201 Cardiff Rd, Newport NP20 3BP, UK",01633 816121,https://www.pickupandpress.co.uk/
Wales,Llanfairpwllgwyngyll,GEMs Laundry,"Unit 7, Old Primary School, Brynsiencyn, Llanfairpwllgwyngyll LL61 6HZ, UK",01248 565341,http://gemslaundry.co.uk/?utm_source=gmb&utm_medium=referral
Wales,Llanfairpwllgwyngyll,Blakes Laundry,"Brynsiencyn, Llanfairpwllgwyngyll LL61 6HZ, UK",07895 726137,
Wales,Llanfairpwllgwyngyll,Revolution Laundry,"Siop Ellis, Church St, Llangefni LL77 7DU, UK",,https://stores.revolution-laundry.com/en-uk/?utm_source=google&utm_medium=directory&utm_campaign=local_visibility&utm_content=google_maps
Wales,Aston,Laundry Lounge,"The Gables, 62a Chester Rd W, Shotton, Deeside CH5 1BY, UK",0330 345 3432,http://www.launderettenearme.co.uk/
Wales,Aston,Evergreen Dry Cleaners,"86 High St, Connah's Quay, Deeside CH5 4DD, UK",01244 812524,http://www.evergreendrycleaners.co.uk/
Wales,Aston,Dolly Tub,"Dolly Tub Launderette, 50 Pen-Y-Bryn, Wrexham LL13 7HY, UK",01978 353963,http://dolly-tub.co.uk/
Wales,Aston,Pink Daisy Garment Care,"10 Mold Rd, Buckley CH7 2JB, UK",01244 726710,http://www.pinkdaisygarmentcare.com/
Wales,Aston,Posh Wosh,"5, Cambrian Business Park, Queen's Ln, Mold CH7 1NJ, UK",01352 754389,
Wales,Aston,Monogram,"93 Dicksons Dr, Newton, Chester CH2 2BT, UK",01244 380216,http://www.monogramchester.com/
Wales,Aston,Fresh Laundry,"10 Charles St, Hoole, Chester CH2 3AZ, UK",07367 280120,http://fresh-laundry.co.uk/
Wales,Aston,The Launderette,"56 Garden Ln, Cheshire, Chester CH1 4EW, UK",01244 380014,http://www.launderettechester.co.uk/
Wales,Maerdy,pontygwaith launderette,"109 Llewellyn St, Pontygwaith, Ferndale CF43 3LD, UK",01443 730517,
Wales,Maerdy,Pontypridd Pressing Ltd,"Maerdy, Ferndale CF43 4BD, UK",,
Wales,Maerdy,The Wash Shop,"65C Brook St, Tonypandy CF40 1RE, UK",01443 439277,http://www.thewashshoptonypandy.co.uk/
Wales,Maerdy,Speedy Ironing,"5 Gwendoline St, Tynewydd, Treorchy CF42 5BW, UK",07920 093688,
Wales,Maerdy,The Fresh & Clean Family Laundry Service,"44 Dean St, Aberdare CF44 7BN, UK",,
Wales,Kidwelly,Pontiets Laundry,"172 Heol Y Meinciau, Pont-iets, Llanelli SA15 5SN, UK",07980 822281,
Wales,Kidwelly,Teilo Laundry,"41 New Rd, Llandeilo SA19 6DF, UK",01558 824406,
Wales,Kidwelly,Coin Wash Laundrette,"31 Lammas St, Carmarthen SA31 3AL, UK",01267 236521,
Wales,Kidwelly,West wales Laundry,"Unit 12a, Parc, Gwynfryn, Crymych SA41 3RQ, UK",01239 562563,
Wales,Kidwelly,Lindys Launderette,"44 Thomas St, Llanelli SA15 3JA, UK",01554 758645,
Wales,Kidwelly,Treforys Laundry Centre,"13 Woodfield St, Morriston, Swansea SA6 8AQ, UK",01792 931461,
Wales,Kidwelly,Parkdean Resorts Carmarthen Bay Holiday Park,"Port Way, Kidwelly SA17 5HQ, UK",0330 123 4985,https://www.parkdeanresorts.co.uk/location/wales/carmarthen-bay/?utm_source=local_google&utm_medium=organic&utm_campaign=carmarthen_bay_holiday_park
Wales,Kidwelly,Gowerton Laundry,"3 Gorwydd Rd, Gowerton, Swansea SA4 3AG, UK",01792 875182,
Wales,Kidwelly,Hardpressed,"44 St Teilo St, Pontarddulais, Swansea SA4 8SZ, UK",01792 885308,
Wales,Penmaenmawr,InPost Shop,"Bangor Rd, Penmaenmawr LL34 6DA, UK",0330 335 0950,https://inpost.co.uk/lockers/UK00323854
Wales,Penmaenmawr,Junction Laundry Service,"161 Conway Rd, Conwy, Llandudno Junction LL31 9EG, UK",01492 592555,
Wales,Penmaenmawr,Bubbles Launderette,"25 Brookes St, Llandudno LL30 2TT, UK",01492 871742,https://bubbles.wales/
Wales,Penmaenmawr,MINW Laundry House,"150 Conway Rd, Llandudno Junction LL31 9DU, UK",01492 593924,https://www.maidinnorthwales.com/copy-of-home
Wales,Penmaenmawr,GEMs Laundry,"Unit 7, Old Primary School, Brynsiencyn, Llanfairpwllgwyngyll LL61 6HZ, UK",01248 565341,http://gemslaundry.co.uk/?utm_source=gmb&utm_medium=referral
Wales,Penmaenmawr,Suds Launderette,"22 Betws Rd, Llanrwst LL26 0HE, UK",0333 130 1120,
Wales,Penmaenmawr,Monarch,"31-33 Meliden Rd, Prestatyn LL19 9SD, UK",01745 854285,http://www.laundryservicesinwales.co.uk/
Wales,Rhostyllen,Ronor Launderette,"Maelor Rd, Johnstown, Wrexham LL14 1NB, UK",01978 840604,
Wales,Rhostyllen,Dolly Tub,"Dolly Tub Launderette, 50 Pen-Y-Bryn, Wrexham LL13 7HY, UK",01978 353963,http://dolly-tub.co.uk/
Wales,Rhostyllen,The Pocket Laundry,"Elwy House, 15 King St, Wrexham LL11 1HF, UK",07767 183455,
Wales,Rhostyllen,Bizzy Bees Launderette,"Unit 5 Queensway, Complex, Wrexham LL13 8UH, UK",01978 421359,https://www.facebook.com/pg/bizzybeeslaundrette/about/?ref=page_internal
Wales,Rhostyllen,Super Suds Launderette,"38 High St, Coedpoeth, Wrexham LL11 3SB, UK",01978 541145,
Wales,Rhostyllen,Borras Launderette,"32 Borras Park Rd, Wrexham LL12 7TH, UK",01978 351768,http://www.borrasdrycleaners.com/
Wales,Rhostyllen,Diana's Ironing service,"Primrose Way, Wrexham LL11 2AT, UK",07843 018997,https://www.dianasironing.com/
Wales,Rhostyllen,Rhosddu Dry Cleaners,"24 Rhosddu Rd, Wrexham LL11 2NS, UK",01978 291169,
Wales,Rhostyllen,Dolly Tub Launderette,"Dolly Tub Launderette, Pen-Y-Bryn, Wrexham LL13 7HY, UK",,
Wales,Rhostyllen,Johnsons The Cleaners,"C/o Sainsburys, Plas Coch Rd, Wrexham LL11 2BW, UK",01978 290921,http://www.johnsoncleaners.com/branch/Wrexham-Sainsburys
Wales,Rhostyllen,Robinsons Mrs,"Launderette, Glan-Llyn Rd, Bradley, Wrexham LL11 4BB, UK",01978 750180,
Wales,Rhostyllen,Brymbo Laundry Room,"Railway Rd, Brymbo, Wrexham LL11 5BP, UK",07393 033486,https://www.facebook.com/share/1ApkWZ72co/?mibextid=wwXIfr
Wales,Gwaun-Cae-Gurwen,Revolution Laundry,"2-6 Heol-Cae-Gurwen Ck Foodstores, Gwaun-Cae-Gurwen, Ammanford SA18 1HB, UK",,https://stores.revolution-laundry.com/en-uk/?utm_source=google&utm_medium=directory&utm_campaign=local_visibility&utm_content=google_maps
Wales,Gwaun-Cae-Gurwen,Bubbles Launderette,"76 Wind St, Ammanford SA18 3DR, UK",01269 847435,https://www.facebook.com/bubblesammanford/
Wales,Gwaun-Cae-Gurwen,Gorseinon launderette,"46 High St, Gorseinon, Swansea SA4 4BT, UK",07883 005484,
Wales,Gwaun-Cae-Gurwen,CK Foodstores,"2-6 Heol-Cae-Gurwen, Gwaun-cae-Gurwen, Ammanford SA18 1HB, UK",07741 546411,http://www.ckfoodstores.co.uk/
Wales,Gwaun-Cae-Gurwen,Ritchies Laundry Services,"Ritchies laundry service, Loughor, Swansea SA4 6PG, UK",01792 897594,
Wales,Gwaun-Cae-Gurwen,Washed 4U Launderette,"41 Heol-Jiwbili, Cwmafon, Port Talbot SA12 9NR, UK",07928 605620,
Wales,Gwaun-Cae-Gurwen,Gowerton Laundry,"3 Gorwydd Rd, Gowerton, Swansea SA4 3AG, UK",01792 875182,
Wales,Boverton,Revolution Laundry,"Filco Supermarket, 19 Boverton Rd, Llantwit Major CF61 1XZ, UK",,https://stores.revolution-laundry.com/en-uk/?utm_source=google&utm_medium=directory&utm_campaign=local_visibility&utm_content=google_maps
Wales,Boverton,Vale Shoe Repair and Trophy Centre,"6 The Precinct, Llantwit Major CF61 1XA, UK",01446 794725,
Wales,Boverton,The Laundry Rooms,"25 Vere St, Barry CF63 2HW, UK",01446 740730,http://www.thelaundry-rooms.co.uk/
Wales,Boverton,Filco Supermarket,"Pound Plaza, 19 Boverton Rd, Llantwit Major CF61 1XZ, UK",01446 792180,https://filco.co.uk/our-stores/details/llantwit-major
Wales,Boverton,Treforest Launderette,"64 Park St, Treforest, Pontypridd CF37 1SN, UK",01443 401427,
Wales,Alltwen,Gorseinon launderette,"46 High St, Gorseinon, Swansea SA4 4BT, UK",07883 005484,
Wales,Alltwen,The Launderette Station,"46 Station Rd, Fforest-fach, Swansea SA5 5AU, UK",07496 792751,https://m.facebook.com/thelaunderettestation/
Wales,Alltwen,Treforys Laundry Centre,"13 Woodfield St, Morriston, Swansea SA6 8AQ, UK",01792 931461,
Wales,Alltwen,The Gower Laundry Company - Launderette and Linen Hire - Swansea,"91 Brynymor Rd, Swansea SA1 4JG, UK",01792 644682,http://www.gowerlaundry.com/
Wales,Alltwen,Kandy Launderette,"223 High St, Swansea SA1 1NW, UK",01792 461111,https://www.kandylaunderette.com/
Wales,Alltwen,Waterside Laundry,"448 Gower Rd, Killay, Swansea SA2 7AL, UK",07855 928436,
Wales,Alltwen,Brynmill Launderette,"121 Rhyddings Terrace, Brynmill, Swansea SA2 0DS, UK",01792 448721,https://www.brynmilllaunderette.co.uk/
Wales,Alltwen,Kingsway Launderette,"79,80 The Kingsway, Swansea SA1 5JE, UK",01792 653333,http://kingswaylaunderette.co.uk/
Wales,Alltwen,Brynhyfryd Launderette,"14 Cwm Level Rd, Brynhyfryd, Swansea SA5 9DY, UK",01792 472553,http://brynhyfrydlaunderette.co.uk/
Wales,Alltwen,Ritchies Laundry Services,"Ritchies laundry service, Loughor, Swansea SA4 6PG, UK",01792 897594,
Wales,Alltwen,Kings Launderette,"58 King Edward Rd, Swansea SA1 4LN, UK",07934 138137,http://www.kingslaunderette.com/
Wales,Alltwen,Hafod Launderette,"16 Neath Rd, Swansea SA1 2ES, UK",01792 469997,
Wales,Alltwen,Clothes clinic Morriston,"5 Clase Rd, Morriston, Swansea SA6 8DS, UK",01792 310553,
Wales,Alltwen,Gowerton Laundry,"3 Gorwydd Rd, Gowerton, Swansea SA4 3AG, UK",01792 875182,
Wales,Alltwen,Pontiets Laundry,"172 Heol Y Meinciau, Pont-iets, Llanelli SA15 5SN, UK",07980 822281,
Wales,Alltwen,Hardpressed,"44 St Teilo St, Pontarddulais, Swansea SA4 8SZ, UK",01792 885308,
Wales,Alltwen,The Caring Laundry,"18 Heol Trelales, Trelales, Bridgend CF32 0HW, UK",01656 768222,http://caringlaundry.co.uk/
Wales,Alltwen,Your Laundrette,"3 Lon Goch, Amlwch LL68 9DL, UK",,
Wales,Alltwen,Widow Twankeys,"162-164 Prendergast, Haverfordwest SA61 2PQ, UK",01437 765695,
Wales,Alltwen,Lindys Launderette,"44 Thomas St, Llanelli SA15 3JA, UK",01554 758645,
Wales,Tonna,Neath Launderette,"98 Windsor Rd, Neath SA11 1NR, UK",07835 768803,
Wales,Tonna,Ferry Laundry Services Ltd,"83-85 Neath Rd, Briton Ferry, Neath SA11 2DQ, UK",01639 381032,http://www.ferrylaundry.co.uk/
Wales,Tonna,U Wash I Dry,"47 Burrows Rd, Skewen, West Glamorgan, Neath SA10 6AB, UK",01792 321542,
Wales,Tonna,Sudz Laundry Service,"31 Villiers St, Briton Ferry, Neath SA11 2DZ, UK",07505 780124,
Wales,Tonna,Bright Diamond Laundry (Formerly known as Sudz),"31 Villiers St, Briton Ferry, Neath SA11 2DZ, UK",01639 813567,https://www.brightdiamondcleaning.com/
Wales,Tonna,Whirlpool Launderette Ltd,"96 Talbot Rd, Port Talbot SA13 1LB, UK",01639 884889,
Wales,Brynamman,Bubbles Launderette,"76 Wind St, Ammanford SA18 3DR, UK",01269 847435,https://www.facebook.com/bubblesammanford/
Wales,Builth Wells,Revolution Laundry,"95 Station Rd, Fs1038, Mfg, Builth Wells LD2 3SS, UK",,https://stores.revolution-laundry.com/en-uk/?utm_source=google&utm_medium=directory&utm_campaign=local_visibility&utm_content=google_maps
Wales,Builth Wells,Solitaire Launderette,"Solitaire Launderette, West St, Builth Wells LD2 3AL, UK",,
Wales,Dolgellau,Dolgellau Launderette Golchyd,"Smithfield St, Dolgellau LL40 1DE, UK",07876 025792,
Wales,Porthmadog,L&R Laundry Ltd,"Lon, Y Traeth, Snowdon St, Porthmadog LL49 9DF, UK",01766 549985,
Wales,Porthmadog,Revolution Laundry,"Hamdden Caravans, Penamser Rd, Porthmadog LL49 9NY, UK",,https://stores.revolution-laundry.com/en-uk/?utm_source=google&utm_medium=directory&utm_campaign=local_visibility&utm_content=google_maps
Wales,Porthmadog,Madog Cleaners,"135 High St, Porthmadog LL49 9HD, UK",01766 512121,http://www.madogcleaners.co.uk/
Wales,Porthmadog,Snowdon Street Commercial Cleaners,"The Old Drill Hall, Snowdon St, Porthmadog LL49 9DF, UK",07818 108486,https://snowdonscc.co.uk/
Wales,Llandybie,Bubbles Launderette,"76 Wind St, Ammanford SA18 3DR, UK",01269 847435,https://www.facebook.com/bubblesammanford/
Wales,Llandybie,Revolution Laundry,"Park Street Vst, Forecourts T/A Services, Ammanford SA18 2ET, UK",,https://stores.revolution-laundry.com/en-uk/?utm_source=google&utm_medium=directory&utm_campaign=local_visibility&utm_content=google_maps
Wales,Llandybie,Crosshands laundry,"30 Llandeilo Rd, Cross Hands, Llanelli SA14 6NA, UK",01269 842223,https://en-gb.facebook.com/pages/category/Laundromat/Cross-Hands-Laundry-823563994478865/
Wales,Rhos,Rhos Launderette,"21 Rhos Rd, Rhôs-on-Sea, Rhos on Sea, Colwyn Bay LL28 4RS, UK",07502 068636,https://rhoslaunderette.co.uk/
Wales,Saundersfoot,Pembrokeshire Laundry services,"Brewery Terrace, Saundersfoot SA69 9HG, UK",07565 109207,http://www.pembslaundry.wales/
Wales,Saundersfoot,Kilgetty Laundry Services,"Corporate House Carmarthen Road, Kilgetty SA68 0UG, UK",01834 813955,
Wales,Cwm,Crease is the Word Ironing Service,"12 Armoury Terrace, Ebbw Vale NP23 6BD, UK",07385 928012,https://www.facebook.com/profile.php?id=100090578276347
Wales,Cwm,Clean'd ltd,"Unit 1 block G, penmaen ind est, Pontllanfraith, Blackwood NP12 2DQ, UK",07756 285451,http://www.clean-d.co.uk/
Wales,Cwm,The Ironing Centre,"101 Bailey St, Brynmawr, Ebbw Vale NP23 4DN, UK",07593 191511,
Wales,Cwm,Fairwater Clean Centre,"6 Fairwater Cl, Cwmbran NP44 4TA, UK",01633 483970,
Wales,Cwm,The Laundry Basket,"Station Enterprises, Station Rd, Abergavenny NP7 5HY, UK",01873 857456,
Wales,Cwm,West wales Laundry,"Unit 12a, Parc, Gwynfryn, Crymych SA41 3RQ, UK",01239 562563,
Wales,Cwm,The Caring Laundry,"18 Heol Trelales, Trelales, Bridgend CF32 0HW, UK",01656 768222,http://caringlaundry.co.uk/
Wales,Cwm,Quick Fix Laundry,"117 Stow Hill, Newport NP20 4ED, UK",07350 699271,http://www.7daylaundry.com/
Wales,Cwm,Penylan Launderette,"29 Pen-Y-Lan Rd, Cardiff CF24 3PG, UK",029 2049 1912,
Wales,Cwm,Stow Hill Launderette,"117 Stow Hill, Newport NP20 4ED, UK",01633 547120,
Wales,Lampeter,The Washtub Laundry Service,"Bristol House, North Rd, Lampeter SA48 7HZ, UK",01570 423647,
Wales,Tycroes,Bubbles Launderette,"76 Wind St, Ammanford SA18 3DR, UK",01269 847435,https://www.facebook.com/bubblesammanford/
Wales,Tycroes,Revolution Laundry,"Park Street Vst, Forecourts T/A Services, Ammanford SA18 2ET, UK",,https://stores.revolution-laundry.com/en-uk/?utm_source=google&utm_medium=directory&utm_campaign=local_visibility&utm_content=google_maps
Wales,Tycroes,ProTex Restoration Ltd,"Unit 8, Capel, Hendre Industrial Estate, Ammanford SA18 3SJ, UK",01269 527025,https://www.protexrestoration.co.uk/
Wales,Tycroes,Protex Restoration Ltd,"unit 8, Capel, Hendre Industrial Estate, Capel Hendre, Ammanford SA18 3SJ, UK",01269 527025,http://protexrestoration.co.uk/
Wales,Tycroes,Ritchies Laundry Services,"Ritchies laundry service, Loughor, Swansea SA4 6PG, UK",01792 897594,
Wales,Tycroes,Red Dragon Cleaning & Restoration Ltd.,"Unit 9 Capel, Hendre Industrial Estate, Capel Hendre, Ammanford SA18 3SJ, UK",01269 845718,http://www.rdcr.co.uk/
Wales,Tycroes,Hardpressed,"44 St Teilo St, Pontarddulais, Swansea SA4 8SZ, UK",01792 885308,
Wales,Llanrwst,Suds Launderette,"22 Betws Rd, Llanrwst LL26 0HE, UK",0333 130 1120,
Wales,Llanhilleth,Clean'd ltd,"Unit 1 block G, penmaen ind est, Pontllanfraith, Blackwood NP12 2DQ, UK",07756 285451,http://www.clean-d.co.uk/
Wales,Llanhilleth,Royal Shine,"unit 4, Llanhilleth, Abertillery NP13 2RX, UK",07594 887011,
Wales,Llanhilleth,Stow Hill Launderette,"117 Stow Hill, Newport NP20 4ED, UK",01633 547120,
Wales,Llanhilleth,pontygwaith launderette,"109 Llewellyn St, Pontygwaith, Ferndale CF43 3LD, UK",01443 730517,
Wales,Llanhilleth,Quick Fix Laundry,"117 Stow Hill, Newport NP20 4ED, UK",07350 699271,http://www.7daylaundry.com/
Wales,Llanhilleth,Treforest Launderette,"64 Park St, Treforest, Pontypridd CF37 1SN, UK",01443 401427,
Wales,Llanhilleth,The Wash Shop,"65C Brook St, Tonypandy CF40 1RE, UK",01443 439277,http://www.thewashshoptonypandy.co.uk/
Wales,Llanhilleth,West wales Laundry,"Unit 12a, Parc, Gwynfryn, Crymych SA41 3RQ, UK",01239 562563,
Wales,Llanhilleth,Scc Laundry,"Dyfi Eco Park, Machynlleth SY20 8AX, UK",01654 523552,https://www.scclaundryltd.co.uk/contact
Wales,Llanhilleth,Pontiets Laundry,"172 Heol Y Meinciau, Pont-iets, Llanelli SA15 5SN, UK",07980 822281,
Wales,Hendreforgan,The Wash Shop,"65C Brook St, Tonypandy CF40 1RE, UK",01443 439277,http://www.thewashshoptonypandy.co.uk/
Wales,Hendreforgan,pontygwaith launderette,"109 Llewellyn St, Pontygwaith, Ferndale CF43 3LD, UK",01443 730517,
Wales,Hendreforgan,Treforest Launderette,"64 Park St, Treforest, Pontypridd CF37 1SN, UK",01443 401427,
Wales,Hendreforgan,Treorchy Launderette,"123 Bute St, Treorchy CF42 6AY, UK",01443 775363,https://facebook.com/treorchy.laundrette/
Wales,Aberfan,The fresh press laundrette,"Unit 7, paisley park, Pant Industrial Estate, Dowlais, Merthyr Tydfil CF48 2AX, UK",01685 481463,
Wales,Aberfan,Abercynon Launderette,"30 Margaret St, Abercynon, Mountain Ash CF45 4RB, UK",07967 707643,
Wales,Aberfan,Treforest Launderette,"64 Park St, Treforest, Pontypridd CF37 1SN, UK",01443 401427,
Wales,Aberfan,pontygwaith launderette,"109 Llewellyn St, Pontygwaith, Ferndale CF43 3LD, UK",01443 730517,
Wales,Aberfan,The Wash Shop,"65C Brook St, Tonypandy CF40 1RE, UK",01443 439277,http://www.thewashshoptonypandy.co.uk/
Wales,Aberfan,Treorchy Launderette,"123 Bute St, Treorchy CF42 6AY, UK",01443 775363,https://facebook.com/treorchy.laundrette/
Wales,Garden City,Laundry Lounge,"The Gables, 62a Chester Rd W, Shotton, Deeside CH5 1BY, UK",0330 345 3432,http://www.launderettenearme.co.uk/
Wales,Garden City,Evergreen Dry Cleaners,"86 High St, Connah's Quay, Deeside CH5 4DD, UK",01244 812524,http://www.evergreendrycleaners.co.uk/
Wales,Garden City,A Baldwin & Co,"28 Sealand Ave, Garden City, Deeside CH5 2HW, UK",01244 815809,
Wales,Garden City,Pink Daisy Garment Care,"10 Mold Rd, Buckley CH7 2JB, UK",01244 726710,http://www.pinkdaisygarmentcare.com/
Wales,Garden City,The Launderette,"56 Garden Ln, Cheshire, Chester CH1 4EW, UK",01244 380014,http://www.launderettechester.co.uk/
Wales,Garden City,Fresh Laundry,"10 Charles St, Hoole, Chester CH2 3AZ, UK",07367 280120,http://fresh-laundry.co.uk/
Wales,Garden City,Dolly Tub,"Dolly Tub Launderette, 50 Pen-Y-Bryn, Wrexham LL13 7HY, UK",01978 353963,http://dolly-tub.co.uk/
Wales,Garden City,Posh Wosh,"5, Cambrian Business Park, Queen's Ln, Mold CH7 1NJ, UK",01352 754389,
Wales,Garden City,Monogram,"93 Dicksons Dr, Newton, Chester CH2 2BT, UK",01244 380216,http://www.monogramchester.com/
Wales,Pontycymer,The Caring Laundry,"18 Heol Trelales, Trelales, Bridgend CF32 0HW, UK",01656 768222,http://caringlaundry.co.uk/
Wales,Pontycymer,The Wash Shop,"65C Brook St, Tonypandy CF40 1RE, UK",01443 439277,http://www.thewashshoptonypandy.co.uk/
Wales,Pontycymer,Lavish Laundry,"David St, Bridgend CF31 3SA, UK",07713 857090,
Wales,Pontycymer,Bridgend Ironing Company,"14 Bakers Way, Bryncethin, Bridgend CF32 9RJ, UK",07894 353260,http://tidyup.yolasite.com/
Wales,Pontycymer,pontygwaith launderette,"109 Llewellyn St, Pontygwaith, Ferndale CF43 3LD, UK",01443 730517,
Wales,Pontycymer,Treforest Launderette,"64 Park St, Treforest, Pontypridd CF37 1SN, UK",01443 401427,
Wales,Pontycymer,Soapy's Launderers & Drycleaners,"34 New Rd, Porthcawl CF36 5DN, UK",01656 788319,https://www.soapysporthcawl.co.uk/
Wales,Marshfield,Pressed 4 Time Ironing Services,"Duffryn, Newport NP10, UK",07594 711072,
Wales,Marshfield,"Cardiff Perfections Launderette, Dry Cleaning and Alterations","75 Broadway, Cardiff CF24 1QE, UK",029 2169 0360,http://www.cardifflaunderette.com/
Wales,Marshfield,Cardiff launderette 2,"790 Newport Rd, Rumney, Cardiff CF3 4FH, UK",029 2132 0060,
Wales,Marshfield,5 Corners Laundry & Dry Cleaning,"1414 S Maple Ave, Marshfield, WI 54449, USA",(715) 387-0920,https://5cornerslaundrydrycleaning.com/
Wales,Marshfield,Penylan Launderette,"29 Pen-Y-Lan Rd, Cardiff CF24 3PG, UK",029 2049 1912,
Wales,Marshfield,Canton Launderette,"Canton Launderette, Canton Launderette, 244 Cowbridge Rd E, Cardiff CF5 1GZ, UK",029 2041 1111,https://www.canton-launderette.co.uk/
Wales,Marshfield,Marshfield Cleaners,"1160 Ocean St, Marshfield, MA 02050, USA",(781) 834-1911,
Wales,Marshfield,Lapels,"776 Plain St, Marshfield, MA 02050, USA",(781) 837-4336,https://mylapels.com/marshfield
Wales,Marshfield,Marshfield Laundromat,"570 W Washington St, Marshfield, MO 65706, USA",(417) 630-8979,
Wales,Marshfield,Tradition Cleaners,"1414 S Maple Ave, Marshfield, WI 54449, USA",(715) 387-4656,http://www.traditioncleaners.com/
Wales,Marshfield,Cardiff Launderette 1,"383 Cowbridge Rd E, Cardiff CF5 1JG, UK",029 2132 2620,https://cardiff-launderette.co.uk/
Wales,Nant-y-moel,The Caring Laundry,"18 Heol Trelales, Trelales, Bridgend CF32 0HW, UK",01656 768222,http://caringlaundry.co.uk/
Wales,Nant-y-moel,The Wash Shop,"65C Brook St, Tonypandy CF40 1RE, UK",01443 439277,http://www.thewashshoptonypandy.co.uk/
Wales,Nant-y-moel,pontygwaith launderette,"109 Llewellyn St, Pontygwaith, Ferndale CF43 3LD, UK",01443 730517,
Wales,Nant-y-moel,Treforest Launderette,"64 Park St, Treforest, Pontypridd CF37 1SN, UK",01443 401427,
Wales,Nant-y-moel,Abercynon Launderette,"30 Margaret St, Abercynon, Mountain Ash CF45 4RB, UK",07967 707643,
Wales,Nant-y-moel,The Laundry Rooms,"25 Vere St, Barry CF63 2HW, UK",01446 740730,http://www.thelaundry-rooms.co.uk/
Wales,Nant-y-moel,Michelle’s Laundry Box Ltd,"55 Mill Rd, Caerphilly CF83 3FD, UK",029 2086 2123,https://www.facebook.com/lboxltd/
Wales,Nant-y-moel,High Street Launderette,"64A High St, Blaina, Abertillery NP13 3AE, UK",07533 933579,
Wales,Nant-y-moel,Penylan Launderette,"29 Pen-Y-Lan Rd, Cardiff CF24 3PG, UK",029 2049 1912,
Wales,Nant-y-moel,The Ironing Centre,"101 Bailey St, Brynmawr, Ebbw Vale NP23 4DN, UK",07593 191511,
Wales,Nant-y-moel,Seabreezes,"223 Holton Rd, Barry CF63 4HR, UK",01446 407105,
Wales,Nant-y-moel,Pontiets Laundry,"172 Heol Y Meinciau, Pont-iets, Llanelli SA15 5SN, UK",07980 822281,
Wales,Nant-y-moel,The Laundry Basket,"Station Enterprises, Station Rd, Abergavenny NP7 5HY, UK",01873 857456,
Wales,Nant-y-moel,White City Launderette,"Newport Rd, Trethomas, Caerphilly CF83 8BY, UK",029 2088 4260,https://www.facebook.com/whitecitylaundry/
Wales,Nant-y-moel,Canton Launderette,"Canton Launderette, Canton Launderette, 244 Cowbridge Rd E, Cardiff CF5 1GZ, UK",029 2041 1111,https://www.canton-launderette.co.uk/
Wales,Nant-y-moel,The Gower Laundry Company - Launderette and Linen Hire - Swansea,"91 Brynymor Rd, Swansea SA1 4JG, UK",01792 644682,http://www.gowerlaundry.com/
Wales,Nant-y-moel,Drift-In Launderette & Dry Cleaners,"104 Salisbury Rd, Cardiff CF24 4AE, UK",029 2023 9257,https://drift-in.co.uk/
Wales,Nant-y-moel,Treforys Laundry Centre,"13 Woodfield St, Morriston, Swansea SA6 8AQ, UK",01792 931461,
Wales,Nant-y-moel,Hardpressed,"44 St Teilo St, Pontarddulais, Swansea SA4 8SZ, UK",01792 885308,
Wales,Nant-y-moel,Bendix Launderette,"137 Wellington Rd, Rhyl LL18 1LE, UK",01745 354236,https://loverhyl.co.uk/business/bendix-launderette/
Wales,Nant-y-moel,Press 2 Impress: Laundry Service and Linen Hire in Newtown,"57, Industrial Estate, Mochdre Ln, Newtown SY16 4LE, UK",07585 046001,https://press2impress.co.uk/
Wales,Nant-y-moel,Stow Hill Launderette,"117 Stow Hill, Newport NP20 4ED, UK",01633 547120,
Wales,Nant-y-moel,L&R Laundry Ltd,"Lon, Y Traeth, Snowdon St, Porthmadog LL49 9DF, UK",01766 549985,
Wales,Nant-y-moel,Bubbles Launderette,"25 Brookes St, Llandudno LL30 2TT, UK",01492 871742,https://bubbles.wales/
Wales,Nant-y-moel,Gowerton Laundry,"3 Gorwydd Rd, Gowerton, Swansea SA4 3AG, UK",01792 875182,
Wales,Nant-y-moel,Cardiff Launderette 1,"383 Cowbridge Rd E, Cardiff CF5 1JG, UK",029 2132 2620,https://cardiff-launderette.co.uk/
Wales,Pentyrch,"Cardiff Perfections Launderette, Dry Cleaning and Alterations","75 Broadway, Cardiff CF24 1QE, UK",029 2169 0360,http://www.cardifflaunderette.com/
Wales,Pentyrch,Kings Arms,"Church Rd, Pentyrch, Cardiff CF15 9QF, UK",029 2089 0202,http://kingsarmspentyrch.com/
Wales,Pentyrch,Treforest Launderette,"64 Park St, Treforest, Pontypridd CF37 1SN, UK",01443 401427,
Wales,Pentyrch,Penylan Launderette,"29 Pen-Y-Lan Rd, Cardiff CF24 3PG, UK",029 2049 1912,
Wales,Pentyrch,Canton Launderette,"Canton Launderette, Canton Launderette, 244 Cowbridge Rd E, Cardiff CF5 1GZ, UK",029 2041 1111,https://www.canton-launderette.co.uk/
Wales,Pentyrch,Drift-In Launderette & Dry Cleaners,"104 Salisbury Rd, Cardiff CF24 4AE, UK",029 2023 9257,https://drift-in.co.uk/
Wales,Pentyrch,Cardiff launderette 3,"108 Whitchurch Rd, Cardiff CF14 3LY, UK",029 2030 0413,http://www.launderroom.com/
Wales,Pentyrch,The Laundry Room,"164 Clare Rd, Cardiff CF11 6RX, UK",029 2037 6111,
Wales,Pentyrch,White City Launderette,"Newport Rd, Trethomas, Caerphilly CF83 8BY, UK",029 2088 4260,https://www.facebook.com/whitecitylaundry/
Wales,Pentyrch,Wash Cycle: Laundry Service Cardiff,"83, Portmanmoor Road Industrial Estate, Cardiff CF24 5HB, UK",07354 244981,http://www.washcycle.co.uk/
Wales,Pentyrch,The Laundry Rooms,"25 Vere St, Barry CF63 2HW, UK",01446 740730,http://www.thelaundry-rooms.co.uk/
Wales,Pentyrch,Wash Inn,"161 Albany Rd, Cardiff CF24 3NT, UK",029 2048 1332,
Wales,Pentyrch,Cardiff Launderette 1,"383 Cowbridge Rd E, Cardiff CF5 1JG, UK",029 2132 2620,https://cardiff-launderette.co.uk/
Wales,Pentyrch,The Wash Shop,"65C Brook St, Tonypandy CF40 1RE, UK",01443 439277,http://www.thewashshoptonypandy.co.uk/
Wales,Pentyrch,Tophat Albany Ltd,"161 Albany Rd, Cardiff CF24 3NT, UK",029 2048 1332,
Wales,Pentyrch,Cardiff launderette 2,"790 Newport Rd, Rumney, Cardiff CF3 4FH, UK",029 2132 0060,
Wales,Narberth,Revolution Laundry,"Old Brewery Site, Spring Gardens, The Drang, Narberth SA67 7BW, UK",,https://stores.revolution-laundry.com/en-uk/?utm_source=google&utm_medium=directory&utm_campaign=local_visibility&utm_content=google_maps
Wales,Y Felinheli,Wishi Washi - Holiday Home Cleaning Gwynedd | Laundry Service | Domestic Cleaning,"98 Y Wern, Y Felinheli LL56 4TZ, UK",07867 642400,
Wales,Y Felinheli,Garddfon Inn,"1 Beach Rd, Y Felinheli LL56 4RQ, UK",01248 670359,https://www.robinsonsbrewery.com/pubs/garddfon-inn-y-felinheli/
Wales,Y Felinheli,Pete's Launderette,"10 Skinner St, Caernarfon LL55 1RB, UK",01286 678395,
Wales,Y Felinheli,GEMs Laundry,"Unit 7, Old Primary School, Brynsiencyn, Llanfairpwllgwyngyll LL61 6HZ, UK",01248 565341,http://gemslaundry.co.uk/?utm_source=gmb&utm_medium=referral
Wales,Y Felinheli,Revolution Laundry,"Siop Ellis, Church St, Llangefni LL77 7DU, UK",,https://stores.revolution-laundry.com/en-uk/?utm_source=google&utm_medium=directory&utm_campaign=local_visibility&utm_content=google_maps
Wales,Y Felinheli,Swigod a Sebon,"54 High St, Llanberis, Caernarfon LL55 4EU, UK",01286 870088,
Wales,Y Felinheli,Tŷ Golchi,"Caernarfon Rd, Bangor LL57 4BT, UK",01248 671922,http://www.tygolchi.co.uk/
Wales,Y Felinheli,Laundry clean,"Unit 3, afallon caravan park, Ty Croes LL63 5UA, UK",07808 486491,http://laundryclean.uk/
Wales,Y Felinheli,Freshify Cleaning and Laundry,"Lon Pant Y Cudyn, Benllech, Tyn-y-Gongl LL74 8UF, UK",07432 394418,https://freshifyanglesey.co.uk/
Wales,Y Felinheli,Holyhead Launderette,"Garreg Domas, Holyhead LL65 1RT, UK",01407 765391,http://www.holyheadlaunderette.com/
Wales,Y Felinheli,Holyhead Laundry Solutions,"Unit 17a, Penrhos Business Park, Holyhead LL65 2FD, UK",01407 763355,https://www.hlsuk.co.uk/
Wales,Y Felinheli,West wales Laundry,"Unit 12a, Parc, Gwynfryn, Crymych SA41 3RQ, UK",01239 562563,
Wales,Y Felinheli,Westend Launderette,"32 Cardiff Rd, Pwllheli LL53 5NU, UK",01758 612624,
Wales,Usk,Rennels D & E,"12 Bridge St, Usk NP15 1BG, UK",01291 672588,
Wales,Usk,The Copper Tree,"The Copper Tree Ltd, 29 Bridge St, Usk NP15 1BQ, UK",01291 672810,http://www.thecoppertree.co.uk/
Wales,Usk,Pressed & Fresh Ltd.,"Pressed & Fresh Ltd, Newport NP19 4ND, UK",07491 966345,https://www.pressed-and-fresh.co.uk/
Wales,Usk,Clean'd ltd,"Unit 1 block G, penmaen ind est, Pontllanfraith, Blackwood NP12 2DQ, UK",07756 285451,http://www.clean-d.co.uk/
Wales,Usk,Rub a Dub Dub,"22 Brookend St, Ross-on-Wye HR9 7EE, UK",01989 564652,https://rubadubdubdrycleaner.co.uk/
Wales,Creigiau,"Cardiff Perfections Launderette, Dry Cleaning and Alterations","75 Broadway, Cardiff CF24 1QE, UK",029 2169 0360,http://www.cardifflaunderette.com/
Wales,Creigiau,Canton Launderette,"Canton Launderette, Canton Launderette, 244 Cowbridge Rd E, Cardiff CF5 1GZ, UK",029 2041 1111,https://www.canton-launderette.co.uk/
Wales,Creigiau,Penylan Launderette,"29 Pen-Y-Lan Rd, Cardiff CF24 3PG, UK",029 2049 1912,
Wales,Creigiau,The Laundry Room,"164 Clare Rd, Cardiff CF11 6RX, UK",029 2037 6111,
Wales,Creigiau,Drift-In Launderette & Dry Cleaners,"104 Salisbury Rd, Cardiff CF24 4AE, UK",029 2023 9257,https://drift-in.co.uk/
Wales,Creigiau,Wash Inn,"161 Albany Rd, Cardiff CF24 3NT, UK",029 2048 1332,
Wales,Creigiau,Cardiff launderette 3,"108 Whitchurch Rd, Cardiff CF14 3LY, UK",029 2030 0413,http://www.launderroom.com/
Wales,Creigiau,Wash Cycle: Laundry Service Cardiff,"83, Portmanmoor Road Industrial Estate, Cardiff CF24 5HB, UK",07354 244981,http://www.washcycle.co.uk/
Wales,Creigiau,Cardiff Launderette 1,"383 Cowbridge Rd E, Cardiff CF5 1JG, UK",029 2132 2620,https://cardiff-launderette.co.uk/
Wales,Creigiau,Cardiff launderette 2,"790 Newport Rd, Rumney, Cardiff CF3 4FH, UK",029 2132 0060,
Wales,Creigiau,Tophat Albany Ltd,"161 Albany Rd, Cardiff CF24 3NT, UK",029 2048 1332,
Wales,Pen-y-fai,The Caring Laundry,"18 Heol Trelales, Trelales, Bridgend CF32 0HW, UK",01656 768222,http://caringlaundry.co.uk/
Wales,Pen-y-fai,Bridgend Ironing Company,"14 Bakers Way, Bryncethin, Bridgend CF32 9RJ, UK",07894 353260,http://tidyup.yolasite.com/
Wales,Pen-y-fai,Lavish Laundry,"David St, Bridgend CF31 3SA, UK",07713 857090,
Wales,Pen-y-fai,The Wash Shop,"65C Brook St, Tonypandy CF40 1RE, UK",01443 439277,http://www.thewashshoptonypandy.co.uk/
Wales,Pen-y-fai,Ferry Laundry Services Ltd,"83-85 Neath Rd, Briton Ferry, Neath SA11 2DQ, UK",01639 381032,http://www.ferrylaundry.co.uk/
Wales,Pen-y-fai,Penylan Launderette,"29 Pen-Y-Lan Rd, Cardiff CF24 3PG, UK",029 2049 1912,
Wales,Bettws,Revolution Laundry,"Texaco, Monnow Way, Bettws, Newport NP20 7DB, UK",,https://stores.revolution-laundry.com/en-uk/?utm_source=google&utm_medium=directory&utm_campaign=local_visibility&utm_content=google_maps
Wales,Bettws,Stow Hill Launderette,"117 Stow Hill, Newport NP20 4ED, UK",01633 547120,
Wales,Bettws,Quick Fix Laundry,"117 Stow Hill, Newport NP20 4ED, UK",07350 699271,http://www.7daylaundry.com/
Wales,Tanyfron,Dolly Tub,"Dolly Tub Launderette, 50 Pen-Y-Bryn, Wrexham LL13 7HY, UK",01978 353963,http://dolly-tub.co.uk/
Wales,Tanyfron,The Pocket Laundry,"Elwy House, 15 King St, Wrexham LL11 1HF, UK",07767 183455,
Wales,Tanyfron,Bizzy Bees Launderette,"Unit 5 Queensway, Complex, Wrexham LL13 8UH, UK",01978 421359,https://www.facebook.com/pg/bizzybeeslaundrette/about/?ref=page_internal
Wales,Tanyfron,Brymbo Laundry Room,"Railway Rd, Brymbo, Wrexham LL11 5BP, UK",07393 033486,https://www.facebook.com/share/1ApkWZ72co/?mibextid=wwXIfr
Wales,Tanyfron,Robinsons Mrs,"Launderette, Glan-Llyn Rd, Bradley, Wrexham LL11 4BB, UK",01978 750180,
Wales,Tanyfron,Borras Launderette,"32 Borras Park Rd, Wrexham LL12 7TH, UK",01978 351768,http://www.borrasdrycleaners.com/
Wales,Tanyfron,Ronor Launderette,"Maelor Rd, Johnstown, Wrexham LL14 1NB, UK",01978 840604,
Wales,Tanyfron,Diana's Ironing service,"Primrose Way, Wrexham LL11 2AT, UK",07843 018997,https://www.dianasironing.com/
Wales,Tanyfron,Borras Laundry & Linen,"Unit 1, Pandy Business Park, Pandy, Gresford, Wrexham LL11 2UD, UK",01978 664724,https://www.borraslaundryandlinen.co.uk/
Wales,Tanyfron,Johnsons The Cleaners,"C/o Sainsburys, Plas Coch Rd, Wrexham LL11 2BW, UK",01978 290921,http://www.johnsoncleaners.com/branch/Wrexham-Sainsburys
Wales,Tanyfron,Rhosddu Dry Cleaners,"24 Rhosddu Rd, Wrexham LL11 2NS, UK",01978 291169,
Wales,Merlin's Bridge,Widow Twankeys,"162-164 Prendergast, Haverfordwest SA61 2PQ, UK",01437 765695,
Wales,Merlin's Bridge,Thomsons Pembrokeshire Ltd,"140 Haven Rd, Haverfordwest SA61 1DP, UK",01437 762040,http://www.thomsonslaundry.co.uk/
Wales,Merlin's Bridge,Snowdrop Laundry & Dry-cleaning,"Pembrookeshire, Unit 1-3 Snowdrop Ln, Haverfordwest SA61 1ET, UK",01437 768765,
Wales,Llanidloes,Duvets Launderette,"Church Ln, Llanidloes SY18 6AW, UK",,
Wales,Trimsaran,Pontiets Laundry,"172 Heol Y Meinciau, Pont-iets, Llanelli SA15 5SN, UK",07980 822281,
Wales,Trimsaran,Morrisons Daily,"62, 62a Heol Morlais, Trimsaran, Kidwelly SA17 4DG, UK",0333 049 1910,https://my.morrisons.com/storefinder/61166/morrisons-daily-kidwelly-trimsaran
Wales,Trimsaran,Crosshands laundry,"30 Llandeilo Rd, Cross Hands, Llanelli SA14 6NA, UK",01269 842223,https://en-gb.facebook.com/pages/category/Laundromat/Cross-Hands-Laundry-823563994478865/
Wales,Trimsaran,Lindys Launderette,"44 Thomas St, Llanelli SA15 3JA, UK",01554 758645,
Wales,Trimsaran,Teilo Laundry,"41 New Rd, Llandeilo SA19 6DF, UK",01558 824406,
Wales,Trimsaran,The Launderette Station,"46 Station Rd, Fforest-fach, Swansea SA5 5AU, UK",07496 792751,https://m.facebook.com/thelaunderettestation/
Wales,Trimsaran,Waterside Laundry,"448 Gower Rd, Killay, Swansea SA2 7AL, UK",07855 928436,
Wales,Trimsaran,West wales Laundry,"Unit 12a, Parc, Gwynfryn, Crymych SA41 3RQ, UK",01239 562563,
Wales,Trimsaran,Treforys Laundry Centre,"13 Woodfield St, Morriston, Swansea SA6 8AQ, UK",01792 931461,
Wales,Trimsaran,Gowerton Laundry,"3 Gorwydd Rd, Gowerton, Swansea SA4 3AG, UK",01792 875182,
Wales,Trimsaran,Hardpressed,"44 St Teilo St, Pontarddulais, Swansea SA4 8SZ, UK",01792 885308,
Wales,Gilwern,One Stop Gilwern,"Crickhowell Road, Gilwern, Abergavenny NP7 0DF, UK",,
Wales,Gilwern,Londis,"18, 20 Main Rd, Gilwern, Abergavenny NP7 0AP, UK",01873 832255,https://www.londis.co.uk/?utm_source=gmb&utm_medium=yext
Wales,Gilwern,The Laundry Basket,"Station Enterprises, Station Rd, Abergavenny NP7 5HY, UK",01873 857456,
Wales,Gilwern,The Ironing Centre,"101 Bailey St, Brynmawr, Ebbw Vale NP23 4DN, UK",07593 191511,
Wales,Gilwern,Quick Fix Laundry,"117 Stow Hill, Newport NP20 4ED, UK",07350 699271,http://www.7daylaundry.com/
Wales,Gilwern,Stow Hill Launderette,"117 Stow Hill, Newport NP20 4ED, UK",01633 547120,
Wales,Gilwern,The Wash Shop,"65C Brook St, Tonypandy CF40 1RE, UK",01443 439277,http://www.thewashshoptonypandy.co.uk/
Wales,Gilwern,West wales Laundry,"Unit 12a, Parc, Gwynfryn, Crymych SA41 3RQ, UK",01239 562563,
Wales,Gilwern,pontygwaith launderette,"109 Llewellyn St, Pontygwaith, Ferndale CF43 3LD, UK",01443 730517,
Wales,Cilfrew,Neath Launderette,"98 Windsor Rd, Neath SA11 1NR, UK",07835 768803,
Wales,Cilfrew,U Wash I Dry,"47 Burrows Rd, Skewen, West Glamorgan, Neath SA10 6AB, UK",01792 321542,
Wales,Cilfrew,Ferry Laundry Services Ltd,"83-85 Neath Rd, Briton Ferry, Neath SA11 2DQ, UK",01639 381032,http://www.ferrylaundry.co.uk/
Wales,Cilfrew,Sudz Laundry Service,"31 Villiers St, Briton Ferry, Neath SA11 2DZ, UK",07505 780124,
Wales,Cilfrew,Whirlpool Launderette Ltd,"96 Talbot Rd, Port Talbot SA13 1LB, UK",01639 884889,
Wales,Cilfrew,Treforys Laundry Centre,"13 Woodfield St, Morriston, Swansea SA6 8AQ, UK",01792 931461,
Wales,Machynlleth,AJ Laundry Services Ltd,"Office 1 @, Unit 2, Treowain Enterprise Park, Forge Rd, Machynlleth SY20 8EG, UK",07957 201574,https://ajcleaningservice.co.uk/laundry.html
Wales,Machynlleth,Scc Laundry,"Dyfi Eco Park, Machynlleth SY20 8AX, UK",01654 523552,https://www.scclaundryltd.co.uk/contact
Wales,Machynlleth,Nigel's Launderette,"New St, Machynlleth SY20 8AT, UK",,
Wales,Resolven,Revolution Laundry,"The Lamb And Flag Pub, 1 Wellfield Pl, Glynneath, Neath SA11 5ER, UK",0800 208 1299,https://www.thelaundryrevolution.co.uk/find-a-machine
Wales,Resolven,Sudz Laundry Service,"31 Villiers St, Briton Ferry, Neath SA11 2DZ, UK",07505 780124,
Wales,Resolven,Neath Launderette,"98 Windsor Rd, Neath SA11 1NR, UK",07835 768803,
Wales,Resolven,Ferry Laundry Services Ltd,"83-85 Neath Rd, Briton Ferry, Neath SA11 2DQ, UK",01639 381032,http://www.ferrylaundry.co.uk/
Wales,Resolven,U Wash I Dry,"47 Burrows Rd, Skewen, West Glamorgan, Neath SA10 6AB, UK",01792 321542,
Wales,Resolven,Washed 4U Launderette,"41 Heol-Jiwbili, Cwmafon, Port Talbot SA12 9NR, UK",07928 605620,
Wales,Resolven,Glynneath laundry services,"The old hall, Pentre St, Glynneath, Neath SA11 5HA, UK",,
Wales,Resolven,Solo Laundry Services,"Unit 4, Kenfig Industrial Estate, Port Talbot SA13 2PE, UK",01656 740740,https://www.sololaundryservices.com/
Wales,Resolven,Whirlpool Launderette Ltd,"96 Talbot Rd, Port Talbot SA13 1LB, UK",01639 884889,
Wales,Resolven,Treorchy Launderette,"123 Bute St, Treorchy CF42 6AY, UK",01443 775363,https://facebook.com/treorchy.laundrette/
Wales,Resolven,Brynmill Launderette,"121 Rhyddings Terrace, Brynmill, Swansea SA2 0DS, UK",01792 448721,https://www.brynmilllaunderette.co.uk/
Wales,Underwood,Oasis Laundrette,"362 Chepstow Rd, Newport NP19 8JH, UK",01633 524476,
Wales,Underwood,Pressed & Fresh Ltd.,"Pressed & Fresh Ltd, Newport NP19 4ND, UK",07491 966345,https://www.pressed-and-fresh.co.uk/
Wales,Underwood,Stow Hill Launderette,"117 Stow Hill, Newport NP20 4ED, UK",01633 547120,
Wales,Underwood,Quick Fix Laundry,"117 Stow Hill, Newport NP20 4ED, UK",07350 699271,http://www.7daylaundry.com/
Wales,Underwood,Pick Up & Press,"201 Cardiff Rd, Newport NP20 3BP, UK",01633 816121,https://www.pickupandpress.co.uk/
Wales,Crickhowell,Cleanian,"4, Upper house farm, Crickhowell NP8 1BZ, UK",07831 332226,https://cleanian.co.uk/
Wales,Crickhowell,Asda Express Crickhowell Petrol Station,"Brecon Rd, Crickhowell, Powys NP8 1DE, UK",01873 770333,https://storelocator.asda.com/wales/powys/brecon-road
Wales,Crickhowell,Beacons Laundry,"St Mary St, Brecon LD3 7AA, UK",,
Wales,Crickhowell,AJ Laundry Services Ltd,"Office 1 @, Unit 2, Treowain Enterprise Park, Forge Rd, Machynlleth SY20 8EG, UK",07957 201574,https://ajcleaningservice.co.uk/laundry.html
Wales,Crickhowell,pontygwaith launderette,"109 Llewellyn St, Pontygwaith, Ferndale CF43 3LD, UK",01443 730517,
Wales,Crickhowell,West wales Laundry,"Unit 12a, Parc, Gwynfryn, Crymych SA41 3RQ, UK",01239 562563,
Wales,Crickhowell,The Wash Shop,"65C Brook St, Tonypandy CF40 1RE, UK",01443 439277,http://www.thewashshoptonypandy.co.uk/
Wales,Maesycwmmer,Ystrad Mynach Dry Cleaning,"18 Penallta Rd, Ystrad Mynach, Hengoed CF82 7AP, UK",01443 812751,https://ystradmynachdrycleaning.co.uk/
Wales,Maesycwmmer,White City Launderette,"Newport Rd, Trethomas, Caerphilly CF83 8BY, UK",029 2088 4260,https://www.facebook.com/whitecitylaundry/
Wales,Maesycwmmer,Michelle’s Laundry Box Ltd,"55 Mill Rd, Caerphilly CF83 3FD, UK",029 2086 2123,https://www.facebook.com/lboxltd/
Wales,Maesycwmmer,Revolution Laundry,"Bryn Rd Texaco, Pontllanfraith, Crown, Cross Service Station, Pontllanfraith, Blackwood NP12 2HA, UK",,https://stores.revolution-laundry.com/en-uk/?utm_source=google&utm_medium=directory&utm_campaign=local_visibility&utm_content=google_maps
Wales,Maesycwmmer,Revolution Laundry,"Castle Court Shopping Centre, Castle St, Caerphilly CF83 1NU, UK",,https://stores.revolution-laundry.com/en-uk/?utm_source=google&utm_medium=directory&utm_campaign=local_visibility&utm_content=google_maps
Wales,Pembrey,Britewash Launderette Burry Port,"58 Station Rd, Burry Port SA16 0LW, UK",07971 756721,
Wales,Pembrey,Pontiets Laundry,"172 Heol Y Meinciau, Pont-iets, Llanelli SA15 5SN, UK",07980 822281,
Wales,Pembrey,Pembrey beach,"Burry Port SA16 0EJ, UK",,https://www.pembreycountrypark.wales/
Wales,Pembrey,Pembrey Country Park & Beach - Car Park 8,"Burry Port SA16 0EJ, UK",,https://www.pembreycountrypark.wales/parking-annual-parking-permits/
Wales,Pembrey,Pembrey Country Park,"Pembrey, Burry Port SA16 0EJ, UK",01554 742435,http://www.pembreycountrypark.wales/
Wales,Pembrey,Lindys Launderette,"44 Thomas St, Llanelli SA15 3JA, UK",01554 758645,
Wales,Benllech,Freshify Cleaning and Laundry,"Lon Pant Y Cudyn, Benllech, Tyn-y-Gongl LL74 8UF, UK",07432 394418,https://freshifyanglesey.co.uk/
Wales,Benllech,Y Ty Golchi Benllech Washhouse,"4 Greenway, Lon Gwion, Benllech, Tyn-y-Gongl LL74 8TL, UK",01248 853377,
Wales,Hay-on-Wye,Hay-on-Wye Launderette,"Bell Bank, Hay-on-Wye, Hereford HR3 5AH, UK",01497 847073,
Wales,Dyserth,Monarch,"31-33 Meliden Rd, Prestatyn LL19 9SD, UK",01745 854285,http://www.laundryservicesinwales.co.uk/
Wales,Dyserth,The Unisex Hair Salon & Tanning Sudio,"2, Elwy Buildings, High St, Dyserth, Rhyl LL18 6AA, UK",07766 605609,
Wales,Dyserth,Bendix Launderette,"137 Wellington Rd, Rhyl LL18 1LE, UK",01745 354236,https://loverhyl.co.uk/business/bendix-launderette/
Wales,Goodwick,Hayley's Launderette,"Main St, Goodwick SA64 0BL, UK",,
Wales,Trelewis,Squeeky Clean (Wales) Ltd,"8 Beechcroft, Trelewis, Treharris CF46 6BP, UK",07969 087772,
Wales,Trelewis,Premier,"36 High St, Trelewis, Treharris CF46 6AB, UK",01433 413109,https://www.premier-stores.co.uk/?utm_source=gmb&utm_medium=yext
Wales,Trelewis,Joe's Fish Shop - Trelewis,"Gelligaer Rd, Trelewis, Treharris CF46 6DN, UK",01443 413661,https://joesfishshop.com/
Wales,Trelewis,Treforest Launderette,"64 Park St, Treforest, Pontypridd CF37 1SN, UK",01443 401427,
Wales,Trelewis,Evri ParcelShop,"36 High St, Trelewis, Treharris CF46 6AB, UK",0330 808 5456,https://www.evri.com/?utm_source=google&utm_medium=organic-local&utm_campaign=Treharris&utm_content=S40506
Wales,Trelewis,Sew Easy Alterations,"25 Twynygarreg, Treharris CF46 5RL, UK",07931 919630,https://linktr.ee/seweasybridal
Wales,Trelewis,DHL eCommerce ServicePoint Treharris,"Mid Glamorgan, 45 W View Cres, Trelewis, Treharris CF46 6DE, UK",024 7693 7770,https://www.dhl.com/gb-en/ecommerce/uk/business-services/servicepoints.html
Wales,Trelewis,UPS Access Point,"1 Wern Cres, Nelson, Treharris CF46 6NE, UK",0345 787 7877,https://www.ups.com/gb/en/services/e-commerce/access-point-network.page
Wales,Trelewis,DHL eCommerce ServicePoint Treharris,"1 Fox St, Treharris CF46 5HE, UK",024 7693 7770,https://www.dhl.com/gb-en/ecommerce/uk/business-services/servicepoints.html
Wales,Trelewis,The Wash Shop,"65C Brook St, Tonypandy CF40 1RE, UK",01443 439277,http://www.thewashshoptonypandy.co.uk/
Wales,Trelewis,pontygwaith launderette,"109 Llewellyn St, Pontygwaith, Ferndale CF43 3LD, UK",01443 730517,
Wales,Trelewis,DHL eCommerce ServicePoint Treharris,"3 The Gdns, Treharris CF46 5AL, UK",024 7693 7770,https://www.dhl.com/gb-en/ecommerce/uk/business-services/servicepoints.html
Wales,Trelewis,Poppy's Launderette,"38 Castle St, Tredegar NP22 3DQ, UK",01495 717786,
Wales,Rhayader,Rhayader Laundrette,"East St, Rhayader LD6 5DN, UK",07976 609886,
Wales,St Davids,Ocean Haze Laundrette,"Road, St Davids, Haverfordwest SA62 6QN, UK",,
Wales,Tregaron,Debonair Gift Emporium,"Tregaron SY25 6JN, UK",,
Wales,Tregaron,Tregaron Trading Services Ltd,"Neuaddlas, Tregaron SY25 6LG, UK",01974 298380,http://www.ttswales.co.uk/
Wales,Tregaron,The Cleaning Lady - Tregaron,"Pwllswyddog, Tregaron SY25 6JG, UK",07837 267928,https://www.facebook.com/people/The-Cleaning-Lady-Tregaron/100063467441381/
Wales,Tregaron,Medical Hall,"Station Rd, Tregaron SY25 6HU, UK",01974 299022,
Wales,Tregaron,Cambrian Power Tools,"Glendale, Tregaron SY25 6QT, UK",01974 298244,https://www.cambrianpowertools.co.uk/
Wales,Tregaron,"""I like cleaning!""","16 Hyfrydle, Llanddewi-Brefi, Tregaron SY25 6UT, UK",07946 279123,https://www.facebook.com/I-Like-Cleaning-101496068382362
Wales,Tregaron,Aeron riverside laundry ltd,"Unit 10 Clos Pengarreg, Aberaeron SA46 0DX, UK",01545 578488,https://aeronriversidelaundry.co.uk/
Wales,Tregaron,Baywash,"Queen's Rd, Aberystwyth SY23 2HG, UK",01970 634440,https://www.baywash.wales/
Wales,Tregaron,West Coast cleaning and linen hire services ltd,"West Coast cleaning and linen hire services ltd, Brynog barn, Felinfach, Lampeter SA39 9DU, UK",07794 045888,
Wales,Tregaron,Golchi a Sychu,"Aberporth, Cardigan SA43 2EU, UK",01239 811175,
Wales,Tregaron,West wales Laundry,"Unit 12a, Parc, Gwynfryn, Crymych SA41 3RQ, UK",01239 562563,
Wales,Tregaron,Launderette Golchdy,"Aberystwyth SY23 2JN, UK",,
Wales,Tregaron,Golchdy-Launderette,"Llanbadarn Fawr, Aberystwyth SY23 3RA, UK",,
England,London,Green Laundrette & Dry Cleaning,"39A Lilestone St, London NW8 8SS, UK",07965 733733,http://www.greenlaundrette.com/
England,London,264 St John Street Launderette & Dry Cleaning,"264 St John St, London EC1V 4PE, UK",07843 061099,http://ec1laundrycleaning.com/
England,London,Linsey Laundry Launderette,"20 Linsey St, London SE16 3YD, UK",,https://linseylaundry.co.uk/
England,London,Laundromat & Dry Cleaners,"85 Long Ln, London SE1 4PH, UK",,
England,London,Dirty Laundry,"255 Wandsworth Rd, Nine Elms, London SW8 2NB, UK",020 7720 1954,https://dirtystuff.co.uk/
England,London,King Square Launderette,"147 Central St, London EC1V 8AP, UK",07908 915437,
England,London,Boswell Laundry,"23 Boswell St, London WC1N 3BW, UK",020 7404 1248,http://boswelllaundrette.com/
England,London,Central Wash - Launderette,"92 Crawford St, London W1H 2HE, UK",020 7563 7045,
England,London,Kings Launderette,"114 Cromer St, London WC1H 8BS, UK",020 7837 9245,https://kingslaunderette.wordpress.com/
England,London,Barbican Launderette,"2 Fann St, Barbican, London EC2Y 8BR, UK",07888 708004,https://www.instagram.com/barbicanlaunderette
England,London,Golden Laundrette,"78 Marchmont St, London WC1N 1AG, UK",020 7387 3667,
England,London,Kings & Queens Dry Cleaning and Laundrette,"221 Waterloo Rd, London SE1 8XH, UK",020 7112 4886,http://www.knqdcl.co.uk/
England,London,Heck Of A Wash,"109 High Rd, London N2 8AG, UK",020 8883 0294,https://heckofawash.co.uk/
England,London,True Colours Launderette,"13 Regency Pl, London SW1P 2EB, UK",,
England,London,Launderette Centre,"The Launderette Centre, 5 Porchester Rd, London W2 5DP, UK",020 7727 7735,
England,London,abbey street launderette,"113 Abbey St, London SE1 3NP, UK",07448 656913,
England,London,Lancaster Launderette & Dry Cleaners,"28 Craven Terrace, London W2 3EL, UK",020 7706 3145,
England,London,Posh Wash Launderette & Dry Cleaners,"Chester Court, Albany St, London NW1 4BU, UK",020 7486 6883,http://poshwash-regents.com/
England,London,Royal Dry Cleaners,"Gensurco House, 46 Rosebery Ave, London EC1R 4RP, UK",020 7833 4984,
England,London,That Nice Laundrette,"3 Crowndale Rd, London NW1 1TU, UK",020 7383 0791,
England,London,London Laundry and Dry Cleaning,"33 Melcombe St, London NW1 6AG, UK",020 7935 9836,https://www.londonlaundry.co.uk/
England,London,Super Choice Laundrette,"1 Jonathan St, London SE11 5NH, UK",,
England,London,Long Lane Launderette,"156 Long Ln, London SE1 4BS, UK",020 7403 9259,http://www.longlanelaunderette.com/
England,London,Spick & Span Launderette and Dry Cleaning,"291 Battersea Park Rd, London SW11 4LX, UK",020 7622 0411,
England,London,Central Wash,"17 Star St, Tyburnia, London W2 1QD, UK",020 7706 4535,https://www.centralwash.co.uk/
England,London,Pimlico Launderette and Dry cleaner.,"3 Westmoreland Terrace, Pimlico, London SW1V 4AG, UK",07391 001142,https://www.pimlicolaunderette.co.uk/
England,London,Laundrette,"32 North End Crescent, London W14 8TD, UK",,
England,London,The Launderette SW8,"137 S Lambeth Rd, London SW8 1XB, UK",020 3859 9745,http://www.launderettesw8.co.uk/
England,London,The Laundry Inn,"2 Dunton Rd., London SE1 5TJ, UK",020 3643 9524,http://thelaundryinn.com/
England,London,Landor Road Launderette,"29 Landor Rd, London SW9 9RT, UK",,
England,London,London launderette,"344 East St, London SE17 2SX, UK",,
England,London,Horizon Launderette,"181 Garratt Ln, London SW18 4DP, UK",020 8488 8737,http://www.facebook.com/horizonlaunderette
England,London,Central Wash Launderette,"184 Queensway, London W2 6LY, UK",020 7727 0306,
England,London,The Lavender Launderette,"13 Lavender Hill, London SW11 5QW, UK",020 7228 9030,
England,London,Quick Clean Laundrette,"Burslem St, London E1 2LN, UK",,
England,London,Sparkle Launderette & Dry Cleaners,"24, Chepstow Corner, London W2 4XE, UK",020 3730 9567,http://www.sparkledrycleaner.co.uk/
England,London,Belsize Lane Launderette,"54 Belsize Ln, Belsize Park, London NW3 5AR, UK",020 7435 9041,
England,London,1st Class Laundrette,"408 Kingsland Rd, London E8 4AA, UK",07494 602278,
England,London,Boundary Estate Community Launderette,"28 Calvert Ave, London E2 7JP, UK",07591 536223,https://www.facebook.com/boundarylaunderette
England,London,Millennium Launderette,"288 Harrow Rd, London W2 5ES, UK",07506 825999,
England,London,New Cross Launderette,"369 New Cross Rd, London SE14 6AT, UK",020 8692 6052,
England,London,Miracle Dry Cleaners And Laundry,"9 Gloucester Rd, South Kensington, London SW7 4PP, UK",020 3441 9255,https://miracledrycleaners.co.uk/
England,London,Jamaica Road Launderette,"198 Jamaica Rd, London SE16 4RT, UK",020 7231 9598,https://www.jamaicaroadlaunderette.com/
England,London,Lillie launderette &Drycleaning,"282 Lillie Rd, London SW6 7PX, UK",020 7385 6162,http://www.lillielaundry.com/
England,London,FS Laundrette,"270 Old Kent Rd, London SE1 5UB, UK",020 8616 1460,
England,London,Coin-op laundry,"60 St Peter's St, London N1 8JT, UK",020 7226 9650,
England,London,Super wash launderette dry cleaners,"138A Essex Rd, London N1 8LX, UK",020 3609 3806,
England,London,Wapping Laundrette,"62 Wapping Ln, London E1W 2RL, UK",020 7702 9954,
England,London,Panda Laundry,"70 Plender St, London NW1 0LBl, UK",020 3033 0008,
England,London,Baker Street Dry Cleaners and Tailors,"dry cleaners and Tailors, 13B Crawford St, Baker St, London W1U 6BZ, UK",07784 131000,http://www.bsdrycleaners.co.uk/
England,London,Launderette,"103c Dalston Ln, London E8 1NH, UK",07868 845799,
England,London,Rebel Launderette & Dry Cleaners,"43a Mile End Rd, Bethnal Green, London E1 4TP, UK",020 7791 1048,
England,London,The Launderette,"Swanscombe House, 2 Swanscombe Rd, London W11 4SX, UK",020 7371 4914,
England,London,N1 Laundrette,"83 Murray Grove, London N1 7QJ, UK",07440 641395,
England,London,Lambeth Laundrette,"153 Lambeth Walk, London SE11 6EE, UK",020 7735 2148,
England,London,Smart Line Dry Cleaners,"54 Coram St, London WC1N 1HB, UK",020 7278 4724,
England,London,Elegance Laundrette & Dry Cleaners,"26 Hereford Rd, London W2 4AA, UK",020 7229 1442,https://www.facebook.com/ELEGANCEDRYCLEANERS
England,London,Star Launderettes,"58 Herbert Rd, London SE18 3SH, UK",020 8854 8953,
England,London,Bubbles Laundrette,"106 Malden Rd, London NW5 4DA, UK",020 7485 5963,
England,London,Laundrette London,"126 Salmon Ln, London E14 7PQ, UK",07966 916313,
England,Birmingham,Laundry Lane,"302 Haunch Ln, Birmingham B13 0QS, UK",0121 714 5164,http://laundry-lane.co.uk/
England,Birmingham,Pablos Laundry,"6 King Edwards Rd, Birmingham B1 2PZ, UK",0121 455 0848,https://www.facebook.com/PablosLaundry/
England,Birmingham,E Launderette Express Ltd,"218 New John St W, Birmingham B19 3UA, UK",07438 625981,http://www.elaunderetteexpress.co.uk/
England,Birmingham,Washline Launderette & Dry Cleaners,"182 Gravelly Ln, Birmingham B23 5SN, UK",07773 444344,
England,Birmingham,Beauchamp Laundry Service,"10 Beauchamp Ave, Birmingham B20 1DR, UK",07896 998241,https://beauchamplaundryservice.co.uk/
England,Birmingham,Park Laundry,"236 Warwick Rd, Greet, Birmingham B11 2NB, UK",0121 771 1202,
England,Birmingham,Moseley Washeteria,"90 St Mary's Row, Moseley, Birmingham B13 9EF, UK",0121 449 1073,http://www.moseley-wash.co.uk/
England,Birmingham,Rafiki Launderette & Dry Cleaning,"602 Bearwood Rd, Bearwood, Smethwick B66 4BW, UK",0121 555 1130,http://www.rafikilaundry.co.uk/
England,Birmingham,Slade Launderette,"264 Slade Rd, Birmingham B23 7LX, UK",0121 373 2583,
England,Birmingham,Washways laundry & dry cleaners,"211 Streetly Rd, Birmingham B23 7AH, UK",0121 384 1515,
England,Birmingham,Aston Wash & Dry,"Bevington Rd, Birmingham B6 6JB, UK",07878 978904,
England,Birmingham,Tip Top Launderette and Dry Cleaners.,"Chad Square, Hawthorne Rd, Birmingham B15 3TQ, UK",0121 455 0224,https://tiptop-drycleaners.com/
England,Birmingham,Classy Dry Cleaning & Laundry Company,"201 Hagley Rd, Birmingham B16 9RE, UK",0121 455 7100,
England,Birmingham,Krown Kleaners,"778 Coventry Rd, Small Heath, Birmingham B10 0TX, UK",0121 771 3087,
England,Birmingham,Fine Dry Cleaners & Laundrette / Laundry,"Opposite Lilds, 552 Moseley Rd, Balsall Heath, Birmingham B12 9AD, UK",0121 449 6361,
England,Birmingham,Harborne Laundrette,"291 High St, Harborne, Birmingham B17 9QH, UK",07531 546490,https://www.yelp.co.uk/biz/harborne-launderette-birmingham
England,Birmingham,Holyhead Road Laundrette,"109 Holyhead Rd, Birmingham B21 0HH, UK",07958 587279,
England,Birmingham,Foam Launderette,"421 Hagley Rd W, Quinton, Birmingham B32 2AD, UK",07941 687980,
England,Birmingham,Rainbow Laundrette,"15 Church Vale, Handsworth, Birmingham B20 3SG, UK",0121 551 4727,
England,Birmingham,ROUNDABOUT WASHRAIL EXPRESS LAUNDRY & DRY CLEANERS,"39 Pershore Rd S, Cotteridge, Birmingham B30 3EG, UK",0121 458 5433,
England,Birmingham,Swift Launderette,"52 Poplar Rd, King's Heath, Birmingham B14 7AG, UK",0121 687 2687,http://www.facebook.com/KHLaunderette
England,Birmingham,Clean Quick Laundry,"140C Heathfield Rd, Handsworth, Birmingham B19 1JF, UK",07496 483284,
England,Birmingham,Mimi's Launderette,"64 Swarthmore Rd, Birmingham B29 4JT, UK",0121 408 2175,https://www.facebook.com/profile.php?id=61581646640439
England,Birmingham,Starlight Laundry,"209 Swanshurst Ln, Birmingham B13 0AR, UK",07576 170392,http://www.starlightlaundry.co.uk/
England,Birmingham,Revolution Laundry,"Murco, Summer Ln, Birmingham B19 3ND, UK",,https://stores.revolution-laundry.com/en-uk/?utm_source=google&utm_medium=directory&utm_campaign=local_visibility&utm_content=google_maps
England,Birmingham,Washworld Laundry Services,"2 Horton Square, Birmingham B12 0YR, UK",0121 440 7754,http://www.washworld.co.uk/
England,Birmingham,Laundrette Revolution,"705-719 Pershore Rd, Birmingham B30 3BH, UK",,https://stores.revolution-laundry.com/en-uk/?utm_source=google&utm_medium=directory&utm_campaign=local_visibility&utm_content=google_maps
England,Birmingham,Lucy's Laundry,"209 Swanshurst Ln, Birmingham B13 0AR, UK",,
England,Birmingham,Scrubs Launderette,"382 Boldmere Rd, The Royal Town of Sutton Coldfield, Birmingham, Sutton Coldfield B73 5EZ, UK",0121 386 2441,
England,Birmingham,Five Star Dry Cleaning & Shoe Repairs,"15 Newtown Shopping Centre, Birmingham B19 2SA, UK",0121 359 2390,
England,Birmingham,Park Dry Cleaners,"331 Fox Hollies Rd, Birmingham B27 7PS, UK",0121 706 4555,
England,Birmingham,Sheldon Laundries,"236 Barrows Ln, Birmingham B26 1RL, UK",0121 742 9000,http://www.sheldonlaundry.co.uk/
England,Birmingham,Shirley Road Laundrette,"177 Shirley Rd, Birmingham B27 7NP, UK",0121 707 5966,
England,Birmingham,J&S Dry-cleaners/ Laundrette,"72 Charles Rd, Birmingham B10 9EU, UK",0121 649 6719,
England,Birmingham,Dudley Road Launderette,"394 Dudley Rd, Birmingham B18 4HH, UK",0121 558 4246,
England,Birmingham,Washland,"58 Yardley Rd, Birmingham B27 6LG, UK",0121 707 3020,
England,Birmingham,Tile Cross Launderette,"255 Tile Cross Rd, Birmingham B33 0NA, UK",0121 779 5095,
England,Birmingham,Launderette,"48-55 Holloway Head, Birmingham B1 1NG, UK",,https://stores.revolution-laundry.com/en-uk/?utm_source=google&utm_medium=directory&utm_campaign=local_visibility&utm_content=google_maps
England,Birmingham,Gloria's Superwash Laundrette,"Handsworth, Birmingham B19 2TS, UK",0121 554 7124,
England,Birmingham,Krystal Kleen,"808 Alcester Rd S, Birmingham B14 5HH, UK",0121 474 3427,http://www.krystalkleen.co.uk/
England,Birmingham,Dollies Laundry,"383 Birmingham Rd, The Royal Town of Sutton Coldfield, Birmingham, Sutton Coldfield B72 1AT, UK",0121 714 6508,
England,Birmingham,Launderama,"525 Queslett Rd, Birmingham B43 7ER, UK",0121 360 6957,http://launderamabirmingham.co.uk/
England,Birmingham,Kitts Green Laundrette,"9 Kitt's Green Rd, Birmingham B33 9NY, UK",07985 115224,
England,Birmingham,Khan & Sons,"407 Alum Rock Rd, Birmingham B8 3DT, UK",0121 328 6943,
England,Birmingham,Warley Woods Launderette,"119A Pottery Rd, Smethwick, Oldbury B68 9HE, UK",07377 102579,
England,Birmingham,Iron Maidens,"1227 Pershore Rd, Stirchley, Birmingham B30 2YT, UK",0121 459 5999,
England,Birmingham,Bubbles Linen and Laundry Services Ltd,"1 Oxhill Rd, Shirley, Solihull B90 1LR, UK",0121 798 2825,https://www.bubbleslinenandlaundry.co.uk/
England,Birmingham,Tyburn Road Laundrette,"1004 Tyburn Rd, Birmingham B24 0TL, UK",,
England,Birmingham,SPARKBROOK LAUNDRy,"88 Stratford Rd, Birmingham B11 1AN, UK",0121 293 7495,
England,Birmingham,"Cabbage White Dry Cleaning & Laundry , Dry cleaners in birmingham","H Suite, 100 Icknield Port Rd, Birmingham B16 0AA, UK",0121 448 6727,http://www.cabbagewhite.co.uk/
England,Birmingham,Gospel Lane Launderette,"362 Gospel Ln, Acocks Green, Solihull, Birmingham B27 7AJ, UK",07870 890007,
England,Birmingham,Laundry Buster,"42 Tysoe Rd, Birmingham B44 8JT, UK",,http://www.laundrybuster.co.uk/
England,Birmingham,Park Avenue Laundry Services,"596 College Rd, Birmingham B44 0HU, UK",0121 382 3331,
England,Birmingham,Selly Soak,"556 Bristol Rd, Birmingham B29 6BD, UK",0121 448 0665,https://www.facebook.com/SellySoakLaundrette?fref=nf
England,Birmingham,The Clean Care Centre,"150 Station Rd, Birmingham B33 8BT, UK",0121 783 6318,
England,Birmingham,"Cabbage White Dry Cleaning & Linen Services, Dry cleaners in Moseley","144 Alcester Rd, Moseley, Birmingham B13 8HS, UK",0121 449 6002,https://cabbagewhite.co.uk/
England,Birmingham,Wash Express,"250 Mackadown Ln, Birmingham B33 0LE, UK",0121 783 3333,https://www.facebook.com/Wash-Express-412816719178926/
England,Birmingham,Crystal Kleaners,"209 Station Rd, Birmingham B33 8BB, UK",0121 786 2200,
England,Birmingham,Abbey Dry Cleaners & Laundry,"29 Abbey Rd, Bearwood, Smethwick B67 5RA, UK",0121 530 8487,https://abbeydrycleaner.com/
England,Birmingham,Five ways dry cleaner,"71 Grosvenor St W, Birmingham B16 8HJ, UK",07809 672152,
England,Leeds,Spen Lane Launderette,"205 Butcher Hill, Leeds LS16 5BQ, UK",0113 278 3345,http://www.spenlanecleaners.co.uk/
England,Leeds,Laundrette168,"168a Harehills Ln, Harehills, Leeds LS8 5JP, UK",0113 323 1454,
England,Leeds,McClary Laundrette Leeds,"67 Haddon Rd, Burley, Leeds LS4 2JE, UK",0113 274 8397,
England,Leeds,Laundry Lab,"104 Lidgett Ln, Roundhay, Leeds LS8 1HR, UK",07596 537358,http://www.laundrylab.co.uk/
England,Leeds,24 laundromat,"Leeds City Centre, Leeds LS2 8NG, UK",0330 353 0247,https://www.24laundromat.com/locations/leeds-merrion-centre/
England,Leeds,Harehills Super wash laundrette &dry cleaning,"405 Harehills Ln, Harehills, Leeds LS9 6AP, UK",0113 249 6954,
England,Leeds,My Beautiful Launderette,"6 Woodsley Rd, Woodhouse, Leeds LS3 1DT, UK",0113 242 0238,
England,Leeds,Charing Cross Launderette,"123 Woodhouse St, Woodhouse, Leeds LS6 2PY, UK",0113 345 3043,
England,Leeds,Lincoln green co op launderette & dry cleaners,"90 Lincoln Green Rd, Leeds LS9 7SU, UK",0113 248 0012,
England,Leeds,Time Wash Laundry Service Ltd,"211 Chapeltown Rd, Leeds LS7 3DX, UK",0113 262 1100,
England,Leeds,Bright Wash laundrette & dry cleaners,"589 Meanwood Rd, Meanwood, Leeds LS6 4AY, UK",0113 275 9664,
England,Leeds,Coin-Op Wash & Dry,"303 Roundhay Rd, Harehills, Leeds LS8 4HT, UK",0113 249 0597,
England,Leeds,The Laundry Room,"Stainbeck Ln, Chapel Allerton, Leeds LS7 3PG, UK",,
England,Leeds,Mrs Bright Superior Laundrette,"34 Whitecote Hill, Bramley, Leeds LS13 3LB, UK",07539 351260,https://www.facebook.com/Bramley-Laundrette-100668852791156/
England,Leeds,The Wash House,"12 Manston Approach, Cross Gates, Leeds LS15 8BQ, UK",0113 260 1708,
England,Leeds,Moortown Laundrette Woodsley Road,"6 Woodsley Rd, Woodhouse, Leeds LS3 1DT, UK",0113 294 1308,
England,Leeds,Cardigan Road Dry Cleaner,"125 Cardigan Rd, Leeds LS6 1LU, UK",0113 275 0622,
England,Leeds,Peggy Tub Laundrette,"26 Manor Rd, Rothwell, Leeds LS26 0RD, UK",0113 819 5957,
England,Leeds,West Park Laundry & Dry Cleaning,"265 Otley Rd, Weetwood, Leeds LS16 5LN, UK",0113 278 9738,
England,Leeds,Smart Wash Laundrette& Dry Cleaners,"269 Beeston Rd, Beeston, Leeds LS11 7LR, UK",0113 277 0945,
England,Leeds,Coin Op Launderette,"382 Dewsbury Rd, Beeston, Leeds LS11 7JX, UK",0113 270 7733,
England,Leeds,Harehills Laundrette & Dry Cleaners,"129 Harehills Rd, Harehills, Leeds LS8 5BW, UK",0113 249 4740,
England,Leeds,Hunslet laundrette & dry cleaners,"23, The Penny Hill Centre, shopping Centre, Church St, Hunslet, Leeds LS10 2AP, UK",07399 362719,
England,Leeds,Suds Launderette and Dry Cleaners,"64 Victoria Rd, Morley, Leeds LS27 9DS, UK",0113 253 5876,https://sudscleaners.co.uk/
England,Leeds,Soap Opera,"240 Easterly Rd, Leeds LS8 3ES, UK",0113 240 5045,
England,Leeds,Moortown Dry Cleaners & Laundrette Services,"8 Queenshill Approach, Moortown, Leeds LS17 6AY, UK",0113 268 1000,https://www.moortowndrycleaners.co.uk/
England,Leeds,Posh Wash,"60 Colwyn Rd, Leeds LS11 6LP, UK",,
England,Leeds,Bubbles,"9 Town St, Farsley, Pudsey LS28 5EN, UK",0113 256 0444,http://www.bubbleslaundrette.com/
England,Leeds,Smart wash Laundrette,"201 Dewsbury Rd, Leeds LS11 5EG, UK",0113 277 0945,
England,Leeds,Revolution Laundry,"Town Street Jet, Stanningley, Pudsey LS28 6HQ, UK",,https://stores.revolution-laundry.com/en-uk/?utm_source=google&utm_medium=directory&utm_campaign=local_visibility&utm_content=google_maps
England,Leeds,The Soapy Spin,"64 Town St, Gildersome, Leeds LS27 7AA, UK",07522 924994,
England,Leeds,Johnsons The Cleaners,"83, Slaid Hill, Leeds LS17 8TX, UK",0113 266 8246,http://www.johnsoncleaners.com/branch/Shadwell
England,Leeds,Ria's Laundry and Ironing,"32 Coal Rd, Leeds LS14 2AF, UK",07919 592094,https://riaslaundry.wixsite.com/rias-laundry
England,Leeds,Bubbles,"1 Park Square, Pudsey LS28 7RG, UK",0113 236 1172,
England,Leeds,DryGreen,"Unit 15, Carlton Mill, Pickering St, Armley, Leeds LS12 2QG, UK",0113 245 4333,https://www.drygreenonly.co.uk/
England,Leeds,York Road Laundry,"218 York Rd, Leeds LS9 9LN, UK",07763 251340,
England,Leeds,Magic Ironing and Laundry,"Unite 3, Citispace 45 Byron St, Leeds LS2 7QJ, UK",07867 467025,https://magicironingandlaundry.co.uk/
England,Leeds,Bubbles of Rawdon,"1 Canada Rd, Rawdon, Leeds LS19 6LR, UK",0113 250 2713,http://www.bubbles-launderette.co.uk/
England,Leeds,Classic Cleaners,"24a Dock St, Leeds LS10 1JF, UK",0113 245 4114,
England,Leeds,Flair Cleaners,"71A Harrogate Rd, Chapel Allerton, Leeds LS7 3PQ, UK",0113 268 2127,
England,Leeds,Simply Dry Cleaners,"19A Town St, Horsforth, Leeds LS18 5LJ, UK",0113 258 4137,http://www.simplydrycleaners.co.uk/
England,Leeds,Regency Dry Cleaners,"718 King Ln, Leeds LS17 7BA, UK",0113 261 3055,
England,Leeds,Coin Op Launderette,"Coin Op Launderette, 163-165 Dewsbury Rd, Leeds LS11 5EG, UK",,
England,Leeds,Royale Dry Cleaning,"92A Otley Rd, Headingley, Leeds LS6 4BA, UK",0113 274 9063,
England,Leeds,Revolution Laundry,"Morrisons, Harehills Ln, Harehills, Leeds LS8 3RG, UK",,https://stores.revolution-laundry.com/en-uk/?utm_source=google&utm_medium=directory&utm_campaign=local_visibility&utm_content=google_maps
England,Leeds,Excel Dry Cleaners,"194 New Rd Side, Horsforth, Leeds LS18 4DP, UK",0113 258 8959,https://www.exceldrycleaners.co.uk/
England,Leeds,Classic Cleaners,"60 Armley Ridge Rd, Leeds LS12 3NP, UK",0113 279 6237,https://www.laundryheap.co.uk/dry-cleaner/classic-cleaners/leeds/armley-ridge-rd
England,Leeds,Revolution Laundry,"Park Garage, Ring Rd W Park, Moor Grange Dr, Leeds LS16 6EB, UK",,https://stores.revolution-laundry.com/en-uk/?utm_source=google&utm_medium=directory&utm_campaign=local_visibility&utm_content=google_maps
England,Leeds,Johnsons The Cleaners,"White Rose Shopping Centre, Leeds LS11 8LS, UK",0113 276 0002,http://www.johnsoncleaners.com/branch/White-Rose-Shopping-Centre-Sainsburys
England,Leeds,Washday blues laundry,"154 Pudsey Rd, Leeds LS13 4JG, UK",,
England,Leeds,Headingley Launderette,"Headingley Launderette, Headingley, Leeds LS6 3BR, UK",,
England,Leeds,The Peg & Basket Ltd,"Unit 1, Gloucester Court, Gloucester Terrace, Armley, Leeds LS12 2ER, UK",0113 263 6361,http://www.pegandbasket.com/
England,Leeds,C & C Clean,"50 Whitebridge Ave, Leeds LS9 0EL, UK",0113 248 4601,
England,Sheffield,The New City Road Laundry Service,"716 City Rd, Sheffield S2 1GJ, UK",0114 239 0514,https://www.newcityroadlaundry.co.uk/
England,Sheffield,Laundry Room & Dry Cleaners Sheffield,"Bushbury House, St Mary's Gate, Highfield, Sheffield S2 4QA, UK",0114 296 0348,https://www.laundryroomsheffield.co.uk/
England,Sheffield,Sparks Laundry & Dry Cleaning,"855 Ecclesall Rd, Sheffield S11 8TL, UK",0114 266 7417,http://www.sheffielddrycleaners.co.uk/
England,Sheffield,Laundreams: Total Laundry Services,"273 Fox Hill Rd, Fox Hill Cres, Sheffield S6 1HG, UK",0114 231 3499,http://www.laundreams.co.uk/
England,Sheffield,Elements Laundry & Dry Cleaners,"6 Wostenholm Rd, Nether Edge, Sheffield S7 1LJ, UK",0114 258 2487,http://www.elementsldc.co.uk/
England,Sheffield,Sparks Laundry & Dry Cleaning,"327 Meadowhead, Norton, Sheffield S8 7UP, UK",0114 274 5101,http://www.sheffielddrycleaners.co.uk/
England,Sheffield,Laundry Point +,"104-106 Barber Rd, Sheffield S10 1EE, UK",07796 523971,https://laundrypointplus.com/home/
England,Sheffield,Revolution launderette,"104 Birley Moor Rd, Sheffield S12 4WH, UK",,https://www.thelaundryrevolution.co.uk/
England,Sheffield,Wash.Me Launderette,"300 Leighton Rd, Sheffield S14 1QD, UK",,http://www.wash-megroup.com/
England,Sheffield,Revolution Laundry,"Best One, 300 Leighton Rd, Sheffield S14 1QD, UK",0800 208 1299,https://www.thelaundryrevolution.co.uk/find-a-machine
England,Sheffield,Revolution Laundry,"Greenland Road Shell, Darnall, Sheffield S9 5HE, UK",,https://stores.revolution-laundry.com/en-uk/?utm_source=google&utm_medium=directory&utm_campaign=local_visibility&utm_content=google_maps
England,Sheffield,Wash.Me Launderette,"17 Leppings Ln, Wadsley Bridge, Sheffield S6 1LR, UK",0800 208 1299,http://help.megroup.uk/
England,Sheffield,Swallownest Launderette & Dry Cleaners,"84 Worksop Rd, Swallownest, Sheffield S26 4WD, UK",0114 287 5079,
England,Sheffield,Nether Edge Dry Cleaners,"7 Nether Edge Rd, Nether Edge, Sheffield S7 1RU, UK",0114 258 6871,https://sheffielddrycleaning.co.uk/
England,Sheffield,Wash Me Launderette,"Derwent Group, Kilner Way, Sheffield S6 1NN, UK",,https://stores.revolution-laundry.com/en-uk/?utm_source=google&utm_medium=directory&utm_campaign=local_visibility&utm_content=google_maps
England,Sheffield,gewrinkles,"Burngreave St, Sheffield S3 9DQ, UK",,
England,Manchester,New York Launderette & Dry Cleaners,"1 Salisbury House, St Stephen St, Salford M3 6AX, UK",0161 834 8535,http://www.newyorklaunderette.co.uk/
England,Manchester,Right Washing Laundrette,"369d Stretford Rd, Old Trafford, Manchester M15 4AW, UK",0161 226 5805,
England,Manchester,Charlestown laundrette and dry cleaners,"251 Charlestown Rd, Manchester M9 7BD, UK",07446 368596,
England,Manchester,Jumbo Laundrette,"119 Levenshulme Rd, Manchester M18 7NF, UK",0161 317 7071,http://www.jumbolaundrette.co.uk/
England,Manchester,Ladybarn Launderette - Dry Cleaning & Alteration,"99 Mauldeth Rd, Manchester M14 6SR, UK",0161 248 5274,https://www.ladybarnalterations.com/
England,Manchester,Bandbox Laundry and Dry cleaners,"72 Hathersage Rd, Manchester M13 0FN, UK",0161 425 5940,http://www.bandboxlaundry.com/
England,Manchester,Victoria Launderette & Dry Cleaner,"449 Victoria Ave, Manchester M9 8PJ, UK",07548 398738,https://victoria-laundrette.lovable.app/
England,Manchester,Edel's Laundrette,"14 Gawsworth Ave, Manchester M20 5NF, UK",0161 445 2391,
England,Manchester,Atlas Dry cleaning laundrette and tailoring services Manchester,"10B Wilmslow Rd, Manchester M14 5TP, UK",0161 256 4545,
England,Manchester,Clean Machine,"120 Withington Rd, Whalley Range, Manchester M16 8FA, UK",0161 232 1432,
England,Manchester,Amazing Grace Launderette,"668 Rochdale Rd, Manchester M9 5TT, UK",07505 918642,https://www.facebook.com/profile.php?id=61552313101835
England,Manchester,Clean Machine Laundrette,"48 Damien St, Levenshulme, Manchester M12 4GW, UK",0161 543 0440,
England,Manchester,BandBox Laundry & Dry Cleaners Premier Outlet,"41 Whitworth St W, Manchester M1 5BE, UK",0161 923 4709,http://www.bandboxlaundry.com/
England,Manchester,Fallowfield Laundry Centre,"302 Platt Ln, Fallowfield, Manchester M14 7BZ, UK",07413 398807,http://fallowfieldlaundry.uk/
England,Manchester,Burnage Laundry,"470-474 Burnage Ln, Manchester M19 1LH, UK",0161 442 3583,
England,Manchester,Gregorys Laundry,"67 Ashton Rd E, Failsworth, Manchester M35 9PW, UK",07862 373703,
England,Manchester,Spring Clean,"168 Barton Rd, Stretford, Manchester M32 8DP, UK",0161 865 2927,http://www.spring-clean.co.uk/
England,Manchester,Rainbow Dry Cleaners & Laundrette,"6A Bury Old Rd, Manchester M8 9JN, UK",0161 507 5857,https://rainbowlaundry.co.uk/
England,Manchester,Genie Laundry & Dry Cleaners,"220, Off Waterloo Rd, Alderglen Rd, Cheetham Hill, Manchester M8 0TL, UK",0161 531 0002,
England,Manchester,Professional Laundry & Dry Cleaners,"34 Yew Tree Rd, Manchester M14 7PW, UK",0161 459 2925,
England,Manchester,Sky Laundry & Dry Cleaning,"7 Meldon Rd, Manchester M13 0TZ, UK",07447 007035,
England,Manchester,5 Star Launderette and Dry Cleaners,"1003 Stockport Rd, Manchester M19 2SY, UK",07404 252630,https://www.facebook.com/share/1C1hNV1dsk/?mibextid=wwXIfr
England,Manchester,Diamond Laundry NW Services,"39 Lloyd St S, Manchester M14 7HS, UK",07934 253392,
England,Manchester,Fog Lane Laundrette & Dry Cleaners,"248 Fog Ln, Manchester M20 6EL, UK",0161 434 6067,
England,Manchester,Bubbles Laundrette,"5, Kemsing Walk, Salford M5 4BS, UK",07448 998436,https://www.facebook.com/BubblesLaundrette2/
England,Manchester,Windsor Launderette / Prestwich / Manchester,"87 Windsor Rd, Prestwich, Manchester M25 0DB, UK",,
England,Manchester,Withington Laundrette & Dry Cleaners,"4 A Whitchurch Rd, Withington, Manchester M20 1FX, UK",0161 478 7346,
England,Manchester,S & C Woodward Launderette,"129 Long Ln, Chadderton, Oldham OL9 8AY, UK",0161 681 9045,
England,Manchester,Sheeeda laundry & Cleaning services Co,"Unit 4, 28 Broughton St, Cheetham Hill, Manchester M8 8NN, UK",0161 399 3576,
England,Manchester,The Laundrette and Dry Cleaning Openshaw,"The Launderette, 1406 Ashton Old Rd, Openshaw, Manchester M11 1HL, UK",0161 879 3470,
England,Manchester,Zahra Washouse,"116 Shrewsbury St, Old Trafford, Stretford, Manchester M16 7NY, UK",07738 788926,
England,Manchester,The Wash Tub,"46 Barlow Rd, Levenshulme, Manchester M19 3DA, UK",0161 224 3481,
England,Manchester,Princess Laundry and Dry Clean,"310 Great Western St, Manchester M14 4LP, UK",0161 232 8486,
England,Manchester,"The 3D Laundry & Dry Cleaning Services - Laundry Services Manchester, free pick up and 24-hour delivery.book online","78 Stockport Rd, Ardwick, Manchester M12 6AL, UK",07553 960088,https://3dlaundry.co.uk/
England,Manchester,Cheadle Laundry Room,"146 Stockport Rd, Cheadle SK8 2DP, UK",0161 428 4562,
England,Manchester,Hawler Laundry & Dry Cleaners,"341 Claremont Rd, Manchester M14 7NB, UK",0161 226 5849,
England,Manchester,Dirty Laundry - Dry cleaners and Alterations service.,"70 Market St, Droylsden, Manchester M43 6DE, UK",0161 370 1722,http://www.dirtylaundrymanchester.com/
England,Manchester,Levy Laundry,"36 Albert Rd, Levenshulme, Manchester M19 2AB, UK",07809 215501,
England,Manchester,Dry Cleaners & Laundrette Services (Paula’s),"11 Bury New Rd, Prestwich, Manchester M25 9JZ, UK",0161 536 0456,
England,Manchester,Johnsons The Cleaners,"61 Cross St, Manchester M2 4JW, UK",0161 832 2138,http://www.johnsoncleaners.com/branch/Manchester-Cross-St
England,Manchester,Manchester Dry Cleaners,"24 Red Bank, Cheetham Hill, Manchester M4 4HF, UK",0161 832 5863,http://www.manchester-dry-cleaners.co.uk/
England,Manchester,Village Dry Cleaners Limited,"38 Manchester Rd, Chorlton-cum-Hardy, Manchester M21 9PH, UK",0161 860 4451,http://www.villagedrycleaners.com/
England,Manchester,The Laundry Room,"12 Victoria Ln, Whitefield, Manchester M45 6AL, UK",07517 215757,
England,Manchester,Rhodes launderette,"2 Chapel St, Middleton, Manchester M24 4QB, UK",0161 643 1748,
England,Manchester,Seymour Dry Cleaners,"172 Manchester Rd, Firswood, Manchester M16 0DZ, UK",0161 860 7024,https://yjg7svcdkh.wixsite.com/my-site-2
England,Manchester,"Prestwich Launderette, Dry Cleaners, Alteration","20 Bury New Rd, Prestwich, Manchester M25 0LD, UK",0161 773 7051,
England,Manchester,Spring Clean,"54 Hulme Rd, Denton, Manchester M34 2WZ, UK",0161 336 2578,http://www.spring-clean.co.uk/
England,Manchester,Moor Laundry,"4 James St, Sale M33 3HN, UK",0161 973 0845,http://moorlaundry.co.uk/
England,Manchester,The Wash House Denton,"75 Manchester Rd, Denton, Manchester M34 2AF, UK",,
England,Manchester,Revolution 24/7 Launderette,"421 Barlow Moor Rd, Chorlton-cum-Hardy, Manchester M21 8ER, UK",,https://stores.revolution-laundry.com/en-uk/?utm_source=google&utm_medium=directory&utm_campaign=local_visibility&utm_content=google_maps
England,Manchester,Blue Dolphin (Bowfell Road),"5 Bowfell Rd, Urmston, Manchester M41 5RW, UK",0161 748 8734,
England,Manchester,Premium Quality Laundry,"57 Bury Old Rd, Prestwich, Manchester M25 0FG, UK",07827 653809,https://premiumqualitylaundry.co.uk/
England,Manchester,Lapwing Launderette,"406B Manchester Rd, Stockport SK4 5BY, UK",07769 714769,
England,Manchester,Revolution Laundry,"441 Stockport Rd, Longsight, Manchester M12 4JB, UK",,https://stores.revolution-laundry.com/en-uk/?utm_source=google&utm_medium=directory&utm_campaign=local_visibility&utm_content=google_maps
England,Manchester,Fastwash Laundrette,"7 Bury Old Rd, Whitefield, Prestwich, Manchester M45 6TA, UK",07398 389483,
England,Manchester,Sunshine Cleaners,"27 Leicester Rd, Salford M7 4AS, UK",0161 792 1355,
England,Manchester,Easy Wash,"5, 48 Tootal Dr, Weaste, Salford M5 5ER, UK",0161 736 6633,
England,Manchester,Stars Dry Cleaners & Laundry,"57 Bury Old Rd, Prestwich, Manchester M25 0FG, UK",0161 773 2500,http://starsdrycleaners.co.uk/
England,Manchester,Utility Room Failsworth,"Utility Room, 1 Paddock Court, Failsworth, Manchester M35 0QB, UK",07737 554684,
England,Manchester,Revolution Laundry,"Welcome Inn, 61 Bury Old Rd, Prestwich, Manchester M45 6TA, UK",,https://stores.revolution-laundry.com/en-uk/?utm_source=google&utm_medium=directory&utm_campaign=local_visibility&utm_content=google_maps
England,Liverpool,L3 Laundry Room Laundrette,"63 Burlington St, Liverpool L3 6LG, UK",0151 306 0933,
England,Liverpool,Breck Road Laundrette,"297 Breck Rd, Everton, Liverpool L5 6PU, UK",,
England,Liverpool,Prima Launderette Self Service,"22 Tithebarn St, Liverpool L2 2DT, UK",01695 579146,https://primacleaners.co.uk/
England,Liverpool,Liver Launderette,"307 Brodie Ave, Liverpool L19 7ND, UK",0151 263 7451,http://www.liverlaunderettes.co.uk/
England,Liverpool,Liver Launderette,"43 Priory Rd, Anfield, Liverpool L4 2RX, UK",0151 263 7451,http://www.liverlaunderettes.co.uk/
England,Liverpool,Liver Launderette,"166 Derby Ln, Old Swan, Liverpool L13 6QQ, UK",0151 263 7451,http://www.liverlaunderettes.co.uk/store-locator/
England,Liverpool,Liver Launderette,"89 Bentham Dr, Liverpool L16 1JF, UK",0151 263 7451,http://www.liverlaunderettes.co.uk/
England,Liverpool,Liver Launderette,"237 Walton Rd, Liverpool L4 4BE, UK",0151 263 7451,https://www.liverlaunderettes.co.uk/
England,Liverpool,Kitty's Launderette,"77 Grasmere St, Liverpool L5 6RH, UK",0151 260 8951,http://www.kittyslaunderette.org.uk/
England,Liverpool,Liver Laundry Equipment Ltd,"104 Prescot Rd, Fairfield, Liverpool L7 0JA, UK",0151 263 7451,http://www.liverlaundryequipment.co.uk/
England,Liverpool,Prima Cleaners Launderette Self Service,"32 Fenwick St, Liverpool L3 7NB, UK",01695 579146,http://www.primacleaners.co.uk/
England,Liverpool,Liver Launderette,"98 N Hill St, Liverpool L8 8AG, UK",0151 263 7451,http://www.liverlaunderettes.co.uk/
England,Liverpool,Liver Launderette,"62 Moss Ln, Liverpool L9 8AN, UK",0151 623 7451,
England,Liverpool,Liver Launderette,"170 Aigburth Rd, Liverpool L17 9PE, UK",0151 263 7451,http://www.liverlaunderettes.co.uk/
England,Liverpool,Liver Launderette,"205 Longmoor Ln, Fazakerley, Liverpool L9 0ED, UK",0151 263 7451,http://www.liverlaunderettes.co.uk/
England,Liverpool,Liver Launderette,"1 Broad Green Rd, Old Swan, Liverpool L13 5SD, UK",0151 263 7451,http://www.liverlaunderettes.co.uk/
England,Liverpool,Liver Launderette,"121 Woolton Rd, Liverpool L15 6TB, UK",0151 263 7451,http://www.liverlaunderettes.co.uk/
England,Liverpool,Liver Launderette,"72 Lawrence Rd, Liverpool L15 0EG, UK",0151 263 7451,http://www.liverlaunderettes.co.uk/
England,Liverpool,Liver Launderette,"310 Smithdown Rd, Liverpool L15 5AJ, UK",0151 263 7451,http://www.liverlaunderettes.co.uk/
England,Liverpool,Liver Launderette,"75 High St, Liverpool L15 8HE, UK",0151 263 7451,http://www.liverlaunderettes.co.uk/
England,Liverpool,Lodgy’s Laundrette,"96 Lodge Ln, Liverpool L8 0QN, UK",0151 721 6565,
England,Liverpool,Krisp & Kleen,"57 Allerton Rd, Woolton, Liverpool L25 7RE, UK",0151 421 1250,
England,Liverpool,Liver Launderette,"112 Linacre Rd, Litherland, Liverpool L21 8JT, UK",0151 263 7451,http://www.liverlaunderettes.co.uk/
England,Liverpool,Liver Launderette,"369 Aigburth Rd, Liverpool L17 0BP, UK",0151 263 7451,http://www.liverlaunderettes.co.uk/store-locator/
England,Liverpool,Prima Launderette,"102 Aigburth Rd, Dingle, Liverpool L17 7BP, UK",07496 264781,
England,Liverpool,Prima Cleaners,"21-23 Old Hall St, Liverpool L3 9LQ, UK",0151 280 5584,http://primacleaners.co.uk/
England,Liverpool,Revolution Laundry Edge Lane Liverpool,"Derwent Group, Liverpool Shopping Park, Binns Rd, Edge Ln, Old Swan, Liverpool L13 1EW, UK",,https://stores.revolution-laundry.com/en-uk/?utm_source=google&utm_medium=directory&utm_campaign=local_visibility&utm_content=google_maps
England,Liverpool,Daily Maid Liverpool,"336 Longmoor Ln, Fazakerley, Liverpool L9 9DA, UK",0151 525 2120,https://www.dailymaidsliverpool.co.uk/
England,Liverpool,Revolution Laundry,"2 Whittle Street Powerleague, Liverpool L5 2SQ, UK",,https://stores.revolution-laundry.com/en-uk/?utm_source=google&utm_medium=directory&utm_campaign=local_visibility&utm_content=google_maps
England,Liverpool,Riverside Laundry Services,"403, Century Bldg, Brunswick Business Park, 403 Tower St, Liverpool L3 4BJ, UK",0151 345 4761,http://www.riversidelaundryservices.com/
England,Liverpool,Magee's Dry Cleaners,"2 Woodend Ave, Hunt's Cross, Liverpool L25 0PA, UK",0151 394 2680,https://www.mageedrycleaners.co.uk/
England,Liverpool,SudSational Launderettes And Laundry Services,"766 Borough Rd, Birkenhead CH42 9JF, UK",0151 608 6484,http://sudsational-launderettes.co.uk/
England,Liverpool,Hydro Dry Cleaning Centre Ltd,"74 Allerton Rd, Liverpool L18 1LW, UK",,
England,Liverpool,prima LAUNDERETTE,"Sefton St, Liverpool L8 6UD, UK",,
England,Liverpool,Riverside Dry Cleaners,"100 Aigburth Rd, Dingle, Liverpool L17 7BP, UK",0151 283 3360,https://aigburthcleaners.co.uk/
England,Liverpool,Liver Launderette,"94 St John's Rd, Waterloo, Liverpool L22 9QQ, UK",0151 263 7451,http://www.liverlaunderettes.co.uk/
England,Liverpool,The Hot Iron,"26 Milner Rd, Liverpool L17 0AB, UK",0333 339 9964,https://thehotiron.co.uk/ironing-services-in-liverpool
England,Liverpool,AC Dry Cleaners,"95 Holmefield Rd, Liverpool L19 3PF, UK",0151 281 1445,
England,Liverpool,Baker's Dry Cleaner,"294 Park Rd, Dingle, Liverpool L8 4UE, UK",0151 345 1440,
England,Liverpool,Johnsons The Cleaners,"Unit 3 Sainsbury, James Rd, Liverpool L25 5QA, UK",0151 428 5291,http://www.johnsoncleaners.com/branch/Woolton-Sainsburys
England,Liverpool,Tarbock Dry Cleaners,"7 Tarbock Rd, Huyton, Liverpool L36 5XN, UK",0151 480 8647,http://tarbockdrycleaners.co.uk/
England,Liverpool,Classic Cleaning,"181 Altway, Aintree, Liverpool L10 6LB, UK",0151 526 1296,https://www.facebook.com/ClassicCleaningDryCleaners/
England,Liverpool,Liver Launderette,"Liver Launderette, Liverpool, UK",,
England,Liverpool,Hydro Carbon,"377 Eaton Rd, Liverpool L12 2AH, UK",0151 353 7699,
England,Liverpool,FOXCLEAN,"Unit 1, Imperial Court, Exchange St E, Liverpool L2 3AB, UK",020 7096 0569,http://www.foxclean.info/
England,Liverpool,Crystal Dry Cleaners,"76 Muirhead Ave E, Liverpool L11 1EL, UK",0151 226 9635,
England,Liverpool,Globe Cleaners,"2 Hawthorne Rd, Litherland, Liverpool L21 7PJ, UK",0151 928 1564,http://www.globecleaners.co.uk/
England,Liverpool,Pressing Matters,"Odyssey Centre, 111 Duke St, Birkenhead CH41 8BN, UK",0151 653 0656,
England,Liverpool,City Dry Cleaning and Tailor,"4 Smithdown Rd, Liverpool L7 4JG, UK",0151 733 3313,
England,Liverpool,LABORATORY SERVICES LAUNDRY,"16-20 St Anne St, Birkenhead CH41 3JU, UK",0151 647 7036,
England,Liverpool,Liver launderette,"1 Gentwood Rd, Liverpool L36 2QH, UK",,
England,Liverpool,Creases Wet & Dry Cleaning Services Ltd,"34 Bridge Rd, Crosby, Liverpool L23 6SG, UK",0151 924 1119,
England,Liverpool,D&M Leigh Quality Dry Cleaners,"33 High St, Wavertree, Liverpool L15 8HE, UK",0151 734 3561,
England,Liverpool,5 Star Dry Cleaners,"67 County Rd, Liverpool L4 3QD, UK",07858 175818,
England,Liverpool,L & D Launderette Ltd,"174 Bebington Rd, Birkenhead, Bebington, Wirral CH63 7NX, UK",07983 112040,
England,Liverpool,Speed Queen Launderette Halewood,"Unit 12, M Park, Leather's Ln, Halewood, Liverpool L26 0AD, UK",0333 038 9569,https://speedqueenlaundry.uk/
England,Liverpool,Mersey Towel Service (Laundry) Ltd,"Brookfield Dr, Aintree, Liverpool L9 7AJ, UK",0151 227 5500,
England,Liverpool,Daves Alterations & Dry Cleaning,"56A Whitechapel, Liverpool L1 6EG, UK",0151 709 4717,https://www.davesalterations.co.uk/
England,Liverpool,Liver Launderette,"31 Three Tuns Ln, Formby, Liverpool L37 4AQ, UK",0151 263 7451,http://www.liverlaunderettes.co.uk/
England,Liverpool,Bridgeway Cleaners,"5 Bridgeway, Liverpool L11 8NZ, UK",0151 256 9941,
England,Bristol,Park Launderette,"4 Park Pl, Clifton, Bristol BS8 1JW, UK",07880 602861,http://parklaunderette.netlify.app/
England,Bristol,The Clean Bean,"274 Gloucester Rd, Bishopston, Bristol BS7 8PB, UK",0117 924 1002,https://thecleanbean.co.uk/
England,Bristol,Waeshous Launderette,"307 Gloucester Rd, Horfield, Bristol BS7 8PE, UK",0117 924 8697,http://www.waeshous.co.uk/
England,Bristol,Kingsway Launderette,"236 Kingsway, Bristol BS5 8NS, UK",0117 960 0220,http://www.kingsway-laundry.co.uk/
England,Bristol,Staffords Launderette- North Street,"82 North St, Southville, Bristol BS3 1HF, UK",0117 239 1847,http://www.staffordslaunderette.co.uk/
England,Bristol,Staffords Launderette,"34 Filton Rd, Bristol BS7 0PB, UK",0117 239 1847,http://www.staffordslaunderette.co.uk/
England,Bristol,Whites Launderette and dry cleaners,"White's Launderette, 144-146 Church Rd, Redfield, Bristol BS5 9HN, UK",0117 955 7788,http://whiteslaunderette.co.uk/
England,Bristol,Spring laundry service,"108 Stapleton Rd, St Jude's, Bristol BS5 0PR, UK",0117 955 4508,https://springlaundry.co.uk/
England,Bristol,Staffords Launderette,"5 Zetland Rd, Redland, Bristol BS6 7AG, UK",0117 239 1847,http://www.staffordslaunderette.co.uk/
England,Bristol,Keynsham Wash Tub,"69 Queens Rd, Keynsham, Bristol BS31 2NW, UK",0117 329 2262,https://washtub.co.uk/
England,Bristol,Whitehall Launderette,"Avon, 136 Whitehall Rd, Redfield, Bristol BS5 9BH, UK",0117 239 1847,http://www.staffordslaunderette.co.uk/
England,Bristol,Staffords Launderette - Straits Parade,"10 Straits Parade, Bristol BS16 2LA, UK",0117 239 1847,http://www.staffordslaunderette.co.uk/
England,Bristol,Soap Suds Laundry,"172 Wells Rd, Totterdown, Bristol BS4 2AL, UK",0117 300 9983,http://www.soapsudsbristol.co.uk/
England,Bristol,Ladies that Launder,"Charlecombe Rd, Bristol BS9 3RL, UK",0117 962 4015,http://www.ladiesthatlaunder.co.uk/
England,Bristol,Staffords Launderette - Sandy Park,"73 Sandy Park Rd, Brislington, Bristol BS4 3PQ, UK",0117 239 1847,http://www.staffordslaunderette.co.uk/
England,Bristol,Cotham Hill Launderette,"48 Cotham Hill, Redland, Bristol BS6 6JX, UK",0117 239 1847,http://www.staffordslaunderette.co.uk/
England,Bristol,My Beautiful Laundrette,"85 Mina Rd, St Werburgh's, Bristol BS2 9XP, UK",,
England,Bristol,"Laundra Dry Cleaning, Laundry, Alterations & Repairs - Bristol","Clifton Down Shopping Centre, Whiteladies Rd, Clifton, Bristol BS8 2NN, UK",0117 403 1831,https://www.laundra.co.uk/
England,Bristol,Fishponds Launderette,"529 Fishponds Rd, Bristol BS16 3AH, UK",0117 239 1847,http://www.staffordslaunderette.co.uk/
England,Bristol,Wash ME Laundrette,"213 Frenchay Park Rd, Bristol BS16 1LF, UK",,https://stores.revolution-laundry.com/
England,Leicester,313 Laundrette,"107 Harrison Rd, Leicester LE4 6JT, UK",07716 451131,
England,Leicester,Clarendon Laundry | Service Wash & Dry Cleaning | Mon–Fri 9am–6pm,"121 Saint Leonards Road Corner of, Clarendon Park Rd, Leicester LE2 3BZ, UK",0116 270 3093,https://clarendonlaundry.co.uk/
England,Leicester,D.R.Laundrette,"19a St Peters Rd, Leicester LE2 1DF, UK",,
England,Leicester,Gill's Laundrette,"107 Southfields Dr, Leicester LE2 6QT, UK",,
England,Leicester,Welford Laundry Service Washes & Dry Cleaning Available,"357 Welford Rd, Leicester LE2 6BJ, UK",0116 403 0584,https://www.welfordlaundry.co.uk/?utm_source=google_profile&utm_campaign=localo&utm_medium=mainlink
England,Leicester,Coin-op Launderette,"735 Aylestone Rd, Aylestone, Leicester LE2 8TG, UK",,
England,Leicester,Saffron Laundrette,"629,Saffron Laundrette, Blacks Store, 629 Saffron Ln, Aylestone, Leicester LE2 6UN, UK",0116 283 2464,
England,Leicester,Eco laundrette,"188 E Park Rd, Leicester LE5, UK",07534 484244,
England,Leicester,Kadiri Laundrette,"1 Keythorpe St, Leicester LE2 0AL, UK",07960 091222,http://www.kadirinews.co.uk/
England,Leicester,TAS Launderette,"145 Loughborough Rd, Belgrave, Leicester LE4 5LR, UK",,
England,Leicester,Hinckley laundrette,"44 Hinckley Rd, Leicester LE3 0RB, UK",,
England,Leicester,The Launderette,"106 Narborough Rd, Leicester LE3 0BS, UK",0116 254 6378,
England,Leicester,Ideal Laundrette,"112 Grace Rd, Leicester LE2 8AZ, UK",0116 222 3127,
England,Leicester,Launderette,"321 Abbey Ln, Leicester LE4 5QJ, UK",07424 337414,
England,Leicester,St Matthews Launderette,"St Matthews Centre, 22 Malabar Rd, Leicester LE1 2PD, UK",07854 544819,
England,Leicester,DR Laundrette,"140B Melton Rd, Leicester LE4 5EE, UK",,
England,Leicester,Pa Laundrette,"107 Uppingham Rd, Leicester LE5 3TB, UK",,
England,Leicester,The laundrette,"146 Evington Rd, Leicester LE2 1HL, UK",,
England,Leicester,Rushey Launderette,"82 Gipsy Ln, Leicester LE4 6RE, UK",,
England,Leicester,Eco laundrette Highfields,"104 Nedham St, Leicester LE2 0HB, UK",,
England,Leicester,West End Launderette,"19 Fosse Rd S, Leicester LE3 0LP, UK",0116 254 6378,
England,Leicester,Bright Launderette,"68 Hartington Rd, Leicester LE2 0GN, UK",,
England,Leicester,Bright Star Laundrette,"123 Earl Howe St, Leicester LE2 0DJ, UK",,
England,Leicester,TA Launderette,"43 Wood Hill, Leicester LE5 3SQ, UK",,
England,Leicester,Coin-Op Launderette,"161 Fosse Rd N, Leicester LE3 5EZ, UK",07792 354985,
England,Leicester,Sunset Launderette,"139 Green Ln Rd, Leicester LE5 3TQ, UK",,
England,Leicester,D.R Laundrette,"70 Green Ln Rd, Leicester LE5 3TJ, UK",,
England,Leicester,Laundrette Braunstone Gate,"69 Braunstone Gate, Leicester LE3 5LH, UK",07525 688504,
England,Leicester,Laundrette,"62 Burnham Dr, Leicester LE4 0HP, UK",,
England,Leicester,Melton Launderette,"275 Melton Rd, Leicester LE4 7AN, UK",07961 080575,https://meltonlaunderette.co.uk/
England,Leicester,Launderette Coin-Op,"69 Braunstone Gate, Leicester LE3 5LH, UK",,
England,Leicester,Select Wash & Dry,"156 Harrison Rd, Leicester LE4 6JT, UK",07438 631701,
England,Leicester,Ross Walk Launderette,"27 Ross Walk, Leicester LE4 5GJ, UK",,
England,Leicester,Kadiri News,"Kadiri News, 1 Keythorpe St, Leicester LE2 0AL, UK",0116 251 0335,https://www.kadirinews.co.uk/
England,Leicester,Aylestone Laundry Services,"74 Marshall St, Leicester LE3 5FA, UK",07971 422590,http://www.aylestonelaundry.co.uk/
England,Leicester,Star Laundrette,"91 Harrison Rd, Leicester LE4 6BT, UK",07961 080575,
England,Leicester,Coin Op,"389 St Saviours Rd, Leicester LE5 4HH, UK",,
England,Leicester,PA Laundrette,"66-80 Catherine St, Leicester LE4 6EL, UK",,
England,Leicester,Clarendon Laundry - Dry Cleaning & Service Wash (LONDON ROAD),"99 London Rd, Leicester LE2 0PF, UK",0116 270 3093,https://clarendonlaundry.co.uk/
England,Leicester,The Wash Spot,"174 Gipsy Ln, Leicester LE4 6RG, UK",0116 268 0624,
England,Leicester,Superwash Launderette,"231A Narborough Rd, Leicester LE3 2QR, UK",0116 282 6241,
England,Leicester,Simply Wash & Dry Laundry,"70, 72 Kerrysdale Ave, Leicester LE4 7GL, UK",,
England,Leicester,WASH PLUS LTD,"11 Charnwood St, Leicester LE5 3FN, UK",07307 212317,http://washplus.co.uk/
England,Leicester,Iron By B,"56 Rowan St, Leicester LE3 9GN, UK",,http://ironbyb.com/?utm_source=gmb&utm_medium=referral
England,Leicester,Morker Launderette,"Bruin St, Leicester LE4 5LD, UK",,
England,Leicester,Whiterose Drycleaner,"176 Ethel Rd, Leicester LE5 4WE, UK",07448 926378,https://whiterose-drycleaner.ueniweb.com/?utm_campaign=gmb
England,Leicester,D.R.Laundrette,"107 Harrison Rd, Leicester LE4 6JT, UK",,
England,Leicester,Revolution Laundry,"Bp, 270 Melton Rd, Leicester LE4 7PB, UK",,https://stores.revolution-laundry.com/en-uk/?utm_source=google&utm_medium=directory&utm_campaign=local_visibility&utm_content=google_maps
England,Leicester,Beaumont Shopping Centre,"25 Beaumont Way, Beaumont Leys, Leicester LE4 1DS, UK",0116 235 2561,https://www.beaumontshoppingcentre.com/
England,Leicester,King of Laundry,"1b, Bowbridge Works, 3 Chartwell Dr, Wigston LE18 2FL, UK",0116 288 5956,https://www.leicesterlinenlaundryltd.co.uk/
England,Leicester,Laundry Go Wigston,"44 Leicester Rd, Wigston LE18 1DR, UK",,
England,Leicester,Master Dry Cleaners Leicester,"159 Evington Rd, Leicester LE2 1QL, UK",0116 273 5448,
England,Leicester,LA RAVEN LAUNDRETTE,"19 Raven Rd, Leicester LE3 1RD, UK",,
England,Leicester,Fastich Xpress Clothing Repairs and Alterations Specialist Bespoke Tailors Dry Cleaning Agents,"21 Highcross St, Leicester LE1 4PF, UK",0116 319 1632,http://www.fastichxpress.com/
England,Leicester,Elis,"Charnwood Laundry, Groby Rd, Leicester LE3 9QH, UK",0116 287 7851,https://uk.elis.com/en/about-elis/contact-us/find-location#!/l/leicester/groby-road/1768339
England,Leicester,Dry Cleaners Stalbridge,"3 Welford Pl, Leicester LE1 6ZH, UK",0116 233 0086,
England,Leicester,Royal Dry Cleaners,"18 Melton Rd, Leicester LE4 5EA, UK",0116 266 4254,http://royal-drycleaners.co.uk/
England,Leicester,Evington Dry Cleaners,"7 Main St, Evington, Leicester LE5 6DN, UK",0116 273 5643,
England,Leicester,Revolution Laundry,"Oadby Rd, Wigston LE18 3QJ, UK",,https://stores.revolution-laundry.com/en-uk/?utm_source=google&utm_medium=directory&utm_campaign=local_visibility&utm_content=google_maps
England,Leicester,Ss Launderette,"Leicester LE5 0EG, UK",,
England,Bradford,The Launderette,"676 Great Horton Rd, Bradford BD7 4EJ, UK",07460 900271,https://www.thelaunderettebradford.co.uk/
England,Bradford,coin-op Launderette and Dry cleaning center,"Drive-In Centre, Sticker Ln, Bradford BD4 8RB, UK",01274 685140,
England,Bradford,Quality Cleaning,"16 Highfield Rd, Five Lane Ends, Bradford BD2 2AT, UK",01274 612469,
England,Bradford,MnS - Laundry Services & Dry Cleaning,"227 Bradford Rd, Clayton, Bradford BD14 6BS, UK",01274 814988,http://www.sethcogroup.com/
England,Bradford,Fair Road Launderette Wibsey,"30-32 Fair Rd, Wibsey, Bradford BD6 1QL, UK",01274 603098,
England,Bradford,Spic Launderette,"270 Lumb Ln, Manningham, Bradford BD8 7SF, UK",01274 494392,
England,Bradford,Otley Road Launderette,"455 Otley Rd, Bradford BD2 4QF, UK",07428 178750,
England,Bradford,Singular Launderette & Dry Cleaners,"254 Whetley Ln, Manningham, Bradford BD8 9DJ, UK",01274 542592,
England,Bradford,Allerton Launderette,"306 Allerton Rd, Allerton, Bradford BD15 7QE, UK",01274 483777,http://www.allertonlaunderette.co.uk/
England,Bradford,Kings Laundrette,"290 Moore Ave, Bradford BD7 4DR, UK",07511 537311,
England,Bradford,The Wash,"Industrial Estate, Unit 2 Hockney Rd, Bradford BD8 9HQ, UK",0333 577 1355,
England,Bradford,Clean Wash,"366 Great Horton Rd, Bradford BD7 1QJ, UK",01274 521377,
England,Bradford,Little Horton Launderette,"854 Little Horton Ln, Bradford BD5 9DG, UK",01274 576668,
England,Bradford,West Bowling Launderette,"128-132 Parkside Rd, Bradford BD5 8EH, UK",07727 339706,https://www.facebook.com/westbowlinglaundry/
England,Bradford,Sylhet Laundry & Laundrette,"Belle Vue Works, 1-3 Jubilee St, Bradford BD1 3BT, UK",07846 079853,
England,Bradford,Soap Opera,"123Harrogate Road, Bradford BD2 3ES, UK",,
England,Bradford,Cinderella's,"59 Duckworth Ln, Bradford BD9 5EU, UK",01274 498871,
England,Bradford,Clayton Rd Laundrette,"123 Clayton Rd, Bradford BD7 2NN, UK",07466 785758,
England,Bradford,Metro Launderette and Drycleaners,"Little Horton Ln, Bradford BD5 0BU, UK",01274 728212,
England,Bradford,Soap Opera,"68 Leeds Old Rd, Bradford BD3 8HX, UK",0113 240 5045,
England,Bradford,Noble linen -Hotel linen- Commercial Laundry service- Gym& Spa- Events-Accommodations-Care-homes,"15 Filey Street Jinnah, business park Light industrial, Bradford BD1 5LQ, UK",07594 840263,http://noblelinen.co.uk/
England,Bradford,Baildon laundrette and Dry Cleaners,"6, Northgate, Baildon, Shipley BD17 6JX, UK",01274 589164,http://www.baildon-drycleaners.co.uk/
England,Bradford,Klean4you,"63 Leeds Rd, Shipley BD18 1BZ, UK",01274 532926,
England,Bradford,Laundrette Maids,"Unit 4, Business Park, Cemetery Rd, Barnes Rd, Bradford BD8 9RY, UK",0113 819 7839,https://laundrettemaids.co.uk/
England,Bradford,Clean Attire,"7 Southbrook Terrace, Bradford BD7 1AB, UK",07865 013946,
England,Bradford,Saltaire Launderette,"105 Saltaire Rd, Saltaire, Shipley BD18 3HD, UK",07539 920219,
England,Bradford,Soap Opera,"Wrose Rd, Shipley BD18 1PB, UK",0113 240 5045,
England,Bradford,Sunrise Laundry,"Unit 1, Richmond Mill, Richmond Rd, Bradford BD7 1DL, UK",01274 370500,http://sunrise-laundry.co.uk/
England,Bradford,Wyke Wash N Dry,"70 Town Gate, Wyke, Bradford BD12 9JB, UK",01274 607933,
England,Bradford,Rosie's Ironing Services,"11 Nuttall Rd, Bradford BD3 0BE, UK",07880 724103,
England,Bradford,Sethco - Linen Services & Wet Cleaning,"Sethco Group, Legrams Ln, Bradford BD7 1ND, UK",0333 557 7857,https://www.sethcogroup.com/
England,Bradford,MAG Laundry Equipment,"Barnard Buildings, Rutland St, Broomfields, Bradford BD4 7EA, UK",01422 244733,https://maglaundryequipment.co.uk/
England,Bradford,Mayra's Launderette,"Bingley BD16 1RP, UK",,
England,Bradford,Soap Opera,"63 Leeds Rd, Shipley BD18 1BZ, UK",01274 532926,
England,Bradford,Bubbles,"9 Town St, Farsley, Pudsey LS28 5EN, UK",0113 256 0444,http://www.bubbleslaundrette.com/
England,Bradford,Bubbles,"1 Park Square, Pudsey LS28 7RG, UK",0113 236 1172,
England,Bradford,Revolution Laundry,"Town Street Jet, Stanningley, Pudsey LS28 6HQ, UK",,https://stores.revolution-laundry.com/en-uk/?utm_source=google&utm_medium=directory&utm_campaign=local_visibility&utm_content=google_maps
England,Bradford,The Laundry & Ironing Room (Collection & delivery available ),"50C Brighouse Rd, Queensbury, Bradford BD13 1QE, UK",07539 688640,https://m.facebook.com/Laundryroomironing/
England,Bradford,Thackley Dry Cleaners Ltd,"The Old School House, 40 Stockhill Rd, Apperley Bridge, Bradford BD10 9AX, UK",01274 610555,
England,Bradford,Rainbow Cleaners & Launderers,"270 Lumb Ln, Manningham, Bradford BD8 7SF, UK",,
England,Bradford,Timpson,"Victoria Shopping Centre, Bradford BD8 9BN, UK",01274 488617,https://www.timpson.co.uk/stores/Bradford-Victoria-Morrisons
England,Bradford,THORNCLIFFE LAUNDRY,"Clifton St, Bradford BD8 7DA, UK",,
England,Coventry,The Laundry Centre,"180 Sewall Hwy, Coventry CV2 3NP, UK",024 7644 5322,https://www.tlc-laundry.co.uk/
England,Coventry,Broomfield Launderette,"19 Broomfield Rd, Earlsdon, Coventry CV5 6JW, UK",07968 490363,http://www.broomfieldlaunderette.co.uk/
England,Coventry,Wyken Launderette,"194 Ansty Rd, Coventry CV2 3EY, UK",024 7644 5665,
England,Coventry,Soapy Suds Launderette,"3, Coventry CV3 5HW, UK",024 7650 2101,http://www.soapysudsshine.co.uk/
England,Coventry,Monarch Laundry,"127 Sutton Ave, Coventry CV5 7ER, UK",024 7669 4327,http://www.monarchlaundrette.co.uk/contact-us
England,Coventry,THE LAUNDRY ROOM 🧺🫧 COVENTRY @ Holyhead Road Launderette,"453 Holyhead Rd, Coundon, Coventry CV5 8HU, UK",024 7659 1209,
England,Coventry,Wash:ME: Laundrette,"Burnaby Rd, Coventry CV6 4AU, UK",0800 035 6600,https://www.wash-megroup.com/en-uk/
England,Coventry,Wash:ME Laundrette,"Alfall Rd, Coventry CV2 3GP, UK",0800 035 6600,https://www.wash-megroup.com/en-uk/
England,Coventry,Jardine Laundry,"48 Jardine Cres, Tile Hill, Coventry CV4 9PQ, UK",07599 981985,
England,Coventry,Revolution Laundry,"Heart Of England Co-operative Society, 221 Rotherham Rd, Coventry CV2 3GF, UK",,https://stores.revolution-laundry.com/en-uk/?utm_source=google&utm_medium=directory&utm_campaign=local_visibility&utm_content=google_maps
England,Coventry,Coin Operated,"35 Ranby Rd, Coventry CV2 4GS, UK",,
England,Nottingham,Wash 'N' Dry Launderette,"81 Alfreton Rd, Radford, Nottingham NG7 3JL, UK",0115 837 6291,
England,Nottingham,Calsteph Services,"89 Haydn Rd, Sherwood, Nottingham NG5 2LA, UK",0115 987 4401,http://www.calstephlaundry.co.uk/
England,Nottingham,Mainwise Launderette - Carrington,"341 Mansfield Rd, Carrington, Nottingham NG5 2DA, UK",0115 960 5126,http://mainwise.co.uk/
England,Nottingham,Rex Launderette,"43 Beech Ave, New Basford, Nottingham NG7 7LJ, UK",,https://www.rexlaunderette.co.uk/
England,Nottingham,Top Tub Launderette,"13 Plains Rd, Mapperley, Nottingham NG3 5LG, UK",0115 960 9611,
England,Nottingham,Mainwise Launderette - West Bridgford,"191 Loughborough Rd, West Bridgford, Nottingham NG2 7JR, UK",0115 981 2358,http://www.mainwise.co.uk/our-launderettes/mainwise-launderette-loughborough-road
England,Nottingham,The Doby Wash Self Service Launderette,"14 Lenton Blvd, Nottingham NG7 2ES, UK",,
England,Nottingham,It's Brilliant,"10 Gordon Rd, West Bridgford, Nottingham NG2 5LN, UK",0115 914 0013,http://www.mainwise.co.uk/our-launderettes/its-brilliant-gordon-road
England,Nottingham,Carlton Launderette,"11 Carlton Sq, Carlton, Nottingham NG4 3BP, UK",0115 987 8696,
England,Nottingham,REX LAUNDERETTE,"35 Highbury Rd, Bulwell, Nottingham NG6 9DD, UK",0115 979 7588,
England,Nottingham,C & H Laundry Services,"151-153 Ilkeston Rd, Nottingham NG7 3HE, UK",0115 978 8889,
England,Nottingham,Launderette,"87 Haydn Rd, Carrington, Nottingham NG5 2LA, UK",,
England,Nottingham,Ruddington Launderette,"9 Charles St, Ruddington, Nottingham NG11 6EF, UK",0115 984 4470,https://www.mainwise.co.uk/ruddington-launderette
England,Nottingham,Bradys laundry services,"9 Wensor Ave, Beeston, Nottingham NG9 2HT, UK",07464 778409,http://www.bradyslaundryservices.com/
England,Nottingham,Revolution Laundry,"Texaco, Hucknall Rd, Nottingham NG5 1BJ, UK",,https://stores.revolution-laundry.com/en-uk/?utm_source=google&utm_medium=directory&utm_campaign=local_visibility&utm_content=google_maps
England,Nottingham,Broadgate Launderette,"125 High Rd, Beeston, Nottingham NG9 2LH, UK",07737 178907,
England,Nottingham,Chilwell Launderette and Dry Cleaners,"76 Bramcote Ave, Chilwell, Beeston, Nottingham NG9 4DR, UK",0115 925 6233,
England,Nottingham,Bubbles Launderette,"32 College St, Long Eaton, Nottingham NG10 4ND, UK",07785 918162,
England,Nottingham,Sawley Launderette & Dry Cleaners,"517 Tamworth Rd, Long Eaton, Nottingham NG10 3GR, UK",0115 946 0903,
England,Nottingham,The Laundry room,"159 Derby Rd, Stapleford, Nottingham NG9 7AS, UK",07540 828896,
England,Nottingham,Arkwright Dry Cleaners,"288 Arkwright St, Nottingham NG2 2GR, UK",0115 986 5716,http://www.arkwrightdrycleaners.com/
England,Nottingham,Revolution launderette,"Tg Convenience Stores, 68 Westdale Ln E, Gedling, Nottingham NG4 3NA, UK",,https://stores.revolution-laundry.com/en-uk/?utm_source=google&utm_medium=directory&utm_campaign=local_visibility&utm_content=google_maps
England,Nottingham,Liz's Laundry Service,"52 Cockington Rd, Nottingham NG8 4DL, UK",0115 928 0833,
England,Nottingham,National Dry Cleaners,"Winchester St, Sherwood, Nottingham NG5 4DR, UK",0115 960 6944,https://www.national-drycleaners.co.uk/
England,Nottingham,In A Spin Laundry,"Acorn Centre, Station Rd, Langley Mill, Nottingham NG16 4AF, UK",01773 763512,
England,Nottingham,Revolution Laundry,"Texaco Petrol Station, Meadow Ln, Nottingham NG2 3HE, UK",,https://stores.revolution-laundry.com/en-uk/?utm_source=google&utm_medium=directory&utm_campaign=local_visibility&utm_content=google_maps
England,Nottingham,Iron Maidens,"Digby Industrial Estate, Amber Trading Centre, Artic Way, Kimberley, Nottingham NG16 2HS, UK",0115 945 9032,http://www.ironmaidens.co.uk/
England,Nottingham,Launderbar,"12a Baker St, Hucknall, Nottingham NG15 7AS, UK",07754 153013,http://launderbar.com/?utm_source=gmb&utm_medium=referral
England,Nottingham,Hilltop Dry Cleaners,"300 Carlton Hill, Carlton, Nottingham NG4 1GD, UK",0115 940 0407,
England,Nottingham,Full Steam Ahead Domestic Services,"34 High Rd, Chilwell, Beeston, Nottingham NG9 4AE, UK",07886 704731,http://www.fullsteamaheadnottingham.com/
England,Nottingham,Ice Dry Cleaning,"Flying Horse Arcade, 8 Flying Horse Walk, Nottingham NG1 2HN, UK",0115 958 5059,
England,Nottingham,Finishing Touch Dry Cleaners,"65 Boundary Rd, West Bridgford, Nottingham NG2 7DB, UK",0115 923 3625,http://www.finishingtouchdrycleaners.co.uk/
England,Nottingham,Revolution Laundry,"5-11 Nottingham Rd, Attenborough, Beeston, Nottingham NG9 6DN, UK",0800 208 1299,https://stores.revolution-laundry.com/en-uk/
England,Nottingham,Mapperley Top Clean,"954 Woodborough Rd, Mapperley, Nottingham NG3 5QS, UK",0115 960 4009,
England,Nottingham,Indigo,"Sherwood Cafe, 582 Mansfield Rd, Sherwood, Nottingham NG5 2FS, UK",0115 962 5900,https://www.indigodrycleaners.com/
England,Nottingham,Openfit,"8 Flying Horse Walk, Nottingham NG1 2HN, UK",07947 844959,http://openfitter.co.uk/
England,Nottingham,Texaco Petrol Station,"Meadow Ln, Nottingham NG2 3HE, UK",0115 985 0584,http://www.texaco.co.uk/
England,Nottingham,Easy Wash Launderette,"109 Wharf Rd, Pinxton, Nottingham NG16 6LH, UK",01773 863527,http://www.easywash-launderette.co.uk/
England,Nottingham,Ironing Centre,"161 Hucknall Rd, Sherwood, Nottingham NG5 1FD, UK",0115 960 5560,
England,Nottingham,Timpson,"11 Castle Bridge Rd, Nottingham NG7 1GX, UK",0115 950 2918,https://www.timpson.co.uk/stores/Nottingham-Sainsburys
England,Nottingham,Sparkly & Clean Professional Cleaners,"378 St. Alban's Rd, Nottingham NG6 9FR, UK",07813 361526,http://www.sparklyandclean.co.uk/
England,Nottingham,The Steam Shop,"Nottinghamshire County, 186 Rivergreen, Nottingham NG11 8AU, UK",0115 921 2580,http://www.thesteamshop.co.uk/
England,Nottingham,Pennine Dry Cleaners,"58 Attenborough Ln, Chilwell, Beeston, Nottingham NG9 5JW, UK",0115 972 2896,
England,Nottingham,Revolution Launderette 24hr,"The Quay, Riverside Rd, Beeston, Nottingham NG9 1NA, UK",,https://stores.revolution-laundry.com/en-uk/?utm_source=google&utm_medium=directory&utm_campaign=local_visibility&utm_content=google_maps
England,Newcastle upon Tyne,The Laundry Worx,"2 Morden St, Newcastle upon Tyne NE1 7RQ, UK",,https://thelaundryworx.co.uk/
England,Newcastle upon Tyne,Shoe & Laundry Wash Co.,"204A Heaton Rd, Newcastle upon Tyne NE6 5HP, UK",07423 396255,https://shoelaundrywash.com/
England,Newcastle upon Tyne,Shine On Community Launderette,"38 Wretham Pl, Shieldfield, Newcastle upon Tyne NE2 1XU, UK",0191 261 5234,https://www.shineoncharity.org.uk/
England,Newcastle upon Tyne,The Coin-Op Launderette,"72 Heaton Rd, Newcastle upon Tyne NE6 5HL, UK",0191 240 0422,
England,Newcastle upon Tyne,Launder & Press | Heaton,"38 Cartington Terrace, Newcastle upon Tyne NE6 5AW, UK",0191 429 0281,https://launderandpress.co.uk/
England,Newcastle upon Tyne,Swiss Wash,"5-7 Fenham Rd, Newcastle upon Tyne NE4 5AE, UK",0191 273 9731,
England,Newcastle upon Tyne,Revolution Laundry,"Shell, Scotswood Rd, Newcastle upon Tyne NE4 7NN, UK",,https://stores.revolution-laundry.com/en-uk/?utm_source=google&utm_medium=directory&utm_campaign=local_visibility&utm_content=google_maps
England,Newcastle upon Tyne,A1 Laundries Ltd,"Unit 2, Brunswick Industrial Estate, Brunswick Village, Newcastle upon Tyne NE13 7BA, UK",07407 327738,https://www.a1laundries.co.uk/
England,Newcastle upon Tyne,Revolution laundry,"200 Two Ball Lonnen Morrisons, Cowgate, Newcastle upon Tyne NE4 9SZ, UK",,https://stores.revolution-laundry.com/en-uk/?utm_source=google&utm_medium=directory&utm_campaign=local_visibility&utm_content=google_maps
England,Sunderland,Cresswell Launderette,"1 Cresswell Ter, Sunderland SR2 7ER, UK",0191 510 8079,https://www.facebook.com/cresswelllaunderette/?locale=en_GB
England,Sunderland,Laundry Monster Fulwell,"79 Sea Rd, Roker, Sunderland SR6 9BW, UK",07599 038939,
England,Sunderland,Dot cottons laundry services,"22 Hylton Rd, Sunderland SR4 7AA, UK",07547 822288,
England,Brighton,St. James's Laundry Centre,"53 St James's St, Kemptown, Brighton and Hove, Brighton BN2 1QG, UK",01273 672395,http://www.laundrycentre.com/
England,Brighton,Laundromat,"5 Powis Rd, Brighton and Hove, Brighton BN1 3HJ, UK",01273 327972,http://www.laundromat.org.uk/
England,Brighton,Elm Grove Launderette & Dry,"10 Elm Grove, Brighton and Hove, Brighton BN2 3DD, UK",01273 628593,http://www.brightonlaunderettes.co.uk/elm-grove
England,Brighton,Preston Circus Launderette & Dry,"47 New England Rd, Brighton and Hove, Brighton BN1 4GG, UK",01273 690133,http://www.brightonlaunderettes.co.uk/preston-circus
England,Brighton,Preston Launderette & Dry,"223 Preston Rd, Preston, Brighton and Hove, Brighton BN1 6SA, UK",01273 701333,http://www.brightonlaunderettes.co.uk/preston-park
England,Brighton,Soap Box,"43 Montreal Rd, Brighton and Hove, Brighton BN2 9UY, UK",01273 691297,http://www.soapboxbrighton.co.uk/
England,Brighton,Lewes Road Launderette & Drycleaners,"82 Lewes Rd, Brighton and Hove, Brighton BN2 3HZ, UK",01273 701999,http://www.brightonlaunderettes.co.uk/lewes-road
England,Brighton,Preston Street Launderette,"75 Preston St, Brighton and Hove, Brighton BN1 2HG, UK",01273 738556,
England,Brighton,Seven Dials Launderette,"43 Prestonville Rd, Brighton and Hove, Brighton BN1 3TJ, UK",01273 701222,http://www.brightonlaunderettes.co.uk/seven-dials
England,Brighton,Laundrette,"Brighton and Hove, Brighton BN2 5TX, UK",,
England,Brighton,Western Road Launderette & Dry Cleaners,"7 Western Rd, Brighton and Hove, Hove BN3 1AE, UK",01273 660550,http://www.westernroadlaunderette.com/
England,Brighton,George Street Launderette,"9 George St, Kemptown, Brighton and Hove, Brighton BN2 1RH, UK",01273 686653,
England,Brighton,Click Clean Clothes,"39-40 Coombe Terrace, Brighton and Hove, Brighton BN2 4AD, UK",01273 286655,https://www.clickcleanclothes.co.uk/
England,Brighton,Blatchington Road Launderette,"89 Blatchington Rd, Brighton and Hove, Hove BN3 3YG, UK",01273 771595,http://www.blatchingtonrdlaunderette.co.uk/
England,Brighton,St George's Laundry Services,"87 Station Rd, Brighton and Hove, Brighton BN41 1DF, UK",01273 388388,http://www.sglaundry.co.uk/
England,Brighton,Thelaundryandironingshop,"66 Upper Gloucester Rd, Brighton and Hove, Brighton BN1 3LQ, UK",01273 389927,
England,Brighton,LAUNDERETTE KEMPTOWN,"50 St George's Rd, Kemptown, Brighton and Hove, Brighton BN2 1HG, UK",,
England,Brighton,Jons Launderette,"216 Portland Rd, Brighton and Hove, Hove BN3 5QT, UK",01273 887722,http://www.jonslaunderette.co.uk/
England,Brighton,Benson’s Laundry Services - Highdown laundrette Hove,"56 Highdown Rd, Brighton and Hove, Hove BN3 6ED, UK",07546 460909,
England,Brighton,Kemptown Dry Cleaners,"8 Bristol Rd, Kemptown, Brighton and Hove, Brighton BN2 1AP, UK",07506 030001,https://kemptown-laundry.com/
England,Brighton,Mels Ironing Parlour,"8 McWilliam Rd, Brighton and Hove, Brighton BN2 6BE, UK",07861 730098,http://www.facebook.com/melsironingparlour
England,Brighton,Do You Hate Ironing,"8 Bristol Rd, Kemptown, Brighton and Hove, Brighton BN2 1AP, UK",07506 030001,https://doyouhateironing.uk/
England,Brighton,Station Launderette,"21D Station Rd, Brighton and Hove, Brighton BN41 1GB, UK",01273 422574,http://stationlaunderette.com/
England,Brighton,Southwicks Launderette,"7 Southwick Square, Southwick, Brighton BN42 4FP, UK",01273 591277,
England,Brighton,West Hove Launderette,"312 Portland Rd, Brighton and Hove, Hove BN3 5LP, UK",07913 869339,
England,Brighton,Alterations Laundry,"133 Edward St, Kemptown, Brighton and Hove, Brighton BN2 0JL, UK",,
England,Brighton,Top Stitch,"92 St James's St, Kemptown, Brighton and Hove, Brighton BN2 1TP, UK",01273 694888,https://m.facebook.com/100063752434788/
England,Brighton,Woodland Dry Cleaners,"4 Woodland Parade, Woodland Dr, Brighton and Hove, Hove BN3 6DR, UK",01273 881666,https://www.woodlanddrycleaners.co.uk/
England,Brighton,The Clean and Fresh Laundry Room,"93 Portland Rd, Brighton and Hove, Hove BN3 5DP, UK",,
England,Plymouth,Bubbles Launderette,"56 Wilton St, Plymouth PL1 5LX, UK",01752 562686,http://www.ebubbles.co.uk/
England,Plymouth,Hoegate Laundrette,"55 Notte St, Plymouth PL1 2AG, UK",01752 223031,
England,Plymouth,Bubbles Laundry Services,"232 Albert Rd, Morice Town, Plymouth PL2 1AW, UK",01752 563382,http://www.ebubbles.co.uk/
England,Plymouth,Laundry Lounge,"158 Union St, Stonehouse, Plymouth PL1 3HL, UK",01752 260058,
England,Plymouth,U Wash Launderette,"10 Mutley Plain, Mutley, Plymouth PL4 6LA, UK",07718 055444,
England,Plymouth,Coinwash self service Laundrette,"12 Radford Park Rd, Plymstock, Plymouth PL9 9DH, UK",07739 105136,
England,Plymouth,Mayflower launderette dry cleaners,"54 Ebrington St, Plymouth PL4 9AF, UK",01752 229082,http://www.mayflowerlaunderette.co.uk/
England,Plymouth,Your Laundrette,"107 Victoria Rd, St Budeaux, Plymouth PL5 1RX, UK",01752 658171,
England,Plymouth,Launderette,"56 Devonport Rd, Stoke, Plymouth PL3 4DF, UK",,
England,Plymouth,Revolution Laundry,"Ascona Retail, 6 Billacombe Rd, Plymouth PL9 7HP, UK",,https://stores.revolution-laundry.com/en-uk/?utm_source=google&utm_medium=directory&utm_campaign=local_visibility&utm_content=google_maps
England,Plymouth,Embankment Road Launderette,"Embankment Rd, Plymouth PL4, UK",,
England,Plymouth,The Launderette,"106 Prince Maurice Rd, Mutley, Plymouth PL4 7LQ, UK",,
England,Plymouth,The Kitchen@LaundryLounge,"158 Union St, Stonehouse, Plymouth PL1 3HL, UK",01752 260058,
England,Plymouth,Launderette,"18 Cecil Ave, Plymouth PL4 8SG, UK",,
England,Hull,Laundry De Luxe,"12 Goodwin Parade, Hull HU3 2HA, UK",07960 024009,https://laundrydeluxe.co.uk/
England,Hull,HU5 Queens Launderette,"3 Queens Rd, Hull HU5 2PY, UK",01482 328412,
England,Hull,Laundry Box Hull Launderette,"121 Spring Bank, Hull HU3 1BH, UK",01482 320271,https://linktr.ee/laundrybox.uk?utm_source=linktree_admin_share
England,Hull,HU4 Boothferry Launderette,"222 Boothferry Rd, Hull HU4 6EY, UK",01482 328412,https://www.facebook.com/profile.php?id=100090302964562
England,Hull,Laundry Box - Self Service Launderette,"971 Spring Bank W, Hull HU5 5HD, UK",01482 328412,https://linktr.ee/laundrybox.uk?utm_source=linktree_admin_share
England,Hull,Laundry Box - Self-Service Launderette,"46 New Bridge Rd, Hull HU9 9HS, UK",01482 328412,https://www.facebook.com/RexClothesCare
England,Hull,Rex Launderette,"194 Buckingham St, Garden Village, Hull HU8 8TS, UK",01482 329743,
England,Hull,E & W R Launderettes Company Ltd,"486 Anlaby Rd, Hull HU3 6TA, UK",01482 328412,
England,Hull,Hessle Road Launderette Limited,"410 Hessle Rd, Hull HU3 3SD, UK",07365 929063,https://www.facebook.com/profile.php?id=61565817925138
England,Hull,Botanic Laundry,"Unit 2 Kimberley St, Hull HU3 1HH, UK",01482 606699,https://botaniclaundry.co.uk/
England,Hull,Laundry Box Cottingham,"20 The Pkwy, Cottingham HU16 5DN, UK",01482 842611,https://m.facebook.com/Laundryboxcottingham
England,Hull,Revolution Laundry,"Robson Way, Sutton-on-Hull, Hull HU8 9XL, UK",,https://stores.revolution-laundry.com/en-uk/?utm_source=google&utm_medium=directory&utm_campaign=local_visibility&utm_content=google_maps
England,Hull,Revolution Laundry,"751 Spring Bank West Triangle, Junction Service Station, Hull HU5 5BA, UK",0800 208 1299,https://stores.revolution-laundry.com/en-uk/?utm_source=google&utm_medium=directory&utm_campaign=local_visibility&utm_content=google_maps
England,Hull,Revolution Laundry,"Maybury Road Sewell, On The Go, Maybury Rd, Hull HU9 3LA, UK",,https://stores.revolution-laundry.com/en-uk/?utm_source=google&utm_medium=directory&utm_campaign=local_visibility&utm_content=google_maps
England,Hull,Rex Launderette,"152 Newland Ave, Hull HU5 2NN, UK",,
England,Hull,Neta Laundry by John Smithyboy,"438 Cottingham Rd, Hull HU6 8QS, UK",01482 492681,http://netalaundry.com/
England,Derby,Friar Gate Launderette,"67 Friar Gate, Derby DE1 1DJ, UK",07785 918162,
England,Derby,Peartree Launderette,"122 Pear Tree Rd, Derby DE23 6QA, UK",01332 749298,
England,Derby,The Dolly Tub Laundrette,"53 Park Farm Centre, Allestree, Derby DE22 2QQ, UK",01332 553883,http://www.thedollytubderby.co.uk/
England,Derby,Littleover Launderette & Dry Cleaners,"511 Burton Rd, Littleover, Derby DE23 6FQ, UK",01332 772122,https://littleoverlaunderette.com/
England,Derby,Spick and Span Launderette,"Spick & Span Dry Cleaning & Launderette, 22 Stenson Rd, Derby DE23 1JA, UK",01332 776178,
England,Derby,Bright Laundry & Dry Cleaners,"1285 London Rd, Alvaston, Derby DE24 8QN, UK",07916 536409,http://www.brightlaundrylinen.co.uk/
England,Derby,Revolution 24 hour launderette,"2 Raynesway Texaco, The Island Service Stn, Raynesway, Alvaston, Derby DE24 0DU, UK",,https://stores.revolution-laundry.com/en-uk/?utm_source=google&utm_medium=directory&utm_campaign=local_visibility&utm_content=google_maps
England,Derby,Bubbles Launderette,"89 Normanton Rd, Derby DE1 2GH, UK",,
England,Southampton,Foyes Corner Launderette Ltd,"216 Shirley Rd, Southampton SO15 3FL, UK",023 8023 6288,http://www.southcoastdrycleaners.com/
England,Southampton,Woolston Launderette,"24 Victoria Rd, Woolston, Southampton SO19 9DX, UK",07438 820535,http://www.woolstonlaunderette.co.uk/
England,Southampton,New Swan Laundry,"94 St Mary's Rd, Southampton SO14 0AH, UK",023 8033 2854,
England,Southampton,The Triangle Launderette,"10, The Triangle, Cobden Ave, Southampton SO18 1FZ, UK",07845 914086,https://trianglelaundry.com/
England,Southampton,The Launderette,"146 W End Rd, Southampton SO18 6PL, UK",023 8046 2479,
England,Southampton,Townhill Laundrette,"11, Premier Parade, Southampton SO18 2GA, UK",07739 963571,https://sites.google.com/view/townhill-laundrette
England,Southampton,St James Launderette,"19 St James Rd, Shirley, Southampton SO15 5FB, UK",023 8070 3338,https://www.stjameslaunderette.co.uk/
England,Southampton,The Soap Tree Launderette,"92 Oakley Rd, Southampton SO16 4LJ, UK",023 8077 9262,
England,Southampton,Fabcare 1,"110 Spring Rd, Southampton SO19 2QB, UK",023 8043 1332,
England,Southampton,Launderette,"48A Bedford Pl, Southampton SO15 2DG, UK",,
England,Southampton,The Laundry Room,"367 Winchester Rd, Southampton SO16 7DJ, UK",023 8052 8811,
England,Southampton,Swaythling Laundry Services,"2-3 Market Buildings, High Rd, Swaythling, Southampton SO16 2HW, UK",023 8055 9364,https://www.swaythlinglaundry.com/
England,Southampton,Atlantic Laundry & Dry Cleaners,"49/50 Bedford Pl, Southampton SO15 2DG, UK",023 8023 1018,https://atlantic-cleaners.com/
England,Southampton,Atlantic Laundry & Dry Cleaners,"44 Thornhill Park Rd, Thornhill, Southampton SO18 5TQ, UK",023 8046 3694,http://atlantic-cleaners.com/
England,Southampton,Revolution Laundry,"Bursledon Road Lawrences, Garages (London) Ltd, Sholing, Southampton SO19 8NG, UK",,https://stores.revolution-laundry.com/en-uk/?utm_source=google&utm_medium=directory&utm_campaign=local_visibility&utm_content=google_maps
England,Southampton,Mother's Laundry Limited,"Unit 20, Belgrave Industrial Estate, Belgrave Rd, Southampton SO17 3EA, UK",01794 878339,http://www.motherslaundry.co.uk/
England,Southampton,Baddesley Launderette,"7B Rownhams Rd, North Baddesley, Southampton SO52 9EF, UK",023 8244 4095,http://www.southcoastdrycleaners.com/
England,Southampton,Bright Laundry Services,"11, Longbridge Industrial Estate, Floating Bridge Rd, Southampton SO14 3FL, UK",023 8065 9996,http://www.brightlaundryservices.co.uk/
England,Southampton,West Totton Launderette,"4 Watson Walk, Totton, Southampton SO40 8JT, UK",023 8017 5994,http://www.tottonlaunderette.co.uk/
England,Southampton,1st Choice Dry Cleaners,"8 Floating Bridge Rd, Southampton SO14 3FL, UK",07931 192265,http://www.1stchoicedrycleaners.com/
England,Southampton,Abbey Cleaners & Launderers,"32 Victoria Rd, Netley, Southampton SO31 5DG, UK",023 8045 4900,http://abbeycleanersandlaundry.co.uk/
England,Southampton,Bee-Fresh,"13 Oakmount Ave, Totton, Southampton SO40 3JF, UK",07971 824611,https://www.beefresh.co.uk/
England,Southampton,New Forest Laundry,"Unit 4, Trident Business Park, 50 Shore Rd, Hythe, Southampton SO45 6GJ, UK",07887 691515,https://www.newforestlaundry.co.uk/
England,Southampton,Laundrette,"Laundrette, Southampton SO16 2JA, UK",,
England,Stoke-on-Trent,The Launderette,"103 Bucknall New Rd, Hanley, Stoke-on-Trent ST1 2BG, UK",,
England,Stoke-on-Trent,Posh Wash Launderette,"882 London Rd, Stoke-on-Trent ST4 5NX, UK",01782 745957,http://www.laundretteanddrycleaner.co.uk/
England,Stoke-on-Trent,Revolution Laundrette,"38 Bennett Precinct Stoke, Longton Exchange, Stoke-on-Trent ST3 2JA, UK",,https://stores.revolution-laundry.com/en-uk/?utm_source=google&utm_medium=directory&utm_campaign=local_visibility&utm_content=google_maps
England,Stoke-on-Trent,Revolution Laundry,"Nisa Local, Leek New Rd, Baddeley Green, Stoke-on-Trent ST2 7HG, UK",,https://stores.revolution-laundry.com/en-uk/?utm_source=google&utm_medium=directory&utm_campaign=local_visibility&utm_content=google_maps
England,Stoke-on-Trent,Fenton launderette,"37 Victoria Rd, Fenton, Stoke-on-Trent ST4 2HG, UK",,
England,Stoke-on-Trent,Hallmark Cleaners,"27 Ford Green Rd, Stoke-on-Trent ST6 1NT, UK",01782 837469,
England,Stoke-on-Trent,Cottage Laundry,"Old House at Home, 542 Hartshill Rd, Hartshill, Stoke-on-Trent ST4 6AF, UK",01782 713344,
England,Stoke-on-Trent,Revolution Laundry,"Car Park, 68 Bryan St, Hanley, Stoke-on-Trent, Centre ST1 1PP, UK",,https://stores.revolution-laundry.com/en-uk/?utm_source=google&utm_medium=directory&utm_campaign=local_visibility&utm_content=google_maps
England,Stoke-on-Trent,Revolution Laundry,"Abbots Rd, Stoke-on-Trent ST2 8EA, UK",,https://stores.revolution-laundry.com/en-uk/?utm_source=google&utm_medium=directory&utm_campaign=local_visibility&utm_content=google_maps
England,Stoke-on-Trent,Revolution Laundry,"Simply Local, 71 Haywood Rd, Burslem, Stoke-on-Trent ST6 7AH, UK",,https://stores.revolution-laundry.com/en-uk/?utm_source=google&utm_medium=directory&utm_campaign=local_visibility&utm_content=google_maps
England,Stoke-on-Trent,Ford Green Launderette,"129 Ford Green Rd, Stoke-on-Trent ST6 1NX, UK",01782 837469,
England,Stoke-on-Trent,Revolution Laundry,"Goldernhill Limited, 823 High St, Goldenhill, Stoke-on-Trent ST6 5QH, UK",,https://stores.revolution-laundry.com/en-uk/?utm_source=google&utm_medium=directory&utm_campaign=local_visibility&utm_content=google_maps
England,Stoke-on-Trent,Revolution Laundry,"KEYA GROUP, 38 Beaconsfield Dr, Stoke-on-Trent ST3 3DY, UK",,https://stores.revolution-laundry.com/en-uk/?utm_source=google&utm_medium=directory&utm_campaign=local_visibility&utm_content=google_maps
England,Stoke-on-Trent,SIMPLY LOCAL,"93 Clayton Rd, Newcastle-under-Lyme, Newcastle ST5 3NE, UK",07440 449022,
England,Stoke-on-Trent,Kidsgrove Launderette,"26 Market St, Kidsgrove, Stoke-on-Trent ST7 4AB, UK",01782 461172,
England,Stoke-on-Trent,Johnsons The Cleaners,"Brunswick St, Newcastle-under-Lyme, Newcastle ST5 1HF, UK",01782 740403,http://www.johnsoncleaners.com/branch/Newcastle-u-Lyme-Drive-In
England,Stoke-on-Trent,Simply Local,"91 Haywood Rd, Burslem, Stoke-on-Trent ST6 7AH, UK",,
England,Stoke-on-Trent,Butlers specialist Dry-cleaners,"880 London Rd, Stoke-on-Trent ST4 5NX, UK",01782 746006,http://www.laundretteanddrycleaner.co.uk/
England,Stoke-on-Trent,Mayfair Clothes Care,"13 Station Rd, Barlaston, Stoke-on-Trent ST12 9DH, UK",01782 372072,
England,Stoke-on-Trent,Suitcase Dry Cleaners,"6 Atherstone Rd, Trentham, Stoke-on-Trent ST4 8JY, UK",01782 657307,https://www.suitcasedrycleaners.com/
England,Stoke-on-Trent,The Launderette,"70 Kingsfield Rd, Biddulph, Stoke-on-Trent ST8 6DR, UK",,
England,Stoke-on-Trent,Clean and Dry Launderette,"43 Sandbach Rd S, Alsager, Stoke-on-Trent ST7 2LW, UK",07785 999999,
England,Stoke-on-Trent,Launderette,"Hanley, Stoke-on-Trent ST1 4LT, UK",,
England,Wolverhampton,Owen Road Laundrette & Key Cutting,"171, 172 Owen Rd, Wolverhampton WV3 0HR, UK",07778 457800,https://www.the-keymaker.co.uk/
England,Wolverhampton,MKS LAUNDRETTE,"81 Westcroft Ave, Wolverhampton WV10 8LN, UK",07492 460733,
England,Wolverhampton,Rafiki Launderette & Dry Cleaning,"3 Villiers Ave, Wolverhampton, Bilston WV14 6QN, UK",01902 500605,http://www.rafikilaundry.co.uk/
England,Wolverhampton,Daisy Clean Laundry & Dry Cleaning,"335 Cannock Rd, Park Village, Wolverhampton WV10 0BG, UK",01902 352224,
England,Wolverhampton,Moat House Laundry,"44 Moat House Ln E, Wednesfield, Wolverhampton WV11 3DD, UK",07775 518405,
England,Wolverhampton,Brookland Laundry,"50 Brooklands Parade, Wolverhampton WV1 2NE, UK",07775 518405,
England,Wolverhampton,Select Services,"6 Raynor Rd, Wolverhampton WV10 9QY, UK",01902 735300,https://www.selectserviceslaundrydrycleaning.co.uk/
England,Wolverhampton,The Launderette,"1B Clark Rd, Wolverhampton WV3 9NW, UK",01902 772054,
England,Wolverhampton,Laundrette,"Pond Ln, Wolverhampton WV2, UK",,
England,Wolverhampton,Dry Clean Express,"146 Birches Barn Rd, Wolverhampton WV3 7BG, UK",01902 330512,
England,Wolverhampton,Revolution Laundry,"TG CONVENIENCE STORES, 451-473 Cannock Rd, Wolverhampton WV10 0AE, UK",,https://stores.revolution-laundry.com/en-uk/?utm_source=google&utm_medium=directory&utm_campaign=local_visibility&utm_content=google_maps
England,Wolverhampton,Claire S R & B,"7 Jeffcock Rd, Wolverhampton WV3 7AE, UK",01902 334446,
England,Wolverhampton,Compton Dry Cleaners,"37 Bridgnorth Rd, Wolverhampton WV6 8AF, UK",01902 747537,
England,Wolverhampton,Revolution 24/7 LAUNDERETTE,"Willenhall Rd, Wolverhampton WV1 2HR, UK",,https://stores.revolution-laundry.com/en-uk/?utm_source=google&utm_medium=directory&utm_campaign=local_visibility&utm_content=google_maps
England,Wolverhampton,Revolution Laundry,"M6 Moto Hospitality Ltd, Essington, Wolverhampton WV11 2AT, UK",,https://stores.revolution-laundry.com/en-uk/?utm_source=google&utm_medium=directory&utm_campaign=local_visibility&utm_content=google_maps
England,Wolverhampton,Revolution Laundry,"Texaco, 5 Stafford Rd, Wolverhampton WV10 6JF, UK",,https://stores.revolution-laundry.com/en-uk/?utm_source=google&utm_medium=directory&utm_campaign=local_visibility&utm_content=google_maps
England,Wolverhampton,Ultimate Cleaners Ltd,"2a Warstones Rd, Penn, Wolverhampton WV4 4LS, UK",01902 330695,
England,Wolverhampton,24 Laundromat - Bilston,"Morrisons, Black Country Rte, Bilston WV14 0DZ, UK",0330 353 0247,https://www.24laundromat.com/locations/bilston/
England,Wolverhampton,Elegant Stitches Wolverhampton,"53a Woolpack Alley, Mander Centre, Wolverhampton WV1 3NA, UK",07811 265794,http://www.elegantstitches.co/
England,Wolverhampton,Tip Top Dry Cleaners,"462 Stafford Rd, Oxley, Wolverhampton WV10 6AN, UK",01902 784007,
England,Wolverhampton,Johnsons The Cleaners,"7 Upper Grn, Tettenhall, Wolverhampton WV6 8QQ, UK",01902 754801,http://www.johnsoncleaners.com/branch/Tettenhall-1
England,Wolverhampton,Dudley Rd Dry Cleaners,"448 Dudley Rd, Wolverhampton WV2 3DE, UK",01902 456622,https://dudley-rd-dry-cleaners.ueniweb.com/
England,Wolverhampton,CRDN Select,"6 Cousins St, Wolverhampton WV2 3DG, UK",01902 737867,https://www.crdn.co.uk/
England,Wolverhampton,Pure Wash Laundrette,"40 Rough Hay Rd, Darlaston, Wednesbury WS10 8NQ, UK",07857 313624,https://purewash001.wixsite.com/purewash
England,Wolverhampton,Bright & Beautiful Wolverhampton,"8 Birches Rd, Codsall, Wolverhampton WV8 2JR, UK",01902 290290,https://www.brightandbeautifulhome.com/locations/wolverhampton/?utm_source=google&utm_medium=organic&utm_campaign=gbp-listing
England,Wolverhampton,Launderette,"9 Jeffcock Rd, Wolverhampton WV3 7AE, UK",,
England,Milton Keynes,Soapy Suds Launderette,"MK Marina, Waterside, Peartree Bridge, Peartree Bridge, Milton Keynes MK6 3BX, UK",07551 012395,http://www.mksoapysuds.com/
England,Milton Keynes,Bubbles Laundromat,"44 Church St, Wolverton, Milton Keynes MK12 5JW, UK",01908 579053,https://www.facebook.com/bubblesmk/
England,Milton Keynes,Bubbles Laundromat,"19C Melrose Ave, Bletchley, Milton Keynes MK3 6PB, UK",01908 379593,
England,Milton Keynes,Bubbles Laundromat,"29b Farthing Grove, Netherfield, Milton Keynes MK6 4JH, UK",0333 123 9274,
England,Milton Keynes,Laundry Affairs,"11d Bodmin Pl, Broughton, Milton Keynes MK10 7DP, UK",01908 480755,https://www.laundryaffairs.co.uk/
England,Milton Keynes,The Little Launderette,"100 High St, Newport Pagnell MK16 8EH, UK",01908 612332,http://www.thelittlelaunderette.com/
England,Milton Keynes,Homecare Laundry,"Tower Dr, Neath Hill, Milton Keynes MK14 6NA, UK",01908 252671,
England,Reading,Reading Launderette,"92 Whitley St, Reading RG2 0EQ, UK",0118 986 0136,
England,Reading,The Washbox Laundrette & Cleaning Services,"28 Erleigh Rd, Reading RG1 5NA, UK",07818 550628,http://thewashbox.co.uk/
England,Reading,Dots Laundry,"102 Oxford Rd, Reading RG1 7LL, UK",07453 717122,http://dots-laundry.co.uk/
England,Reading,Washateria launderette and drycleaning,"135 Wokingham Rd, Reading RG6 1LW, UK",0118 367 1263,http://www.washateria.co.uk/
England,Reading,Launderette and Dry-Cleaners,"267 Basingstoke Rd, Reading RG2 0HY, UK",0118 931 2560,https://www.facebook.com/yourlaunderette/
England,Reading,Tilehurst Launderette,"58 The Meadway, Reading RG30 4AA, UK",0118 958 0760,
England,Reading,Maiden Erlegh Launderette & Drycleaners,"15 The Parade, Silverdale Rd, Earley, Reading RG6 7NZ, UK",07463 805984,
England,Reading,Elm Park Laundrettee,"415 Oxford Rd, Reading RG30 1HA, UK",0118 957 5738,
England,Reading,Laundro-coin and dry cleaner,"107 Wokingham Rd, Reading RG6 1LH, UK",0118 926 1619,
England,Reading,Elis,"72 George St, Reading RG4 8DW, UK",0118 948 3838,https://uk.elis.com/en/about-elis/contact-us/find-location#!/l/reading/72-george-street/1768345
England,Reading,The Caversham Launderama,"6 Gosbrook Rd, Reading RG4 8BS, UK",0118 947 1063,http://www.cavershamlaunderette.co.uk/
England,Reading,Park Wash,"University of Reading, Reading RG6 6HW, UK",,
England,Northampton,Bells Launderette,"216 Kettering Rd, Northampton NN1 4BN, UK",07301 674560,
England,Northampton,St James Launderette,"23 Spencer Bridge Rd, Greenwood Rd, Northampton NN5 5HA, UK",07538 018471,
England,Northampton,Autocoin,"338 Wellingborough Rd, Northampton NN1 4ES, UK",01604 632513,
England,Northampton,Bubbles,"38 Semilong Rd, Semilong, Northampton NN2 6BT, UK",01604 622586,
England,Northampton,Alpha Laundry and Dry Cleaners,"115 St Leonards Rd, Far Cotton, Northampton NN4 8DN, UK",01604 763330,http://www.alphalaundry.co.uk/
England,Northampton,Thames Express Drycleaners Laundry and cleaning Services,"1B Portland Pl, Wellingborough Rd, Northampton NN1 4DH, UK",01604 796926,http://www.thamesexpressdrycleaners.co.uk/
England,Northampton,Laundrette Revolution,"This Is Flourish, Weston Favell Centre, Billing Brook Rd, Northampton NN3 8JZ, UK",,https://stores.revolution-laundry.com/en-uk/?utm_source=google&utm_medium=directory&utm_campaign=local_visibility&utm_content=google_maps
England,Northampton,Laundrette,"61 Kettering Rd, Northampton NN1 4AW, UK",01604 603006,
England,Northampton,Launderina,"32 Faraday Cl, Upton, Northampton NN5 4AE, UK",07400 050777,
England,Northampton,Laundrette,"Shopping Centre Weston Favell Northampton Northamptonshire NN3 8JZ, Wellingborough Rd, Northampton NN3 8JZ, UK",,
England,Northampton,Pristine Dry Cleaners/Laundry service,"Hunsbury District Centre, Mere Wy., Northampton NN4 0JF, UK",07821 138416,
England,Northampton,Billing Launderette,"65RG+X8, Northampton NN3 9DA, UK",,
England,Luton,Sundon Park Launderette,"24, Sundon Park Parade, Sundon Park, Luton LU3 3BJ, UK",07450 721349,
England,Luton,Round Green Laundrette & Dry Cleaning,"331 Hitchin Rd, Luton LU2 7SW, UK",07986 024301,http://roundgreenlaunderette.co.uk/
England,Luton,Starwash Laundrette,"56 High Town Rd, Luton LU2 0DF, UK",01582 737763,
England,Luton,Biscot Coin-op Launderette,"227 Biscot Rd, Luton LU3 1AR, UK",,
England,Luton,Town Tub,"74 Birdsfoot Ln, Luton LU3 2DQ, UK",01582 575195,
England,Luton,Rex Laundrette,"52 Bishopscote Rd, Luton LU3 1PB, UK",,
England,Luton,The Washing Well,"34 Ashton Rd, Luton LU1 3QE, UK",,
England,Luton,Sandhu's Laundrette,"1 Lyndhurst Rd, Luton LU1 1LN, UK",,
England,Luton,Fresh 'N' Up laundry,"229 Biscot Rd, Luton LU3 1AR, UK",076 5493 5356,
England,Luton,Clean World,"18 Market Square, Luton LU1 5RD, UK",,
England,Luton,30 Degrees Launderette & Dry Cleaning,"61 Katherine Dr, Dunstable LU5 4NP, UK",07802 365810,http://www.30degs.co.uk/
England,Luton,Town Tub Laundry Service,"84 Leagrave Rd, Luton LU4 8HZ, UK",,
England,Luton,Aqua Clean Laundry,"44 Bilton Way, Luton LU1 1UU, UK",01582 451100,
England,Luton,Johals Coin Operated Launderette,"76 Dumfries St, Chapel Langley, Luton LU1 5BU, UK",,
England,Luton,Kingsway Laundry,"426 Dunstable Rd, Maidenhall, Luton LU4 8DH, UK",01582 571550,
England,Luton,St. Philon Dry Cleaners,"167 Marsh Rd, Luton LU3 2QQ, UK",01582 599743,
England,Luton,Express Dry Cleaners,"144 Leagrave Rd, Luton LU4 8HX, UK",07900 773049,
England,Luton,Kez's Dry Cleaners,"13 Eaton Green Rd, Luton LU2 9HE, UK",01582 737213,http://www.kezs.co.uk/
England,Luton,A & Z Dry Cleaners : Curtain | Prom Dress | Wedding Dress | Leather Cleaners | Laundry & Ironing,"UNIT G1b, Luton LU1 2TW, UK",01582 965980,https://azdrycleaners.co.uk/
England,Luton,Thames Dry Cleaning,"Sundon Park Parade, Luton LU3 3BH, UK",07380 944634,https://thamesdrycleaners.co.uk/
England,Luton,White Rose Drycleaners,"593 Hitchin Rd, Stopsley, Luton LU2 7UN, UK",01582 415315,
England,Luton,Dyers Dry Cleaners & Laundry,"6-10 Windsor Walk, Chapel Langley, Luton LU1 5DS, UK",01582 413111,
England,Luton,Revolution Laundry,"2 Trinity Road TRINITY FUEL, GULF SERVICE STATION, 2 Trinity Rd, Luton LU3 1TP, UK",0800 208 1299,https://www.thelaundryrevolution.co.uk/find-a-machine
England,Portsmouth,Copnor Launderette & Dry Cleaners,"309 Copnor Rd, Portsmouth PO3 5EG, UK",,http://www.copnorcleaners.co.uk/
England,Portsmouth,washeteria/rainbow cleaners,"297 London Rd, Hilsea, Portsmouth PO2 9HF, UK",023 9266 5874,
England,Portsmouth,Laundry Land,"145 Albert Rd, Southsea, Portsmouth, Southsea PO4 0JW, UK",023 9235 9988,
England,Portsmouth,Southsea Laundry Company,"169-171 Albert Rd, Southsea, Portsmouth, Southsea PO4 0JW, UK",023 9275 2462,http://www.southsealaundry.com/
England,Portsmouth,Portsmouth laundry company,"40 London Rd, North End, Portsmouth PO2 0LN, UK",023 9269 0325,http://www.southsealaundry.com/
England,Portsmouth,Laundrycare Ltd,"145 Albert Rd, Southsea, Portsmouth, Southsea PO4 0JW, UK",023 9282 6245,
England,Portsmouth,Laundrycare,"121 Elm Grove, Southsea, Portsmouth, Southsea PO5 1LJ, UK",023 9282 6245,
England,Portsmouth,Portchester Launderette,"50 White Hart Ln, Portchester, Fareham PO16 9BH, UK",023 9238 7022,https://www.portchesterlaunderette.co.uk/
England,Portsmouth,Laundrycare,"82 Clarendon Rd, Southsea, Portsmouth, Southsea PO5 2PB, UK",023 9282 6245,
England,Portsmouth,Revolution Laundry - Cosham (Wash ME Laundrette),"Lonsdale Ave, Cosham, Portsmouth PO6 2PX, UK",023 9237 1393,https://www.revolution-laundry.com/en-uk/
England,Portsmouth,Impress,"72 Palmerston Rd, Southsea, Portsmouth, Southsea PO5 3PT, UK",023 9273 1239,
England,Portsmouth,Southsea Textile Cleaners,"253 Albert Rd, Southsea, Portsmouth, Southsea PO4 0JR, UK",023 9273 4442,http://www.southseatextilecleaners.co.uk/
England,Portsmouth,Whitworth Rd Launderette Ltd,"29 Whitworth Rd, Gosport PO12 3NJ, UK",023 9252 3344,http://www.southcoastcleaners.com/
England,Portsmouth,Elis,"144 North End Ave, North End, Portsmouth PO2 8NS, UK",023 9266 7737,https://uk.elis.com/en/about-elis/contact-us/find-location#!/l/portsmouth/144-north-end-avenue/1768523
England,Portsmouth,Denise's Ironing Angels,"Portchester Rd, North End, Portsmouth PO2 7JA, UK",07490 404529,http://www.denisesironingangels.co.uk/
England,Portsmouth,Self service laundrette 18kg,"Lonsdale Ave, Cosham, Portsmouth PO6 2PX, UK",,
