Name,Address,Postcode,Phone number,Service's website (if available),Service types,Local authority,Region,Provider name
Sandhurst Court,"7 Spen View,Dewsbury Moor,Dewsbury",WF13 3PZ,1924975080,,Residential homes,Kirklees,Yorkshire & Humberside,Horizon Healthcare Homes Limited
Frances Bolitho Care Home,"Polwithen Road,St. Ives",TR18 2JR,1736697380,,Nursing homes,Cornwall,South West,Cornwallis Care Services Ltd
Charlotte House,"Church Road,Bebington,Wirral",CH63 3DZ,1516431271,,Nursing homes,Wirral,North West,Lovett Care Limited
Regency Care Centre,"140 Lilly Hill,Whitefield,Bury",M45 7SG,1617961811,,Nursing homes,Bury,North West,Lovett Care Limited
Rowan House,"128 Columbus Ravine,Scarborough",YO12 7QZ,,https://www.milewoodhealthcare.com,Residential homes,North Yorkshire,Yorkshire & Humberside,Milewood Healthcare Ltd
Riverwell Beck Care Home,"Durdar Road,Blackwell,Carlisle",CA2 4SE,1228512456,,Nursing homes,Cumberland,North West,Mariposa Care Group Limited
Cedar Court Residential and Nursing Home,"Portland Avenue,Seaham",SR7 8BT,1915818080,https://www.sanctuary-care.co.uk/care-homes-north/cedar-court-residential-nursing-durham,Nursing homes|Rehabilitation (illness/injury),County Durham,North East,Sanctuary Care Limited
Laureate Court,"Wellgate,Rotherham",S60 2NX,1709838278,https://www.runwoodhomes.co.uk,Nursing homes,Rotherham,Yorkshire & Humberside,Runwood Homes Limited
Fosse Bank House,"1-6 Fosse Bank Court,Fosse Close,Blackburn",BB2 3UB,1254265057,,Residential homes,Blackburn with Darwen,North West,Achieve Together Limited
Roper House,"St. Dunstans Street,Canterbury",CT2 8BZ,1227462155,,Residential homes,Kent,South East,Achieve Together Limited
Harding House,"70 North Side Wandsworth Common,Clapham,London",SW18 2QX,2088703653,,Residential homes,Wandsworth,London,Achieve Together Limited
Huguenot Place,"6 Huguenot Place,Wandsworth,London",SW18 2EN,,,Residential homes,Wandsworth,London,Achieve Together Limited
29 & 30 Dominion Road,"29 & 30 Dominion Road,Twerton,Bath",BA2 1DW,1225332396,,Residential homes,Bath and North East Somerset,South West,Achieve Together Limited
Spring House,"Spring House,Matford Road,Exeter",EX2 4PD,1392715550,,Nursing homes,Devon,South West,Elysium Healthcare No. 4 Limited
Oak Lodge,"Lordsleaze Lane,Chard",TA20 2HN,146067258,,Nursing homes,Somerset,South West,Harbour Healthcare Ltd
Ashurst,"74 Albert Road West,Bolton",BL1 5HW,1613835436,,Residential homes,Bolton,North West,Care In Mind Limited
Broom Lodge,"Cleveland View,Ferryhill",DL17 0SW,1740669734,https://www.action4care.org,Residential homes,County Durham,North East,Action for Care Limited
Polesworth Group 32 Station Road,"32 Station Road,Polesworth,Tamworth",B78 1BQ,1827896939,https://www.polesworthhomes.co.uk,Residential homes,Warwickshire,West Midlands,Polesworth Group Homes Limited
Polesworth Group Pooley View,"19 Pooley View,Polesworth,Tamworth",B78 1BN,1827897494,https://www.polesworthhomes.co.uk,Residential homes,Warwickshire,West Midlands,Polesworth Group Homes Limited
Polesworth Group Pooley Heights,"Pooley Heights, Pooley Lane,Polesworth,Tamworth",B78 1JA,1827894828,https://www.polesworthhomes.co.uk,Residential homes,Warwickshire,West Midlands,Polesworth Group Homes Limited
Polesworth Group Laurel End,"Laurel End, Laurel Avenue,Polesworth,Tamworth",B78 1LT,1827896124,https://www.polesworthhomes.co.uk,Residential homes,Warwickshire,West Midlands,Polesworth Group Homes Limited
Richmond Village Willaston,"261 Crewe Road,Willaston,Nantwich",CW5 6GX,1270696929,https://www.richmond-villages.com,Nursing homes,Cheshire East,North West,Richmond Villages Operations Limited
Pine Lodge,"Motala Close,Danesholme,Corby",NN18 9EJ,1604364150,https://www.northnorthants.gov.uk,Residential homes|Shared lives,North Northamptonshire,East Midlands,North Northamptonshire Council
Obelisk House,"Obelisk Rise,Northampton",NN2 8SA,1604850910,https://www.westnorthants.gov.uk,Residential homes,West Northamptonshire,East Midlands,West Northamptonshire Council
Turn Furlong,"Turn Furlong,Off Rookery Lane, Kingsthorpe,Northampton",NN2 8BZ,1604368830,https://www.westnorthants.gov.uk,Residential homes|Rehabilitation (illness/injury),West Northamptonshire,East Midlands,West Northamptonshire Council
Longlands,"London Road,Daventry",NN11 4DY,1604362880,https://www.westnorthants.gov.uk,Residential homes,West Northamptonshire,East Midlands,West Northamptonshire Council
Southfields House,"Farmhill Road,Southfields,Northampton",NN3 5DS,1604527417,https://www.westnorthants.gov.uk,Residential homes,West Northamptonshire,East Midlands,West Northamptonshire Council
Charlton House,"58 Little Heath,London",SE7 8BH,2088544849,https://www.cognithan.com,Residential homes,Greenwich,London,Cognithan Limited
Beech Grove,"Main Street,Sutton-in-craven,Keighley",BD20 7JS,,https://www.elysiumhealthcare.co.uk,Residential homes,North Yorkshire,Yorkshire & Humberside,Elysium Healthcare No. 4 Limited
Felbrigg House,"St Alphege Road,Dover",CT16 2PU,1304204760,https://www.elysiumhealthcare.co.uk,Residential homes,Kent,South East,Elysium Care Partnerships No 2 Limited
Pippin House,"8 Keyberry Park,Newton Abbot",TQ12 1BZ,1626354521,,Residential homes,Devon,South West,Achieve Together Limited
60 Olive Lane,"60 Olive Lane,Halesowen",B62 8LZ,1215590031,,Residential homes,Dudley,West Midlands,Achieve Together Limited
Gallaudet Home,"Poolemead Centre,Watery Lane,Bath",BA2 1RN,1225356492,,Residential homes,Bath and North East Somerset,South West,Achieve Together Limited
Mulberry House,"70 Lichfield Street,Walsall",WS4 2BY,1922615218,,Residential homes,Walsall,West Midlands,Achieve Together Limited
Westcliffe Villa,"37a Sea Road,Westgate-on-Sea",CT8 8QW,1843835669,,Residential homes,Kent,South East,Achieve Together Limited
Berkeley Court,"Chatsworth Road,Harehills,Leeds",LS8 3QJ,1132499170,,Residential homes,Leeds,Yorkshire & Humberside,Anchor Hanover Group
Beech Hall,"1 Far Fold Lane,Armely,Leeds",LS12 3UE,1132244621,https://www.anchorhanover.org.uk,Residential homes,Leeds,Yorkshire & Humberside,Anchor Hanover Group
Brooklands Care Home,"44 Albany Road,Old Swan,Liverpool",L13 3BJ,1512520080,,Residential homes,Liverpool,North West,DHCH14 Limited
Chesterton Lodge,"Loomer Road,Chesterton,Newcastle",ST5 7LB,1782576421,,Residential homes,Staffordshire,West Midlands,Anchor Hanover Group
Dearne Hall,"St. Andrews Square,Bolton-upon-Dearne,Rotherham",S63 8BA,1709882090,,Residential homes,Barnsley,Yorkshire & Humberside,Anchor Hanover Group
Harden Hall,"235 Coalpool Lane,Walsall",WS3 1RF,1922620422,,Residential homes,Walsall,West Midlands,Anchor Hanover Group
Hatfield House,"Crookesbroom Avenue,Hatfield,Doncaster",DN7 6JQ,1302844889,,Residential homes,Doncaster,Yorkshire & Humberside,Anchor Hanover Group
Hatton Grange,"Oldham Street,Hyde",SK14 1LN,1613684484,,Residential homes,Tameside,North West,Anchor Hanover Group
Herries Lodge,"2 Teynham Road,Sheffield",S5 8TT,1142314879,,Residential homes,Sheffield,Yorkshire & Humberside,Anchor Hanover Group
Hurst Park Court,"Long View Drive,Huyton,Liverpool",L36 6DZ,1519495810,,Residential homes,Knowsley,North West,Anchor Hanover Group
Garden Lodge Care Home,"Middlemass Hey,Liverpool",L27 7AR,1514984776,,Residential homes,Liverpool,North West,DHCH14 Limited
The Brunswick,"2-4 Lord Street,Southport",PR8 1QD,1704535786,,Residential homes,Sefton,North West,DHCH14 Limited
Birch Abbey,"55 Alexandra Road,Southport",PR9 9HD,1704410010,https://www.dovehavencarehomes.co.uk,Nursing homes,Sefton,North West,DHCH14 Limited
Argyle Park Care,"9 Park Road,Southport",PR9 9JB,1704539001,,Residential homes,Sefton,North West,DHCH14 Limited
Lightbowne Hall,"262 Lightbowne Road,Moston,Manchester",M40 5HQ,1616833170,,Residential homes,Manchester,North West,Anchor Hanover Group
Oak Tree Lodge,"Foundry Approach,Gipton,Leeds",LS9 6BT,1132491583,,Residential homes,Leeds,Yorkshire & Humberside,Anchor Hanover Group
Park Hall,"Ubberley Road,Bentilee,Stoke-on-trent",ST2 0QS,1782406925,,Residential homes,Stoke-on-Trent,West Midlands,Anchor Hanover Group
The Cedars,"73 Berwick Road,Stoke-on-trent",ST1 6ER,1782216570,,Residential homes,Stoke-on-Trent,West Midlands,Anchor Hanover Group
Upton Grange,"Salacre Lane,Wirral",CH49 9AS,1516776067,,Residential homes,Wirral,North West,Anchor Hanover Group
Wynyard Woods,"Wynyard,Billingham",TS22 5GJ,1740646980,,Residential homes,Hartlepool,North East,Anchor Hanover Group
Savile Park,"1 Mellor Street,Halifax",HX1 3AE,1422399860,,Residential homes,Calderdale,Yorkshire & Humberside,Anchor Hanover Group
Brackenfield Hall,"66a Fox Lane,Frecheville,Sheffield",S12 4WU,1142651039,,Residential homes,Sheffield,Yorkshire & Humberside,Anchor Hanover Group
Hulton Care Home,"Clarke Brow,Middleton,Manchester",M24 6BW,1616546693,,Residential homes,Rochdale,North West,Franklin Care Group Limited
Montrose Hall,"Sherwood Crescent,Wigan",WN5 9RN,1942629510,,Residential homes,Wigan,North West,Anchor Hanover Group
Oakwood Grange,"Oakwood Road,Royston,Barnsley",S71 4EZ,1226709075,,Residential homes,Barnsley,Yorkshire & Humberside,Anchor Hanover Group
14 Thornhill,"14 Thornhill Park,Sunderland",SR2 7LA,1915102038,,Residential homes,Sunderland,North East,North East Autism Society
Redmond House,"3 George Hattersley Court,Occupation Road,Corby",NN17 1EA,1536264522,,Residential homes,North Northamptonshire,East Midlands,Voyage 1 Limited
Summerdyne Nursing Home,"Cleobury Road,Bewdley",DY12 2QQ,1299403260,https://www.heritagemanor.co.uk,Nursing homes,Worcestershire,West Midlands,Heritage Manor Limited
West Eaton Nursing Home,"West Eaton House,Worcester Road,Leominster",HR6 0QJ,1568610395,https://www.heritagemanor.co.uk,Nursing homes,"Herefordshire, County of",West Midlands,Heritage Manor Limited
The Lawns Nursing Home,"33, Main Road,Kempsey,Worcester",WR5 3NF,1905821388,https://www.heritagemanor.co.uk,Nursing homes,Worcestershire,West Midlands,Heritage Manor Limited
Foxglove Care Limited - 32 Rivelin Park,"Kingswood,Hull",HU7 3GP,1482823720,https://www.foxglovecare.co.uk,Residential homes,"Kingston upon Hull, City of",Yorkshire & Humberside,Foxglove Care Limited
Foxglove Care Limited - 3 The Causeway,"Kingswood,Hull",HU7 3AL,1482828392,https://www.foxglovecare.co.uk,Residential homes,"Kingston upon Hull, City of",Yorkshire & Humberside,Foxglove Care Limited
Foxglove Care Limited - 82 Willowdale,"Sutton Park,Hull",HU7 6DW,1482830245,https://www.foxglovecare.co.uk,Residential homes,"Kingston upon Hull, City of",Yorkshire & Humberside,Foxglove Care Limited
St Matthews Unit,"29-31 St Matthews Parade,Kingsley,Northampton",NN2 7HF,1604711222,https://www.smhc.uk.com,Nursing homes|Rehabilitation (illness/injury),West Northamptonshire,East Midlands,St. Matthews Limited
Kingsthorpe Grange,"296 Harborough Road,Kingsthorpe,Northampton",NN2 8LT,1604821000,https://www.smhc.uk.com,Nursing homes,West Northamptonshire,East Midlands,St. Matthews Limited
Charles House,"257 Birchfield Road,Perry Barr,Birmingham",B20 3DG,1213314972,,Residential homes,Birmingham,West Midlands,Alphonsus Services Limited
Florrie Robbins House,"Penhurst Avenue,Handsworth,Birmingham",B20 3DG,1213311817,,Residential homes,Birmingham,West Midlands,Alphonsus Services Limited
Kathleen House,"59-61 Addison Road,Brierley Hill",DY5 3RR,138470187,,Residential homes,Dudley,West Midlands,Alphonsus Services Limited
Natalie House,"14 Eachway Lane,Rednal,Birmingham",B45 9LG,1214579592,,Residential homes,Birmingham,West Midlands,Alphonsus Services Limited
Avocet Trust - 21 Potterill Lane,"21 Potterill Lane,Sutton-on-hull,Hull",HU7 4TF,1482329226,https://www.avocettrust.co.uk,Residential homes,"Kingston upon Hull, City of",Yorkshire & Humberside,Avocet Trust
Caxton Lodge,"10 North Road,Ripon",HG4 1JP,1765604418,https://www.homestogether.net,Residential homes,North Yorkshire,Yorkshire & Humberside,Homes Together Limited
The Gables,"Starbeck,Harrogate",HG2 7NW,1423546326,https://www.homestogether.net,Residential homes,North Yorkshire,Yorkshire & Humberside,Homes Together Limited
Roundhay Wood Apartments,"51-53 Gledhow Wood Road,Roundhay,Leeds",LS8 4DG,,,Residential homes,Leeds,Yorkshire & Humberside,The Bridge Community Care Limited
Charnwood House,"77a Beake Avenue,Radford,Coventry",CV6 3AQ,2476601404,https://mha.org.uk/care-support/care-homes/charnwood-house,Residential homes,Coventry,West Midlands,Methodist Homes
Claybourne,"Turnhurst Road,Chell,Stoke On Trent",ST6 6LA,1782790500,https://mha.org.uk/care-support/care-homes/claybourne,Residential homes,Stoke-on-Trent,West Midlands,Methodist Homes
Epworth Grange,"1 Chirmside Street,Bury",BL8 2BX,1617617500,https://mha.org.uk/care-support/care-homes/epworth-grange,Residential homes,Bury,North West,Methodist Homes
Fitzwarren House,"Kingsdown Road,Swindon",SN3 4TD,1793836920,https://mha.org.uk/care-support/care-homes/fitzwarren-house,Nursing homes,Swindon,South West,Methodist Homes
Cathedral View,"Archdeacon Street,Gloucester",GL1 2QX,1452303248,,Residential homes,Gloucestershire,South West,Gloucestershire County Council
The Vicarage,"59 Andover Road,Tivoli,Cheltenham",GL50 2TS,1242521918,,Residential homes,Gloucestershire,South West,Gloucestershire County Council
Longhouse,"Longhouse, 6 Whitehouse Park,Cainscross,Stroud",GL5 4LD,1452583690,https://www.gloucestershire.gov.uk,Residential homes,Gloucestershire,South West,Gloucestershire County Council
The Grange Residential Care Home,"Cannock Wood Street,Rawnsley,Cannock",WS12 0PW,1543425673,https://www.whitelodgecarehomes.co.uk,Residential homes,Staffordshire,West Midlands,Whitelodge Alveley Limited
Norton Grange Nursing & Residential Care Home,"10-12 Crabmill Lane,Coventry",CV6 5HA,2476684388,https://www.whitelodgecarehomes.co.uk,Nursing homes,Coventry,West Midlands,Whitelodge Alveley Limited
Bower Grange Residential Care Home,"Fenn Green,Alveley,Bridgnorth",WV15 6JA,1299861120,https://www.whitelodgecarehomes.co.uk,Residential homes,Shropshire,West Midlands,Whitelodge Alveley Limited
Beech Dene Residential Care Home,"Westwood Road,Leek",ST13 8DL,1538388087,https://www.whitelodgecarehomes.co.uk,Residential homes,Staffordshire,West Midlands,Whitelodge Alveley Limited
The Crescent,"1a-1b The Crescent,Bomere Heath,Shrewsbury",SY4 3PQ,1939291841,,Residential homes,Shropshire,West Midlands,Condover College Limited
The Wheatlands,"77 The Wheatlands,Baschurch,Shrewsbury",SY4 2DW,1939262580,,Residential homes,Shropshire,West Midlands,Condover College Limited
Hall Bank Mews,"1-3 Hall Bank Mews,Hall Bank, Pontesbury,Shrewsbury",SY5 0RF,1743790858,,Residential homes,Shropshire,West Midlands,Condover College Limited
Bridgewood House,"165 Barnsley Road,Huddersfield",HD8 8PS,1484861103,,Residential homes,Kirklees,Yorkshire & Humberside,Bridgewood Trust Limited
Cleveland Road,"5 Cleveland road,Edgerton,Huddersfield",HD1 4PP,1484515865,,Residential homes,Kirklees,Yorkshire & Humberside,Bridgewood Trust Limited
Colne House,"22 Manchester Road,Slaithwaite,Huddersfield",HD7 5HH,1484844775,,Residential homes,Kirklees,Yorkshire & Humberside,Bridgewood Trust Limited
Grandsmere Place,"1-1a Grandsmere Place,Manor Heath,Halifax",HX3 0DP,1422381775,,Residential homes,Calderdale,Yorkshire & Humberside,Bridgewood Trust Limited
The Gables,"Apartments 1-9,Elmwood Avenue, Highfields,Huddersfield",HD1 5DA,1484429172,,Residential homes,Kirklees,Yorkshire & Humberside,Bridgewood Trust Limited
Ravensknowle Road,"128 Ravensknowle Road,Dalton,Huddersfield",HD5 8DN,1484536080,,Residential homes,Kirklees,Yorkshire & Humberside,Bridgewood Trust Limited
Southlees,"84 Aldonley,Almondbury,Huddersfield",HD5 8SS,1484428366,,Residential homes,Kirklees,Yorkshire & Humberside,Bridgewood Trust Limited
Wheatley Lane,"21-25 Wheatley Lane,Lee Mount,Halifax",HX3 5HN,1422320986,https://www.bridgwoodtrust.co.uk,Residential homes,Calderdale,Yorkshire & Humberside,Bridgewood Trust Limited
Well Royd House,"Roils Head Road,Highroad Well,Halifax",HX2 0LH,1422350109,,Residential homes,Calderdale,Yorkshire & Humberside,Bridgewood Trust Limited
Suillean House,"77 Sleaford Road,Heckington,Sleaford",NG34 9QP,1529461066,https://www.kisimul.co.uk,Residential homes,Lincolnshire,East Midlands,Kisimul Group Limited
St. Michaels,"166 London Road,Temple Ewell,Dover",CT16 3DE,1304826414,https://www.prioryadultcare.co.uk,Residential homes,Kent,South East,High Quality Lifestyles Limited
Swerford House,"The Avenue,Temple Ewell,Dover",CT16 3AW,1304821432,https://www.prioryadultcare.co.uk,Residential homes,Kent,South East,High Quality Lifestyles Limited
Wolverton Court,"Alkham Valley Road,Alkham,Dover",CT15 7DS,1304825544,https://www.prioryadultcare.co.uk,Residential homes,Kent,South East,High Quality Lifestyles Limited
Rose Farm House,"Haine Road,Ramsgate",CT12 5AG,1843583380,https://www.prioryadultcare.co.uk,Residential homes,Kent,South East,High Quality Lifestyles Limited
Fernery House,"7 Esplanade,Burnham On Sea",TA8 1BB,1278794627,,Residential homes,Somerset,South West,National Autistic Society (The)
21 Trittiford Road,"21 Trittiford Road,Birmingham",B13 0ES,1214425070,https://www.greensquareaccord.co.uk/,Residential homes,Birmingham,West Midlands,GreenSquareAccord Limited
Holmes House Care Home,"Kenilworth Road,South Wigston,Leicester",LE18 4UF,1162782214,https://www.prime-life.co.uk,Residential homes,Leicestershire,East Midlands,Prime Life Limited
Seacroft Court,"Seacroft Esplanade,Skegness",PE25 3BE,1754610372,https://www.prime-life.co.uk,Residential homes|Rehabilitation (illness/injury),Lincolnshire,East Midlands,Prime Life Limited
Orchard Cottage,"Keycol Hill,Newington,Sittingbourne",ME9 8NE,,https://www.insightbehaviouralservice.co.uk,Residential homes,Kent,South East,Insight Specialist Behavioural Service Ltd
Foxmount,"29 Bristol Road,Quedgeley,Gloucester",GL2 4NE,1452767663,https://www.dandlsupport.co.uk/foxmount,Residential homes,Gloucestershire,South West,D & L Support Ltd
Emerald House,"Grange Farm House,Waltham Road, Barnoldby-le-beck,Grimsby",DN37 0AR,1472884579,https://www.carmand.co.uk,Nursing homes,North East Lincolnshire,Yorkshire & Humberside,Carmand Ltd
Rivendell View,"Rivendell View, Magenta Way,Stoke Bardolph, Burton Joyce,Nottingham",NG14 5HH,1156669660,https://www.idealcarehomes.co.uk,Residential homes,Nottinghamshire,East Midlands,Ideal Carehomes Limited
Alcott Lane,"2 Alcott Lane,Marston Green,Birmingham",B37 7AT,1217167325,https://www.midwaycaregroup.co.uk,Residential homes,Solihull,West Midlands,Midway Care Ltd
Beechwood House,"1 Priory Gardens,Norton,Stockton-on-tees",TS20 1BJ,1642554016,https://www.milewood.co.uk,Residential homes,Stockton-on-Tees,North East,Milewood Healthcare Ltd
Leofric Villa,"6 The Beeches,Brunswick Terrace,Wednesbury",WS10 9FB,1212729007,,Residential homes,Sandwell,West Midlands,Consensus Support Services Limited
Balmain Care Home,"1-4 Keppel Terrace,Stoke,Plymouth",PL2 1BT,1752556546,,Residential homes,Plymouth,South West,Karlyon Care Ltd
Trenant House Care Home,"Queens Road,Lipson,Plymouth",PL4 7PJ,1752663879,,Residential homes,Plymouth,South West,Karlyon Care Ltd
Washington Manor Care Home,"Hollin Hill Road,Concord,Washington",NE37 2DP,1914670015,https://www.smcgroup.co.uk,Residential homes,Sunderland,North East,St. Martin's Care Limited
Willow Green Care Home,"Eastborne Road,Darlington",DL1 4ER,1325465770,https://www.smcgroup.co.uk/our-homes/willow-green,Nursing homes,Darlington,North East,St. Martin's Care Limited
Park View Care Home,"Feetham Avenue,Forest Hall,Newcastle Upon Tyne",NE12 9QN,1914670014,https://www.smcgroup.co.uk,Residential homes,North Tyneside,North East,St. Martin's Care Limited
Windermere Grange Care Home,"Windermere Road,Middlesbrough",TS5 5DH,1642815594,https://www.smcgroup.co.uk,Residential homes,Middlesbrough,North East,St. Martin's Care Limited
Guisborough Manor Care Home,"Woodhouse Triangle,Middlesbrough Road,Guisborough",TS14 6QU,1914670039,https://www.stmartinscare.co.uk,Residential homes,Redcar and Cleveland,North East,St. Martin's Care Limited
Birmingham Road,"75 Birmingham Road,West Bromwich",B70 6PY,1214484852,,Residential homes,Sandwell,West Midlands,Achieve Together Limited
Higher Tunshill Farm,"City Gate,Gallowgate,Newcastle Upon Tyne",NE1 4PA,1706843777,https://www.nestlingscare.com,Residential homes,Newcastle upon Tyne,North East,Nestlings Care Ltd
Beauchamp House Nursing Home,"Hatch Beauchamp,Taunton",TA3 6SG,1823481500,https://www.care-south.co.uk,Nursing homes,Somerset,South West,Care South
Kenwith Castle Country House Care,"Abbotsham,Bideford",EX39 5BE,1237470060,https://www.care-south.co.uk,Residential homes,Devon,South West,Care South
Bradbury Manor,"Nursteed Road,Devizes",SN10 3AF,1380732620,,Residential homes,Wiltshire,South West,Wiltshire Council
Willow Court,"Far Common Road,Mirfield",WF14 0DQ,1924491205,https://www.hollybanktrust.com,Nursing homes,Kirklees,Yorkshire & Humberside,Hollybank Trust
Oak House,"Darley Cliffe,Upper Sheffield Road,Barnsley",S70 4AG,1226287621,https://www.hollybanktrust.com,Residential homes,Barnsley,Yorkshire & Humberside,Hollybank Trust
Hepworth House,"City Field Court,Stanley,Wakefield",WF3 4NG,,https://www.idealcarehomes.co.uk,Residential homes,Wakefield,Yorkshire & Humberside,Ideal Carehomes Limited
Landona House,"Love Lane,Wem,Shrewsbury",SY4 5QP,1939232620,https://www.landona.com,Residential homes,Shropshire,West Midlands,Landona House Limited
Oakwell House,"6 Church Lane,Hayton,Retford",DN22 9LD,7909188603,,Residential homes,Nottinghamshire,East Midlands,Creative Care (East Midlands) Limited
Sandon House,"Market Street,Mossley,Ashton-under-lyne",OL5 0JG,1457834747,https://www.hc-one.co.uk,Residential homes,Tameside,North West,HC-One Limited
Daisy Nook House,"Bamburgh Drive,Ashton-under-lyne",OL7 9SX,1613431033,https://www.hc-one.co.uk,Residential homes,Tameside,North West,HC-One Limited
Kirkby House Residential Care Home,"James Holt Avenue,Kirkby,Liverpool",L32 5TD,1512899202,https://www.hc-one.co.uk,Residential homes,Knowsley,North West,HC-One Limited
Lauren Court Residential Care Home,"Shelley Road,Chester",CH1 5US,1244373761,https://www.hc-one.co.uk,Residential homes,Cheshire West and Chester,North West,HC-One Limited
Millbrook Care Centre,"Huddersfield Road,Millbrook,Stalybridge",SK15 3ET,1613042600,https://www.hc-one.co.uk,Residential homes,Tameside,North West,HC-One Limited
Roby Lodge,"Tarbock Road,Huyton,Liverpool",L36 5XW,1519495900,https://www.hc-one.co.uk,Residential homes,Knowsley,North West,HC-One Limited
Stamford Court,"Astley Road,Stalybridge",SK15 1RA,1613039955,https://www.hc-one.co.uk,Nursing homes,Tameside,North West,HC-One Limited
Sunnyside,"Sunnyside Road,Droylsden,Manchester",M43 7QE,1613701793,https://www.hc-one.co.uk,Residential homes,Tameside,North West,HC-One Limited
The Beeches,"Yew Tree Lane,Dukinfield",SK16 5BJ,1613384922,https://www.hc-one.co.uk,Residential homes,Tameside,North West,HC-One Limited
Yew Trees,"Yew Tree Lane,Dukinfield",SK16 5BJ,1613383053,https://www.hc-one.co.uk,Residential homes,Tameside,North West,HC-One Limited
Willow View,"938 Bradford Road,East Bierley,Bradford",BD4 6PA,1274050898,https://www.action4care.org,Residential homes,Kirklees,Yorkshire & Humberside,Action for Care Limited
Fairmont Residential Limited,"144 Chester Road South,Kidderminster",DY10 1XB,1562634324,https://www.fairmont-residential.com,Residential homes,Worcestershire,West Midlands,Fairmont Residential Limited
Melbury Court,"Old Dryburn Way,Durham",DH1 5SE,1913830380,https://www.hc-one.co.uk,Nursing homes,County Durham,North East,HC-One No.2 Limited
Needham Court,"Stanhope Road,Jarrow",NE32 3UD,1914898146,https://www.hc-one.co.uk,Residential homes,South Tyneside,North East,HC-One No.2 Limited
Foxton Court,"Morpeth Cottage Hospital,Morpeth",NE61 2BT,1670500610,https://www.hc-one.co.uk,Residential homes,Northumberland,North East,HC-One No.2 Limited
Garden Lodge,"Maureen Terrace,Seaham",SR7 7SN,1915131185,https://www.espa.org.uk,Residential homes,County Durham,North East,Education and Services for People with Autism Limited
Orchard House,"Maureen Terrace,Seaham",SR7 7SN,1915817568,https://www.espa.org.uk,Residential homes,County Durham,North East,Education and Services for People with Autism Limited
Ashleigh,"3 Elmfield Park,Gosforth,Newcastle Upon Tyne",NE3 4UX,1915165080,https://www.espa.org.uk,Residential homes|Education disability services,Newcastle upon Tyne,North East,Education and Services for People with Autism Limited
Montpelier Terrace,"3 Montpelier Terrace,Ashbrooke,Sunderland",SR2 7TZ,1915656205,https://www.espa.org.uk,Residential homes,Sunderland,North East,Education and Services for People with Autism Limited
East Dene Court,"Melbury Street,Seaham",SR7 7NF,1915815008,https://www.espa.org.uk,Residential homes,County Durham,North East,Education and Services for People with Autism Limited
The Hermitage,"Ravine Terrace,Roker,Sunderland",SR6 9LZ,1915677958,https://www.epsa.org.uk,Residential homes,Sunderland,North East,Education and Services for People with Autism Limited
Education and Services for People with Autism Limited - 7 The Cedars,"Ashbrooke,Sunderland",SR2 7TW,1915165080,https://www.espa.org.uk,Residential homes,Sunderland,North East,Education and Services for People with Autism Limited
Willow Lodge,"Whalley Road,Altham West,Accrington",BB5 5EF,1254581236,https://www.brhw.co.uk,Residential homes,Lancashire,North West,Blue Ribbon Healthcare Limited
Edgeview Nursing Home,"The Compa,Comber Road, Kinver,Stourbridge",DY7 6HT,1384872804,,Nursing homes|Supported living,Staffordshire,West Midlands,Edge View Homes Limited
Ascot House - Oldbury,"23 Joinings Bank,Oldbury",B68 8QJ,1215526317,https://www.myedgeview.co.uk,Residential homes,Sandwell,West Midlands,Edge View Homes Limited
Abbeycroft,"16 Crabbs Cross Lane,Crabbs Cross,Redditch",B97 5LD,1527540403,,Residential homes,Worcestershire,West Midlands,Edge View Homes Limited
Attleborough Grange,"Attleborough Road,Nuneaton",CV11 4JN,2476383543,https://www.wcs-care.co.uk,Residential homes,Warwickshire,West Midlands,WCS Care Group Limited
Dewar Close,"5 Beech Drive,Bilton,Rugby",CV22 7LT,1788811724,https://www.wcs-care.co.uk,Residential homes,Warwickshire,West Midlands,WCS Care Group Limited
Woodside Care Village,"Maple Grove,Warwick",CV34 5SS,1926864242,https://www.wcs-care.co.uk,Residential homes,Warwickshire,West Midlands,WCS Care Group Limited
Newlands,"Whites Row,Kenilworth",CV8 1HW,1926859600,https://www.wcs-care.co.uk,Residential homes,Warwickshire,West Midlands,WCS Care Group Limited
Fourways,"Mason Avenue,Lillington,Leamington Spa",CV32 7PE,1926421309,https://www.wcs-care.co.uk,Residential homes,Warwickshire,West Midlands,WCS Care Group Limited
Sycamores,"Sydenham Drive,Leamington Spa",CV31 1PB,1926420964,https://www.wcs-care.co.uk,Residential homes,Warwickshire,West Midlands,WCS Care Group Limited
Middlefields House,"Middlefields House,Cornfields,Chippenham",SN14 6GA,,,Residential homes,Wiltshire,South West,Pilgrims' Friend Society
Woodhayes,"36-40,St. Leonards Road,Exeter",EX2 4LR,,,Nursing homes,Devon,South West,Stonehaven (Healthcare) Ltd
Penhayes,"Kenton,Exeter",EX6 8JB,1626899159,https://www.salutemcareandeducation.co.uk,Residential homes,Devon,South West,Modus Care Limited
Avocet Trust - 22a-26 Middlesex Road,"22a-26 Middlesex Road,Hull",HU8 0RB,1482326226,https://www.avocettrust.co.uk,Residential homes,"Kingston upon Hull, City of",Yorkshire & Humberside,Avocet Trust
Holme Lea,"Astley Road,Stalybridge",SK15 1RA,1613385187,https://www.hc-one.co.uk,Residential homes,Tameside,North West,HC-One Limited
Glebe Rd,"13 Glebe Road,Nuneaton",CV11 4BJ,2476346128,https://www.accomplish-group.co.uk,Residential homes,Warwickshire,West Midlands,Accomplish Group Limited
Stoke House,"145 Harborough Road,Northampton",NN2 8DL,1604215057,https://www.mentauruk.com,Residential homes,West Northamptonshire,East Midlands,Mentaur Limited
Herons Lodge,"138 Northampton Road,Market Harborough",LE16 9HF,1858465441,https://www.mentauruk.com,Residential homes,Leicestershire,East Midlands,Mentaur Limited
Rushwell House,"116 Wellingborough Road,Rushden",NN10 9TD,1933830490,https://www.mentauruk.com,Residential homes,North Northamptonshire,East Midlands,Mentaur Limited
Ladybrook Manor,"1 Dairyground Road,Bramhall,Stockport",SK7 2HW,1618209656,,Nursing homes,Stockport,North West,WT UK Opco 4 Limited
Halecroft Grange,"295 Hale Road,Hale Barns,Altrincham",WA15 8SN,1619809500,,Residential homes,Trafford,North West,WT UK Opco 4 Limited
Foxland Grange,"73 Wergs Road,Wolverhampton",WV6 9BN,1902925921,,Nursing homes,Wolverhampton,West Midlands,WT UK Opco 4 Limited
April Park Care Home,"West Street,Eckington,Sheffield",S21 4GA,1246430683,https://www.hc-one.co.uk,Residential homes,Derbyshire,East Midlands,HC-One Limited
The Sycamores,"Victoria Street,Newton,Hyde",SK14 4DH,1613684297,https://www.hc-one.co.uk,Residential homes,Tameside,North West,HC-One Limited
Ashgate Cottage,"14 Beresford Park,Sunderland",SR2 7JU,1915657907,https://www.ne-as.org.uk,Residential homes,Sunderland,North East,North East Autism Society
Dunelm,"115 Dunelm South,Sunderland",SR2 7QY,1915227398,https://www.ne-as.org.uk,Residential homes,Sunderland,North East,North East Autism Society
Rosehill,"31 Thornholme Road,Sunderland",SR2 7JX,1915108145,https://www.ne-as.org.uk,Residential homes,Sunderland,North East,North East Autism Society
Ashdale - Sunderland,"14a Beresford Park,Sunderland",SR2 7JU,1915689661,https://www.ne-as.org.uk,Residential homes,Sunderland,North East,North East Autism Society
Cranley Gardens,"14 Cranley Gardens,Wallington",SM6 9PR,2084058206,https://www.activecaregroup.co.uk,Residential homes,Sutton,London,Independence Homes Limited
Foxley Lane,"37 Foxley Lane,Purley",CR8 3EH,2086608928,https://www.activecaregroup.co.uk,Residential homes,Croydon,London,Independence Homes Limited
Hall Road,"7 Hall Road,Wallington",SM6 0RT,2082549895,https://www.activecaregroup.co.uk,Residential homes,Sutton,London,Independence Homes Limited
Hampton Road,"20 Hampton Road,Erdington,Birmingham",B23 7JJ,1212265800,https://www.reachthecharity.org.uk,Residential homes,Birmingham,West Midlands,Trident Reach The People Charity
Athens House,"ACACI Accommodation,11 Park Road,Coventry",CV1 2LE,2477923894,https://www.aspectscarehomes.co.uk,Residential homes,Coventry,West Midlands,Aspects Care Homes Ltd
Fazakerley House Residential Care Home,"Park Road,Prescot",L34 3LN,1512899203,https://www.hc-one.co.uk,Residential homes,Knowsley,North West,HC-One Limited
Newstone House,"Station Road,Sturminster Newton",DT10 1BD,1258474530,https://www.coltencare.co.uk,Nursing homes,Dorset,South West,Colten Care (1993) Limited
Immacolata House,"Portway,Langport",TA10 0NQ,1458254200,https://www.notarohomes.co.uk,Nursing homes,Somerset,South West,N. Notaro Homes Limited
Aspen Court,"Hope Corner Lane,Taunton",TA2 7PB,1823346000,https://www.notarohomes.co.uk,Nursing homes,Somerset,South West,N. Notaro Homes Limited
The Lodge,"Portway,Langport",TA10 0NQ,1458252543,https://www.notarohomes.co.uk,Residential homes,Somerset,South West,N. Notaro Homes Limited
Cedar Lodge,"Hope Corner Lane,Taunton",TA2 7PB,1823286158,https://www.notarohomes.co.uk,Residential homes,Somerset,South West,N. Notaro Homes Limited
Vane Hill,"15-72 Vane Hill Road,Torquay",TQ1 2BZ,1803214916,https://www.notarohomes.co.uk,Residential homes,Torbay,South West,N. Notaro Homes Limited
Stuart House,"21-23 Clevedon Road,Weston Super Mare",BS23 1DA,1934429086,,Residential homes,North Somerset,South West,N. Notaro Homes Limited
Clarence Park,"7-9 Clarence Road North,Weston Super Mare",BS23 4AT,1934629374,https://www.notarohomes.co.uk,Nursing homes,North Somerset,South West,N. Notaro Homes Limited
Campania,"18-20 Ellenborough Park South,Weston Super Mare",BS23 1XN,1934626233,https://www.arbdcare.co.uk/carehome/campania/,Residential homes,North Somerset,South West,N. Notaro Homes Limited
Charlotte Grange Care Home,"Charlotte Grange,Flaxton Street,Hartlepool",TS26 9JY,1429860301,,Residential homes,Hartlepool,North East,Park Homes (UK) Limited
Eachstep Blackley,"198 Charlestown Road,Manchester",M9 7ED,1617956641,https://www.each-step.co.uk,Nursing homes,Manchester,North West,Park Homes (UK) Limited
Pemberton Fold,"Pemberton Street,Little Hulton,Manchester",M38 9LR,1617025100,https://www.c-i-c.co.uk,Residential homes,Salford,North West,Park Homes (UK) Limited
Otterhayes,"Salston Ride,Salston,Ottery St. Mary",EX11 1RH,1404816300,,Residential homes|Supported living,Devon,South West,Sense
St Stephens Care Home,"London Road,Elworth,Sandbach",CW11 4TG,1514203637,,Nursing homes,Cheshire East,North West,Park Homes (UK) Limited
Richmond Heights,"Woodhouse Road,Intake,Sheffield",S12 2AZ,1142531992,,Nursing homes,Sheffield,Yorkshire & Humberside,Your Care Provider Ltd
Cherry Tree Close,"3 Cherry Tree Close,Nailsworth,Stroud",GL6 0DX,,,Residential homes,Gloucestershire,South West,Gloucestershire Group Homes Limited
Churchill Road,"65 Churchill Road,Forest Green,Nailsworth",GL6 0DE,1453835023,,Residential homes,Gloucestershire,South West,Gloucestershire Group Homes Limited
Old Dairy,"The Old Dairy,Market Street,Nailsworth",GL6 0BZ,1453835023,,Residential homes,Gloucestershire,South West,Gloucestershire Group Homes Limited
Ashleigh,"Box crescent,3 Box Crescent,Minchinhampton",GL6 9DJ,1453835023,,Residential homes,Gloucestershire,South West,Gloucestershire Group Homes Limited
Hillcrest House,"Barbican Road,Looe",PL13 1NN,1503263489,,Nursing homes,Cornwall,South West,Minster Care Management Limited
Deerhurst Care Home,"10 Deerhurst,Off Sweets Road,Bristol",BS15 1XH,1179041170,https://www.brunelcare.org.uk,Nursing homes,South Gloucestershire,South West,Brunelcare
Noble Manor,"Ledbury Court,Ledbury Road,Hereford",HR1 2SZ,1432683175,,Residential homes,"Herefordshire, County of",West Midlands,Noble Care Limited
Fernleigh House,"1 Fernleigh,Leyland",PR26 7AW,1772451099,https://www.prioryadultcare.co.uk,Residential homes,Lancashire,North West,Progress Adult Services Limited
Long Lane Farm,"Kellet Lane Bamber Bridge,Preston",PR5 6AN,1772335372,https://www.prioryadultcare.co.uk,Residential homes,Lancashire,North West,Progress Adult Services Limited
Dixons Farm,"Wigan Road,Preston",PR5 6AS,1772626916,https://www.prioryadultcare.co.uk,Residential homes,Lancashire,North West,Progress Adult Services Limited
Broadoak Park,"Nuncargate Road,Kirkby-in-Ashfield,Nottingham",NG17 9DS,1623721924,,Residential homes,Nottinghamshire,East Midlands,Broadoak Group of Care Homes
Broadoak Lodge,"Sandy Lane,Melton Mowbray",LE13 0AN,1664481120,,Residential homes,Leicestershire,East Midlands,Broadoak Group of Care Homes
Orchard House,"Weston Drive,Market Bosworth",CV13 0LY,1455292988,,Residential homes,Leicestershire,East Midlands,Broadoak Group of Care Homes
Cherry Tree Cottage,"6 Kinoulton Lane,Kinoulton,Nottingham",NG12 3EQ,1949823951,,Residential homes,Nottinghamshire,East Midlands,Broadoak Group of Care Homes
Primrose Lodge,"Lingdale,East Goscote",LE7 3XW,1162697871,,Residential homes,Leicestershire,East Midlands,Broadoak Group of Care Homes
Lingdale Lodge,"Lingdale,East Goscote",LE7 3XW,1162603738,,Residential homes,Leicestershire,East Midlands,Broadoak Group of Care Homes
Cadley Hill View,"Darklands Road,Swadlincote",DE11 0PQ,,,Residential homes,Derbyshire,East Midlands,Ideal Carehomes Limited
Shaftesbury Wall Street,"14 Wall Street,Hereford",HR4 9HP,1432358802,https://www.livability.org.uk,Residential homes|Homecare agencies,"Herefordshire, County of",West Midlands,Livability
Bamford Close,"Adswood Lane West,Cale Green,Stockport",SK3 8HT,1614806712,https://www.boroughcare.org.uk,Residential homes,Stockport,North West,Borough Care Ltd
Bryn Haven,"Brinnington Road,Stockport",SK5 8BS,1614302337,https://www.boroughcare.org.uk,Residential homes,Stockport,North West,Borough Care Ltd
Bruce Lodge,"Turncroft Lane,Offerton,Stockport",SK1 4AU,1614298797,https://www.boroughcare.org.uk,Residential homes,Stockport,North West,Borough Care Ltd
Cawood House,"Lapwing Lane,Brinnington,Stockport",SK5 8JY,1614305441,https://www.boroughcare.org.uk,Residential homes,Stockport,North West,Borough Care Ltd
Lisburne Court,"Alfreton Road,Offerton,Stockport",SK2 5LU,1614830671,https://www.boroughcare.org.uk,Residential homes,Stockport,North West,Borough Care Ltd
Reinbek,"287 Bramhall Lane,Davenport,Stockport",SK3 8TB,1614835252,https://www.boroughcare.org.uk,Residential homes,Stockport,North West,Borough Care Ltd
Shepley House,"Eyam Road,Hazel grove,Stockport",SK7 6HP,1625874711,https://www.boroughcare.org.uk,Residential homes,Stockport,North West,Borough Care Ltd
Silverdale,"20 Bents Avenue,Bredbury,Stockport",SK6 2LF,1614305010,https://www.boroughcare.org.uk,Residential homes,Stockport,North West,Borough Care Ltd
Wellcroft,"75 Church Road,Gatley,Stockport",SK8 4EY,1614285361,https://www.boroughcare.org.uk,Residential homes,Stockport,North West,Borough Care Ltd
Romford Nursing Care Centre,"107 Neave Crescent,Harold Hill,Romford",RM3 8HW,1708379022,https://www.ranccare.co.uk,Nursing homes,Havering,London,RCH Care Homes Limited
The Oakleaf Care Group (Hartwell) Limited,"Hilltop House,Ashton Road, Hartwell,Northampton",NN7 2EY,1604864466,https://www.oakleafcare.com,Nursing homes|Rehabilitation (illness/injury),West Northamptonshire,East Midlands,Oakleaf Care (Hartwell) Limited
Tree Top View,"204 Longmeanygate,Midge Hall,Leyland",PR26 7TB,1772458734,https://www.prioryadultcare.co.uk,Residential homes,Lancashire,North West,Parkcare Homes (No.2) Limited
Priory Radstock,"The Rookery,Wells Road, Westfield,Radstock",BA3 3RS,1761438610,https://www.prioryadultcare.co.uk,Residential homes,Bath and North East Somerset,South West,Parkcare Homes (No.2) Limited
Priory Radstock Satellite,"42 Redfield Road,Midsomer Norton,Radstock",BA3 2JP,1761417398,https://www.prioryadultcare.co.uk,Residential homes,Bath and North East Somerset,South West,Parkcare Homes (No.2) Limited
Meadow View,"Hesley Hall,Stripe Road, Tickhill,Doncaster",DN11 9HH,1302866906,https://www.hesleygroup.co.uk,Residential homes,Doncaster,Yorkshire & Humberside,The Hesley Group Limited
Low Laithes,"Old Farm Lane,Wombwell,Barnsley",S73 8SU,1226272050,https://www.hesleygroup.co.uk,Residential homes,Barnsley,Yorkshire & Humberside,The Hesley Group Limited
King Street,"49 King Street,Thorne,Doncaster",DN8 5AU,1405818580,https://www.hesleygroup.co.uk,Residential homes,Doncaster,Yorkshire & Humberside,The Hesley Group Limited
Kingland House Residential Home,"Kingland House,Kingland Road,Poole",BH15 1TP,1202675411,https://www.bucklandcare.co.uk,Residential homes,"Bournemouth, Christchurch and Poole",South West,Buckland Care Limited
Willow Bank House Residential Home,"Willow Bank House,Tilesford Park, Throckmorton,Pershore",WR10 2LA,1386556844,https://www.bucklandcare.co.uk,Residential homes,Worcestershire,West Midlands,Buckland Care Limited
Brunswick House Nursing Home,"119 Reservoir Road,Gloucester",GL4 6SX,1452523903,https://www.bucklandcare.co.uk,Nursing homes,Gloucestershire,South West,Buckland Care Limited
Park View,"61 Northstead Manor Drive,Scarborough",YO12 6AF,1723361555,https://www.milewood.co.uk,Residential homes,North Yorkshire,Yorkshire & Humberside,Milewood Healthcare Ltd
Redfern,"6 Saint Vincent Terrace,Redcar,Stockton On Tees",TS10 1QL,1642487766,https://www.milewood.co.uk,Residential homes|Homecare agencies,Redcar and Cleveland,North East,Milewood Healthcare Ltd
Vincent House,"9 Saint Vincent Terrace,Redcar,Stockton On Tees",TS10 1QL,1642498410,https://www.milewood.co.uk,Residential homes,Redcar and Cleveland,North East,Milewood Healthcare Ltd
Hawthorn House,"133 The Village,Strensall,York",YO32 5XD,1904499123,https://www.milewood.co.uk,Residential homes,York,Yorkshire & Humberside,Milewood Healthcare Ltd
Little Heath Reablement & Support Centre,"Newton Road,Bristol",BS30 8EZ,1174500340,https://www.brunelcare.org.uk,Nursing homes,South Gloucestershire,South West,Brunelcare
The Bungalow,"47 Todd Lane North,Lostock Hall,Preston",PR5 5UR,1772696961,https://www.prioryadultcare.co.uk,Residential homes,Lancashire,North West,Progress Adult Services Limited
The Spinney,"The Spinney,Gough Lane, Bamber Bridge,Preston",PR5 6AQ,1772629131,https://www.prioryadultcare.co.uk,Residential homes,Lancashire,North West,Progress Adult Services Limited
Glen Rosa & Kitwood House,"24 Grove Road,Ilkley",LS29 9PH,1943609604,https://mha.org.uk/care-support/care-homes/glen-rosa,Residential homes,Bradford,Yorkshire & Humberside,Methodist Homes
Starr Hills,"Ansdell Road South,Ansdell,Lytham St Annes",FY8 5PQ,1253735037,https://mha.org.uk/care-support/care-homes/starr-hills,Residential homes,Lancashire,North West,Methodist Homes
Stratton House,"16 Park Lane,Bath",BA1 2XH,1225421196,https://mha.org.uk/care-support/care-homes/stratton-house,Residential homes,Bath and North East Somerset,South West,Methodist Homes
Waterside House,"41 Moathouse Lane West,Wolverhampton",WV11 3HA,1902727766,https://mha.org.uk/care-support/care-homes/waterside-house,Residential homes,Wolverhampton,West Midlands,Methodist Homes
Weston House,"Weston Road,Stafford",ST16 3TF,1785228324,https://mha.org.uk/care-support/care-homes/weston-queensway,Nursing homes,Staffordshire,West Midlands,Methodist Homes
Willersley House,"85 Main Street,Willerby,Hull",HU10 6BY,1482653353,https://mha.org.uk/care-support/care-homes/willersley-house,Residential homes,East Riding of Yorkshire,Yorkshire & Humberside,Methodist Homes
Hartcliffe Nursing Home,"15 Murford Avenue,Hartcliffe,Bristol",BS13 9JS,1179641000,https://mha.org.uk/care-support/care-homes/hartcliffe,Nursing homes,"Bristol, City of",South West,Methodist Homes
Abbey Park,"Humber Road,Coventry",CV3 4FE,2476506045,https://mha.org.uk/care-support/care-homes/abbey-park,Nursing homes,Coventry,West Midlands,Methodist Homes
Aigburth,"21 Manor Road,Oadby,Leicester",LE2 2LL,1162715086,https://mha.org.uk/care-support/care-homes/aigburth,Residential homes,Leicestershire,East Midlands,Methodist Homes
Beechville,"653 Chorley New Road,Lostock,Bolton",BL6 4AG,1204467480,https://mha.org.uk/care-support/care-homes/beechville,Residential homes,Bolton,North West,Methodist Homes
Berwick Grange,"14 Wetherby Road,Harrogate",HG2 7SA,1423880194,https://mha.org.uk/care-support/care-homes/berwick-grange,Nursing homes,North Yorkshire,Yorkshire & Humberside,Methodist Homes
Briar Hill House,"51 Attlee Crescent,Rugeley",WS15 1BP,1889576622,https://mha.org.uk/care-support/care-homes/briar-hill-house,Nursing homes,Staffordshire,West Midlands,Methodist Homes
Handsworth,"West Road,Bowdon,Altrincham",WA14 2LA,1619285314,https://mha.org.uk/care-support/care-homes/handsworth,Residential homes,Trafford,North West,Methodist Homes
Homewood,"40 Kenilworth Road,Leamington Spa",CV32 6JF,1926423519,https://mha.org.uk/care-support/care-homes/homewood,Residential homes,Warwickshire,West Midlands,Methodist Homes
Langholme,"Arwenack Avenue,Falmouth",TR11 3LD,1326314512,https://mha.org.uk/care-support/care-homes/langholme,Residential homes,Cornwall,South West,Methodist Homes
Maple Leaf House,"Kirk Close,Ripley",DE5 3RY,1773513361,https://mha.org.uk/care-support/care-homes/maple-leaf-house,Nursing homes,Derbyshire,East Midlands,Methodist Homes
Mayfields,"Naylor Crescent,Overpool,Ellesmere Port",CH66 1TP,1513564913,https://mha.org.uk/care-support/care-homes/mayfields,Residential homes,Cheshire West and Chester,North West,Methodist Homes
Pennystone Court,"Handsworth Road,Blackpool",FY1 2RQ,1253752307,https://mha.org.uk/care-support/care-homes/pennystone-court,Residential homes,Blackpool,North West,Methodist Homes
Priceholme,"Givendale Road,Scarborough",YO12 6LE,1723361022,https://mha.org.uk/care-support/care-homes/priceholme,Residential homes,North Yorkshire,Yorkshire & Humberside,Methodist Homes
Town Moor House,"1-2 Town Moor Avenue,Doncaster",DN2 6BL,1302368573,https://www.trustcare.co.uk,Residential homes,Doncaster,Yorkshire & Humberside,Trust Care Ltd
Bradley Resource Centre,"Lord Street,Bradley,Bilston",WV14 8SD,1902553543,https://www.wolverhampton.gov.uk,Residential homes,Wolverhampton,West Midlands,City of Wolverhampton Council
Kirby Muxloe,"6 Barry Drive,Kirby Muxloe,Leicester",LE9 2HG,1162245971,https://www.heathcotes.net,Residential homes,Leicestershire,East Midlands,Heathcotes Care Limited
Blythe Bridge,"Southlands,Aynsleys Drive, Blythe Bridge,Stoke On Trent",ST11 9LR,1782398372,https://www.heathcotes.net,Residential homes,Staffordshire,West Midlands,Heathcotes Care Limited
Knollbeck,"9-11 Knollbeck Crescent,Brampton,Barnsley",S73 0TT,1226270774,https://www.heathcotes.net,Residential homes,Rotherham,Yorkshire & Humberside,Heathcotes Care Limited
Balby,"44 Samuel Street,Balby,Doncaster",DN4 9AF,1302859317,https://www.heathcotes.net,Residential homes,Doncaster,Yorkshire & Humberside,Heathcotes Care Limited
Arnold,"Redhill Farm,Bestwood Lodge Drive, Arnold,Nottingham",NG5 8NE,1159679619,https://www.heathcotes.net,Residential homes,Nottinghamshire,East Midlands,Heathcotes Care Limited
2a Court Road,"Kingswood,Bristol",BS15 9QB,1179618737,https://www.milestonestrust.org.uk,Residential homes,South Gloucestershire,South West,Milestones Trust
Fairburn,"54 Kingsway,Little Stoke,Bristol",BS34 6JW,1179311069,https://www.milestonestrust.org.uk,Nursing homes,South Gloucestershire,South West,Milestones Trust
Mayo House,"11 Lodge Road,Yate,Bristol",BS37 7LE,1454228246,https://www.milestonestrust.org.uk,Residential homes|Supported living,South Gloucestershire,South West,Milestones Trust
Stibbs House,"74 Stibbs Hill,St George,Bristol",BS5 8NA,1179619137,https://www.milestonestrust.org.uk,Nursing homes,"Bristol, City of",South West,Milestones Trust
Greengates,"697-699 Southmead Road,Bristol",BS34 7QY,1179236067,https://www.milestonestrust.org.uk,Nursing homes,South Gloucestershire,South West,Milestones Trust
The Recovery Hub,"33A Hampstead Road,Bristol",BS4 3HL,1179077219,https://www.milestonestrust.org.uk,Residential homes,"Bristol, City of",South West,Milestones Trust
218 Kingsway,"St George,Bristol",BS5 8NS,1179476315,https://www.milestonestrust.org.uk,Residential homes,"Bristol, City of",South West,Milestones Trust
25-27 Teewell Avenue,"Staple Hill,Bristol",BS16 5NF,1179701573,https://www.milestonestrust.org.uk,Residential homes,South Gloucestershire,South West,Milestones Trust
Tramways,"1 Tramway Road,Brislington,Bristol",BS4 3DS,1173009637,https://www.milestonestrust.org.uk,Nursing homes,"Bristol, City of",South West,Milestones Trust
Wyvern Lodge,"89 Drove Road,Weston Super Mare",BS23 3NX,1934612416,https://www.milestonestrust.org.uk,Residential homes,North Somerset,South West,Milestones Trust
The Hawthorns,"53 Station Road,Bardney,Lincoln",LN3 5UD,1526399868,https://www.homefromhomecare.com,Residential homes,Lincolnshire,East Midlands,Home from Home Care Limited
The Old Vicarage,"48 Church Lane,Stallingborough,Grimsby",DN41 8AA,1472882333,https://www.homefromhomecare.com,Residential homes,North East Lincolnshire,Yorkshire & Humberside,Home from Home Care Limited
Anvil Close,"21-24 Anvil Close,Streatham,London",SW16 6YA,2086774717,https://www.macintyrecharity.org,Residential homes,Wandsworth,London,MacIntyre Care
Montfort Fields,"12 Montfort Fields,Kington",HR5 3AT,1544231030,https://www.macintyrecharity.org,Residential homes,"Herefordshire, County of",West Midlands,MacIntyre Care
Southview Close,"1 Southview Close,Rectory Lane, Tooting,London",SW17 9TU,2086823312,https://www.macintyrecharity.org,Residential homes,Wandsworth,London,MacIntyre Care
Waring Close,"1-3 Waring Close,Glenfield,Leicester",LE3 8PZ,1162878330,https://www.macintyrecharity.org,Residential homes,Leicestershire,East Midlands,MacIntyre Care
Keychange Charity Alexander House Care Home,"12 Clifton Road,Wimbledon,London",SW19 4QT,2089467147,https://www.keychangecare.org.uk,Residential homes,Merton,London,Keychange Charity
Penrith Drive,"55 Penrith Drive,Queensway,Wellingborough",NN8 3XL,1933678681,https://www.mencap.org.uk,Residential homes,North Northamptonshire,East Midlands,Royal Mencap Society
East Fields,"24a East Crescent,Duckmanton,Chesterfield",S44 5ET,,https://www.mencap.org.uk,Residential homes,Derbyshire,East Midlands,Royal Mencap Society
Hulse Road,"15 Hulse Road,Salisbury",SP1 3LU,1722326490,https://www.mencap.org.uk,Residential homes,Wiltshire,South West,Royal Mencap Society
Montague Street Care Home,"28-30 Montague Street,Mansfield",NG18 2PN,1623651368,https://www.mencap.org.uk,Residential homes,Nottinghamshire,East Midlands,Royal Mencap Society
Meadowview Care Home,"Finlay Avenue,Penketh,Warrington",WA5 2PN,1925791180,https://www.ashberry.net,Residential homes,Warrington,North West,Ashberry Healthcare Limited
Broomy Hill Nursing Home,"43 Breinton Road,Hereford",HR4 0JY,1432274474,https://www.ashberry.net,Nursing homes,"Herefordshire, County of",West Midlands,Ashberry Healthcare Limited
Holmer Court Residential Home,"Attwood Lane,Hereford",HR1 1LJ,1432351335,https://www.ashberry.net,Residential homes,"Herefordshire, County of",West Midlands,Ashberry Healthcare Limited
Fairlawn,"St Marys Road,Ferndown",BH22 9HB,1202877277,https://www.care-south.co.uk,Residential homes,Dorset,South West,Care South
Buxton House,"423B Radipole Lane,Weymouth",DT4 0QJ,1305760834,https://www.care-south.co.uk,Residential homes,Dorset,South West,Care South
Dorset House,"Coles Avenue,Hamworthy,Poole",BH15 4HL,1202672427,https://www.care-south.co.uk,Residential homes,"Bournemouth, Christchurch and Poole",South West,Care South
Maiden Castle House,"12-14 Gloucester Road,Dorchester",DT1 2NJ,1305251661,https://www.care-south.co.uk,Residential homes,Dorset,South West,Care South
Coopers@Ambleside,"4 Ambleside Rd,Blackpool",FY4 4SG,1253477995,,Residential homes,Blackpool,North West,Blackpool Borough Council
Foley Grange,"Silverwoods Way,Kidderminster",DY11 7DT,1562543366,https://www.idealcarehomes.co.uk,Residential homes,Worcestershire,West Midlands,Ideal Carehomes Limited
Minster Lodge Care Home,"6 Westminster Road,Earlsdon,Coventry",CV1 3GA,2476552585,https://www.interhaze.co.uk,Residential homes,Coventry,West Midlands,Interhaze Limited
Chipstead Lake - Care Home Physical Disabilities,"Chevening Road,Chipstead,Sevenoaks",TN13 2SD,1732459510,https://www.leonardcheshire.org,Residential homes,Kent,South East,Leonard Cheshire Disability
Cossham Gardens  - Care Home with Nursing Physical Disabilities,"Lodge Road,Kingswood,Bristol",BS15 1LE,1179673667,https://www.leonardcheshire.org,Nursing homes,"Bristol, City of",South West,Leonard Cheshire Disability
Greenacres - Care Home with Nursing Physical Disabilities,"39 Vesey Road,Sutton Coldfield,Birmingham",B73 5NR,1213547753,https://www.leonardcheshire.org,Nursing homes,Birmingham,West Midlands,Leonard Cheshire Disability
Newlands House - Care Home with Nursing Physical Disabilities,"Main Street,Netherseal,Swadlincote",DE12 8DA,1283761202,https://www.leonardcheshire.org,Nursing homes,Derbyshire,East Midlands,Leonard Cheshire Disability
Seven Springs - Care Home Physical Disabilities,"Pembury Road,Tunbridge Wells",TN2 4NB,1892531138,https://www.leonardcheshire.org,Residential homes,Kent,South East,Leonard Cheshire Disability
Springfield - Care Home Physical Disabilities,"69 Freelands Road,Bromley",BR1 3HZ,2084668158,https://www.leonardcheshire.org,Residential homes,Bromley,London,Leonard Cheshire Disability
Wharfedale House - Care Home Physical Disabilities,"16 Wharfedale Lawns,Wetherby",LS22 6PU,1937585667,https://www.leonardcheshire.org,Residential homes,Leeds,Yorkshire & Humberside,Leonard Cheshire Disability
Stadon Road - Care Home Physical Disabilities,"42 Stadon Road,Anstey,Leicester",LE7 7AY,1162352457,https://www.leonardcheshire.org,Residential homes,Leicestershire,East Midlands,Leonard Cheshire Disability
Gloucestershire House - Care Home with Nursing Physical Disabilities,"Charlton Lane,Leckhampton,Cheltenham",GL53 9HD,1242512569,https://www.leonardcheshire.org,Nursing homes,Gloucestershire,South West,Leonard Cheshire Disability
Maple House - Care Home Learning Disabilities,"10 Maple Road,Penge,London",SE20 8HB,2087785321,https://www.leonardcheshire.org,Residential homes,Bromley,London,Leonard Cheshire Disability
St Teresa's - Care Home with Nursing Physical Disabilities,"Long Rock,Penzance",TR20 9BJ,1736710336,https://www.leonardcheshire.org,Nursing homes,Cornwall,South West,Leonard Cheshire Disability
Athol House - Care Home Physical Disabilities,"138 College Road,Upper Norwood,London",SE19 1XE,2086703740,https://www.leonardcheshire.org,Residential homes,Southwark,London,Leonard Cheshire Disability
Dalvington/The Oaks,"Dalvington,146 Lower Howsell Road,Malvern",WR14 1DL,1886833424,https://www.efitzroy.org.uk,Residential homes,Worcestershire,West Midlands,FitzRoy Support
Huws,"93 Harlaxton Drive,Nottingham",NG7 1JD,1159081560,https://www.efitzroy.org.uk,Nursing homes,Nottingham,East Midlands,FitzRoy Support
Ordinary Life Project Association - 17 Berryfield Road,"17 Berryfield Road,Bradford On Avon",BA15 1SU,1225864397,,Residential homes,Wiltshire,South West,Ordinary Life Project Association(The)
Ordinary Life Project Association - 19 Berryfield Road,"19 Berryfield Road,Bradford On Avon",BA15 1SU,1225868058,https://www.olpa.org.uk,Residential homes,Wiltshire,South West,Ordinary Life Project Association(The)
Ordinary Life Project Association - 56 Sycamore Grove,"56 Sycamore Grove,Trowbridge",BA14 0JD,1225763056,,Residential homes,Wiltshire,South West,Ordinary Life Project Association(The)
Ordinary Life Project Association - 5 St Margaret's Gardens,"5 St Margaret's Gardens,Melksham",SN12 7BT,1225709691,,Residential homes,Wiltshire,South West,Ordinary Life Project Association(The)
Ordinary Life Project Association - 12 Addington Close,"12 Addington Close,Devizes",SN10 5BE,1380720001,,Residential homes,Wiltshire,South West,Ordinary Life Project Association(The)
Ordinary Life Project Association - 15 Mossmead,"15 Mossmead,Chippenham",SN14 0TN,1249461587,,Residential homes,Wiltshire,South West,Ordinary Life Project Association(The)
Ordinary Life Project Association - 18 Boundary Road,"18 Boundary Road,Chippenham",SN15 3NN,1249656255,,Residential homes,Wiltshire,South West,Ordinary Life Project Association(The)
Autism Together - 32 York Street,"32 York Street,Bromborough Pool,Wirral",CH62 4TY,1513347510,https://www.wirral.autistic.org,Residential homes,Wirral,North West,Autism Together
Nelson's Croft,"71 Church Road,Bebington,Wirral",CH63 3EA,1513347510,https://www.wirral.autistic.org,Residential homes,Wirral,North West,Autism Together
The Green,"1-2 The Green,Bromborough Pool,Wirral",CH62 4TT,1513347510,https://www.wirral.autistic.org,Residential homes,Wirral,North West,Autism Together
The Maples,"Raby Hall Road,Bromborough,Wirral",CH63 0NN,1517375926,https://www.wirral.autistic.org,Residential homes,Wirral,North West,Autism Together
Maurice Edelman House,"28 Moat House Lane,Canley,Coventry",CV4 8HH,,https://www.coventry.gov.uk,Residential homes,Coventry,West Midlands,Coventry City Council
Eric Williams House,"Brookside Avenue,Whoberley,Coventry",CV5 8AP,2476977953,https://www.coventry.gov.uk,Residential homes,Coventry,West Midlands,Coventry City Council
Park House,"28 Sherford Street,Bromyard",HR7 4DL,1885483935,https://www.senadgroup.com,Residential homes,"Herefordshire, County of",West Midlands,Winslow Court Limited
Orchard End,"Auberrow,Wellington",HR4 8AL,1432839038,https://www.senadgoup.com,Residential homes,"Herefordshire, County of",West Midlands,Winslow Court Limited
Fairfield House,"Bleathwood,Ludlow",SY8 4LF,1584711878,https://www.senadgroup.com,Residential homes,"Herefordshire, County of",West Midlands,Winslow Court Limited
The Limes,"Scarborough Road,Driffield",YO25 5DT,1377253010,https://www.highgatecare.co.uk,Residential homes,East Riding of Yorkshire,Yorkshire & Humberside,Highgate Care Services Ltd
Cranswick Lodge,"15 Hobman Lane,Hutton Cranswick",YO25 9PE,1377270271,https://www.highgatecare.co.uk,Residential homes,East Riding of Yorkshire,Yorkshire & Humberside,Highgate Care Services Ltd
Oaktree Hall & Lodge,"Bessingby,Bridlington",YO16 4UH,1262601362,https://www.highgatecare.co.uk,Residential homes,East Riding of Yorkshire,Yorkshire & Humberside,Highgate Care Services Ltd
Figham House,"Figham Road,Beverley",HU17 0PH,1482872926,https://www.highgatecare.co.uk,Nursing homes,East Riding of Yorkshire,Yorkshire & Humberside,Highgate Care Services Ltd
Holyhead Care Centre,"85-89 Holyhead Road,Coundon,Coventry",CV1 3AD,2476225437,https://www.interhaze.co.uk,Residential homes,Coventry,West Midlands,Interhaze Limited
The Hunters Lodge Care Centre,"Hollybush Lane,Oaken, Codsall,Wolverhampton",WV8 2AT,1902847575,https://www.interhaze.co.uk,Nursing homes,Staffordshire,West Midlands,Interhaze Limited
Shining Star,"562 Green Lanes,Goodmayes,Ilford",IG3 9LW,2085904235,https://www.mencap.org.uk,Residential homes,Redbridge,London,Royal Mencap Society
Royal Mencap Society - 71 Middleton Avenue,"71 Middleton Avenue,Thornaby,Stockton On Tees",TS17 0LL,1642750617,https://www.mencap.org.uk,Residential homes,Stockton-on-Tees,North East,Royal Mencap Society
Cinnamon House,"50 Belle Vue Grove,Middlesbrough",TS4 2PZ,,https://www.mencap.org.uk,Residential homes,Middlesbrough,North East,Royal Mencap Society
Chestnut House,"141 Acklam Road,Thornaby,Stockton-on-tees",TS17 7JT,1642670581,https://www.mencap.org.uk,Residential homes,Stockton-on-Tees,North East,Royal Mencap Society
Royal Mencap Society - 62 Wright Street,"Horwich,Bolton",BL6 7HY,1204694286,https://www.mencap.org.uk,Residential homes,Bolton,North West,Royal Mencap Society
Royal Mencap Society - 2 Conroy Close,"2 Conroy Close,Easingwold,York",YO61 3NS,1347821488,https://www.mencap.org.uk,Residential homes,North Yorkshire,Yorkshire & Humberside,Royal Mencap Society
Arbor Way,"78a Arbor Way,Chelmsley Wood,Birmingham",B37 7LD,1217881937,https://www.mencap.org.uk,Residential homes,Solihull,West Midlands,Royal Mencap Society
Westley Brook Close,"12 & 14 Westley Brook Close,Sheldon,Birmingham",B26 3TW,1217432436,https://www.mencap.org.uk,Residential homes,Birmingham,West Midlands,Royal Mencap Society
St Ives Close,"2-4 St Ives Close,Leyfields,Tamworth",B79 8HL,182768517,https://www.mencap.org.uk,Residential homes,Staffordshire,West Midlands,Royal Mencap Society
92 North Street,"Bridgetown,Cannock",WS11 0AZ,1543573739,https://www.mencap.org.uk,Residential homes,Staffordshire,West Midlands,Royal Mencap Society
Marrow House,"Forrister Street,Meir Hay,Stoke On Trent",ST3 1SQ,1782234888,https://www.stoke.gov.uk,Residential homes,Stoke-on-Trent,West Midlands,Stoke-on-Trent City Council
The Meadows,"Wrenbury Crescent,Berryhill,Stoke On Trent",ST2 9JZ,,https://www.stoke.gov.uk,Residential homes,Stoke-on-Trent,West Midlands,Stoke-on-Trent City Council
The Lodge,"22 Spicer Road,Exeter",EX1 1SY,1392271663,https://www.elizabethfinnhomes.co.uk,Nursing homes,Devon,South West,Elizabeth Finn Homes Limited
Rashwood,"Wychbold,Droitwich",WR9 0BP,1527861258,https://www.efhl.co.uk,Nursing homes,Worcestershire,West Midlands,Elizabeth Finn Homes Limited
The Bungalow,"193 Crownhill Road,Crownhill,Plymouth",PL5 3SN,1752701057,https://www.selbornecare.co.uk,Residential homes,Plymouth,South West,Selborne Care Limited
SENSE - 11 Station Road,"Kings Norton,Birmingham",B38 8SN,1214581410,https://www.sense.org.uk,Residential homes,Birmingham,West Midlands,Sense
SENSE - 85 Park Road,"85 Park Road,Accrington",BB5 1ST,1254397274,https://www.sense.org.uk,Residential homes,Lancashire,North West,Sense
SENSE - 138 Bradford Road,"Pudsey,Leeds",LS28 6EP,1132393142,https://www.sense.org.uk,Residential homes,Leeds,Yorkshire & Humberside,Sense
SENSE - 509 Leeds and Bradford Road,"Bramley,Leeds",LS13 2AG,1132558215,https://www.sense.org.uk,Residential homes,Leeds,Yorkshire & Humberside,Sense
SENSE - 54 Monks Dyke Road,"54 Monks Dyke Road,Louth",LN11 9AN,1507609332,https://www.sense.org.uk,Residential homes,Lincolnshire,East Midlands,Sense
SENSE - 56 Monks Dyke Road,"56 Monks Dyke Road,Louth",LN11 9AN,1507610877,https://www.sense.org.uk,Residential homes,Lincolnshire,East Midlands,Sense
SENSE - 21a and 21b Johnson Avenue,"21a and 21b Johnson Avenue,Spalding",PE11 2QE,1775767472,https://www.sense.org.uk,Residential homes,Lincolnshire,East Midlands,Sense
SENSE - 32a Broadgate Lane,"Deeping St James,Peterborough",PE6 8NW,1778380522,https://www.sense.org.uk,Residential homes,Lincolnshire,East Midlands,Sense
SENSE - 129 Neale Avenue,"129 Neale Avenue,Kettering",NN16 9HG,1536415385,https://www.sense.org.uk,Residential homes,North Northamptonshire,East Midlands,Sense
SENSE - 70 Castleton Road,"70 Castleton Road,Walthamstow,London",E17 4AR,2085315561,https://www.sense.org.uk,Residential homes,Waltham Forest,London,Sense
SENSE - 163 Newington Road,"163 Newington Road,Ramsgate",CT12 6QB,1843596896,https://www.sense.org.uk,Residential homes,Kent,South East,Sense
SENSE - 89 Hastings Avenue,"89 Hastings Avenue,Margate",CT9 2SQ,1843232767,https://www.sense.org.uk,Residential homes,Kent,South East,Sense
SENSE - 6 Lilac Grove,"6 Lilac Grove,Trowbridge",BA14 0HB,1225766200,https://www.sense.org.uk,Residential homes,Wiltshire,South West,Sense
SENSE - 30 Norbins Road,"30 Norbins Road,Glastonbury",BA6 9JF,1458830212,https://www.sense.org.uk,Residential homes,Somerset,South West,Sense
SENSE - 5 Seafield Road,"5 Seafield Road,Seaton",EX12 2QS,129722034,https://www.sense.org.uk,Residential homes,Devon,South West,Sense
SENSE - 88 Church Lane,"Handsworth Wood,Birmingham",B20 2ES,1215547710,https://www.sense.org.uk,Residential homes,Birmingham,West Midlands,Sense
SENSE - 35 Hawthorn Road,"Erdington,Birmingham",B44 8QS,1213842228,https://www.sense.org.uk,Residential homes,Birmingham,West Midlands,Sense
SENSE - 20-32 Horton Street,"20-32 Horton Street,West Bromwich",B70 7SG,1215537760,https://www.sense.org.uk,Residential homes,Sandwell,West Midlands,Sense
SENSE - 115 Gough Road,"Edgbaston,Birmingham",B15 2JG,1214466744,https://www.sense.org.uk,Residential homes,Birmingham,West Midlands,Sense
SENSE The Old Coach House,"20 Wychall Park Grove,Kings Norton,Birmingham",B38 8AQ,1214591433,https://www.sense.org.uk,Residential homes,Birmingham,West Midlands,Sense
SENSE - 1 Ashley Green,"Upper Wortley Road,Wortley,Leeds",LS12 4LF,1132796027,https://www.sense.org.uk,Residential homes,Leeds,Yorkshire & Humberside,Sense
Ingleby House,"Leicester Road,Bedworth",CV12 8BU,2476319909,,Residential homes,Warwickshire,West Midlands,Voyage 1 Limited
Glanmore,"156 Holyhead Road,Wellington,Telford",TF1 2DL,1952251975,https://www.accomplish-group.co.uk,Residential homes,Telford and Wrekin,West Midlands,Accomplish Group Limited
Chesterwood,"64 Chesterwood Road,Kings Heath,Birmingham",B13 0QE,1214443736,https://www.accomplish-group.co.uk,Residential homes,Birmingham,West Midlands,Accomplish Group Limited
Westholme,"29 Greenhill Road,Moseley,Birmingham",B13 9SS,1214496383,https://www.accomplish-group.co.uk,Residential homes,Birmingham,West Midlands,Accomplish Group Limited
Woodlands,"435 Shirley Road,Acocks Green,Birmingham",B27 7NX,1217785718,https://www.accomplish-group.co.uk,Residential homes,Birmingham,West Midlands,Accomplish Group Limited
Maycroft,"791 Alcester Road South,Kings Heath,Birmingham",B14 5HJ,1214745394,https://www.accomplish-group.co.uk,Residential homes,Birmingham,West Midlands,Accomplish Group Limited
The Grove,"8 Blakebrook,Kidderminister",DY11 6AP,1562820728,https://www.accomplish-group.co.uk,Residential homes,Worcestershire,West Midlands,Accomplish Group Limited
Ashcombe Court,"17 Milton Road,Weston Super Mare",BS23 2SJ,1934626408,https://www.accomplish-group.co.uk,Residential homes,North Somerset,South West,Accomplish Group Limited
St Anne's Community Services - Astbury,"9-9a Astbury,Marton,Middlesbrough",TS8 9XT,1642318084,https://www.st-annes.org.uk,Residential homes,Middlesbrough,North East,St Anne's Community Services
St Anne's Community Services - Dewsbury 2,"13 Birkdale Road,Dewsbury",WF13 4HG,1924459878,https://www.st-annes.org.uk,Residential homes,Kirklees,Yorkshire & Humberside,St Anne's Community Services
St Anne's Community Services - Boroughbridge Road,"67 Boroughbridge Road,Knaresborough",HG5 0ND,1423869343,https://www.st-annes.org.uk,Residential homes,North Yorkshire,Yorkshire & Humberside,St Anne's Community Services
St Anne's Community Services - Cherry Tree Dispersed,"71 Hallfield Lane,Wetherby",LS22 6JS,1937586723,https://www.st-annes.org.uk,Residential homes,Leeds,Yorkshire & Humberside,St Anne's Community Services
St Anne's Community Services - Croft House,"155 Town Street,Leeds",LS18 5BL,1132580131,https://www.st-annes.org.uk,Residential homes|Homecare agencies,Leeds,Yorkshire & Humberside,St Anne's Community Services
St Anne's Community Services - Daleholme,"Station Road,Settle,Craven",BD24 9BN,1729825769,https://www.st-annes.org.uk,Residential homes,North Yorkshire,Yorkshire & Humberside,St Anne's Community Services
St Anne's Community Services - Foxview,"3 Foxview,Halifax Road,Dewsbury",WF13 4AD,1924458187,https://www.st-annes.org.uk,Nursing homes,Kirklees,Yorkshire & Humberside,St Anne's Community Services
St Anne's Community Services - Jenkin Lodge,"Jenkin Lodge,New Road, Ingleton,Carnforth",LA6 3JL,1524241745,https://www.stannes.org.uk,Residential homes,North Yorkshire,Yorkshire & Humberside,St Anne's Community Services
St Anne's Community Services - Lees Hall Road,"333 Lees Hall Road,Thornhill,Dewsbury",WF12 0RT,1924459689,https://www.st-annes.org.uk,Residential homes,Kirklees,Yorkshire & Humberside,St Anne's Community Services
St Anne's Community Services - Norfolk Road,"28 Norfolk Road,Harrogate",HG2 8DA,1423871288,https://www.st-annes.org.uk,Residential homes,North Yorkshire,Yorkshire & Humberside,St Anne's Community Services
St Anne's Community Services - Oxfield Court,"Oxfield Court,Albany Road, Dalton,Huddersfield",HD5 9UZ,1484518383,https://www.st-annes.org.uk,Nursing homes|Homecare agencies|Supported living,Kirklees,Yorkshire & Humberside,St Anne's Community Services
St Anne's Community Services - Queensway,"46 Queensway,Kirkburton,Huddersfield",HD8 0SR,1484602523,https://www.stannes.org.uk,Residential homes,Kirklees,Yorkshire & Humberside,St Anne's Community Services
St Anne's Community Services - Sutherland Court,"1-3 Sutherland Court,Upper Sutherland, Road, Lightcliffe,Halifax",HX3 8NT,1422203584,https://www.stannes.org.uk,Residential homes,Calderdale,Yorkshire & Humberside,St Anne's Community Services
Cumberland Gate,"44 Cumberland Gate,Netherton,Liverpool",L30 7PZ,1515316039,https://www.autisminitiatives.org,Residential homes,Sefton,North West,Autism Initiatives (UK)
Cambridge Road,"47 Downing Road,Bootle,Liverpool",L20 9LU,1519338695,https://www.autisminitiatives.org,Residential homes,Sefton,North West,Autism Initiatives (UK)
Mount Avenue,"12 Mount Avenue,Bootle,Liverpool",L20 6DT,1519442134,https://www.autisminitiatives.org,Residential homes,Sefton,North West,Autism Initiatives (UK)
Lilford Court,"1 Lilford Court,Havisham Close, Birchwood,Warrington",WA3 7JZ,1925817087,https://www.autisminitiatives.org,Residential homes,Warrington,North West,Autism Initiatives (UK)
Lethbridge Road,"2 Lethbridge Road,Southport",PR8 6JA,1704531385,https://www.autisminitiatives.org,Residential homes,Sefton,North West,Autism Initiatives (UK)
Sefton Street,"132 Sefton Street,Southport",PR8 5DB,1704530329,https://www.autisminitiatives.org,Residential homes,Sefton,North West,Autism Initiatives (UK)
Gladstone Road,"29 Gladstone Road,Seaforth,Liverpool",L21 1DG,1519491972,https://www.autisminitiatives.org,Residential homes,Sefton,North West,Autism Initiatives (UK)
Parkbourn,"1-4 Parkbourn,Maghull,Liverpool",L31 1LH,1515271009,https://www.autisminitiatives.org,Residential homes,Sefton,North West,Autism Initiatives (UK)
Ashdown Close - Southport,"37 Ashdown Close,Southport",PR8 6TL,1704549889,https://www.autisminitiatives.org,Residential homes,Sefton,North West,Autism Initiatives (UK)
Rievaulx House Care Centre,"Thornhill Road,Wortley,Leeds",LS12 4LL,1132205000,https://www.hc-one.co.uk,Residential homes,Leeds,Yorkshire & Humberside,HC-One Limited
Old School House,"Church Lane,New Romney",TN28 8ER,1797366477,https://www.c-o-t.org.uk,Residential homes,Kent,South East,Canterbury Oast Trust
Rosemary Cottage,"Highlands Farm,Woodchurch,Ashford",TN26 3RJ,1233861510,https://www.c-o-t.org.uk,Residential homes,Kent,South East,Canterbury Oast Trust
Farm House,"Highlands Farm,Woodchurch,Ashford",TN26 3RJ,1233861514,https://www.c-o-t.org.uk,Residential homes,Kent,South East,Canterbury Oast Trust
Holly Cottage,"Highlands Farm,Woodchurch,Ashford",TN26 3RJ,1233861512,https://www.c-o-t.org.uk,Residential homes,Kent,South East,Canterbury Oast Trust
Homelands,"Forge Hill,Aldington,Ashford",TN25 7DT,1233721229,https://www.c-o-t.org.uk,Residential homes,Kent,South East,Canterbury Oast Trust
Ivy Cottage,"Highlands Farm,Woodchurch,Ashford",TN26 3RJ,1233861513,https://www.c-o-t.org.uk,Residential homes,Kent,South East,Canterbury Oast Trust
Harborne House,"8a Albert Road,Harborne,Birmingham",B17 0AN,1214283410,https://www.accordha.org.uk,Residential homes,Birmingham,West Midlands,GreenSquareAccord Limited
Hightrees,"8b Albert Road,Harborne,Birmingham",B17 0AN,1214283423,https://www.accordha.org.uk,Residential homes,Birmingham,West Midlands,GreenSquareAccord Limited
Hob Meadow,"2 Bentons Lane,Great Wyrley,Walsall",WS6 6EF,1922417713,https://www.accordha.org.uk,Residential homes,Staffordshire,West Midlands,GreenSquareAccord Limited
Burnworthy House,"South Street,South Petherton",TA13 5AD,1460240116,https://www.somersetcare.co.uk,Residential homes,Somerset,South West,Somerset Care Limited
Field House,"Cannards Grave Road,Shepton Mallet",BA4 4LU,1749342006,https://www.somersetcare.co.uk,Residential homes,Somerset,South West,Somerset Care Limited
Fletcher House,"Glastonbury Road,Wells",BA5 1TN,1749678068,https://www.somersetcare.co.uk,Residential homes,Somerset,South West,Somerset Care Limited
Greenhill House,"Tweentown,Cheddar",BS27 3HY,1934740500,https://www.somersetcare.co.uk,Residential homes,Somerset,South West,Somerset Care Limited
Grovelands,"45 Grove Avenue,Yeovil",BA20 2BE,1935475521,https://www.somersetcare.co.uk,Residential homes,Somerset,South West,Somerset Care Limited
Moorhaven,"Normandy Drive,Taunton",TA1 2JT,1823331524,https://www.somersetcare.co.uk,Residential homes,Somerset,South West,Somerset Care Limited
Portcullis House,"The Embankment,Langport",TA10 9RZ,1458250800,https://www.somersetcare.co.uk,Residential homes,Somerset,South West,Somerset Care Limited
Pulsford Lodge,"North Street,Wiveliscombe",TA4 2LA,1984623569,https://www.somersetcare.co.uk,Residential homes,Somerset,South West,Somerset Care Limited
Rowden House,"2 Vallis Road,Frome",BA11 3EA,1373462271,https://www.somersetcare.co.uk,Residential homes,Somerset,South West,Somerset Care Limited
Southlawns,"Highfield Road,Street",BA16 0JJ,1458443635,https://www.somersetcare.co.uk,Residential homes,Somerset,South West,Somerset Care Limited
Sydenham House,"Frederick Road,Bridgwater",TA6 4NG,1278422763,https://www.somersetcare.co.uk,Residential homes,Somerset,South West,Somerset Care Limited
Bedford House,"62 Middleborough Road,Coventry",CV1 4DE,2477920253,,Residential homes,Coventry,West Midlands,Aspects Care Homes Ltd
Hillside,"31 Albany Street,Ilkeston",DE7 5AD,1159300171,,Residential homes,Derbyshire,East Midlands,Achieve Together Limited
West Dean,"77-79,Yarborough Road,Lincoln",LN1 1HS,1522568248,,Residential homes,Lincolnshire,East Midlands,Achieve Together Limited
Coppice and Oakside,"Shipley Common lane,Ilkeston",DE7 8TQ,1159443690,,Residential homes,Derbyshire,East Midlands,Achieve Together Limited
Willow House,"101 Countess Road,Amesbury,Salisbury",SP4 7AT,2031950120,,Residential homes,Wiltshire,South West,Community Homes of Intensive Care and Education Limited
Morewood Centre,"Wingfield Road,Alfreton Park,Alfreton",DE55 7AL,1629531669,https://www.derbyshire.gov.uk,Residential homes,Derbyshire,East Midlands,Derbyshire County Council
St Peter's Court,"Lord Street,Redcar",TS10 3JA,1642756366,https://www.hc-one.co.uk,Residential homes,Redcar and Cleveland,North East,HC-One No.2 Limited
OSJCT Beckside,"Middle Street,North Hykeham,Lincoln",LN6 9QX,1522693461,https://www.osjct.co.uk,Nursing homes,Lincolnshire,East Midlands,The Orders Of St. John Care Trust
OSJCT Patchett Lodge,"Stukeley Road,Holbeach",PE12 7LJ,1406422012,https://www.osjct.co.uk,Residential homes,Lincolnshire,East Midlands,The Orders Of St. John Care Trust
OSJCT Millbrook Lodge,"Moorfield Road,Brockworth,Gloucester",GL3 4EX,1452863783,https://www.osjct.co.uk,Nursing homes,Gloucestershire,South West,The Orders Of St. John Care Trust
OSJCT Boultham Park House,"Rookery Lane,Lincoln",LN6 7PH,1522681500,https://www.osjct.co.uk,Residential homes,Lincolnshire,East Midlands,The Orders Of St. John Care Trust
OSJCT Digby Court,"Christopher's Lane,Bourne",PE10 9AZ,1778422035,https://www.osjct.co.uk,Residential homes,Lincolnshire,East Midlands,The Orders Of St. John Care Trust
OSJCT Eresby Hall,"Ancaster Avenue,Spilsby",PE23 5HT,1790752495,https://www.osjct.co.uk,Residential homes,Lincolnshire,East Midlands,The Orders Of St. John Care Trust
OSJCT Ermine House,"Laughton Way,Ermine Estate,Lincoln",LN2 2EX,1522529093,https://www.osjct.co.uk,Residential homes,Lincolnshire,East Midlands,The Orders Of St. John Care Trust
OSJCT Foxby Court,"Middlefield Lane,Gainsborough",DN21 1QR,1427613376,https://www.osjct.co.uk,Residential homes,Lincolnshire,East Midlands,The Orders Of St. John Care Trust
OSJCT Gregory House,"Welby Gardens,Grantham",NG31 8BN,1476562192,https://www.osjct.co.uk,Residential homes,Lincolnshire,East Midlands,The Orders Of St. John Care Trust
OSJCT Hartsholme House,"Ashby Avenue,Lincoln",LN6 0ED,1522683583,https://www.osjct.co.uk,Residential homes,Lincolnshire,East Midlands,The Orders Of St. John Care Trust
OSJCT Skirbeck Court,"55a Spilsby Road,Boston",PE21 9NU,1205361444,https://www.osjct.co.uk,Residential homes,Lincolnshire,East Midlands,The Orders Of St. John Care Trust
OSJCT Whitefriars,"St Georges Avenue,Stamford",PE9 1UN,1780765434,https://www.osjct.co.uk,Residential homes,Lincolnshire,East Midlands,The Orders Of St. John Care Trust
OSJCT Athelstan House,"Priory Way,Burton Hill,Malmesbury",SN16 0FB,1666848000,https://www.osjct.co.uk,Nursing homes,Wiltshire,South West,The Orders Of St. John Care Trust
OSJCT Bemerton Lodge,"Christie Miller Road,Salisbury",SP2 7EN,1722324085,https://www.osjct.co.uk,Residential homes,Wiltshire,South West,The Orders Of St. John Care Trust
OSJCT Brookside,"Ruskin Avenue,Melksham",SN12 7NG,1225706695,https://www.osjct.co.uk,Residential homes,Wiltshire,South West,The Orders Of St. John Care Trust
OSJCT Coombe End Court,"London Road,Marlborough",SN8 2AP,1672512075,https://www.osjct.co.uk,Residential homes,Wiltshire,South West,The Orders Of St. John Care Trust
OSJCT Ridgeway House,"The Lawns,Wootton Bassett",SN4 7AN,1793852521,https://www.osjct.co.uk,Residential homes,Wiltshire,South West,The Orders Of St. John Care Trust
OSJCT Watersmead,"White Horse Way,Westbury",BA13 3AH,1373826503,https://www.osjct.co.uk,Residential homes,Wiltshire,South West,The Orders Of St. John Care Trust
OSJCT Willowcroft,"Odstock Road,Salisbury",SP2 8BG,1722323477,https://www.osjct.co.uk,Residential homes,Wiltshire,South West,The Orders Of St. John Care Trust
Sonya Lodge Dementia Residential Care Home,"10 High Road,Wilmington,Dartford",DA2 7EG,1322289768,https://www.nellsar.com,Residential homes,Kent,South East,Nellsar Limited
Bromley Park Dementia Nursing Home,"75 Bromley Road,Beckenham",BR3 5PA,2086505504,https://www.nellsar.com,Nursing homes,Bromley,London,Nellsar Limited
Lukestone Dementia Nursing Home,"7 St Michaels Road,Maidstone",ME16 8BS,1622755821,https://www.nellsar.com,Nursing homes,Kent,South East,Nellsar Limited
Loose Valley Nursing Home,"15 Linton Road,Loose,Maidstone",ME15 0AG,1622745959,https://www.nellsar.com,Nursing homes,Kent,South East,Nellsar Limited
Allerton Park Care Centre,"39-41 Oaks Lane,Allerton,Bradford",BD15 7RT,1274496321,https://www.parkhomesuk.co.uk,Nursing homes,Bradford,Yorkshire & Humberside,Park Homes (UK) Limited
Eachstep Lockwood Care Home,"Meltham Road,Lockwood,Huddersfield",HD1 3XH,1484451669,https://www.parkhomesuk.co.uk,Nursing homes,Kirklees,Yorkshire & Humberside,Park Homes (UK) Limited
Argyll House,"578 Cricklade Road,Swindon",SN2 7AS,1793726559,https://www.choicecaregroup.com,Residential homes,Swindon,South West,Community Homes of Intensive Care and Education Limited
Hurst House,"11 Pinetree Rise,Swindon",SN25 3BY,1793542093,https://www.choicecaregroup.com,Residential homes,Swindon,South West,Community Homes of Intensive Care and Education Limited
Sandsground,"Swindon Road,Highworth",SN6 7SJ,1793764948,https://www.choicecaregroup.com,Residential homes,Swindon,South West,Community Homes of Intensive Care and Education Limited
HF Trust - Thetford Road,"Thetford Road,New Malden,London",KT3 5DN,2083360134,https://www.hft.org.uk,Residential homes,Kingston upon Thames,London,HF Trust Limited
HF Trust - Trelawney,"34 Brookside,St Austell",PL25 4HL,172669735,https://www.hft.org.uk,Residential homes,Cornwall,South West,HF Trust Limited
HF Trust - Trelowen,"1 Blowing House Lane,St Austell",PL25 5AT,172665366,https://www.hft.org.uk,Residential homes,Cornwall,South West,HF Trust Limited
HF Trust - 330 Westward Road,"330 Westward Road,Ebley,Stroud",GL5 4TU,1453823852,https://www.hft.org.uk,Residential homes,Gloucestershire,South West,HF Trust Limited
HF Trust - Chy Keres,"Tregadillett,Launceston",PL15 7EU,1566779805,https://www.hft.org.uk,Residential homes,Cornwall,South West,HF Trust Limited
HF Trust - 1 & 2 Clementi Court Houses,"off 8 Glencoe Road,Bengeworth,Evesham",WR11 3QZ,138648547,https://www.hft.org.uk,Residential homes,Worcestershire,West Midlands,HF Trust Limited
HF Trust - 1 Foxlydiate Mews,"1 Foxlydiate Mews,Lock Close,Redditch",B97 6LQ,152760482,https://www.hft.org.uk,Residential homes,Worcestershire,West Midlands,HF Trust Limited
HF Trust - The Elms,"Old Hay Lane,Sheffield",S17 3GN,1142362292,https://www.hft.org.uk,Residential homes,Sheffield,Yorkshire & Humberside,HF Trust Limited
Sandfields,"St Georges Road,Cheltenham",GL50 3EL,3333210921,https://www.careuk.com/sandfields,Nursing homes,Gloucestershire,South West,Care UK Community Partnerships Ltd
Avonfield Neurological Centre,"290 Station Road,Knuston,Wellingborough",NN29 7EY,1933413646,https://www.elysiumhealthcare.co.uk,Nursing homes,North Northamptonshire,East Midlands,Elysium Healthcare No. 4 Limited
Cedarwood Care Centre,"107 Sutton Road,Birmingham",B23 5XB,1213739784,https://www.interhaze.co.uk,Residential homes,Birmingham,West Midlands,Interhaze Limited
Brendoncare Froxfield,"Littlecote Road,Froxfield,Marlborough",SN8 3JY,1488684916,https://www.brendoncare.org.uk,Nursing homes,Wiltshire,South West,Brendoncare Foundation(The)
Oakbank Care Home,"Oakbank,off Rochdale Road,Manchester",M9 5YA,1612058848,,Nursing homes,Manchester,North West,Unity Homes Limited
Apple Trees Care & Reablement Centre,"Arlington Gardens,Grantham",NG31 7GQ,1476542700,https://www.osjct.co.uk,Residential homes,Lincolnshire,East Midlands,The Orders Of St. John Care Trust
Kingarth,"17 New Road,Radcliffe,Manchester",M26 1LS,1617258008,https://www.consensussupport.com,Residential homes,Bury,North West,Consensus Support Services Limited
Weston Villa,"179 Rockingham Road,Kettering",NN16 9JA,1536519111,https://www.consensussupport.com,Residential homes,North Northamptonshire,East Midlands,Consensus Support Services Limited
Cheshire House,"22 St. Marys Road,Sale",M33 6SA,1619051228,https://www.consensussupport.com,Residential homes,Trafford,North West,Consensus Support Services Limited
Wallace Crescent,"85 Wallace Crescent,Carshalton",SM5 3SU,2086695767,https://www.consensussupport.com,Residential homes,Sutton,London,Consensus Support Services Limited
Trecarrel Care Home,"Castle Dore Road,Tywardreath",PL24 2TR,1726813588,,Residential homes,Cornwall,South West,Cornwallis Care Services Ltd
Trewidden Care Home,"Trewidden Road,St Ives",TR26 2BX,1736796856,,Residential homes,Cornwall,South West,Cornwallis Care Services Ltd
Cowbridge residential care home,"Rose Hill,Lostwithiel",PL22 0JW,1208872227,,Residential homes,Cornwall,South West,Cornwallis Care Services Ltd
Brambles Residential Care Home,"Birchfield Road,Redditch",B97 4LX,1527555800,https://www.sanctuary-care.co.uk/care-homes-worcestershire/brambles-residential-care-home,Residential homes,Worcestershire,West Midlands,Sanctuary Care Property (1) Limited
Hastings Residential Care Home,"130 Barnards Green Road,Malvern",WR14 3NA,1684585000,https://www.sanctuary-care.co.uk/care-homes-worcestershire/hastings-residential-care-home,Residential homes,Worcestershire,West Midlands,Sanctuary Care Property (1) Limited
Heathlands Residential Care Home,"Station Road,Pershore",WR10 1NG,1386562220,https://www.sanctuary-care.co.uk/care-homes-worcestershire/heathlands-residential-care-home,Residential homes,Worcestershire,West Midlands,Sanctuary Care Property (1) Limited
Ravenhurst Residential Care Home,"21 Lickhill Road North,Stourport On Severn",DY13 8RU,1299825610,https://www.sanctuary-care.co.uk/care-homes-worcestershire/ravenhurst-residential-care-home,Residential homes,Worcestershire,West Midlands,Sanctuary Care Property (1) Limited
Regent Residential Care Home,"School Road,St Johns,Worcester",WR2 4HF,1905337100,https://www.sanctuary-care.co.uk/care-homes-worcestershire/regent-residential-care-home,Residential homes,Worcestershire,West Midlands,Sanctuary Care Property (1) Limited
Westmead Residential Care Home,"Westmead Close,Westacre,Droitwich",WR9 9LG,1905778353,https://www.sanctuary-care.co.uk/care-homes-worcestershire/westmead-residential-care-home,Residential homes,Worcestershire,West Midlands,Sanctuary Care Property (1) Limited
Lifeways Community Care (South Shields),"4 McAnany Avenue,South Shields",NE34 0PJ,1914566745,https://www.lifeways.co.uk,Residential homes,South Tyneside,North East,Lifeways Community Care Limited
Mowbray Nursing Home,"Victoria Road,Malvern",WR14 2TF,1684572946,,Nursing homes,Worcestershire,West Midlands,Minster Care Management Limited
Wordsley Hall,"Mill Street,Brierley Hill, Wordsley,Stourport On Severn",DY8 5SX,1384571606,,Residential homes,Dudley,West Midlands,Minster Care Management Limited
Karam Court Care Home,"Mallin Street,Highbury Road,Smethwick",B66 1QX,1215588007,,Residential homes,Sandwell,West Midlands,Minster Care Management Limited
Broadgate Care Home,"108-114 Broadgate,Beeston,Nottingham",NG9 2GG,1159250022,,Nursing homes,Nottinghamshire,East Midlands,Minster Care Management Limited
Three Elms,"Station Road,Penketh,Warrington",WA5 2UG,1925723274,,Residential homes,Warrington,North West,Minster Care Management Limited
Waterside Care Centre,"Leigh Sinton,Malvern",WR13 5EQ,1886833706,,Nursing homes,Worcestershire,West Midlands,Minster Care Management Limited
Duncote Hall Nursing Home,"Duncote Hall,Duncote,Towcester",NN12 8AQ,1327352277,https://www.minstercaregroup.co.uk/care-homes/duncote-hall/,Nursing homes,West Northamptonshire,East Midlands,Minster Care Management Limited
Stuart House,"10-14 Eastbourne Road,Hornsea",HU18 1QS,1964534011,,Residential homes,East Riding of Yorkshire,Yorkshire & Humberside,Hatzfeld Care Limited
United Response - 1 St Alphege Road,"1 St Alphege,Dover",CT16 2PU,1304225252,https://www.unitedresponse.org.uk,Residential homes,Kent,South East,United Response
United Response - 131 Kneller Road,"131 Kneller Road,Whitton",TW2 7DY,2088934636,https://www.unitedresponse.org.uk,Residential homes,Richmond upon Thames,London,United Response
United Response - 60 Woodland Way,"60 Woodland Way,Mitcham",CR4 2DY,2086872376,https://www.unitedresponse.org.uk,Residential homes,Merton,London,United Response
United Response - 74 Oaklands,"74 Oaklands,Chippenham",SN15 1RQ,1249654293,https://www.unitedresponse.org.uk,Residential homes,Wiltshire,South West,United Response
United Response - 47 Doublegates Green,"47 Doublegates Green,Ripon",HG4 2TS,1765607381,https://www.unitedresponse.org.uk,Residential homes,North Yorkshire,Yorkshire & Humberside,United Response
United Response - 4 Highgate Park,"4 Highgate Park,Harrogate",HG1 4PA,1423504506,https://www.unitedresponse.org.uk,Residential homes,North Yorkshire,Yorkshire & Humberside,United Response
United Response - 14 Lingwell Approach,"Middleton,Leeds",LS10 4TJ,1132778517,https://www.unitedresponse.org.uk,Residential homes,Leeds,Yorkshire & Humberside,United Response
United Response - 2a St Alban's Close,"2a St Albans Close,Harehills,Leeds",LS9 6LE,1132401837,https://www.unitedresponse.org.uk,Residential homes,Leeds,Yorkshire & Humberside,United Response
Emmaus House,"115 Valley Drive,Harrogate",HG2 0JS,3003038450,https://www.pilgrimsfriend.org.uk/harrogate,Residential homes,North Yorkshire,Yorkshire & Humberside,Pilgrims' Friend Society
Burnt Tree Croft,"190 St Phillips Road,Sheffield",S3 7JY,1142757873,https://www.sheffcare.co.uk,Residential homes,Sheffield,Yorkshire & Humberside,SheffCare Limited
Cotleigh,"31 Four Wells Drive,Hackenthorpe,Sheffield",S12 4JB,1142633800,https://www.sheffcare.co.uk,Residential homes,Sheffield,Yorkshire & Humberside,SheffCare Limited
Innovations Wiltshire Limited - 20 Stratton Road,"20 Stratton Road,Pewsey",SN9 5DY,1672564957,,Residential homes,Wiltshire,South West,Innovations Wiltshire Limited
Merlin's Barrow,"10 George Lane,Marlborough",SN8 4BT,1672515747,,Residential homes,Wiltshire,South West,Innovations Wiltshire Limited
Innovations Wiltshire Limited - 10 The Crescent,"10 The Crescent,Pewsey",SN9 5DP,1672562266,,Residential homes,Wiltshire,South West,Innovations Wiltshire Limited
Innovations Wiltshire Limited - 27 Stratton Road,"27 Stratton Road,Pewsey",SN9 5DY,1672562691,,Residential homes,Wiltshire,South West,Innovations Wiltshire Limited
Melton Short Breaks Service,"21 Victor Avenue,Melton Mowbray",LE13 0GG,1163055652,https://www.leics.gov.uk,Residential homes,Leicestershire,East Midlands,Leicestershire County Council
Buckingham Care Home,"Green Lane,Penistone,Sheffield",S36 6BS,1226762092,,Residential homes,Barnsley,Yorkshire & Humberside,Crown Care IV Limited
Clarence House Care Home,"Albert Street,Brigg",DN20 8HS,1652650950,,Residential homes|Rehabilitation (illness/injury),North Lincolnshire,Yorkshire & Humberside,Knightingale Care Limited
Four Rivers Nursing Home,"Bromfield Road,Ludlow",SY8 1DW,1584813500,https://www.shropshire.gov.uk,Nursing homes,Shropshire,West Midlands,Shropshire Council
L'Arche Kent The Rainbow,"5 Victoria Road,Canterbury",CT1 3SG,1227455745,https://www.larche.org.uk,Residential homes,Kent,South East,L'Arche
L'Arche London Gothic Lodge,"21 Idmiston Road,London",SE27 9HG,2087618044,https://www.larche.org.uk,Residential homes,Lambeth,London,L'Arche
L'Arche Preston Moor Fold,"L'Arche Community Preston,3 Moor Park Avenue,Preston",PR1 6AS,1772251113,https://www.larche.org.uk,Residential homes,Lancashire,North West,L'Arche
Outlook Care - Summit Road,"1 Summit Road,Walthamstow,London",E17 9LR,2085205521,https://www.outlookcare.org.uk,Residential homes,Waltham Forest,London,Outlook Care
R M P Care - 20 Oulton Road,"20 Oulton Road,Stone",ST15 8DZ,1785615486,https://www.rmpcare.co.uk,Residential homes,Staffordshire,West Midlands,RMP Care Limited
The Cottage,"20 Oulton Road,Stone",ST15 8DZ,1785811918,https://www.rmpcare.co.uk,Residential homes,Staffordshire,West Midlands,RMP Care Limited
R M P Care - 1 Alexandra Street,"1 Alexandra Street,Stone",ST15 8HL,1785615510,https://www.rmpcare.co.uk,Residential homes,Staffordshire,West Midlands,RMP Care Limited
R M P Care - 49 Victor Street,"49 Victor Street,Stone",ST15 8HH,1785615500,https://www.rmpcare.co.uk,Residential homes,Staffordshire,West Midlands,RMP Care Limited
R M P Care - 21 Longton Road,"21 Longton Road,Stone",ST15 8DQ,1785615505,https://www.rmpcare.co.uk,Residential homes,Staffordshire,West Midlands,RMP Care Limited
R M P Care - 20 Longton Road,"20 Longton Road,Stone",ST15 8DQ,1785615505,https://www.rmpcare.co.uk,Residential homes,Staffordshire,West Midlands,RMP Care Limited
Walsingham Support - Crummock Road,"Walsingham,Moor Close,Workington",CA14 3RP,1900606170,https://www.walsingham.com,Residential homes,Cumberland,North West,Walsingham Support
Walsingham Support - Moresby Parks,"Walsingham,Main Road, Moresby Parks,Whitehaven",CA28 8XG,1946599772,https://www.walsingham.com,Residential homes,Cumberland,North West,Walsingham Support
Walsingham Support - Staffordshire,"Walsingham,Tamworth",B79 7QS,1827311991,https://www.walsingham.com,Residential homes,Staffordshire,West Midlands,Walsingham Support
Town View,"The Causeway,Beverley",HU17 9JL,1482869935,https://www.eastriding.gov.uk,Residential homes,East Riding of Yorkshire,Yorkshire & Humberside,East Riding of Yorkshire Council
HF Trust - Lympne Place (High Trees and The Beeches),"Aldington Road,Lympne,Hythe",CT21 4PA,1303260453,https://www.hft.org.uk,Residential homes,Kent,South East,HF Trust Limited
Stockton-on-Tees Borough Council - 31 Oak Road,"29-31 Oak Road,Eaglescliffe,Stockton-on-Tees",TS16 0AT,1642528611,https://www.stockton.gov.uk,Residential homes,Stockton-on-Tees,North East,Stockton-on-Tees Borough Council
Rosedale Centre,"122 Marske Lane,Bishopsgarth,Stockton-on-Tees",TS19 8UL,1642528088,https://www.stockton.gov.uk,Residential homes,Stockton-on-Tees,North East,Stockton-on-Tees Borough Council
Seymour Gardens,"33 Seymour Gardens,Ilford,London",IG1 3LP,2085184645,https://www.norwood.org.uk,Residential homes,Redbridge,London,Norwood
Water Royd Nursing Home,"Locke Road,Gilroyd,Barnsley",S75 3QH,1226229540,,Nursing homes,Barnsley,Yorkshire & Humberside,Maria Mallaband Limited
Turning Point - Marloes Walk,"14 Marloes Walk,Sydenham,Leamington Spa",CV31 1PA,1926452805,https://www.turning-point.co.uk,Residential homes,Warwickshire,West Midlands,Turning Point
Turning Point - Masons Road,"145-147 Masons Road,Stratford Upon Avon",CV37 9NX,1789414552,https://www.turning-point.co.uk,Residential homes,Warwickshire,West Midlands,Turning Point
Turning Point - Avondale,"62 Stratford Road,Salisbury",SP1 3JN,1722331312,https://www.turning-point.co.uk,Residential homes,Wiltshire,South West,Turning Point
Turning Point - Russell Terrace,"52 Russell Terrace,Leamington Spa",CV31 1HE,1926431471,https://www.turning-point.co.uk,Residential homes,Warwickshire,West Midlands,Turning Point
Elmdon House,"190 Elmdon Lane,Marston green,Solihull",B37 7EB,1217888356,,Residential homes,Solihull,West Midlands,Midway Care Ltd
Galanos House,"Banbury Road,Southam",CV47 2BL,1926812185,https://www.rbl.org.uk/galanoshouse,Nursing homes,Warwickshire,West Midlands,The Royal British Legion
Lister House,"Southgate,Ripon",HG4 1PG,1765694740,https://www.rbl.org.uk/listerhouse,Nursing homes,North Yorkshire,Yorkshire & Humberside,The Royal British Legion
Maurice House,"Callis Court Road,Broadstairs",CT10 3AH,1843603323,https://www.rbl.org.uk/mauricehouse,Nursing homes,Kent,South East,The Royal British Legion
Dunkirk Memorial House,"Minehead Road,Bishops Lydeard,Taunton",TA4 3BT,1823432407,https://www.rbl.org.uk/dunkirkmemorialhouse,Nursing homes,Somerset,South West,The Royal British Legion
St Anns Care Home,"12 The Crescent,Kettering",NN15 7HW,1536415637,https://www.bmcare.co.uk,Residential homes,North Northamptonshire,East Midlands,Colleycare Limited
Caretech Community Services (No 2) Limited - 22 Prices Avenue,"22 Prices Avenue,Cliftonville,Margate",CT9 2NT,1843293927,,Residential homes,Kent,South East,Caretech Community Services (No.2) Limited
Caretech Community Services (No 2) Limited - 100 Woodcote Grove Road,"100 Woodcote Grove Road,Coulsdon",CR5 2AF,2087634256,,Residential homes,Croydon,London,Caretech Community Services (No.2) Limited
May Morning,"Barrow Hill,Sellindge,Ashford",TN25 6JG,1303813166,,Residential homes,Kent,South East,Caretech Community Services (No.2) Limited
Oaklands,"183 Faversham Road,Ashford",TN24 9AE,1233632381,,Residential homes,Kent,South East,Caretech Community Services (No.2) Limited
The Laurels,"209 Faversham Road,Ashford",TN24 9AF,1233635932,,Residential homes,Kent,South East,Caretech Community Services (No.2) Limited
The Goodwins,"3 St Richards Road,Deal",CT14 9JR,1304389149,,Residential homes,Kent,South East,Caretech Community Services (No.2) Limited
Whiston House,"Whiston Avenue,Bethersden,Ashford",TN26 3LA,1233820912,,Residential homes,Kent,South East,Caretech Community Services (No.2) Limited
Church Lane,"21 Church Lane,Maidstone",ME14 4EF,1622730867,,Residential homes,Kent,South East,Caretech Community Services (No.2) Limited
Orchard House,"Ashford Road,Kingsnorth,Ashford",TN23 3ED,1233664906,,Residential homes,Kent,South East,Caretech Community Services (No.2) Limited
May Lodge,"Barrow Hill,Sellindge,Ashford",TN25 6JG,1303813926,,Residential homes,Kent,South East,Caretech Community Services (No.2) Limited
Aarons Specialist Unit,"Epinal Way Care Centre,Epinal Way,Loughborough",LE11 3GD,1509212666,https://www.rushcliffecare.co.uk,Nursing homes,Leicestershire,East Midlands,Rushcliffe Care Limited
Heron Court Care Home,"101 Village Street,Old Normanton,Derby",DE23 8DF,1332270083,https://www.rushcliffecare.co.uk,Nursing homes,Derby,East Midlands,Rushcliffe Care Limited
The Hall,"Epinal Way Care Centre,Epinal Way,Loughborough",LE11 3GD,1509216616,https://www.rushcliffecare.co.uk,Nursing homes,Leicestershire,East Midlands,Rushcliffe Care Limited
Matthews Neurorehab Unit,"Epinal Way Care Centre,Epinal Way,Loughborough",LE11 3GD,1509217666,https://www.rushcliffecare.co.uk,Nursing homes|Rehabilitation (illness/injury),Leicestershire,East Midlands,Rushcliffe Care Limited
Highbury House Mental Health Unit,"Parkfield Road,Stourbridge",DY8 1HB,1384354455,https://www.rushcliffecare.co.uk,Nursing homes|Rehabilitation (illness/injury),Dudley,West Midlands,Rushcliffe Care Limited
Parkmanor Care Home,"Albert Road,Coalville",LE67 3AA,1530817443,https://www.rushcliffecare.co.uk,Nursing homes,Leicestershire,East Midlands,Rushcliffe Care Limited
Beaumanor Nursing Home,"Cartwright Street,Loughborough",LE11 1JW,1509239443,https://www.rushcliffecare.co.uk,Nursing homes,Leicestershire,East Midlands,Rushcliffe Care Limited
Florence Mill Care Home,"Egerton Street,Warrington",WA1 2DF,1925573772,https://www.landonahousecarehome.co.uk,Nursing homes,Warrington,North West,Landona House Limited
Saint John of God Hospitaller Services - 1 Bedes Close,"Thornton,Bradford",BD13 3NQ,1274834354,https://www.sjog.org.uk,Residential homes,Bradford,Yorkshire & Humberside,Saint John of God Hospitaller Services
Saint John of God Hospitaller Services - 1-2 Dalby View,"1-2 Dalby View,Coulby Newham,Middlesbrough",TS8 0XR,1642599238,https://www.saintjohnofgod.org,Residential homes,Middlesbrough,North East,Saint John of God Hospitaller Services
Options Roxby House,"Winterton Road,Roxby,Scunthorpe",DN15 0BJ,1724733777,https://www.optionsgroup.co.uk,Residential homes,North Lincolnshire,Yorkshire & Humberside,OA2 Adults Limited
Options Thorpe House,"Sawcliffe Hill,Dragonby,Scunthorpe",DN15 0BJ,1724847788,https://www.optionsgroup.co.uk,Residential homes,North Lincolnshire,Yorkshire & Humberside,OA2 Adults Limited
Ash Court Care Home,"Brookside Avenue,Knotty Ash,Liverpool",L14 7NB,1512597522,https://www.hc-one.co.uk,Residential homes,Liverpool,North West,HC-One Limited
Tynedale House,"Tynedale Drive,Blyth",NE24 4LH,1670364660,https://www.northumberland.gov.uk,Residential homes,Northumberland,North East,Northumberland County Council
Chester Court,"Choppington Road,Bedlington",NE22 6LA,1670820111,https://www.barchester.com,Nursing homes,Northumberland,North East,Barchester Healthcare Homes Limited
Dovedale Court,"Dovedale Avenue,Ingol,Preston",PR2 3WQ,1772761616,https://www.barchester.com,Nursing homes,Lancashire,North West,Barchester Healthcare Homes Limited
Edgbaston Beaumont,"32 St James Road,Edgbaston,Birmingham",B15 2NX,1214400421,https://www.barchester.com,Nursing homes,Birmingham,West Midlands,Barchester Healthcare Homes Limited
Emily Jackson House,"34 Eardley Road,Sevenoaks",TN13 1XH,1732743824,https://www.barchester.com,Nursing homes,Kent,South East,Barchester Healthcare Homes Limited
Forest Hill,"Forest Hill Park,Worksop",S81 0NZ,1909530531,https://www.barchester.com,Nursing homes,Nottinghamshire,East Midlands,Barchester Healthcare Homes Limited
Friston House,"414 City Way,Rochester",ME1 2BQ,1634403556,https://www.barchester.com,Nursing homes,Medway,South East,Barchester Healthcare Homes Limited
Glenroyd,"Glenroyd Close,Whitegate Drive,Blackpool",FY3 9HF,1253798008,https://www.barchester.com,Nursing homes,Blackpool,North West,Barchester Healthcare Homes Limited
Harton Grange,"Bolden Lane,South Shields",NE34 0LZ,1914546000,https://www.barchester.com,Residential homes,South Tyneside,North East,Barchester Healthcare Homes Limited
Henford House,"Lower Marsh Road,Warminster",BA12 9PB,1985212430,https://www.barchester.com,Nursing homes,Wiltshire,South West,Barchester Healthcare Homes Limited
Hollyfields,"Habberley Road,Habberley,Kidderminster",DY11 5RJ,1562514810,https://www.barchester.com,Nursing homes,Worcestershire,West Midlands,Barchester Healthcare Homes Limited
Hundens Park,"Hundens Lane,Darlington",DL1 1JF,1325366000,https://www.barchester.com,Nursing homes,Darlington,North East,Barchester Healthcare Homes Limited
Hunters Care Centre,"Cherry Tree Lane,Cirencester",GL7 5DT,1285653707,https://www.barchester.com,Nursing homes,Gloucestershire,South West,Barchester Healthcare Homes Limited
Iddenshall Hall,"Clotton,Tarporley",CW6 0EG,1829732454,https://www.barchester.com,Residential homes,Cheshire West and Chester,North West,Barchester Healthcare Homes Limited
Kenwyn,"Newmills Lane,Kenwyn Hill,Truro",TR1 3EB,1872464501,https://www.barchester.com,Nursing homes,Cornwall,South West,Barchester Healthcare Homes Limited
Kernow House,"Landlake Road,Launceston",PL15 9HP,1566461131,https://www.barchester.com,Nursing homes,Cornwall,South West,Barchester Healthcare Homes Limited
Lanercost House,"Berkley Grange,Newtown Road,Carlisle",CA2 7PW,1228595138,https://www.barchester.com,Nursing homes,Cumberland,North West,Barchester Healthcare Homes Limited
Lindum House,"1 Deer Park Way,Lincoln Way,Beverley",HU17 8RN,1482886090,https://www.barchester.com,Nursing homes,East Riding of Yorkshire,Yorkshire & Humberside,Barchester Healthcare Homes Limited
Lucerne House,"Chudleigh Road,Alphington,Exeter",EX2 8TU,1392422905,https://www.barchester.com,Nursing homes,Devon,South West,Barchester Healthcare Homes Limited
Mallard Court,"Avocet Way,Kingsmeade,Bridlington",YO15 3NT,1262401543,https://www.barchester.com,Nursing homes,East Riding of Yorkshire,Yorkshire & Humberside,Barchester Healthcare Homes Limited
Meadow Park,"Choppington Road,Bedlington",NE22 6LA,1670829800,https://www.barchester.com,Residential homes,Northumberland,North East,Barchester Healthcare Homes Limited
Moreton Hill Care Centre,"Standish,Stonehouse",GL10 3BZ,1453826000,https://www.barchester.com,Nursing homes,Gloucestershire,South West,Barchester Healthcare Homes Limited
Mount Tryon,"Higher Warberry Road,Torquay",TQ1 1RR,1803292077,https://www.barchester.com,Nursing homes,Torbay,South West,Barchester Healthcare Homes Limited
Newton House,"148 Barrowby Road,Grantham",NG31 8AF,1476578072,https://www.barchester.com,Nursing homes,Lincolnshire,East Midlands,Barchester Healthcare Homes Limited
Ottley House,"Corporation Lane,Cotton Hill,Shrewsbury",SY1 2PA,1743364863,https://www.barchester.com,Nursing homes,Shropshire,West Midlands,Barchester Healthcare Homes Limited
Newlands,"Newlands Park,Workington",CA14 3NE,1900872257,https://www.barchester.com,Nursing homes,Cumberland,North West,Barchester Healthcare Homes Limited
Park View,"1-2 Morland Road,Dagenham",RM10 9HW,2085937755,https://www.barchester.com,Nursing homes,Barking and Dagenham,London,Barchester Healthcare Homes Limited
Prestbury Beaumont,"Collar House Drive,Prestbury",SK10 4AP,1625827151,https://www.barchester.com,Nursing homes,Cheshire East,North West,Barchester Healthcare Homes Limited
Queens Court,"32-34 Queens Road,Wimbledon,London",SW19 8LR,2089715019,https://www.barchester.com,Nursing homes,Merton,London,Barchester Healthcare Homes Limited
Sherwood Court,"Sherwood Way,Fulwood,Preston",PR2 9GA,1772715508,https://www.barchester.com,Nursing homes,Lancashire,North West,Barchester Healthcare Homes Limited
Sherwood Lodge,"Sherwood Way,Fulwood,Preston",PR2 9GA,1772715077,https://www.barchester.com,Residential homes,Lancashire,North West,Barchester Healthcare Homes Limited
South Chowdene,"Chowdene Bank,Low Fell,Gateshead",NE9 6JE,1914910861,https://www.barchester.com,Nursing homes,Gateshead,North East,Barchester Healthcare Homes Limited
Briardene Care Home,"West Avenue,Billingham",TS23 1DA,1642530971,https://www.barchester.com,Nursing homes,Stockton-on-Tees,North East,Barchester Healthcare Homes Limited
Adlington Manor,"Street Lane,Adlington,Macclesfield",SK10 4NT,1625856710,https://www.barchester.com,Nursing homes,Cheshire East,North West,Barchester Healthcare Homes Limited
Arbour Court,"Buxton Lane,Marple,Stockport",SK6 7QL,1614278599,https://www.barchester.com,Nursing homes,Stockport,North West,Barchester Healthcare Homes Limited
Badgeworth Court Care Centre,"Badgeworth,Cheltenham",GL51 4UL,1452715015,https://www.barchester.com,Nursing homes,Gloucestershire,South West,Barchester Healthcare Homes Limited
Beeston View,"Rode Street,Clotton,Tarporley",CW6 0EG,1829732454,https://www.barchester.com,Nursing homes,Cheshire West and Chester,North West,Barchester Healthcare Homes Limited
Castle Park,"Noddle Hill Way,Bransholme,Hull",HU7 4FG,1482372404,https://www.barchester.com,Nursing homes,"Kingston upon Hull, City of",Yorkshire & Humberside,Barchester Healthcare Homes Limited
Chater Lodge,"High Street,Ketton, Stamford,Rutland",PE9 3TJ,1780720376,https://www.barchester.com,Residential homes,Rutland,East Midlands,Barchester Healthcare Homes Limited
Cherry Trees,"Stratford Road,Oversley Green,Alcester",B49 6LN,1789764022,https://www.barchester.com,Nursing homes,Warwickshire,West Midlands,Barchester Healthcare Homes Limited
Laurel Bank,"Westbourne Road,Lancaster",LA1 5EF,1524388980,https://www.barchester.com,Nursing homes,Lancashire,North West,Barchester Healthcare Homes Limited
Springvale Court,"Springwell Road,Wrekenton,Gateshead",NE9 7AD,1914824573,https://www.barchester.com,Residential homes,Gateshead,North East,Barchester Healthcare Homes Limited
Station Court,"Station Road,Ashington",NE63 8HE,1670817222,https://www.barchester.com,Residential homes,Northumberland,North East,Barchester Healthcare Homes Limited
The Manor,"Haydon Close,Bishop's Hull,Taunton",TA1 5HF,1823336633,https://www.barchester.com,Nursing homes,Somerset,South West,Barchester Healthcare Homes Limited
Meadowbeck,"1 Meadowbeck Close,Osbaldwick,York",YO10 3SJ,1904424244,https://www.barchester.com,Nursing homes,York,Yorkshire & Humberside,Barchester Healthcare Homes Limited
The White Lodge,"Braydon,Swindon",SN5 0AD,1666860381,https://www.barchester.com,Nursing homes,Wiltshire,South West,Barchester Healthcare Homes Limited
Threshfield Court,"Station Road,Threshfield,Skipton",BD23 5ET,1756752200,https://www.barchester.com,Nursing homes,North Yorkshire,Yorkshire & Humberside,Barchester Healthcare Homes Limited
Tixover House,"Tixover Grange,Tixover, Stamford,Rutland",PE9 3QN,1780444491,https://www.barchester.com,Nursing homes,Rutland,East Midlands,Barchester Healthcare Homes Limited
Tyspane,"Lower Park Road,Braunton",EX33 2LH,1271816600,https://www.barchester.com,Nursing homes,Devon,South West,Barchester Healthcare Homes Limited
Washington Grange,"Burnhope Road,Barmston,Washington",NE38 8HZ,1914191955,https://www.barchester.com,Residential homes,Sunderland,North East,Barchester Healthcare Homes Limited
Westvale House,"Old Hall Road,Great Sankey,Warrington",WA5 9PA,1925571266,https://www.barchester.com,Nursing homes,Warrington,North West,Barchester Healthcare Homes Limited
Wheatlands,"Southfield Road,Much Wenlock",TF13 6AT,1952728497,https://www.barchester.com,Residential homes,Shropshire,West Midlands,Barchester Healthcare Homes Limited
Wimbledon Beaumont,"35 Arterberry Road,Wimbledon,London",SW20 8AG,2089448299,https://www.barchester.com,Nursing homes,Merton,London,Barchester Healthcare Homes Limited
Winchester House,"180 Wouldham Road,Rochester",ME1 3TR,1634685001,https://www.barchester.com,Nursing homes,Kent,South East,Barchester Healthcare Homes Limited
The Wingfield,"70A Wingfield Road,Trowbridge",BA14 9EN,1225771550,https://www.barchester.com,Nursing homes,Wiltshire,South West,Barchester Healthcare Homes Limited
Woodgrange,"Westminster Lane,West Road,Bourne",PE10 9TU,1778424010,https://www.barchester.com,Nursing homes,Lincolnshire,East Midlands,Barchester Healthcare Homes Limited
Woodhorn Park,"Woodhorn Road,Ashington",NE63 9AN,1670812333,https://www.barchester.com,Residential homes,Northumberland,North East,Barchester Healthcare Homes Limited
Wilfred Geere House,"310 Highfield Road,Farnworth,Bolton",BL4 0PG,1204337839,https://www.bolton.gov.uk,Residential homes,Bolton,North West,Bolton Council
Beechwood,"29 Thornholme Road,Ashbrooke,Sunderland",SR2 7LZ,1915659789,,Residential homes,Sunderland,North East,Education and Services for People with Autism Limited
Anderida,"Church Road,Mersham,Ashford",TN25 6NT,1233501581,,Residential homes,Kent,South East,Counticare Limited
Juniper,"The Forstal,off Church Road,Mersham",TN25 6NU,1233720849,,Residential homes,Kent,South East,Counticare Limited
Belmont,"Stone Street,Stanford North,Ashford",TN25 6DF,1303813084,,Residential homes,Kent,South East,Counticare Limited
Court Lodge,"Church Road,Mersham,Ashford",TN25 6NS,,,Residential homes,Kent,South East,Counticare Limited
Grosvenor Court,"15 Julian Road,Folkestone",CT19 5HP,1303221480,,Residential homes,Kent,South East,Counticare Limited
Rose Cottage,"Church Road,Mersham,Ashford",TN25 6NT,1233502223,,Residential homes,Kent,South East,Counticare Limited
Richardson Court,"Main Road,Sellindge",TN25 6JD,1303814821,https://www.caretech-uk.com,Residential homes,Kent,South East,Counticare Limited
Summerlands,"Maidstone Road,Westwell Leacon,Charing",TN27 0EE,1233713454,,Residential homes,Kent,South East,Counticare Limited
Southlands,"East Street,Harrietsham,Maidstone",ME17 1HH,1622858713,,Residential homes,Kent,South East,Counticare Limited
Carlile Lodge,"17 Grimston Avenue,Folkestone",CT20 2QE,1303250183,,Residential homes,Kent,South East,Counticare Limited
Valley Wood,"1 Cat Lane,Gleadless,Sheffield",S2 3AY,1142391449,https://www.sheffcare.co.uk,Residential homes,Sheffield,Yorkshire & Humberside,SheffCare Limited
Tiverton Drive,"5 Tiverton Drive,Nuneaton",CV11 6YJ,2476347296,https://www.selbornecare.co.uk,Residential homes,Warwickshire,West Midlands,Selborne Care Limited
Hawkstone House,"Shann Lane,Off Spring Gardens Lane,Keighley",BD20 6NA,1535288471,https://www.cygnethealth.co.uk,Residential homes,Bradford,Yorkshire & Humberside,Isand Limited
Thornfield House,"261 Highfield Road,Idle,Bradford",BD10 8QY,1274414165,https://www.cygnethealth.co.uk,Residential homes,Bradford,Yorkshire & Humberside,Isand Limited
Beckly House,"56 Cooper Lane,Shelf,Halifax",HX3 7RG,1274606350,https://www.cygnethealth.co.uk,Residential homes,Calderdale,Yorkshire & Humberside,Isand Limited
Oxley Woodhouse,"Woodhouse Hill,Fartown,Huddersfield",HD2 1DH,1484248143,https://www.cygnethealth.co.uk,Residential homes,Kirklees,Yorkshire & Humberside,Isand Limited
Langdale House,"56 Gledholt Road,Huddersfield",HD1 4HR,1484429226,https://www.cygnethealth.co.uk,Residential homes,Kirklees,Yorkshire & Humberside,Isand Limited
Fieldhouse Care Home,"Spinners Green,Rochdale",OL12 6EJ,1706632555,https://www.fieldhousecarehome.co.uk,Residential homes,Rochdale,North West,Franklin Care Group Limited
Whorlton Grange Residential Home,"Whorlton Grange Cottages (opp Golf Club House),Westerhope,Newcastle Upon Tyne",NE5 1ND,1912140120,https://www.wellburncare.co.uk,Residential homes,Newcastle upon Tyne,North East,Wellburn Care Homes Limited
Eighton Lodge Residential Care Home,"Low Eighton,Gateshead",NE9 7UB,1914103665,https://www.wellburncare.co.uk,Residential homes,Gateshead,North East,Wellburn Care Homes Limited
Glenholme Residential Care Home,"4 Park Avenue,Roker,Sunderland",SR6 9PU,1915492594,https://www.wellburncare.co.uk,Residential homes,Sunderland,North East,Wellburn Care Homes Limited
Ryton Towers,"Whitewell Lane,Ryton",NE40 3PG,1914138518,https://www.wellburncare.co.uk,Residential homes,Gateshead,North East,Wellburn Care Homes Limited
Heatherdale Residential Home,"South Broomhill,Morpeth",NE65 9RT,1670760796,https://www.wellburncare.co.uk,Residential homes,Northumberland,North East,Wellburn Care Homes Limited
St Georges Residential Home,"13 Vigo Lane,Harraton,Washington",NE38 9AH,1914191878,https://www.wellburncare.co.uk,Residential homes,Sunderland,North East,Wellburn Care Homes Limited
Craghall Residential Home,"Craghall Care Home,Matthew Bank, Jesmond,Newcastle Upon Tyne",NE2 3RE,1912846077,https://www.wellburncare.co.uk,Residential homes,Newcastle upon Tyne,North East,Wellburn Care Homes Limited
Grimston Court,"Hull Road,Grimston",YO19 5LE,1904489343,https://www.wellburncare.co.uk,Residential homes,York,Yorkshire & Humberside,Wellburn Care Homes Limited
Riverhead Hall Residential Care Home,"Riverhead,Driffield",YO25 6NU,1377253863,https://www.wellburncare.co.uk,Nursing homes,East Riding of Yorkshire,Yorkshire & Humberside,Wellburn Care Homes Limited
St Catherine's Care Home,"1 East Lane,Shipton by Beningborough,York",YO30 1AH,1904470644,https://www.wellburncare.co.uk,Residential homes,North Yorkshire,Yorkshire & Humberside,Wellburn Care Homes Limited
Rosevale,"33 The Village,Wigginton,York",YO32 2PR,1904764242,https://www.wellburncare.co.uk,Residential homes,York,Yorkshire & Humberside,Wellburn Care Homes Limited
Nightingale Hall,"7 Seagrim Crescent,Richmond",DL10 4UB,1748823003,https://www.wellburncare.co.uk,Residential homes,North Yorkshire,Yorkshire & Humberside,Wellburn Care Homes Limited
Wellburn House,"Main Road,Ovingham,Prudhoe",NE42 6DE,1661834522,https://www.wellburncare.co.uk,Residential homes,Northumberland,North East,Wellburn Care Homes Limited
Waltham House,"Stoke Park Road,Stoke Bishop,Bristol",BS9 1JF,1179682097,https://www.cedarcarehomes.com,Nursing homes,"Bristol, City of",South West,Cedar Care Homes Limited
Grasmere Lodge,"10-12 Grasmere Street,Bensham,Gateshead",NE8 1TR,1914772909,https://www.aspireheathcare.co.uk,Residential homes|Rehabilitation (illness/injury),Gateshead,North East,Aspire Healthcare Limited
Lindisfarne CLS Nursing,"Whitehill Park,Chester Le Street",DH2 2EP,1913883717,https://www.gainfordcarehomes.com,Nursing homes,County Durham,North East,Gainford Care Homes Limited
Lindisfarne Birtley,"Durham Road,Birtley,Chester Le Street",DH3 1LU,1914920738,https://www.gainfordcarehomes.com,Nursing homes,Gateshead,North East,Gainford Care Homes Limited
Glenbrooke House,"Chowdene Bank,Low Fell,Gateshead",NE9 6JE,1913895810,https://www.gainfordcarehomes.com,Residential homes,Gateshead,North East,Gainford Care Homes Limited
The Grove,"Woodbine Terrace,Birtley,Chester Le Street",DH3 1AJ,1913895810,https://www.gainfordcarehomes.com,Residential homes,Gateshead,North East,Gainford Care Homes Limited
Lindisfarne Hartlepool,"Masefield Road,Hartlepool",TS25 4JY,1429244020,https://www.gainfordcarehomes.com,Nursing homes,Hartlepool,North East,Gainford Care Homes Limited
Lindisfarne Seaham,"King Edward Road,Seaham",SR7 7TY,1915812891,https://www.gainfordcarehomes.com,Nursing homes,County Durham,North East,Gainford Care Homes Limited
Lindisfarne Newton Aycliffe,"Silverdale Place,Newton Aycliffe",DL5 7DZ,1325320227,https://www.gainfordcarehomes.com,Nursing homes,County Durham,North East,Gainford Care Homes Limited
Orchard Lodge,"Orchard Lodge,Haven Road, Market Bosworth,Nuneaton",CV13 0LY,,,Residential homes,Leicestershire,East Midlands,Broadoak Group of Care Homes
Real Life Options - 2 Frederick Street,"2 Frederick Street,Stockton On Tees",TS18 2BF,1642607142,https://www.reallifeoptions.org,Residential homes,Stockton-on-Tees,North East,Real Life Options
Real Life Options - 96 Bishopton Road,"96 Bishopton Road,Stockton On Tees",TS18 4PA,1642865051,https://www.reallifeoptions.org,Residential homes,Stockton-on-Tees,North East,Real Life Options
Real Life Options - 18 Bisley Drive,"18 Bisley Drive,South Shields",NE34 0PY,1914544871,https://www.reallifeoptions.org,Residential homes,South Tyneside,North East,Real Life Options
A S Care,"138 Westcotes Drive,Leicester",LE3 0QS,1162334300,https://www.mauricare.com,Residential homes,Leicester,East Midlands,Mauricare Limited
Ardenlea Court Care Home,"Bucknell Close,39-41 Lode Lane,Solihull",B91 2AF,121711773,https://www.bupa.co.uk,Nursing homes,Solihull,West Midlands,Bupa Care Homes (BNH) Limited
Ashby Court Care Home,"Tamworth Road,Ashby De La Zouch",LE65 2PX,1530560105,,Nursing homes,Leicestershire,East Midlands,Bupa Care Homes (BNH) Limited
Aston Court Care Home,"Little Aston Hall Drive,Little Aston,Sutton Coldfield",B74 3BF,1216675886,,Nursing homes,Staffordshire,West Midlands,Bupa Care Homes (BNH) Limited
Red Court Care Home,"27 Stanhope Road,Croydon",CR0 5NS,2086812359,,Nursing homes,Croydon,London,Bupa Care Homes (BNH) Limited
Staplehurst Manor Care Home,"Frittenden Road,Staplehurst,Tonbridge",TN12 0DG,1580891251,,Nursing homes,Kent,South East,Bupa Care Homes (BNH) Limited
John Wills House,"Westbury Fields,Westbury-on-Trym,Bristol",BS10 6TU,1173773700,https://www.stmonicatrust.org.uk,Nursing homes|Residential homes|Rehabilitation (illness/injury),"Bristol, City of",South West,The Council of St Monica Trust
Avenues South East - 25 Beacon Close,"25 Beacon Close,Gillingham",ME8 9AP,1634370581,https://www.avenuesgroup.org.uk,Residential homes,Medway,South East,Avenues South East
Avenues South East - 2a Higham Road,"Wainscott,Rochester",ME3 8BB,1634712031,https://www.avenuesgroup.org.uk,Residential homes,Medway,South East,Avenues South East
Avenues South East - 492 Maidstone Road,"Blue Bell Hill,Chatham",ME5 9QN,1634869716,https://www.avenuesgroup.org.uk,Residential homes,Kent,South East,Avenues South East
Avenues South East - 74 Wilson Avenue,"74 Wilson Avenue,Rochester",ME1 2RL,1634841390,https://www.avenuesgroup.org.uk,Residential homes,Medway,South East,Avenues South East
Avenues South East - 320 Hempstead Road,"320 Hempstead Road,Gillingham",ME7 3QH,1634365201,https://www.avenuesgroup.org.uk,Residential homes,Medway,South East,Avenues South East
Baylis Place,"61 Wawne Road,Sutton On Hull,Hull",HU7 4FE,1482877011,https://www.swantoncare.com,Residential homes,"Kingston upon Hull, City of",Yorkshire & Humberside,Swanton Care & Community Limited
Davies Court,"Coronation Avenue,Dinnington,Sheffield",S25 2AB,1709334442,,Residential homes,Rotherham,Yorkshire & Humberside,Rotherham Metropolitan Borough Council
Beechfield Lodge,"232 Eccles Old Road,Salford",M6 8AG,1617076747,https://www.anchor.org.uk,Residential homes,Salford,North West,Anchor Hanover Group
Borrage House,"8 Borrage Lane,Ripon",HG4 2PZ,1765690919,https://www.anchor.org.uk,Residential homes,North Yorkshire,Yorkshire & Humberside,Anchor Hanover Group
Cranlea,"1 Kingston Park Avenue,Kingston Park,Newcastle Upon Tyne",NE3 2HB,1912716278,https://www.anchor.org.uk,Residential homes,Newcastle upon Tyne,North East,Anchor Hanover Group
Eric Morecambe House,"Harrow Grove,Torrisholme,Morecambe",LA4 6ST,1524831104,https://www.anchor.org.uk,Residential homes,Lancashire,North West,Anchor Hanover Group
Firth House,"18 Firth Mews,Millgate,Selby",YO8 3FZ,1757213546,,Residential homes,North Yorkshire,Yorkshire & Humberside,Anchor Hanover Group
Gills Top,"Scar Street,Grassington,Skipton",BD23 5AF,1756752699,https://www.anchor.org.uk,Residential homes,North Yorkshire,Yorkshire & Humberside,Anchor Hanover Group
Godiva Lodge,"Heath Crescent,Stoke Heath,Coventry",CV2 4PR,2476442209,https://www.anchor.org.uk,Residential homes,Coventry,West Midlands,Anchor Hanover Group
Halcyon Court Care Home,"55 Cliffe Road,Leeds",LS6 2EZ,1132743006,https://www.anchor.org.uk,Residential homes,Leeds,Yorkshire & Humberside,Anchor Hanover Group
Holmpark,"212 Hagley Road,Edgbaston,Birmingham",B16 9PH,1214563738,https://www.anchor.org.uk,Residential homes,Birmingham,West Midlands,Anchor Hanover Group
Israel Sieff Court,"7a Bennett Road,Crumpsall,Manchester",M8 5DU,1617408597,https://www.anchor.org.uk,Residential homes,Manchester,North West,Anchor Hanover Group
Kerria Court,"64 Cregoe Street,Edgbaston,Birmingham",B15 2DY,1216226845,https://www.anchor.org.uk,Residential homes,Birmingham,West Midlands,Anchor Hanover Group
Kirkley Lodge,"Dalby Way,Coulby Newham,Middlesbrough",TS8 0TW,1642599080,https://www.anchor.org.uk,Residential homes,Middlesbrough,North East,Anchor Hanover Group
Larchfield,"Joseph Street,Leeds",LS10 2AD,1132772284,https://www.anchor.org.uk,Residential homes,Leeds,Yorkshire & Humberside,Anchor Hanover Group
Madeleine House,"60 Manor Road,Stechford,Birmingham",B33 8EJ,1217861479,https://www.anchor.org.uk,Residential homes,Birmingham,West Midlands,Anchor Hanover Group
Manor Court,"257 Blandford Road,Efford,Plymouth",PL3 6ND,1752768425,https://www.anchor.org.uk,Residential homes,Plymouth,South West,Anchor Hanover Group
Maple Dene,"10-14 St Agnes Road,Moseley,Birmingham",B13 9PW,,https://www.anchor.org.uk,Residential homes,Birmingham,West Midlands,Anchor Hanover Group
Millbeck,"High Street,Norton,Stockton On Tees",TS20 1DQ,1642360995,https://www.anchor.org.uk,Residential homes,Stockton-on-Tees,North East,Anchor Hanover Group
Millfield,"Huddersfield Road,Waterhead,Oldham",OL4 3NN,,https://www.anchor.org.uk,Residential homes,Oldham,North West,Anchor Hanover Group
Sandholme Fold,"Sandholme Crescent,Hipperholme,Halifax",HX3 8LP,1422206207,https://www.anchor.org.uk,Residential homes,Calderdale,Yorkshire & Humberside,Anchor Hanover Group
Silk Court Care Home,"16 Ivimey Street,Bethnal Green,London",E2 6LR,8000854152,https://www.anchor.org.uk/our-properties/silk-court-bethnal-green,Residential homes,Tower Hamlets,London,Anchor Hanover Group
Springfield,"17 Western Way,Buttershaw,Bradford",BD6 2UB,1274694192,https://www.anchor.org.uk,Residential homes,Bradford,Yorkshire & Humberside,Anchor Hanover Group
St Anne's - Saltash,"Plougastel Drive,Callington Road,Saltash",PL12 6DJ,1752847001,https://www.anchor.org.uk,Residential homes,Cornwall,South West,Anchor Hanover Group
Trinity Fold,"Blackwall,Halifax",HX1 2BZ,1422350887,https://www.anchor.org.uk,Residential homes,Calderdale,Yorkshire & Humberside,Anchor Hanover Group
Trinity Lodge,"Quorn Way,Binley,Coventry",CV3 2JU,8000852842,https://www.anchor.org.uk,Residential homes,Coventry,West Midlands,Anchor Hanover Group
Warren Farm Lodge,"123 Warren Farm Road,Kingstanding,Birmingham",B44 0PU,8000852952,https://www.anchor.org.uk,Residential homes,Birmingham,West Midlands,Anchor Hanover Group
Wellington Lodge,"334a Waterloo Road,Cheetham,Manchester",M8 0AX,1617408549,https://www.anchor.org.uk,Residential homes,Manchester,North West,Anchor Hanover Group
Primrose Court,"Orchard Way, Off Oxford Road,Guiseley,Leeds",LS20 9EP,1943875690,https://www.anchor.org.uk,Residential homes,Leeds,Yorkshire & Humberside,Anchor Hanover Group
Prior Bank House,"74 Cherry Tree Road,Sheffield",S11 9AB,,https://www.anchor.org.uk,Residential homes,Sheffield,Yorkshire & Humberside,Anchor Hanover Group
Selkirk House,"Church Road,Plymstock,Plymouth",PL9 9BD,1752492850,https://www.anchor.org.uk,Residential homes,Plymouth,South West,Anchor Hanover Group
The Highlands,"Durham Road,Birtley,Chester Le Street",DH3 1LY,1914923663,https://www.salutemcareandeducation.co.uk,Residential homes,Gateshead,North East,Pathways Care Group Limited
Abbotsleigh Mews Care Home,"Old Farm Road East,Sidcup",DA15 8AY,2083089590,,Nursing homes,Bexley,London,Bupa Care Homes (CFHCare) Limited
Wallace Mews,"230 Mowbray Road,South Shields",NE33 3BE,1914541551,https://www.salutemcareandeducation.co.uk,Residential homes,South Tyneside,North East,Pathways Care Group Limited
Wallace Lodge,"401 Bamburgh Avenue,South Shields",NE33 3HY,1914541551,https://www.salutemcareandeducation.co.uk,Residential homes,South Tyneside,North East,Pathways Care Group Limited
Honeysuckle Farm,"Desford Road,Newtown Unthank",LE9 9FL,1455828575,https://www.salutemcareandeducation.co.uk,Residential homes,Leicestershire,East Midlands,Pathways Care Group Limited
Famille House,"4 Station Road,Kirby Muxloe,Leicester",LE9 2EJ,1162394012,https://www.salutemcareandeducation.co.uk,Residential homes,Leicestershire,East Midlands,Pathways Care Group Limited
Rosedene,"128 Franche Road,Kidderminster",DY11 5BE,1562861917,https://www.salutemcareandeducation.co.uk,Residential homes,Worcestershire,West Midlands,Pathways Care Group Limited
Fairholme,"134-136 Beach Road,South Shields",NE33 2NG,1914546598,https://www.salutemcareandeducation.co.uk,Residential homes,South Tyneside,North East,Pathways Care Group Limited
Southleigh,"31 London Road,Kettering",NN16 0EF,1536511166,https://www.salutemcareandeducation.co.uk,Residential homes,North Northamptonshire,East Midlands,Pathways Care Group Limited
Riverside,"Ramsgate Road,Louth",LN11 0NJ,1507608311,https://www.linkage.org.uk,Residential homes,Lincolnshire,East Midlands,Linkage Community Trust
Seaton House,"153 Eastgate,Louth",LN11 9AJ,1507611071,https://www.linkage.org.uk,Residential homes,Lincolnshire,East Midlands,Linkage Community Trust
The Sycamores,"45 South Street,Alford",LN13 9AN,1507463225,https://www.linkage.org.uk,Residential homes,Lincolnshire,East Midlands,Linkage Community Trust
Oak Lodge,"Stanley Avenue,Mablethorpe",LN12 1DP,1507479782,https://www.linkage.org.uk,Residential homes,Lincolnshire,East Midlands,Linkage Community Trust
Livingstone Court,"Stanley Avenue,Mablethorpe",LN12 1DP,1507479333,https://www.linkage.org.uk,Residential homes,Lincolnshire,East Midlands,Linkage Community Trust
Spencers Lodge,"Toynton All Saints,Spilsby",PE23 5AE,1790752499,https://www.linkage.org.uk,Residential homes,Lincolnshire,East Midlands,Linkage Community Trust
Swallowdale,"5 Bilsby Road,Alford",LN13 9EW,1507463833,https://www.linkage.org.uk,Residential homes,Lincolnshire,East Midlands,Linkage Community Trust
The Palms,"147 Drummond Road,Skegness",PE25 3BT,1754768067,https://www.linkage.org.uk,Residential homes,Lincolnshire,East Midlands,Linkage Community Trust
Ferriby Lane,"234 Scartho Road,Grimsby",DN33 2EB,1472873177,https://www.linkage.org.uk,Residential homes|Education disability services,North East Lincolnshire,Yorkshire & Humberside,Linkage Community Trust
Dunsford,"24a Partney Road,Spilsby",PE23 5EH,1790753106,https://www.linkage.org.uk,Residential homes,Lincolnshire,East Midlands,Linkage Community Trust
St Andrews Drive,"87 St Andrews Drive,Skegness",PE25 1DL,1754898858,https://www.linkage.org.uk,Residential homes,Lincolnshire,East Midlands,Linkage Community Trust
Vale View,"Toynton All Saints,Spilsby",PE23 5AE,1790755504,https://www.linkage.org.uk,Residential homes,Lincolnshire,East Midlands,Linkage Community Trust
Grove Court,"100 Lancaster Road,Newcastle Under Lyme",ST5 1DS,1782628983,https://www.rethink.org,Residential homes,Staffordshire,West Midlands,Rethink Mental Illness
Moultrie Road,"3 Moultrie Road,Rugby",CV21 3BD,1788547585,https://www.rethink.org,Nursing homes,Warwickshire,West Midlands,Rethink Mental Illness
Albany House - Stratford-upon-Avon,"16-18 Albany Road,Stratford Upon Avon",CV37 6PG,1789261191,https://www.rethink.org,Nursing homes,Warwickshire,West Midlands,Rethink Mental Illness
Cavendish Lodge,"41 Leam Terrace,Leamington Spa",CV31 1BQ,1926427584,https://www.rethink.org,Nursing homes,Warwickshire,West Midlands,Rethink Mental Illness
Thistley Lodge,"40 Warwick New Road,Leamington Spa",CV32 6AA,1926435045,https://www.rethink.org,Nursing homes,Warwickshire,West Midlands,Rethink Mental Illness
Shipley Lodge,"94 Derby Road,Heanor",DE75 7QJ,1773535212,https://www.rethink.org,Nursing homes,Derbyshire,East Midlands,Rethink Mental Illness
Wilton Road,"44 Wilton Road,Salisbury",SP2 7EG,1722410724,https://www.rethink.org,Residential homes,Wiltshire,South West,Rethink Mental Illness
The Mead,"7-8 The Mead,Portway Lane,Warminster",BA12 8RB,1985215800,https://www.rethink.org,Residential homes,Wiltshire,South West,Rethink Mental Illness
NE Lincs Crisis (Field View),"7-9 Selge Way,Bradley Park Estate,Grimsby",DN33 1RN,1472750288,https://www.rethink.org/help-in-your-area/services/crisis/north-east-lincs-crisis-service-field-view/,Residential homes,North East Lincolnshire,Yorkshire & Humberside,Rethink Mental Illness
Carentan House,"Brook Street,Selby",YO8 4AU,1757702815,https://www.northyorks.gov.uk,Residential homes,North Yorkshire,Yorkshire & Humberside,North Yorkshire Council
Larpool Lane,"1 Larpool Lane,Whitby",YO22 4JE,1947603582,https://www.northyorks.gov.uk,Residential homes,North Yorkshire,Yorkshire & Humberside,North Yorkshire Council
Silver Birches,"Station Avenue,Filey",YO14 9AH,1723513563,https://www.northyorks.gov.uk,Residential homes,North Yorkshire,Yorkshire & Humberside,North Yorkshire Council
Station View,"16 Station View,Harrogate",HG2 7JB,1609533003,https://www.northyorks.gov.uk,Residential homes,North Yorkshire,Yorkshire & Humberside,North Yorkshire Council
5 Whitby Road Care Home,"5 Whitby Road,Pickering",YO18 7HD,1751473369,https://www.northyorks.gov.uk,Residential homes,North Yorkshire,Yorkshire & Humberside,North Yorkshire Council
Hillbrow,"150 Crabble Hill,Dover",CT17 0SE,1304827411,https://www.voyagecare.com,Residential homes,Kent,South East,Voyage 1 Limited
Wellington House,"371 Dover Road,Walmer,Deal",CT14 7NZ,1304379950,https://www.voyagecare.com,Residential homes,Kent,South East,Voyage 1 Limited
Twyford House,"Whitfield Avenue,Dover",CT16 2AG,1304241804,,Residential homes,Kent,South East,Voyage 1 Limited
Ings Grove House,"Doctor Lane,Mirfield",WF14 8DP,1924489324,https://www.kirklees.gov.uk,Residential homes|Rehabilitation (illness/injury),Kirklees,Yorkshire & Humberside,Kirklees Metropolitan Council
Moorlands Grange,"Spruce Drive,Netherton,Huddersfield",HD4 7WA,1484660010,https://www.kirklees.gov.uk,Residential homes|Rehabilitation (illness/injury),Kirklees,Yorkshire & Humberside,Kirklees Metropolitan Council
Heathbrook House Care Home,"223-229 Worcester Road,Stoke Heath,Bromsgrove",B61 7JA,1527882146,,Nursing homes,Worcestershire,West Midlands,Bupa Care Homes (CFChomes) Limited
Broad Oak Manor Care Home,"Broad Oak Close, off Arnolds Lane,Sutton at Hone,Dartford",DA4 9HF,1322223591,,Nursing homes,Kent,South East,Bupa Care Homes (CFChomes) Limited
Elm Grove Care Home,"Somerford Road,Cirencester",GL7 1TX,1285653057,https://www.bupa.co.uk/care-services/care-homes/elm-grove-cirencester,Nursing homes,Gloucestershire,South West,Bupa Care Homes (CFChomes) Limited
Elmstead Care Home,"104 Elmstead Lane,Chislehurst",BR7 5EL,2084670007,https://www.bupa.co.uk/care-services/care-homes/elmstead-chislehurst,Residential homes,Bromley,London,Bupa Care Homes (CFChomes) Limited
Leominster Care Home,"44 Bargates,Leominster",HR6 8EY,1568611800,,Nursing homes,"Herefordshire, County of",West Midlands,Bupa Care Homes (CFChomes) Limited
Shockerwick House Care Home,"Shockerwick House,Lower Shockerwick,Bath",BA1 7LL,1225743636,,Nursing homes,Bath and North East Somerset,South West,Bupa Care Homes (CFChomes) Limited
Trowbridge Oaks Care Home,"West Ashton Road,Trowbridge",BA14 6DW,1225774492,https://www.bupa.co.uk,Nursing homes,Wiltshire,South West,Bupa Care Homes (CFChomes) Limited
Wilmington Manor Care Home,"Common Lane,Wilmington,Dartford",DA2 7BA,1322288746,,Nursing homes,Kent,South East,Bupa Care Homes (CFChomes) Limited
Gloucester House,"21 Cheltenham Road,Evesham",WR11 1LA,1386761658,https://www.noblecare.co.uk,Residential homes,Worcestershire,West Midlands,Noble Care Limited
The Hollies,"The Hawthorns, 53 Station Road,Bardney,Lincoln",LN3 5UD,1526398633,https://www.homefromhomecare.com,Residential homes,Lincolnshire,East Midlands,Home from Home Care Limited
Potensial Limited - 60 Park Road South,"60 Park Road South,Prenton, Birkenhead,Wirral",CH43 4UY,1516522230,https://www.potensial.co.uk,Residential homes,Wirral,North West,Potensial Limited
Park View,"2a Seedley Park Road,Salford",M6 5WR,1617378387,https://www.potensial.co.uk,Residential homes,Salford,North West,Potensial Limited
Avondale Lodge,"6-7 Nelson Terrance,Redcar",TS10 1RX,1642494509,https://www.potensial.co.uk,Residential homes,Redcar and Cleveland,North East,Potensial Limited
The Barn,"241-243 Leyland Lane,Leyland",PR25 1XL,1772434608,https://www.potensial.co.uk,Residential homes,Lancashire,North West,Potensial Limited
Potensial Limited - 1 Newlands Drive,"1 Newlands Drive,Wallasey,Wirral",CH44 2AX,1516305404,https://www.potensial.co.uk,Residential homes,Wirral,North West,Potensial Limited
Heath Lodge,"34 Green Lane,Padgate,Warrington",WA1 4JA,1925816702,https://www.potensial.co.uk,Residential homes,Warrington,North West,Potensial Limited
Mansard House,"28 Watling Street Road,Fulwood,Preston",PR2 8DY,1772774219,https://www.potensial.co.uk,Residential homes,Lancashire,North West,Potensial Limited
Middleton Lodge,"Station Road,Middleton St George,Darlington",DL2 1JA,1325333993,https://www.potensial.co.uk,Residential homes,Darlington,North East,Potensial Limited
Parkside Lodge,"17-19 Windermere Street,Gateshead",NE8 1TU,1914770719,https://www.potensial.co.uk,Residential homes,Gateshead,North East,Potensial Limited
Potensial Limited - 2 Belgrave Terrace,"2 Belgrave Terrace,South Shields",NE33 2RX,1914545542,https://www.potensial.co.uk,Residential homes,South Tyneside,North East,Potensial Limited
Potensial Limited - 23 Elm Road,"23 Elm Road North,Prenton,Birkenhead",CH42 9PB,1512002444,https://www.potensial.co.uk,Residential homes,Wirral,North West,Potensial Limited
Potensial Limited - 7-9 Park Road South,"7-9 Park Road South,Birkenhead,Wirral",CH43 4UN,1516536863,https://www.potensial.co.uk,Residential homes,Wirral,North West,Potensial Limited
Tiled House,"200 Tiled House Lane,Pensnett",DY5 4LE,1384813425,https://www.dudley.gov.uk,Residential homes,Dudley,West Midlands,Dudley Metropolitan Borough Council
Ashfield,"18 Windsor Square,Exmouth",EX8 1JX,1395264503,https://www.southwestcarehomes.co.uk,Residential homes,Devon,South West,South West Care Homes Limited
Ashley House - Langport,"The Avenue,Langport",TA10 9SA,1458250386,https://www.southwestcarehomes.co.uk,Residential homes,Somerset,South West,South West Care Homes Limited
Beechmount,"Rousdown Road,Chelston,Torquay",TQ2 6PB,1803605607,https://www.southwestcarehomes.co.uk,Residential homes,Torbay,South West,South West Care Homes Limited
Cambrian Lodge,"4 Battery Road,Portishead",BS20 7HP,1275848844,https://www.southwestcarehomes.co.uk,Residential homes,North Somerset,South West,South West Care Homes Limited
Michaelstowe,"211 Ridgeway,Plympton,Plymouth",PL7 2HP,1752339096,https://www.southwestcarehomes.co.uk,Residential homes,Plymouth,South West,South West Care Homes Limited
Jane Percy House,"Brockwell Centre,Northumbrian Road,Cramlington",NE23 1XX,1670590333,,Residential homes,Northumberland,North East,The Disabilities Trust
Victoria House,"Victoria House Residential Home,Maldon Drive,Hull",HU9 1QA,1482213010,,Residential homes,"Kingston upon Hull, City of",Yorkshire & Humberside,The Disabilities Trust
Millview Short Stay Respite,"Westbury Drive,Marple,Stockport",SK6 6FW,1614277697,,Residential homes,Stockport,North West,Stockport Metropolitan Borough Council - Opportunities Together
Valley Road - Resource Centre,"65a Valley Road,Northallerton",DL6 1SH,1609533394,https://www.northyorks.gov.uk,Residential homes,North Yorkshire,Yorkshire & Humberside,North Yorkshire Council
Milestone House,"Milestone House, Eastgate,Seamer,Scarborough",YO12 4RB,1609533059,https://www.northyorks.gov.uk,Residential homes,North Yorkshire,Yorkshire & Humberside,North Yorkshire Council
Haywood Lodge,"Warwick Highway,Mappleborough Green,Studley",B80 7DG,,https://www.idealcarehomes.co.uk,Residential homes,Warwickshire,West Midlands,Ideal Carehomes Limited
Ardsley House,"55a Royston Hill,East Ardsley,Wakefield",WF3 2HN,1924835220,https://www.prioryadultcare.co.uk,Residential homes,Leeds,Yorkshire & Humberside,J C Care Limited
Daisy Vale House,"Daisy Vale Terrace,Thorpe,Wakefield",WF3 3DS,1924822209,https://www.prioryadultcare.co.uk,Residential homes,Leeds,Yorkshire & Humberside,J C Care Limited
Dolphin Lane,"1 Dolphin Lane,Thorpe,Wakefield",WF3 3DN,1924872080,https://www.prioryadultcare.co.uk,Residential homes,Leeds,Yorkshire & Humberside,J C Care Limited
The Whitby Scheme,"14-15 Crescent Avenue,and 2-5 North Promenade,Whitby",YO21 3JX,1947821722,https://www.prioryadultcare.co.uk,Residential homes,North Yorkshire,Yorkshire & Humberside,J C Care Limited
Woodhouse Cottage,"5 Woodhouse Lane,East Ardsley,Wakefield",WF3 2JS,1924824119,https://www.prioryadultcare.co.uk,Residential homes,Leeds,Yorkshire & Humberside,J C Care Limited
Woodhouse Hall,"14 Woodhouse Lane,East Ardsley,Wakefield",WF3 2JS,1924870601,https://www.prioryadultcare.co.uk,Residential homes,Leeds,Yorkshire & Humberside,J C Care Limited
Gateholme,"Old Bradford Road,Carr Gate,Wakefield",WF2 0QW,1924871137,https://www.prioryadultcare.co.uk,Residential homes,Wakefield,Yorkshire & Humberside,J C Care Limited
The Mount,"Palmer Lane,Barrow Upon Humber",DN19 7BS,1469532897,https://www.prime-life.co.uk,Residential homes,North Lincolnshire,Yorkshire & Humberside,Prime Life Limited
Oakdene,"Stacey Road,Mansfield",NG19 7JJ,1623655123,https://www.prime-life.co.uk,Residential homes,Nottinghamshire,East Midlands,Prime Life Limited
Stoneygate Oaklands,"328 London Road,Leicester",LE2 2PJ,1162703454,https://www.prime-life.co.uk,Residential homes,Leicester,East Midlands,Prime Life Limited
River Meadows,"Warwick Road,Kineton",CV35 0HW,1926640827,https://www.prime-life.co.uk,Residential homes,Warwickshire,West Midlands,Prime Life Limited
St Georges,"Ratcliffe Road,Leicester",LE2 3TE,1162745115,https://www.prime-life.co.uk,Residential homes,Leicester,East Midlands,Prime Life Limited
St Michaels,"High Street,Waddington,Lincoln",LN5 9RF,1522723292,https://www.prime-life.co.uk,Residential homes,Lincolnshire,East Midlands,Prime Life Limited
St Oggs,"14 Front Street,Morton,Gainsborough",DN21 3AA,1427617173,https://www.prime-life.co.uk,Residential homes,Lincolnshire,East Midlands,Prime Life Limited
Southfield House,"Albert Street,Brigg",DN20 8HU,1652653708,https://www.prime-life.co.uk,Residential homes,North Lincolnshire,Yorkshire & Humberside,Prime Life Limited
Prime Life Limited - 50 Stoneygate Road,"50 Stoneygate Road,Leicester",LE2 2AD,1162707276,https://www.prime-life.co.uk,Residential homes,Leicester,East Midlands,Prime Life Limited
Tamar House,"5 Riseholme Road,Lincoln",LN1 3SN,1522524093,https://www.prime-life.co.uk,Residential homes,Lincolnshire,East Midlands,Prime Life Limited
Welholme Road,"3 Welholme Road,Grimsby",DN32 0DY,1472359574,https://www.prime-life.co.uk,Residential homes,North East Lincolnshire,Yorkshire & Humberside,Prime Life Limited
Westerlands Care Village,"Elloughton Road,Elloughton,Nr Brough",HU15 1AP,1482667223,https://www.prime-life.co.uk,Residential homes,East Riding of Yorkshire,Yorkshire & Humberside,Prime Life Limited
White Acres,"15 Leicester Road,Shepshed",LE12 9DF,1509502845,https://www.prime-life.co.uk,Residential homes,Leicestershire,East Midlands,Prime Life Limited
Brockshill Woodlands,"Briar Walk,off St Margarets Anne Way,Oadby",LE2 5UF,1162716014,https://www.prime-life.co.uk,Residential homes|Homecare agencies,Leicestershire,East Midlands,Prime Life Limited
Stoneygate Ashlands,"Ratcliffe Road,Leicester",LE2 3TE,1162448624,https://www.prime-life.co.uk,Residential homes,Leicester,East Midlands,Prime Life Limited
Clarendon Beechlands,"28 Central Avenue,Clarendon Park,Leicester",LE2 1TB,1162703968,https://www.prime-life.co.uk,Residential homes,Leicester,East Midlands,Prime Life Limited
Byron House,"104 Drummond Road,Seacroft,Skegness",PE25 3EH,1754768909,https://www.prime-life.co.uk,Residential homes,Lincolnshire,East Midlands,Prime Life Limited
Clarence House & The Granary,"53 West Street,Horncastle",LN9 5JE,1507524466,https://www.prime-life.co.uk,Residential homes,Lincolnshire,East Midlands,Prime Life Limited
Oval House,"Gooding Avenue,Leicester",LE3 1JS,1162558809,https://www.prime-life.co.uk,Residential homes,Leicester,East Midlands,Prime Life Limited
Gilby House Nursing Home,"9 High Street,Winterton",DN15 9PU,1724734824,https://www.prime-life.co.uk,Nursing homes,North Lincolnshire,Yorkshire & Humberside,Prime Life Limited
The Hollies,"The Hamlet,South Normanton",DE55 2JA,1773580872,https://www.prime-life.co.uk,Residential homes,Derbyshire,East Midlands,Prime Life Limited
Island Place,"Gooding Avenue,Leicester",LE3 1JS,1162855518,https://www.prime-life.co.uk,Residential homes,Leicester,East Midlands,Prime Life Limited
Lowfield House Nursing Home,"39 Cornwall Street,Kirton in Lindsey",DN21 4EH,1652648835,https://www.prime-life.co.uk,Nursing homes,North Lincolnshire,Yorkshire & Humberside,Prime Life Limited
Lyndon Croft,"144 Ulleries road,Solihull",B92 8ED,1217423562,https://www.prime-life.co.uk,Residential homes,Solihull,West Midlands,Prime Life Limited
The Manor House,"Whitton Road,Alkborough,Nr Scunthorpe",DN15 9JG,1724720742,https://www.prime-life.co.uk,Residential homes,North Lincolnshire,Yorkshire & Humberside,Prime Life Limited
The Old Rectory,"Main Road,Stickney,Nr Boston",PE22 8AY,1205480885,https://www.prime-life.co.uk,Residential homes,Lincolnshire,East Midlands,Prime Life Limited
Old Station Close,"Unit 1, Old Station Close,Shepshed,Loughborough",LE12 9NJ,1509506218,https://www.prime-life.co.uk,Residential homes,Leicestershire,East Midlands,Prime Life Limited
Abbotts Road,"31 Abbotts Road,Erdington,Birmingham",B24 8HE,1213820217,https://www.voyagecare.com,Residential homes,Birmingham,West Midlands,Voyage 1 Limited
Green Lanes,"219 Green Lanes,Sutton Coldfield",B73 5LX,1213550908,https://www.voyagecare.com,Residential homes,Birmingham,West Midlands,Voyage 1 Limited
Parkgate Road,"175a Parkgate Road,Holbrooks,Coventry",CV6 4GF,2476666062,https://www.voyagecare.com,Residential homes,Coventry,West Midlands,Voyage 1 Limited
Lonsdale Midlands Ltd - Windward Way,"170-174 Windward Way,Smiths Wood,Birmingham",B36 0PS,1217796059,,Residential homes,Solihull,West Midlands,Lonsdale Midlands Limited
Hampstead Road Care Home,"76-78 Hampstead Road,Brislington,Bristol",BS4 3HW,1179720811,https://www.brandontrust.org,Residential homes,"Bristol, City of",South West,The Brandon Trust
Badgers House Care Home,"1-3 Badger Close,Longwell Green,Bristol",BS30 9BY,1179322177,https://www.brandontrust.org,Residential homes,South Gloucestershire,South West,The Brandon Trust
The Rambles Care Home,"90 Farleigh Road,Backwell",BS48 3PD,1275790072,https://www.brandontrust.org,Residential homes,North Somerset,South West,The Brandon Trust
Greenfields Care Home,"Liverpool Road,Whitchurch",SY13 1SG,1948661040,https://www.coveragecareservices.co.uk,Nursing homes,Shropshire,West Midlands,Coverage Care Services Limited
Innage Grange,"Innage Lane,Bridgnorth",WV16 4HN,1746762112,https://www.coveragecareservices.co.uk,Nursing homes,Shropshire,West Midlands,Coverage Care Services Limited
Lightmoor View,"Nightingale Walk,Lightmoor,Telford",TF7 5FN,1952432412,https://www.coveragecareservices.co.uk,Nursing homes,Telford and Wrekin,West Midlands,Coverage Care Services Limited
St Teresa's Nursing Home,"Corston Lane,Corston,Bath",BA2 9AE,1225873614,https://www.cedarcarehomes.com,Nursing homes,Bath and North East Somerset,South West,Barker Care Limited
Eden Mansions Nursing Home,"Station Road,Styal,Wilmslow",SK9 4HD,1625524276,https://www.cedarcarehomes.com,Nursing homes,Cheshire East,North West,Barker Care Limited
Cedar Court Nursing Home (Dementia Unit),"Cedar Court Care Home,Bretby Park,Burton On Trent",DE15 0QX,1283229523,https://www.yourhealthgroup.co.uk,Nursing homes,Derbyshire,East Midlands,Your Health Limited
Redmount Residential Care Home,"Your Health Limited,21 Old Totnes Road,Buckfastleigh",TQ11 0BY,1364642403,https://www.yourhealthgroup.co.uk,Residential homes,Devon,South West,Your Health Limited
Langwith Lodge Care Home,"The Park,Nether Langwith,Mansfield",NG20 9ES,1623742204,https://www.yourhealthgroup.co.uk,Residential homes,Nottinghamshire,East Midlands,Your Health Limited
The Hadlows,"128-130 Hadlow Road,Tonbridge",TN9 1PA,1732770981,https://www.voyagecare.com,Residential homes,Kent,South East,Voyage 1 Limited
Millstream House,"4 Mill Road,Strood,Rochester",ME2 3BT,1634299970,https://www.voyagecare.com,Residential homes,Medway,South East,Voyage 1 Limited
Primrose Hill Farm,"The Farm House, Primrose Hill Farm,Meadowsweet Avenue,Birmingham",B38 9QW,1214335666,https://www.cttm.co.uk,Residential homes,Birmingham,West Midlands,Extel Limited
Manningford,"162 Manningford Road,Druids Heath,Birmingham",B14 5TJ,1214746537,https://www.cttm.co.uk,Residential homes,Birmingham,West Midlands,Extel Limited
Haddon House,"145 West Heath Road,West Heath,Birmingham",B31 3HD,1214751681,https://www.cttm.co.uk,Residential homes,Birmingham,West Midlands,Extel Limited
Morris House,"Grange Farm Drive,Kings Norton,Birmingham",B38 8EJ,1214591303,https://www.cttm.co.uk,Residential homes,Birmingham,West Midlands,Extel Limited
Attlee Court,"Attlee Street,Normanton,Normanton",WF6 1DL,1924891144,https://www.minstercaregroup.co.uk,Residential homes,Wakefield,Yorkshire & Humberside,Trust Care Ltd
The Regard Partnership Limited - Kneller Road,"191 Kneller Road,Whitton",TW2 7DY,2088985431,https://www.achievetogether.co.uk,Residential homes,Richmond upon Thames,London,Achieve Together Limited
The Regard Partnership Limited - 225 London Road,"225 London Road,Twickenham",TW1 1ES,2088926406,https://www.achievetogether.co.uk,Residential homes,Richmond upon Thames,London,Achieve Together Limited
Westhill Park Care Home,"1 Chataway Drive,Kettering",NN15 7FF,1536480555,,Residential homes,North Northamptonshire,East Midlands,Anchor Hanover Group
Kingfisher Court,"Kingfisher Way,Sutton-in-ashfield",NG17 4BR,1623440325,,Residential homes,Nottinghamshire,East Midlands,Anchor Hanover Group
Timken Grange,"Timken Way South,Duston,Northampton",NN5 6FR,1604594310,,Residential homes,West Northamptonshire,East Midlands,Anchor Hanover Group
Priors Hall Care Home,"1 Regents Place,Corby",NN17 5BH,1536906610,,Residential homes,North Northamptonshire,East Midlands,Anchor Hanover Group
Flaxman Avenue,"77 Flaxman Avenue,York",YO10 3TW,1904206243,,Residential homes,York,Yorkshire & Humberside,City of York Council
Woodside Nursing Home,"Bathwick Hill,Bathwick,Bath",BA2 6EN,1225429456,https://www.cedarcarehomes.com,Nursing homes,Bath and North East Somerset,South West,Cedar Care Homes Limited
Larkhall Springs Nursing Home,"Swainswick Gardens,Larkhall,Bath",BA1 6TL,1225466266,https://www.cedarcarehomes.com,Nursing homes,Bath and North East Somerset,South West,Cedar Care Homes Limited
Saville Manor Nursing Home,"Saville Road,Stoke Bishop,Bristol",BS9 1JA,1179687412,https://www.cedarcarehomes.com,Nursing homes,"Bristol, City of",South West,Cedar Care Homes Limited
Heathside Residential Home,"Plank Lane,Leigh",WN7 4QE,1942602328,https://www.wigan.gov.uk,Residential homes,Wigan,North West,Wigan Council
Sandwood Care Home,"700 Mansfield Road,Sherwood,Nottingham",NG5 3FS,1159531123,https://www.abbeyfield.com,Residential homes,Nottingham,East Midlands,Abbeyfield Society (The)
Abbeyfield House - Stockport,"120 Moss Lane,Bramhall,Stockport",SK7 1EE,1614390046,https://www.abbeyfield.com,Residential homes,Stockport,North West,Abbeyfield Society (The)
Downing House,"14 Swinbourne Grove,Withington,Manchester",M20 4PP,1614348717,https://www.abbeyfield.com,Residential homes,Manchester,North West,Abbeyfield Society (The)
Phil Mead House,"240 Bredon Avenue,Binley,Coventry",CV3 2FD,2476636166,https://www.abbeyfield.com,Residential homes,Coventry,West Midlands,Abbeyfield Society (The)
Avon Reach,"Farm Lane,Mudeford,Christchurch",BH23 4AH,1425272666,https://www.coltencare.co.uk,Nursing homes,"Bournemouth, Christchurch and Poole",South West,Colten Care (1993) Limited
St Minver House Care Home,"Trewint Lane, Rock,St. Minver,Wadebridge",PL27 6PU,1208862866,https://www.karlyoncareltd.com,Residential homes,Cornwall,South West,Karlyon Care Ltd
Railway Cottage,"Station Road,Pontesbury,Shrewsbury",SY5 0QY,,,Residential homes,Shropshire,West Midlands,Condover College Limited
Canford Chase,"40 Western Road,Branksome Park,Poole",BH13 6EU,1202766182,https://www.coltencare.co.uk,Nursing homes,"Bournemouth, Christchurch and Poole",South West,Colten Care (1993) Limited
Castle View,"Bridport Road,Poundbury,Dorchester",DT1 2NH,1305756476,https://www.coltencare.co.uk,Nursing homes,Dorset,South West,Colten Care (1993) Limited
Greenfields,"Derby Road,Barnstaple",EX32 7EZ,1271343709,https://www.devon.gov.uk,Residential homes,Devon,South West,Devon County Council
Mapleton,"Ashburton Road,Newton Abbot",TQ12 1RB,1626353261,https://www.devon.gov.uk,Residential homes,Devon,South West,Devon County Council
Pine Park House,"Pine Park Road,Honiton",EX14 2HR,140442549,https://www.devon.gov.uk,Residential homes,Devon,South West,Devon County Council
Woodland Vale,"New Street,Torrington",EX38 8DL,1805622206,,Residential homes,Devon,South West,Devon County Council
Ashgreen House Residential and Nursing Home,"Sandbach Place,London",SE18 7EX,2083317240,https://www.sanctuary-care.co.uk/care-homes-london/ashgreen-house-residential-and-nursing-home,Nursing homes,Greenwich,London,Sanctuary Care Limited
Time Court Residential and Nursing Home,"Woodland Terrace,Charlton,London",SE7 8EX,2083018080,https://www.sanctuary-care.co.uk/care-homes-london/time-court-residential-and-nursing-home,Nursing homes,Greenwich,London,Sanctuary Care Limited
Beach Lawns Residential and Nursing Home,"67 Beach Road,Weston Super Mare",BS23 4BG,1934629578,https://www.sanctuary-care.co.uk/care-homes-south-and-south-west/beach-lawns-residential-and-nursing-home,Nursing homes,North Somerset,South West,Sanctuary Care Limited
Birchwood Residential Care Home,"406 Clayhall Avenue,Clayhall,Ilford",IG5 0TA,2085512400,https://www.sanctuary-care.co.uk/care-homes-east-and-south-east/birchwood-residential-care-home,Residential homes,Redbridge,London,Sanctuary Care Limited
Bradwell Court Residential Care Home,"Bradwell Grove,Congleton",CW12 3SA,1260281428,https://www.sanctuary-care.co.uk/care-homes-north/bradwell-court-residential-care-home,Residential homes,Cheshire East,North West,Sanctuary Care Limited
Broadmeadow Court Residential Care Home,"London Road,Chesterton,Stoke On Trent",ST5 7JG,1782561398,https://www.sanctuary-care.co.uk/care-homes-midlands/broadmeadow-court-residential-care-home,Residential homes,Staffordshire,West Midlands,Sanctuary Care Limited
Chadwell House Residential Care Home,"372 Chadwell Heath Lane,Chadwell Heath,Romford",RM6 4YG,2089838529,https://www.sanctuary-care.co.uk/care-homes-east-and-south-east/chadwell-house-residential-care-home,Residential homes,Redbridge,London,Sanctuary Care Limited
Forest Dene Residential Care Home,"48 Hermon Hill,Wanstead,London",E11 2AP,2089892311,https://www.sanctuary-care.co.uk/care-homes-london/forest-dene-residential-care-home,Residential homes,Redbridge,London,Sanctuary Care Limited
Furzehatt Residential and Nursing Home,"59 Furzehatt Road,Plymstock,Plymouth",PL9 8QX,1752484008,https://www.sanctuary-care.co.uk/care-homes-south-and-south-west/furzehatt-residential-and-nursing-home,Nursing homes,Plymouth,South West,Sanctuary Care Limited
Ivydene Residential and Nursing Home,"Staniforth Drive,Ivybridge",PL21 0UJ,1752894888,https://www.sanctuary-care.co.uk/care-homes-south-and-south-west/ivydene-residential-and-nursing-home,Nursing homes,Devon,South West,Sanctuary Care Limited
The Manse Residential Care Home,"11 South Norwood Hill,South Norwood,London",SE25 6AA,2087712832,https://www.sanctuary-care.co.uk/care-homes-london/manse-residential-care-home,Residential homes,Croydon,London,Sanctuary Care Limited
Meadows House Residential and Nursing Home,"95 Tudway Road,Kidbrooke,London",SE3 9YG,2083313080,https://www.sanctuary-care.co.uk/care-homes-london/meadows-house-residential-and-nursing-home,Nursing homes,Greenwich,London,Sanctuary Care Limited
Pinewood Residential Care Home,"96 Manford Way,Hainault,Ilford",IG7 4DA,2085008499,https://www.sanctuary-care.co.uk/care-homes-east-and-south-east/pinewood-residential-care-home,Residential homes,Redbridge,London,Sanctuary Care Limited
Riverlee Residential and Nursing Home,"Franklin Close,Off John Penn Street, Greenwich,London",SE13 7QT,2086947140,https://www.sanctuary-care.co.uk/care-homes-london/riverlee-residential-and-nursing-home,Nursing homes,Greenwich,London,Sanctuary Care Limited
The Rosary Nursing Home,"Mayfield Drive,Durleigh,Bridgwater",TA6 7JQ,1278727500,https://www.sanctuary-care.co.uk/care-homes-south-and-south-west/rosary-nursing-home,Nursing homes,Somerset,South West,Sanctuary Care Limited
The Winsor Nursing Home,"54 The Avenue,Minehead",TA24 5AW,1643707870,https://www.sanctuary-care.co.uk/care-homes-south-and-south-west/winsor-nursing-home,Nursing homes,Somerset,South West,Sanctuary Care Limited
Alexander House - Dover,"140-142 Folkestone Road,Dover",CT17 9SP,1304212949,https://www.njch.co.uk,Residential homes,Kent,South East,Nicholas James Care Homes Ltd
Walmer Care Centre,"8-10 Marine Road,Walmer,Deal",CT14 7DN,1304374928,https://www.njch.co.uk,Residential homes,Kent,South East,Nicholas James Care Homes Ltd
Dale Mount,"Dale Road,Southfleet",DA13 9NX,1474832461,https://www.njch.co.uk,Residential homes,Kent,South East,Nicholas James Care Homes Ltd
Dale Lodge,"Dale Road,Southfleet",DA13 9NX,1474834877,https://www.njch.co.uk,Residential homes,Kent,South East,Nicholas James Care Homes Ltd
Sheepwalk House,"39 Sheepwalk Lane,Ravenshead,Nottingham",NG15 9FD,1623797074,https://www.creativecare.org.uk,Residential homes,Nottinghamshire,East Midlands,Creative Care (East Midlands) Limited
Harvest View,"28 Harvest Road,Rowley Regis",B65 8EJ,1215697277,https://www.sandwell.gov.uk,Nursing homes,Sandwell,West Midlands,Sandwell Metropolitan Borough Council
Staffordshire County Council - 114 Douglas Road,"114 Douglas Road,Newcastle Under Lyme",ST5 9BJ,1782711041,https://www.staffordshire.gov.uk,Residential homes,Staffordshire,West Midlands,Staffordshire County Council
Greenfield House,"Greenfields House,Springfield Road,Leek",ST13 6LQ,1538385916,https://www.staffordshire.gov.uk,Residential homes,Staffordshire,West Midlands,Staffordshire County Council
Hawthorn House,"Burton Old Road West,Lichfield",WS13 6EN,1543252211,https://www.staffordshire.gov.uk,Residential homes,Staffordshire,West Midlands,Staffordshire County Council
Spring Gardens,"Westbourne Grove,Otley,Leeds",LS21 3LJ,1943464497,,Residential homes,Leeds,Yorkshire & Humberside,Leeds City Council
RecoveryHub@NorthwestLeeds,"Silver Lane,Yeadon,Leeds",LS19 7JN,1133783128,https://www.leeds.gov.uk/adult-social-care/care-delivery-service,Nursing homes|Residential homes,Leeds,Yorkshire & Humberside,Leeds City Council
Dolphin Manor,"Stonebrigg Lane,Rothwell,Leeds",LS26 0UD,1133367278,,Residential homes,Leeds,Yorkshire & Humberside,Leeds City Council
Sedgemoor Care Home,"41 Sedgemoor Road,Norris Green,Liverpool",L11 3BR,1512336320,,Residential homes,Liverpool,North West,Liverpool City Council
Granby Intermediate Care Hub,"50 Selbourne Street,Liverpool",L8 1YQ,1512338631,,Residential homes|Homecare agencies,Liverpool,North West,Liverpool City Council
Pennine View,"Addison Street,Accrington",BB5 6AG,1254233821,,Residential homes,Lancashire,North West,DHCH14 Limited
Hawthorn House,"St  Godrics Close,Durham",DH1 5PJ,3000266550,https://www.durham.gov.uk,Residential homes,County Durham,North East,Durham County Council
Orchard View,"1, Parsonage Lane,Rochester",ME2 4HP,1634725363,https://www.achievetogether.co.uk,Residential homes,Medway,South East,Achieve Together Limited
Rochester House,"221 Maidstone Road,Rochester",ME1 3BU,1634847682,https://www.achievetogether.co.uk,Residential homes,Medway,South East,Achieve Together Limited
The Regard Partnership Limited - Grove Road,"45 Grove Road,Sutton",SM1 2AW,2086422899,https://www.achievetogether.co.uk,Residential homes,Sutton,London,Achieve Together Limited
The Regard Partnership Limited - Vancouver Road,"23 Vancouver Road,Forrest Hill,London",SE23 2AG,2086993762,https://www.achievetogether.co.uk,Residential homes,Lewisham,London,Achieve Together Limited
Woodlands,"Well Park Road,Drakewalls,Gunnislake",PL18 9ED,1822832451,https://www.achievetogether.co.uk,Residential homes,Cornwall,South West,Achieve Together Limited
Two Wells,"Salisbury Street,Cranborne",BH21 5PU,1725517223,https://www.achievetogether.co.uk,Residential homes,Dorset,South West,Achieve Together Limited
York Road,"31 York Road,Sutton",SM2 6HL,2086426310,https://www.together-uk.org,Residential homes,Sutton,London,Together for Mental Wellbeing
Woodlands - Innova House CLD,"78-86 Forest Road,Mansfield",NG18 4BU,1623626252,https://www.innova-house.com,Residential homes,Nottinghamshire,East Midlands,Innova House Health Care Limited
Rowan - Innova House CLD,"93 Windsor Road,Mansfield",NG18 4BX,1623626252,https://www.innova-house.com,Residential homes,Nottinghamshire,East Midlands,Innova House Health Care Limited
Innova House -CBIR,"Innova House CBIR,Forest Avenue,Mansfield",NG18 4BX,1623626252,https://www.innova-house.com,Residential homes,Nottinghamshire,East Midlands,Innova House Health Care Limited
Eden Cottage,"6 The Oval,Dymchurch,Romney Marsh",TN29 0LR,1303872686,https://www.prioryadultcare.co.uk,Residential homes,Kent,South East,Lothlorien Community Limited
Maple House,"32 Julian Road,Folkestone",CT19 5HW,1303251618,https://www.prioryadultcare.co.uk,Residential homes,Kent,South East,Lothlorien Community Limited
Seabourne House,"61 Seabourne Way,Dymchurch,Romney Marsh",TN29 0PX,1303875154,https://www.prioryadultcare.co.uk,Residential homes,Kent,South East,Lothlorien Community Limited
Fountain Court,"Millpool Way,Bearwood,Smethwick",B66 4HW,1215652427,https://www.sandwell.gov.uk,Residential homes,Sandwell,West Midlands,Sandwell Metropolitan Borough Council
Choices Housing Association Limited - 2 Cowley Way,"Bentilee,Stoke On Trent",ST2 0RB,1782596047,https://www.choiceshousing.co.uk,Residential homes,Stoke-on-Trent,West Midlands,Choices Housing Association Limited
Choices Housing Association Limited - 20 Dairy Close,"20 Dairy Close,Leek",ST13 6LT,1538386762,https://www.choiceshousing.co.uk,Residential homes,Staffordshire,West Midlands,Choices Housing Association Limited
Choices Housing Association Limited - 5 Greenbrook Court,"St Michaels Road,Newcastle Under Lyme",ST5 9QB,1782628190,https://www.choiceshousing.co.uk,Residential homes,Staffordshire,West Midlands,Choices Housing Association Limited
Choices Housing Association Limited - 103 Heath Street,"Chesterton,Newcastle Under Lyme",ST5 7ND,1782563259,https://www.choiceshousing.co.uk,Residential homes,Staffordshire,West Midlands,Choices Housing Association Limited
Choices Housing Association Limited - 535 High Lane,"Stanfields,Stoke On Trent",ST6 7EP,1782862134,https://www.choiceshouisng.co.uk,Residential homes,Stoke-on-Trent,West Midlands,Choices Housing Association Limited
Choices Housing Association Limited - 63 Hoveringham Drive,"Berry Hill,Stoke On Trent",ST2 9PS,1782201766,https://www.choiceshousing.co.uk,Residential homes,Stoke-on-Trent,West Midlands,Choices Housing Association Limited
Choices Housing Association Limited - 17 Norton Avenue,"Stanfields,Stoke On Trent",ST6 7ER,1782819870,https://www.choicehousing.co.uk,Residential homes,Stoke-on-Trent,West Midlands,Choices Housing Association Limited
Choices Housing Association Limited - 40 Stafford Avenue,"Clayton,Newcastle Under Lyme",ST5 3BJ,1782630375,,Residential homes,Staffordshire,West Midlands,Choices Housing Association Limited
The Lodge,"Clayton Road,Newcastle Under Lyme",ST5 4AD,1782616961,https://www.choiceshousing.co.uk,Residential homes,Staffordshire,West Midlands,Choices Housing Association Limited
Alpha House - Huddersfield,"122 Halifax Old Road,Birkby,Huddersfield",HD2 2RW,1484422760,,Residential homes,Kirklees,Yorkshire & Humberside,Valeo Limited
Templefields,"Temple Road,Dewsbury",WF13 3QE,1924461056,,Residential homes,Kirklees,Yorkshire & Humberside,Valeo Limited
Trabel,"26-28 Cambridge Road,Huddersfield",HD1 5BU,1484535180,,Residential homes,Kirklees,Yorkshire & Humberside,Valeo Limited
Stocks Hall Nursing Home - Skelmersdale,"50C Whitemoss Road,Skelmersdale",WN8 8BL,1695555234,https://www.stockshall-care.co.uk,Nursing homes,Lancashire,North West,Stocks Hall Care Homes Limited
Stocks Hall Residential Home - Ormskirk,"76a Nursery Avenue,Ormskirk",L39 2DZ,1695579842,https://www.stockshall-care.co.uk,Residential homes|Rehabilitation (illness/injury),Lancashire,North West,Stocks Hall Care Homes Limited
Stocks Hall Nursing Home - Burscough,"251 Liverpool Road South,Burscough",L40 7RE,1704895667,https://www.stockshall-care.co.uk,Nursing homes|Rehabilitation (illness/injury),Lancashire,North West,Stocks Hall Care Homes Limited
Stocks Hall Care Home - St Helens,"6 Elderflower Road,Dentons Green,St Helens",WA10 6FP,1744733385,https://www.stockshall-care.co.uk,Nursing homes,St. Helens,North West,Stocks Hall Care Homes Limited
Andrew Smith House - Nelson,"Marsden Hall Road North,Nelson",BB9 8JN,1282613585,https://www.stockshall-care.co.uk,Nursing homes|Rehabilitation (illness/injury),Lancashire,North West,Stocks Hall Care Homes Limited
Carlton Road,"181-183 Carlton Road,Worksop",S81 7AD,1909473831,https://www.norsaca.org.uk,Residential homes,Nottinghamshire,East Midlands,Autism East Midlands
Beechwood,"60 Burlington Road,Sherwood,Nottingham",NG5 2GS,1159245893,https://www.norsaca.org.uk,Residential homes,Nottingham,East Midlands,Autism East Midlands
Tawny Lodge,"Brook Street,Selby",YO8 4AL,1609534393,https://www.northyorks.gov.uk,Residential homes,North Yorkshire,Yorkshire & Humberside,North Yorkshire Council
Bowburn Care Centre,"Durham Road,Bowburn,Durham",DH6 5AT,1913778214,https://www.stphilipscare.com,Residential homes,County Durham,North East,St Philips Care Limited
The Grove Care Centre,"14 Church Road,Skellingthorpe,Lincoln",LN6 5UW,1522500710,https://www.stphilipscare.com,Residential homes,Lincolnshire,East Midlands,St Philips Care Limited
Kirksanton Care Centre,"Kirksanton,Millom",LA18 4NN,1229772868,https://www.stphilipscare.com,Residential homes,Cumberland,North West,St Philips Care Limited
Pavilion Care Centre,"36 St Johns Road,Buxton",SK17 6XJ,129871422,https://www.stphilipscare.com,Residential homes,Derbyshire,East Midlands,St Philips Care Limited
Tunstall Hall Care Centre,"Tunstall Hall,Newcastle Road,Market Drayton",TF9 4AA,1630652774,https://www.stphilipscare.com,Residential homes,Shropshire,West Midlands,St Philips Care Limited
Barrow Hall Care Centre,"Wold Road,Barrow Upon Humber",DN19 7DQ,1469531281,https://www.stphilipscare.com,Nursing homes,North Lincolnshire,Yorkshire & Humberside,St Philips Care Limited
Canwick Court Care Centre,"78 South Park,Lincoln",LN5 8ES,1522544595,https://www.stphilipscare.com,Residential homes,Lincolnshire,East Midlands,St Philips Care Limited
Ridgeway Care Centre,"2-6 The Avenue,Lincoln",LN1 1PB,1522530552,https://www.stphilipscare.com,Residential homes,Lincolnshire,East Midlands,St Philips Care Limited
Welbourn Manor Care Centre,"High Street,Welbourn,Lincoln",LN5 0NH,1400272221,https://www.stphilipscare.com,Residential homes,Lincolnshire,East Midlands,St Philips Care Limited
Ditton Priors Care Centre,"Ashfield Road,Ditton Priors,Bridgnorth",WV16 6TW,1746712656,https://www.stphilipscare.com,Residential homes,Shropshire,West Midlands,St Philips Care Limited
Pine Trees Care Centre,"15 Horsepool Road,Connor Downs,Hayle",TR27 5DZ,1736753249,https://www.stphilipscare.com,Residential homes,Cornwall,South West,St Philips Care Limited
Burntwood Hall Care Centre,"Moor Lane,Brierley Common,Barnsley",S72 9HB,1226780222,https://www.stphilipscare.com,Residential homes,Barnsley,Yorkshire & Humberside,St Philips Care Limited
An Darach House,"22 School Lane,North Scarle",LN6 9EY,1522778851,https://www.kisimul.co.uk,Residential homes,Lincolnshire,East Midlands,Kisimul Group Limited
Ashwood Court Supportive Pathways,"Woodford Avenue,Lowton,Warrington",WA3 2RB,1942713065,https://www.makingspace.co.uk,Nursing homes|Hospitals - Mental health/capacity,Wigan,North West,Making Space
Syrian House,"Sandiway Road,Ashton-on-Mersey,Sale",M33 5AL,1925571680,https://www.makingspace.co.uk,Residential homes,Trafford,North West,Making Space
Greengate House,"Samuel Street,Nutgrove,St Helens",WA9 5LU,1744850029,https://www.makingspace.co.uk,Residential homes,St. Helens,North West,Making Space
Palmyra,"38 Great Georges Road,Waterloo,Liverpool",L22 1RD,1519490529,https://www.makingspace.co.uk,Residential homes,Sefton,North West,Making Space
Sherdley Court,"91 Rainhill Road,St Helens",L35 4PD,1925571680,https://www.makingspace.co.uk,Residential homes,St. Helens,North West,Making Space
Rivacre House,"47a Seymour Drive,Ellesmere Port",CH66 1LZ,1513569299,https://www.makingspace.co.uk,Residential homes,Cheshire West and Chester,North West,Making Space
Gatesgarth,"The Green,Little Broughton,Cockermouth",CA13 0YG,1900828487,https://www.c-i-c.co.uk,Residential homes,Cumberland,North West,Community Integrated Care
Norfolk Road,"14 Norfolk Road,Carlisle",CA2 5PQ,1228592515,https://www.c-i-c.co.uk,Residential homes,Cumberland,North West,Community Integrated Care
Allanby House,"Wedgewood Drive,Flimby,Maryport",CA15 8QX,1900819039,https://www.c-i-c.co.uk,Residential homes,Cumberland,North West,Community Integrated Care
Highcroft House,"7 Crown Lane,Crown Lane,Four Oaks",B74 4SU,1213539392,https://www.dignushealthcare.com,Residential homes,Birmingham,West Midlands,Dignus Healthcare Limited
Redmayne House,"Redmayne Close,off Station Road,Wigton",CA7 9AF,1697349313,https://www.c-i-c.co.uk,Residential homes,Cumberland,North West,Community Integrated Care
Rydal Mount,"Station Hill,Wigton",CA7 9BJ,1697349266,https://www.c-i-c.co.uk,Residential homes,Cumberland,North West,Community Integrated Care
Bankfield Road,"2a Bankfield Road,Widnes",WA8 7UN,1514205395,https://www.c-i-c.co.uk,Residential homes,Halton,North West,Community Integrated Care
Holmdale,"2a Company's Close,Weston Village,Runcorn",WA7 4NA,1928581448,https://www.c-i-c.co.uk,Residential homes,Halton,North West,Community Integrated Care
Elizabeth Road Care Home,"45 Elizabeth Road,Huyton,Knowsley",L36 0TG,1514430732,https://www.c-i-c.co.uk,Nursing homes,Knowsley,North West,Community Integrated Care
Bentinck Crescent,"39-40 Bentinck Crescent,Pegswood,Morpeth",NE61 6SX,1670511776,https://www.c-i-c.co.uk,Residential homes,Northumberland,North East,Community Integrated Care
Seaview House,"Crosscanonby,Maryport",CA15 6SJ,1900819041,https://www.c-i-c.co.uk,Residential homes,Cumberland,North West,Community Integrated Care
Summerson House,"29-31 Stone Street,Windy Nook,Gateshead",NE10 9RY,1914699611,https://www.c-i-c.co.uk,Residential homes,Gateshead,North East,Community Integrated Care
Positive Step,"Social Care Assessment unit,The Avenue, Bentley,Doncaster",DN5 0PS,1302734361,,Residential homes,Doncaster,Yorkshire & Humberside,Doncaster City Council
Wickett Hern Road,"123 Wickett Hern Road,Armthorpe,Doncaster",DN3 3TB,1302831969,,Residential homes,Doncaster,Yorkshire & Humberside,Doncaster City Council
Ammersall Court,"Amersall Road,Scawthorpe,Doncaster",DN5 9GB,1302734030,,Residential homes,Doncaster,Yorkshire & Humberside,Doncaster City Council
Clifton House,"1 Grantley Road,Boscombe,Bournemouth",BH5 1HW,1202393385,https://www.together-uk.org,Residential homes,"Bournemouth, Christchurch and Poole",South West,Together for Mental Wellbeing
Kings House,"1 Earle Road,Westbourne,Bournemouth",BH4 8JQ,1202764455,https://www.together-uk.org,Residential homes,"Bournemouth, Christchurch and Poole",South West,Together for Mental Wellbeing
Kirkgate House - Care Home,"18 Kirkgate,Bridlington",YO16 7JU,1262671185,https://www.hica-uk.com,Residential homes,East Riding of Yorkshire,Yorkshire & Humberside,H I C A
Overton House - Care Home,"The Garth,Cottingham,Hull",HU16 5BP,1482847328,https://www.hicagroup.co.uk,Residential homes,East Riding of Yorkshire,Yorkshire & Humberside,H I C A
Prospect House - Care Home,"Woodland Avenue,Goole",DN14 6RU,1405761026,https://www.hicagroup.co.uk,Residential homes,East Riding of Yorkshire,Yorkshire & Humberside,H I C A
Tamarix Lodge - Care Home,"142a Queen Street,Withernsea",HU19 2JT,1964615707,https://www.hica-uk.com,Residential homes,East Riding of Yorkshire,Yorkshire & Humberside,H I C A
The Birches - Care Home,"Grammar School Road,Brigg",DN20 8BB,1652652348,https://www.hicagroup.co.uk,Residential homes,North Lincolnshire,Yorkshire & Humberside,H I C A
Elm Tree Court - Care Home,"344 Preston Road,Hull",HU9 5HH,1482788447,https://www.hicagroup.co.uk,Residential homes,"Kingston upon Hull, City of",Yorkshire & Humberside,H I C A
The Hollies - Care Home,"Ferriby Road,Hessle",HU13 0HT,1482643293,https://www.hicagroup.co.uk,Residential homes,East Riding of Yorkshire,Yorkshire & Humberside,H I C A
Isaac Robinson Court - Care Home,"Lindsey Place,Arcon Drive,Hull",HU4 6AD,1482352950,https://www.hicagroup.co.uk,Residential homes,"Kingston upon Hull, City of",Yorkshire & Humberside,H I C A
Albemarle - Care Home,"Baxtergate,Hedon",HU12 8JN,1482896727,https://www.hicagroup.co.uk,Residential homes,East Riding of Yorkshire,Yorkshire & Humberside,H I C A
Padgate House,"Vulcan Close,Padgate,Warrington",WA2 0HL,1925821639,,Nursing homes,Warrington,North West,Warrington Borough Council
Poplars,"123 Regent Road,Hanley,Stoke On Trent",ST1 3BL,1782209410,,Residential homes,Stoke-on-Trent,West Midlands,Delam Care Limited
Mimosa,"4 Shirley Road,Hanley,Stoke On Trent",ST1 4DT,1782280838,,Residential homes,Stoke-on-Trent,West Midlands,Delam Care Limited
New Lodge,"971 Lightwood Road,Longton",ST3 7NE,1782388370,,Residential homes,Stoke-on-Trent,West Midlands,Delam Care Limited
Shamu,"126 Regent Road,Hanley,Stoke On Trent",ST1 3AY,1782284520,,Residential homes,Stoke-on-Trent,West Midlands,Delam Care Limited
The Cedars,"2 Harding Road,Hanley,Stoke On Trent",ST1 3BQ,1782269739,,Residential homes,Stoke-on-Trent,West Midlands,Delam Care Limited
The Hollies,"9 Shirley Road,Hanley,Stoke-on-Trent",ST1 3PF,1782205064,,Residential homes,Stoke-on-Trent,West Midlands,Delam Care Limited
Druid Stoke Care Home,"31 Druid Stoke Avenue,Stoke Bishop,Bristol",BS9 1DE,1179681854,,Nursing homes,"Bristol, City of",South West,Bupa Care Homes (ANS) Limited
Havelock Court Care Home,"6 Wynne Road,Stockwell,London",SW9 0BB,2079249236,,Nursing homes,Lambeth,London,Bupa Care Homes (ANS) Limited
Lynton Hall Care Home,"2 Lynton Road,New Malden",KT3 5EE,2089491765,https://www.bupa.co.uk,Nursing homes,Kingston upon Thames,London,Bupa Care Homes (ANS) Limited
Manley Court Care Home,"John Williams Close,Off Cold Blow Lane, New Cross,London",SE14 5XA,2076354600,,Nursing homes,Lewisham,London,Bupa Care Homes (ANS) Limited
The Priory Care Home,"1 Shelly Crescent,Monkspath,Shirley",B90 4XA,1217113480,,Nursing homes,Solihull,West Midlands,Bupa Care Homes (ANS) Limited
The Sidcup Care Home,"2-8 Hatherley Road,Sidcup",DA14 4BG,2083007711,,Nursing homes,Bexley,London,Bupa Care Homes (ANS) Limited
Woodend Care Home,"Bradgate Road,Altrincham",WA14 4QU,1619295127,,Nursing homes,Trafford,North West,Bupa Care Homes (ANS) Limited
Cleveland House Care Home,"2 Cleveland Road,Edgerton,Huddersfield",HD1 4PN,1484512323,,Nursing homes,Kirklees,Yorkshire & Humberside,Bupa Care Homes (GL) Limited
Harts House,"Harts Grove,Woodford Green",IG8 0BF,2085029111,,Nursing homes,Redbridge,London,Bupa Care Homes (GL) Limited
Lindley Grange Care Home,"Acre Street,Lindley,Huddersfield",HD3 3EJ,1484460557,,Nursing homes,Kirklees,Yorkshire & Humberside,Bupa Care Homes (GL) Limited
Mount Hall Care Home,"Flash Lane,Bollington Cross,Macclesfield",SK10 5AQ,1625574177,,Nursing homes,Cheshire East,North West,Bupa Care Homes (GL) Limited
Southlands Care Home,"9 Ripon Road,Harrogate",HG1 2JA,1423526203,,Nursing homes,North Yorkshire,Yorkshire & Humberside,Bupa Care Homes (GL) Limited
Parkview,"105 Woolwich Road,Bexleyheath",DA7 4LP,2083037889,https://www.avantepartnership.org.uk,Residential homes,Bexley,London,Avante Care and Support Limited
Somerhill Care Home,"Little Somerford,Chippenham",SN15 5BH,1666822363,,Nursing homes,Wiltshire,South West,Cedar Care Homes Limited
Belong Macclesfield Care Village,"Kennedy Avenue,Macclesfield",SK10 3DE,1625508700,https://www.belong.org.uk,Nursing homes,Cheshire East,North West,Belong Limited
Belong Wigan Care Village,"Millers Lane,Platt Bridge,Wigan",WN2 5DD,1942855600,https://www.belong.org.uk,Nursing homes,Wigan,North West,Belong Limited
The Mews,"336 Cowpen Road,Blyth",NE24 5ND,1670353103,https://www.voyagecare.com,Residential homes,Northumberland,North East,Voyage 1 Limited
St Philips Close,"1 St Philips Close,Leeds",LS10 3TR,1132778069,https://www.voyagecare.com,Residential homes,Leeds,Yorkshire & Humberside,Voyage 1 Limited
Sunnyside Respite Service,"19 The Crescent West,Sunnyside,Rotherham",S66 3RE,1709532145,https://www.voyagecare.com,Nursing homes,Rotherham,Yorkshire & Humberside,Voyage 1 Limited
Talbot Court,"1-3 Jervoise Street,Carters Green,West Bromwich",B70 9LZ,1215253508,https://www.voyagecare.com,Nursing homes,Sandwell,West Midlands,Voyage 1 Limited
36 West Street,"Wombwell,Barnsley",S73 8LA,1226757269,https://www.voyagecare.com,Residential homes,Barnsley,Yorkshire & Humberside,Voyage 1 Limited
Westwood House,"Belmont Crescent,Old Town,Swindon",SN1 4EY,1793542069,https://www.voyagecare.com,Residential homes,Swindon,South West,Voyage 1 Limited
Woodham Lodge,"Burn Lane,Newton Aycliffe",DL5 4PJ,1325319899,https://www.voyagecare.com,Residential homes,County Durham,North East,Voyage 1 Limited
20 Towngate East,"Market Deeping,Peterborough",PE6 8DR,1778342091,https://www.voyagecare.com,Residential homes,Lincolnshire,East Midlands,Voyage 1 Limited
23 Cecil Road,"23 Cecil Road,Dronfield",S18 2GW,1246291673,https://www.voyagecare.com,Residential homes,Derbyshire,East Midlands,Voyage 1 Limited
45 Hall Green Road,"Hall Green,Hall Green Road,West Bromwich",B71 3JS,1215884560,https://www.voyagecare.com,Residential homes,Sandwell,West Midlands,Voyage 1 Limited
London Road,"46 London Road,Gloucester",GL1 3NZ,1452380835,https://www.voyagecare.com,Residential homes,Gloucestershire,South West,Voyage 1 Limited
48 Heath Road,"Holmewood,Chesterfield",S42 5SW,1246857620,https://www.voyagecare.com,Residential homes,Derbyshire,East Midlands,Voyage 1 Limited
66 Dudley Street,"Dudley Street,West Bromwich",B70 9LU,1215253900,https://www.voyagecare.com,Residential homes,Sandwell,West Midlands,Voyage 1 Limited
23 Church Street,"Market Warsop,Mansfield",NG20 0AU,1623840000,https://www.voyagecare.com,Residential homes,Nottinghamshire,East Midlands,Voyage 1 Limited
Dove House,"Derby Road,Doveridge,Ashbourne",DE6 5JR,1889565141,https://www.voyagecare.com,Residential homes,Derbyshire,East Midlands,Voyage 1 Limited
Derwent Cottage,"27 Eastgate,Seamer,Scarborough",YO12 4RB,1723866146,https://www.voyagecare.com,Residential homes,North Yorkshire,Yorkshire & Humberside,Voyage 1 Limited
Elliott House,"Rotherham Road,Great Houghton,Barnsley",S72 0EG,1226756319,https://www.voyagecare.com,Residential homes,Barnsley,Yorkshire & Humberside,Voyage 1 Limited
Coombe Road,"82 Coombe Road,Croydon",CR0 5RA,2086818078,https://www.voyagecare.com,Residential homes,Croydon,London,Voyage 1 Limited
Fairfax Road,"19 Fairfax Road,Leeds",LS11 8SY,1132778842,https://www.voyagecare.com,Residential homes,Leeds,Yorkshire & Humberside,Voyage 1 Limited
Fenney Lodge,"St Mary's Drive,Catcliffe,Rotherham",S60 5TN,1709838360,https://www.voyagecare.com,Residential homes,Rotherham,Yorkshire & Humberside,Voyage 1 Limited
Five Penny House,"Westbourne Road,Hartlepool",TS25 5RE,1429276087,https://www.voyagecare.com,Residential homes,Hartlepool,North East,Voyage 1 Limited
Garfield Grange,"Lelley Road,Preston,Hull",HU12 8TX,1482896230,https://www.voyagecare.com,Residential homes,East Riding of Yorkshire,Yorkshire & Humberside,Voyage 1 Limited
Greenfield Lodge,"152A Stockton Road,Hartlepool",TS25 5BQ,1429232892,https://www.voyagecare.com,Residential homes,Hartlepool,North East,Voyage 1 Limited
Hemlington Hall,"Nuneaton Drive,Hemlington,Middlesbrough",TS8 9DA,1642594751,https://www.voyagecare.com,Residential homes,Middlesbrough,North East,Voyage 1 Limited
Hepdene House,"Halifax Road,Sandbed,Hebden Bridge",HX7 6PT,1422846646,https://www.voyagecare.com,Residential homes,Calderdale,Yorkshire & Humberside,Voyage 1 Limited
Hutton Avenue,"13 Hutton Avenue,Hartlepool",TS26 9PW,1429854294,https://www.voyagecare.com,Nursing homes,Hartlepool,North East,Voyage 1 Limited
Welland House - Occupation Road,"1 George Hattersley Court,Occupation Road,Corby",NN17 1EA,1536403817,https://www.voyagecare.com,Residential homes,North Northamptonshire,East Midlands,Voyage 1 Limited
Orchard Leigh,"Hayden Road,Cheltenham",GL51 0SN,1242523848,https://www.voyagecare.com,Residential homes|Homecare agencies,Gloucestershire,South West,Voyage 1 Limited
Peacock Hay,"Peacock Hay Road,Talke,Stoke On Trent",ST7 1UN,1782786918,https://www.voyagecare.com,Residential homes,Staffordshire,West Midlands,Voyage 1 Limited
Phoenix House,"318 Station Road,Trowbridge",BA14 6RD,1225783127,https://www.voyagecare.com,Residential homes,Wiltshire,South West,Voyage 1 Limited
Rhodelands,"Babbs Lane,Doveridge",DE6 5JT,1889562815,https://www.voyagecare.com,Residential homes,Derbyshire,East Midlands,Voyage 1 Limited
Rivelin House,"498 Bellhouse Road,Sheffield",S5 0RG,1142577911,https://www.voyagecare.com,Nursing homes,Sheffield,Yorkshire & Humberside,Voyage 1 Limited
Rivers,"Blyth Road,Oldcotes,Worksop",S81 8HU,1909731429,https://www.voyagecare.com,Residential homes,Nottinghamshire,East Midlands,Voyage 1 Limited
Riverside & Roseberry Lodge,"North Ormesby Road,Middlesbrough",TS4 2AF,1642247873,https://www.voyagecare.com,Residential homes,Middlesbrough,North East,Voyage 1 Limited
Saxon Lodge,"South Road,Norton,Stockton On Tees",TS20 2TB,1642553795,https://www.voyagecare.com,Residential homes,Stockton-on-Tees,North East,Voyage 1 Limited
South Highnam,"Park Avenue,Hartlepool",TS26 0DZ,1429864848,https://www.voyagecare.com,Residential homes,Hartlepool,North East,Voyage 1 Limited
Ten Acre Respite Service,"89 Ten Acre Road,Kimberworth Park Road,Rotherham",S61 3RW,1709558639,https://www.voyagecare.com,Nursing homes,Rotherham,Yorkshire & Humberside,Voyage 1 Limited
The Granary,"Church Lane,Brandesburton,Driffield",YO25 8QZ,1964543332,https://www.voyagecare.com,Residential homes,East Riding of Yorkshire,Yorkshire & Humberside,Voyage 1 Limited
The Legard,"Wivern Road,Hull",HU9 4HS,1482781039,https://www.voyagecare.com,Residential homes,"Kingston upon Hull, City of",Yorkshire & Humberside,Voyage 1 Limited
429 Warwick Road,"Solihull,Birmingham",B91 1BD,1217044563,https://www.voyagecare.com,Residential homes,Solihull,West Midlands,Voyage 1 Limited
514 Arnold Road,"Bestwood,Nottingham",NG5 5HN,1159608091,https://www.voyagecare.com,Residential homes,Nottingham,East Midlands,Voyage 1 Limited
Bethia Cottage,"Lelley Road,Preston,Hull",HU12 8TX,1482891108,https://www.voyagecare.com,Residential homes,East Riding of Yorkshire,Yorkshire & Humberside,Voyage 1 Limited
Bridge Court Bungalow,"High Street,Normanby,Middlesbrough",TS6 0LD,1642463356,https://www.voyagecare.com,Residential homes,Redcar and Cleveland,North East,Voyage 1 Limited
Barnford House,"81 Dog Kennel Lane,Oldbury",B68 9LZ,1215446715,https://www.voyagecare.com,Residential homes,Sandwell,West Midlands,Voyage 1 Limited
Byards Keep,"Greylees,Sleaford",NG34 8XT,1529488931,https://www.voyagecare.com,Residential homes,Lincolnshire,East Midlands,Voyage 1 Limited
The Oaks,"91 Hennel Lane,Walton-le-Dale,Preston",PR5 4LE,1772324515,https://www.prioryadultcare.co.uk,Residential homes,Lancashire,North West,Progress Adult Services Limited
Barton Cottage,"The Cottage Wing, Barton Health & Community Care Centre,Short Lane, Barton under Needwood,Burton On Trent",DE13 8LT,1283714110,https://www.shaw.co.uk,Nursing homes|Rehabilitation (illness/injury),Staffordshire,West Midlands,Shaw Healthcare Limited
Orchard Place,"Leadon Bank,Orchard Lane,Ledbury",HR8 1BY,1531632657,https://www.shaw.co.uk,Residential homes,"Herefordshire, County of",West Midlands,Shaw Healthcare Limited
Orchard House,"The Walk,Withington",HR1 3PR,1432850671,https://www.shaw.co.uk,Residential homes,"Herefordshire, County of",West Midlands,Shaw Healthcare Limited
Waverley House,"Etnam Street,Leominster",HR6 8AQ,1568612126,https://www.shaw.co.uk,Nursing homes|Residential homes|Rehabilitation (illness/injury),"Herefordshire, County of",West Midlands,Shaw Healthcare Limited
New Stead House,"Kirkleatham Street,Redcar",TS10 1QR,1642485014,https://www.prioryadultcare.co.uk,Residential homes,Redcar and Cleveland,North East,Parkcare Homes (No.2) Limited
Ecclesholme,"Vicars Street,Eccles,Manchester",M30 0DG,1617889517,https://www.franklincaregroup.co.uk,Residential homes,Salford,North West,Franklin Care Group Limited
Dragonby Road,"15 - 27  Dragonby Road,Scunthorpe",DN17 2LD,1724706994,https://www.hesleygroup.co.uk,Residential homes,North Lincolnshire,Yorkshire & Humberside,The Hesley Group Limited
Meadowfold Hyndburn Ribble Valley Short Break,"Blackburn Old Road,,Great Harwood,Blackburn",BB6 7UW,,,Residential homes,Lancashire,North West,Lancashire County Council
Bonsall View,"Arboretum House,Morleston Street,Derby",DE23 8FL,7812300075,,Residential homes,Derby,East Midlands,Derby City Council
Eve Belle,"Nevendon Road,Wickford,Essex",SS12 0QH,1268435118,https://www.sandersseniorliving.co.uk,Residential homes,Essex,East,Sanders Senior Living Limited
Canterbury Adult Support Unit,"88 Whitstable Road,Canterbury",CT2 8ED,1227454020,https://www.kent.gov.uk,Residential homes,Kent,South East,Kent County Council
Gravesham Place Integrated Care Centre,"Stuart Road,Gravesend",DA11 0BY,1474360500,https://www.kent.gov.uk,Residential homes,Kent,South East,Kent County Council
Southfields,"Stanhope Road,Ashford",TN23 5RW,1233620256,https://www.kent.gov.uk,Residential homes,Kent,South East,Kent County Council
Broadmeadow,"Park Farm Road,Folkestone",CT19 5DN,3000412626,https://www.kent.gov.uk,Residential homes|Rehabilitation (illness/injury),Kent,South East,Kent County Council
Cherrywood House,"6 Eastfield Park,Weston Super Mare",BS23 2PE,1934621438,https://www.prioryadultcare.co.uk,Residential homes,North Somerset,South West,Parkcare Homes (No.2) Limited
Eastleigh House,"First Drive,Dawlish Road,Teignmouth",TQ14 8TJ,1626773310,https://www.prioryadultcare.co.uk,Residential homes,Devon,South West,Parkcare Homes (No.2) Limited
Hobbits Holt,"156 Ruspidge Road,Cinderford,Gloucester",GL14 3AP,1594823554,https://www.prioryadultcare.co.uk,Residential homes,Gloucestershire,South West,Parkcare Homes (No.2) Limited
Mar Lodge,"26 Nottingham Road,Melton Mowbray",LE13 0NP,1664560302,https://www.prioryadultcare.co.uk,Residential homes,Leicestershire,East Midlands,Parkcare Homes (No.2) Limited
Oaklands,"87 Burton Road,Derby",DE1 1TJ,1332242770,https://www.prioryadultcare.co.uk,Residential homes|Homecare agencies,Derby,East Midlands,Parkcare Homes (No.2) Limited
The Old Vicarage,"250a Fishponds Road,Fishponds,Bristol",BS5 6PY,1179512525,https://www.prioryadultcare.co.uk,Residential homes,"Bristol, City of",South West,Parkcare Homes (No.2) Limited
Primrose Villa,"250 Fishponds Road,Eastville,Bristol",BS5 6PX,1179519481,https://www.prioryadultcare.co.uk,Residential homes,"Bristol, City of",South West,Parkcare Homes (No.2) Limited
Red House,"65 Ruspidge Road,Cinderford",GL14 3AW,1594822100,https://www.prioryadultcare.co.uk,Residential homes,Gloucestershire,South West,Parkcare Homes (No.2) Limited
Stable Cottage,"Upper Moraston,Sellack,Ross On Wye",HR9 6RE,1989730491,https://www.prioryadultcare.co.uk,Residential homes,"Herefordshire, County of",West Midlands,Parkcare Homes (No.2) Limited
Tithe Barn,"Upper Moraston,Sellack,Ross On Wye",HR9 6RE,1989730491,https://www.prioryadultcare.co.uk,Residential homes,"Herefordshire, County of",West Midlands,Parkcare Homes (No.2) Limited
Beechcroft Nursing and Residential Home,"Lapwing Grove,Palacefields,Runcorn",WA7 2TP,1928718141,,Nursing homes,Halton,North West,Landona House Limited
Park View,"100-104 County Road North,Hull",HU5 4HL,1482448911,https://www.hullcc.gov.uk,Residential homes,"Kingston upon Hull, City of",Yorkshire & Humberside,Kingston upon Hull City Council
Pennine Resource Centre,"Pennine Way,North Bransholme,Hull",HU7 5EH,1482612307,https://www.hullcc.gov.uk,Residential homes,"Kingston upon Hull, City of",Yorkshire & Humberside,Kingston upon Hull City Council
Blossoms,"20 Swans Pool Parade,Wellingborough",NN8 2BZ,1933273920,https://www.consensussupport.com,Residential homes,North Northamptonshire,East Midlands,Consensus Support Services Limited
Ellsworth House,"Fosseway,Midsomer Norton,Radstock",BA3 4AU,1761404550,https://www.consensussupport.com,Residential homes,Bath and North East Somerset,South West,Consensus Support Services Limited
Gretton House,"3 High Street,Gretton,Corby",NN17 3DE,1536770325,https://www.grettonhomes.co.uk,Residential homes,North Northamptonshire,East Midlands,Consensus Support Services Limited
Haydock House,"89 Rockingham Road,Kettering",NN16 9HX,1536517080,https://www.grettonhomes.co.uk,Residential homes,North Northamptonshire,East Midlands,Consensus Support Services Limited
Heatherington House,"5 London Road,Kettering",NN16 0EF,1536411064,https://www.grettonhomes.co.uk,Residential homes,North Northamptonshire,East Midlands,Consensus Support Services Limited
The Heathers,"76 Rockingham Road,Kettering",NN16 9AA,1536483176,https://www.consensussupport.com,Residential homes,North Northamptonshire,East Midlands,Consensus Support Services Limited
Heather Holmes Care Home,"64 Rushton Road,Desborough,Kettering",NN14 2QD,1536760418,https://www.consensussupport.com,Residential homes,North Northamptonshire,East Midlands,Consensus Support Services Limited
Parvale House,"223 Rockingham Road,Kettering",NN16 9JB,1536484970,https://www.grettonhomes.co.uk,Residential homes,North Northamptonshire,East Midlands,Consensus Support Services Limited
Perrywood House,"78 Rockingham Road,Kettering",NN16 9AA,1536522151,https://www.grettonhomes.co.uk,Residential homes,North Northamptonshire,East Midlands,Consensus Support Services Limited
Smythe House,"72 St Peters Avenue,Kettering",NN16 0HB,1536520528,https://www.grettonhomes.co.uk,Residential homes,North Northamptonshire,East Midlands,Consensus Support Services Limited
Consensus Support Services Limited - 121 Station Road,"121 Station Road,Burton Latimer,Kettering",NN15 5PA,1536723425,https://www.consensussupport.com,Residential homes,North Northamptonshire,East Midlands,Consensus Support Services Limited
Jendot,"3 Little Field,Abbeymead,Gloucester",GL4 4QS,1452535963,https://www.dandlsupport.co.uk,Residential homes,Gloucestershire,South West,D & L Support Ltd
Tomlen,"33 Streamside,Tuffley",GL4 0TA,1452528264,https://dandlsupport.co.uk,Residential homes,Gloucestershire,South West,D & L Support Ltd
Rebe,"41 Holbeach Drive,Kingsway",GL2 2BF,1452722125,https://www.cardellcare.co.uk,Residential homes,Gloucestershire,South West,D & L Support Ltd
Machlo,"17 Windmill Field,Abbeymead,Gloucester",GL4 4RQ,1452372403,https://dandlsupport.co.uk,Residential homes,Gloucestershire,South West,D & L Support Ltd
Holicote,"93 Newton Lane,Darlington",DL3 9HH,1325469707,,Residential homes,Darlington,North East,Darlington Borough Council
Regency Park,"6 Regency Park,Widnes",WA8 9PH,1925759162,,Residential homes,Halton,North West,Bright Futures Care Limited
Cross Park House,"Monksbridge Road,Brixham",TQ5 9NB,1803856619,https://www.stone-haven.co.uk,Residential homes,Torbay,South West,Stonehaven (Healthcare) Ltd
Chollacott House Nursing Home,"61 Whitchurch Road,Tavistock",PL19 9BD,1822612811,https://www.stone-haven.co.uk,Nursing homes,Devon,South West,Stonehaven (Healthcare) Ltd
Bluebell House,"47 Atlantic Way,Westward Ho,Bideford",EX39 1JD,1237475001,https://www.stone-haven.co.uk,Residential homes,Devon,South West,Stonehaven (Healthcare) Ltd
Kent House,"George Street,Okehampton",EX20 1HR,183752568,https://www.stone-haven.co.uk,Residential homes,Devon,South West,Stonehaven (Healthcare) Ltd
Abbott House - Oundle,"Glapthorn Road,Oundle",PE8 4JA,1832277650,https://www.shaw.co.uk,Residential homes,North Northamptonshire,East Midlands,Shaw Healthcare (de Montfort) Limited
Lancum House,"Bush Close,Hardwick Road,Wellingborough",NN8 3GL,1933445770,https://www.shaw.co.uk,Residential homes,North Northamptonshire,East Midlands,Shaw Healthcare (de Montfort) Limited
Sandalwood Court,"Butland Road,Oakley Vale,Corby",NN18 8QA,1536424040,https://www.shaw.co.uk,Residential homes,North Northamptonshire,East Midlands,Shaw Healthcare (de Montfort) Limited
Thorndale,"Malham Drive,Kettering",NN16 9FW,1536526380,https://www.shaw.co.uk,Residential homes,North Northamptonshire,East Midlands,Shaw Healthcare (de Montfort) Limited
Poplar Lodge,"Wards End,Tow Law,Bishop Auckland",DL13 4JS,1388730451,,Residential homes,County Durham,North East,Aspire Healthcare Limited
Westholme,"61 Station Road,Stanley",DH9 0JP,1207233386,,Residential homes,County Durham,North East,Aspire Healthcare Limited
Handley House,"Green Lane,Clifton,York",YO30 5QX,1904221040,https://www.idealcarehomes.co.uk,Residential homes,York,Yorkshire & Humberside,Ideal Carehomes Limited
Rosewood House,"55 Westbury Road,Westbury-on-Trym,Bristol",BS9 3AS,1179622331,https://www.ablecare-homes.co.uk,Residential homes,"Bristol, City of",South West,Ablecare Homes Limited
Crossley House,"109 High Street,Winterbourne,Bristol",BS36 1RF,1454777363,https://www.ablecare-homes.co.uk,Residential homes,South Gloucestershire,South West,Ablecare Homes Limited
Hengrove Lodge,"29 Petherton Road,Hengrove,Bristol",BS14 9BX,1275833006,https://www.ablecare-homes.co.uk,Residential homes,"Bristol, City of",South West,Ablecare Homes Limited
Whitegates Respite,"White Gates,Sparken Hill,Worksop",S80 1AP,,https://www.aem.org.uk,Residential homes,Nottinghamshire,East Midlands,Autism East Midlands
Nightingale House Care Centre,"Main Road,Bucknall,Lincoln",LN10 5DT,1526388261,https://www.halcyoncare.co.uk,Residential homes,Lincolnshire,East Midlands,Knightingale Care Limited
Creative Support - Leonora Street,"20 Leonora Street,Burslem,Stoke On Trent",ST6 3BS,1782817655,https://www.creativesupport.co.uk,Residential homes,Stoke-on-Trent,West Midlands,Creative Support Limited
Creative Support - Ulverston Autism Service,"18 Victoria Road,Ulverston",LA12 0EP,1229582976,https://www.creativesupport.co.uk,Residential homes,Westmorland and Furness,North West,Creative Support Limited
The Bungalow,"115 Cross Keys Lane,Hadley,Telford",TF1 5LR,1952256465,,Residential homes,Telford and Wrekin,West Midlands,CareTech Community Services Limited
The Crescent,"48 Castle Street,Hadley,Telford",TF1 5RA,,,Residential homes,Telford and Wrekin,West Midlands,CareTech Community Services Limited
Caretech Community Services Ltd - Danzey Green,"41-45 Danzey Green,Castle Bromwich,Birmingham",B36 9EE,1217301781,,Residential homes,Solihull,West Midlands,CareTech Community Services Limited
Faycroft,"New Street,St George's,Telford",TF2 9AP,1952616515,,Residential homes,Telford and Wrekin,West Midlands,CareTech Community Services Limited
CareTech Community Services Limited - 25 Garrads Road,"25 Garrads Road,Streatham,London",SW16 1JS,2088358173,https://www.caretech-uk.com/,Residential homes,Lambeth,London,CareTech Community Services Limited
CareTech Community Services Limited - 34 Porthill Bank,"34-36 Porthill Bank,Porthill,Newcastle Under Lyme",ST5 0AA,1782612223,,Residential homes,Staffordshire,West Midlands,CareTech Community Services Limited
CareTech Community Services Limited - 7 Russell Hill,"Russell Villa,7 Russell Hill,Purley",CR8 2JB,2087634301,,Residential homes,Croydon,London,CareTech Community Services Limited
Vancouver Road,"16 Vancouver Road,Forest Hill,London",SE23 2AF,2086997983,https://www.caretech-uk.com,Residential homes,Lewisham,London,CareTech Community Services Limited
Vosse Court,"12 Vosse Court,Streatham,London",SW16 3BS,2087659934,,Residential homes,Lambeth,London,CareTech Community Services Limited
Lonsdale Midlands Ltd - Walmley Road,"189d Walmley Road,Walmley,Sutton Coldfield",B76 1PX,1213130879,,Residential homes,Birmingham,West Midlands,Lonsdale Midlands Limited
CareTech Community Services Limited - 19 Wheelwright Road,"19 Wheelwright Road,Erdington,Birmingham",B24 8PA,1213504383,,Residential homes,Birmingham,West Midlands,CareTech Community Services Limited
Caretech Community Services Ltd - Yorkminster Drive,"1-5 Yorkminster Drive,Chelmsley Wood,Birmingham",B37 7UG,1217882763,,Residential homes,Solihull,West Midlands,CareTech Community Services Limited
Lonsdale Midlands Ltd - Bushwood Road,"18 Bushwood Road,Weoley Castle,Birmingham",B29 5AR,1214713871,,Residential homes,Birmingham,West Midlands,Lonsdale Midlands Limited
Lonsdale Midlands Ltd - Yardley Fields,"233 Yardley Fields Road,Stetchford,Birmingham",B33 8RN,,,Residential homes,Birmingham,West Midlands,Lonsdale Midlands Limited
703 Burton Road,"703 Burton Road,Midway,Swadlincote",DE11 0DL,1283216301,https://www.voyagecare.com,Residential homes,Derbyshire,East Midlands,Voyage 1 Limited
183 Ashby Road,"183 Ashby Road,Burton on Trent",DE15 0LB,1283533822,https://www.voyagecare.com,Residential homes,Staffordshire,West Midlands,Voyage 1 Limited
46 Derby Road,"46 Derby Road,Burton on Trent",DE14 1RP,1283516341,https://www.voyagecare.com,Residential homes,Staffordshire,West Midlands,Voyage 1 Limited
50 Burton Road,"50 Burton Road,Branston,Burton on Trent",DE14 3DN,1283512766,https://www.voyagecare.com,Residential homes,Staffordshire,West Midlands,Voyage 1 Limited
Cherry Trees,"28 Berrow Road,Burnham On Sea",TA8 2EX,1278792962,https://www.autism.org.uk,Residential homes,Somerset,South West,National Autistic Society (The)
Pinecroft and Bristol Outreach,"Gloucester Road,Alveston,Thornbury",BS35 3RG,1454417658,https://www.autism.org.uk,Residential homes,South Gloucestershire,South West,National Autistic Society (The)
Wessex House,"21-25 Behind Berry,Somerton",TA11 7PB,1458273594,https://www.somersetcare.co.uk,Nursing homes,Somerset,South West,Somerset Care Limited
Colwill Lodge,"Leypark Walk,Estover,Plymouth",PL6 8UE,1752768646,,Residential homes,Plymouth,South West,Plymouth City Council
Woodland View Care Home,"Woodland Way,Droitwich",WR9 7GP,1905917358,https://www.idealcarehomes.co.uk,Residential homes,Worcestershire,West Midlands,Ideal Carehomes (Number One) Limited
Sheffield City Council - 136d Warminster Road Short Breaks,"136d Warminster Road,Sheffield",S8 8PQ,1142583304,https://www.sheffield.gov.uk,Residential homes,Sheffield,Yorkshire & Humberside,Sheffield City Council
Katherine House,"91-93 Sutton Road,Erdington,Birmingham",B23 5XA,1213509578,,Residential homes,Birmingham,West Midlands,Pharos Care Limited
Sutton House,"79 Sutton Road,Erdington,Birmingham",B23 5XA,1213778900,,Residential homes,Birmingham,West Midlands,Pharos Care Limited
Consort Close - Bollington,"2, 3 and 4 Consort Close,Bollington,Macclesfield",SK10 5FB,1565640109,https://www.davidlewis.org.uk,Residential homes,Cheshire East,North West,The David Lewis Centre
Station Road - Holmes Chapel,"5 Station Road,Holmes Chapel",CW4 7AU,1565640131,https://www.davidlewis.org.uk,Residential homes,Cheshire East,North West,The David Lewis Centre
Westbury Drive - Macclesfield,"19 Westbury Drive,Macclesfield",SK11 8LR,1565640010,https://www.davidlewis.org.uk,Residential homes,Cheshire East,North West,The David Lewis Centre
Mill Lane - Macclesfield,"94-96 Mill Lane,Macclesfield",SK11 7NR,1565640070,https://www.davidlewis.org.uk,Residential homes,Cheshire East,North West,The David Lewis Centre
Church View,"Longnor,Shrewsbury",SY5 7PP,1743872250,https://www.condovercollege.co.uk,Residential homes,Shropshire,West Midlands,Condover College Limited
Overstone House Care Home,"Ouiston Way,Overstone,Northampton",NN6 0FU,1604931442,https://www.overstonehousecarehome.co.uk,Residential homes,West Northamptonshire,East Midlands,Anchor Hanover Group
Arkwright House Care Home,"23 Ivor Street,Rochdale",OL11 3JA,,https://www.bloomcare.co.uk,Residential homes,Rochdale,North West,Wellington Healthcare (Arden) Ltd
Brookfield House Care Home,"23 Ivor Street,Rochdale",OL11 3JA,1706712377,https://www.bloomcare.co.uk,Residential homes,Rochdale,North West,Wellington Healthcare (Arden) Ltd
Garfield House Care Home,"23 Ivor Street,Rochdale",OL11 3JA,1706712377,https://www.bloomcare.co.uk,Residential homes,Rochdale,North West,Wellington Healthcare (Arden) Ltd
Linden House Care Home,"23 Ivor Street,Rochdale",OL11 3JA,1706712377,https://www.bloomcare.co.uk,Nursing homes,Rochdale,North West,Wellington Healthcare (Arden) Ltd
Rakewood House Care Home,"22 Ivor Street,Rochdale",OL11 3JA,1706712377,https://www.bloomcare.co.uk,Nursing homes,Rochdale,North West,Wellington Healthcare (Arden) Ltd
Wharfeside,"Westgate,Otley",LS21 3AT,,,Residential homes,Leeds,Yorkshire & Humberside,Anchor Hanover Group
Heightlea,"Old Falmouth Road,Truro",TR1 2HN,1872263344,https://www.salutemcareandeducation.co.uk,Residential homes,Cornwall,South West,Modus Care Limited
Rosewin,"16 Gwinear Road,Connor Downs,Hayle",TR27 5JQ,1209613088,https://www.salutemcareandeducation.co.uk,Residential homes,Cornwall,South West,Modus Care Limited
Silverdale,"10 Trewirgie Road,Redruth",TR15 2SP,1209217585,https://www.salutemcareandeducation.co.uk,Residential homes,Cornwall,South West,Modus Care Limited
The Beach,"Alexandra Road,Newquay",TR7 3NB,1637854942,https://www.salutemcareandeducation.co.uk,Residential homes,Cornwall,South West,Modus Care Limited
Rosehill House,"Ladock,Truro",TR2 4PQ,1726883776,https://www.salutemcareandeducation.co.uk,Residential homes,Cornwall,South West,Modus Care Limited
Menna House,"Menna,Grampound Road,Truro",TR2 4HA,1726883478,https://www.salutemcareandeducation.co.uk,Residential homes,Cornwall,South West,Modus Care Limited
The Mowhay,"Coosebean,Kenwyn,Truro",TR4 9EA,,https://www.salutemcareandeducation.co.uk,Residential homes,Cornwall,South West,Modus Care Limited
De Brook Lodge,"110 Irlam Road,Flixton,Manchester",M41 6NA,1617559750,https://www.idealcarehomes.co.uk,Residential homes,Trafford,North West,Ideal Carehomes (Number One) Limited
Alexandra Way Residential Care Home,"3 Alexandra Way,Thornbury",BS35 1LA,1454866172,,Residential homes,South Gloucestershire,South West,South Gloucestershire Council
Eastwood House Care Home,"Eastwood House,Doncaster Road,Rotherham",S65 2BL,1709363093,,Residential homes,Rotherham,Yorkshire & Humberside,Knightingale Care Limited
Living Ambitions Limited - 231 Stafford Road,"231 Stafford Road,Wallington",SM6 9BX,2086471271,https://www.livingambitions.co.uk,Residential homes,Sutton,London,Living Ambitions Limited
Living Ambitions Limited - 89 Grosvenor Avenue,"89 Grosvenor Avenue,Carshalton",SM5 3EN,2086473912,https://www.livingambitions.co.uk,Residential homes,Sutton,London,Living Ambitions Limited
Streets Meadow,"Hanham Road,Wimborne",BH21 1AS,1202884620,,Residential homes,Dorset,South West,Care Dorset Limited
Sovereign Lodge Care Home,"Newbiggin Lane,Newcastle Upon Tyne",NE5 1NA,,,Residential homes,Newcastle upon Tyne,North East,Mariposa Care Group Limited
Sovereign Court,"Newbiggin Lane,Newcastle Upon Tyne",NE5 1NA,1912716151,,Residential homes,Newcastle upon Tyne,North East,Mariposa Care Group Limited
The Old Vicarage,"168 Durham Road,Stockton-on-tees",TS19 0DZ,,,Residential homes,Stockton-on-Tees,North East,Saint John of God Hospitaller Services
Isle Court Nursing Home,"Isle Lane,Bicton,Shrewsbury",SY3 8DY,1743851600,,Nursing homes,Shropshire,West Midlands,Welford Healthcare MC Ltd
Radbrook Nursing Home,"Stanhill Road,Shrewsbury",SY3 6AL,1743237800,,Nursing homes,Shropshire,West Midlands,Welford Healthcare MC Ltd
Lady Jane Court Care Home,"1 Monsell Drive,Leicester",LE2 8PP,1164950010,https://www.averyhealthcare.co.uk,Residential homes,Leicester,East Midlands,Willowbrook Healthcare Limited
Peel Moat,"2 Peel Moat Road,Heaton Moor,Stockport",SK4 4PL,1614422597,https://www.harbourhealthcare.co.uk,Residential homes,Stockport,North West,Harbour Healthcare Ltd
SeeAbility - Fiennes House Residential Home,"Fiennes House,31 Drakes Park North,Wellington",TA21 8SZ,1823661529,https://www.seeability.org,Residential homes,Somerset,South West,The Royal School for the Blind
Thomas Tawell House,"106 Magpie Road,Norwich",NR3 1JH,1603767526,https://www.visionnorfolk.org.uk,Residential homes,Norfolk,East,Black Swan International Limited
Woodside Resource Centre,"The Willows,Cavendish Road,Middlesbrough",TS4 3EB,1642828146,https://www.thewillowsmiddlesbrough.co.uk,Nursing homes,Middlesbrough,North East,Care UK Community Partnerships Ltd
Pearl Peak House,"Church Street,Hunslet,Leeds",LS10 2AY,1132771042,https://www.aspenhillvillage.com,Nursing homes,Leeds,Yorkshire & Humberside,Aspen Hill Healthcare Limited
Perry Manor,"Charles Hastings Way,Worcester",WR5 1ET,1905728410,https://www.careuk.com/perry-manor,Nursing homes,Worcestershire,West Midlands,Care UK Community Partnerships Ltd
The Laurels Care Home,"Canal Road,Congleton",CW12 3AP,1260278710,https://www.pearlcare.co.uk,Residential homes,Cheshire East,North West,Aegis Residential Care Homes Limited
Ladydale Care Home,"9 Fynney Street,Leek",ST13 5LF,1538386442,https://www.pearlcare.co.uk,Residential homes,Staffordshire,West Midlands,Aegis Residential Care Homes Limited
The Knights Care Home,"365-367 Clifton Drive North,St Anne's On Sea",FY8 2PA,1253720421,https://www.pearlcare.co.uk,Residential homes,Lancashire,North West,Aegis Residential Care Homes Limited
Oxbow Manor,"Oteley Road,Shrewsbury",SY2 6QH,1743817657,https://www.careuk.com/care-homes/oxbow-manor-shrewsbury,Nursing homes,Shropshire,West Midlands,Care UK Community Partnerships Ltd
Plumtree,"73 Dudley Road,Dudley",DY3 1TF,7311357922,,Residential homes,Dudley,West Midlands,Aston Transitional Care Limited
Strafford House,"Off Doncaster Road,Hooton Roberts,Rotherham",S65 4PF,1709855796,https://www.voyagecare.com,Residential homes,Rotherham,Yorkshire & Humberside,Voyage 1 Limited
Cheshire East Short Breaks,"9 Warwick Mews,Warwick Road,Macclesfield",SK11 8SW,1625378280,https://www.cheshireeast.gov.uk,Residential homes,Cheshire East,North West,Cheshire East Council
Gorse Hill,"2 Stephenson Drive,Burnley",BB12 8AJ,1282438916,https://www.voyagecare.com,Residential homes,Lancashire,North West,Voyage 1 Limited
Langley House,"Langley Marsh,Wiveliscombe",TA4 2UF,1984624612,https://www.voyagecare.com,Residential homes,Somerset,South West,Voyage 1 Limited
Peel House,"398 The Spa,Melksham",SN12 6QL,1225702037,https://www.voyagecare.com,Residential homes,Wiltshire,South West,Voyage 1 Limited
Red Gables,"1 Pinnocks Croft,Berrow,Burnham on Sea",TA8 2NF,1278786607,,Residential homes,Somerset,South West,Voyage 1 Limited
Redbank House,"Town Street,South Leverton,Retford",DN22 0BT,1427880716,https://www.voyagecare.com,Residential homes,Nottinghamshire,East Midlands,Voyage 1 Limited
The Barn,"Heath Farm, Heath Road,Ashby De La Launde,Lincoln",LN4 3JD,1526322444,https://www.autismcareuk.com,Residential homes,Lincolnshire,East Midlands,Autism Care (UK) Limited
The Cottage,"Heath Farm, Heath Road,Ashby De La Launde,Lincoln",LN4 3JD,1526322444,https://www.autismcareuk.com,Residential homes,Lincolnshire,East Midlands,Autism Care (UK) Limited
The Meadowcroft Care Home,"28 Springfield Drive,Tooting,London",SW17 0SD,2081545337,https://www.greensleeves.org.uk/care-homes/the-meadowcroft-care-home-tooting/,Nursing homes,Wandsworth,London,Greensleeves Homes Trust
24 St Marks Road,"24 St Marks Road,Chaddesden,Derby",DE21 6AH,1332294066,,Residential homes,Derby,East Midlands,Voyage 1 Limited
Hillside,"Alcester Road,Hollywood,Birmingham",B47 5NS,1214302126,https://www.cttm.co.uk,Residential homes,Worcestershire,West Midlands,Extel Limited
Mountearl,"73 Leigham Court Road,Streatham,London",SW16 2NR,2087690322,https://www.voyagecare.com,Residential homes,Lambeth,London,Voyage 1 Limited
Lanchester Court,"Lanchester Court, Lanchester Avenue,Wrekenton,Gateshead",NE9 7AL,1914873726,https://www.carelinelifestyles.co.uk,Nursing homes|Rehabilitation (illness/injury)|Rehabilitation (substance abuse),Gateshead,North East,Careline Lifestyles (UK) Ltd
St Stephen's Court,"Brunel Terrace, Scotswood Road,Newcastle upon Tyne",NE4 7NL,1912730303,https://www.carelinelifestyles.co.uk,Nursing homes|Rehabilitation (illness/injury)|Rehabilitation (substance abuse),Newcastle upon Tyne,North East,Careline Lifestyles (UK) Ltd
109 Grange Road,"109 Grange Road,Erdington,Birmingham",B24 0ES,1213829026,,Residential homes,Birmingham,West Midlands,Voyage 1 Limited
Villette Lodge Assessment and Re-enablement Service,"1 Edith Street,Hendon,Sunderland",SR2 8JS,1915101173,https://www.sunderland.gov.uk,Residential homes,Sunderland,North East,Sunderland City Council
Ann Marie Howes Centre,"20 Platt Brook Way,Sheldon,Birmingham",B26 2DU,1216752015,https://www.birmingham.gov.uk,Residential homes,Birmingham,West Midlands,Birmingham City Council
Kenrick Centre,"Mill Farm Road,Harborne,Birmingham",B17 0QX,1216750900,https://www.birmingham.gov.uk,Residential homes|Rehabilitation (illness/injury),Birmingham,West Midlands,Birmingham City Council
Perry Tree Centre,"Dovedale Road,Perry Common, Kingstanding,Birmingham",B23 5BX,1216755571,https://www.birmingham.gov.uk,Residential homes,Birmingham,West Midlands,Birmingham City Council
Kirkwood Court,"Kirkwood Drive,Kenton,Newcastle Upon Tyne",NE3 3AX,1912133690,https://www.hc-one.co.uk,Residential homes,Newcastle upon Tyne,North East,HC-One No.2 Limited
South Avenue,"1 South Avenue,Chellaston,Derby",DE73 6RS,1332705136,https://www.voyagecare.com,Residential homes,Derby,East Midlands,Voyage 1 Limited
The Rowans,"266 Eastgate,Louth",LN11 8DJ,1507608081,https://www.boulevardcare.co.uk,Residential homes,Lincolnshire,East Midlands,Boulevard Care Limited
Castle Lane,"126 Castle Lane,Olton,Solihull",B92 8RW,1217427005,https://www.voyagecare.com,Residential homes,Solihull,West Midlands,Voyage 1 Limited
Sir Evelyn Road,"74 Sir Evelyn Road,Rochester",ME1 3LZ,1634828779,,Residential homes,Medway,South East,Voyage 1 Limited
Ganarew House Care Home,"Ganarew,Monmouth",NP25 3SS,1600890273,https://www.elderlycare.co.uk,Residential homes,"Herefordshire, County of",West Midlands,Milkwood Care Ltd
Westwood,"Brownshill,Green Road,Coventry",CV6 2EG,2476333808,https://www.voyagecare.com/carehome,Residential homes,Coventry,West Midlands,Voyage 1 Limited
Church Road,"1 Church Road,Wembdon,Bridgwater",TA6 7RQ,1278453635,https://www.voyagecare.com,Residential homes,Somerset,South West,Voyage 1 Limited
Wellington Road,"52 Wellington Road,Taunton",TA1 5AP,1823334132,https://www.voyagecare.com,Residential homes,Somerset,South West,Voyage 1 Limited
Elmsmead,"82 South Road,Taunton",TA1 3EA,1823333529,https://www.voyagecare.com,Residential homes,Somerset,South West,Voyage 1 Limited
Huish House,"Huish Episcopi,Langport",TA10 9QP,1458250247,https://www.voyagecare.com,Residential homes,Somerset,South West,Voyage 1 Limited
The Bungalow,"2 Ilminster Road,Taunton",TA1 2DR,1823327050,https://www.voyagecare.com,Residential homes,Somerset,South West,Voyage 1 Limited
The Knowls,"86 Trull Road,Taunton",TA1 4QW,1823327080,https://www.voyagecare.com,Residential homes,Somerset,South West,Voyage 1 Limited
Agricola House,"17 Kirklees Street,Tottington,Bury",BL8 3NE,1204880023,,Residential homes,Bury,North West,Voyage 1 Limited
Brook Lodge,"Latchen,Longhope",GL17 0QA,1452830614,https://www.voyagecare.com,Residential homes,Gloucestershire,South West,Voyage 1 Limited
Calvert House,"Mill Lane,Leyland",PR25 1HY,1772459978,https://www.voyagecare.com,Residential homes,Lancashire,North West,Voyage 1 Limited
Chestnut Grange,"Main Street,Weston,Newark",NG23 6ST,1636821438,https://www.voyagecare.com,Residential homes,Nottinghamshire,East Midlands,Voyage 1 Limited
Croft House,"138 Leicester Road,Thurcaston",LE7 7JJ,1162368666,https://www.voyagecare.com,Residential homes,Leicestershire,East Midlands,Voyage 1 Limited
Drakes Place,"Taunton Road,Wellington",TA21 8TD,1823662347,https://www.voyagecare.com,Residential homes,Somerset,South West,Voyage 1 Limited
John Cabot House,"167 Talbot Road,Brislington,Bristol",BS4 2NZ,1173009984,https://www.voyagecare.com,Residential homes|Homecare agencies,"Bristol, City of",South West,Voyage 1 Limited
Markham House,"80 Moorfield Avenue,Bolsover,Chesterfield",S44 6EL,1246822285,https://www.voyagecare.com,Residential homes,Derbyshire,East Midlands,Voyage 1 Limited
Moorfields Lodge,"80 West Lane,Haworth,Keighley",BD22 8EN,1535649230,https://www.voyagecare.com,Residential homes,Bradford,Yorkshire & Humberside,Voyage 1 Limited
Walker Lodge,"188 Townsend Avenue,Norris Green,Liverpool",L11 5AF,1512268682,https://www.voyagecare.com,Residential homes,Liverpool,North West,Voyage 1 Limited
Coundon Manor Care Home,"1 Foster Road,Coventry",CV6 3BH,2476600860,,Nursing homes,Coventry,West Midlands,Affinity Care Consortium Ltd
Fairmont Residential Limited,"Botts Farm,Whittington Hall Lane, Kinver,Stourbridge",DY7 6PN,1384397402,https://www.fairmont-residential.com,Residential homes,Staffordshire,West Midlands,Fairmont Residential Limited
Bridge Manor,"Mary Bond Court,Wombourne,Wolverhampton",WV5 8DA,1902923955,,Residential homes,Staffordshire,West Midlands,Willowbrook Healthcare Limited
Bannister Farm Cottage,"220 Longmeanygate,Midge Hall,Leyland",PR26 7TB,1772457925,https://www.prioryadultcare.co.uk,Residential homes,Lancashire,North West,Parkcare Homes (No.2) Limited
Herald Lodge,"100 Canley Road,Coventry",CV5 6AR,2476671040,https://www.idealcarehomes.co.uk,Residential homes,Coventry,West Midlands,Ideal Carehomes (Number One) Limited
Cornerstone  At The Park,"49 Eastgate,Hornsea",HU18 1LP,1636700077,,Residential homes,East Riding of Yorkshire,Yorkshire & Humberside,Hatzfeld Care Limited
Blencathra House,"Church Street,Hunslet,Leeds",LS10 2AY,1132771042,https://www.aspenhillvillage.com,Nursing homes,Leeds,Yorkshire & Humberside,Aspen Hill Healthcare Limited
Nevis House,"Church Street,Hunslet,Leeds",LS10 2AY,1132771042,https://www.aspenhillvillage.com,Nursing homes,Leeds,Yorkshire & Humberside,Aspen Hill Healthcare Limited
Rushmore House,"Church Street,Hunslet,Leeds",LS10 2AY,1132771042,https://www.aspenhillvillage.com,Nursing homes,Leeds,Yorkshire & Humberside,Aspen Hill Healthcare Limited
Tryfan House,"Church Street,Hunslet,Leeds",LS10 2AY,1132771042,https://www.aspenhillvillage.com,Nursing homes,Leeds,Yorkshire & Humberside,Aspen Hill Healthcare Limited
September Lodge,"Wheal Hope,Goonhavern,Truro",TR4 9QJ,1637416444,https://www.switchedoncare.com,Residential homes,Cornwall,South West,Green Light PBS Limited
Fairfield House,"Bridge,Portreath,Redruth",TR16 4QG,1637416444,https://www.switchedoncare.com,Residential homes,Cornwall,South West,Green Light PBS Limited
Byker Lodge,"Bolam Way,Byker,Newcastle Upon Tyne",NE6 2AT,1912782831,https://www.newcastle.gov.uk,Residential homes,Newcastle upon Tyne,North East,Newcastle-upon-Tyne City Council
Connie Lewcock Resource Centre,"West Denton Road,West Denton,Newcastle Upon Tyne",NE15 7LQ,1912773699,https://www.newcastle.gov.uk,Residential homes,Newcastle upon Tyne,North East,Newcastle-upon-Tyne City Council
Chapel Hill,"51-55 Chapel Hill,Crayford,Dartford",DA1 4BY,1322553201,,Residential homes,Bexley,London,Choice Support
Erindale,"1a Erindale,Plumstead,London",SE18 2QQ,2083178200,,Residential homes,Greenwich,London,Choice Support
Marine Parade,"18 Marine Parade,Whitstable",CT5 2BG,1227772824,,Residential homes,Kent,South East,Choice Support
Salisbury Road,"22-23 Salisbury Road,Leyton,London",E10 5RG,2085568147,,Residential homes,Waltham Forest,London,Choice Support
Samuel Close 2,"2 Samuel Close,London",SE18 5LR,2088550331,,Residential homes,Greenwich,London,Choice Support
Charlton Road,"30A Charlton Road,London",SE3 8TY,2083052425,,Residential homes,Greenwich,London,Choice Support
Howard Goble House,"Harland Avenue,Sidcup",DA15 7NU,2083083560,,Residential homes,Bexley,London,Choice Support
McRae Lane,"25 McRae Lane,Mitcham",CR4 4AT,2086488150,,Residential homes,Sutton,London,Choice Support
Perrymans,"56a Abbey Road,Ilford",IG2 7NA,2085181058,,Residential homes,Redbridge,London,Choice Support
Samuel Close 1,"1 Samuel Close,London",SE18 5LR,2088550329,,Residential homes,Greenwich,London,Choice Support
Samuel Close 3,"3 Samuel Close,London",SE18 5LR,2088550331,,Residential homes,Greenwich,London,Choice Support
Woodgate,"Queens Road,Maidstone",ME16 0JG,1622677235,,Residential homes,Kent,South East,Choice Support
Barley Close,"Axminster Road,Musbury,Axminster",EX13 8AQ,1297552913,https://www.voyagecare.com,Residential homes,Devon,South West,Voyage 1 Limited
Woodlands Court Care Home,"Ash Lane,Aspull,Wigan",WN2 1EZ,1942323352,https://www.minstercaregroup.org.uk,Residential homes,Wigan,North West,Croftwood Care UK Limited
Thackley Green,"Off Lewin Road,Great Oakley,Corby",NN18 8JS,1604368910,,Residential homes,North Northamptonshire,East Midlands,North Northamptonshire Council
Grey Gables,"1 Lodges Grove,Morecambe",LA4 6HE,7383895892,,Residential homes,Lancashire,North West,Cedar Health And Wellbeing Limited
Lea Hall,"179 Lea Hall Road,Birmingham",B33 8JX,1212748586,https://www.dignushealthcare.com,Residential homes,Birmingham,West Midlands,Dignus Healthcare Limited
Skelton Court,"Station Lane,Skelton-in-cleveland,Saltburn-by-the-sea",TS12 2LR,,https://anchor.org.uk/our-properties/skelton-court-skelton-cleveland,Residential homes,Redcar and Cleveland,North East,Anchor Hanover Group
Bridge House,"Manor side,Flookburgh,Grange-over-sands",LA11 7JS,1539558622,,Residential homes,Westmorland and Furness,North West,Westmorland and Furness Council
Christian Head,"Silver Street,Kirkby Stephen",CA17 4HA,1768371429,,Residential homes,Westmorland and Furness,North West,Westmorland and Furness Council
Elmhurst,"Priory Road,Ulverston",LA12 9HU,1229404115,,Residential homes,Westmorland and Furness,North West,Westmorland and Furness Council
Riverside House,"Wattsfield Road,Kendal",LA9 5JL,1539713115,,Residential homes,Westmorland and Furness,North West,Westmorland and Furness Council
Eskdale House,"Swan Street,Longtown,Carlisle",CA6 5UZ,1228227877,,Residential homes,Cumberland,North West,Cumberland Council
Benham Lodge,"42 Pelham Road,Gravesend",DA11 0HZ,1474533108,,Residential homes,Kent,South East,Choice Support
Grisedale Croft,"Church Road,Alston",CA9 3QS,1768812229,,Residential homes,Westmorland and Furness,North West,Westmorland and Furness Council
Parkview Gardens,"Risedale Road,Barrow-in-furness",LA13 9BQ,1229311142,,Residential homes,Westmorland and Furness,North West,Westmorland and Furness Council
Inglewood,"Lowmoor Road,Wigton",CA7 9QL,1228226065,,Residential homes,Cumberland,North West,Cumberland Council
Richmond Park,"High Street,Workington",CA14 4ES,1900706103,,Residential homes,Cumberland,North West,Cumberland Council
146 Lower Robin Hood Lane,"Walderslade,Chatham",ME5 9LB,1634200335,,Residential homes,Kent,South East,Choice Support
Burnrigg Court,"Burnrigg,Carlisle",CA2 6JU,1228221322,,Residential homes,Cumberland,North West,Cumberland Council
Park Lodge,"Outgang Road,Aspatria,Wigton",CA7 3HP,1228227866,,Residential homes,Cumberland,North West,Cumberland Council
Lapstone House,"Lapstone Road,Millom",LA18 4BY,1229404060,,Residential homes,Cumberland,North West,Cumberland Council
Parkside,"Netherhall Road,Maryport",CA15 6NT,1900706973,,Residential homes,Cumberland,North West,Cumberland Council
Arnold House,"154 Shooters Hill Road,London",SE3 8RP,2083194055,,Residential homes,Greenwich,London,Choice Support
Beehive,"2b Wycombe Road,Ilford",IG2 6UT,2085501032,,Residential homes,Redbridge,London,Choice Support
Richmond Village Painswick,"Stroud Road,Painswick,Stroud",GL6 6UL,1452813902,https://www.richmond-villages.com,Nursing homes,Gloucestershire,South West,Richmond Villages Operations Limited
Fennell Court,"School Crescent,Dewsbury",WF13 4RS,1924437506,https://www.voyagecare.com,Residential homes,Kirklees,Yorkshire & Humberside,Voyage 1 Limited
Sanderling House,"3 Liverpool Road,Formby,Liverpool",L37 4BN,1704879363,https://www.voyagecare.com,Residential homes,Sefton,North West,Voyage 1 Limited
Branwell Manor,"Heckmondwike Road,Dewsbury Moor,Dewsbury",WF13 3PG,1924466800,https://www.voyagecare.com,Residential homes,Kirklees,Yorkshire & Humberside,Voyage 1 Limited
Parkbrook Lodge,"Stubwood Lane,Denstone,Uttoxeter",ST14 5HU,1889591778,https://www.voyagecare.com,Residential homes,Staffordshire,West Midlands,Voyage 1 Limited
Coopersway @ Devonshire,"Coopers Way,1A Coopers Way,Blackpool",FY1 3RJ,1253477864,https://www.blackpool.gov.uk,Residential homes,Blackpool,North West,Blackpool Borough Council
The Arc,"Clifton Avenue,Blackpool",FY4 4RF,1253477855,https://www.blackpool.gov.uk,Nursing homes|Rehabilitation (illness/injury),Blackpool,North West,Blackpool Borough Council
Ash Tree House,"Warwick Drive,Hindley,Wigan",WN2 4DT,1942256089,https://www.idealcarehomes.co.uk,Residential homes,Wigan,North West,Ideal Carehomes (Number One) Limited
Brinnington Hall,"Middlesex Road,Stockport",SK5 8HT,1614063040,https://www.idealcarehomes.co.uk,Residential homes,Stockport,North West,Ideal Carehomes (Number One) Limited
Prospect House,"235 - 237 Porchester Road,Mapperley,Nottingham",NG3 6GQ,,,Residential homes,Nottingham,East Midlands,Broadoak Group of Care Homes
Forest Lodge Care Home,"240 Romford Road,London",E7 9HZ,2086579626,https://www.bramleyhealth.co.uk,Nursing homes,Newham,London,Bramley Health Limited
Tate Lodge,"190 Townsend Avenue,Norris Green,Liverpool",L11 5AF,1512269350,https://www.voyagecare.com,Residential homes,Liverpool,North West,Voyage 1 Limited
Woodlands,"52 Church Lane,Acklam,Middlesborough",TS5 7EB,1642818793,https://www.voyagecare.com,Residential homes,Middlesbrough,North East,Voyage 1 Limited
Hamilton Lodge,"Carr House Road,Doncaster",DN4 5HP,1302556046,https://www.voyagecare.com,Residential homes|Supported living,Doncaster,Yorkshire & Humberside,Voyage 1 Limited
The Minster,"Mill Street,North Petherton,Bridgwater",TA6 6LX,1278661528,https://www.voyagecare.com,Residential homes,Somerset,South West,Voyage 1 Limited
The Red House,"49 Wharncliffe Road,Ilkeston,Derby",DE7 5GF,1159447869,https://www.voyagecare.com,Residential homes,Derbyshire,East Midlands,Voyage 1 Limited
Butlers Mews Care Home,"Ridge Drive,Rugby",CV21 3FE,1788727001,https://www.averyhealthcare.co.uk/care-homes/warwickshire/rugby/butlers-mews/,Residential homes,Warwickshire,West Midlands,Willowbrook Healthcare Limited
Lancaster and Morecambe Short Breaks Service,"Thorpe Avenue,Torrisholme,Morecambe",LA4 6NG,1524581282,https://www.lancashire.gov.uk,Residential homes,Lancashire,North West,Lancashire County Council
Preston Short Break Services,"50 Larches Avenue,Ashton,Preston",PR2 1LN,,https://www.lancashire.gov.uk,Residential homes,Lancashire,North West,Lancashire County Council
Chorley & South Ribble Short Break Services,"121 Worden Lane,Leyland,Preston",PR25 3BD,1772539166,https://www.lancashire.gov.uk,Residential homes,Lancashire,North West,Lancashire County Council
"Burnley, Pendle & Rossendale Short Break Services","Haddon House,Greenock Street,Burnley",BB11 4DT,1282470710,https://www.lancashire.gov.uk,Residential homes,Lancashire,North West,Lancashire County Council
Bowgreave Rise Home for Older People,"1 Garstang Road,Garstang",PR3 1YD,1995603637,https://www.lancashire.gov.uk,Residential homes|Homecare agencies,Lancashire,North West,Lancashire County Council
Broadfield House Home for Older People,"Broadfield Drive,Leyland",PR25 1NB,1772457672,https://www.lancashire.gov.uk,Residential homes,Lancashire,North West,Lancashire County Council
Castleford Home for Older People,"Queens Road,Clitheroe",BB7 1AR,1200426355,https://www.lancashire.gov.uk,Residential homes,Lancashire,North West,Lancashire County Council
Cravenside Home for Older People,"Lower North Avenue,Barnoldswick",BB18 6DP,1282816790,https://www.lancashire.gov.uk,Residential homes,Lancashire,North West,Lancashire County Council
Dolphinlee House Home for Older People,"Patterdale Road,Ridge Estate,Lancaster",LA1 3LZ,152437685,https://www.lancashire.gov.uk,Residential homes,Lancashire,North West,Lancashire County Council
Favordale Home for Older People,"Byron Road,Colne",BB8 0BH,1282860449,https://www.lancashire.gov.uk,Residential homes,Lancashire,North West,Lancashire County Council
Grove House Home for Older People,"Highfield Road,Adlington,Chorley",PR6 9RH,1257481442,https://www.lancashire.gov.uk,Residential homes,Lancashire,North West,Lancashire County Council
Lady Elsie Finney House Home for Older People,"Cottam Avenue,Cottam,Preston",PR2 3XH,1772721072,https://www.lancashire.gov.uk/health-and-social-care/adult-social-care/residential-care/lady-elsie-finney-house/,Residential homes|Homecare agencies,Lancashire,North West,Lancashire County Council
Meadowfield House Home for Older People,"Meadowfield,Fulwood,Preston",PR2 9NX,1772864881,https://www.lancashire.gov.uk,Residential homes,Lancashire,North West,Lancashire County Council
Milbanke Home for Older People,"72 Station Road,Kirkham,Preston",PR4 2HA,1772684836,https://www.lancashire.gov.uk,Residential homes,Lancashire,North West,Lancashire County Council
Woodhill House Home for Older People,"60 Woodhill Lane,Morecambe",LA4 4NN,1524423588,https://www.lancashire.gov.uk,Residential homes,Lancashire,North West,Lancashire County Council
Woodlands Home for Older People,"Warwick Avenue,Clayton-le-Moors,Accrington",BB5 5RW,1254394732,https://www.lancashire.gov.uk,Residential homes|Homecare agencies,Lancashire,North West,Lancashire County Council
Corner House Residential Care Home,"1,3,5 St Margaret Street,Mansfield",NG18 2RE,1623657117,,Residential homes|Homecare agencies,Nottinghamshire,East Midlands,Sanctuary Home Care Limited
Priors House,"Old Milverton Lane,Blackdown,Leamington Spa",CV32 6RW,,https://www.careuk.com,Nursing homes,Warwickshire,West Midlands,Care UK Community Partnerships Ltd
Aykroyd Lodge,"The Crescent,Reedley,Burnley",BB10 2LX,1282449004,https://www.voyagecare.com,Residential homes,Lancashire,North West,Voyage 1 Limited
Bewick House,"86 Whinfield Road,Darlington",DL1 3HW,1325486453,https://www.voyagecare.com,Residential homes,Darlington,North East,Voyage 1 Limited
Bowens Field,"24 Bowens Field,Wem,Shrewsbury",SY4 5AP,1939236517,https://www.voyagecare.com,Residential homes,Shropshire,West Midlands,Voyage 1 Limited
Chard Manor,"Tatworth Road,Chard",TA20 2DP,1460261016,https://www.voyageccare.com,Residential homes,Somerset,South West,Voyage 1 Limited
Falcons Rest and Poachers Cottage,"Falcons Rest,Bryngwyn,Wormelow",HR2 8EQ,1981542130,https://www.voyagecare.com,Residential homes,"Herefordshire, County of",West Midlands,Voyage 1 Limited
Carville Road,"52 Carville Road,Wallsend",NE28 6AB,1912620010,https://www.voyagecare.com,Residential homes,North Tyneside,North East,Voyage 1 Limited
Longridge Court,"Bulls Cross,Stroud",GL6 7HU,1452814341,https://www.voyagecare.com,Residential homes,Gloucestershire,South West,Voyage 1 Limited
Lynwood House,"Lynwood Close,Midsomer Norton,Radstock",BA3 2UA,1761412026,https://www.voyagecare.com,Residential homes,Bath and North East Somerset,South West,Voyage 1 Limited
Westleigh House,"20 Chip Lane,Taunton",TA1 1BZ,1823284198,https://www.voyagecare.com,Residential homes,Somerset,South West,Voyage 1 Limited
Elysium Care Partnerships Limited - 78 Park Road,"78 Park Road,Hampton",TW12 1HR,2082555166,https://www.elysiumhealthcare.co.uk,Residential homes,Richmond upon Thames,London,Elysium Care Partnerships Limited
Elysium Care Partnerships Limited - 185 Arabella Drive,"185 Arabella Drive,Roehampton,London",SW15 5LH,2088766681,https://www.elysiumhealthcare.co.uk,Residential homes,Wandsworth,London,Elysium Care Partnerships Limited
Elysium Care Partnerships Limited - 21b Upper Brighton Road,"21b Upper Brighton Road,Surbiton",KT6 6QX,2083904689,https://www.elysiumhealthcare.co.uk,Residential homes,Kingston upon Thames,London,Elysium Care Partnerships Limited
Beckenham Park Care Home,"2 Roman Way,Beckenham",BR3 3FH,2031313010,,Nursing homes,Bromley,London,Willowbrook Healthcare Limited
Ashton Way,"2 Ashton Way,East Herrington,Sunderland",SR3 3RX,1915282084,,Residential homes,Sunderland,North East,North East Autism Society
Cedar Road,"48 Cedar Road,Dudley",DY1 4HW,1384241877,https://www.voyagecare.com,Residential homes,Dudley,West Midlands,Voyage 1 Limited
Next Steps Ashley Lane,"79 Ashley Lane,Manchester",M9 4NU,7515952199,,Nursing homes,Manchester,North West,Next Steps Mental Healthcare LTD
Beau House,"167 Rochdale Road East,Heywood",OL10 1QU,,,Residential homes,Rochdale,North West,Blue Ribbon Healthcare Limited
Olive Grove Nursing Home,"Olive Grove,Forest Town,Mansfield",NG19 0AR,1623655341,,Nursing homes,Nottinghamshire,East Midlands,Affinity Care Consortium Ltd
Roselea,"Church End,Slimbridge",GL2 7BL,1453890444,https://www.voyagecare.com,Residential homes,Gloucestershire,South West,Voyage 1 Limited
Oaklands Care Home,"238 North Street,Langwith,Mansfield",NG20 9BN,1623744412,,Nursing homes,Derbyshire,East Midlands,Knightingale Care Limited
The Orchard,"Ganarew,Monmouth",NP25 3SS,1600891450,,Residential homes,"Herefordshire, County of",West Midlands,Milkwood Care Ltd
Abbey Court,"Kenton Road,Gosforth,Newcastle Upon Tyne",NE3 3UW,1912851720,,Nursing homes,Newcastle upon Tyne,North East,Malhotra Care Homes Limited
Gilwood Lodge,"Clifton Drive,Blackpool",FY4 1NP,1253370838,https://www.qualiacare.co.uk,Nursing homes,Blackpool,North West,Qualia Care Limited
Blythe House,"Lincoln Road,Faldingworth",LN8 3SF,1673885911,https://www.kisimul.co.uk,Residential homes,Lincolnshire,East Midlands,Kisimul Group Limited
Senbrick Lodge,"137 Chapel Street,Ibstock",LE67 6HG,1530262573,,Nursing homes,Leicestershire,East Midlands,Rushcliffe Care Limited
Hesketh Park Lodge,"61 Albert Road,Southport",PR9 9LN,7354902670,,Nursing homes,Sefton,North West,Priory CC96 Limited
Aachen Brook St Anne's Community Services,"Burnley Road,Luddendenfoot,Halifax",HX2 6AU,1422886844,,Nursing homes,Calderdale,Yorkshire & Humberside,St Anne's Community Services
Castleford Lodge,"Castleford Hill,Tutshill,Chepstow",NP16 7LE,1291408151,https://www.milkwoodcare.co.uk,Residential homes,Gloucestershire,South West,Milkwood Care Ltd
Callisto,"35a Wilcot Road,Pewsey",SN9 5EJ,1672563429,,Residential homes,Wiltshire,South West,Innovations Wiltshire Limited
Castle Dene,"Freeman Road,South Gosforth,Newcastle Upon Tyne",NE3 1SZ,1912788164,https://www.newcastle.gov.uk,Residential homes|Shared lives,Newcastle upon Tyne,North East,Newcastle-upon-Tyne City Council
Bay Lodge,"36 Fen Road,Holbeach",PE12 8QA,1406424197,https://www.achievetogether.co.uk,Residential homes,Lincolnshire,East Midlands,Achieve Together Limited
Autumn Leaf House,"38 Chester Road,Solihull",B36 9BX,1217302648,https://www.prioryadultcare.co.uk,Residential homes,Solihull,West Midlands,Parkcare Homes (No.2) Limited
Charlton Court Nursing Home,"477-479 Bradford Road,Pudsey,Leeds",LS28 8ED,1274661242,,Nursing homes,Leeds,Yorkshire & Humberside,ADL Plc
Cherry Tree House,"Collum Avenue,Ashby,Scunthorpe",DN16 2TF,7365367015,,Residential homes,North Lincolnshire,Yorkshire & Humberside,ADL Plc
Sunnywell,"St Johns Road,Cudworth,Barnsley",S72 8DE,1226780507,https://www.millenniumsupport.co.uk/,Residential homes,Barnsley,Yorkshire & Humberside,Millennium Support Ltd
Eaton Court,"Eaton Court,Grimsby",DN34 4UD,1472341846,https://www.orchardcarehomes.com/carehomes/eaton-court-grimsby,Nursing homes,North East Lincolnshire,Yorkshire & Humberside,Indigo Care Services Limited
The Lakes,"Duncote Hall,Duncote,Towcester",NN12 8AQ,1327352277,https://www.minstercaregroup.co.uk/care-homes/the-lakes/,Residential homes,West Northamptonshire,East Midlands,Minster Care Management Limited
Eros Crescent,"66 Eros Crescent,Birches Head,Stoke On Trent",ST1 6RN,1782204008,,Residential homes,Stoke-on-Trent,West Midlands,Selborne Care Limited
Riverdale,"Sheffield Road,Chesterfield",S41 7LL,1246275003,https://www.orchardcarehomes.com/carehomes/riverdale-chesterfield,Nursing homes,Derbyshire,East Midlands,Indigo Care Services Limited
Montgomery House,"Sundorne Road,Shrewsbury",SY1 4RQ,1743297970,,Nursing homes,Shropshire,West Midlands,Coverage Care Services Limited
Moordean,"Oak Lane,Minster On Sea,Sheerness",ME12 3QP,1795351641,https://www.insightbehaviouralservice.co.uk,Residential homes,Kent,South East,Insight Specialist Behavioural Service Ltd
23 Oak Avenue,"Minster on sea,,Sheerness,Isle of Sheppey",ME12 3QT,1795351641,https://www.insightbehaviouralservice.co.uk,Residential homes,Kent,South East,Insight Specialist Behavioural Service Ltd
Horfield Lodge,"Kellaway Avenue,Horfield,Bristol",BS7 8SU,1179166630,https://mha.org.uk/care-support/care-homes/horfield-lodge,Nursing homes,"Bristol, City of",South West,Methodist Homes
Elysium Care Partnerships Limited - 1 Lichfield Lane,"1 Lichfield Lane,Twickenham",TW2 6LA,2088672715,https://www.elysiumhealthcare.co.uk,Residential homes,Richmond upon Thames,London,Elysium Care Partnerships Limited
Warmley Court,"33 Deanery Road,Warmley,Bristol",BS15 9JB,1179609776,https://www.accomplish-group.co.uk,Residential homes,South Gloucestershire,South West,Accomplish Group Limited
Unity House,"Westcott Road,Peterlee",SR8 5JE,1915861427,,Residential homes,County Durham,North East,Lifeways Community Care Limited
Holmhurst,"Downton Road,Salisbury",SP2 8AR,1722340689,https://www.choicecaregroup.com,Residential homes,Wiltshire,South West,Community Homes of Intensive Care and Education Limited
Woodlea Care Home,"61 Bawtry Road,Doncaster",DN4 7AD,1302535441,https://www.trustcare.co.uk,Residential homes,Doncaster,Yorkshire & Humberside,Trust Care Ltd
Parkview House,"206-212 Chingford Mount Road,London",E4 8JR,2085249234,https://www.parkviewhousecarehome.co.uk,Residential homes,Waltham Forest,London,Acer Healthcare Operations Limited
Chestnut Court Care Home,"Frizlands Lane,Dagenham",RM10 7YD,2085969249,https://www.chestnut-courtcarehome.co.uk,Nursing homes,Barking and Dagenham,London,Acer Healthcare Operations Limited
Manor Field,"Bridge Street,Weldon,Corby",NN17 3HR,1536262805,https://www.prioryadultcare.co.uk,Residential homes,North Northamptonshire,East Midlands,Parkcare Homes (No.2) Limited
Hembrigg Park,"Bridge Street Close, Morley,Morley,Leeds",LS27 0EY,1132531544,,Residential homes,Leeds,Yorkshire & Humberside,Heathcotes Care Limited
Savernake View Care Home,"Priory Court,Salisbury Road,Marlborough",SN8 4FE,8081686629,https://www.porthaven.co.uk,Nursing homes,Wiltshire,South West,Porthaven Care Homes No 2 Limited
Tigh Lenach,"29 Blacksmiths Hill,South Croydon",CR2 9AZ,2086576166,https://www.kisimul.co.uk,Residential homes,Croydon,London,Kisimul Group Limited
Stroud Lodge,"319 Stroud Road,Gloucester",GL1 5LG,1452312216,https://www.choicecaregroup.com,Residential homes,Gloucestershire,South West,Community Homes of Intensive Care and Education Limited
Springfield House,"255d Stroud Road,Gloucester",GL1 5JZ,1452312383,https://www.choicecaregroup.com,Residential homes,Gloucestershire,South West,Community Homes of Intensive Care and Education Limited
Beechcroft - Cheltenham,"295 Gloucester Road,Cheltenham",GL51 7AD,1242244678,https://www.choicecaregroup.com,Residential homes,Gloucestershire,South West,Community Homes of Intensive Care and Education Limited
Clarendon House,"3 Christie Miller Road,Salisbury",SP2 7EN,2031953558,https://www.choicecaregroup.com,Residential homes,Wiltshire,South West,Community Homes of Intensive Care and Education Limited
Derby,"516 Burton Road,Littleover,Derby",DE23 6FN,1332296659,https://www.heathcotes.net,Residential homes,Derby,East Midlands,Heathcotes Care Limited
Orchard End,"Church Lane,Minsterworth,Gloucester",GL2 8JJ,1452750587,https://www.choicecaregroup.com,Residential homes,Gloucestershire,South West,Community Homes of Intensive Care and Education Limited
Heathfield Gardens,"163-165 High Street,Tibshelf,Alfreton",DE55 5NE,1773872229,,Residential homes,Derbyshire,East Midlands,Potensial Limited
Casa di Lusso,"Bower Lane,Bridgwater",TA6 4GU,1278557100,,Nursing homes,Somerset,South West,N. Notaro Homes Limited
Greenfields,"Bings Heath,Astley,Shrewsbury",SY4 4BY,1743872250,,Residential homes,Shropshire,West Midlands,Condover College Limited
Emerson House,"22A Elmleigh Road,Mangotsfield,Bristol",BS16 9EX,1179576939,https://www.choicecaregroup.com,Residential homes,South Gloucestershire,South West,Community Homes of Intensive Care and Education Limited
Sherwood Grange,"1a Robin Hood Lane,London",SW15 3PU,2082479110,,Nursing homes,Kingston upon Thames,London,Care UK Community Partnerships Ltd
Harbour View,"14a Bransty Road,Whitehaven",CA28 6HA,1946599963,,Nursing homes,Cumberland,North West,Harbour Healthcare (North) Ltd
Northlea Court,"Brockwell Centre,Northumbrian Road,Cramlington",NE23 1XX,1670737739,,Nursing homes,Northumberland,North East,Harbour Healthcare (North) Ltd
Redwell Hills,"St. Ives Road,Leadgate,Consett",DH8 7SN,1207581366,,Residential homes,County Durham,North East,Harbour Healthcare (North) Ltd
Regents View,"Francis Way,Hetton-le-Hole,Houghton Le Spring",DH5 9EQ,1915266776,,Nursing homes,Sunderland,North East,Harbour Healthcare (North) Ltd
The Granby,"Granby Road,Harrogate",HG1 4SR,1423582736,,Nursing homes,North Yorkshire,Yorkshire & Humberside,Harbour Healthcare (North) Ltd
The Laurels,"Francis Way,Hetton-le-Hole,Houghton Le Spring",DH5 9EQ,1915173763,,Nursing homes,Sunderland,North East,Harbour Healthcare (North) Ltd
Warrior Park,"Queen Street,Seaton Carew,Hartlepool",TS25 1EZ,1429234705,,Nursing homes,Hartlepool,North East,Harbour Healthcare (North) Ltd
Victoria,"Victoria Street,Rainford,St. Helens",WA11 8DA,1744886225,,Nursing homes,St. Helens,North West,Harbour Healthcare (North) Ltd
Covent House,"Durham Road,Birtley,Gateshead",DH3 2PF,1914104444,https://www.prestwickcare.co.uk,Nursing homes,Gateshead,North East,Malhotra Care Homes Limited
Florence House,"65 Nettleham Road,Lincoln",LN2 1RT,,https://www.carmand.co.uk,Nursing homes,Lincolnshire,East Midlands,Carmand Ltd
Moorlands Nursing Home,"Northgate,Guisborough",TS14 6JU,1287630777,,Nursing homes,Redcar and Cleveland,North East,Landona House Limited
The Willow Care Home,"22 Feckenham Road,Headless Cross,Redditch",B97 5AR,3333443095,https://www.rehabilityuk.co.uk/services,Residential homes,Worcestershire,West Midlands,Rehability UK Support Services Ltd
Bay View House,"Bay View House,26 Promenade,Whitley Bay",NE26 2RL,,,Nursing homes,North Tyneside,North East,Malhotra Care Homes Limited
Buglawton Hall School,"Buglawton Hall School Residential Block,Sprink Lane,Congleton",CW12 3PF,1942834113,https://www.nestlingscare.co.uk,Residential homes,Cheshire East,North West,Nestlings Care Ltd
The Richmond,"Allendale Road,Doncaster",DN5 8BS,1302782735,https://www.crowncaregroup.co.uk,Nursing homes,Doncaster,Yorkshire & Humberside,Crown Care IV Limited
Bowden Lodge,"669 Prince Of Wales Road,Sheffield",S9 4ES,1142433875,https://www.prioryadultcare.co.uk/find-a-location/bowden-lodge,Residential homes,Sheffield,Yorkshire & Humberside,Parkcare Homes (No.2) Limited
Beverley Parklands Care Home,"Beverley Parklands,Beverley",HU17 0RA,1482866166,,Residential homes,East Riding of Yorkshire,Yorkshire & Humberside,Care UK Care Services Limited
Magdalen Park Care Home,"Magdalen Lane,Hedon,Hull",HU12 8LA,1482700733,,Residential homes,East Riding of Yorkshire,Yorkshire & Humberside,Care UK Care Services Limited
Tranby Park Care Home,"Heads Lane West,Hessle",HU13 0UF,1482665063,,Residential homes,East Riding of Yorkshire,Yorkshire & Humberside,Care UK Care Services Limited
Driffield Manor Care Home,"30 Middle Street North,Driffield",YO25 6SW,1482665063,,Residential homes,East Riding of Yorkshire,Yorkshire & Humberside,Care UK Care Services Limited
Louth Manor Care Home,"Legbourne Road,Louth",LN11 8ER,1507203203,,Residential homes,Lincolnshire,East Midlands,Care UK Care Services Limited
Ashley Gardens Care Centre,"419 Sutton Road,Maidstone",ME15 8RA,1622761310,,Nursing homes,Kent,South East,Healthcare Homes (LSC) Limited
Blandford Grange Care Home,"Milldown Road,Blandford Forum",DT11 7DE,1258458214,,Nursing homes,Dorset,South West,Healthcare Homes (LSC) Limited
Barbara Rose,"40 Musters Road,Ruddington,Nottingham",NG11 6HW,,,Residential homes,Nottinghamshire,East Midlands,Broadoak Group of Care Homes
Upland Manor Care Home,"Yewtree Lane,Manchester",M23 0EA,1618509810,https://www.lovettcare.co.uk/upland-manor-care-home/,Nursing homes,Manchester,North West,Lovett Care Limited
Cunningham House,"Hilltop House,Ashton Road, Hartwell,Northampton",NN7 2EY,,,Nursing homes,West Northamptonshire,East Midlands,Oakleaf Care (Hartwell) Limited
Broadway,"2 Broadway,Partington,Manchester",M31 4DH,,,Residential homes,Trafford,North West,Bright Futures Care Limited
Peaker Park Care Village,"Trojan Place,Rockingham Road,Market Harborough",LE16 7FP,1858414460,https://www.prime-life.co.uk,Nursing homes,Leicestershire,East Midlands,Prime Life Limited
Phoenix House,"21-25 Third Avenue,Manor Park,London",E12 6DX,2085145169,,Residential homes,Newham,London,Precious Homes Support Limited
Highbury Gardens,"67-69 Highbury Gardens,Ilford",IG3 8AF,2085901555,,Residential homes,Redbridge,London,Precious Homes Support Limited
Connaught Court,"St. Oswalds Road,York",YO10 4FA,1904626238,https://www.rmbi.org.uk,Nursing homes,York,Yorkshire & Humberside,The Royal Masonic Benevolent Institution Care Company
James Terry Court,"90 Haling Park Road,South Croydon",CR2 6NF,2086881745,https://www.rmbi.org.uk,Nursing homes,Croydon,London,The Royal Masonic Benevolent Institution Care Company
Sedgemoor Care Home,"64 Beach Road,Weston-super-mare",BS23 4BE,1934417125,,Residential homes,North Somerset,South West,Agincare (Somerset) Limited
Scarbrough Court,"Alexandra Way,Cramlington",NE23 6ED,1670712215,https://www.rmbi.org.uk,Nursing homes,Northumberland,North East,The Royal Masonic Benevolent Institution Care Company
Zetland Court,"106-128 Alumhurst Road,Bournemouth",BH4 8HU,1202769169,https://www.rmbi.org.uk,Residential homes,"Bournemouth, Christchurch and Poole",South West,The Royal Masonic Benevolent Institution Care Company
Glenview,"54 Gravel Hill,Ludlow",SY8 1QL,1584876262,https://www.shropshire.gov.uk,Residential homes,Shropshire,West Midlands,Shropshire Council
Florence Shipley Residential and Community Care Centre,"Market Place,Heanor",DE75 7AA,1629531367,https://www.derbyshire.gov.uk,Residential homes,Derbyshire,East Midlands,Derbyshire County Council
Lindisfarne House,"Newburn Road,Throckley,Newcastle Upon Tyne",NE15 9QR,1912676029,https://www.gainfordcarehomes.com,Nursing homes,Newcastle upon Tyne,North East,Gainford Care Homes Limited
Amber House,"154 Grimsby Road,Humberston",DN36 4AQ,1472500448,https://www.carmand.co.uk,Nursing homes,North East Lincolnshire,Yorkshire & Humberside,Carmand Ltd
Ivy Gate Lodge,"71 Scarisbrick New Road,Southport",PR8 6LF,7354902670,,Nursing homes,Sefton,North West,Priory CC96 Limited
Seren House,"10 Weld Road,Southport",PR8 2AZ,1254581236,,Residential homes,Sefton,North West,Blue Ribbon Healthcare Limited
Wickmeads,"2 Wickmeads Road,Bournemouth",BH6 4LG,1202436490,https://www.care-south.co.uk,Nursing homes,"Bournemouth, Christchurch and Poole",South West,Care South
Tall Trees,"Tall Trees,The Sycamores, Scawthorpe,Doncaster",DN5 7UH,1302856616,,Residential homes,Doncaster,Yorkshire & Humberside,Active Care Homes Limited
Tudor Avenue Residential Care Home,"3 Tudor Avenue,Hampton,Richmond",TW12 2ND,7540126631,https://www.richmond.gov.uk,Residential homes,Richmond upon Thames,London,Support for Living Limited
Vincent Court,"1 Vincent Court,Blackburn",BB2 4LD,,,Residential homes,Blackburn with Darwen,North West,Cygnet Behavioural Health Limited
Cambridge Park,"40b Cambridge Park,Twickenham",TW1 2JU,2088928592,https://www.lifeways.co.uk,Residential homes,Richmond upon Thames,London,Lifeways Community Care Limited
Four Oaks Care Home,"28 Wood Lane,Partington,Manchester",M31 4ND,1613593983,https://www.kingsleyhealthcare.co.uk/care-homes/four-oaks-nursing-home/,Nursing homes,Trafford,North West,Kingsley Care Homes Limited
The Grange,"Whinbush Way,Darlington",DL1 3PT,1325464900,https://www.highgatecare.co.uk,Residential homes,Darlington,North East,Highgate Care Services Ltd
Maple Lodge Care Home,"Low Hall Lane,Scotton,Richmond",DL9 4LJ,1748831000,https://www.highgatecare.co.uk,Nursing homes,North Yorkshire,Yorkshire & Humberside,Highgate Care Services Ltd
The Reeds,"2 Lincoln Road,Dorrington,Lincoln",LN4 3PT,1526833612,https://www.homefromhomecare.com,Residential homes,Lincolnshire,East Midlands,Home from Home Care Limited
Bentley Manor,"Sherbourne Road,Crewe",CW1 4LB,1270259630,https://www.harbourhealthcare.co.uk,Nursing homes,Cheshire East,North West,Harbour Healthcare Ltd
Skelton Court,"41 Ryder Road,Kirby Frith,Leicester",LE3 6UJ,1162610663,,Residential homes,Leicester,East Midlands,Sanctuary Home Care Limited
Ashlea Mews,"Stanhope Parade,South Shields",NE33 4BA,1914559051,,Residential homes,South Tyneside,North East,Indigo Care Services Limited
Three Bridges Nursing & Residential Home,"Nook Lane,Latchford,Warrington",WA4 1NT,1925418059,https://www.orchardcarehomes.com/carehomes/three-bridges-thelwall-lane-warrington,Nursing homes,Warrington,North West,Indigo Care Services Limited
Upton Dene Residential and Nursing Home,"Caldecott Close,Chester",CH2 1FD,1244569825,https://www.sanctuary-care.co.uk/care-homes-north/upton-dene-residential-and-nursing-home,Nursing homes,Cheshire West and Chester,North West,Sanctuary Care Limited
Wells Road,"240 Wells Road,Bristol",BS4 2PJ,1179716679,https://www.prioryadultcare.co.uk,Residential homes,"Bristol, City of",South West,Parkcare Homes (No.2) Limited
Oaklands,"59b Leeming Lane,Leeming Bar,Northallerton",DL7 9RR,1677455451,https://www.action4care.org,Residential homes,North Yorkshire,Yorkshire & Humberside,Action for Care Limited
Clarence House Care Home,"West Road,Mexborough",S64 9NL,1709578889,,Nursing homes,Doncaster,Yorkshire & Humberside,Crown Care VI Limited
Lakelands Lodge,"35 Laidleys Walk,Fleetwood",FY7 7JL,7354902670,,Nursing homes,Lancashire,North West,Priory CC96 Limited
Gledholt,"32 Greenhead Road,Gledholt,Huddersfield",HD1 4EZ,1484507810,https://www.cygnethealth.co.uk,Nursing homes,Kirklees,Yorkshire & Humberside,Cygnet Learning Disabilities Midlands Limited
The Lawns Care Home,"Ridsdale Street,Darlington",DL1 4EG,1325357161,https://www.highgatecare.co.uk,Residential homes,Darlington,North East,Highgate Care Services Ltd
Maple Tree,"2 Harewood Close,Birmingham",B28 0RX,7415237733,,Residential homes,Birmingham,West Midlands,Aston Transitional Care Limited
Rook Lodge,"1-6 Wanstead Lane,Ilford",IG1 3UB,2085180740,,Residential homes,Redbridge,London,Certitude Trading Limited
Dunelm,"Dunelm,Grove Road, Chadwell Heath,Romford",RM6 4XJ,2085970429,,Nursing homes,Redbridge,London,Certitude Trading Limited
Millfield Nursing and Residential Home,"Cedar Park Drive,Bolsover,Chesterfield",S44 6XP,1246825959,https://www.orchardcarehomes.com/carehomes/millfield-bolsover-chesterfield,Nursing homes,Derbyshire,East Midlands,Indigo Care Services Limited
Springfield,"Springfield House,Perrancoombe,Perranporth",TR6 0JA,1637416444,https://www.switchedoncare.com,Residential homes,Cornwall,South West,Green Light PBS Limited
Langfield Nursing and Residential Home,"Wood Street,Middleton,Manchester",M24 5QH,1616535319,https://www.orchardcarehomes.com/carehomes/langfield-langley-middleton,Nursing homes,Rochdale,North West,Indigo Care Services Limited
Prince George Duke of Kent Court,"Shepherds Green,Chislehurst",BR7 6PA,2084670081,https://www.rmbi.org.uk,Nursing homes,Bromley,London,The Royal Masonic Benevolent Institution Care Company
Cadogan Court,"Barley Lane,Exeter",EX4 1TA,1392251436,https://www.rmbi.org.uk,Nursing homes,Devon,South West,The Royal Masonic Benevolent Institution Care Company
Devonshire Court,"Howdon Road,Oadby,Leicester",LE2 5WQ,1162714171,https://www.rmbi.org.uk,Residential homes,Leicestershire,East Midlands,The Royal Masonic Benevolent Institution Care Company
Boldshaves Oast,"Frogs Hole Lane,Woodchurch,Ashford",TN26 3RA,,,Residential homes,Kent,South East,Canterbury Oast Trust
Coxwold & Priory,"9 Coxwold Grove,Hull",HU4 6HH,1482329226,,Residential homes,"Kingston upon Hull, City of",Yorkshire & Humberside,Avocet Trust
Bradbury Grange,"74 Canterbury Road,Whitstable",CT5 4HE,1227273209,https://mha.org.uk/care-support/care-homes/bradbury-grange,Residential homes,Kent,South East,Methodist Homes
Elburton Heights,"33 Springfield Road,Plymouth",PL9 8EJ,1752482662,https://www.harbourhealthcare.co.uk,Nursing homes,Plymouth,South West,Harbour Healthcare Ltd
The Elms Care Home,"Elm Drive,Louth",LN11 0DE,1507350100,https://www.highgatecare.co.uk,Nursing homes,Lincolnshire,East Midlands,Highgate Care Services Ltd
Homeleigh,"Middleton Road,Crumpsall,Manchester",M8 4JX,1617407313,https://www.achievetogether.co.uk,Residential homes,Manchester,North West,Achieve Together Limited
Maple Tree Court,"140 Gloucester Road,Kidsgrove,Stoke On Trent",ST7 1EL,1782770709,,Residential homes,Staffordshire,West Midlands,Anchor Hanover Group
Foxglove Care Limited,"96-98 Church Street,Sutton,Hull",HU7 4TD,1482826937,https://www.foxglovecare.co.uk,Residential homes,"Kingston upon Hull, City of",Yorkshire & Humberside,Foxglove Care Limited
Caedmon House,"2 Crescent Avenue,Whitby",YO21 3EQ,1947600430,https://www.milewood.co.uk,Residential homes,North Yorkshire,Yorkshire & Humberside,Milewood Healthcare Ltd
Marine View Lodge,"3 Alexandra Road,Wallasey",CH45 0JZ,7354902670,,Nursing homes,Wirral,North West,Priory CC96 Limited
Romsey / Winchester Avenue,"46 Romsey Avenue,Weddington,Nuneaton",CV10 0DR,1205204798,,Residential homes,Warwickshire,West Midlands,Rethink Mental Illness
Springwood Corner Care Home,"53 Ascot Road,Gravesend",DA12 5AL,1604675566,,Residential homes,Kent,South East,WT RB Opco 1 Limited
Newstead House,"43 Venns Lane,Hereford",HR1 1DT,1432263131,,Nursing homes,"Herefordshire, County of",West Midlands,Heritage Manor Limited
Creative Support - Willowtree House,"7 Poplar Street,Wellingborough",NN8 4PL,1933222324,https://www.creativesupport.co.uk,Residential homes,North Northamptonshire,East Midlands,Creative Support Limited
Castle Park,"176 Siddals Road,Derby",DE1 2PW,1332726283,,Nursing homes,Derby,East Midlands,ADL Plc
Crompton Court,"Crompton Street,Liverpool",L5 2QS,7492696724,,Residential homes,Liverpool,North West,ADL Plc
Roxburgh House Care Home,"Roxburgh Street,Bootle",L20 9PS,7882596174,,Residential homes,Sefton,North West,ADL Plc
Sandygate Residential Care Home,"57 Sandygate,Wath Upon Dearne,Rotherham",S63 7LU,1709877463,https://mha.org.uk/care-support/care-homes/sandygate,Residential homes,Rotherham,Yorkshire & Humberside,Methodist Homes
The Beeches,"Carr Road,Wath Upon Dearne,Rotherham",S63 7AA,1709761803,https://mha.org.uk/care-support/care-homes/beeches,Residential homes,Rotherham,Yorkshire & Humberside,Methodist Homes
Mortimer House,"Britton Gardens,Kingswood,Bristol",BS15 1TF,,https://www.milestonestrust.org.uk,Nursing homes,"Bristol, City of",South West,Milestones Trust
Birkdale Tower Care Home,"8 Oxford Road,Southport",PR8 2JR,1704773333,,Residential homes,Sefton,North West,Sandstone Care North West Limited
Cedar Park Nursing Home,"27-28 Oldfield Road,Oldfield Park,Bath",BA2 3NG,1225312484,,Nursing homes,Bath and North East Somerset,South West,Barker Care Limited
Phoenix Park Care Village,"Phoenix Avenue,Off Phoenix Parkway,Scunthorpe",DN15 8NH,1724289885,https://www.prime-life.co.uk,Nursing homes|Rehabilitation (illness/injury),North Lincolnshire,Yorkshire & Humberside,Prime Life Limited
Bishopsmead Lodge,"Vicarage Road,Bishopsworth,Bristol",BS13 8ES,1179359414,,Nursing homes,"Bristol, City of",South West,Harbour Healthcare (North) Ltd
Barrington Lodge,"Berkshire Place,Bishop Auckland",DL14 6XX,1388662322,,Nursing homes,County Durham,North East,Harbour Healthcare (North) Ltd
Brockwell Court,"9 Cobden Street,Consett",DH8 6AH,1207501851,,Nursing homes,County Durham,North East,Harbour Healthcare (North) Ltd
St James Road,"80-80a St. James Road,Orrell,Wigan",WN5 8TU,,,Residential homes,Wigan,North West,Bright Futures Care Limited
Alexandra Villa,"252 Alexandra Road,Bensham,Gateshead",NE8 4ED,1914901776,https://www.aspirecg.co.uk,Residential homes,Gateshead,North East,Aspire Healthcare Limited
Weston Favell Houses,"37a-37b St Peters Gardens,Weston Favell,Northampton",NN3 3JT,,,Nursing homes,West Northamptonshire,East Midlands,Oakleaf Care (Hartwell) Limited
Laurel Grove,"9 Wessex Close,Brimington,Chesterfield",S43 1GB,1246234608,,Residential homes,Derbyshire,East Midlands,Walton Lodge Limited
The Corner House,"65A Welbeck Street,Whitwell,Worksop",S80 4TW,,,Residential homes,Derbyshire,East Midlands,Walton Lodge Limited
The Bungalows,"7 Highfield,Billinge Road,Wigan",WN3 6BL,,,Residential homes,Wigan,North West,Wigan Council
An Diadan House,"25 Shirley Hills Road,Croydon",CR0 5HQ,2086546429,,Residential homes,Croydon,London,Kisimul Group Limited
Rose House,"25 Railway Street,Gillingham",ME7 1XH,1634580797,https://www.eleanorcare.co.uk,Residential homes,Medway,South East,Eleanor Nursing and Social Care Limited
Rider House Care Centre,"Stapenhill Road,Burton On Trent",DE15 9AE,1283512973,,Nursing homes,Staffordshire,West Midlands,Your Health Limited
Oakhill Mansions,"College Park Drive,Westbury-On-Trym,Bristol",BS10 7QD,1179501201,https://www.cedarcarehomes.com,Nursing homes,"Bristol, City of",South West,Cedar Care Homes Limited
Hurstfield,"Keighley Road,Cowling,Keighley",BD22 0LA,1535634313,https://www.elysiumhealthcare.co.uk,Residential homes,North Yorkshire,Yorkshire & Humberside,Elysium Healthcare No. 4 Limited
Ghyllside,"22a High Street,Steeton,Keighley",BD20 6NT,1535657822,https://www.elysiumhealthcare.co.uk,Residential homes,Bradford,Yorkshire & Humberside,Elysium Healthcare No. 4 Limited
Greenhill,"30 Station Road,Steeton,Keighley",BD20 6RY,1535655331,https://www.elysiumhealthcare.co.uk,Residential homes,Bradford,Yorkshire & Humberside,Elysium Healthcare No. 4 Limited
Fessey House,"Brookdene,Haydon Wick,Swindon",SN25 1RY,1793725844,,Residential homes|Homecare agencies,Swindon,South West,Swindon Borough Council
Castleford Lodge,"Oxford Street,Castleford",WF10 5DF,1977668448,https://www.orchardcarehomes.com/carehomes/castleford-lodge-castleford,Nursing homes,Wakefield,Yorkshire & Humberside,Indigo Care Services Limited
Lilac,"24 Greasley Court,Mansfield",NG18 4ND,1623626252,https://www.innovahouse.org.uk,Residential homes,Nottinghamshire,East Midlands,Innova House Health Care Limited
HF Trust - Phillippines Close,"4&5 Phillippines Close,Edenbridge",TN8 5GN,1732782700,https://www.hft.org.uk,Residential homes,Kent,South East,HF Trust Limited
Gresham House,"Station Road,Staplehurst",TN12 0PZ,1580895150,https://www.elysiumhealthcare.co.uk,Residential homes,Kent,South East,Elysium Care Partnerships No 2 Limited
2 Windsor Avenue,"Desborough,Kettering",NN14 2SS,1536763297,https://www.consensussupport.com,Residential homes,North Northamptonshire,East Midlands,Consensus Support Services Limited
Asra House Residential Care Home,"15 Asha Margh,Holden Street,Leicester",LE4 5LE,1162662727,https://www.sanctuary-care.co.uk/care-homes-midlands/asra-house-residential-care-home,Residential homes,Leicester,East Midlands,Sanctuary Care Limited
Melton House,"Brandling Drive,Newcastle Upon Tyne",NE3 5PJ,1912366600,https://www.prestwickcare.co.uk,Nursing homes,Newcastle upon Tyne,North East,Malhotra Care Homes Limited
Woodview (Active Prospects),"Prospect Housing and Support Services,Woodview, Coulsdon Road,Caterham",CR3 5YA,1883331309,https://www.activeprospects.org.uk,Residential homes,Surrey,South East,Active Prospects
Primrose House,"45 Atlantic Way,Westward Ho,Bideford",EX39 1JD,1237488023,https://www.stone-haven.co.uk,Residential homes,Devon,South West,Stonehaven (Healthcare) Ltd
Wilkinson Park,"Harbottle,Rothbury,Morpeth",NE65 7DP,1669650265,,Residential homes,Northumberland,North East,Careline Lifestyles (UK) Ltd
Avon Court Care Home,"St Francis Avenue,Chippenham",SN15 2SE,1249660055,,Nursing homes,Wiltshire,South West,HC-One No.1 Limited
Millwater,"164-168 Waterloo Road,Yardley,Birmingham",B25 8LD,1217063707,,Residential homes,Birmingham,West Midlands,Lifeways Community Care Limited
Beeton Grange,"50-55 Beeton Road,Birmingham",B18 4QD,1215545559,,Residential homes,Birmingham,West Midlands,Lifeways Community Care Limited
26 Seabrook Road,"26 Seabrook Road,Hythe",CT21 5NA,1303266453,https://www.clbd.org,Residential homes,Kent,South East,CLBD Limited
95 Ashley Avenue,"95 Ashley Avenue,Folkestone",CT19 4PJ,1303266453,https://www.clbd.org,Residential homes,Kent,South East,CLBD Limited
Westy Hall Residential Care Home,"Marsden Avenue,Latchford,Warrington",WA4 1UB,1925637948,https://www.minstercaregroup.co.uk,Residential homes,Warrington,North West,Croftwood Care (Cheshire) Limited
Amberwood Lodge,"6 St Osmunds Road,Poole",BH14 9JN,1202007339,https://www.cygnethealth.co.uk,Residential homes,"Bournemouth, Christchurch and Poole",South West,Cygnet Care Services Limited
Nightingale,"46-48 Stourcliffe Avenue,Bournemouth",BH6 3PX,1202419537,https://www.cygnethealth.co.uk,Residential homes,"Bournemouth, Christchurch and Poole",South West,Cygnet Care Services Limited
Alexandra View Care Centre,"Lilburn Place,Southwick,Sunderland",SR5 2AF,1915496331,,Nursing homes,Sunderland,North East,Roseberry Care Centres GB Limited
Moorend Place,"34 Commonside,Walkley,Sheffield",S10 1GE,1142680001,,Nursing homes,Sheffield,Yorkshire & Humberside,Roseberry Care Centres GB Limited
Chapel Lodge,"105 Station Road,Chapeltown,Sheffield",S35 2XF,1142578727,,Nursing homes,Sheffield,Yorkshire & Humberside,Roseberry Care Centres GB Limited
Fleming Court,"Burdon Terrace,Newcastle Upon Tyne",NE2 3AE,1912818136,https://www.hc-one.co.uk,Residential homes,Newcastle upon Tyne,North East,HC-One No.2 Limited
Castle Brook,"Common Lane,Kenilworth",CV8 2EQ,1926353160,https://www.wcs-care.co.uk,Residential homes,Warwickshire,West Midlands,WCS Care Group Limited
Rydal Care Home,"Rydal Road,Darlington",DL1 4BH,1325369329,,Nursing homes,Darlington,North East,Minster Care Management Limited
Marvels House,"162 Marvels Lane,London",SE12 9PJ,2035389250,https://www.cognithan.com,Residential homes,Lewisham,London,Cognithan Limited
The Rowans Care Home,"West Ella Way,Kirk Ella,Hull",HU10 7LP,1482659161,,Residential homes,East Riding of Yorkshire,Yorkshire & Humberside,National Care Consortium Ltd
Shaftesbury Horizons,"12 Lindsay Road,Poole",BH13 6AS,1202762897,,Nursing homes,"Bournemouth, Christchurch and Poole",South West,Livability
Knowle Hill,"High Street,Beighton,Sheffield",S20 1HE,1142213249,,Residential homes,Sheffield,Yorkshire & Humberside,SheffCare Limited
Madeline McKenna Court,"7 Caxton Close,Widnes",WA8 4DY,1514245272,,Residential homes,Halton,North West,Halton Borough Council
Ingersley Court Residential Care Home,"Ingersley Court, Lowther Street,Off Church Street, Bollington,Macclesfield",SK10 5QA,1625574233,https://www.minstercaregroup.co.uk,Residential homes,Cheshire East,North West,Croftwood Care UK Limited
Ancliffe Residential Care Home,"Warrington Road,Goose Green,Wigan",WN3 6QA,,https://www.minstercaregroup.co.uk,Residential homes,Wigan,North West,Croftwood Care UK Limited
Gleavewood Residential Care Home,"Farm Road,Weaverham,Northwich",CW8 3NT,1606853395,https://www.minstercaregroup.co.uk,Residential homes,Cheshire West and Chester,North West,Croftwood Care UK Limited
Chelmunds Court,"2 Pomeroy Way,Birmingham",B37 7WB,1217704254,https://www.runwoodhomes.co.uk,Nursing homes,Solihull,West Midlands,Runwood Homes Limited
Fixby Lodge,"48 Long Hill Road,Huddersfield",HD2 1PJ,1484950812,https://www.horizoncareservices.co.uk,Residential homes,Kirklees,Yorkshire & Humberside,Horizon Healthcare Homes Limited
Real Life Options - Springfield Road,"180 & 182 Springfield Road,Moseley,Birmingham",B13 9NE,,https://www.reallifeoptions.org,Residential homes,Birmingham,West Midlands,Real Life Options
Merstone House,"180 Coleshill Road,Marston Green,Birmingham",B37 7HP,1217705827,https://www.accomplish-group.co.uk,Residential homes,Solihull,West Midlands,Accomplish Group Limited
Millfield Care Home,"Bury New Road,Heywood",OL10 4RQ,1706621222,https://www.qualiacare.co.uk/our-homes/millfield/,Nursing homes,Rochdale,North West,Qualia Care Limited
Next Steps - The Elms,"72 Wigan Road,Bolton",BL3 5PZ,1204650297,,Residential homes,Bolton,North West,Next Steps Mental Healthcare LTD
22 Levick Court,"Cambridge Road,Linthorpe,Middlesbrough",TS5 5JR,1642727940,,Residential homes,Middlesbrough,North East,Middlesbrough Borough Council
Topaz House,"226 Grimsby Road,Cleethorpes",DN35 7EY,1472237476,https://www.carmand.co.uk,Nursing homes,North East Lincolnshire,Yorkshire & Humberside,Carmand Ltd
Brook House Care Centre,"20 Meadowford Close,London",SE28 8GA,2083205600,https://bondcare.co.uk/brook-house/,Nursing homes,Greenwich,London,Bondcare (London) Limited
Weston Favell Houses,"3 Martins Court, Church Way,Weston Favell,Northampton",NN3 3EN,1604864466,https://www.oakleafcare.com,Nursing homes|Long-term conditions|Rehabilitation (illness/injury),West Northamptonshire,East Midlands,Oakleaf Care (Hartwell) Limited
Aashna House Residential Care Home,"2 Bates Crescent,Streatham Vale,London",SW16 5BP,2087650822,https://www.sanctuary-care.co.uk/care-homes-london/aashna-house-residential-care-home,Residential homes,Lambeth,London,Sanctuary Care Limited
Lime Tree Court Residential Care Home,"108 Ettingshell Road,Bilston,Wolverhampton",WV14 9UG,1902884490,https://www.sanctuary-care.co.uk/care-homes-midlands/lime-tree-court-residential-care-home,Residential homes,Wolverhampton,West Midlands,Sanctuary Care Limited
Lake View Residential Care Home,"Brookside Avenue,Telford",TF3 1LB,1952594110,https://www.sanctuary-care.co.uk/care-homes-midlands/lake-view-residential-care-home,Residential homes,Telford and Wrekin,West Midlands,Sanctuary Care Limited
Foxglove Care Limited - 14 Church Road,"14 Church Road,Wawne,Hull",HU7 5XJ,1482826937,https://www.foxglovecare.co.uk,Residential homes,East Riding of Yorkshire,Yorkshire & Humberside,Foxglove Care Limited
Foxglove Care Limited - 1 The Causeway,"1 The Causeway,Kingswood,Hull",HU7 3AL,1482826937,https://www.foxglovecare.co.uk,Residential homes,"Kingston upon Hull, City of",Yorkshire & Humberside,Foxglove Care Limited
Hillside Care Home,"Hillside Avenue,Liverpool",L36 8DU,1514430271,,Nursing homes,Knowsley,North West,Qualia Care Limited
Sheldon Ridge,"1-3 Bierley Lane,Bradford",BD4 6EE,1274688029,,Nursing homes,Bradford,Yorkshire & Humberside,Turning Point
Petunia Grove - Macclesfield,"3 Petunia Grove,Macclesfield",SK11 7YY,1565640127,https://www.davidlewis.org.uk,Residential homes,Cheshire East,North West,The David Lewis Centre
Park View Road,"2A Park View Road,Bradford",BD9 4PA,1274481030,,Residential homes,Bradford,Yorkshire & Humberside,Voyage 1 Limited
Bedford Care Home,"Battersby Street,Leigh",WN7 2AH,1942262202,,Nursing homes,Wigan,North West,Advinia Care Homes Limited
Netherton Green Care Home,"Bowling Green Road,Dudley",DY2 9LY,1384410120,,Nursing homes,Dudley,West Midlands,Advinia Care Homes Limited
West Ridings Care Home,"Off Lingwell Gate Lane,Lofthouse,Wakefield",WF3 3JX,1924826806,,Nursing homes,Wakefield,Yorkshire & Humberside,Advinia Care Homes Limited
Blaydon Lodge,"Shibdon Road,Blaydon On Tyne",NE21 5AS,1914336360,,Residential homes,Gateshead,North East,Gateshead Council
Halcyon House,"55 Cable Street,Formby,Liverpool",L37 3LU,1704833350,https://www.abbeyfield.com/nursing-homes/halcyon-house-in-formby-at-l37-3lu/,Nursing homes,Sefton,North West,Abbeyfield Society (The)
RecoveryHub@SouthLeeds,"Atha Crescent,Leeds",LS11 7DB,1138435777,https://Leeds.gov.uk,Nursing homes,Leeds,Yorkshire & Humberside,Leeds City Council
Sandhall Park,"Sandhall Drive,Goole",DN14 5HY,1405765132,,Residential homes,East Riding of Yorkshire,Yorkshire & Humberside,National Care Consortium Ltd
Walford Lodge,"7 Mill Street,Wem,Shrewsbury",SY4 5ED,1939260992,,Residential homes,Shropshire,West Midlands,Condover College Limited
Heather House,"Cheshire Avenue,Birtley,Chester Le Street",DH3 2BA,1914100712,,Residential homes,Gateshead,North East,Voyage 1 Limited
Pembroke Lodge,"2 Pembroke Avenue,Newcastle Upon Tyne",NE6 4QU,1912245803,,Residential homes,Newcastle upon Tyne,North East,Voyage 1 Limited
"St Anne's, Huddersfield Mental Health Services","29 Cambridge Road,Huddersfield",HD1 5BU,1484450833,,Residential homes,Kirklees,Yorkshire & Humberside,St Anne's Community Services
"St Anne's, Huddersfield Mental Health Services","26 Beech Street,Huddersfield",HD1 4JP,1484431945,,Residential homes,Kirklees,Yorkshire & Humberside,St Anne's Community Services
Options Applegate House,"50 Holydyke,Barton Upon Humber",DN18 5PP,1652636762,https://www.optionsgroup.co.uk,Residential homes,North Lincolnshire,Yorkshire & Humberside,OA2 Adults Limited
24 Seabrook Road,"24 Seabrook Road,Hythe",CT21 5NA,1303230772,https://www.clbd.org,Residential homes,Kent,South East,CLBD Limited
Bell Lane,"34 Bell Lane,Kitts Green,Birmingham",B33 0HT,1217700633,,Residential homes,Birmingham,West Midlands,Midway Care Ltd
Hamilton House,"Leigh Sinton,Malvern",WR13 5DZ,1886832456,https://www.prioryadultcare.co.uk,Residential homes,Worcestershire,West Midlands,Parkcare Homes (No.2) Limited
Alphonsus House,"81-85 Vicarage Road,Oldbury",B68 8HT,1215446311,https://www.prioryadultcare.co.uk,Residential homes,Sandwell,West Midlands,Parkcare Homes (No.2) Limited
Jubilee Lodge,"Meadow Way,Bourton-on-the-Water,Cheltenham",GL54 2GN,1451823100,,Nursing homes|Rehabilitation (illness/injury),Gloucestershire,South West,The Orders Of St. John Care Trust
Sovereign House,"Daimler Drive,Chelmarsh,Coventry",CV6 3LB,2476596064,,Nursing homes,Coventry,West Midlands,Minster Care Management Limited
Saffron House,"2A High Street,Barwell,Leicester",LE9 8DQ,1455842222,,Residential homes,Leicestershire,East Midlands,Minster Care Management Limited
Highfield Care Centre,"Allerton Bywater,Castleford",WF10 2DY,1977552601,,Residential homes,Leeds,Yorkshire & Humberside,Highgate Care Services (Yorkshire) LTD
The Sycamores,"Norton Road,Wakefield",WF1 3BD,1924376475,,Residential homes,Wakefield,Yorkshire & Humberside,Highgate Care Services (Yorkshire) LTD
York House,"Old Bank Road,Earlsheaton,Dewsbury",WF12 7AH,1924467825,,Residential homes,Kirklees,Yorkshire & Humberside,Highgate Care Services (Yorkshire) LTD
Sandhills Court Care Home,"Exeter Road,Scunthorpe",DN15 7AS,1724333001,https://www.bupa.com,Residential homes,North Lincolnshire,Yorkshire & Humberside,Bupa Care Homes (ANS) Limited
Monkscroft Care Centre,"Shelley Road,Cheltenham",GL51 7DP,1242321111,https://www.osjct.co.uk,Nursing homes,Gloucestershire,South West,The Orders Of St. John Care Trust
Aire House,"6 Westcliff Grove,Harrogate",HG2 0PL,1423509285,https://www.prioryadultcare.co.uk,Residential homes,North Yorkshire,Yorkshire & Humberside,Parkcare Homes (No.2) Limited
Rush Hill Mews,"Clarks Way,Bath",BA2 2TR,1225435870,https://www.gracewellbath.co.uk,Nursing homes,Bath and North East Somerset,South West,WT UK Opco 4 Limited
Maple Court,"182 Barrowcliff Road,Scarborough",YO12 6EY,1723413413,https://www.burlingtoncare.com,Residential homes,North Yorkshire,Yorkshire & Humberside,Highgate Care Services (Yorkshire) LTD
Highcroft Hall Residential Care Home,"Old Fallings Lane,Wolverhampton",WV10 8BU,1902866802,https://www.sanctuary-care.co.uk/care-homes-midlands/highcroft-hall-residential-care-home,Residential homes,Wolverhampton,West Midlands,Sanctuary Care Limited
East Park Court Residential Care Home,"29 Holloway Street,Bilston,Wolverhampton",WV1 2SY,1902494525,https://www.sanctuary-care.co.uk/care-homes-midlands/east-park-court-residential-care-home,Residential homes,Wolverhampton,West Midlands,Sanctuary Care Limited
Redhill Court Residential Care Home,"77 Nearhill Street,Kings Norton,Birmingham",B38 8JU,1214864941,https://www.sanctuary-care.co.uk/care-homes-midlands/redhill-court-residential-care-home,Residential homes,Birmingham,West Midlands,Sanctuary Care Limited
Jersey Road,"11B Jersey Road,Rochester",ME2 3PB,,https://www.clbd.org,Residential homes,Medway,South East,CLBD Limited
Ruddington View,"Clifton Lane,Ruddington,Nottingham",NG11 6AB,1159842808,https://www.voyagecare.com,Residential homes,Nottinghamshire,East Midlands,Voyage 1 Limited
Westbourne Tower Care Home,"16-18 Poole Road,Bournemouth",BH4 9DR,1202760966,,Nursing homes,"Bournemouth, Christchurch and Poole",South West,Willow Tower Opco 1 Limited
Alpine Care Home,"10 Bradbourne Park Road,Sevenoaks",TN13 3LH,1732455537,,Residential homes,Kent,South East,Regal Care Trading Ltd
Ashley Court Care Home,"Reservoir Road,Kettering",NN16 9QT,1536482777,,Residential homes,North Northamptonshire,East Midlands,Regal Care Trading Ltd
Cheney House,"Rectory Lane,Middle Cheney,Banbury",OX17 2NZ,1295710494,,Residential homes,West Northamptonshire,East Midlands,Regal Care Trading Ltd
The Hollies Rest Home,"14-16 Park Road,Southborough",TN4 0NX,1892535346,,Residential homes,Kent,South East,Regal Care Trading Ltd
Linden Manor,"159 Midland Road,Wellingborough",NN8 1NF,1933270266,https://www.regalcarehomes.com,Residential homes,North Northamptonshire,East Midlands,Regal Care Trading Ltd
Loose Court,"Rushmead Drive,Maidstone",ME15 9UD,1622747406,,Residential homes,Kent,South East,Regal Care Trading Ltd
Westlands Care Home,"48 Oxford Street,Wellingborough",NN8 4JH,1933274430,,Residential homes,North Northamptonshire,East Midlands,Regal Care Trading Ltd
Lorenzo Drive,"4-4a Lorenzo Drive,Liverpool",L11 1BQ,1512261449,,Residential homes|Rehabilitation (illness/injury)|Supported living,Liverpool,North West,Voyage 1 Limited
Millbrow Care Home,"Mill Brow,Widnes",WA8 6QT,1514204859,https://www.halton.gov.uk/Pages/Home.aspx,Nursing homes,Halton,North West,Halton Borough Council
Ravendale Hall,"East Ravendale,Ravendale Hall,Grimsby",DN37 0RX,1472823291,,Residential homes,North East Lincolnshire,Yorkshire & Humberside,St Philips Care Limited
38 Torrin Drive,"38 Torrin Drive,Shrewsbury",SY3 6AW,1743455252,,Residential homes,Shropshire,West Midlands,Condover College Limited
Welwyn,"72 Sundorne Road,Shrewsbury",SY1 4RT,1743872250,,Residential homes,Shropshire,West Midlands,Condover College Limited
Belvoir Lodge,"243 Edwards Lane,Nottingham",NG5 6EQ,1159679287,https://www.salutemcareandeducation.co.uk,Residential homes,Nottingham,East Midlands,Salutem LD BidCo IV Limited
Edward Street,"1-3 Edward Street,Halton View,Widnes",WA8 0BW,1514203364,https://www.salutemcareandeducation.co.uk,Residential homes,Halton,North West,Salutem LD BidCo IV Limited
Laverneo,"Pennywell Road,Sunderland",SR4 9HX,1915286908,https://www.salutemcareandeducation.co.uk,Residential homes,Sunderland,North East,Salutem LD BidCo IV Limited
Hennel Lane,"99 Hennel Lane,Lostock Hall,Preston",PR5 5UL,1772620587,https://www.salutemcareandeducation.co.uk,Residential homes,Lancashire,North West,Salutem LD BidCo IV Limited
Oakleigh Lodge,"4 Oakleigh Avenue,Nottingham",NG3 6GA,1159602383,https://www.salutemcareandeducation.co.uk,Residential homes,Nottinghamshire,East Midlands,Salutem LD BidCo IV Limited
Oxclose Lodge,"231 Edwards Lane,Nottingham",NG5 6EQ,1159269617,https://www.salutemcareandeducation.co.uk,Residential homes,Nottingham,East Midlands,Salutem LD BidCo IV Limited
Warrington Road,"102-108 Warrington Road,Widnes",WA8 0AS,1514233621,https://www.salutemcareandeducation.co.uk,Residential homes,Halton,North West,Salutem LD BidCo IV Limited
Woodford Court,"6-8 Snakes Lane West,Woodford Green",IG8 0BS,2085029502,https://www.salutemcareandeducation.co.uk,Residential homes,Redbridge,London,Salutem LD BidCo IV Limited
Rosewarne,"Holman Park,Tehidy Road,Camborne",TR14 8FD,1209713729,https://www.salutemcareandeducation.co.uk,Residential homes,Cornwall,South West,Salutem LD BidCo IV Limited
Whitwood Grange,"Smawthorne Lane,Castleford",WF10 4ES,1977667725,,Residential homes,Wakefield,Yorkshire & Humberside,Living Ambitions Limited
Lutterworth View,"88 Lutterworth Road,Leicester",LE2 8PG,1162838854,https://www.heathcotes.net,Residential homes,Leicester,East Midlands,Heathcotes Care Limited
Dove Tree House,"89-91 Heavitree Road,Exeter",EX1 2ND,1392221648,,Residential homes,Devon,South West,Stonehaven (Healthcare) Ltd
50 Broadfields,"50 Broadfields,Pewsey",SN9 5DU,,,Residential homes,Wiltshire,South West,Innovations Wiltshire Limited
CTTM Elmfield Cottage,"Alcester Road,Hollywood,Birmingham",B47 5NS,1214304297,https://www.cttm.co.uk,Residential homes,Worcestershire,West Midlands,Extel Limited
Lakelands Residential Care Home,"Grizedale Drive,Ince,Wigan",WN2 2LX,1942323154,https://www.minstercaregroup.co.uk,Residential homes,Wigan,North West,Croftwood Care UK Limited
Loxley Hall,"Lower Robin Hood Lane,Helsby,Frodsham",WA6 0BW,1928723622,https://www.minstercaregroup.co.uk,Nursing homes,Cheshire West and Chester,North West,Croftwood Care UK Limited
Lyndhurst Residential Care Home,"College Street,Leigh",WN7 2RF,,https://www.minstercaregroup.co.uk,Residential homes,Wigan,North West,Croftwood Care UK Limited
New Milton House Residential Care Home,"Station Road,Alsager,Stoke On Trent",ST7 2PB,1270874422,https://www.minstercaregroup.co.uk,Residential homes,Cheshire East,North West,Croftwood Care UK Limited
The Elms Residential Care Home,"The Elms,Elm Drive,Crewe",CW1 4EH,1270584236,https://www.minstercaregroup.co.uk,Residential homes,Cheshire East,North West,Croftwood Care UK Limited
Thorley House Residential Care Home,"Hazelmere Gardens,Hindley,Wigan",WN2 3QD,2084227365,https://www.minstercaregroup.co.uk,Residential homes,Wigan,North West,Croftwood Care UK Limited
Ashby Court,"1-6 Ashby Road,Spilsby",PE23 5DR,1790753432,,Residential homes,Lincolnshire,East Midlands,Boulevard Care Limited
Boulevard House,"1, The Boulevard,Mablethorpe",LN12 2AD,1507473228,,Residential homes,Lincolnshire,East Midlands,Boulevard Care Limited
Link House,"Main Road,Withern",LN13 0NB,1507450403,,Residential homes,Lincolnshire,East Midlands,Boulevard Care Limited
Willoughby House,"Willoughby Road,Sutton-on-Sea",LN12 2NF,1507442555,,Residential homes,Lincolnshire,East Midlands,Boulevard Care Limited
Hillcroft House Galgate,"Chapel Lane,Galgate,Lancaster",LA2 0PR,,,Nursing homes,Lancashire,North West,Hillcroft Nursing Homes Limited
Chertsey Road,"401A Chertsey Road,Twickenham",TW2 6LS,2088947081,https://www.achievetogether.co.uk,Residential homes,Richmond upon Thames,London,Achieve Together Limited
Anning House,"Cross Road,Weymouth",DT4 9QX,1305233300,,Nursing homes,Dorset,South West,WT UK Opco 4 Limited
Coleshill Road,"74 Coleshill Road,Marston Green,Birmingham",B37 7HW,1217706662,,Residential homes,Solihull,West Midlands,Midway Care Ltd
Barony Lodge Residential Care Home,"Barony Road,Nantwich",CW5 5QS,1270447395,,Residential homes,Cheshire East,North West,Sanctuary Care Limited
Jubilee Lodge,"Carleton Road,Skipton",BD23 2BE,1609535569,https://www.northyorks.gov.uk,Residential homes,North Yorkshire,Yorkshire & Humberside,North Yorkshire Council
Elm Tree House,"Meadow View,Rochdale",OL12 7PB,1706868176,,Residential homes,Rochdale,North West,Lifeways Community Care Limited
The Phoenix,"St. Helens Avenue,Lincoln",LN6 7RA,,,Residential homes,Lincolnshire,East Midlands,Linkage Community Trust
Ashton Court Residential Home,"62 Blyth Road,Maltby,Rotherham",S66 7LF,1709812464,,Residential homes,Rotherham,Yorkshire & Humberside,Mauricare Limited
Thornhill,"21 Thornhill Park,Sunderland",SR2 7LA,1915143083,,Residential homes,Sunderland,North East,North East Autism Society
Baugh House Care Centre,"19 Baugh Road,Sidcup",DA14 5ED,2086201007,https://www.goldcarehomes.com,Nursing homes,Bexley,London,GCH (South) Ltd
Hillside Nursing Home,"North Hill Drive,Harold Hill,Romford",RM3 9AW,1708346077,https://www.goldcarehomes.com,Nursing homes,Havering,London,GCH (South) Ltd
Falconer's Court,"Falconers Court,High Street,Edenbridge",TN8 5NW,1732866407,https://aspens.org.uk,Residential homes,Kent,South East,Aspens Charities
Ecclesbourne Lodge,"Wirksworth Road,Duffield,Belper",DE56 4AQ,1332843430,https://www.senadgroup.com,Residential homes,Derbyshire,East Midlands,Winslow Court Limited
The Laurels,"Westfield Lane,Draycott,Cheddar",BS27 3TN,1934742649,https://www.countrycourtcare.co/our-homes/the-laurels-care-home,Residential homes,Somerset,South West,Country Court Care Homes 2 Limited
Stockmoor Lodge,"1 Nokoto Drive,Bridgwater",TA6 6WT,1278434535,https://www.somersetcare.co.uk,Nursing homes,Somerset,South West,Somerset Care Limited
Albion Court Care Centre,"Clinton Street,Winston Green,Birmingham",B18 4BJ,1215547261,https://www.averyhealthcare.co.uk/care-homes/birmingham/birmingham/albion-court,Nursing homes,Birmingham,West Midlands,Avery Homes (Nelson) Limited
Dimensions Somerset The Old Police House,"The Old Police House,Catch Road, Nunney,Frome",BA11 4NE,1373863068,,Residential homes,Somerset,South West,Dimensions Somerset Sev Limited
William Court and Nunn Court,"9 Glebe Road,West Bridgford,Nottingham",NG2 6DS,1159819181,,Residential homes,Nottinghamshire,East Midlands,Broadoak Group of Care Homes
Grindon Mews Short Break Centre,"Grindon Mews,Nookside Grindon,Sunderland",SR4 8PQ,1915615831,,Residential homes,Sunderland,North East,Sunderland City Council
Belong Morris Feinmann,"178 Palatine Road,Manchester",M20 2UW,1618504030,,Nursing homes,Manchester,North West,Belong Limited
Tollemache Road Respite Service,"31-33 Tollemache Road,Prenton",CH43 8SU,1905334000,,Residential homes,Wirral,North West,Sanctuary Home Care Limited
Leawood Manor,"Hilton Crescent,West Bridgford,Nottingham",NG2 6HY,1159234985,https://www.runwoodhomes.co.uk,Residential homes,Nottinghamshire,East Midlands,Runwood Homes Limited
Maun View,"261 Chesterfield Road South,Mansfield",NG19 7EL,1623423125,https://www.runwoodhomes.co.uk,Residential homes,Nottinghamshire,East Midlands,Runwood Homes Limited
Leonard's Croft,"80 Lichfield Road,Stafford",ST17 4LP,1785214449,https://www.prioryadultcare.co.uk,Residential homes,Staffordshire,West Midlands,Parkcare Homes (No.2) Limited
23 Trittiford Road,"Yardley Wood,Birmingham",B13 0ES,1214442629,,Residential homes,Birmingham,West Midlands,GreenSquareAccord Limited
Downshaw Lodge,"Downshaw Road,Ashton Under Lyne",OL7 9QL,1613307059,,Nursing homes,Tameside,North West,Qualia Care Limited
Nazareth House - Birkenhead,"Manor Hill,Claughton,Birkenhead",CH43 1UG,1516534003,,Nursing homes,Wirral,North West,Nazareth Care Charitable Trust
Nazareth House - Crosby,"Liverpool Road,Crosby,Liverpool",L23 0QT,1519283254,,Residential homes,Sefton,North West,Nazareth Care Charitable Trust
Nazareth House - Lancaster,"Ashton Road,Lancaster",LA1 5AQ,152432074,,Nursing homes,Lancashire,North West,Nazareth Care Charitable Trust
Nazareth House - Northampton,"118 Harlestone Road,Northampton",NN5 6AD,1604751385,,Residential homes,West Northamptonshire,East Midlands,Nazareth Care Charitable Trust
Warwick House,"7 Warwick Street,Earlsdon,Coventry",CV5 6ET,2476679896,https://www.aspectscarehomes.co.uk,Residential homes,Coventry,West Midlands,Aspects Care Homes Ltd
Mulberry House,"34 Claypool Road,Bristol",BS15 9QH,1179709300,https://www.milestonestrust.org.uk,Residential homes,South Gloucestershire,South West,Milestones Trust
Alexander Court Care Centre,"320 Rainham Road South,Dagenham",RM10 7UU,2087090080,https://bondcare.co.uk/alexander-court/,Nursing homes,Barking and Dagenham,London,Bondcare (London) Limited
Beech Court Care Centre,"298-304 South Street,Romford",RM1 2AJ,1708720123,https://bondcare.co.uk/beech-court/,Nursing homes,Havering,London,Bondcare (London) Limited
The Fountains Care Centre,"12 Theydon Gardens,Rainham",RM13 7TU,1708554456,https://bondcare.co.uk/the-fountains/,Nursing homes,Havering,London,Bondcare (London) Limited
Springfield Care Centre,"Springfield Drive,Ilford",IG2 6PS,2085189270,https://bondcare.co.uk/springfield/,Nursing homes,Redbridge,London,Bondcare (London) Limited
Parkvale,"124 Park Avenue,Whitley Bay",NE26 1AY,1912527163,https://www.aspirecg.co.uk/parkvale/,Residential homes,North Tyneside,North East,Aspire Healthcare Limited
Milton Lodge,"23-24 Esplanade,Whitley Bay",NE26 2AJ,1912533730,,Residential homes,North Tyneside,North East,Aspire Healthcare Limited
The Coach House,"34A Stapenhill Road,Burton On Trent",DE15 9AE,,,Residential homes,Staffordshire,West Midlands,Lifeways Community Care Limited
River Lodge,"35 Stapenhill Road,Burton On Trent",DE15 9AE,1283533759,,Residential homes,Staffordshire,West Midlands,Lifeways Community Care Limited
Trent View,"34 Stapenhill Road,Burton On Trent",DE15 9AE,1283546234,,Residential homes,Staffordshire,West Midlands,Lifeways Community Care Limited
Bourn View,"47 Bristol Road South,Birmingham",B31 2FR,1215163500,https://www.averyhealthcare.co.uk/care-homes/birmingham/birmingham/bourn-view/,Residential homes,Birmingham,West Midlands,Willowbrook Healthcare Limited
Fairview,"Sutherland Road,Nottingham",NG3 7AP,1159764652,https://www.autismeastmidlands.org.uk,Residential homes,Nottingham,East Midlands,Autism East Midlands
Lynton House,"Sutherland Road,Nottingham",NG3 7AP,1159764652,https://www.autismeastmidlands.org.uk,Residential homes,Nottingham,East Midlands,Autism East Midlands
Southbourne Beach Care Home,"42 Belle Vue Road,Bournemouth",BH6 3DS,1202437600,https://www.signature-care-homes.co.uk/communities/signature-at-southbourne,Residential homes,"Bournemouth, Christchurch and Poole",South West,Willow Tower Opco 1 Limited
Frognal House Care Home,"Frognal House,Frognal Avenue,Sidcup",DA14 6LF,2083026200,https://www.sunrise-care.co.uk,Residential homes,Bexley,London,Willow Tower Opco 1 Limited
Ashmead Care Centre,"201 Cortis Road,London",SW15 3AX,2082466430,,Nursing homes,Wandsworth,London,MMCG (2) Limited
Mercia Grange,"538 Lichfield Road,Four Oaks,Sutton Coldfield",B74 4EH,1217264820,,Nursing homes,Birmingham,West Midlands,Care UK Community Partnerships Ltd
Creative Support - Bredon Respite Service,"Lapwing Grove,Palacefields,Runcorn",WA7 2TJ,1612360829,https://www.creativesupport.co.uk,Residential homes,Halton,North West,Creative Support Limited
United Response - 29 Mayfair Avenue,"29 Mayfair Avenue,Twickenham",TW2 7JG,2088942053,,Residential homes,Richmond upon Thames,London,United Response
United Response - The Swallows 183 -189 Hanworth Road,"183 -189 Hanworth Road,Hampton",TW12 3ED,2087831503,,Residential homes,Richmond upon Thames,London,United Response
United Response - 8 -10 Woodlawn Crescent,"8-10 Woodlawn Crescent,Twickenham",TW2 6BE,2036681557,,Residential homes,Richmond upon Thames,London,United Response
Oakhaven Care Home,"213 Oakwood Lane,Leeds",LS8 2PE,1132402894,,Residential homes,Leeds,Yorkshire & Humberside,Valorum Care Limited
The Grange and Elm Court,"80 Grange Lane,Barnsley",S71 5QQ,1226204185,https://www.yourhealthgroup.co.uk,Residential homes,Barnsley,Yorkshire & Humberside,Your Health Limited
Summer Fields,"52-58 Rock Lane West,Rock Ferry,Birkenhead",CH42 4PA,1516451573,https://www.yourhealth.co.uk,Residential homes,Wirral,North West,Your Health Limited
Brimley,"1 Read Close,Exmouth",EX8 4PY,1395279191,https://www.unitedresponse.org.uk,Residential homes,Devon,South West,United Response
Heron View Care Home,"6-10 Outram Road,Croydon",CR0 6XE,2086568983,https://www.bramleyhealth.co.uk,Nursing homes,Croydon,London,Bramley Health Limited
Woodville Place,"9 & 10 Cottesmore Close,Great Sankey,Warrington",WA5 3UN,1925759162,https://www.brightfuturescare.co.uk,Residential homes,Warrington,North West,Bright Futures Care Limited
Bartley Green Lodge Residential Care Home,"Field Lane,Bartley Green,Birmingham",B32 4ER,1214759076,https://www.sanctuary-care.co.uk/care-homes-midlands/bartley-green-lodge-residential-care-home,Residential homes,Birmingham,West Midlands,Sanctuary Care Limited
Alexandra House,"Alexandra Road,Parkstone,Poole",BH14 9EW,1202747001,https://www.care-south.co.uk/homes/alexandra-house/,Residential homes,"Bournemouth, Christchurch and Poole",South West,Care South
Deneside Court,"St Josephs Way,Jarrow",NE32 4PJ,1915191574,https://www.carelinelifestyles.co.uk,Nursing homes,South Tyneside,North East,Careline Lifestyles (UK) Ltd
Manor House,"Old Hexthorpe,Doncaster",DN4 0HY,1302856616,,Residential homes,Doncaster,Yorkshire & Humberside,Active Care Homes Limited
Marion House,"5 Central Avenue,Borrowash,Derby",DE72 3JZ,7720084358,https://www.cygnethealth.co.uk,Residential homes,Derbyshire,East Midlands,Cygnet Learning Disabilities Midlands Limited
Valley Park Care Home,"Park Street,Wombwell,Barnsley",S73 0HQ,1226751745,,Residential homes,Barnsley,Yorkshire & Humberside,Your Care Provider Ltd
Edgbaston Manor,"Speedwell Road,Edgbaston,Birmingham",B5 7PR,1217960800,https://www.gracewell.co.uk,Nursing homes,Birmingham,West Midlands,WT UK Opco 4 Limited
Mansfield,"11 Lindhurst Lane,Mansfield",NG18 4JE,1623424833,https://www.heathcotes.net,Residential homes,Nottinghamshire,East Midlands,Heathcotes Care Limited
Riverview,"Second Drive,Teignmouth",TQ14 9JS,1626772488,https://www.prioryadultcare.co.uk,Residential homes,Devon,South West,Parkcare Homes (No.2) Limited
Mulberry House,"Lower Brimley,Bovey Tracey,Newton Abbot",TQ13 9JS,1626833246,https://www.bucklandcare.co.uk,Residential homes,Devon,South West,Buckland Care Limited
Eversley,"10 Eversley Park,Chester",CH2 2AJ,,,Residential homes,Cheshire West and Chester,North West,Heathcotes Care Limited
Martin Hall Nursing Home,"High Street,Martin,Lincoln",LN4 3QY,1526378251,https://www.martinhall.co.uk,Nursing homes,Lincolnshire,East Midlands,Knightingale Care Limited
Reevy Road Care Home,"60 Reevy Road West,Bradford",BD6 3LH,1274691035,,Residential homes,Bradford,Yorkshire & Humberside,Turning Point
Rix House,"24 Arncliffe Road,Keighley",BD22 6AR,,,Residential homes,Bradford,Yorkshire & Humberside,Turning Point
Woodmarket House,"Woodmarket,Lutterworth",LE17 4BZ,1455552678,,Residential homes,Leicestershire,East Midlands,Leicestershire County Care Limited
Tillson House,"Bradgate Drive,Coalville",LE67 4HF,1530832793,,Residential homes,Leicestershire,East Midlands,Leicestershire County Care Limited
Kirby House,"Kirby Lane,Kirby Muxloe,Leicester",LE9 2JG,1162394286,,Residential homes,Leicestershire,East Midlands,Leicestershire County Care Limited
Huntingdon Court,"Regent Street,Loughborough",LE11 5BA,1509217474,,Residential homes,Leicestershire,East Midlands,Leicestershire County Care Limited
Harvey House,"Church Lane,Barwell,Leicester",LE9 8DG,1455843575,,Residential homes,Leicestershire,East Midlands,Leicestershire County Care Limited
Hadrian House,"Garden Street,Thurmaston,Leicester",LE4 8DS,1162694397,,Residential homes,Leicestershire,East Midlands,Leicestershire County Care Limited
Lenthall House,"Lenthall Square,Market Harborough",LE16 9LQ,1858463204,,Residential homes,Leicestershire,East Midlands,Leicestershire County Care Limited
Church View,"Church Street,Kimberworth,Rotherham",S61 1EP,1709557658,https://www.prioryadultcare.co.uk,Residential homes,Rotherham,Yorkshire & Humberside,Parkcare Homes (No.2) Limited
Fitzwilliam Lodge,"Westfield Road,Rawmarsh,Rotherham",S62 6EY,1709523400,https://www.prioryadultcare.co.uk,Residential homes,Rotherham,Yorkshire & Humberside,Parkcare Homes (No.2) Limited
Eve House,"58A Albert Street,Pensnett,Brierley Hill",DY5 4HW,1384482728,,Residential homes,Dudley,West Midlands,Alphonsus Services Limited
Hill House,"Combe Raleigh,Honiton,Exeter",EX14 4UQ,140446694,,Residential homes,Devon,South West,Abbeyfield Society (The)
Ashby Lodge Residential Home,"667 Leeds Road,Wakefield",WF1 2LU,1924828997,,Residential homes,Wakefield,Yorkshire & Humberside,Mauricare Limited
Next Steps,"32 Kingscliffe Street,Moston,Manchester",M9 4PG,1612053977,,Nursing homes,Manchester,North West,Next Steps Mental Healthcare LTD
The Orangery,"Englishcombe Lane,Bath",BA2 2EL,1225311008,https://www.cedarcarehomes.com,Nursing homes,Bath and North East Somerset,South West,Cedar Care Homes Limited
Northfield House,"Stockton Road,Knayton,Thirsk",YO7 4AN,1845421475,https://www.action4care.org,Residential homes,North Yorkshire,Yorkshire & Humberside,Action for Care Limited
Real Life Options - Darlington Road,"54 Darlington Road,Hartburn,Stockton On Tees",TS18 5EW,1642806448,,Residential homes,Stockton-on-Tees,North East,Real Life Options
Codnor Park Care Home,"88 Glass House Hill,Codnor,Ripley",DE5 9QT,8456022059,https://www.ashmere.co.uk,Residential homes,Derbyshire,East Midlands,Ashmere Derbyshire Limited
Smalley Hall Care Home,"Main Road,Smalley,Ilkeston",DE7 6DS,8456022059,https://www.ashmere.co.uk,Residential homes,Derbyshire,East Midlands,Ashmere Derbyshire Limited
The Firs Care Home with Nursing,"90 Glass House Hill,Codnor,Ripley",DE5 9QT,8456022059,https://www.ashmere.co.uk,Nursing homes,Derbyshire,East Midlands,Ashmere Derbyshire Limited
The King William Care Home,"Lowes Hill,Ripley",DE5 3DW,8456022059,https://www.ashmere.co.uk,Residential homes,Derbyshire,East Midlands,Ashmere Derbyshire Limited
Valley Lodge Care Home with Nursing,"Bakewell Road,Matlock",DE4 3BN,1629583447,https://www.ashmere.co.uk,Nursing homes,Derbyshire,East Midlands,Ashmere Derbyshire Limited
Brompton House Care Home,"Station Road,Broadway",WR12 7DE,1386853473,,Nursing homes,Worcestershire,West Midlands,HC-One No.1 Limited
Addison Park,"St Therese Close,Callington",PL17 7QF,1579383488,,Residential homes,Cornwall,South West,Cornwallis Care Services Ltd
Rivermead View,"Station Road,Looe",PL13 1HN,1503262014,,Residential homes,Cornwall,South West,Cornwallis Care Services Ltd
Lavender Court,"Roman Road,Taunton",TA1 2BD,1823279151,https://www.somersetcare.co.uk,Nursing homes,Somerset,South West,Somerset Care Limited
Allan Court,"Benwell Lane,Newcastle Upon Tyne",NE15 6RU,1912741100,https://www.bondcare.co.uk/allan-court/,Nursing homes,Newcastle upon Tyne,North East,Shaftesbury Care GRP Limited
De Baliol,"Woodham Road,Newbiggin By The Sea",NE64 6HN,1670852017,https://www.bondcare.co.uk/de-baliol,Nursing homes,Northumberland,North East,Shaftesbury Care GRP Limited
Donwell House,"Wellgarth Road,District 2,Washington",NE37 1EE,1914167663,https://www.bondcare.co.uk/donwell-house/,Nursing homes,Sunderland,North East,Shaftesbury Care GRP Limited
Henwick Grange,"68 Hallow Road,St Johns,Worcester",WR2 6BY,1905424705,https://www.bondcare.co.uk/henwick-grange/,Nursing homes,Worcestershire,West Midlands,Shaftesbury Care GRP Limited
Redworth,"Byerley Road,Shildon",DL4 1HQ,1388777311,https://www.bondcare.co.uk/redworth-house/,Nursing homes,County Durham,North East,Shaftesbury Care GRP Limited
Allington House,"Marsh House Avenue,Billingham",TS23 3ET,1642565839,https://www.bondcare.co.uk/allington-house/,Nursing homes,Stockton-on-Tees,North East,Bondcare Willington Limited
Brancepeth Court,"Hall Lane,Willington,Crook",DL15 0PW,1388747698,https://www.bondcare.co.uk/brancepeth-court/,Nursing homes,County Durham,North East,Bondcare Willington Limited
Birch Tree Manor,"Wharf Street,Port Sunlight,Wirral",CH62 5HE,1516440777,https://www.bondcare.co.uk/birch-tree-manor/,Nursing homes,Wirral,North West,Bondcare Willington Limited
Lumley Residential Home,"Hall Lane,Willington,Crook",DL15 0PW,,https://www.bondcare.co.uk/lumley-court/,Residential homes,County Durham,North East,Bondcare Willington Limited
Ashfield Court,"Great Lime Road,Newcastle upon Tyne",NE12 9DH,1912566344,,Residential homes,North Tyneside,North East,Akari Care Limited
Aycliffe Care Home,"Burnhope,Newton Aycliffe",DL5 7ER,1325307262,https://www.akaricare.co.uk,Nursing homes,County Durham,North East,Akari Care Limited
Ayresome Court,"Green Lane,Yarm",TS15 9EH,1642788828,,Nursing homes,Stockton-on-Tees,North East,Akari Care Limited
Bridge View,"Ashington Drive,Choppington",NE62 5JF,1670811891,,Nursing homes,Northumberland,North East,Akari Care Limited
Charlton Court,"Bristol Drive,Battle Hill,Wallsend",NE28 9RH,1912627503,,Nursing homes,North Tyneside,North East,Akari Care Limited
Coble House,"North View,Whitley Bay",NE26 2EU,1912510694,,Nursing homes,North Tyneside,North East,Akari Care Limited
Moorfield House,"6 Kenton Road,Gosforth,Newcastle upon Tyne",NE3 4NB,1912135757,,Nursing homes,Newcastle upon Tyne,North East,Akari Care Limited
Philips Court,"Blubell Close,Sheriff Hill,Gateshead",NE9 6RL,1914910429,,Nursing homes,Gateshead,North East,Akari Care Limited
Princes Court,"Hedley Road,North Shields",NE29 6XP,1912963354,https://www.akaricare.co.uk,Nursing homes,North Tyneside,North East,Akari Care Limited
Seale Pastures House,"Burton Road,Acresford,Swadlincote",DE12 8AP,1283762511,,Residential homes,Derbyshire,East Midlands,Akari Care Limited
Wellburn House,"Wellburn Road,Fairfield,Stockton-on-Tees",TS19 7PP,1642647400,,Residential homes,Stockton-on-Tees,North East,Akari Care Limited
Westerleigh,"Scott Street,Stanley",DH9 8AD,1207280431,https://www.akaricare.co.uk/care-homes/north-east/westerleigh-stanley,Residential homes,County Durham,North East,Akari Care Limited
Wordsworth House,"Clayton Road,Jesmond,Newcastle upon Tyne",NE2 1TL,1912121888,,Nursing homes,Newcastle upon Tyne,North East,Akari Care Limited
Greenlands View,"45 Kyles Way,Bartley Green,Birmingham",B32 4JW,1212692109,,Residential homes,Birmingham,West Midlands,Lifeways Community Care Limited
Quantock House,"15 Quantock Road,Weston-super-mare",BS23 4DN,1934644971,https://www.leonardcheshire.org,Residential homes,North Somerset,South West,Leonard Cheshire Disability
Weald Heights,"Bourchier Close,Sevenoaks",TN13 1PD,3333218295,,Nursing homes,Kent,South East,Care UK Community Partnerships Ltd
St. Ives Country House Care,"Horton Road,Ashley Heath,Ringwood",BH24 2EE,1425481220,,Nursing homes,Dorset,South West,Care South
Coriander Close,"8 Coriander Close,Rubery, Rednal,Birmingham",B45 0PD,1214537292,https://www.reachthecharity.org.uk,Residential homes,Birmingham,West Midlands,Trident Reach The People Charity
Maer Lane,"4 Maer Lane,Market Drayton",TF9 3AL,1630698092,https://www.reachthecharity.org.uk,Residential homes,Shropshire,West Midlands,Trident Reach The People Charity
The Lakes Care Centre,"Spine Road East,South Cerney,Cirencester",GL7 5TL,1285314141,https://www.osjct.co.uk,Nursing homes,Gloucestershire,South West,The Orders Of St. John Care Trust
St Alban's,"38 St Alban's Road,Moseley,Birmingham",B13 9AR,1214493615,https://www.reachthecharity.org.uk,Residential homes,Birmingham,West Midlands,Trident Reach The People Charity
Dimmingsdale Bank,"21 Dimmingsdale Bank,Quinton,Birmingham",B32 1ST,1214227500,https://www.reachthecharity.org.uk,Residential homes,Birmingham,West Midlands,Trident Reach The People Charity
Grange Crescent,"47 Grange Crescent,Sharrow,Sheffield",S11 8AY,1142555539,https://www.sheffcare.co.uk,Residential homes,Sheffield,Yorkshire & Humberside,SheffCare Limited
Hengist Field Care Centre,"Pond Farm Road,Borden,Sittingbourne",ME9 8LS,1795473880,https://www.nellsar.com,Nursing homes,Kent,South East,Nellsar Limited
Dimensions Somerset Ashbury,"Ashbury,Six Acres Close, Roman Road,Taunton",TA1 2BD,1823274677,,Residential homes,Somerset,South West,Dimensions Somerset Sev Limited
Winwick Park,"29 Fleming Drive,Winwick Park, Winwick,Warrington",WA2 8XP,1925232180,https://www.brightfuturescare.co.uk,Residential homes,Warrington,North West,Bright Futures Care Limited
Birches Grove,"14 Fairmoor Close,Parkend,Lydney",GL15 4HB,1594564081,https://www.prioryadultcare.co.uk,Residential homes,Gloucestershire,South West,Parkcare Homes (No.2) Limited
Lammas Lodge,"Lugwardine,Hereford",HR1 4DS,1432853185,https://www.prioryadultcare.co.uk,Residential homes,"Herefordshire, County of",West Midlands,Parkcare Homes (No.2) Limited
Weir End House,"Glewstone,Ross On Wye",HR9 6AL,1989567711,https://www.prioryadultcare.co.uk,Residential homes,"Herefordshire, County of",West Midlands,Parkcare Homes (No.2) Limited
Woodpecker Lodge,"Weir End House,Weir End,Ross On Wye",HR9 6AL,1989567711,https://www.prioryadultcare.co.uk,Residential homes,"Herefordshire, County of",West Midlands,Parkcare Homes (No.2) Limited
Wingfield Road,"22 Wingfield Road,Trowbridge",BA14 9ED,1225762043,https://www.prioryadultcare.co.uk,Residential homes,Wiltshire,South West,Parkcare Homes (No.2) Limited
The Foam,"3 Chapel Road,Dymchurch,Romney Marsh",TN29 0TD,1303875151,https://www.prioryadultcare.co.uk,Residential homes,Kent,South East,Parkcare Homes (No.2) Limited
Cotswold Lodge,"Coast Road,Littlestone,New Romney",TN28 8QY,1797367453,https://www.prioryadultcare.co.uk,Residential homes,Kent,South East,Parkcare Homes (No.2) Limited
Woodside,"2 Woodside Close,Minehead",TA24 8RZ,1643709487,https://www.voyagecare.com,Residential homes,Somerset,South West,Voyage 1 Limited
Elms House,"Belvidere Avenue,Shrewsbury",SY2 5PE,1743244392,https://www.reachthecharity.org.uk/,Residential homes,Shropshire,West Midlands,Trident Reach The People Charity
Park View Residential Care Home,"416 Sicey Avenue,Shiregreen,Sheffield",S5 0EN,1142572910,https://www.sanctuary-care.co.uk/care-homes-north/park-view-residential-care-home,Residential homes,Sheffield,Yorkshire & Humberside,Sanctuary Care Limited
Dimensions Fountain House Innox Lane,"Fountain House,Innox Lane, Upper Swainswick,Bath",BA1 8DD,1225858667,https://www.dimensions-uk.org,Residential homes,Bath and North East Somerset,South West,Dimensions (UK) Limited
Brookview,"68 Brookside Avenue,Coventry",CV5 8AF,2476712782,https://www.fitzroy.org,Residential homes,Coventry,West Midlands,FitzRoy Support
Hipswell Highway,"130 Hipswell Highway,Coventry",CV2 5FJ,2476448932,https://www.fitzroy.org,Residential homes,Coventry,West Midlands,FitzRoy Support
Lee Gordon House,"93 Cromwell Lane,Tile Hill,Coventry",CV4 8AQ,2476462305,https://www.fitzroy.org,Residential homes|Homecare agencies|Supported living,Coventry,West Midlands,FitzRoy Support
Dimensions Somerset Newholme,"Newholme Bushy Cross Lane,Ruishton,Taunton",TA3 5JT,1823444148,,Residential homes,Somerset,South West,Dimensions Somerset Sev Limited
Dimensions Somerset Selwyn House,"Selwyn House,52 Southway Drive,Yeovil",BA21 3ED,1935479143,,Residential homes|Homecare agencies,Somerset,South West,Dimensions Somerset Sev Limited
Dimensions Somerset Spring View,"Springview,Preston Grove,Yeovil",BA20 2DU,1935474303,,Residential homes,Somerset,South West,Dimensions Somerset Sev Limited
Dimensions Somerset The Maples,"The Maples,Catherine's Close,Castle Cary",BA7 7HP,1963359300,,Residential homes,Somerset,South West,Dimensions Somerset Sev Limited
Ash House,"55 Jardine Crescent,Tile Hill,Coventry",CV4 9UX,,,Residential homes,Coventry,West Midlands,Lifeways Community Care Limited
Sun Woodhouse Care Home,"Woodhouse Hall Road,Fartown,Huddersfield",HD2 1DJ,1484424363,,Residential homes,Kirklees,Yorkshire & Humberside,Valorum Care Limited
Bluebell Court Care Home,"Wellington Street West,Salford",M7 2FH,1617088604,https://www.unityhomes.co.uk,Nursing homes,Salford,North West,Unity Homes Limited
Restormel House,"1A Restormel Terrace,Restormel Road,Plymouth",PL4 6BJ,1752267489,https://www.achievetogether.co.uk,Residential homes,Plymouth,South West,Achieve Together Limited
Beeches,"Retford Road,South Leverton,Retford",DN22 0BY,1427807630,https://www.cygnethealth.co.uk,Residential homes,Nottinghamshire,East Midlands,Cygnet Learning Disabilities Midlands Limited
31 King Edwards Grove,"31 King Edwards Grove,Teddington",TW11 9LY,2089772916,,Residential homes,Richmond upon Thames,London,Consensus Support Services Limited
Dawson House,"151 Stanley Park Road,Carshalton",SM5 3JJ,2083955724,https://www.heathcotes.net,Residential homes,Sutton,London,Heathcotes Care Limited
Larkrise,"50 The Gallop,Sutton",SM2 5RY,2035838979,https://www.heathcotes.net,Residential homes|Supported living,Sutton,London,Heathcotes Care Limited
Tudor Lodge,"45 The Gallop,Sutton",SM2 5RY,2082390814,https://www.heathcotes.net,Residential homes,Sutton,London,Heathcotes Care Limited
St James' Park Care Home,"Higher Street,Bradpole,Bridport",DT6 3EU,1308421174,https://www.hc-one.co.uk/carehomes/st-james-park,Nursing homes,Dorset,South West,HC-One No.1 Limited
Mayfield House,"Holyhead Road,Bicton,Shrewsbury",SY3 8EQ,1743455075,,Residential homes,Shropshire,West Midlands,Condover College Limited
Mount View House,"Pot House Lane,Wardle,Rochdale",OL12 9PP,1706350916,https://www.prioryadultcare.co.uk,Residential homes,Rochdale,North West,Parkcare Homes (No.2) Limited
Chapelfields,"Chapelfields,Frodsham",WA6 7BB,1928734743,https://mha.org.uk/care-support/care-homes/chapel-fields,Nursing homes,Cheshire West and Chester,North West,Methodist Homes
The Willows,"Warford Park,Faulkners Lane,Mobberley",WA16 7AR,1565880180,https://mha.org.uk/care-support/care-homes/willows,Nursing homes,Cheshire East,North West,Methodist Homes
Hampton Lodge (St Basils),"33 Hill Lane,Southampton",SO15 5WF,2380226976,https://mha.org.uk/care-support/care-homes/hampton-lodge,Nursing homes,Southampton,South East,Methodist Homes
Amathea,"Newlands Lane,Workington",CA14 3JG,190063259,https://mha.org.uk/care-support/care-homes/amathea,Residential homes,Cumberland,North West,Methodist Homes
Warde Aldam,"Westfield Lane,South Elmsall,Pontefract",WF9 2JX,1977643697,https://mha.org.uk/care-support/care-homes/warde-aldam,Nursing homes,Wakefield,Yorkshire & Humberside,Methodist Homes
Torrwood Care Centre,"Gilbert Scott Road,South Horrington Village,Wells",BA5 3FB,1749675533,https://mha.org.uk/care-support/care-homes/torrwood,Nursing homes,Somerset,South West,Methodist Homes
Himley Mill Care Home,"School Road,Himley,Dudley",DY3 4LG,1902324021,,Nursing homes,Staffordshire,West Midlands,HC-One No.1 Limited
Summerville Care Home,"Hill Top Road,Stockton Heath,Warrington",WA4 2EF,,,Nursing homes,Warrington,North West,HC-One No.1 Limited
Gledhow,"145 & 147 Brackenwood Drive,Gledhow,Leeds",LS8 1SF,1132888805,https://mha.org.uk/care-support/care-homes/gledhow,Nursing homes,Leeds,Yorkshire & Humberside,Methodist Homes
Eveson Road,"76 Eveson Road,Norton,Stourbridge",DY8 3BU,1384866501,https://www.fairmont-resdiential.com,Residential homes,Dudley,West Midlands,Fairmont Residential Limited
Mersey Parks Care Home,"99 Mill Street,Liverpool",L8 5XW,1517094791,,Nursing homes,Liverpool,North West,HC-One No.1 Limited
Perry Locks Care Home,"398 Aldridge Road,Perry Barr,Birmingham",B44 8BG,1213560598,,Nursing homes,Birmingham,West Midlands,HC-One No.1 Limited
Appleton Lodge,"Lingard Lane,Bredbury, Stockport,Manchester",SK6 2QT,1614306479,https://www.hc-one.co.uk/homes/appleton-lodge,Residential homes,Stockport,North West,HC-One Limited
Appleton Manor,"Lingard Lane,Bredbury, Stockport,Manchester",SK6 2QT,1614067261,https://www.hc-one.co.uk/homes/appleton-manor,Nursing homes,Stockport,North West,HC-One Limited
Ash Grange Nursing Home,"80 Valley Road,Bloxwich,Walsall",WS3 3ER,1922408484,https://www.hc-one.co.uk/homes/ash-grange,Nursing homes,Walsall,West Midlands,HC-One Limited
Aspen Court Nursing Home,"17-21 Dodd Street,Poplar,London",E14 7EG,2075389789,https://www.hc-one.co.uk/homes/aspen-court,Nursing homes,Tower Hamlets,London,HC-One Limited
Avalon Park Care Home,"Dove Street,Salem,Oldham",OL4 5HG,1616335500,https://www.hc-one.co.uk/homes/avalon-park,Residential homes,Oldham,North West,HC-One Limited
Averill House,"Averill Street,Newton Heath,Manchester",M40 1PF,1616886690,https://www.hc-one.co.uk/homes/averill-house,Nursing homes,Manchester,North West,HC-One Limited
Hadrian Park,"Marsh House Avenue,Billingham",TS23 3DF,3334343036,https://www.careuk.com/care-homes/hadrian-park-billingham,Residential homes,Stockton-on-Tees,North East,Care UK Community Partnerships Ltd
Ponteland Manor Care Home,"Thornhill Road,Ponteland,Newcastle Upon Tyne",NE20 9PZ,1661821400,https://www.careuk.com/care-homes/ponteland-manor-newcastle-upon-tyne,Nursing homes,Northumberland,North East,Care UK Community Partnerships Ltd
Ventress Hall Care Home,"22-28 Trinity Road,Darlington",DL3 7AZ,1325488399,https://www.careuk.com/care-homes/ventress-hall-darlington,Nursing homes,Darlington,North East,Care UK Community Partnerships Ltd
95 Bromyard Road,"95 Bromyard Road,St Johns,Worcester",WR2 5BZ,,https://www.prioryadultcare.co.uk,Residential homes,Worcestershire,West Midlands,Parkcare Homes (No.2) Limited
The Cottage Christian Nursing and Residential Home,"Granville Drive,Newport",TF10 7EQ,1952825557,https://www.coveragecareservices.co.uk,Nursing homes,Telford and Wrekin,West Midlands,Coverage Care Services Limited
Waterside Care Home,"Dudley Road,Tipton",DY4 8EE,1215202428,,Nursing homes,Sandwell,West Midlands,HC-One No.1 Limited
The Herons,"The Herons Residential Home,Calverton Close, Toton,Nottingham",NG9 6GY,1159460007,https://mha.org.uk/care-support/care-homes/herons,Residential homes,Nottinghamshire,East Midlands,Methodist Homes
Beatrice House,"25 Bell Street,Brierley Hill",DY5 4HG,1384482963,,Residential homes,Dudley,West Midlands,Alphonsus Services Limited
Astor Court,"Lamb Street,Cramlington",NE23 6XF,1670738890,,Nursing homes,Northumberland,North East,MMCG (CCH) (2) Limited
Astor Lodge,"Lamb Street,Cramlington",NE23 6XF,1670735012,,Nursing homes,Northumberland,North East,MMCG (CCH) (2) Limited
Park Street,"82 Park Street,Trowbridge",BA14 0AT,1225777728,https://www.prioryadultcare.co.uk,Residential homes,Wiltshire,South West,Parkcare Homes (No.2) Limited
Seabreezes,"61 Meehan Road,Greatstone,New Romney",TN28 8NZ,1797369150,https://www.prioryadultcare.co.uk,Residential homes,Kent,South East,Parkcare Homes (No.2) Limited
St Brannocks,"Dymchurch Road,New Romney",TN28 8UF,1797366663,https://www.prioryadultcare.co.uk,Residential homes,Kent,South East,Parkcare Homes (No.2) Limited
Westbury Lodge,"130 Station Road,Westbury",BA13 4HT,1373859999,https://www.prioryadultcare.co.uk,Residential homes,Wiltshire,South West,Parkcare Homes (No.2) Limited
The Beeches,"Far Common Road,Mirfield",WF14 0DQ,1924483905,,Residential homes,Kirklees,Yorkshire & Humberside,Hollybank Trust
Poplars,"Far Common Road,Mirfield",WF14 0DQ,1924483915,,Residential homes,Kirklees,Yorkshire & Humberside,Hollybank Trust
Park House,"150 Park Lane,Guisborough",TS14 6EP,1287630034,https://www.hc-one.co.uk,Residential homes,Redcar and Cleveland,North East,HC-One No.2 Limited
West Lancashire Short Break Services,"7 School Lane,Skelmersdale",WN8 8EH,,,Residential homes,Lancashire,North West,Lancashire County Council
Beach House,"94 Alexandra Road,Poole",BH14 9EP,1202739930,https://www.prioryadultcare.co.uk,Residential homes,"Bournemouth, Christchurch and Poole",South West,Harbour Care (UK) Limited
Coral House,"15 Alder Hills,Poole",BH12 4AJ,1202710531,https://www.prioryadultcare.co.uk,Residential homes,"Bournemouth, Christchurch and Poole",South West,Harbour Care (UK) Limited
The Moorings,"69 Brixey Road,Parkstone,Poole",BH12 3EY,1202734752,https://www.prioryadultcare.co.uk,Residential homes,"Bournemouth, Christchurch and Poole",South West,Harbour Care (UK) Limited
The Shores,"46 Brixey Road,Parkstone,Poole",BH12 3EZ,1202730653,https://www.prioryadultcare.co.uk,Residential homes,"Bournemouth, Christchurch and Poole",South West,Harbour Care (UK) Limited
The Waves,"199 Churchill Road,Parkstone,Poole",BH12 2JD,1202734857,https://www.prioryadultcare.co.uk,Residential homes,"Bournemouth, Christchurch and Poole",South West,Harbour Care (UK) Limited
Glebe House,"7 South Dale,Caistor,Market Rasen",LN7 6LS,1472852282,https://www.prioryadultcare.co.uk,Residential homes,Lincolnshire,East Midlands,Parkcare Homes (No.2) Limited
Brandon House Nursing Home,"140 Old Church Road,Bell Green,Coventry",CV6 7ED,2476638602,https://www.hc-one.co.uk/homes/brandon-house,Nursing homes,Coventry,West Midlands,HC-One Limited
Brookdale View,"Averill Street,Newton Heath,Manchester",M40 1PF,1616887600,https://www.hc-one.co.uk/homes/brookdale-view,Nursing homes,Manchester,North West,HC-One Limited
Carrington Court,"190 Darby Lane,Hindley,Wigan",WN2 3DU,1942526220,https://www.hc-one.co.uk/homes/carrington-court,Nursing homes,Wigan,North West,HC-One Limited
Chaseview Nursing Home,"Water Street,Chase Terrace,Burntwood",WS7 1AW,1543672666,https://www.hc-one.co.uk/homes/chaseview,Nursing homes,Staffordshire,West Midlands,HC-One Limited
Dale Park,"221 Meolscop Road,Southport",PR8 6JU,1704501780,https://www.hc-one.co.uk/homes/dale-park,Nursing homes,Sefton,North West,HC-One Limited
Dingle Meadow,"Golden Crest Drive,Oldbury",B69 2DQ,1215529355,https://www.hc-one.co.uk/homes/dingle-meadow,Residential homes,Sandwell,West Midlands,HC-One Limited
Dovedale Court,"Holyhead Road,Wednesbury",WS10 7PZ,1215026444,https://www.hc-one.co.uk/homes/dovedale-court,Nursing homes,Sandwell,West Midlands,HC-One Limited
Guide Lane Nursing Home,"232 Guide Lane,Audenshaw,Manchester",M34 5HA,1613359989,https://www.hc-one.co.uk/homes/guide-lane,Nursing homes,Tameside,North West,HC-One Limited
Hinckley Park Nursing Home,"67 London Road,Hinckley",LE10 1HH,1455615252,https://www.hc-one.co.uk/homes/hinckley-park,Nursing homes,Leicestershire,East Midlands,HC-One Limited
Kings Park Nursing Home,"Kings Road,Hurst Cross,Ashton Under Lyne",OL6 8EZ,1613434733,https://www.hc-one.co.uk/homes/kings-park,Nursing homes,Tameside,North West,HC-One Limited
Lyndon Hall Nursing Home,"Malvern Close,Off All Saints Way,West Bromwich",B71 1PP,1215005777,https://www.hc-one.co.uk/homes/lyndon-hall,Nursing homes,Sandwell,West Midlands,HC-One Limited
Meadow Bank House,"Green Lane,Great Lever,Bolton",BL3 2EF,1204366258,https://www.hc-one.co.uk/homes/meadowbank-house,Nursing homes,Bolton,North West,HC-One Limited
Moss View,"77 Page Moss Lane,Huyton,Liverpool",L14 0JJ,1514821212,https://www.hc-one.co.uk/homes/moss-view,Nursing homes,Liverpool,North West,HC-One Limited
Newlands Nursing & Residential Home,"122 Heaton Moor Road,Heaton Moor,Stockport",SK4 4JY,1614322236,https://www.hc-one.co.uk/homes/newlands,Nursing homes,Stockport,North West,HC-One Limited
Oakland (Rochdale),"Bury Road,Rochdale",OL11 5EU,1706642448,https://www.hc-one.co.uk/homes/oakland,Residential homes,Rochdale,North West,HC-One Limited
Pytchley Court Nursing Home,"5a Northampton Road,Brixworth,Northampton",NN6 9DX,1604882979,https://www.hc-one.co.uk/homes/pytchley-court/,Nursing homes,West Northamptonshire,East Midlands,HC-One Limited
Rose Court Nursing and Residential Home,"44-48 Water Street,Radcliffe",M26 4DF,1617249040,https://www.hc-one.co.uk/homes/rose-court/,Nursing homes,Bury,North West,HC-One Limited
Rosebridge Court,"191 Darby Lane,Hindley,Wigan",WN2 3DU,1942526240,https://www.hc-one.co.uk/homes/rosebridge/,Nursing homes,Wigan,North West,HC-One Limited
Roxburgh House (West Midlands),"Reddall Hill Road,Cradley Heath",B64 5JE,1384411029,https://www.hc-one.co.uk/homes/roxburgh-house-cradley-heath/,Residential homes,Sandwell,West Midlands,HC-One Limited
The Orchards,"164 Shard End Crescent,Birmingham",B34 7BP,1217302040,https://www.hc-one.co.uk/homes/the-orchards/,Nursing homes,Birmingham,West Midlands,HC-One Limited
The Willows Residential Home (Hinckley),"89 London Road,Hinckley",LE10 1HH,1455615193,https://www.hc-one.co.uk/homes/the-willows/,Residential homes,Leicestershire,East Midlands,HC-One Limited
Victoria Gardens,"328 Tile Hill Lane,Tile Hill,Coventry",CV4 9DS,2476466602,https://www.hc-one.co.uk/homes/victoria-gardens/,Residential homes,Coventry,West Midlands,HC-One Limited
Victoria Manor,"31 Abbey Road,Whitley,Coventry",CV3 4BJ,2476307039,https://www.hc-one.co.uk/homes/victoria-manor/,Residential homes,Coventry,West Midlands,HC-One Limited
Victoria Park (Coventry),"75-83 Brays Lane,Stoke,Coventry",CV2 4DS,2476445514,https://www.hc-one.co.uk/homes/victoria-park-stoke/,Residential homes,Coventry,West Midlands,HC-One Limited
Westleigh Lodge,"Nel Pan Lane,Leigh,Wigan",WN7 5JT,1942262521,https://www.hc-one.co.uk/homes/westleigh-lodge/,Nursing homes,Wigan,North West,HC-One Limited
Washington Lodge,"The Avenue,Washington",NE38 7LE,1914661402,,Nursing homes,Sunderland,North East,Qualia Care Limited
Orchard Hill,"100 Orchard Hill,Little Billing,Northampton",NN3 9AG,1604403602,https://www.accomplish-group.co.uk,Residential homes,West Northamptonshire,East Midlands,Accomplish Group Limited
Bigwig House,"Rhubarb Hill,Holywell Bay,Newquay",TR8 5PT,1637416444,https://www.switchedoncare.com,Residential homes,Cornwall,South West,Green Light PBS Limited
78 Polwell Lane,"Barton Seagrave,Kettering",NN15 6UB,1536722609,https://www.consensussupport.com,Residential homes,North Northamptonshire,East Midlands,Consensus Support Services Limited
Avalon Court Care Centre,"1 Glendale Way,Coventry",CV4 9YQ,2476470246,https://www.averyhealthcare.co.uk/care-homes/west-midlands/coventry/avalon-court,Nursing homes,Coventry,West Midlands,Avery Homes (Nelson) Limited
Scholars Mews Care Home,"23-34 Scholars Lane,Stratford Upon Avon",CV37 6HE,1789297589,https://www.averyhealthcare.co.uk/care-homes/warwickshire/stratford-upon-avon/scholars-mews/,Residential homes,Warwickshire,West Midlands,Avery Homes (Nelson) Limited
St. Giles Care Home,"122 Tile Cross Road,Birmingham",B33 0LT,1217708531,https://www.averyhealthcare.co.uk/care-homes/birmingham/birmingham/st-giles/,Nursing homes,Birmingham,West Midlands,Avery Homes (Nelson) Limited
Tranquil Cross,"South Drive,Tehidy,Camborne",TR14 0EZ,1637416444,,Residential homes,Cornwall,South West,Green Light PBS Limited
Joyleen,"Longlands,Bristol Road, Cambridge,Gloucester",GL2 7BG,7906196634,https://dandlsupport.co.uk,Residential homes,Gloucestershire,South West,D & L Support Ltd
Edwardstow Court Care Centre,"Edwardstow Court,Fosseway, Stow On The Wold,Cheltenham",GL54 1FG,1451799100,https://www.osjct.co.uk,Residential homes,Gloucestershire,South West,The Orders Of St. John Care Trust
The Old Vicarage Care Home,"The Old Vicarage,Leigh,Sherborne",DT9 6HL,1935873033,https://www.theoldvicarage-leigh.co.uk,Residential homes,Dorset,South West,Healthcare Homes Group Limited
Elm View Care Home,"Moor Lane,Clevedon",BS21 6EU,1275872088,,Nursing homes,North Somerset,South West,Bupa Care Homes (ANS) Limited
Norewood Lodge Care Home,"72 Nore Road,Portishead",BS20 8DU,1275818660,https://www.bupa.com,Nursing homes,North Somerset,South West,Bupa Care Homes (ANS) Limited
The Gables,"546 Newark Road,North Hykeham,Lincoln",LN6 9NG,1522697162,https://www.heathcotes.net,Residential homes,Lincolnshire,East Midlands,Heathcotes Care Limited
Croftwood,"Whitchurch Way,Halton Lodge,Runcorn",WA7 5YP,1928576049,,Residential homes,Halton,North West,Croftwood Care UK Limited
Arden Court,"76 Half Edge Lane,Eccles,Manchester",M30 9BA,1612403273,https://www.bloomcare.co.uk,Nursing homes,Salford,North West,Wellington Healthcare (Arden) Ltd
Lower Meadow,"187 Drayton Avenue,Stratford-upon-avon",CV37 9LF,1789268522,,Residential homes,Warwickshire,West Midlands,Runwood Homes Limited
Low Furlong,"Darlingscote Road,Shipston On Stour",CV36 4DY,1608662005,,Residential homes,Warwickshire,West Midlands,Runwood Homes Limited
Orchard Blythe,"Wingfield Road,Coleshill,Birmingham",B46 3LL,1675467027,https://www.runwoodhomes.co.uk/homes/orchard-blythe.,Residential homes,Warwickshire,West Midlands,Runwood Homes Limited
Belong Newcastle-under-Lyme,"65 Lower Street,Newcastle-under-Lyme",ST5 2RS,1782986300,,Nursing homes,Staffordshire,West Midlands,Belong Limited
Montpellier Manor,"46 Strait Lane,Stainsby,Middlesbrough",TS8 9BD,1642579030,https://mha.org.uk/care-support/care-homes/montpellier-manor,Residential homes,Middlesbrough,North East,Methodist Homes
Preston,"1 Albert Road,Fulwood,Preston",PR2 8PJ,,https://www.heathcotes.net,Residential homes,Lancashire,North West,Heathcotes Care Limited
121 Hassall Road,"121 Hassall Road,Alsager,Stoke-on-trent",ST7 2SL,1565640098,,Residential homes,Cheshire East,North West,The David Lewis Centre
Poldark,"Skinners Bottom,Redruth",TR16 5EA,1637416444,https://www.switchedoncare.com,Residential homes,Cornwall,South West,Green Light PBS Limited
Grove House,"122 Grove Road,Sutton",SM1 2DD,1246556453,https://www.heathcotes.net,Residential homes,Sutton,London,Heathcotes Care Limited
Birchwood House,"27-29 Cateswell Road,Hall Green,Birmingham",B28 8NB,1217771347,https://www.accomplish-group.co.uk,Residential homes,Birmingham,West Midlands,Accomplish Group Limited
Gerard Road,"74-76 Gerard Road,Rotherham",S60 2PW,,https://www.heathcotes.net,Residential homes,Rotherham,Yorkshire & Humberside,Heathcotes Care Limited
Springvale Resource Centre,"42 Spring Vale,Middleton,Manchester",M24 2HR,1616546196,https://www.nationalcaregroup.com,Residential homes,Rochdale,North West,National Neurological Services Ltd
High Peak Lodge Residential & Nursing Home,"Bedford Square,Leigh",WN7 2AA,1942262021,,Nursing homes,Wigan,North West,Qualia Care Limited
Walton Manor Residential and Nursing Home,"23 Luton Grove,Liverpool",L4 4LG,1512981605,,Nursing homes,Liverpool,North West,Qualia Care Limited
Simonsfield Residential Care Home,"1a,Sunbury Road,Liverpool",L4 2TS,1512607918,,Residential homes,Liverpool,North West,Qualia Care Limited
Deepdale Neurological Centre,"150 Fletcher Road,Preston",PR1 5HE,1772447993,https://www.nationalcaregroup.com,Residential homes,Lancashire,North West,National Neurological Services Ltd
Ashbrook Neuro Rehabilitation,"Kitter Street,Rochdale",OL12 9SF,1706352159,https://www.nationalcaregroup.com,Nursing homes,Rochdale,North West,National Neurological Services Ltd
Rose Court Care Home,"253 Lower Road,Rotherhithe,London",SE8 5DN,2071676508,,Residential homes,Southwark,London,Agincare (Southwark) Limited
Greenhive House,"50 Brayards Road,London",SE15 2BQ,2077409880,,Residential homes,Southwark,London,Agincare (Southwark) Limited
Comer Wall Way,"8 & 10 Comer Wall Way,Halewood,Liverpool",L26 0AQ,,,Residential homes,Knowsley,North West,Bright Futures Care Limited
Croham Place,"17 Wisborough Road,South Croydon",CR2 0DR,2086572626,,Nursing homes,Croydon,London,Bramley Health Limited
The Mill House,"The Mill House,Sackville Street,Skipton",BD23 2PR,,,Residential homes,North Yorkshire,Yorkshire & Humberside,Anchor Hanover Group
Helmsley Road Short Breaks Service,"29 Helmsley Road,Rainworth,Mansfield",NG21 0DQ,1623476939,https://www.nottinghamshire.gov.uk,Residential homes,Nottinghamshire,East Midlands,Nottinghamshire County Council
Holles Street Short Breaks Service,"Holles Street,Worksop",S80 2LJ,1158546182,,Residential homes,Nottinghamshire,East Midlands,Nottinghamshire County Council
Butlers Mews Care Home,"Ridge Drive,Rugby",CV21 3FE,,,Residential homes,Warwickshire,West Midlands,WT RB Opco 1 Limited
Bridge Manor,"Mary Bond Court,Wombourne,Wolverhampton",WV5 8DA,,,Residential homes,Staffordshire,West Midlands,WT RB Opco 1 Limited
Hampden House,"120 Duchy Road,Harrogate",HG1 2HE,1423566964,https://www.hica-uk.com/care-homes/hampden-house,Nursing homes,North Yorkshire,Yorkshire & Humberside,H I C A
Tigh Bruadair,"Summer Hill,Gainsborough",DN21 1HQ,1427611541,https://www.kisimul.co.uk,Residential homes,Lincolnshire,East Midlands,Kisimul Group Limited
High Mount,"13-14 High Mount,Donnington,Telford",TF2 7NL,1952608082,https://www.swantoncare.com,Residential homes,Telford and Wrekin,West Midlands,Swanton Care & Community Limited
Weir Road,"Waterford House & The Saplings,Weir Road, Hanwood,Shrewsbury",SY5 8LA,1743872250,https://www.condovercollege.co.uk,Residential homes,Shropshire,West Midlands,Condover College Limited
Colliers House,"570-574 Woodway Lane,Coventry",CV2 2AF,2476617088,https://www.dignushealthcare.com,Residential homes,Coventry,West Midlands,Dignus Healthcare Limited
Willowgarth,"Willowgarth Care Home,Rolston Road,Hornsea",HU18 1XP,1964534651,https://www.hatzfeld.co.uk,Residential homes,East Riding of Yorkshire,Yorkshire & Humberside,Hatzfeld Care Limited
HF Trust - Orchard View,"7 Waterloo Road,Bidford On Avon,Alcester",B50 4JP,1789490730,,Residential homes,Warwickshire,West Midlands,HF Trust Limited
HF Trust Gaston House,"7 Waterloo Road,Bidford On Avon,Alcester",B50 4JP,1789490664,,Residential homes,Warwickshire,West Midlands,HF Trust Limited
Fountains Lodge Care Home,"13-17 London Road,Southborough,Tunbridge Wells",TN4 0RJ,1892682290,https://www.bupa.co.uk/care-services/care-homes/fountains-lodge-nursing-and-residential-home-tunbridge-wells,Nursing homes,Kent,South East,Bupa Care Homes (ANS) Limited
195 Ashby Road,"195 Ashby Road,Burton On Trent",DE15 0LB,1283529495,https://www.senadgroup.com,Residential homes,Staffordshire,West Midlands,Winslow Court Limited
The Limes,"1,2,8,10,12,12A Stainton Street,Doncaster",DN12 4AP,,,Residential homes,Doncaster,Yorkshire & Humberside,The Hesley Group Limited
Belong Warrington Care Village,"Loushers Lane,Warrington",WA4 6RX,1925593800,https://www.belong.org.uk,Nursing homes,Warrington,North West,Belong Limited
Belong Crewe Care Village,"Brookhouse Drive,Crewe",CW2 6NA,1270561200,https://www.clsgroup.org.uk,Nursing homes,Cheshire East,North West,Belong Limited
Frognal House Care Home,"Frognal House,Frognal Avenue,Sidcup",DA14 6LF,2083026200,,Residential homes,Bexley,London,Willowbrook Healthcare Limited
Southbourne Beach Care Home,"42 Belle Vue Road,Southbourne,Bournemouth",BH6 3DS,1202437600,,Residential homes,"Bournemouth, Christchurch and Poole",South West,Willowbrook Healthcare Limited
Westbourne Tower Care Home,"16-18 Poole Road,Bournemouth",BH4 9DR,1202760966,,Nursing homes,"Bournemouth, Christchurch and Poole",South West,Willowbrook Healthcare Limited
Purley Gardens Care Home,"21-27 Russell Hill Road,Purley",CR8 2LF,2086762300,,Nursing homes,Croydon,London,Willowbrook Healthcare Limited
Fairmont Residential Ltd,"28 Sandringham Way,Withymor Village,Brierley Hill",DY5 3JR,7775697799,https://www.fairmont-residential.com,Residential homes,Dudley,West Midlands,Fairmont Residential Limited
Turning Point - The Cedars,"4 Chequer Street,Bulkington,Bedworth",CV12 9NH,2476310974,https://www.turning-point.co.uk,Residential homes,Warwickshire,West Midlands,Turning Point
Oldham House,"building 4, 77 Oldham Road,Shaw,Oldham",OL2 8SP,,,Nursing homes,Oldham,North West,Wellington Healthcare (Arden) Ltd
185 Watling St Road,"Fulwood,Preston",PR2 8AE,1772700371,https://www.potens-uk.com,Residential homes,Lancashire,North West,Potensial Limited
Ebor Court,"Great North Way,York Business Park, Nether Poppleton,York",YO26 6RB,1904606242,https://www.idealcarehomes.co.uk,Residential homes,York,Yorkshire & Humberside,Ideal Carehomes (Number One) Limited
The Oaks,"51 Station Road,Bardney,Lincoln",LN3 5UD,1526399683,,Residential homes,Lincolnshire,East Midlands,Home from Home Care Limited
The Fields,"Spa Lane,Woodhouse,Sheffield",S13 7PG,1142691144,https://www.cygnethealth.co.uk,Nursing homes,Sheffield,Yorkshire & Humberside,Cygnet Learning Disabilities Midlands Limited
Wigginton Cottage,"86 Main Road,Wigginton,Tamworth",B79 9DZ,182763441,https://www.prioryadultcare.co.uk,Residential homes,Staffordshire,West Midlands,Parkcare Homes (No.2) Limited
Dalton Court Care Home,"Europe Way,Cockermouth",CA13 0RJ,1900898640,,Nursing homes,Cumberland,North West,Sandstone Care North West Limited
Lindisfarne Shotton,"Carlyle Crescent,Shotton Colliery,Durham",DH6 2PB,1915261132,,Nursing homes,County Durham,North East,Gainford Care Homes Limited
Westhaven Care Home,"10 Lighthouse Road,Hoylake,Wirral",CH47 2EB,2084227365,,Nursing homes,Wirral,North West,Minster Care Management Limited
Elm House Residential Care Home,"76 Pillory Street,Nantwich",CW5 5SS,1270624428,,Residential homes,Cheshire East,North West,Minster Care Management Limited
7-9 Downing Close,"7-9 Downing Close,Knowle,Solihull",B93 0QA,1564732840,https://www.solihull.gov.uk,Residential homes,Solihull,West Midlands,Solihull Metropolitan Borough Council
Thurn Court,"Thurncourt Road,Thurnby Lodge,Leicester",LE5 2NG,1162413126,,Residential homes,Leicester,East Midlands,Leicestershire County Care Limited
Arbor House,"High Street,Evington,Leicester",LE5 6SH,1162739033,,Residential homes,Leicester,East Midlands,Leicestershire County Care Limited
Riverside Point,"26-29 Kerridge Drive,Warrington",WA1 2GN,7917898850,,Residential homes,Warrington,North West,Bright Futures Care Limited
Orchard House,"Ashton Road,Hartwell,Northampton",NN7 2EY,1604864466,https://www.oakleafcare.com,Nursing homes|Long-term conditions|Rehabilitation (illness/injury),West Northamptonshire,East Midlands,Oakleaf Care (Hartwell) Limited
Shaw House Care Home,"Building 2, 77 Oldham Road,Shaw,Oldham",OL2 8SP,1706580379,,Residential homes,Oldham,North West,Wellington Healthcare (Arden) Ltd
Cherry Trees,"Simmonite Road,Kimberworth Park,Rotherham",S61 3EQ,1709550025,https://www.orchardcarehomes.com/carehomes/cherry-trees-kimberworth-park-rotherham,Nursing homes,Rotherham,Yorkshire & Humberside,Indigo Care Services Limited
Arlington Grove,"Woodside Drive,Almondsbury,Bristol",BS32 4AG,1179682097,,Nursing homes,South Gloucestershire,South West,Barker Care Limited
Mather Fold House,"Hoghton Lane,,Higher Walton,,Preston",PR5 4ED,1772311371,https://www.prioryadultcare.co.uk,Residential homes,Lancashire,North West,Parkcare Homes (No.2) Limited
Oliver House,"552a Newark Road,North Hykeham,Lincoln",LN6 9NG,1790752499,,Residential homes,Lincolnshire,East Midlands,Linkage Community Trust
Cedar Garden,"Tag Lane,Ingol,Preston",PR2 7AB,1772723745,,Nursing homes,Lancashire,North West,DHCH14 Limited
Dybdale Crescent,"1 Dybdale Crescent,Wellingborough",NN8 5EX,1604811838,,Residential homes,North Northamptonshire,East Midlands,Achieve Together Limited
Mellieha,"Hillfold,South Elmsall,Pontefract",WF9 2BZ,1604811838,,Residential homes,Wakefield,Yorkshire & Humberside,Achieve Together Limited
The Chestnuts,"296 Bedford Road,Rushden",NN10 0SE,1604811838,,Residential homes,North Northamptonshire,East Midlands,Achieve Together Limited
Marling Court,"2 Bramble Lane,Hampton",TW12 3XB,2087830157,https://www.countrycourtcare.co/our-homes/marling-court-care-home,Residential homes,Richmond upon Thames,London,Country Court Care Homes 2 Limited
Tamara House,"Thanckes Close,Torpoint",PL11 2RA,1752813527,,Residential homes,Cornwall,South West,Karlyon Care Ltd
Highfield Care Home,"Scarthingwell Park,Barkston Ash,Tadcaster",LS24 9PG,1937221720,https://www.barchester.com,Residential homes,North Yorkshire,Yorkshire & Humberside,Barchester Healthcare Homes Limited
Oakdene House,"31a Oakdene Avenue,Erith",DA8 1EJ,1322600513,https://www.sequencecaregroup.co.uk,Residential homes,Bexley,London,Liaise (London) Limited
Together Nest Lane,"1 Nest Lane,Wellingborough,Northampton",NN8 4AU,1933272194,https://www.together-uk.org,Residential homes,North Northamptonshire,East Midlands,Together for Mental Wellbeing
Mayfield View Care Home,"Lower Railway Road,Ilkley",LS29 8WH,1943889900,,Nursing homes,Bradford,Yorkshire & Humberside,WT UK Opco 4 Limited
Seacroft Green Care Centre,"Seacroft Green Care Centre,Leeds",LS14 6PA,1134261230,,Nursing homes,Leeds,Yorkshire & Humberside,WT UK Opco 4 Limited
Mayfield View Care Home,"Lower Railway Road,Ilkley",LS29 8WH,1943889900,,Nursing homes,Bradford,Yorkshire & Humberside,Care UK Care Services Limited
Seacroft Green Care Centre,"Seacroft Green Care Centre,Leeds",LS14 6PA,1134261230,,Nursing homes,Leeds,Yorkshire & Humberside,Care UK Care Services Limited
North Lincolnshire Council Home First Residential,"42 De Lacy Way,Winterton,Scunthorpe",DN15 9XS,1724298444,https://www.northlincs.gov.uk,Residential homes,North Lincolnshire,Yorkshire & Humberside,North Lincolnshire Council
The Mews,"Ratcliffe Road,Leicester",LE2 3TE,1162448624,,Residential homes,Leicester,East Midlands,Prime Life Limited
Greenways Court,"Delves Lane,Consett",DH8 7EE,1207586970,https://www.hc-one.co.uk,Residential homes,County Durham,North East,HC-One No.2 Limited
Orchid House,"30 York Place,Stoke,Plymouth",PL2 1BP,1752556546,,Residential homes,Plymouth,South West,Karlyon Care Ltd
Worsley Road,"173 Worsley Road,Eccles,Manchester",M30 8LY,1925759162,https://brightfuturescare.co.uk,Residential homes,Salford,North West,Bright Futures Care Limited
Trevayler,"309 Burton Road,Derby",DE23 6AG,1332348080,,Residential homes,Derby,East Midlands,Waythrough
Longview House,"Longview House,217 Longview Drive,Liverpool",L36 6ED,1514894334,,Residential homes,Knowsley,North West,Waythrough
Lavenders,"41 Lavenders Road,West Malling",ME19 6HP,1732844744,,Residential homes,Kent,South East,Eleanor Nursing and Social Care Limited
Meadows,"Meadows,Oak Lane, Minster On Sea,Sheerness",ME12 3QP,1795424823,https://www.insightbehaviouralservice.co.uk,Residential homes,Kent,South East,Insight Specialist Behavioural Service Ltd
The Boat House,"24-28 Lichfield Street,Fazeley,Tamworth",B78 3QN,1827289654,https://www.midwaycaregroup.co.uk,Residential homes,Staffordshire,West Midlands,Pharos Care Limited
21 North View,"21 North View,Jarrow",NE32 5JQ,1914241113,,Residential homes,South Tyneside,North East,Saint John of God Hospitaller Services
Keal View,"Toynton All Saints,Spilsby",PE23 5AE,1790754926,https://www.linkage.org.uk,Residential homes|Education disability services,Lincolnshire,East Midlands,Linkage Community Trust
Tigh Sogan,"29 Purley Oaks Road,South Croydon",CR2 0NW,2086604754,https://www.kisimul.co.uk,Residential homes,Croydon,London,Kisimul Group Limited
School Lane,"35 School Lane,Iwade,Sittingbourne",ME9 8SE,1634869200,https://www.clbd.org,Residential homes,Kent,South East,CLBD Limited
Silver Street,"28 Silver Street,Dodworth,Barnsley",S75 3NP,1514203637,,Residential homes,Barnsley,Yorkshire & Humberside,Making Space
The Orchard,"Aston Road,Wem,Shrewsbury",SY4 5JD,1939231040,https://www.condovercollege.co.uk,Residential homes,Shropshire,West Midlands,Condover College Limited
15 Seabrook,"15 Seabrook Road,Hythe",CT21 5NB,1303762980,https://www.clbd.org,Residential homes,Kent,South East,CLBD Limited
Brain Injury Rehabilitation Trust - Bristol Road,"1101 Bristol Road,Selly Oak,Birmingham",B29 6LX,1214781847,,Residential homes|Homecare agencies|Supported housing|Supported living,Birmingham,West Midlands,The Disabilities Trust
Ferndale Lodge,"Hurst Knowle,Almondbury,Huddersfield",HD5 8FD,1484435088,https://www.horizoncareservices.co.uk,Residential homes,Kirklees,Yorkshire & Humberside,Horizon Healthcare Homes Limited
Robinswood House,"600 The Wells Road,Nottingham",NG3 3AA,1159819080,,Residential homes,Nottingham,East Midlands,Broadoak Group of Care Homes
Redfield Lodge,"Avonvale Road,Redfield,Bristol",BS5 9RG,1173534320,,Residential homes,"Bristol, City of",South West,Bristol City Council
Chaplin Court,"164 Rotherham Road,Coventry",CV6 4FR,2477923894,,Residential homes,Coventry,West Midlands,Aspects Care Homes Ltd
Rose Lodge & Holland House Care Home,"35a Church Street,Market Deeping,Peterborough",PE6 8AN,1778344454,https://www.countrycourtcare.co/our-homes/rose-lodge-care-home,Residential homes,Lincolnshire,East Midlands,Country Court Care Homes 2 Limited
Ascot House,"Ascot Ave,Sale,Manchester",M33 4GT,1619620996,,Residential homes,Trafford,North West,Trafford Council
Robins,"114 Courtfield Road,Quedgeley,Gloucester",GL2 4UF,,,Residential homes,Gloucestershire,South West,D & L Support Ltd
Ashcroft,"30 Ashcroft,Chard",TA20 2JH,1460712146,,Residential homes,Somerset,South West,OA2 Adults Limited
Options Bredon House,"Hospital Lane,Powick,Worcester",WR2 4SQ,1905830234,,Residential homes,Worcestershire,West Midlands,OA2 Adults Limited
Grange View,"Park Road,Grange-over-sands",LA11 7HQ,1539532570,,Residential homes,Westmorland and Furness,North West,OA2 Adults Limited
Greenacres,"Lindale,Grange-over-sands",LA11 6LP,1524271569,,Residential homes,Westmorland and Furness,North West,OA2 Adults Limited
Hazel House,"165 Manthorpe Road,Grantham",NG31 8DH,1789767800,,Residential homes,Lincolnshire,East Midlands,OA2 Adults Limited
Millfield House,"13 Back Lane,Colsterworth,Grantham",NG33 5NJ,1476860270,,Residential homes,Lincolnshire,East Midlands,OA2 Adults Limited
Noble Lodge,"24 Raymond Avenue,Birmingham",B42 1LX,,https://noblecare.co.uk,Residential homes,Birmingham,West Midlands,Noble Care Limited
Knot House,"Knot House,51-51a, Whitby Road,Ellesmere Port",CH65 8AB,1244566659,,Residential homes,Cheshire West and Chester,North West,Voyage 1 Limited
Belong Atherton Care Village,"Mealhouse Lane,Atherton,Manchester",M46 0EW,1942898410,https://www.clsgroup.org.uk,Nursing homes,Wigan,North West,Belong Limited
Gregory Court,"Gregory Court,Noel Street,Nottingham",NG7 6AJ,1159790750,https://www.voyagecare.com,Residential homes,Nottingham,East Midlands,Voyage 1 Limited
Fylde and Wyre Short Break Services,"Larkholme Lane,Fleetwood",FY7 7PN,1253897290,https://www.lancashire.gov.uk,Residential homes,Lancashire,North West,Lancashire County Council
Hillcroft Nursing Home Morecambe,"Woodlands Drive,Morecambe",LA3 1LZ,1524858599,,Nursing homes,Lancashire,North West,Hillcroft Nursing Homes Limited
Hillcroft Nursing Home Caton Green,"Caton Green Road,Brookhouse,Lancaster",LA2 9JH,1524770334,,Nursing homes,Lancashire,North West,Hillcroft Nursing Homes Limited
Hillcroft Nursing Home Carnforth,"North Road,Carnforth,Lancaster",LA5 9LX,1524734433,,Nursing homes,Lancashire,North West,Hillcroft Nursing Homes Limited
The Orchard,"Garman Carr Lane,Wistow,Selby",YO8 3UW,1757841988,,Residential homes,North Yorkshire,Yorkshire & Humberside,Action for Care Limited
Spring House Residential Care Home,"21 Eastbourne Road,Hornsea",HU18 1QS,1964533253,,Residential homes,East Riding of Yorkshire,Yorkshire & Humberside,Hatzfeld Care Limited
Dove House,"Bridgeman Street,Bolton",BL3 6SA,1204319890,,Residential homes,Bolton,North West,Bolton Council
Abney Court,"Abney Park,Cheadle",SK8 2PD,3333211922,https://www.careuk.com,Residential homes,Stockport,North West,Care UK Community Partnerships Ltd
Cole Bank Road,"16 Cole Bank Road,Hall Green,Birmingham",B28 8EX,1217778007,,Residential homes,Birmingham,West Midlands,Midway Care Ltd
Kingston Care Home,"Jemmett Close,Kingston Upon Thames",KT2 7AJ,1895257010,,Nursing homes,Kingston upon Thames,London,GCH (Alder) Ltd
Ideal Home,"Bicton Heath House,Knowsley Drive Gains Park,Shrewsbury",SY3 5DH,,,Residential homes,Shropshire,West Midlands,Croftwood Care (Cheshire) Limited
Wealstone Residential Home,"Wealstone Lane,Upton,Chester",CH2 1HB,1244377900,,Residential homes,Cheshire West and Chester,North West,Croftwood Care (Cheshire) Limited
Crossways Residential Care Home,"Station Road,Lostock Gralam,Northwich",CW9 7PN,160645559,,Residential homes,Cheshire West and Chester,North West,Croftwood Care (Cheshire) Limited
Whetstone Hey Residential Home,"Whetstone Hey,Old Chester Road, Great Sutton,Ellesmere Port",CH66 3JX,1513396233,,Residential homes,Cheshire West and Chester,North West,Croftwood Care (Cheshire) Limited
Leycester House Residential Care Home,"Leycester House,Edenfield Road, Mobberley,Knutsford",WA16 7HE,1565872496,,Residential homes,Cheshire East,North West,Croftwood Care (Cheshire) Limited
Astbury Lodge Residential Care Home,"Randle Meadow Hope Farm Estate,Great Sutton,Ellesmere Port",CH66 2LB,1513557043,,Residential homes,Cheshire West and Chester,North West,Croftwood Care (Cheshire) Limited
The Hawthorns,"The Hawthorns,Hawthorn Street,Wilmslow",SK9 5EJ,1625527617,,Residential homes,Cheshire East,North West,Croftwood Care (Cheshire) Limited
Royton House Care Home,"Royton House,  77 Oldham Road,Shaw,Oldham",OL2 8SP,1706580378,,Residential homes,Oldham,North West,Wellington Healthcare (Arden) Ltd
Beech House Care Home,"Beech House, Building 3, 77 Oldham Road,Shaw,Oldham",OL2 8SP,1706580375,,Residential homes,Oldham,North West,Wellington Healthcare (Arden) Ltd
Whiteoak,"2 Foston Close,Fagley,Bradford",BD2 3QF,1274643228,,Residential homes,Bradford,Yorkshire & Humberside,St Anne's Community Services
Bethany House Care Home,"2 Woodside, Lipson,Plymouth",PL4 8QE,3303038440,,Residential homes,Plymouth,South West,Karlyon Care Ltd
Norfolk Lodge,"Norfolk Lodge Cottage,Park Grange Road,Sheffield",S2 3QF,7966807115,,Residential homes,Sheffield,Yorkshire & Humberside,Sheffield City Council
Kirklands,"Kirklands,Rooms Lane, Morley,Leeds",LS27 9PA,1132533917,,Residential homes,Leeds,Yorkshire & Humberside,Heathcotes Care Limited
The Fieldings,"Huthwaite Road,Sutton In Ashfield",NG17 2GS,1623551992,https://www.prime-life.co.uk,Residential homes,Nottinghamshire,East Midlands,Prime Life Limited
Wesley Hall Gardens,"3 Wesley Hall Gardens,St. Helens",WA9 5JQ,1925759162,https://brightfuturescare.co.uk,Residential homes,St. Helens,North West,Bright Futures Care Limited
Victoria Court,"Memory Lane,Wednesfield,Wolverhampton",WV11 1SD,,,Residential homes,Wolverhampton,West Midlands,Rethink Mental Illness
The Holt,"Deepway Gardens,Exminster,Exeter",EX6 8BE,,https://www.salutemcareandeducation.co.uk,Residential homes,Devon,South West,Modus Care Limited
Lester Court,"2a Storer Road,Loughborough",LE11 5EQ,1509230622,https://www.accomplish-group.co.uk,Residential homes,Leicestershire,East Midlands,Accomplish Group Limited
Lowenac,"2 Lowenac Gardens,Camborne",TR14 7EX,1637416444,https://www.switchedoncare.com,Residential homes,Cornwall,South West,Green Light PBS Limited
Birch Green Care Home,"Ivydale,Birch Green,Skelmersdale",WN8 6RS,1162705678,,Nursing homes,Lancashire,North West,Prime Life Limited
Avonleigh Gardens,"Clyde Street,Oldham",OL1 4HT,1616946207,,Residential homes,Oldham,North West,DHCH14 Limited
Trianon,"39-41 St Johns Road,Exmouth",EX8 4DD,1395269638,,Residential homes,Devon,South West,Rehability UK Support Services Ltd
Penberthy Residential Care Home,"111 Mount Wise,Newquay",TR7 2BT,1637873845,,Residential homes,Cornwall,South West,Sanctuary Care Limited
St Breock Residential Care Home,"Whiterock,Wadebridge",PL27 7NN,1208812246,,Residential homes,Cornwall,South West,Sanctuary Care Limited
Trevern Residential and Nursing Home,"72 Melvill Road,Falmouth",TR11 4DD,1326312833,,Nursing homes,Cornwall,South West,Sanctuary Care Limited
Chyvarhas Residential and Nursing Home,"22 Saltash Road,Callington",PL17 7EF,1579383104,,Nursing homes,Cornwall,South West,Sanctuary Care Limited
The Green Residential Care Home,"Drump Road,Redruth",TR15 1LU,1209215250,,Residential homes,Cornwall,South West,Sanctuary Care Limited
St Martin's Residential and Nursing Home,"St. Martins Crescent,Camborne",TR14 7HJ,1209713512,,Nursing homes,Cornwall,South West,Sanctuary Care Limited
Fairfax Manor Care Home,"28 Wetherby Road,Harrogate",HG2 7SA,1423462014,https://www.lovettcare.co.uk/fairfax-manor-care-home/,Nursing homes,North Yorkshire,Yorkshire & Humberside,Lovett Care Limited
Lavender Court Care Home,"Boscawen Road,Perranporth",TR6 0EP,7894584162,,Residential homes,Cornwall,South West,South West Care Homes Limited
Wheal Gerry,"33, 34 and 36 Wheal Gerry,Camborne",TR14 8TY,1637416444,https://www.switchedoncare.com,Residential homes,Cornwall,South West,Green Light PBS Limited
Higher Lane,"131 Higher Lane,Rainford,St. Helens",WA11 8BJ,1925759162,https://www.brightfuturescare.co.uk,Residential homes,St. Helens,North West,Bright Futures Care Limited
Swallow Lodge,"Fen Lane,North Hykeham,Lincoln",LN6 8UZ,1522300430,,Residential homes,Lincolnshire,East Midlands,Making Space
Lawn Park Care Home,"Lucknow Drive,Sutton-in-ashfield",NG17 4LS,1623515340,,Nursing homes,Nottinghamshire,East Midlands,Lentulus Properties Limited
Alexandra Care Home,"Wargrave Road,Newton-le-willows",WA12 8RP,1925220963,,Nursing homes,St. Helens,North West,Lentulus Properties Limited
Park House,"93 Park Road South,Prenton",CH43 4UU,1516521021,,Nursing homes,Wirral,North West,Lentulus Properties Limited
Swindon Family Breaks Service,"3 Firethorn Close,Swindon",SN2 1FH,1793481373,,Residential homes|Homecare agencies,Swindon,South West,Swindon Borough Council
Woodside Court,"80 - 82 Birchanger Road,South Norwood,London",SE25 5BG,2086569717,,Residential homes,Croydon,London,Cognithan Limited
Lammas House Residential Care Home,"Lammas Road,Coventry",CV6 1QH,2476598175,https://www.sanctuary-care.co.uk/care-homes-midlands/lammas-house-residential-care-home,Residential homes,Coventry,West Midlands,Sanctuary Care Limited
Elston House,"Top Street,Elston,Newark",NG23 5NP,1636525384,https://www.cygnethealth.co.uk,Residential homes,Nottinghamshire,East Midlands,Cygnet Care Services Limited
Warren Lodge Care Home,"Warren Lane,Ashford",TN24 8UF,1233655910,https://www.bupa.co.uk,Nursing homes,Kent,South East,Bupa Care Homes (ANS) Limited
"Hall Lane Resource Centre (Respite Care, Short Breaks Service)","157-159 Hall Lane,Baguley,Manchester",M23 1WD,1612192413,,Residential homes,Manchester,North West,Manchester City Council
The Park Residential Care Home,"54 Cliff Road,Hornsea",HU18 1LZ,1964204141,,Residential homes,East Riding of Yorkshire,Yorkshire & Humberside,Hatzfeld Care Limited
Juniper House Residential Care Home,"2 Oak View Way,St Johns,Worcester",WR2 5FJ,1905676950,https://www.sanctuary-care.co.uk/care-homes-worcestershire/juniper-house-residential-care-home,Residential homes,Worcestershire,West Midlands,Sanctuary Care Limited
Byron Lodge,"1 Coldstream Avenue,Manchester",M9 6PG,1617954084,https://www.accomplish-group.co.uk,Residential homes,Manchester,North West,Accomplish Group Limited
Broughton Lodge,"London Road,Macclesfield",SK11 0JG,1625468951,https://www.cygnethealth.co.uk,Residential homes|Supported living,Cheshire East,North West,Cygnet Care Services Limited
Hambleton Grange,"Station Road,Thirsk",YO7 1QH,1845523837,https://www.idealcarehomes.co.uk,Residential homes,North Yorkshire,Yorkshire & Humberside,Ideal Carehomes (Number One) Limited
Cedar Lodge,"West Midlands Learning Campus,Rowden,Bromyard",HR7 4LS,1885488096,,Residential homes,"Herefordshire, County of",West Midlands,Winslow Court Limited
Willow House,"9 Ash Drive,Sparkhill,Birmingham",B11 4EQ,1218038305,,Residential homes,Birmingham,West Midlands,Aston Transitional Care Limited
Cedars Lodge,"3 Cedars Court,Ryhope Road,Sunderland",SR2 7EN,1915673541,https://www.espa.org.uk,Residential homes,Sunderland,North East,Education and Services for People with Autism Limited
The Grove Care Home,"Ings Lane,Waltham,Grimsby",DN37 0HB,1472821127,https://www.countrycourtcare.co/our-homes/the-grove-care-home,Residential homes,North East Lincolnshire,Yorkshire & Humberside,Country Court Care Homes 2 Limited
Short Breaks - 8 Broadlands Walk,"8 Broadlands Walk,Moston,Manchester",M40 5LT,1612055286,https://www.mldp.org.uk,Residential homes,Manchester,North West,Manchester City Council
Short Breaks - 7 Edlington Walk,"7 Edlington Walk,Newton Heath,Manchester",M40 1JA,1616835211,https://www.mldp.org.uk,Residential homes,Manchester,North West,Manchester City Council
Harlington House,"3 Main Street,Fullford,York",YO10 4HJ,1904634079,https://www.milewood.co.uk,Residential homes,York,Yorkshire & Humberside,Milewood Healthcare Ltd
Mulberry House,"169 Runcorn Road,Barnton,Northwich",CW8 4HR,7988810861,https://www.londonparamountcare.com,Residential homes,Cheshire West and Chester,North West,London Paramount Care Ltd
Thirlestaine Park Care Home,"Humphris Place,Off Sandford Road,Cheltenham",GL53 7GA,1242505560,,Nursing homes,Gloucestershire,South West,Porthaven Care Homes No 2 Limited
Ash House,"7 Ash Drive,Sparkhill,Birmingham",B11 4EQ,1212914004,,Residential homes,Birmingham,West Midlands,Aston Transitional Care Limited
Abbey House,"Stokes Drive,Leicester",LE3 9BR,1162312350,,Residential homes,Leicester,East Midlands,Leicestershire County Care Limited
Cooper House,"Pasley Road,Leicester",LE2 9BT,1162782341,,Residential homes,Leicester,East Midlands,Leicestershire County Care Limited
L'Arche Kent Faith House,"21-22,Redwood Close,Canterbury",CT2 7TH,,,Residential homes,Kent,South East,L'Arche
Sunnymeade,"Helliers Close,Chard",TA20 1LJ,146063563,https://www.agincare.com,Residential homes,Somerset,South West,Agincare (Somerset) Limited
Creative Support - The Laurels (Cumbria),"10 Norfolk Road,Carlisle",CA2 5PQ,1228527972,https://www.creativesupport.co.uk,Residential homes,Cumberland,North West,Creative Support Limited
Wilton Manor,"Leicester Road,Melton Mowbray",LE13 0DA,,,Residential homes,Leicestershire,East Midlands,Sanders Senior Living Limited
Ropers Barn,"Ropers Barn,Valletts Lane,Bolton",BL1 6DY,,,Nursing homes,Bolton,North West,Next Steps Mental Healthcare LTD
The Brambles Apartments,"Holly Bank Road,Rastrick,Brighouse",HD6 3JF,3333233977,https://www.thebridgecare.com,Residential homes,Calderdale,Yorkshire & Humberside,The Bridge Community Care Limited
Ladden View,"Fletcher Road,Yate,Bristol",BS37 7ER,1454513508,,Residential homes,South Gloucestershire,South West,Care UK Care Services Limited
Hawthorn Court,"St Aloysius View,Hebburn",NE31 1RH,1914283800,https://www.hc-one.co.uk,Residential homes,South Tyneside,North East,HC-One No.2 Limited
Milldene Nursing Home,"34 Field Street,Off Station Road, South Gosforth,Newcastle upon Tyne",NE3 1RY,1912846999,,Nursing homes,Newcastle upon Tyne,North East,Aspire Healthcare Limited
Avon Lodge Care Home,"Southey Avenue,Bristol",BS15 1QT,1179474370,https://www.healthcarehomes.co.uk,Nursing homes,South Gloucestershire,South West,Healthcare Homes (LSC) Limited
West Heath House,"54 Ivy House Road,Birmingham",B38 8JW,1214590909,,Residential homes|Rehabilitation (illness/injury),Birmingham,West Midlands,The Disabilities Trust
Osman House,"48 Station Road,Scholes,Leeds",LS15 4BT,1138879765,,Residential homes,Leeds,Yorkshire & Humberside,The Disabilities Trust
Lang Riggs House,"Breeze Hill Road,Manchester",M46 9HJ,1942871162,,Nursing homes,Bolton,North West,Nestlings Care Ltd
Valley View and Penshaw House,"Back Lane,Penshaw,Houghton le Spring",DH4 7ER,1913857776,,Residential homes,Sunderland,North East,Roseberry Care Centres GB Limited
Cranmer Court,"Cranmer Bank,Leeds",LS17 5LD,1132370024,,Residential homes,Leeds,Yorkshire & Humberside,Horizon Healthcare Homes Limited
Langley Lodge,"136 Deighton Road,Huddersfield",HD2 1JS,1484430320,,Residential homes,Kirklees,Yorkshire & Humberside,Horizon Healthcare Homes Limited
Wellington Road,"74 Wellington Road,Ashton-on-ribble,Preston",PR2 1BX,1772373853,,Residential homes,Lancashire,North West,Cedar Health And Wellbeing Limited
Fairfields,"212 Bishopton Road West,Stockton-on-tees",TS19 7HA,1642967122,,Residential homes,Stockton-on-Tees,North East,Saint John of God Hospitaller Services
Garden House,"Middle Warberry Road,Torquay",TQ1 1RN,7365159983,,Residential homes,Torbay,South West,Woodland Healthcare Limited
Woodland Court,"56 Marldon Road,Shiphay,Torquay",TQ2 7EJ,1803613162,,Nursing homes,Torbay,South West,Woodland Healthcare Limited
Woodland Park,"14 Babbacombe Road,Marychurch,Torquay",TQ1 3SJ,7886825406,,Nursing homes,Torbay,South West,Woodland Healthcare Limited
Abbeymead Lodge,"Abbeymead Avenue,Abbeymead,Gloucester",GL4 5GR,1452617566,https://www.rehabilityuk.co.uk,Residential homes,Gloucestershire,South West,Rehability UK Support Services Ltd
Ashwood Care Centre,"Gipsy Lane,Warminster",BA12 9LR,1985213477,https://www.osjct.co.uk,Residential homes,Wiltshire,South West,The Orders Of St. John Care Trust
Blenheim House,"1 Blenheim Terrace,Redcar",TS10 1QP,1642484420,https://www.milewood.co.uk,Residential homes,Redcar and Cleveland,North East,Milewood Healthcare Ltd
Maple Leaf House,"1 Dunsmore Avenue,Coventry",CV3 3AG,2476303682,https://www.smhc.uk.com,Nursing homes,Coventry,West Midlands,St. Matthews Limited
Richmond Village Northampton,"Bridge Meadow Way,Grange Park,Northampton",NN4 5EB,1604432600,https://www.richmond-villages.com,Nursing homes,West Northamptonshire,East Midlands,Richmond Villages Operations Limited
Apperley House,"97 Gloucester Road,Tewkesbury",GL20 5SU,1684292658,,Residential homes,Gloucestershire,South West,Rehability UK Support Services Ltd
Blenheim Mount,"Blenheim Mount,St Anns Hill,Nottingham",NG3 4LA,1159606446,https://www.heathcotes.net,Residential homes,Nottingham,East Midlands,Heathcotes Care Limited
HF Trust - Oaktree House,"Oak Tree House,Barnhay, Bampton,Tiverton",EX16 9NB,1398331446,,Residential homes,Devon,South West,HF Trust Limited
Adelaide Care Home,"35 West Street,Bexleyheath",DA7 4BE,2083043303,https://www.averyhealthcare.co.uk/care-homes/kent/bexleyheath/adelaide/,Nursing homes,Bexley,London,Avery Homes (Nelson) Limited
Amarna House Care Home,"Rosetta Way,Boroughbridge Road,York",YO26 5RN,1904798509,https://www.averyhealthcare.co.uk/care-homes/north-yorkshire/york/amarna-house/,Residential homes,York,Yorkshire & Humberside,Avery Homes (Nelson) Limited
Priory Court Care Home,"Priory Road,Stamford",PE9 2EU,1780766130,https://www.averyhealthcare.co.uk/care-homes/lincolnshire/stamford/priory-court/,Nursing homes,Lincolnshire,East Midlands,Avery Homes (Nelson) Limited
Rowan Court Care Home,"Silverdale Road,Newcastle under Lyme",ST5 2TA,1782622144,https://www.averyhealthcare.co.uk/care-homes/staffordshire/newcastle-under-lyme/rowan-court/,Nursing homes,Staffordshire,West Midlands,Avery Homes (Nelson) Limited
Fairways Care Home,"Little Coates Road,Grimsby",DN34 4NN,1472357911,https://www.careatfairways.co.uk,Residential homes,North East Lincolnshire,Yorkshire & Humberside,H I C A
Hemsworth Park,"Wakefield Road,Kinsley,Pontefract",WF9 5EA,1977617374,,Residential homes,Wakefield,Yorkshire & Humberside,Affinity Care Consortium Ltd
Ashview House Residential Care Home,"Aynsleys Drive,Blythe Bridge,Stoke On Trent",ST11 9HJ,1782398919,https://www.mauricare.com,Residential homes,Staffordshire,West Midlands,Mauricare Limited
Astell Care Centre,"Wharrier Street,Walker,Newcastle Upon Tyne",NE6 3BR,1912243677,,Nursing homes,Newcastle upon Tyne,North East,Crown Care VI Limited
Cantley House,"12 Woodcross Avenue,Cantley,Doncaster",DN4 6RU,1302537622,,Residential homes,Doncaster,Yorkshire & Humberside,Active Care Homes Limited
Bennethorpe House,"68 Bennetthorpe,Doncaster",DN2 6AD,1302367672,,Residential homes,Doncaster,Yorkshire & Humberside,Active Care Homes Limited
Gain Lane Farm Apartments,"Gain Lane Farm,Gain Lane,Bradford",BD3 7DN,1133405485,https://www.thebridgecare.com,Residential homes,Leeds,Yorkshire & Humberside,The Bridge Community Care Limited
Middleton,"485 Rochdale Road,Middleton,Manchester",M24 2GN,1616540226,https://www.heathcotes.net,Residential homes,Rochdale,North West,Heathcotes Care Limited
St James House,"53-55 Spital Street,Dartford",DA1 2DX,1322600510,https://www.sequencecaregroup.co.uk,Residential homes,Kent,South East,Liaise (London) Limited
St James Mews,"2-3 St James Place,Dartford",DA1 2ED,1322600511,https://www.sequencecaregroup.co.uk,Residential homes,Kent,South East,Liaise (London) Limited
Broomhouse Mews,"97A Broomhouse Lane,Edlington,Doncaster",DN12 1EH,1709863733,,Residential homes,Doncaster,Yorkshire & Humberside,Active Care Homes Limited
Abbeywell Court,"Dragon Square,Newcastle",ST5 7HL,1782561769,,Nursing homes,Staffordshire,West Midlands,Minster Care Management Limited
The Willows,"Raby Hall,Raby Hall Road,Wirral",CH63 0NN,1515592410,https://www.wirral.autistic.org,Residential homes,Wirral,North West,Autism Together
Beech Grove Care Home,"St Pauls Street,Clitheroe",BB7 2LS,,,Residential homes,Lancashire,North West,Roseberry Care Centres GB Limited
304 Southwell Road,"304-306 Southwell Road East,Rainworth,Mansfield",NG21 0EB,1623575803,https://www.ncha.org.uk,Residential homes,Nottinghamshire,East Midlands,Nottingham Community Housing Association Limited
2-8 Orchard Street,"2-8 Orchard Street,Hucknall,Nottingham",NG15 7JZ,1156666744,https://www.ncha.org.uk,Residential homes,Nottinghamshire,East Midlands,Nottingham Community Housing Association Limited
14-17 Palmwood Court,"16 Palmwood Court, The Woodlands,Highbury Road,Nottingham",NG6 9BZ,1156666745,https://www.ncha.org.uk,Residential homes,Nottingham,East Midlands,Nottingham Community Housing Association Limited
Turning Point - Kent LD Residential – Lenacre Avenue,"1 Lenacre Avenue,Whitfield,Dover",CT16 3HH,7917435299,,Residential homes,Kent,South East,Turning Point
Dramsdon,"Rivar Road,Shalbourne,Marlborough",SN8 3QE,1672870565,,Residential homes,Wiltshire,South West,Milestones Trust
12A Masefield Avenue,"12A Masefield Avenue,Swindon",SN2 7HT,1793497715,,Nursing homes,Swindon,South West,Milestones Trust
Oxbow Manor,"Oteley Road,Shrewsbury",SY2 6QH,1743651232,,Nursing homes,Shropshire,West Midlands,Care UK Care Services Limited
Trymview Hall,"Southmead Road,Westbury-on-trym,Bristol",BS10 5DW,1174055702,,Residential homes,"Bristol, City of",South West,Care UK Care Services Limited
Abney Court,"Abney Park,Cheadle",SK8 2PD,1614953780,,Residential homes,Stockport,North West,Care UK Care Services Limited
Hollins Park,"Victoria Road,Macclesfield",SK10 3JA,1625503028,,Nursing homes,Cheshire East,North West,Care UK Care Services Limited
Pinetum,"Valley Drive, The Countess Of Chester Health Park,Liverpool Road,Chester",CH2 1UA,1244380731,,Nursing homes,Cheshire West and Chester,North West,Care UK Care Services Limited
Glenhurst Lodge,"Virginia House,Vinters Road,Maidstone",ME14 5DX,1622351951,,Nursing homes,Kent,South East,Bramley Health Limited
St Pauls,"2 St. Pauls Close,Dinnington,Sheffield",S25 3PL,1909517865,,Residential homes,Rotherham,Yorkshire & Humberside,Swanton Care & Community (Autism North) Limited
Pinetrees,"The Avenue,Dallington,Northampton",NN5 7AJ,1604589233,,Residential homes,West Northamptonshire,East Midlands,Accomplish Group Limited
The Orchard,"Malabar Fields,Daventry",NN11 4DP,1327878802,,Residential homes,West Northamptonshire,East Midlands,Accomplish Group Limited
St Georges,"100 St Georges Avenue,Northampton",NN2 6JF,,,Residential homes,West Northamptonshire,East Midlands,Accomplish Group Limited
The Cottage,"Higher House Farm,Booths Lane, Lymm,Warrington",WA13 0PF,1925756630,https://www.cornerstonesuk.com,Residential homes,Warrington,North West,Bright Futures Care Limited
Hancox Close,"7-8 Hancox Close,Weston Under Wetherley,Leamington Spa",CV33 9GD,1926633548,https://www.turning-point.co.uk,Residential homes,Warwickshire,West Midlands,Turning Point
Redcliffe House,"Redcliffe Road,Mansfield",NG18 2QN,1623635599,https://www.voyagecare.com,Residential homes,Nottinghamshire,East Midlands,Voyage 1 Limited
The Cedars (Mansfield),"67 Mansfield Road,Blidworth,Mansfield",NG21 0RB,1623491033,https://www.voyagecare.com,Residential homes,Nottinghamshire,East Midlands,Voyage 1 Limited
Paisley Court,"38 Gemini Drive,Dovecot,Liverpool",L14 9LT,1512300857,,Nursing homes,Liverpool,North West,Care UK Care Services Limited
Deewater Grange,"93 Chester Road,Huntington,Chester",CH3 6BS,1244455458,,Nursing homes,Cheshire West and Chester,North West,Care UK Care Services Limited
Mercia Grange,"538 Lichfield Road,Four Oaks,Sutton Coldfield",B74 4EH,1213148139,,Nursing homes,Birmingham,West Midlands,Care UK Care Services Limited
Perry Manor,"Charles Hastings Way,Worcester",WR5 1ET,1905728410,,Nursing homes,Worcestershire,West Midlands,Care UK Care Services Limited
Priors House,"Old Milverton Lane,Blackdown,Leamington Spa",CV32 6RW,1926319780,,Nursing homes,Warwickshire,West Midlands,Care UK Care Services Limited
Sandfields,"St. Georges Road,Cheltenham",GL50 3EL,3333210921,,Nursing homes,Gloucestershire,South West,Care UK Care Services Limited
Foxbridge House,"Sevenoaks Road,Pratts Bottom,Orpington",BR6 7FB,1689850393,,Nursing homes,Bromley,London,Care UK Care Services Limited
Invicta Court,"Invicta Court, Gidds Pond Way,Weavering,Maidstone",ME14 5FY,3300583243,,Nursing homes,Kent,South East,Care UK Care Services Limited
Montfort Manor,"Kennington Road,Willesborough,Ashford",TN24 0YS,1233884327,,Nursing homes,Kent,South East,Care UK Care Services Limited
Sherwood Grange,"1a Robin Hood Lane,London",SW15 3PU,3333211996,,Nursing homes,Kingston upon Thames,London,Care UK Care Services Limited
Smyth Lodge,"2 Frognal Avenue,Sidcup",DA14 6LF,2080519190,,Nursing homes,Bexley,London,Care UK Care Services Limited
The Potteries,"187 York Road,Broadstone",BH18 8ES,1202642960,,Nursing homes,"Bournemouth, Christchurch and Poole",South West,Care UK Care Services Limited
Weald Heights,"Bourchier Close,Sevenoaks",TN13 1PD,3333218295,,Nursing homes,Kent,South East,Care UK Care Services Limited
Armstrong House,"110 Lobley Hill Road,Bensham,Gateshead",NE8 4YG,1914606220,,Nursing homes,Gateshead,North East,Care UK Care Services Limited
Cheviot Court,"Horsley Hill Square,South Shields",NE34 6RF,1914975222,,Residential homes,South Tyneside,North East,Care UK Care Services Limited
Elwick Grange,"Elwick Road,Hartlepool",TS26 9LX,1429278000,,Residential homes,Hartlepool,North East,Care UK Care Services Limited
Hadrian Park,"Marsh House Avenue,Billingham",TS23 3DF,1642566322,,Residential homes,Stockton-on-Tees,North East,Care UK Care Services Limited
Ponteland Manor Care Home,"Thornhill Road,Ponteland,Newcastle Upon Tyne",NE20 9PZ,1661821400,,Nursing homes,Northumberland,North East,Care UK Care Services Limited
Stanley Park,"Wear Road,Stanley",DH9 6AH,1207290800,,Nursing homes,County Durham,North East,Care UK Care Services Limited
The Terrace,"Maison Dieu,Richmond",DL10 7AX,1748822342,,Residential homes,North Yorkshire,Yorkshire & Humberside,Care UK Care Services Limited
Ventress Hall Care Home,"22-28 Trinity Road,Darlington",DL3 7AZ,1325488399,,Nursing homes,Darlington,North East,Care UK Care Services Limited
Amberley Lodge - Purley,"86 Downlands Road,Purley",CR8 4JF,2086680999,,Nursing homes,Croydon,London,Care UK Care Services Limited
Woodside Resource Centre,"The Willows,Cavendish Road,Middlesbrough",TS4 3EB,1642828146,,Nursing homes,Middlesbrough,North East,Care UK Care Services Limited
Anning House,"Cross Road,Weymouth",DT4 9QX,1305233300,,Nursing homes,Dorset,South West,Care UK Care Services Limited
Edgbaston Manor,"Speedwell Road,Edgbaston,Birmingham",B5 7PR,1217960800,,Nursing homes,Birmingham,West Midlands,Care UK Care Services Limited
Foxland Grange,"73 Wergs Road,Wolverhampton",WV6 9BN,1902774100,,Nursing homes,Wolverhampton,West Midlands,Care UK Care Services Limited
Ladybrook Manor,"1 Dairyground Road,Bramhall,Stockport",SK7 2HW,1614402200,,Residential homes,Stockport,North West,Care UK Care Services Limited
Metchley Manor,"5 Church Road,Edgbaston,Birmingham",B15 3SH,1213140929,,Residential homes,Birmingham,West Midlands,Care UK Care Services Limited
Halecroft Grange,"295 Hale Road,Hale Barns,Altrincham",WA15 8SN,1619809500,,Residential homes,Trafford,North West,Care UK Care Services Limited
Rossetti House,"Welshmill Lane,Frome",BA11 2AA,1273489500,,Nursing homes,Somerset,South West,Care UK Care Services Limited
Rush Hill Mews,"Clarks Way,Bath",BA2 2TR,1225435870,,Nursing homes,Bath and North East Somerset,South West,Care UK Care Services Limited
Ivy Grove,"71 Hatch Lane,Chingford,London",E4 6LP,2032254075,,Residential homes,Waltham Forest,London,Care UK Care Services Limited
Station House,"Station Road, Laughton Common,Dinnington,Sheffield",S25 3RW,1709917713,,Residential homes|Homecare agencies|Supported living,Rotherham,Yorkshire & Humberside,Swanton Care & Community (Autism North) Limited
Ashbourne Nursing Home,"Ashbourne Street,Norden,Rochdale",OL11 5XF,1706639944,,Residential homes,Rochdale,North West,Franklin Care Group Limited
19 Sheerstone,"19 Sheerstone,Iwade,Sittingbourne",ME9 8RN,1634869200,https://www.clbd.org,Residential homes,Kent,South East,CLBD Limited
Cherry Trees Resource Centre,"Chippenham Road,Bestwood Park Estate,Nottingham",NG5 5TA,1159159193,https://www.nottinghamcity.gov.uk,Residential homes,Nottingham,East Midlands,Nottingham City Council
The Oaks Residential Home,"Campbell Street,St Anns,Nottingham",NG3 1GZ,1158762997,https://www.nottinghamcity.gov.uk,Residential homes,Nottingham,East Midlands,Nottingham City Council
Cedar House,"Off Pinchbeck Road,Spalding",PE11 1QF,1775761949,,Residential homes,Lincolnshire,East Midlands,Making Space
Kildare Close,"11 Kildare Close,Hale Village,Liverpool",L24 5SA,7917447518,https://www.brightfuturescare.co.uk,Residential homes,Halton,North West,Bright Futures Care Limited
Claremont Manor Care Home,"Grebe Row,Dawlish",EX7 0HY,1626221591,https://mmcgcarehomes.co.uk/care-homes/claremont-manor,Nursing homes,Devon,South West,MMCG (2) Limited
Conifers,"1 Central Avenue,Borrowash,Derby",DE72 3JZ,1332417031,https://www.cygnethealth.co.uk,Residential homes,Derbyshire,East Midlands,Cygnet Learning Disabilities Midlands Limited
Jasmine,"125 Regent Road,Stoke-on-trent",ST1 3BL,7471036982,,Residential homes,Stoke-on-Trent,West Midlands,Delam Care Limited
Ladden View,"Fletcher Road,Yate,Bristol",BS37 7ER,1454513508,,Residential homes,South Gloucestershire,South West,Care UK Community Partnerships Ltd
Ferndale Court Nursing Home,"St. Michaels Road,Widnes",WA8 8TF,3339998519,,Nursing homes,Halton,North West,Landona House Limited
Seagrave House Care Home,"Seagrave House,Occupation Road,Corby",NN17 1EH,1604277002,,Residential homes,North Northamptonshire,East Midlands,Willowbrook Healthcare Limited
Squires Mews Care Home,"488 Kettering Road,Northampton",NN3 6QP,1604277002,,Residential homes,West Northamptonshire,East Midlands,Willowbrook Healthcare Limited
Middleton Lodge Care Home,"2a,Middleton Avenue, Littleover,Derby",DE23 6DL,1604277002,,Residential homes,Derby,East Midlands,Willowbrook Healthcare Limited
Castleholme Lodge,"Castleholme Lodge,4 Bryan Road,Huddersfield",HD2 2AH,1484507590,,Nursing homes,Kirklees,Yorkshire & Humberside,Elysium Healthcare No. 4 Limited
Riverside,"Broomstairs Bridge,Manchester Road,Hyde",SK14 2DE,1613660600,,Nursing homes,Tameside,North West,Care UK Care Services Limited
Millvina House,"155 Hartnup Street,Liverpool",L5 1UW,1513185540,,Nursing homes,Liverpool,North West,Liverpool City Council
Brushwood House,"1 South Parade,Speke,Liverpool",L24 2SG,1513184210,,Nursing homes,Liverpool,North West,Liverpool City Council
Silver Birches,"23 Tyne Close,Birmingham",B37 6QZ,1217883758,,Residential homes,Solihull,West Midlands,Affinity Care Consortium Ltd
Willowcroft,"Nottingham Road,Spondon,Derby",DE21 7NN,1332676010,https://mha.org.uk/care-support/care-homes/willowcroft,Residential homes,Derby,East Midlands,Methodist Homes
Walsingham Support - Cedars Road,"5 Cedars Road,Hampton Wick,Kingston Upon Thames",KT1 4BG,2089432668,,Residential homes,Richmond upon Thames,London,Walsingham Support
Walsingham Support - Lion Road,"59 Lion Road,Twickenham",TW1 4JF,2088916025,,Residential homes,Richmond upon Thames,London,Walsingham Support
Ferndale Mews,"St. Michaels Road,Widnes",WA8 8TF,3339998521,,Nursing homes,Halton,North West,Landona House Limited
Bishopsgate Lodge Care Home,"15 Hexham Street,Bishop Auckland",DL14 7PU,3339998436,,Nursing homes,County Durham,North East,Landona House Limited
Morton Close,"Morton Lane,East Morton,Keighley",BD20 6RP,7743937495,https://www.aldcare.com,Residential homes,Bradford,Yorkshire & Humberside,ADL Plc
Shepherds Lodge Residential Home,"4 West Mount,Barrow-in-furness",LA14 5LQ,,,Residential homes,Westmorland and Furness,North West,Westmorland and Furness Council
Meadows Mews,"45A-E,Tame Road,Tipton",DY4 7JA,1217263370,,Residential homes,Sandwell,West Midlands,Cygnet Behavioural Health Limited
The Cherry Tree,"114 Sandy Lane,Cheam,Sutton",SM2 7ES,2086433070,https://www.salutemcareandeducation.co.uk,Residential homes,Sutton,London,Modus Care Limited
Stocks Hall Mawdesley,"Hall Lane,Mawdesley,Ormskirk",L40 2QZ,1704778178,https://www.stockshallliving.co.uk,Nursing homes|Homecare agencies,Lancashire,North West,Stocks Hall Care Homes Limited
Weston Favell Houses,"2 Martins Court,Church Way,Weston Favell",NN3 3EN,,,Nursing homes,West Northamptonshire,East Midlands,Oakleaf Care (Hartwell) Limited
Aspley House,"204 London Road,Sittingbourne",ME10 1QA,1795438856,,Residential homes,Kent,South East,Insight Specialist Behavioural Service Ltd
Insight Walderslade,"73 Robin Hood Lane,Chatham",ME5 9NP,1634869273,,Residential homes,Medway,South East,Insight Specialist Behavioural Service Ltd
Noble Grange,"15-17 Webb Street,Nuneaton",CV10 8JQ,2476350394,,Residential homes,Warwickshire,West Midlands,Noble Care Limited
Holendene Way,"1 Holendene Way,Wombourne,Wolverhampton",WV5 8EP,1902895823,https://www.selbornecare.co.uk,Residential homes,Staffordshire,West Midlands,Selborne Care Limited
Liberty House,"Goodison Boulevard,Doncaster",DN4 6EJ,1302952005,,Residential homes,Doncaster,Yorkshire & Humberside,Runwood Homes Limited
The Laurels Residential and Nursing Home,"77 Nottingham Road,Spondon,Derby",DE21 7NG,1332662849,,Nursing homes,Derby,East Midlands,Sanctuary Care Limited
The Park Residential and Nursing Home,"40 St. Marks Road,Derby",DE21 6AH,1332200422,,Nursing homes,Derby,East Midlands,Sanctuary Care Limited
Holly Tree Lodge EMI Care Home,"Sceptone Grove,Shafton,Barnsley",S72 8NP,1226712399,https://www.trustcare.co.uk,Nursing homes,Barnsley,Yorkshire & Humberside,Trust Care Ltd
Sandylee House,"54 Stafford Road,Uttoxeter",ST14 8DN,1889567891,https://www.dehealthcare.co.uk,Residential homes,Staffordshire,West Midlands,Achieve Together Limited
Roseville House,"New Street,Wem,Shrewsbury",SY4 5AB,1939235163,,Residential homes,Shropshire,West Midlands,Achieve Together Limited
Merrington Grange,"Bomere Heath,Shrewsbury",SY4 3QJ,1372364077,,Residential homes,Shropshire,West Midlands,Achieve Together Limited
Highbury House,"36 Aston Road,Wem,Shrewsbury",SY4 5BA,1939233304,,Residential homes,Shropshire,West Midlands,Achieve Together Limited
Gotton Manor,"Gotton Manor Home,Gotton, Cheddon Fitzpaine,Taunton",TA2 8LL,1823413118,,Nursing homes,Somerset,South West,Harbour Healthcare Ltd
Mayfield House,"82 Mayfield Road,South Croydon",CR2 0BF,2086579202,https://wwww.cognithan.com,Residential homes,Croydon,London,Cognithan Limited
Rivenhall,"8,10, 12 Rivenhall Close,Great Sankey,Warrington",WA5 3UH,1925759162,,Residential homes,Warrington,North West,Bright Futures Care Limited
Sedgley Court,"Brick Kiln Way,Gospel End,Dudley",DY3 4BA,1384928404,https://www.idealcarehomes.co.uk,Residential homes,Staffordshire,West Midlands,Ideal Carehomes Limited
Fenchurch House,"Spalding Common,Spalding",PE11 3AS,1775711959,https://www.countrycourtcare.co/our-homes/fenchurch-house-care-home,Residential homes,Lincolnshire,East Midlands,Country Court Care Homes 2 Limited
The Lodge,"Landing Lane,Hemingbrough,Selby",YO8 6RA,1757841987,https://www.action4care.org,Residential homes,North Yorkshire,Yorkshire & Humberside,Action for Care Limited
Ashwood Park Residential and Nursing Home,"Seaside Lane,Easington Colliery,Peterlee",SR8 3XZ,1915273300,https://www.sanctuary-care.co.uk,Nursing homes|Rehabilitation (illness/injury),County Durham,North East,Sanctuary Care Limited
Birchwood Court Residential Care Home,"Seaside Lane,Easington Colliery,Peterlee",SR8 3XZ,1915279741,https://www.sanctuary-care.co.uk,Residential homes,County Durham,North East,Sanctuary Care Limited
Rushyfields Residential and Nursing Home,"Brandon Lane,Brandon,Durham",DH7 8SH,1913784691,https://www.sanctuary-care.co.uk,Nursing homes,County Durham,North East,Sanctuary Care Limited
Woodhall House,"City Gate,Gallowgate,Newcastle Upon Tyne",NE1 4PA,,,Nursing homes,Newcastle upon Tyne,North East,Nestlings Care Ltd
Malborn Teroan House,"Main Road,Nether Langwith,Mansfield",NG20 9EN,1623748392,https://www.cygnethealth.co.uk,Residential homes,Nottinghamshire,East Midlands,Cygnet Behavioural Health Limited
Adele Cottages,"Rufford Colliery Lane,Rainworth,Mansfield",NG21 0HR,,,Residential homes,Nottinghamshire,East Midlands,Cygnet Behavioural Health Limited
Dovecote Residential Care Home,"Hugar Road,High Spen,Rowlands Gill",NE39 2BQ,1207544441,https://www.sanctuary-care.co.uk,Residential homes,Gateshead,North East,Sanctuary Care Limited
Peel Gardens Residential and Nursing Home,"Peel Gardens,Colne",BB8 9PR,1282871243,https://www.sanctuary-care.co.uk,Nursing homes,Lancashire,North West,Sanctuary Care Limited
Guy's Court Residential Care Home,"409 Poulton Road,Fleetwood",FY7 7JY,1253776073,https://www.sanctuary-care.co.uk,Residential homes,Lancashire,North West,Sanctuary Care Limited
Dalby Court Residential Care Home,"1 Dalby Court,Coulby Newham,Middlesbrough",TS8 0XE,1642575000,https://www.sanctuary-care.co.uk,Residential homes,Middlesbrough,North East,Sanctuary Care Limited
Nunthorpe Oaks Residential Care Home,"114 Guisborough Road,Nunthorpe,Middlesbrough",TS7 0JA,,https://www.sanctuary-care.co.uk,Residential homes,Middlesbrough,North East,Sanctuary Care Limited
Prince Alfred Residential Care Home,"Rose Villas,Prince Alfred Road,Liverpool",L15 8HH,1517342587,https://www.sanctuary-care.co.uk,Residential homes,Liverpool,North West,Sanctuary Care Limited
Willow Gardens Residential and Nursing Home,"St. Edmonds Road,Bootle",L20 7HF,1519224324,https://www.sanctuary-care.co.uk,Nursing homes,Sefton,North West,Sanctuary Care Limited
Magna Road,"109 Magna Road,Bournemouth",BH11 9NE,1202582448,,Residential homes,"Bournemouth, Christchurch and Poole",South West,Community Integrated Care
Pines,"203 Park Hall Road,Mansfield Woodhouse",NG19 8QX,1623633152,https://www.cygnethealth.co.uk,Residential homes,Nottinghamshire,East Midlands,Cygnet Learning Disabilities Midlands Limited
Creative Support - St Helens Respite Service,"Thyme Lodge,357 Clockface Road,St Helens",WA9 4LY,1744815372,,Residential homes,St. Helens,North West,Creative Support Limited
Ashford Lodge,"Bagham Cross,Chilham,Canterbury",CT4 8DU,1227731437,,Residential homes,Kent,South East,Achieve Together Limited
Bradwell House,"14 Brockhill Road,Hythe, Kent",CT21 4AQ,1303239439,,Residential homes,Kent,South East,Achieve Together Limited
Byfield Court,"Sheppey Way,Bobbing,Sittingbourne",ME9 8PJ,1795431685,,Residential homes,Kent,South East,Achieve Together Limited
Ivers,"Hains Lane,Marnhull,Sturminster Newton",DT10 1JU,1258820164,,Residential homes,Dorset,South West,Achieve Together Limited
Kingsdown House,"46 Goddington Road,Strood,Kent",ME2 3DE,1634717084,,Residential homes,Medway,South East,Achieve Together Limited
Sheringham House,"54 Old Road East,Gravesend",DA12 1NR,1474329807,,Residential homes,Kent,South East,Achieve Together Limited
Winchester House,"455 Minster Road,Minster On Sea,Sheerness",ME12 3NS,1795871160,,Residential homes,Kent,South East,Achieve Together Limited
Pendle Gardens,"54 Carr Hall Road,Barrowford,Nelson",BB9 6PY,1282449767,https://www.consensussupport.com,Residential homes,Lancashire,North West,Consensus Support Services Limited
1 The Avenue Knaresborough,"1 The Avenue,Knaresborough",HG5 0NL,,,Residential homes,North Yorkshire,Yorkshire & Humberside,Homes Together Limited
12 Church Avenue Harrogate,"12 Church Avenue,Harrogate",HG1 4HE,,,Residential homes,North Yorkshire,Yorkshire & Humberside,Homes Together Limited
16 Spring Mount Harrogate,"16 Spring Mount,Harrogate",HG1 2HX,,,Residential homes,North Yorkshire,Yorkshire & Humberside,Homes Together Limited
3 Red Admiral Court Gateshead,"3 Red Admiral Court,Gateshead",NE11 9TW,,,Residential homes,Gateshead,North East,Homes Together Limited
8 Spring Mount Harrogate,"8 Spring Mount,Harrogate",HG1 2HX,,,Residential homes,North Yorkshire,Yorkshire & Humberside,Homes Together Limited
7 Birdhurst Rise,"7 Birdhurst Rise,South Croydon",CR2 7EG,2086812216,https://www.achievetogether.co.uk,Residential homes,Croydon,London,Achieve Together Limited
374 St Helier Avenue,"374 St. Helier Avenue,Morden",SM4 6JU,2086480661,https://www.achievetogether.co.uk,Residential homes,Merton,London,Achieve Together Limited
95 Parchmore Road,"95 Parchmore Road,Thornton Heath",CR7 8LY,2087715423,https://www.achievetogether.co.uk,Residential homes,Croydon,London,Achieve Together Limited
Beulah Road,"55 Beulah Road,Thornton Heath",CR7 8JH,2086536377,https://www.achievetogether.co.uk,Residential homes,Croydon,London,Achieve Together Limited
Cleveland House,"1 Cleveland Road,South Woodford,London",E18 2AN,2085302180,https://www.achievetogether.co.uk,Residential homes,Redbridge,London,Achieve Together Limited
Durlston Lodge,"115c Hilperton Road,Trowbridge",BA14 7JJ,1225719263,https://www.achievetogether.co.uk,Residential homes,Wiltshire,South West,Achieve Together Limited
Grange Court,"115d Hilperton Road,Trowbridge",BA14 7JJ,1225774177,https://www.achievetogether.co.uk,Residential homes,Wiltshire,South West,Achieve Together Limited
Hilltop,"32 Trewartha Park,Weston-super-mare",BS23 2RT,1934429448,https://www.achievetogether.co.uk,Residential homes,North Somerset,South West,Achieve Together Limited
Holly Tree Cottage,"243 Berrow Road,Burnham-on-sea",TA8 2JQ,1934429448,https://www.achievetogether.co.uk,Residential homes,Somerset,South West,Achieve Together Limited
Wembdon Rise,"4 Wembdon Rise,Wembdon,Bridgwater",TA6 7QU,1278420779,https://www.achievetogether.co.uk,Residential homes,Somerset,South West,Achieve Together Limited
Stafford Lodge,"87 Berrow Road,Burnham-on-sea",TA8 2PF,1278784067,https://www.achievetogether.co.uk,Residential homes,Somerset,South West,Achieve Together Limited
Starbrook,"35a Dursley Road,Heywood,Westbury",BA13 4LG,1934429448,https://www.achievetogether.co.uk,Residential homes,Wiltshire,South West,Achieve Together Limited
Salisbury House,"York Street,East Markham,Newark",NG22 0QW,1777871231,https://www.kisimul.co.uk,Residential homes,Nottinghamshire,East Midlands,Kisimul Group Limited
Wardley Street,"2 Wardley Street,London",SW18 4LU,2087726222,https://www.certitude.london,Residential homes,Wandsworth,London,Southside Partnership
Sherwood Forest Residential and Nursing Home,"29 Village Street,Derby",DE23 8TA,1332271941,https://www.sanctuary-care.co.uk/,Nursing homes,Derby,East Midlands,Sanctuary Care Limited
179 Green Lane,"179 Green Lane,Morden",SM4 6SG,2036027707,https://www.achievetogether.co.uk,Residential homes,Merton,London,Achieve Together Limited
Apple Tree House,"243a Berrow Road,Berrow,Burnham-on-sea",TA8 2JQ,12787958491,https://www.achievetogether.co.uk,Residential homes,Somerset,South West,Achieve Together Limited
101 Cheam Road,"101 Cheam Road,Sutton",SM1 2BE,2086420307,https://www.achievetogether.co.uk,Residential homes,Sutton,London,Achieve Together Limited
3 The Green,"3 The Green,Sutton",SM1 1QT,2086419348,https://www.achievetogether.co.uk,Residential homes,Sutton,London,Achieve Together Limited
49 Oakdale Road,"49 Oakdale Road,Streatham,London",SW16 2HL,2086779509,https://www.achievetogether.co.uk,Residential homes,Lambeth,London,Achieve Together Limited
Cedar Bungalows,"Church Lane,Hothfield,Ashford",TN26 1EL,1233896588,,Residential homes,Kent,South East,Coveberry Limited
Redbourne,"High Street,Redbourne,Gainsborough",DN21 4QU,1652648581,,Nursing homes,North Lincolnshire,Yorkshire & Humberside,Coveberry Limited
Sherwood,"8 First Avenue,Nottingham",NG7 6JL,7885203712,,Nursing homes,Nottingham,East Midlands,Coveberry Limited
Rose House,"42 The Street,Iwade,Sittingbourne",ME9 8SJ,1795429454,https://clbd.org.uk,Residential homes,Kent,South East,CLBD Limited
Gledholt Mews & Coach House,"34 Greenhead Road,Huddersfield",HD1 4EZ,7702847224,https://www.cygnethealth.co.uk,Nursing homes,Kirklees,Yorkshire & Humberside,Cygnet Learning Disabilities Midlands Limited
Old Vicarage Care Home,"Newcastle Avenue,Worksop",S80 1NJ,1909475521,https://www.mauricare.com,Residential homes,Nottinghamshire,East Midlands,Mauricare Limited
Ashfield House,"Tamworth Road,Keresley End,Coventry",CV7 8JG,2476331133,https://www.mauricare.com,Nursing homes,Coventry,West Midlands,Mauricare Limited
Devonshire House,"2 Devonshire Street,Manchester",M12 4BB,1613596247,,Residential homes,Manchester,North West,Voyage 1 Limited
Griffin Lodge,"4-5 Griffin Lane,Heald Green,Cheadle",SK8 3PZ,1614371235,https://www.c-i-c.co.uk,Residential homes,Stockport,North West,Community Integrated Care
Conway,"17 Conway Crescent,Rotherham",S65 3LE,7584217103,,Residential homes,Rotherham,Yorkshire & Humberside,Rotherham Metropolitan Borough Council
Eden House,"Cockton Hill Road,Bishop Auckland",DL14 6EN,1388606475,https://www.hc-one.co.uk,Residential homes,County Durham,North East,HC-One No.2 Limited
Walsingham Support - Keepers Cottage,"Falcon Lane,Ledbury",HR8 2JN,1531670772,https://www.walsingham.com,Residential homes,"Herefordshire, County of",West Midlands,Walsingham Support
Walsingham Support - Pound Farm,"Pound Farm,Gorsley,Ross-on-wye",HR9 7SL,1989720546,https://www.walsingham.com,Residential homes,"Herefordshire, County of",West Midlands,Walsingham Support
West Park Care Home,"1-5 Selby Street,Hull",HU3 3PB,1482589589,,Residential homes,"Kingston upon Hull, City of",Yorkshire & Humberside,Your Care Provider Ltd
Stuart House,"42-44 Stuart Road,Gillingham",ME7 4AD,1634786260,,Nursing homes,Medway,South East,Cognithan Limited
The Cedars Residential Care Home,"Brookfield Drive,Holmes Chapel,Crewe",CW4 7DT,1477532857,,Residential homes,Cheshire East,North West,Croftwood Care UK Limited
19 Barkla Close,"19 Barkla Close,Clifton,Nottingham",NG11 8QH,1158763095,https://www.nottinghamcity.gov.uk,Residential homes,Nottingham,East Midlands,Nottingham City Council
Windsor Court,"Sandbeck Way,Wetherby",LS22 7DN,1937586651,,Residential homes,Leeds,Yorkshire & Humberside,Ideal Carehomes (Number One) Limited
Turnbull Close,"56-58 Turnbull Close,Stone,Greenhithe",DA9 9EB,1322381568,https://www.fitzroy.org,Residential homes,Kent,South East,FitzRoy Support
Strafford View,"Doncaster Road,Hooton Roberts,Rotherham",S65 4PF,7793616670,,Residential homes,Rotherham,Yorkshire & Humberside,Voyage 1 Limited
Forest Hall,"59-65 Station Road North,Newcastle Upon Tyne",NE12 7AS,1912702005,https://www.espa.org.uk,Residential homes,North Tyneside,North East,Education and Services for People with Autism Limited
Greenview,"109 Coleshill Road,Marston Green,Birmingham",B37 7HT,,,Residential homes,Solihull,West Midlands,Accomplish Group Limited
Mapplewell Manor,"Greenside Avenue,Staincross,Barnsley",S75 6BB,1226391561,https://mha.org.uk/care-support/care-homes/mapplewell-manor,Residential homes,Barnsley,Yorkshire & Humberside,Methodist Homes
Bumblebee Lodge,"6 Hundleby Road,Hundleby,Spilsby",PE23 5LP,1754811002,,Residential homes,Lincolnshire,East Midlands,Boulevard Care Limited
Rosglen,"2 Highfield Range,Darfield,Barnsley",S73 9BQ,1226753356,https://www.nationalcaregroup.com,Residential homes,Barnsley,Yorkshire & Humberside,National Neurological Services Ltd
Green Acres Care Home,"Rigton Drive,Burmantofts,Leeds",LS9 7PY,1132483334,https://bondcare.co.uk/green-acres/,Nursing homes,Leeds,Yorkshire & Humberside,Bondcare (London) Limited
Chatsworth Grange,"Hollybank Road,Sheffield",S12 2BX,1142358000,https://bondcare.co.uk/chatsworth-grange/,Nursing homes,Sheffield,Yorkshire & Humberside,Bondcare (London) Limited
Abbey View,"Fairfield,Bristol Road,Sherborne",DT9 4HG,1935813222,https://www.coltencare.co.uk,Nursing homes,Dorset,South West,Colten Care (1993) Limited
Braemar Lodge,"18-20 Stratford Road,Salisbury",SP1 3JH,1722439700,https://www.coltencare.co.uk,Nursing homes,Wiltshire,South West,Colten Care (1993) Limited
Hillcrest,"South Road,Alnwick",NE66 2NZ,1665604464,,Nursing homes,Northumberland,North East,Malhotra Care Homes Limited
Jubilee House,"18 Jubilee Gardens,Royston,Barnsley",S71 4FL,1226337680,https://www.elysiumhealthcare.co.uk,Nursing homes,Barnsley,Yorkshire & Humberside,Elysium Healthcare No. 4 Limited
Wood Dene,"Colliery Approach,Potovens Lane, Lofthouse,Wakefield",WF3 3JG,1924825252,,Residential homes,Wakefield,Yorkshire & Humberside,Voyage 1 Limited
Link House,"15 Blenheim Road,London",SW20 9BA,2085404899,https://www.countrycourtcare.co/our-homes/link-house-care-nursing-home,Nursing homes,Merton,London,Country Court Care Homes 2 Limited
Carter House,"1-2 Farnham Gardens,London",SW20 0UE,2089466566,https://www.countrycourtcare.co/our-homes/carter-house-care-home,Nursing homes,Merton,London,Country Court Care Homes 2 Limited
Woodlands House,"118 Cavendish Road,London",SW19 2HJ,2085400205,https://www.countrycourtcare.co/our-homes/woodlands-house-care-nursing-home,Nursing homes,Merton,London,Country Court Care Homes 2 Limited
Next Steps Monton,"69 Monton Street,Manchester",M14 4LS,1612267290,,Nursing homes,Manchester,North West,Next Steps Mental Healthcare LTD
FitzRoy - Teddington,"7 Haydon Close,Teddington,Surrey",TW11 9FN,2089485423,,Residential homes|Supported living,Richmond upon Thames,London,FitzRoy Support
Kinsey Road,"63 - 66 Kinsey Road,Smethwick",B66 4SL,1215654970,https://www.selbornecare.co.uk,Residential homes,Sandwell,West Midlands,Selborne Care Limited
Insight SBS ltd 201 London Road,"201 London Road,Sittingbourne",ME10 1PA,1795438856,https://www.insightbehaviouralservice.co.uk,Residential homes,Kent,South East,Insight Specialist Behavioural Service Ltd
Wakefield Road,"7 Wakefield Road,Garforth,Leeds",LS25 1AN,,,Residential homes,Leeds,Yorkshire & Humberside,The Bridge Community Care Limited
Morgan House,"86 Uttoxeter Road,Blythe Bridge,Stoke-on-trent",ST11 9JG,,https://www.cygnethealth.co.uk,Residential homes,Staffordshire,West Midlands,Cygnet Learning Disabilities Midlands Limited
Figbury Lodge,"2 Mitchell Road,Poole",BH17 8US,,,Nursing homes,"Bournemouth, Christchurch and Poole",South West,Shaw Healthcare (Group) Limited
Wall Hill Road,"137 Wall Hill Road,Allesley,Coventry",CV5 9EL,2476331621,,Residential homes|Supported living,Coventry,West Midlands,FitzRoy Support
Ladyfield House,"Peck Mill View,Kiveton Park Station,Sheffield",S26 6UY,1909771571,,Residential homes,Rotherham,Yorkshire & Humberside,Your Care Provider Ltd
4 Box Crescent,"4 Box Crescent,Minchinhampton,Stroud",GL6 9DJ,1453835023,,Residential homes,Gloucestershire,South West,Gloucestershire Group Homes Limited
Glyn House,"78 Uttoxeter Road,Blythe Bridge,Stoke-on-trent",ST11 9JG,1782389161,,Residential homes,Staffordshire,West Midlands,Cygnet Learning Disabilities Midlands Limited
Woodthorpe Lodge,"7 Norbriggs Road,Chesterfield",S43 3BW,1246473720,https://www.prioryadultcare.co.uk,Residential homes,Derbyshire,East Midlands,Parkcare Homes (No.2) Limited
St Helens Hall and Lodge,"Elephant Lane,St. Helens",WA9 5EL,1744818030,,Residential homes,St. Helens,North West,Sandstone Care North West Limited
Longridge Hall and Lodge,"4 Barnacre Road,Longridge,Preston",PR3 2PD,1772786106,,Residential homes,Lancashire,North West,Sandstone Care North West Limited
Fleetwood Hall,"Chatsworth Avenue,Fleetwood",FY7 8RW,1253777065,,Residential homes,Lancashire,North West,Sandstone Care North West Limited
Claridge Place,"111 Warwick Road,Solihull",B92 7HP,1212710270,https://www.sandersseniorliving.co.uk/,Residential homes,Solihull,West Midlands,Sanders Senior Living Limited
Crumble Cottage,"14 Woodsett Walk,Conisbrough,Doncaster",DN12 3BH,1709963619,,Residential homes,Doncaster,Yorkshire & Humberside,Active Care Homes Limited
Hilltop Lodge,"White Lane,Chapeltown,Sheffield",S35 2YH,1134680800,,Nursing homes,Sheffield,Yorkshire & Humberside,Akari Care Limited
Cranwell Court,"Cambridge Road,Grimsby",DN34 5EP,1472278479,,Residential homes,North East Lincolnshire,Yorkshire & Humberside,H I C A
Ince Green Lane,"310 Ince Green Lane,Ince,Wigan",WN3 4QP,1942236823,,Residential homes,Wigan,North West,Wigan Council
Primrose Avenue - Crewe,"30 Primrose Avenue,Haslington,Crewe",CW1 5NY,1565640217,https://www.davidlewis.org.uk,Residential homes,Cheshire East,North West,The David Lewis Centre
Montfort Manor,"Kennington Road,Willesborough,Ashford",TN24 0YS,1233229170,https://www.Careuk.com,Nursing homes,Kent,South East,Care UK Community Partnerships Ltd
St Patricks Care Home,"Crow Wood Lane,Widnes",WA8 3PN,1514953593,,Nursing homes,Halton,North West,Halton Borough Council
The Meadowgate Centre,"Meadowgate,Eston under Nab,Middlesborough",TS6 9NN,1642573480,,Residential homes|Rehabilitation (illness/injury),Redcar and Cleveland,North East,Redcar & Cleveland Borough Council
White Windows,"Fore Lane,Sowerby Bridge",HX6 1BH,1422831981,,Nursing homes|Homecare agencies,Calderdale,Yorkshire & Humberside,Valorum Care Limited
Clipstone House,"First Avenue,Clipstone Village,Mansfield",NG21 9DA,,https://www.elysiumhealthcare.co.uk,Nursing homes,Nottinghamshire,East Midlands,Elysium Healthcare No. 4 Limited
Deewater Grange,"93 Chester Road,Huntington,Chester",CH3 6BS,1244259483,,Nursing homes,Cheshire West and Chester,North West,Care UK Community Partnerships Ltd
Tanworth Court,"Tanworth Court Nursing Home,Tanworth Lane, Shirley,Solihull",B90 4DD,1213892266,,Nursing homes,Solihull,West Midlands,Prime Life Limited
Shaw Red Hill Care Centre,"229 London Road,Worcester",WR5 2JG,1905354000,,Nursing homes|Nursing homes,Worcestershire,West Midlands,Minster Care Management Limited
Wigston,"The Vicarage,Bushloe End,Wigston",LE18 2BA,1162883043,https://www.heathcotes.net,Residential homes,Leicestershire,East Midlands,Heathcotes Care Limited
Bourne House,"1 Mitre Way,Old Sarum,Salisbury",SP4 6GW,1722429400,https://www.osjct.co.uk/care-home/avonbourne-care-centre,Nursing homes,Wiltshire,South West,The Orders Of St. John Care Trust
Trymview Hall,"Southmead Road,Westbury-on-trym,Bristol",BS10 5DW,3333218354,https://www.careuk.com/care-homes/Trymview-Hall,Residential homes,"Bristol, City of",South West,Care UK Community Partnerships Ltd
Ridgeway House,"243 Marlborough Road,Swindon",SN3 1NN,1793521978,https://www.choicecaregroup.com,Residential homes,Swindon,South West,Community Homes of Intensive Care and Education Limited
Tanglewood Cloverleaf,"Long Leys Road,Lincoln",LN1 1EW,1522440510,,Nursing homes,Lincolnshire,East Midlands,Tanglewood Care Services Limited
1 & 2 Flax Cottages,"1 & 2 Flax Cottages,Fernlea Drive, Scotland Gate,Choppington",NE62 5SR,1670530247,,Residential homes,Northumberland,North East,Lifeways Community Care Limited
Perth House,"Perth House,Athlone Close,Derby",DE21 4BP,,,Residential homes,Derby,East Midlands,Derbyshire Community Health Services NHS Foundation Trust
Rockley Core Unit,"64 & 66 Carter Lane,Shirebrook,Mansfield",NG20 8PL,,,Residential homes|Community services - Learning disabilities|Community services - Mental Health|Rehabilitation (illness/injury),Derbyshire,East Midlands,Derbyshire Community Health Services NHS Foundation Trust
Robertson Road Core Unit,"5 Robertson Road,Buxton",SK17 7TB,,,Residential homes|Community services - Learning disabilities|Community services - Mental Health|Rehabilitation (illness/injury),Derbyshire,East Midlands,Derbyshire Community Health Services NHS Foundation Trust
Orchid Villa,"Grosvenor Villas, Lightfoot Street,Hoole,Chester",CH2 3AD,1244318567,https://www.cedarcarehomes.com,Nursing homes,Cheshire West and Chester,North West,Barker Care Limited
Lavender Villa,"Grosvenor Villas, Lightfoot Street,Hoole,Chester",CH2 3AD,1244318567,https://www.cedarcarehomes.com,Nursing homes,Cheshire West and Chester,North West,Barker Care Limited
Rose Villa,"Grosvenor Villas, Lightfoot Street,Hoole,Chester",CH2 3AD,1244318567,https://www.cedarcarehomes.com,Nursing homes,Cheshire West and Chester,North West,Barker Care Limited
Mr 'C's,"4-6 Matlock Terrace,St Lukes Road,Torquay",TQ2 5NY,7367412325,,Nursing homes,Torbay,South West,Woodland Healthcare Limited
New Fairholme,"Shrewsbury Road,Oswestry",SY11 2RT,1691684970,,Nursing homes,Shropshire,West Midlands,Coverage Care Services Limited
Smyth Lodge,"2 Frognal Avenue,Sidcup",DA14 6LF,2080519190,,Nursing homes,Bexley,London,Care UK Community Partnerships Ltd
Shirlett Close,"21 Shirlett Close,Coventry",CV2 1PG,,,Residential homes|Supported living,Coventry,West Midlands,FitzRoy Support
Willis Lodge Care Home,"St. Thomas' Avenue,Kirkby-in-ashfield,Nottingham",NG17 7DX,1623397244,https://www.hatzfeld.co.uk,Residential homes,Nottinghamshire,East Midlands,Hatzfeld Care Limited
Cathedral Care Centre,"23 Nettleham Road,Lincoln",LN2 1RQ,1522526715,,Nursing homes,Lincolnshire,East Midlands,St Philips Care Limited
Grove Lodge and Courtyard,"341 Marton Road,Middlesbrough",TS4 2PH,1642819111,,Residential homes,Middlesbrough,North East,Mariposa Care Group Limited
Three Sisters,"Brow Top Road,Cross Roads,Keighley",BD22 9PH,1535643728,,Residential homes,Bradford,Yorkshire & Humberside,Voyage 1 Limited
Victoria Road,"16 Victoria Road,Acocks Green,Birmingham",B27 7YA,1217082637,https://www.midwaycaregroup.co.uk,Residential homes,Birmingham,West Midlands,Midway Care Ltd
The Chestnuts,"57 Bargate,Grimsby",DN34 5AD,1472345513,,Residential homes,North East Lincolnshire,Yorkshire & Humberside,St Philips Care Limited
Burghley,"17 Burghley Street,Kettering",NN16 9LQ,7786065258,https://www.mentaur.co.uk,Residential homes,North Northamptonshire,East Midlands,Mentaur Limited
The Manor House Barnard Castle,"The Manor House,John Street,Barnard Castle",DL12 8ET,1833630555,https://www.anchor.org.uk,Residential homes,County Durham,North East,Anchor Hanover Group
The Cherries,"30 Julian Road,Folkestone",CT19 5HW,,https://www.prioryadultcare.co.uk,Residential homes,Kent,South East,Lothlorien Community Limited
The Conkers,"Far Common Road,Mirfield",WF14 0DQ,1924483903,https://www.hollybanktrust.com,Residential homes,Kirklees,Yorkshire & Humberside,Hollybank Trust
The Hawthorns (Evesham),"Church Street,Evesham",WR11 1EP,1386444330,,Nursing homes|Rehabilitation (illness/injury),Worcestershire,West Midlands,Shaw Healthcare (Group) Limited
Townsend Hub,"106 Townsend Lane,Anfield,Liverpool",L6 0BB,7709398560,,Residential homes,Liverpool,North West,Liverpool City Council
The Ark,"36 Wawne Road,Sutton-on-hull,Hull",HU7 4YE,1482834234,,Residential homes,"Kingston upon Hull, City of",Yorkshire & Humberside,Heathcotes Care Limited
Sunnyborough,"Weeland Road,Eggborough,Goole",DN14 0RX,1977661717,https://www.mcare.info,Residential homes,North Yorkshire,Yorkshire & Humberside,Millennium Support Ltd
Stanley Park Road,"19 Stanley Park Road,Wallington",SM6 0HL,,,Residential homes,Sutton,London,Consensus Support Services Limited
Kingston Court Care Home,"Newtown Road,Carlisle",CA2 7JH,1228528542,,Nursing homes,Cumberland,North West,Mariposa Care Group Limited
Alne Hall,"Alne Hall,Alne,York",YO61 1SA,1347838295,,Nursing homes,North Yorkshire,Yorkshire & Humberside,Valorum Care Limited
Champion House,"Clara Drive,Calverley,Pudsey",LS28 5QP,1274612459,,Nursing homes,Leeds,Yorkshire & Humberside,Valorum Care Limited
Freshfields,"College Path,Formby,Liverpool",L37 1LH,1704870119,,Nursing homes,Sefton,North West,Valorum Care Limited
Green Gables,"42 Wingfield Road,Alfreton",DE55 7AN,1773832422,,Residential homes,Derbyshire,East Midlands,Valorum Care Limited
Holme Lodge,"1 Julian Road,West Bridgford,Nottingham",NG2 5AQ,1159822545,,Residential homes,Nottinghamshire,East Midlands,Valorum Care Limited
Kenmore,"100 Whitecliffe Road,Cleckheaton",BD19 3DS,1274872904,,Nursing homes,Kirklees,Yorkshire & Humberside,Valorum Care Limited
Marske Hall,"Redcar Road,Marske-by-the-sea,Redcar",TS11 6AA,1642482672,,Nursing homes,Redcar and Cleveland,North East,Valorum Care Limited
Mickley Hall,"Mickley Lane,Totley,Sheffield",S17 4HE,1142369952,,Nursing homes,Sheffield,Yorkshire & Humberside,Valorum Care Limited
Oaklands,"Dimples Lane,Barnacre,Preston",PR3 1UA,1995602290,,Nursing homes,Lancashire,North West,Valorum Care Limited
The Grange,"2 Mount Road,Parkstone,Poole",BH14 0QW,1202715914,,Residential homes,"Bournemouth, Christchurch and Poole",South West,Valorum Care Limited
Westmead,"Westmead Close,Staunton Road,Braunton",EX33 1HD,1271815195,,Residential homes,Devon,South West,Valorum Care Limited
Brentwood,"5 Thornholme Road,Sunderland",SR2 7QF,1915652062,https://www.ne-as.org.uk,Residential homes,Sunderland,North East,North East Autism Society
Little Heath Care & Support,"Earlstone Crescent,Cadbury Heath,Bristol",BS30 8AA,1174500320,https://www.brunelcare.org.uk/locations/little-heath-care-home-and-reablement-centre/,Nursing homes,South Gloucestershire,South West,Brunelcare
Birches,"Eton Avenue,Newark",NG24 4JD,1636550576,https://www.cygnethealth.co.uk,Residential homes,Nottinghamshire,East Midlands,Cygnet Learning Disabilities Midlands Limited
Heatherfield Care Home,"Lee Street,Annitsford,Cramlington",NE23 7RD,1912504848,,Nursing homes,North Tyneside,North East,Malhotra Care Homes Limited
Elm Lodge,"2 Yarnborough Hill,Oldswinford,Stourbridge",DY8 2EB,1384394500,https://www.fairmont-residential.com,Residential homes,Dudley,West Midlands,Fairmont Residential Limited
Milldale Close,"1 & 3 Milldale Close,Kidderminster",DY10 2PX,1562634324,,Residential homes,Worcestershire,West Midlands,Fairmont Residential Limited
Cameron House Care Home,"Cameron Street,Bury",BL8 2QH,,,Nursing homes,Bury,North West,Roseberry Care Centres (England) Ltd
Kynaston Farm,"School Road,Ruyton Xi Towns,Shrewsbury",SY4 1JT,1939231070,,Residential homes,Shropshire,West Midlands,Condover College Limited
High Ridges,"High Ridge,Main Road, Dorrington,Shrewsbury",SY5 7JW,1743872250,,Residential homes,Shropshire,West Midlands,Condover College Limited
Princess Lodge Care Centre,"17 Curie Avenue,Swindon",SN1 4GB,,,Nursing homes,Swindon,South West,MMCG (2) Limited
The Dell,"55 Sibley Street,Manchester",M18 8LN,1612234709,https://www.franklincaregroup.co.uk,Residential homes,Manchester,North West,Franklin Care Group Limited
Rossetti House,"Welshmill Lane,Frome",BA11 2AA,1273489500,https://www.gracewell.co.uk,Nursing homes,Somerset,South West,WT UK Opco 4 Limited
Balmaclellan,"1 Leeming Lane,Catterick,Richmond",DL10 7NJ,,,Residential homes,North Yorkshire,Yorkshire & Humberside,Saint John of God Hospitaller Services
Castle Grange,"9 Haymans Green,West Derby Village,Liverpool",L12 7JG,1512264524,https://www.unityhomes.co.uk,Nursing homes,Liverpool,North West,Unity Homes Limited
Langley Park Care Home,"Front Street,Langley Park,Durham",DH7 9YY,1913735599,,Residential homes,County Durham,North East,Marton Care Homes Ltd
Wansbeck Care Home,"Church Avenue,West Sleekburn,Choppington",NE62 5XE,1670817173,,Residential homes,Northumberland,North East,Marton Care Homes Ltd
Trevelthan House,"23 Trevelthan Road,Illogan,Redruth",TR16 4DX,1637416444,https://www.switchedoncare.com,Residential homes,Cornwall,South West,Green Light PBS Limited
Bridgman House,"Deanery Road,Kingswood,Bristol",BS15 9JB,1179611546,https://www.choicecaregroup.com,Residential homes,South Gloucestershire,South West,Community Homes of Intensive Care and Education Limited
"NEAS, Short Term Residential Breaks","New Warlands Farm,Holmside, Edmondsley,Durham",DH7 6EX,1914109974,,Residential homes,County Durham,North East,North East Autism Society
Redlands Residential Care Home,"122 Woodland Road,Darlington",DL3 9LP,1325243788,https://www.cygnethealth.co.uk,Residential homes,Darlington,North East,Cygnet (OE) Limited
Hope House,"59 Hutton Avenue,Hartlepool",TS26 9PW,1429224442,https://www.cygnethealth.co.uk,Nursing homes,Hartlepool,North East,Cygnet (OE) Limited
Willow House,"229 Portland Road,Edgbaston",B17 8LS,1214200210,https://www.cygnethealth.co.uk,Nursing homes,Birmingham,West Midlands,Cygnet (OE) Limited
Oaklands,"Anick Road,Hexham",NE46 4JR,1434600684,https://www.cygnethealth.co.uk/locations/oaklands/,Nursing homes,Northumberland,North East,Cygnet (OE) Limited
Parkview House,"63 Middleborough Road,Coventry",CV1 4DD,,,Residential homes,Coventry,West Midlands,Aspects Care Homes Ltd
Dolphin View Care Home,"Harbour Road,Amble,Morpeth",NE65 0AP,1665713339,,Nursing homes,Northumberland,North East,Roseberry Care Centres (England) Ltd
South Bebside Care Home,"Patterdale Road,Blyth",NE24 5JU,,,Residential homes,Northumberland,North East,Roseberry Care Centres (England) Ltd
Springfield House Nursing Home,"Oaken Drive,Codsall,Wolverhampton",WV8 2EE,1902847272,,Nursing homes,Staffordshire,West Midlands,Roseberry Care Centres (England) Ltd
Springfield House Residential Home,"Oaken Drive,Codsall,Wolverhampton",WV8 2EE,,,Residential homes,Staffordshire,West Midlands,Roseberry Care Centres (England) Ltd
South Quay Care Home,"Cowpen Road,Blyth",NE24 5TT,1670351831,,Nursing homes,Northumberland,North East,Roseberry Care Centres (England) Ltd
South Park Care Home,"Gale Lane,York",YO24 3HX,1904784198,,Nursing homes,York,Yorkshire & Humberside,Roseberry Care Centres (England) Ltd
Primrose Lodge Care Home,"Osborne Gardens,North Shields",NE29 9AT,1912964549,,Nursing homes,North Tyneside,North East,Roseberry Care Centres (England) Ltd
Botham Hall,"Botham Hall Road,Milnsbridge,Huddersfield",HD3 4RJ,1484646327,,Residential homes,Kirklees,Yorkshire & Humberside,Marton Care Homes Ltd
Dene Grange Care Home,"Dene Road,Hexham",NE46 1HW,1434603357,,Nursing homes,Northumberland,North East,Marton Care Homes Ltd
Elm Bank Care Home,"Dene Road,Hexham",NE46 1HW,1434606767,,Residential homes,Northumberland,North East,Marton Care Homes Ltd
Elizabeth Fleming Care Home,"Off Market Street,Hetton-le-hole,Houghton Le Spring",DH5 9DY,1915262728,,Nursing homes,Sunderland,North East,Marton Care Homes Ltd
Half Acre Care Home,"Higher Ainsworth Road,Radcliffe,Manchester",M26 4JH,1617259876,,Residential homes,Bury,North West,Marton Care Homes Ltd
Heywood Court Care Home,"Green Lane,Heywood",OL10 1NQ,1706361900,,Residential homes,Rochdale,North West,Marton Care Homes Ltd
Hill View Care Home,"Hurst Lane (Off Crankshaw Street),Rawtenstall,Rossendale",BB4 7RA,1706548381,,Residential homes,Lancashire,North West,Marton Care Homes Ltd
Ashurst Park Care Home,"Fordcombe Road,Fordcombe,Tunbridge Wells",TN3 0RD,1892709000,,Nursing homes,Kent,South East,Bondcare (London) Limited
Ladymead Care Home,"Moormead Road,Wroughton,Swindon",SN4 9BY,1793845065,https://www.healthcarehomes.co.uk,Nursing homes,Swindon,South West,Healthcare Homes (Spring) Limited
Romford Grange Care Home,"144 Collier Row Lane,Romford",RM5 3DU,1708755185,https://www.healthcarehomes.co.uk,Nursing homes,Havering,London,Healthcare Homes (Spring) Limited
Oaktree Care Home,"Lark Rise,Brimsham Park, Yate,Bristol",BS37 7PJ,1454324141,https://www.healthcarehomes.co.uk,Nursing homes,South Gloucestershire,South West,Healthcare Homes (Spring) Limited
Diamond House,"80 Bewcastle Grove,Leicester",LE4 2JW,,,Residential homes,Leicester,East Midlands,Minster Care Management Limited
Beech Spinney,"Ironbridge,Telford",TF8 7NE,1952435840,,Residential homes,Telford and Wrekin,West Midlands,HF Trust Limited
Hermitage Way - Telford,"58 Hermitage Way,Madeley,Telford",TF7 5SZ,1952586224,,Residential homes,Telford and Wrekin,West Midlands,HF Trust Limited
St Helens Care Home,"6 Manor Road,St. Helen Auckland,Bishop Auckland",DL14 9DL,1388606093,,Nursing homes|Rehabilitation (substance abuse),County Durham,North East,Marton Care Homes Ltd
Invicta Court,"Invicta Court, Gidds Pond Way,Weavering,Maidstone",ME14 5FY,1622808556,,Nursing homes,Kent,South East,Care UK Community Partnerships Ltd
Ciderstone House,"1 Blackthorn Lane,Swindon",SN25 3SU,1793509942,,Residential homes,Swindon,South West,Community Homes of Intensive Care and Education Limited
Orchid House,"126 Whitworth Road,Swindon",SN25 3BJ,1793679619,,Residential homes,Swindon,South West,Community Homes of Intensive Care and Education Limited
Meadowbrook Care Home,"Meadowbrook Court, Twmpath Lane,Gobowen,Croesoswallt",SY10 7HD,1691653000,,Nursing homes,Shropshire,West Midlands,Bondcare (London) Limited
Highgrove House,"Highfield Road North,Chorley",PR7 1PH,1257270643,https://www.unityhomes.co.uk,Residential homes,Lancashire,North West,Unity Homes Limited
Beechcare Incorporating the Peter Gidney Neurological Centre,"Darenth Road South,Dartford",DA2 7QT,1625417800,,Nursing homes|Supported living,Kent,South East,Bondcare (London) Limited
Hexthorpe Cottage,"17 Old Hexthorpe,Doncaster",DN4 0HX,7754646902,,Residential homes,Doncaster,Yorkshire & Humberside,Active Care Homes Limited
Cherry Tree House,"201 Park Hall Road,Mansfield Woodhouse,Mansfield",NG19 8QX,7825300368,https://www.cygnethealth.co.uk,Residential homes,Nottinghamshire,East Midlands,Cygnet Learning Disabilities Midlands Limited
Breagha House,"40 Main Street,Hayton,Retford",DN22 9LL,1777705713,https://www.kisimul.co.uk,Residential homes,Nottinghamshire,East Midlands,Kisimul Group Limited
Cestria House Residential Home,"45-47 Sanderson Road,Jesmond,Newcastle Upon Tyne",NE2 2DR,1912818714,https://www.prestwickcare.co.uk/our-homes/cestria-house/,Residential homes,Newcastle upon Tyne,North East,Malhotra Care Homes Limited
Gables Manor,"Ingleby,Saxilby,Lincoln",LN1 2PQ,1522704250,,Nursing homes,Lincolnshire,East Midlands,National Care Consortium Ltd
Elysium Care Partnerships Limited - 89 Ewell Road,"89 Ewell Road,Surbiton",KT6 6AH,2083992941,https://www.elysiumhealthcare.co.uk,Residential homes,Kingston upon Thames,London,Elysium Care Partnerships Limited
Parklands Nursing Home,"Station Road,Seaham",SR7 0AD,1915130150,https://www.prestwickcare.co.uk,Nursing homes,County Durham,North East,Malhotra Care Homes Limited
Wesley Place,"George Street,Snaith,Goole",DN14 9HZ,1405800978,https://www.thebridgecare.com,Residential homes,East Riding of Yorkshire,Yorkshire & Humberside,The Bridge Community Care Limited
Arbour Walk,"7-21 Hungerford Road,Bristol",BS4 5HU,1173745791,https://www.cedarcarehomes.co.uk/,Nursing homes,"Bristol, City of",South West,Barker Care Limited
Rusthall Respite,"Middlefield Court,Edward Street, Rusthall,Tunbridge Wells",TN4 8RP,3000415220,,Residential homes,Kent,South East,Kent County Council
Lynde House,"Meadowbank,28,  Cambridge Park,Twickenham",TW1 2JB,2088924772,https://www.barchester.com,Nursing homes,Richmond upon Thames,London,Barchester Healthcare Homes Limited
Woodham Grange,"Burn Lane,Newton Aycliffe",DL5 4PJ,1325310493,https://www.voyagecare.com,Residential homes,County Durham,North East,Voyage 1 Limited
Winslow Court,"Winslow,Rowden,Bromyard",HR7 4LS,1885488096,https://www.senadgroup.com,Residential homes,"Herefordshire, County of",West Midlands,Winslow Court Limited
Newington Court,"Keycol Hill,Newington,Sittingbourne",ME9 7LG,1795843033,https://www.barchester.com,Nursing homes,Kent,South East,Barchester Healthcare Homes Limited
Glenvale Park Care Home,"1 Juniper Grove,Wellingborough",NN8 6AD,1933420844,,Residential homes,North Northamptonshire,East Midlands,Anchor Hanover Group
Linnet Mews,"Linnet Mews,16 High Street, Clowne,Chesterfield",S43 4JU,1246381937,https://www.voyagecare.com,Residential homes,Derbyshire,East Midlands,Voyage 1 Limited
Hillcroft Nursing Home Lancaster,"Westbourne Road,Lancaster",LA1 5DX,152463107,,Nursing homes,Lancashire,North West,Hillcroft Nursing Homes Limited
Midhurst Road Residential Home,"21 Midhurst Road,Sheffield",S6 1EY,1142855345,,Residential homes,Sheffield,Yorkshire & Humberside,SheffCare Limited
Eltandia Hall Care Centre,"Middle Way,London",SW16 4HN,2087651380,,Nursing homes,Merton,London,MMCG (2) Limited
Hollyhurst,"118 Woodland Road,Darlington",DL3 9LN,1325252002,https://www.cygnethealth.co.uk,Nursing homes,Darlington,North East,Cygnet (OE) Limited
Widnes Hall,"Coronation Drive,Ditton,Widnes",WA8 8BL,1514220004,,Residential homes,Halton,North West,Anchor Hanover Group
Larwood House,"1 Edison Street,Kirkby In Ashfield,Nottingham",NG17 9EP,1623752936,https://www.potens-uk.com,Residential homes,Nottinghamshire,East Midlands,Potensial Limited
The Tides,"136 Lower Blandford Road,Broadstone",BH18 8NZ,1202604056,https://www.prioryadultcare.co.uk,Residential homes,"Bournemouth, Christchurch and Poole",South West,Harbour Care (UK) Limited
Anchor House,"1 Evering Avenue,Parkstone,Poole",BH12 4JF,1202735914,https://www.prioryadultcare.co.uk,Residential homes,"Bournemouth, Christchurch and Poole",South West,Harbour Care (UK) Limited
Sherwood House,"Sherwood House Residential Care Home,Main Street, Linby,Nottingham",NG15 8AE,1156666748,https://www.sherwoodhouse.org,Residential homes,Nottinghamshire,East Midlands,Nottingham Community Housing Association Limited
The Royd,"27 Selborne Road,Birmingham",B20 2DN,,,Residential homes,Birmingham,West Midlands,Lifeways Community Care Limited
Combe Lea Community Resource Centre,"Greenacres,Midsomer Norton,Radstock",BA3 2RD,1225396616,,Residential homes,Bath and North East Somerset,South West,Bath and North East Somerset Council
Oakwood Bungalows,"Devon Court,Devon Drive, Brimington,Chesterfield",S43 1DX,1246476222,,Residential homes,Derbyshire,East Midlands,Walton Lodge Limited
An Caladh House,"4 Church Hill,Washingborough,Lincoln",LN4 1EH,1522790110,https://www.kisimul.co.uk,Residential homes,Lincolnshire,East Midlands,Kisimul Group Limited
Hazelmere House Care Home,"Pinewood Road,Summerfields,Wilmslow",SK9 2RS,1625536400,,Nursing homes,Cheshire East,North West,Bupa Care Homes (GL) Limited
Tigh Allene,"2A Church Hill,Washingborough,Lincoln",LN4 1EH,1522797947,https://www.kisimul.co.uk,Residential homes,Lincolnshire,East Midlands,Kisimul Group Limited
Pine Tree Court Care Home,"Larchwood Drive,Tuffley,Gloucester",GL4 0AH,7465863335,,Nursing homes,Gloucestershire,South West,Woodland Healthcare Limited
Wilton House,"74 Kingsley Road,Northampton",NN2 7BL,1604215059,https://www.mentauruk.com,Residential homes,West Northamptonshire,East Midlands,Mentaur Limited
Lady Jane Court Care Home,"1 Monsell Drive,Leicester",LE2 8PP,1164950010,,Residential homes,Leicester,East Midlands,WT RB Opco 1 Limited
Palmersdene,"Grange Road West,Jarrow",NE32 3JA,1914280660,https://www.anchor.org.uk,Residential homes,South Tyneside,North East,Anchor Hanover Group
Ryland View Care Home,"Arnhem Way,Tipton",DY4 7HR,1215201577,,Nursing homes,Sandwell,West Midlands,Advinia Care Homes Limited
Bulwell,"Snape Wood Road,Bulwell,Nottingham",NG6 7GH,2038317924,,Residential homes,Nottingham,East Midlands,Lifeways Community Care Limited
Kensington Hall,"Front Street,South Hetton",DH6 2TG,1915170101,https://www.potensial.co.uk,Residential homes,County Durham,North East,Potensial Limited
James Burns House,"Greenways Avenue,Bournemouth",BH8 0AS,1202523182,,Residential homes,"Bournemouth, Christchurch and Poole",South West,Valorum Care Limited
Windsor Court,"2 Wallingford Mount,Allerton,Bradford",BD15 7TN,1274557717,https://www.horizoncareservices.co.uk,Residential homes,Bradford,Yorkshire & Humberside,Horizon Healthcare Homes Limited
Wraxall Road Nursing Home,"2-4 Wraxall Road,Cadbury Heath",BS30 8DN,1179600430,https://www.brandontrust.org,Nursing homes,South Gloucestershire,South West,The Brandon Trust
Penhayes House,"Kenton,Exeter",EX6 8JB,1626891957,https://www.salutemcareandeducation.co.uk,Residential homes,Devon,South West,Modus Care Limited
Ferndown Manor,"110 Golf Links Road,Ferndown",BH22 8DA,1202863100,,Nursing homes,Dorset,South West,Care UK Community Partnerships Ltd
Bembridge House,"Bembridge Close,Swindon",SN3 2PG,1793533405,,Residential homes,Swindon,South West,Milestones Trust
Bannigans,"19 High Street,Corby",NN17 1UX,1536263296,https://www.grettonhomes.co.uk,Residential homes,North Northamptonshire,East Midlands,Consensus Support Services Limited
Holland House,"21 High Street,Corby",NN17 1UX,1536403364,https://www.consensussupport.com,Residential homes,North Northamptonshire,East Midlands,Consensus Support Services Limited
Beaufort House,"2 St Vincent Street,Redcar",TS10 1QL,1642481114,https://www.potensial.co.uk,Residential homes,Redcar and Cleveland,North East,Potensial Limited
Gordon House Care Home,"Belmont Grove,Tuebrook,Liverpool",L6 4EH,1512609022,https://www.c-i-c.co.uk,Nursing homes,Liverpool,North West,Community Integrated Care
Chamberlaine Court,"Chapel Street,Bedworth",CV12 8PT,2476491621,https://www.prime-life.co.uk,Residential homes,Warwickshire,West Midlands,Prime Life Limited
Oldbury Grange Nursing Home,"Oldbury Grange,Bridgnorth",WV16 5LW,1746768586,,Nursing homes,Shropshire,West Midlands,Welford Healthcare MC Ltd
St John's Care Home,"66 Hawthorn Bank,Spalding",PE11 1JQ,1775710567,https://www.countrycourtcare.co/our-homes/st-john-s-care-home,Residential homes,Lincolnshire,East Midlands,Country Court Care Homes 2 Limited
Greenholme House,"Summer Court,Burley In Wharfedale,Ilkley",LS29 7QZ,1943889113,https://www.averyhealthcare.co.uk,Residential homes,Bradford,Yorkshire & Humberside,WT RB Opco 1 Limited
Orchard Lodge,"Kirk House, 2 Lincoln Road,Dorrington,Lincoln",LN4 3PT,1526830805,https://www.homefromhomecare.com,Residential homes,Lincolnshire,East Midlands,Home from Home Care Limited
Rosebank Lodge,"82-84 Mitcham Park,Mitcham",CR4 4EJ,2086467754,,Residential homes,Merton,London,Achieve Together Limited
Richmond House,"Mitchell Street,Leigh",WN7 4UH,1942682772,https://www.hc-one.co.uk/homes/richmond-house/,Nursing homes,Wigan,North West,HC-One Limited
Bluebell House,"51 Belle Vue Grove,Middlesbrough",TS4 2PZ,,,Residential homes,Middlesbrough,North East,Royal Mencap Society
The Cedars,"11 The Cedars,Ashbrooke,Sunderland",SR2 7TW,1915672886,https://www.barchester.com,Residential homes,Sunderland,North East,Swanton Care & Community (Autism North) Limited
Mayfield Road,"17 Mayfield Road,Sutton",SM2 5DU,2086423770,https://www.activecaregroup.co.uk,Residential homes,Sutton,London,Independence Homes Limited
7 Pizey Avenue,"7 Pizey Avenue,Clevedon",BS21 7TS,1275879978,https://www.brandontrust.org,Residential homes,North Somerset,South West,The Brandon Trust
Knaresborough Two Group,"17 Park Way,21 Farfield Avenue,Knaresborough",HG5 9DP,1423546326,https://www.homestogether.net,Residential homes,North Yorkshire,Yorkshire & Humberside,Homes Together Limited
Park Lodge,"Park Avenue,Roker,Sunderland",SR6 9PU,1915490321,https://www.barchester.com,Residential homes,Sunderland,North East,Swanton Care & Community (Autism North) Limited
Lynnwood,"4 Lynnwood Avenue,Newcastle Upon Tyne",NE4 6XB,,,Residential homes,Newcastle upon Tyne,North East,Swanton Care & Community (Autism North) Limited
Dovehaven House,"58 Moss Road,Southport",PR8 4JQ,1704564259,,Residential homes,Lancashire,North West,DHCH14 Limited
Acklam House,"136 Low Lane,Middlesbrough",TS5 8EE,,,Residential homes,Middlesbrough,North East,Swanton Care & Community Limited
Lakenheath,"18 & 20 Lakenheath Crescent,Great Sankey,Warrington",WA5 3UE,1925939926,https://www.brightfuturescare.co.uk,Residential homes,Warrington,North West,Bright Futures Care Limited
2 East Park Road Harrogate,"2 East Park Road,Harrogate",HG1 5QT,7512331216,https://www.homestogether.co.uk,Residential homes,North Yorkshire,Yorkshire & Humberside,Homes Together Limited
The Grove,"97b,The Grove, Marton-in-cleveland,Middlesbrough",TS7 8AN,1642931480,,Residential homes,Middlesbrough,North East,Swanton Care & Community Limited
Glasshouse Hill,"100 Glasshouse Hill,Codnor,Ripley",DE5 9QT,1773570450,https://www.voyagecare.com,Residential homes,Derbyshire,East Midlands,Voyage 1 Limited
Cumbria Emmaus Trust,"Walkmill Close,Moresby Parks,Whitehaven",CA28 8XR,1946591362,https://www.emmaushouse.co.uk,Residential homes,Cumberland,North West,Pilgrims' Friend Society
Kingsley House,"Alverdiscott Road,Bideford",EX39 4PL,1237473830,https://www.autism.org.uk,Residential homes,Devon,South West,National Autistic Society (The)
Fulwood Lodge,"Fulwood Lodge,Longsands Lane, Fulwood,Preston",PR2 9PS,1772424265,,Residential homes,Lancashire,North West,Cedar Health And Wellbeing Limited
Meadow Lodge,"Sadlers Mead,Monkton Park,Chippenham",SN15 3PE,1249706140,https://www.wiltshire.gov.uk,Residential homes,Wiltshire,South West,Wiltshire Council
Ambleside,"Evesham Road,Dodwell,Stratford-upon-Avon",CV37 9ST,1789206580,,Residential homes,Warwickshire,West Midlands,Care UK Community Partnerships Ltd
Ambleside,"Evesham Road,Dodwell,Stratford-upon-Avon",CV37 9ST,1789206580,,Residential homes,Warwickshire,West Midlands,Care UK Care Services Limited
Linden Terrace,"22 Linden Terrace,Whitley Bay",NE26 2AA,1912893621,,Residential homes,North Tyneside,North East,Swanton Care & Community (Autism North) Limited
The Daley Care Centre,"2a Haywood Lane,Deepcar,Sheffield",S36 2QE,1142837200,,Nursing homes,Sheffield,Yorkshire & Humberside,Cygnet Care Services Limited
Ivy Court,"Greenfield Lane,Balby,Doncaster",DN4 0PT,1302492323,,Residential homes,Doncaster,Yorkshire & Humberside,Runwood Homes Limited
Brockworth House Care Centre,"Mill Lane,Brockworth,Gloucester",GL3 4QG,1452227972,,Nursing homes,Gloucestershire,South West,Ashberry Healthcare Limited
Ashlea Lodge,"Hylton Road,Sunderland",SR4 7AB,1915109405,https://www.orchardcarehomes.com/carehomes/ashlea-lodge-millfield-sunderland,Nursing homes,Sunderland,North East,Indigo Care Services Limited
Laurel Court (Didsbury),"1a Candleford Road,Didsbury",M20 3JH,1614462844,https://mha.org.uk/care-support/care-homes/laurel-court,Nursing homes,Manchester,North West,Methodist Homes
Delamere House,"Delamere House,Parkgate Road, Woodbank,Chester",CH1 6EY,7432151297,,Nursing homes,Cheshire West and Chester,North West,Nestlings Care Ltd
Brookfield Support Centre,"Park Road,St Helens",WA9 1HE,1744676735,https://www.sthelens.gov.uk,Residential homes,St. Helens,North West,St Helens Council
Watery Lane Cottage,"Poolemead Centre,Watery Lane,Bath",BA2 1RN,1225342917,,Residential homes,Bath and North East Somerset,South West,Achieve Together Limited
Newbridge Hill,"51 Newbridge Hill,Bath",BA1 3PR,1225443019,,Residential homes,Bath and North East Somerset,South West,Achieve Together Limited
182 Ashby Road,"182 Ashby Road,Burton on Trent",DE15 0LB,1283563447,https://www.voyagecare.com,Residential homes,Staffordshire,West Midlands,Voyage 1 Limited
Maplehurst,"33 King Lane,Leeds",LS17 5PP,1613835369,,Nursing homes,Leeds,Yorkshire & Humberside,Care In Mind Limited
Fern Brook Lodge,"Fern Brook Lane,Gillingham",SP8 4QD,1747834020,,Nursing homes,Dorset,South West,Care South
Stapleton Drive,"25,27,29 Stapleton Drive,Chelmsley Wood,Birmingham",B37 5LQ,1217702469,https://www.solihull.gov.uk,Residential homes,Solihull,West Midlands,Solihull Metropolitan Borough Council
Oakfield Croft,"1 Oakfield,Sale",M33 6NB,3300583240,,Residential homes,Trafford,North West,Care UK Care Services Limited
Wain House,"Wain House,30 Linksfield Road,Westgate-on-sea",CT8 8EU,,,Nursing homes,Kent,South East,Avante Care and Support Limited
The Old Vicarage,"142 Boothroyd Lane,Dewsbury",WF13 2LP,1924455853,https://www.prioryadultcare.co.uk,Residential homes,Kirklees,Yorkshire & Humberside,Parkcare Homes (No.2) Limited
Tottle Brook House,"Calverton Drive,Strelley,Nottingham",NG8 6QN,1156660902,,Nursing homes,Nottingham,East Midlands,Elysium Healthcare No. 4 Limited
The Manor House Harrogate,"The Manor House,60 Cornwall Road,Harrogate",HG1 2NE,1423500010,https://www.anchor.org.uk/our-properties/manor-house-harrogate,Residential homes,North Yorkshire,Yorkshire & Humberside,Anchor Hanover Group
Oakfield Croft,"1 Oakfield,Sale",M33 6NB,3300583240,,Residential homes,Trafford,North West,Care UK Community Partnerships Ltd
Ebony House,"104-106 James Lane,Leyton,London",E10 6HL,2082576887,https://www.conniferscare.co.uk,Residential homes,Waltham Forest,London,Connifers Care Limited
The Mews,"97-99 Main Street,Bramley,Rotherham",S66 2SE,1709548218,https://www.prioryadultcare.co.uk,Residential homes|Homecare agencies,Rotherham,Yorkshire & Humberside,Parkcare Homes (No.2) Limited
Croftside,"Beetham Road,Milnthorpe",LA7 7QR,1539713325,,Residential homes,Westmorland and Furness,North West,Westmorland and Furness Council
Rosebank,"1 Hartington Road,Dentons Green,St. Helens",WA10 6AF,1613835435,,Residential homes,St. Helens,North West,Care In Mind Limited
Tithebarn,"Moor Lane,Crosby,Liverpool",L23 2SH,1519243683,,Residential homes,Sefton,North West,Franklin Care Group Limited
Barnes Court Care Home,"Wycliffe Road,High Barnes,Sunderland",SR4 7QG,1915202000,,Nursing homes,Sunderland,North East,MMCG (CCH) (2) Limited
St Peters Court,"98 Church Bank,Wallsend",NE28 7LH,1912635100,,Residential homes,North Tyneside,North East,Akari Care Limited
Hourigan House Residential Care Home,"Myrtle Avenue,Leigh",WN7 5QU,1942672922,https://www.minstercaregroup.co.uk,Residential homes,Wigan,North West,Croftwood Care UK Limited
The Piers,"166 Columbia Road,Ensbury Park,Bournemouth",BH10 4DT,1202520937,https://www.prioryadultcare.co.uk,Residential homes,"Bournemouth, Christchurch and Poole",South West,Harbour Care (UK) Limited
Newtown (65a),"65A Newtown,Trowbridge",BA14 0BQ,1225777728,https://www.prioryadultcare.co.uk,Residential homes,Wiltshire,South West,Parkcare Homes (No.2) Limited
The Old Vicarage,"Wellow Road,Old Ollerton,Mansfield",NG22 9AD,1623824689,,Residential homes,Nottinghamshire,East Midlands,Creative Care (East Midlands) Limited
Dimensions Somerset Northmead House,"Northmead House, 3 North Mead Drive,Puriton,Bridgwater",TA7 8DD,1278683478,,Residential homes|Homecare agencies,Somerset,South West,Dimensions Somerset Sev Limited
Evington Home - Pilgrims' Friend Society,"Grocot Road,Evington,Leicester",LE5 6AL,3003031455,https://www.pilgrimsfriend.org.uk,Residential homes,Leicester,East Midlands,Pilgrims' Friend Society
Tynedale,"Ashbrooke Range,Ashbrooke,Sunderland",SR2 7TR,1915101421,https://www.barchester.com,Residential homes,Sunderland,North East,Swanton Care & Community (Autism North) Limited
Drayton Court,"Cedar Road,Camp Hill,Nuneaton",CV10 9DL,2476392797,https://www.wcs-care.co.uk,Residential homes,Warwickshire,West Midlands,WCS Care Group Limited
Mill Green,"Newbold Road,Rugby",CV21 1EL,1788552366,https://www.wcs-care.co.uk,Residential homes,Warwickshire,West Midlands,WCS Care Group Limited
Murton Grange,"Knaresborough Road,Murton,Seaham",SR7 9RQ,1915172698,https://www.swantoncare.com,Residential homes,County Durham,North East,Swanton Care & Community (Autism North) Limited
Seaham View,"31-32 North Road,Seaham",SR7 7AB,1915819609,https://www.swantoncare.com,Residential homes,County Durham,North East,Swanton Care & Community (Autism North) Limited
Lyle House,"207 Arabella Drive,London",SW15 5LH,2088783806,https://www.countrycourtcare.co/our-homes/lyle-house-care-home,Residential homes,Wandsworth,London,Country Court Care Homes 2 Limited
The Acorns,"Parkside,Hindley,Wigan",WN2 3LJ,1942256183,,Nursing homes,Wigan,North West,Franklin Care Group Limited
The Old Rectory,"Old Rectory,Chewton Hill, Chewton Mendip,Radstock",BA3 4NQ,1761241620,,Residential homes,Somerset,South West,Lightsky Group Operations Limited
The Grange,"The Grange,Priddy Road, Green Ore,Wells",BA5 3EN,1749679205,,Residential homes,Somerset,South West,Lightsky Group Operations Limited
Cypress Lodge,"Cypress Lodge,The Witheys,Bristol",BS14 0QB,1275832012,,Residential homes,Bath and North East Somerset,South West,Lightsky Group Operations Limited
Silver Tree Lodge,"18 Clarence Road South,Weston-super-mare",BS23 4BN,1934625309,,Residential homes,North Somerset,South West,Lightsky Group Operations Limited
Street Farm,"Street Farm,The Street, Draycott,Cheddar",BS27 3TH,1934744930,,Residential homes,Somerset,South West,Lightsky Group Operations Limited
Bradbury House,"14 Fairway,Bristol",BS4 5DF,1179716716,,Residential homes,"Bristol, City of",South West,Lightsky Group Operations Limited
Caldwell Grange,"Donnithorne Avenue,Nuneaton",CV11 4QJ,2476383779,,Residential homes,Warwickshire,West Midlands,Runwood Homes Limited
Knoll House,"The Avenue,Penn,Wolverhampton",WV4 5HW,1902330559,,Residential homes|Homecare agencies|Supported living,Wolverhampton,West Midlands,Edge View Homes Limited
Willowbeech,"33 Ophir Road,Bournemouth",BH8 8LT,1202200910,https://www.consensussupport.com,Residential homes,"Bournemouth, Christchurch and Poole",South West,Consensus Support Services Limited
Mainwaring Terrace,"1, 2, 3, 5 Mainwaring Terrace,Northern Moor,Manchester",M23 0EW,1619459585,https://www.nas.org.uk,Residential homes,Manchester,North West,National Autistic Society (The)
St Cecilia's - Care Home with Nursing Physical Disabilities,"32 Sundridge Avenue,Bromley",BR1 2PZ,2084608377,https://www.leonardcheshire.org,Nursing homes,Bromley,London,Leonard Cheshire Disability
Laburnum House,"41 Grimston Avenue,Folkestone",CT20 2QD,1303227192,https://www.prioryadultcare.co.uk,Residential homes,Kent,South East,Lothlorien Community Limited
Churchview and Larklands,"St. Johns Road,Ilkeston",DE7 5PA,1159323209,,Residential homes,Derbyshire,East Midlands,Achieve Together Limited
Wimborne Manor,"Wimborne Manor,2 Lonsdale Road,Wimborne",BH21 2GA,1202028520,https://www.moraruk.co,Nursing homes,Dorset,South West,Simply Care Group UK Ltd
Parklands Residential Care Home,"Park Lane,Poynton,Stockport",SK12 1RB,1625879215,,Residential homes,Cheshire East,North West,Croftwood Care (Cheshire) Limited
Ruby House,"99 Humberston Avenue,Humberston,Grimsby",DN36 4SP,1472560268,https://www.carmand.co.uk,Nursing homes,North East Lincolnshire,Yorkshire & Humberside,Carmand Ltd
Ravenlea,"11 Ravenlea Road,Folkestone",CT20 2JU,1303255729,https://www.prioryadultcare.co.uk,Residential homes,Kent,South East,Lothlorien Community Limited
Bracebridge Court,"Friary Road,Atherstone",CV9 3AL,1827712895,,Residential homes,Warwickshire,West Midlands,Runwood Homes Limited
Woodland Residential Care Home,"Woodland Road,St. Austell",PL25 4RA,172672903,,Residential homes,Cornwall,South West,Sanctuary Care Limited
Taylor View and Gilbert Lodge,"220 Watnall Road,Hucknall,Nottingham",NG15 6EY,1159636379,https://www.heathcotes.net,Residential homes,Nottinghamshire,East Midlands,Heathcotes Care Limited
Oadby,"103 Foxhunter Drive,Oadby,Leicester",LE2 5FE,1162713955,https://www.heathcotes.net,Residential homes,Leicestershire,East Midlands,Heathcotes Care Limited
Woodborough,"2 Corporation Oaks,Nottingham",NG3 4JY,1159608188,https://www.heathcotes.net,Residential homes,Nottingham,East Midlands,Heathcotes Care Limited
RecoveryHub@EastLeeds,"Seacroft Green,Seacroft,Leeds",LS14 6JL,1133782203,,Residential homes|Rehabilitation (illness/injury),Leeds,Yorkshire & Humberside,Leeds City Council
Paternoster House,"Watermoor Road,Cirencester",GL7 1JR,1285653699,,Nursing homes,Gloucestershire,South West,Agincare (Somerset) Limited
Moorgreen,"Lancaster Road,Hucknall,Nottingham",NG15 6WG,1159632374,https://www.heathcotes.net,Residential homes,Nottinghamshire,East Midlands,Heathcotes Care Limited
Garmsway,"Garmsway,Doncaster Road, Whitley,Goole",DN14 0HY,1977663591,https://www.heathcotes.net,Residential homes,North Yorkshire,Yorkshire & Humberside,Heathcotes Care Limited
Whitley Farm,"Whitley Farm Cottages,Doncaster Road,Whitley Bridge",DN14 0HZ,1977663476,https://www.heathcotes.net,Residential homes,North Yorkshire,Yorkshire & Humberside,Heathcotes Care Limited
Agbrigg and Sandal,"Belle Vue Road,Wakefield",WF1 5NF,1924249175,https://www.heathcotes.net,Residential homes,Wakefield,Yorkshire & Humberside,Heathcotes Care Limited
Mapperley Lodge,"24 Ebers Road,Mapperley Park,Nottingham",NG3 5DZ,1159603675,,Residential homes,Nottingham,East Midlands,Heathcotes Care Limited
Pennine House,"Pennine House,Cuttholme Way,Chesterfield",S40 4WG,1246208462,https://www.heathcotes.net,Residential homes,Derbyshire,East Midlands,Heathcotes Care Limited
Humberston,"24 Humberston Avenue,Humberston,Grimsby",DN36 4SP,1472812431,,Residential homes,North East Lincolnshire,Yorkshire & Humberside,Heathcotes Care Limited
Wistaston House,"551 Crewe Road,Wistaston,Crewe",CW2 6PU,1270560120,,Residential homes,Cheshire East,North West,Heathcotes Care Limited
Pemberley Manor Care and Nursing Home,"Grays Farm Road,Orpington",BR5 3AD,1733571951,https://www.baycroft.co.uk,Nursing homes,Bromley,London,Country Court Care Homes 6 Limited
Lionsfield House,"60 Links Road,Coventry",CV6 3DL,2476601200,https://www.aspectscarehomes.co.uk,Residential homes,Coventry,West Midlands,Aspects Care Homes Ltd
Godfrey Robinson - Care Home Physical Disabilities,"29 Woodgates Lane,North Ferriby",HU14 3JR,1482632209,https://www.leonardcheshire.org,Residential homes,East Riding of Yorkshire,Yorkshire & Humberside,Leonard Cheshire Disability
Cherry Tree Lodge,"34 Station Road,Ruskington,Sleaford",NG34 9DA,1526830803,https://www.homefromhomecare.com,Residential homes,Lincolnshire,East Midlands,Home from Home Care Limited
Abbey House,"103-105 Abbey Road,Grimsby",DN32 0HN,1472372415,https://www.linkage.org.uk,Residential homes|Education disability services,North East Lincolnshire,Yorkshire & Humberside,Linkage Community Trust
1-2 Canterbury Close,"Chaucer Road,Rotherham",S65 2LW,1709379129,https://www.voyagecare.com,Residential homes,Rotherham,Yorkshire & Humberside,Voyage 1 Limited
Ashdowns,"12 Regent Street,Coventry",CV1 3EP,2476601200,,Residential homes,Coventry,West Midlands,Aspects Care Homes Ltd
Bardley Crescent,"64 Bardley Crescent,Prescot",L35 1RJ,,,Residential homes,Knowsley,North West,Bright Futures Care Limited
Westlands,"Oliver Street,Rugby",CV21 2EX,1788576604,https://www.wcs-care.co.uk,Residential homes,Warwickshire,West Midlands,WCS Care Group Limited
SENSE - 428-430 Gillott Road,"Edgbaston,Birmingham",B16 9LP,1214545323,https://www.sense.org.uk,Residential homes,Birmingham,West Midlands,Sense
Dovehaven Residential Care Home,"22 Albert Road,Southport",PR9 0LG,1704548880,,Residential homes,Sefton,North West,DHCH14 Limited
Thornton House Home for Older People,"Whimbrel Drive,off Mayfield Avenue,Thornton Cleveleys",FY5 2LR,1253825845,https://www.lancashire.gov.uk,Residential homes,Lancashire,North West,Lancashire County Council
Olive House Home for Older People,"New Line,Bacup",OL13 0BY,1706237771,https://www.lancashire.gov.uk,Residential homes,Lancashire,North West,Lancashire County Council
Trevarna Residential and Nursing Home,"4 Carlyon Road,St. Austell",PL25 4LD,172675066,,Nursing homes,Cornwall,South West,Sanctuary Care Limited
Aylestone,"128 Lutterworth Road,Aylestone,Leicester",LE2 8PG,1162772048,,Residential homes,Leicester,East Midlands,Heathcotes Care Limited
Elm Road,"18 Elm Road,Leamore,Walsall",WS3 1BH,1922492222,https://www.dignushealthcare.com,Residential homes,Walsall,West Midlands,Dignus Healthcare Limited
Jasmine Court Nursing Home,"Nottingham Road,Loughborough",LE11 1EU,1509265141,https://www.rushcliffecare.co.uk,Nursing homes,Leicestershire,East Midlands,Rushcliffe Care Limited
School House,"2 Hawbush Road,Hawbush Road,Walsall",WS3 1AG,1213575047,https://www.dignushealthcare.com,Residential homes,Walsall,West Midlands,Dignus Healthcare Limited
Chandler Court,"Recreation Road,Bromsgrove",B61 8DT,1527917500,,Nursing homes,Worcestershire,West Midlands,Care UK Care Services Limited
Chandler Court,"Recreation Road,Bromsgrove",B61 8DT,3334552317,https://www.care.com/care-homes,Nursing homes,Worcestershire,West Midlands,Care UK Community Partnerships Ltd
Douglas House,"Douglas Avenue,Brixham",TQ5 9EL,1803856333,,Nursing homes,Torbay,South West,Valorum Care Limited
Tanglewood Care Home,"36 Louth Road,Horncastle",LN9 5EN,1507527265,https://www.tanglewoodcarehomes.co.uk,Nursing homes,Lincolnshire,East Midlands,Tanglewood Care Services Limited
Russell Hill,"33 Russell Hill,Purley",CR8 2JB,2087632611,https://www.activecaregroup.co.uk,Residential homes,Croydon,London,Independence Homes Limited
Ashminster House,"Clive Dennis Court,Hythe Road,Ashford",TN24 0LX,1233664085,https://www.barchester.com,Nursing homes,Kent,South East,Barchester Healthcare Homes Limited
Marina View Care Home,"Navigation Way,Ashton-on-Ribble,Preston",PR2 2YP,1772414561,,Nursing homes,Lancashire,North West,Simply Care Group UK Ltd
Roxburgh Lodge,"Bell Dean Road,Bradford",BD15 7BJ,1274085429,,Residential homes,Bradford,Yorkshire & Humberside,Horizon Healthcare Homes Limited
Shaftesbury Court Residential Care Home,"Selkirk Drive,Erith",DA8 3QP,1322331985,https://www.sanctuary-care.co.uk/care-homes-east-and-south-east/shaftesbury-court-residential-care-home,Residential homes,Bexley,London,Sanctuary Care Limited
Milward House,"6 Madeira Park,Tunbridge Wells",TN2 5SZ,3003031460,https://www.pilgrimsfriends.org.uk,Residential homes,Kent,South East,Pilgrims' Friend Society
Felix House,"97-99 Locking Road,Weston Super Mare",BS23 3EW,1934613998,https://www.milestonestrust.org.uk,Nursing homes,North Somerset,South West,Milestones Trust
Four Acres,"Archer Close,Studley",B80 7HX,1527850549,,Residential homes,Warwickshire,West Midlands,Runwood Homes Limited
Hatzfeld House,"10B Mansfield Road,Blidworth,Mansfield",NG21 0PN,1623464541,https://www.hatzfeld.co.uk,Residential homes,Nottinghamshire,East Midlands,Hatzfeld Care Limited
OSJCT Chestnut Court,"St James,Quedgeley,Gloucester",GL2 4WD,1452720049,https://www.osjct.co.uk,Nursing homes,Gloucestershire,South West,The Orders Of St. John Care Trust
Westroyd Care Home,"Tickow Lane,Shepshed,Loughborough",LE12 9LY,,,Residential homes,Leicestershire,East Midlands,Crown Care VI Limited
Cranford Grange,"Barclay Park,Hall Lane, Mobberley,Knutsford",WA16 7DZ,1565881020,,Nursing homes,Cheshire East,North West,Care UK Care Services Limited
Church View (Bishop Auckland),"1 Main Street,South Church,Bishop Auckland",DL14 6SL,1388451565,,Residential homes,County Durham,North East,Roseberry Care Centres GB Limited
Cedar Lodge,"Devon Court,Devon Drive, Brimington,Chesterfield",S43 1DX,1246477047,,Residential homes,Derbyshire,East Midlands,Walton Lodge Limited
Doncaster Crisis Accommodation and Helpline,"1 Imperial Crescent,Townmoor,Doncaster",DN2 5BU,1302329491,https://www.rethink.org,Residential homes,Doncaster,Yorkshire & Humberside,Rethink Mental Illness
Manchester House Nursing Home,"83 Albert Road,Southport",PR9 9LN,1704534920,,Nursing homes,Sefton,North West,DHCH14 Limited
Cranford Grange,"Barclay Park,Hall Lane, Mobberley,Knutsford",WA16 7DZ,1565881020,,Nursing homes,Cheshire East,North West,WT UK Opco 4 Limited
Hill Top Lodge,"93-95 Hill Top,West Bromwich",B70 0PX,1215563322,https://www.pressbeau.co.uk,Nursing homes,Sandwell,West Midlands,Pressbeau Limited
Selwood House Care Home,"Chestnut Road,Charlton Down,Dorchester",DT2 9FN,1305510404,https://www.countrycourtcare.co/our-homes/selwood-house-care-home,Residential homes,Dorset,South West,Country Court Care Homes 2 Limited
Hawkhurst,"18 Shear Bank Road,Blackburn",BB1 8AZ,1254698338,https://www.prime-life.co.uk,Residential homes,Blackburn with Darwen,North West,Prime Life Limited
Beechwood House,"Devon Court,Devon Drive, Brimington,Chesterfield",S43 1DX,,,Residential homes,Derbyshire,East Midlands,Walton Lodge Limited
Court Regis,"Middletune Avenue,Milton Regis,Sittingbourne",ME10 2HT,1795423485,https://www.avantepartnership.org.uk,Residential homes,Kent,South East,Avante Care and Support Limited
Pilgrims View,"Roberts Road,Snodland",ME6 5HL,1634241906,https://www.avantepartnership.org.uk,Residential homes,Kent,South East,Avante Care and Support Limited
Dovehaven Grove,"Poplar Grove,Bamber Bridge,Preston",PR5 6RE,1772337105,,Residential homes,Lancashire,North West,DHCH14 Limited
St Anne's Community Services - The Crescent,"1 The Crescent,Green Hammerton",YO26 8BW,1423339513,https://www.st-annes.org.uk,Residential homes,North Yorkshire,Yorkshire & Humberside,St Anne's Community Services
Woodstock Care Centre,"80 Woodstock Road,Sittingbourne",ME10 4HN,1795420202,https://www.nellsar.com,Nursing homes,Kent,South East,Nellsar Limited
Bloomfield,"Salisbury Road,Paulton,Bath",BS39 7BD,1761417748,https://www.barchester.com,Nursing homes,Bath and North East Somerset,South West,Barchester Healthcare Homes Limited
The Hawthorns,"O'Neill Drive,Peterlee",SR8 5UP,1915871251,https://www.barchester.com,Nursing homes|Rehabilitation (illness/injury),County Durham,North East,Barchester Healthcare Homes Limited
Parklands Care Home,"80 Park Road,Southport",PR9 9JL,1704771111,,Nursing homes,Sefton,North West,Sandstone Care North West Limited
Alexandra House,"Havelock Terrace,Gateshead",NE8 1QU,1914775117,https://www.akaricare.co.uk,Residential homes,Gateshead,North East,Akari Care Limited
Marjorie House,"1 Crichel Mount Road,Poole",BH14 8LT,1202148220,https://www.care-south.co.uk,Residential homes,"Bournemouth, Christchurch and Poole",South West,Care South
Norfolk Road,"2-10 Norfolk Road,Sheffield",S2 2SX,1142722245,https://www.together-uk.org,Residential homes,Sheffield,Yorkshire & Humberside,Together for Mental Wellbeing
Hylton View,"Old Mill Road,Southwick,Sunderland",SR5 5TP,1915496568,,Nursing homes,Sunderland,North East,Roseberry Care Centres GB Limited
Hill House - Care Home with Nursing Physical Disabilities,"The Hill,Newcastle Road,Sandbach",CW11 1LA,1270762341,https://www.leonardcheshire.org,Nursing homes,Cheshire East,North West,Leonard Cheshire Disability
Living Ambitions Limited - 32 Ringstead Road,"32 Ringstead Road,Sutton",SM1 4SJ,2086427725,https://www.livingambitions.co.uk,Residential homes,Sutton,London,Living Ambitions Limited
Living Ambitions Limited - 63a Victoria Avenue,"63a Victoria Avenue,Wallington",SM6 7JP,2086694559,https://www.livingambitions.co.uk,Residential homes,Sutton,London,Living Ambitions Limited
Theoc House,"Theoc House,York Road,Tewkesbury",GL20 5HT,1684297358,,Residential homes,Gloucestershire,South West,Voyage 1 Limited
Green Lodge,"Billingham,Stockton-on-Tees",TS23 1EW,1642553665,https://www.orchardcarehomes.com/carehomes/green-lodge-billingham-stockton-on-tees,Residential homes,Stockton-on-Tees,North East,Indigo Care Services Limited
56 High Street,"56 High Street,Chislehurst",BR7 5AQ,1305825500,,Residential homes,Bromley,London,Agincare Enable Limited
118 Widmore Road,"118 Widmore Road,Bromley",BR1 3BE,1305825500,,Residential homes,Bromley,London,Agincare Enable Limited
7 Horse Leaze,"7 Horse Leaze,London",E6 6WJ,1305825500,,Residential homes,Newham,London,Agincare Enable Limited
5 Horse Leaze,"5 Horse Leaze,London",E6 6WJ,1305825500,,Residential homes,Newham,London,Agincare Enable Limited
Granby Rose SDU,"Highgate Park,Harrogate",HG1 4SR,1423505533,,Nursing homes,North Yorkshire,Yorkshire & Humberside,Harbour Healthcare (North) Ltd
Turnpike Court Residential Care Home,"Middlewich Road,Elworth,Sandbach",CW11 3EJ,1270762150,https://www.minstercaregroup.co.uk,Residential homes,Cheshire East,North West,Croftwood Care UK Limited
Elysium Care Partnerships Limited - 1a Upper Brighton Road,"1A Upper Brighton Road,Surbiton",KT6 6LQ,2034091282,https://www.elysiumhealthcare.co.uk,Residential homes,Kingston upon Thames,London,Elysium Care Partnerships Limited
Pavillion Residential and Nursing Home,"North View Terrace,Colliery Row,Houghton Le Spring",DH4 5NW,1913853555,https://www.sanctuary-care.co.uk,Nursing homes,Sunderland,North East,Sanctuary Care Limited
Rosemount Care Home,"Sunningdale,Whitley Bay",NE25 9YF,1912510856,,Nursing homes,North Tyneside,North East,Roseberry Care Centres (England) Ltd
Brambles,"53 Station Road,Bardney,Lincoln",LN3 5UD,1526398010,https://www.homefromhomecare.com,Residential homes,Lincolnshire,East Midlands,Home from Home Care Limited
The Old Hall,"Chapel Road,Fiskerton",LN3 4HD,1522595395,https://www.homefromhomecare.com,Residential homes,Lincolnshire,East Midlands,Home from Home Care Limited
Havering Court Care Home,"Havering Road,Havering-atte-Bower,Romford",RM1 4YW,1708737788,,Nursing homes,Havering,London,Bupa Care Homes (BNH) Limited
Westview,"2 Marten Road,Folkestone",CT20 2JR,1303245629,https://www.prioryadultcare.co.uk,Residential homes,Kent,South East,Lothlorien Community Limited
The Hayes,"Culverhayes, Long Street,Sherborne",DT9 3ED,1935814043,,Residential homes,Dorset,South West,Care Dorset Limited
Sawley,"1 Bradshaw Street,Sawley, Long Eaton,Nottingham",NG10 3GT,1159721376,https://www.heathcotes.net,Residential homes,Derbyshire,East Midlands,Heathcotes Care Limited
Highfield,"50 Abington Avenue,Northampton",NN1 4PA,1604215056,https://www.mentauruk.com,Residential homes,West Northamptonshire,East Midlands,Mentaur Limited
Wheatsheaf Court Care Home,"44 Sheaf Street,Daventry",NN11 4AB,1327705611,https://www.interhaze.co.uk,Nursing homes,West Northamptonshire,East Midlands,Interhaze Limited
Townend Close,"Victoria Road,Crosshills,Keighley",BD20 8SZ,1535634639,https://www.anchor.org.uk,Residential homes,North Yorkshire,Yorkshire & Humberside,Anchor Hanover Group
Fleetwood Heights,"Rochdale Road,Greetland,Halifax",HX4 8HE,1422311177,,Nursing homes,Calderdale,Yorkshire & Humberside,Harbour Healthcare Ltd
Stubble Bank,"159 Whalley Road,Ramsbottom,Bury",BL0 0DG,1613835438,,Residential homes,Bury,North West,Care In Mind Limited
The Poplars,"1 The Poplars,Whitwell",S80 4TD,1909722244,https://www.norsaca.org.uk,Residential homes,Derbyshire,East Midlands,Autism East Midlands
High View,"Old Falmouth Road,Truro",TR1 2HN,1872279304,https://www.salutemcareandeducation.co.uk,Residential homes,Cornwall,South West,Modus Care Limited
Riverside Court,"31 Irish Street,Salmoor Way,Maryport",CA15 8AZ,1900815323,,Nursing homes,Cumberland,North West,Harbour Healthcare (North) Ltd
Mill House,"55 Sheep Street,Chipping Campden",GL55 6DR,1386848990,,Nursing homes,Gloucestershire,South West,Care UK Care Services Limited
Campbell Court,"Campbell Court,Queensway, Yeadon,Leeds",LS19 7GW,,,Residential homes,Leeds,Yorkshire & Humberside,The Bridge Community Care Limited
The Birches,"18 Gladstone Road,Chesterfield",S40 4TE,1246202955,https://www.prioryadultcare.co.uk,Residential homes,Derbyshire,East Midlands,Parkcare Homes (No.2) Limited
Meadowbrook House,"52 Grenville Road,Lostwithiel",PL22 0RA,1208872810,,Nursing homes,Cornwall,South West,Cornwallis Care Services Ltd
Mill House,"55 Sheep Street,Chipping Campden",GL55 6DR,1386848990,https://www.ariacare.co.uk/find-a-home/mill-house-in-chipping-campden/,Nursing homes,Gloucestershire,South West,Aria Healthcare Group LTD
Beech Lodge - Mablethorpe,"Stanley Avenue,Mablethorpe",LN12 1DP,1507479781,https://www.linkage.org.uk,Residential homes,Lincolnshire,East Midlands,Linkage Community Trust
Cubbington Mill,"Church Lane,Cubbington,Leamington Spa",CV32 7JT,1926430351,https://www.barchester.com,Nursing homes,Warwickshire,West Midlands,Barchester Healthcare Homes Limited
Wold Haven,"36 Burnby Lane,Pocklington",YO42 2QD,1759303085,https://www.eastriding.gov.uk,Residential homes,East Riding of Yorkshire,Yorkshire & Humberside,East Riding of Yorkshire Council
Meadow View,"Meadow View Close,Off Wharrage Road,Alcester",B49 6PR,1789766739,https://www.prime-life.co.uk,Residential homes,Warwickshire,West Midlands,Prime Life Limited
Hudson Street,"24-25 Hudson Street,Whitby",YO21 3EP,1947603367,https://www.milewood.co.uk,Residential homes,North Yorkshire,Yorkshire & Humberside,Milewood Healthcare Ltd
Stamford Bridge Beaumont,"Buttercrambe Road,Stamford Bridge,York",YO41 1AJ,1759371418,https://www.barchester.com,Nursing homes,East Riding of Yorkshire,Yorkshire & Humberside,Barchester Healthcare Homes Limited
Cottingley Hall Care Home,"Bradford Road,Bingley",BD16 1TX,1274592885,,Nursing homes,Bradford,Yorkshire & Humberside,Bupa Care Homes (BNH) Limited
Smock Acre,"Hollow Lane Hoath,Canterbury",CT3 4LF,1227860136,https://www.avenuesgroup.org.uk,Residential homes,Kent,South East,Avenues South East
Consensus Support Services Limited - Shrewsbury,"24 Main Road,Dorrington,Shrewsbury",SY5 7JW,1743719950,https://www.consensussupport.com,Residential homes,Shropshire,West Midlands,Consensus Support Services Limited
Hall Grange,"Shirley Church Road,Croydon",CR9 5AL,2086541708,https://mha.org.uk/care-support/care-homes/hall-grange,Residential homes,Croydon,London,Methodist Homes
Hollybush House Nursing Home,"John Corbett Drive,Amblecote,Stourbridge",DY8 4HZ,1384442782,https://www.shaw.co.uk,Nursing homes|Rehabilitation (illness/injury),Dudley,West Midlands,Shaw Healthcare (Group) Limited
Westwood Lodge,"Brookview,Helmsman Way, off Poolstock Lane,Wigan",WN3 5DJ,1942829999,https://www.hc-one.co.uk,Nursing homes,Wigan,North West,HC-One Limited
Dearbourne Manor,"575 - 579 Southmead Road,Westbury-on-trym,Bristol",BS10 5NL,1179467216,https://www.cedarcarehomes.com,Nursing homes,"Bristol, City of",South West,Cedar Care Homes Limited
St Anne's Community Services - Greenacres,"62 Harrogate Road,Ripon",HG4 1SZ,1765606151,https://www.st-annes.org.uk,Residential homes,North Yorkshire,Yorkshire & Humberside,St Anne's Community Services
The Willows Nursing home,"West Wick,Weston Super Mare",BS24 7TF,1934510404,https://www.brandontrust.org,Nursing homes,North Somerset,South West,The Brandon Trust
Bamford Grange Care Home,"239 Adswood Road,Stockport",SK3 8PA,1614778496,,Nursing homes,Stockport,North West,Lentulus Properties Limited
Hemlington House,"22 Corporal Roberts Close,Hemlington,Middlesbrough",TS8 9SP,,,Residential homes,Middlesbrough,North East,Milewood Healthcare Ltd
Oulton Manor,"3 Wakefield Road,Oulton,Leeds",LS26 8EL,1132828222,https://www.anchor.org.uk/our-properties/oulton-manor-leeds?infinity=ict2~net~gaw~cmp~Anchor%20Care%20-%20Oulton%20Manor%20-%20Search~ag~Oulton%20Manor%20%7C%20Leeds~ar~795482373484~kw~care%20home%20i,Residential homes,Leeds,Yorkshire & Humberside,Anchor Hanover Group
Reuben Manor,"654-656 Yarm Road,Eaglescliffe,Stockton-on-Tees",TS16 0DP,1642784189,https://mha.org.uk/care-support/care-homes/reuben-manor,Residential homes,Stockton-on-Tees,North East,Methodist Homes
The Cotswolds,"178 Cotswold Avenue,Duston,Northampton",NN5 6DS,1604864466,,Nursing homes|Long-term conditions,West Northamptonshire,East Midlands,Oakleaf Care (Hartwell) Limited
Irchester 170,"170 Station Road,Irchester,Wellingborough",NN29 7EW,1604811838,,Residential homes,North Northamptonshire,East Midlands,Achieve Together Limited
Helena Road,"2c-2d Helena Road,Plaistow,London",E13 0DU,2084701382,,Residential homes,Newham,London,Certitude Trading Limited
Brighton Road,"47-49 Brighton Road,Purley",CR8 2LR,2086604078,https://www.consensussupport.com,Residential homes,Croydon,London,Consensus Support Services Limited
Highfields,"Highfield Road,Swadlincote",DE11 9AR,1283224658,,Residential homes,Derbyshire,East Midlands,Achieve Together Limited
Seacroft Grange Care Village,"The Green,Leeds",LS14 6JL,1134261230,,Nursing homes,Leeds,Yorkshire & Humberside,WT UK Opco 4 Limited
Seacroft Grange Care Village,"The Green,Leeds",LS14 6JL,1133452300,,Nursing homes,Leeds,Yorkshire & Humberside,Care UK Care Services Limited
Knowle Gate Care Home,"1331 Warwick Road,Knowle,Solihull",B93 9LW,1564332233,https://www.averyhealthcare.co.uk/care-homes/west-midlands/solihull/knowle-gate/,Nursing homes,Solihull,West Midlands,Willowbrook Healthcare Limited
Golborne House Residential Care Home,"Derby Road,Golborne,Warrington",WA3 3JL,1942273259,https://www.minstercaregroup.co.uk,Residential homes,Wigan,North West,Croftwood Care UK Limited
Grace Care Centre,"Whitebridge Gardens,Thornbury,Bristol",BS35 2FR,7824695098,https://www.osjct.co.uk,Nursing homes,South Gloucestershire,South West,The Orders Of St. John Care Trust
Allambie Court,"55 Hinckley Road,Nuneaton",CV11 6LG,7588486139,https://www.aldcare.com,Nursing homes,Warwickshire,West Midlands,ADL Plc
Windsor Court Care Home,"The Avenue,Wallsend",NE28 6SD,1912635060,https://www.crowncaregroup.co.uk,Nursing homes,North Tyneside,North East,Crown Care IV Limited
Carisbrooke House,"22 Carisbrooke Drive,Nottingham",NG3 5DS,,,Residential homes,Nottingham,East Midlands,Dignus Healthcare Limited
Autism Together - 60 Manor Place,"60 Manor Place,Bromborough Pool,Wirral",CH62 4TX,1513347510,https://www.wirral.autistic.org,Residential homes,Wirral,North West,Autism Together
Ashfield House - Raunds,"Ashfield Avenue,Raunds,Wellingborough",NN9 6DX,1933627280,https://www.shaw.co.uk,Residential homes,North Northamptonshire,East Midlands,Shaw Healthcare (de Montfort) Limited
Roy Kinnear House,"289 Waldegrave Road,Twickenham",TW1 4SU,2072614100,,Nursing homes,Richmond upon Thames,London,Choice Support
Black Bull Lane,"18 Black Bull Lane,Fulwood,Preston",PR2 3PU,,,Residential homes,Lancashire,North West,Consensus Support Services Limited
Meadowside,"Liverpool Road,Walmer,Deal",CT14 7NW,1304363445,https://www.kent.gov.uk,Residential homes,Kent,South East,Kent County Council
Rhyme House,"9-11 Chaucer Road,Sittingbourne",ME10 1EZ,1795439744,https://www.achievetogether.co.uk,Residential homes,Kent,South East,Achieve Together Limited
West View Integrated Care Centre,"Plummer Lane,Tenterden",TN30 6TX,3000422208,https://www.kent.gov.uk,Residential homes|Rehabilitation (illness/injury),Kent,South East,Kent County Council
Landau Lodge,"Triton Road,Hull",HU9 4HU,1482781042,https://www.voyagecare.com,Residential homes,"Kingston upon Hull, City of",Yorkshire & Humberside,Voyage 1 Limited
Baycroft Flitwick,"101,Ampthill Road,Flitwick",MK45 1BE,1525307665,,Nursing homes,Central Bedfordshire,East,Country Court Care Homes 6 Limited
Orchard House,"38 Park Road East,Wolverhampton",WV1 4PZ,7311357919,,Residential homes,Wolverhampton,West Midlands,Aston Transitional Care Limited
Heather Grange,"Queens Road,Burnley",BB10 1XX,1282415908,https://mha.org.uk/care-support/care-homes/heather-grange,Residential homes,Lancashire,North West,Methodist Homes
Daventry Road,"55 Daventry Road,Dunchurch,Rugby",CV22 6NS,1788817573,https://www.cttm.co.uk,Residential homes,Warwickshire,West Midlands,Extel Limited
Outlook Care - Neave Crescent,"74 Neave Crescent,Harold Hill,Romford",RM3 8HN,1708346029,https://www.outlookcare.org.uk,Residential homes,Havering,London,Outlook Care
Summerfield Court,"55b Summerfield Drive,Bramley,Leeds",LS13 1AJ,1132362229,https://www.voyagecare.com,Residential homes,Leeds,Yorkshire & Humberside,Voyage 1 Limited
Ransdale House,"54 Caversham Road,East Side,Middlesbrough",TS4 3NU,1642320785,,Residential homes,Middlesbrough,North East,Achieve Together Limited
SENSE - 18 Water Gate,"Quadring,Spalding",PE11 4PY,1775821957,https://www.sense.org.uk,Residential homes,Lincolnshire,East Midlands,Sense
Winterfell,"Tree Tops,The Spinney, Rainford,St. Helens",WA11 8AS,1744362709,,Residential homes,St. Helens,North West,Achieve Together Limited
The Spinney Care Home,"Brownshill Green Road,Coundon,Coventry",CV6 2EG,2476337531,https://www.interhaze.co.uk,Residential homes,Coventry,West Midlands,Interhaze Limited
St Williams,"135 St. Williams Way,Rochester",ME1 2PG,,,Residential homes,Medway,South East,CLBD Limited
Kemsing Road Respite Service,"11 Kemsing Road,Greenwich,London",SE10 0LL,2082691192,,Residential homes,Greenwich,London,Outlook Care
Collegiate House,"16 Collegiate Crescent,Sheffield",S10 2BA,7939852966,https://www.moorville.com,Residential homes,Sheffield,Yorkshire & Humberside,Moorville Developments Limited
Shalom,"1 Pen Close,Manor Lane, Baydon,Marlborough",SN8 2JD,1672541351,,Residential homes,Wiltshire,South West,Milestones Trust
Downers Court,"1 & 2 Downer Court,Wilson Avenue,Rochester",ME1 2SA,1634869200,https://www.clbd.org,Residential homes,Medway,South East,CLBD Limited
Storth Oaks,"229 Graham Road,Sheffield",S10 3GS,7939852966,,Residential homes,Sheffield,Yorkshire & Humberside,Moorville Developments Limited
Hallamgate House,"16 Hallamgate Road,Sheffield",S10 5BT,1144573179,,Residential homes,Sheffield,Yorkshire & Humberside,Moorville Developments Limited
Richmond House,"Greenways,Carr Lane, South Kirkby,Pontefract",WF9 3DB,1977652288,,Residential homes,Wakefield,Yorkshire & Humberside,Achieve Together Limited
Mill View,"Bolton Lane,Bradford",BD2 4BN,1274718910,,Residential homes,Bradford,Yorkshire & Humberside,Anchor Hanover Group
St Anne's Community Services - Heatherstones,"1a Heatherstones,Queensgate,Halifax",HX3 0DH,1422369724,https://www.st-annes.org.uk,Nursing homes,Calderdale,Yorkshire & Humberside,St Anne's Community Services
St Annes' Community Services - Thornhill Road,"22-24 Thornhill Road,Brighouse",HD6 3AX,1484401228,https://www.stannes.org.uk,Nursing homes,Calderdale,Yorkshire & Humberside,St Anne's Community Services
Castleman House,"Fairfield Bungalows,Blandford Forum",DT11 7HS,1258452315,,Residential homes,Dorset,South West,Care Dorset Limited
Cedar Falls Care Home,"Little London,Spalding",PE11 2UA,1775713233,https://www.tanglewoodcarehomes.co.uk,Nursing homes,Lincolnshire,East Midlands,Tanglewood Care Services Limited
Ernest Bold Resource Centre,"Wolverhampton Street,Bilston",WV14 0LT,1902553369,https://www.wolverhampton.gov.uk,Residential homes,Wolverhampton,West Midlands,City of Wolverhampton Council
Little Acres,"5 Spencer Drive,Nuthall,Nottingham",NG16 1DQ,1159382236,https://www.prime-life.co.uk,Residential homes,Nottinghamshire,East Midlands,Prime Life Limited
All Saints Vicarage,"Church Road,Eppleton,Hetton-le-Hole",DH5 9AJ,1915266326,https://www.swantoncare.com,Residential homes,Sunderland,North East,Swanton Care & Community (Autism North) Limited
The Old School House,"31 Main Street,Thringstone,Coalville",LE67 8ND,1530224426,https://www.rushcliffecare.co.uk,Residential homes,Leicestershire,East Midlands,Rushcliffe Care Limited
Carrick,"11 Carlyon Road,Playing Place,Truro",TR3 6EU,1872864657,https://www.salutemcareandeducation.co.uk,Residential homes,Cornwall,South West,Modus Care Limited
Wellington Hall Care Centre,"Holyhead Road,Wellington,Telford",TF1 2EH,1952245521,,Nursing homes,Telford and Wrekin,West Midlands,Welford Healthcare MC Ltd
Moorville House,"24 Ryegate Road,Sheffield",S10 5FA,1142631551,,Residential homes,Sheffield,Yorkshire & Humberside,Moorville Developments Limited
Turning Point - Birchwood Nursing Home,"Lees New Road,Oldham",OL4 5PP,1615094202,https://www.turning-point.co.uk,Nursing homes,Oldham,North West,Turning Point
Scremby Grange,"Scremby,Near Spilsby",PE23 5RW,1754890521,https://www.linkage.org.uk,Residential homes,Lincolnshire,East Midlands,Linkage Community Trust
Byron Court,"154 - 156 Oxclose Lane,Arnold,Nottingham",NG5 6FF,1156489190,https://www.dignushealthcare.com,Residential homes,Nottinghamshire,East Midlands,Dignus Healthcare Limited
Tower Bridge Care Centre,"1 Aberdour Street,Southwark,London",SE1 4SH,2073946840,,Nursing homes,Southwark,London,Agincare (Southwark) Limited
White House,"White House,Hollow Meadows,Sheffield",S6 6GH,7939852966,,Residential homes,Sheffield,Yorkshire & Humberside,Moorville Developments Limited
The Glades at Moorville,"24 Ryegate Road,Crosspool,Sheffield",S10 5FA,1142631551,https://www.moorville-residential.co.uk,Residential homes,Sheffield,Yorkshire & Humberside,Moorville Developments Limited
The Lodge - Moorville Residential,"The Lodge,Hollow Meadows, Manchester Road,Sheffield",S6 6GJ,1142631551,,Residential homes,Sheffield,Yorkshire & Humberside,Moorville Developments Limited
Meadow View,"The Lodge,Hollow Meadows,Sheffield",S6 6GJ,1142308217,https://www.moorville.com,Residential homes,Sheffield,Yorkshire & Humberside,Moorville Developments Limited
Holly Lodge Care Home,"Maddison Street,Shildon",DL4 1NX,1388779265,,Residential homes,County Durham,North East,Mariposa Care Group Limited
Blueberry Close,"5 Blueberry Close,Woodford Green",IG8 0EP,2085597585,,Residential homes,Redbridge,London,Certitude Trading Limited
83 Glengall Road,"83 Glengall Road,Woodford Green",IG8 0DP,7825807484,,Residential homes,Redbridge,London,Certitude Trading Limited
Oak Farm,"Tofts Lane,Stannington,Sheffield",S6 5SL,1142631551,https://www.moorville.com,Residential homes,Sheffield,Yorkshire & Humberside,Moorville Developments Limited
Springfield House,"81 Epple Bay Road,Birchington",CT7 9EW,1843842574,,Residential homes,Kent,South East,Achieve Together Limited
St Pauls Nursing Home,"94 Selly Park Road,Birmingham",B29 7LL,1214156107,,Nursing homes,Birmingham,West Midlands,Saint John of God Hospitaller Services
Abbotts Court Care Home,"Wingate Lane,Wheatley Hill,Durham",DH6 3LP,1429820866,,Nursing homes,County Durham,North East,Landona House Limited
Dove House,"Dove House,Colliery Road, Creswell,Worksop",S80 4BX,,,Nursing homes,Derbyshire,East Midlands,Elysium Healthcare No. 4 Limited
Richmond Village Aston On Trent Care Home,"Richmond Village, Richmond Drive,Aston On Trent,Derby",DE72 2DF,1332794300,https://www.richmond-villages.com/aston,Nursing homes,Derbyshire,East Midlands,Richmond Villages Operations Limited
Crystal Court,"Pannal Green,Pannal,Harrogate",HG3 1LH,1423810627,,Nursing homes,North Yorkshire,Yorkshire & Humberside,Highgate Care Services (Yorkshire) LTD
Dearne Valley Care Centre,"Furlong Road,Bolton on Dearne,Rotherham",S63 9PY,1709893435,https://www.stphilipscare.com,Residential homes,Barnsley,Yorkshire & Humberside,St Philips Care Limited
Yews Hill / North Rise,"75 & 77 Yews Hill Road,Lockwood,Huddersfield",HD1 3SG,1484430329,,Residential homes,Kirklees,Yorkshire & Humberside,Bridgewood Trust Limited
Claremont Care Home,"New Street,Farsley",LS28 5BF,1132360200,https://www.parkhomesuk.co.uk,Nursing homes,Leeds,Yorkshire & Humberside,Park Homes (UK) Limited
St Aidans,"124 St. Aidans Avenue,Mill Hill,Blackburn",BB2 4EY,1254589856,https://www.blackburn.gov.uk,Residential homes,Blackburn with Darwen,North West,Blackburn with Darwen Borough Council
2-3 Orchard Close,"2 & 3 Orchard Close,Rodney Road,London",E11 2DE,7596270733,,Residential homes,Redbridge,London,Certitude Trading Limited
Lindisfarne Crawcrook,"Kepier Chare,Crawcrook,Ryton",NE40 4TS,1914137081,https://www.gainfordcarehomes.com,Nursing homes,Gateshead,North East,Gainford Care Homes Limited
Overslade House,"12 Overslade Lane,Rugby",CV22 6DY,1788522577,https://www.barchester.com,Nursing homes,Warwickshire,West Midlands,Barchester Healthcare Homes Limited
Cosy Lodge,"Westwell Leacon,Charing,Ashford",TN27 0EH,1233713515,,Residential homes,Kent,South East,Counticare Limited
Maudes Meadow,"Town View,Windermere Road,Kendal",LA9 4QJ,1539713092,,Residential homes,Westmorland and Furness,North West,Westmorland and Furness Council
Richmond Village Nantwich,"St. Josephs Way,Nantwich",CW5 6LZ,1270629080,https://www.richmond-villages.com,Residential homes,Cheshire East,North West,Richmond Villages Operations Limited
Long Stone Manor,"107 Manchester Road,Wilmslow",SK9 2JH,,,Residential homes,Cheshire East,North West,Care UK Community Partnerships Ltd
Hillcrest 2,"14 Hillcrest Avenue,Northampton",NN3 2AB,1604376197,,Residential homes,West Northamptonshire,East Midlands,Achieve Together Limited
Elderflower Grange,"86 Orphanage Road,Birmingham",B24 9HX,1218347190,,Nursing homes,Birmingham,West Midlands,Care UK Care Services Limited
Elderflower Grange,"86 Orphanage Road,Birmingham",B24 9HX,1218347190,,Nursing homes,Birmingham,West Midlands,WT UK Opco 4 Limited
Florence Grogan House Residential Care Home,"Shelley Road,Blacon,Chester",CH1 5XA,1244390177,https://www.minstercaregroup.co.uk,Residential homes,Cheshire West and Chester,North West,Croftwood Care UK Limited
Castlecroft Residential Care Home,"Castle Road,Weoley Castle,Birmingham",B29 5HF,1214711700,https://www.sanctuary-care.co.uk/care-homes-midlands/castlecroft-residential-care-home,Residential homes,Birmingham,West Midlands,Sanctuary Care Limited
Fernside Hall Care Home,"Stafford Avenue,Manor Heath,Halifax",HX3 0NR,1422365184,,Residential homes,Calderdale,Yorkshire & Humberside,Valorum Care Limited
Tunhill,"251 High Greave Road,Ecclesfield,Sheffield",S5 9GS,1142466891,,Residential homes,Sheffield,Yorkshire & Humberside,Valeo Limited
The Old School House,"2 Norwood Road,Sheffield",S5 7BD,1142564639,,Residential homes,Sheffield,Yorkshire & Humberside,Valeo Limited
Woodview,"2 Richmond Park Way,Sheffield",S13 8HU,1142540843,,Residential homes,Sheffield,Yorkshire & Humberside,Achieve Together Limited
Derwent Lodge,"11 Beaufort Street,Chaddesden,Derby",DE21 6AX,1332347597,https://www.rethink.org,Nursing homes,Derby,East Midlands,Rethink Mental Illness
Maeres House,"56 Blundell Road,Hough Green,Widnes",WA8 8SS,1514240622,https://www.voyagecare.com,Residential homes,Halton,North West,Voyage 1 Limited
The Farmhouse,"Heath Farm, Heath Road,Ashby De La Launde,Lincoln",LN4 3JD,1526322444,https://www.autismcareuk.com,Residential homes,Lincolnshire,East Midlands,Autism Care (UK) Limited
Belvedere Manor Care Home,"Gibfield Road,Colne",BB8 8JT,1282505297,,Residential homes,Lancashire,North West,Lovett Care Limited
Abbey Court Nursing and Residential Home,"200 Kedleston Road,Derby",DE22 1FX,1332364539,,Nursing homes,Derby,East Midlands,Your Health Limited
Apple Tree,"74 Albert Road,Wolverhampton",WV6 0AF,7311305829,,Residential homes,Wolverhampton,West Midlands,Aston Transitional Care Limited
OSJCT The Cedars,"High Street,Purton",SN5 4AF,1793772036,https://www.osjct.co.uk,Residential homes,Wiltshire,South West,The Orders Of St. John Care Trust
Millbrook House,"39-41 Birch Street,Southport",PR8 5EU,1704539410,,Nursing homes,Sefton,North West,DHCH14 Limited
Green Lodge,"Green Lodge,7 Madeira Grove,Woodford Green",IG8 7QH,7584232598,,Nursing homes,Redbridge,London,Certitude Trading Limited
Astley Hall Nursing Home,"Church Lane,Astley,Stourport On Severn",DY13 0RW,1299827020,,Nursing homes,Worcestershire,West Midlands,Heritage Manor Limited
54a,"54a Pontefract Road,Featherstone,Pontefract",WF7 5HG,1977793572,https://www.mcare.info,Residential homes,Wakefield,Yorkshire & Humberside,Millennium Support Ltd
Eastbourne House,"The Links,Whitley Bay",NE26 1PG,1912527295,https://www.hc-one.co.uk,Residential homes,North Tyneside,North East,HC-One No.2 Limited
Grangewood Care Centre,"Chester Road,Shiney Row,Houghton Le Spring",DH4 4RB,1913856644,,Residential homes,Sunderland,North East,Care UK Care Services Limited
Park View Care Centre,"Field View,Park Farm,Ashford",TN23 3NZ,1233501748,https://www.ranccare.co.uk,Nursing homes,Kent,South East,RCH Care Homes Limited
Avery Park Care Home,"231 Rockingham Road,Kettering",NN16 9JB,1536851745,,Nursing homes,North Northamptonshire,East Midlands,Willowbrook Healthcare Limited
Sunnyfield,"153 Whinney Lane,Streethouse,Pontefract",WF7 6DE,1977798181,https://www.mcare.info,Residential homes,Wakefield,Yorkshire & Humberside,Millennium Support Ltd
Wareing Street,"38 Wareing Street,Tyldesley,Manchester",M29 8HS,1925759162,,Residential homes,Wigan,North West,Bright Futures Care Limited
Bayards Court Care Home - Vivant Care,"Cotton Road,Dartmouth",TQ6 0LB,8081965095,https://www.vivant-care.co.uk,Residential homes,Devon,South West,Sanctuary Care Limited
Braywood Gardens,"Millbrook Drive,Carlton,Nottingham",NG4 3SR,1159381300,https://www.runwoodhomes.co.uk,Nursing homes,Nottinghamshire,East Midlands,Runwood Homes Limited
OSJCT The Poplars,"Chapman Street,Market Rasen",LN8 3DS,1673843319,https://www.osjct.co.uk,Residential homes,Lincolnshire,East Midlands,The Orders Of St. John Care Trust
Pershore Short Term Breaks,"48 Station Road,Pershore",WR10 1PD,1386552978,https://www.worcestershire.gov.uk,Residential homes,Worcestershire,West Midlands,Worcestershire County Council
Davyhulme Road,"60a Davyhulme Road,Urmston,Manchester",M41 7DN,,,Residential homes,Trafford,North West,Bright Futures Care Limited
The Outwood,"12 Outwood Lane,Horsforth,Leeds",LS18 4JA,1138873068,https://www.cygnethealth.co.uk,Residential homes,Leeds,Yorkshire & Humberside,Isand Limited
Kenneth House,"121 Raeburn Avenue,Eastham",CH62 8BD,1513347510,https://www.wirral.autistic.org,Residential homes,Wirral,North West,Autism Together
Woodland Grove,"14 Woodland Grove,Birkenhead",CH42 4NU,1516456014,,Residential homes,Wirral,North West,Autism Together
Cookridge Court,"Iveson Rise,Lawnswood,Leeds",LS16 6NB,1132672377,,Residential homes,Leeds,Yorkshire & Humberside,Barchester Healthcare Homes Limited
Elm Bank Care Home,"81-83 Northampton Road,Kettering",NN15 7JZ,1536313520,,Residential homes,North Northamptonshire,East Midlands,Barchester Healthcare Homes Limited
Bamfield Lodge,"1 Bamfield,Whitchurch,Bristol",BS14 0AU,1275890930,,Nursing homes,"Bristol, City of",South West,Barchester Healthcare Homes Limited
Ross Court Care Home,"Overross Close,Ross-on-wye",HR9 7BQ,1989764349,,Residential homes,"Herefordshire, County of",West Midlands,Barchester Healthcare Homes Limited
St Anne's Community Services - Dewsbury 1,"2 Oxford Road,Dewsbury",WF13 4LN,1924459962,https://www.st-annes.org.uk,Residential homes,Kirklees,Yorkshire & Humberside,St Anne's Community Services
South Parade,"2 South Parade, Marske Lane,Stockton-on-tees",TS19 8GA,,,Residential homes,Stockton-on-Tees,North East,Milewood Healthcare Ltd
Bendalls Farm,"Bendalls Farm,Green Ore,Wells",BA5 3EX,1761241014,,Residential homes,Somerset,South West,Lightsky Group Operations Limited
Alexandra House,"Summerhouse Square,Norton,Stockton On Tees",TS20 1BH,,,Residential homes,Stockton-on-Tees,North East,Milewood Healthcare Ltd
61 Track Road,"61 Track Road,Batley",WF17 7AB,1924472804,,Residential homes,Kirklees,Yorkshire & Humberside,St Anne's Community Services
Durlston House,"115b Hilperton Road,Trowbridge",BA14 7JJ,1225760858,https://www.achievetogether.co.uk,Residential homes,Wiltshire,South West,Achieve Together Limited
35 Priory Grove,"Gipsyville,Hull",HU4 6LX,1482507363,https://www.avocettrust.co.uk,Residential homes|Community services - Learning disabilities,"Kingston upon Hull, City of",Yorkshire & Humberside,Avocet Trust
Heartly Green,"34 Cutnook Lane,Irlam,Manchester",M44 6JX,1617777000,,Residential homes,Salford,North West,Park Homes (UK) Limited
Avocet Trust - 281-287 St George's Road,"281-287 St George's Road,Hull",HU3 3SW,1482618096,https://www.avocettrust.co.uk,Residential homes,"Kingston upon Hull, City of",Yorkshire & Humberside,Avocet Trust
Neat Marsh House,"Neat Marsh Road,Preston,Hull",HU12 8TP,1482329226,https://www.avocettrust.co.uk,Residential homes,East Riding of Yorkshire,Yorkshire & Humberside,Avocet Trust
Salthouse Road,"199a-203a Salthouse Road,Hull",HU8 9HG,1482329226,https://www.avocettrust.co.uk,Residential homes,"Kingston upon Hull, City of",Yorkshire & Humberside,Avocet Trust
Avocet Trust - 523-525 Marfleet Lane,"523-525 Marfleet Lane,Hull",HU9 4EP,1482329226,https://www.avocettrust.co.uk,Residential homes,"Kingston upon Hull, City of",Yorkshire & Humberside,Avocet Trust
Durham Street,"49, 51, 53 Durham Street,Hull",HU8 8RF,1482329226,https://www.avocettrust.co.uk,Residential homes,"Kingston upon Hull, City of",Yorkshire & Humberside,Avocet Trust
Bradbury House,"12 Milner Road,Aylesford",ME20 7FU,1622791056,,Nursing homes,Kent,South East,Eleanor Nursing and Social Care Limited
Green Lane Farm,"22 Highside,North frodingham",YO25 8LQ,1482329226,https://www.avocettrust.co.uk,Residential homes,East Riding of Yorkshire,Yorkshire & Humberside,Avocet Trust
Sandpiper Care Home,"16 South Street,Alford",LN13 9AQ,1507462112,https://www.tanglewoodcarehomes.co.uk,Residential homes,Lincolnshire,East Midlands,Tanglewood Care Services Limited
Swanholme Court,"Eccleshare Court,Ashby Avenue,Lincoln",LN6 0ED,1522689400,https://www.countrycourtcare.co/our-homes/swanholme-court-care-home,Residential homes|Rehabilitation (illness/injury),Lincolnshire,East Midlands,Country Court Care Homes Limited
Paradise House,"30 Paradise Lane,Leyland",PR26 7ST,1772452750,,Residential homes,Lancashire,North West,DHCH14 Limited
Mill Hayes,"72 Mill Hayes Road,Knypersley,Stoke-on-trent",ST8 7PS,1782519047,,Residential homes,Staffordshire,West Midlands,Achieve Together Limited
The Manor House Care Home,"Moreton Road,Wirral",CH49 4NZ,1516770099,,Nursing homes,Wirral,North West,Bupa Care Homes (BNH) Limited
Elmwood Care Home,"3 Wetherby Road,Oakwood,Leeds",LS8 2JU,1132323501,,Nursing homes,Leeds,Yorkshire & Humberside,Bupa Care Homes (GL) Limited
Anglebury Court,"21 Bonnetts Lane,Wareham",BH20 4HB,1929552585,,Residential homes,Dorset,South West,Care Dorset Limited
Ruckland Court,"1 Ruckland Court,Ruckland Avenue,Lincoln",LN1 3TP,1522530217,https://www.countrycourtcare.co/our-homes/ruckland-court-care-home,Residential homes,Lincolnshire,East Midlands,Country Court Care Homes Limited
Mead Field Manor Care Home,"88 Derek Mead Way,Banwell",BS29 6FH,1206517430,https://www.careuk.com/care-homes/mead-field-manor-banwell,Residential homes,North Somerset,South West,Care UK Care Services Limited
Jubilee Court,"Nabbs Lane,Hucknall,Nottingham",NG15 6HB,1159834630,https://www.runwoodhomes.co.uk,Nursing homes,Nottinghamshire,East Midlands,Runwood Homes Limited
Woodbury View,"Martley Road,Worcester",WR2 6QG,1905641745,,Residential homes,Worcestershire,West Midlands,Lifeways Community Care Limited
Greenacres Residential Care Home,"Green Lane,Standish,Wigan",WN6 0TS,1257421860,https://www.minstercaregroup.co.uk,Residential homes,Wigan,North West,Croftwood Care UK Limited
Woodside Home for Older People,"Burnley Road,Padiham,Burnley",BB12 8SD,1282774457,https://www.lancashire.gov.uk,Residential homes,Lancashire,North West,Lancashire County Council
Lindsay House,"Parbold Hill,Parbold,Wigan",WN8 7TG,1257464177,,Residential homes,Lancashire,North West,Akari Care Limited
Albert Road,"24 Albert Road,Manchester",M19 2FP,1612248736,https://www.nationalcaregroup.com,Residential homes,Manchester,North West,National Neurological Services Ltd
Beaufort Grange,"Hatton Road,Cheswick Village,Bristol",BS16 1AH,1173210430,https://www.barchester.com,Nursing homes,"Bristol, City of",South West,Barchester Healthcare Homes Limited
Frith House,"Steart Drive,Burnham On Sea",TA8 1AA,1278782537,https://www.somersetcare.co.uk,Residential homes,Somerset,South West,Somerset Care Limited
Beaufort Grange,"Hatton Road,Cheswick Village,Bristol",BS16 1AH,1179740010,,Nursing homes,"Bristol, City of",South West,Scarborough Hall Limited
Herne Place Care Home,"2 Parkland Road,Herne Bay",CT6 5DN,1227744588,https://www.barchester.com,Residential homes,Kent,South East,Barchester Healthcare Homes Limited
The Spires,"Stafford Road,Lichfield",WS13 8JD,1543419740,,Residential homes,Staffordshire,West Midlands,Barchester Healthcare Homes Limited
The Spires,"Stafford Road,Lichfield",WS13 8JD,1543419740,,Residential homes,Staffordshire,West Midlands,Scarborough Hall Limited
Herne Place Care Home,"2 Parkland Road,Herne Bay",CT6 5DN,1227744588,,Residential homes,Kent,South East,Scarborough Hall Limited
Hilderstone Hall,"Hilderstone,Nr Stone",ST15 8SQ,1889505468,https://www.barchester.com,Nursing homes,Staffordshire,West Midlands,Barchester Healthcare Homes Limited
Hilderstone Hall,"Hilderstone,Stone",ST15 8SQ,1889505468,,Nursing homes,Staffordshire,West Midlands,Scarborough Hall Limited
Woodthorpe Lodge,"54 John Boden Way,Woodthorpe,Loughborough",LE11 2ER,1509274027,https://www.idealcarehomes.co.uk,Residential homes,Leicestershire,East Midlands,Ideal Carehomes Limited
The Haven,"White House Lane,Boston",PE21 0BE,1205345005,https://www.blackswan.co.uk,Residential homes,Lincolnshire,East Midlands,Black Swan International Limited
St Marks Court,"73 Split Crow Road,Deckham,Gateshead",NE8 3SA,1914901192,,Nursing homes,Gateshead,North East,Akari Care Limited
Briardene Care Home,"Newbiggin Lane,Newcastle Upon Tyne",NE5 1NA,1912863212,,Nursing homes,Newcastle upon Tyne,North East,Mariposa Care Group Limited
Darwin Place,"Southfield Road,Much Wenlock",TF13 6AT,1952727162,https://www.swantoncare.com,Residential homes,Shropshire,West Midlands,Swanton Care & Community Limited
134 Ashland Road,"134 Ashland Road West,Sutton In Ashfield",NG17 2HS,1623575799,https://www.ncha.org.uk,Residential homes,Nottinghamshire,East Midlands,Nottingham Community Housing Association Limited
South Street,"17 South Street,Coldmore,Walsall",WS1 4HE,7599086071,,Residential homes,Walsall,West Midlands,Rehability UK Support Services Ltd
Rubery Court,"55-57 Walsall Road,Darlaston,Walsall",WS10 9JS,1212851171,https://www.rehabilityuk.net,Residential homes|Supported living,Walsall,West Midlands,Rehability UK Support Services Ltd
Warley House,"Warley Road,Scunthorpe",DN16 1PL,7310468239,,Residential homes,North Lincolnshire,Yorkshire & Humberside,ADL Plc
Alderlea Care Home,"St. Thomas Close,Humberston,Grimsby",DN36 4HS,1472812588,,Residential homes,North East Lincolnshire,Yorkshire & Humberside,National Care Consortium Ltd
Alexander Care Centre,"21 Rushy Mead,Lewisham,London",SE4 1JJ,2083145600,https://www.hc-one.co.uk/homes/alexander-care-centre,Nursing homes,Lewisham,London,HC-One Limited
Richmond Village Wood Norton,"Evesham Road,Wood Norton,Evesham",WR11 4TY,1386879399,https://www.richmond-villages.com,Nursing homes,Worcestershire,West Midlands,Richmond Villages Operations Limited
Basford,"55A Hadbury Road,Nottingham",NG5 1JZ,1159704850,https://www.heathcotes.net,Residential homes,Nottingham,East Midlands,Heathcotes Care Limited
Brandon Trust - 261 Passage Road Care Home,"261 Passage Road,Henbury,Bristol",BS10 7JA,1179593223,https://www.brandontrust.org,Residential homes,"Bristol, City of",South West,The Brandon Trust
4 Hermitage Lane,"Upper Stratton,Swindon",SN2 7QS,1793727790,https://www.voyagecare.com,Residential homes,Swindon,South West,Voyage 1 Limited
Richmond Village Coventry,"Bede Village, Hospital Lane,Goodyers End,Bedworth",CV12 0PB,2476645544,,Nursing homes,Warwickshire,West Midlands,Richmond Villages Operations Limited
Delamere Lodge,"Delamere Road,Park End,Middlesbrough",TS3 7EB,1642322802,https://www.delamerelodgecarehome.com,Nursing homes,Middlesbrough,North East,Landona House Limited
Peony Court,"58 Addiscombe Road,Croydon",CR0 5PH,2086498800,https://www.barchester.com,Residential homes,Croydon,London,Barchester Healthcare Homes Limited
Canning Court Care Home,"Canners Way,Stratford Upon Avon",CV37 0BJ,1789405000,,Nursing homes,Warwickshire,West Midlands,Bupa Care Homes (ANS) Limited
The Sand Dunes,"491 Clifton Drive North,Lytham St. Annes",FY8 2QX,1772424265,,Residential homes,Lancashire,North West,Cedar Health And Wellbeing Limited
Bedborough House,"Redlands,Bristol Road,Radstock",BA3 3EE,1761439589,https://www.prioryadultcare.co.uk,Residential homes,Bath and North East Somerset,South West,Parkcare Homes (No.2) Limited
Althorp Grange,"Holdenby Road,Spratton,Northampton",NN6 8LD,1604844192,https://www.smhc.uk.com,Nursing homes,West Northamptonshire,East Midlands,St. Matthews Limited
Miranda House,"High Street,Royal Wootton Bassett,Swindon",SN4 7AH,1793854458,https://www.ariacare.co.uk/find-a-home/miranda-house-in-royal-wootton-bassett/,Nursing homes,Wiltshire,South West,Aria Healthcare Group LTD
Fair Haven Care Home,"66 St Georges Avenue,Northampton",NN2 6JA,1604712050,https://www.salutemcareandeducation.co.uk,Residential homes,West Northamptonshire,East Midlands,Pathways Care Group Limited
Westfield House,"Westfield Road,Rawmarsh,Rotherham",S62 6EY,1709529412,https://www.prioryadultcare.co.uk,Residential homes,Rotherham,Yorkshire & Humberside,Parkcare Homes (No.2) Limited
Wimbledon Common Care Home,"6 Victoria Drive,Wimbledon,London",SW19 6AB,2081080178,,Residential homes,Wandsworth,London,Redwood Tower UK Opco 1 Limited
Holly Park Care Home,"Clayton Lane,Clayton,Bradford",BD14 6BB,1274884918,https://www.parkhomesuk.co.uk,Residential homes,Bradford,Yorkshire & Humberside,Park Homes (UK) Limited
Dover Drive Short Stay Service,"20,Dover Drive,Ellesmere Port",CH65 9EP,1513376337,,Residential homes,Cheshire West and Chester,North West,Cheshire West and Chester Council
Pengover Residential and Nursing Home,"Pengover Road,Liskeard",PL14 3EN,1579343397,,Nursing homes,Cornwall,South West,Sanctuary Care Limited
Engelberg Care Home,"1 Ash Hill,Wolverhampton",WV3 9DR,1902243760,https://www.ashberry-care-homes.co.uk,Residential homes,Wolverhampton,West Midlands,Ashberry Healthcare Limited
Highfield,"Dunns Lane,Dordon,Tamworth",B78 1RS,1827892882,https://www.polesworthhomes.co.uk,Residential homes|Homecare agencies,Warwickshire,West Midlands,Polesworth Group Homes Limited
Anro House,"17 Cambridge Road,Walmer,Deal",CT14 7HG,1304367178,https://www.voyagecare.com,Residential homes,Kent,South East,Voyage 1 Limited
Regency Hall,"The Carriage Drive,Hadfield,Glossop",SK13 1PJ,1457891710,,Residential homes,Derbyshire,East Midlands,Harbour Healthcare Ltd
Preston Private Care Home,"Midgery Lane,Fulwood,Preston",PR2 9SX,1772796801,,Nursing homes,Lancashire,North West,Your Care Provider Ltd
Burrswood Care Home,"Newton Street,Bury",BL9 5HB,1617617526,,Nursing homes,Bury,North West,Advinia Care Homes Limited
Carlton House,"24 Wakefield Road,Rothwell Haigh,Leeds",LS26 0SF,1132827110,https://www.prioryadultcare.co.uk,Residential homes,Leeds,Yorkshire & Humberside,J C Care Limited
Listonshiels,"Bierley Lane,Bradford",BD4 6DN,,,Residential homes,Bradford,Yorkshire & Humberside,The Bridge Community Care Limited
Giles Shirley Hall,"York Street,Bromborough Pool,Wirral",CH62 4TZ,1513347510,https://www.autismtogether.co.uk,Residential homes,Wirral,North West,Autism Together
Mere Hall Care Home,"2 Strickland Drive,Hornsea",HU18 1FE,1964203333,,Residential homes,East Riding of Yorkshire,Yorkshire & Humberside,Care UK Care Services Limited
Next Steps Mental Healthcare Ltd,"81 Ashley Lane,Manchester",M9 4NU,1613624191,https://www.nextstepsmentalhealth.co.uk,Nursing homes,Manchester,North West,Next Steps Mental Healthcare LTD
Highfield (Stockton),"Highfield Care Centre,The Meadowings,Yarm",TS15 9XH,1642781309,,Residential homes,Stockton-on-Tees,North East,WT HI OpCo 1 Limited
Wallace House,"Ravensworth Road,Dunston,Gateshead",NE11 9AE,1914603031,,Nursing homes,Gateshead,North East,Akari Care Limited
Flower Park Care Home,"1 Rossington Street,Denaby Main,Doncaster",DN12 4TA,1709863327,https://www.trustcare.co.uk,Residential homes,Doncaster,Yorkshire & Humberside,Trust Care Ltd
Alverthorpe,"143 Flanshaw Lane,Wakefield",WF2 9JF,1924374141,,Residential homes,Wakefield,Yorkshire & Humberside,Heathcotes Care Limited
Flanshaw Lane,"141 Flanshaw Lane,Wakefield",WF2 9JF,1924335733,,Residential homes,Wakefield,Yorkshire & Humberside,Heathcotes Care Limited
Bradbury House - Care Home with Nursing Physical Disabilities,"Worthington Close,Crook",DL15 8NL,1388768380,https://www.leonardcheshire.org,Nursing homes,County Durham,North East,Leonard Cheshire Disability
Salisbury Manor,"Wilton Road,Salisbury",SP2 7EJ,1722447100,https://www.gracewell.co.uk,Nursing homes,Wiltshire,South West,WT UK Opco 4 Limited
Salisbury Manor,"Wilton Road,Salisbury",SP2 7EJ,1722447100,,Nursing homes,Wiltshire,South West,Care UK Care Services Limited
Broomcroft House Care Home,"Ecclesall Road South,Sheffield",S11 9PY,1142352352,,Nursing homes,Sheffield,Yorkshire & Humberside,Bupa Care Homes (AKW) Limited
Blossomfield Grange,"1 Worcester Way,Shirley,Solihull",B90 4JX,1217012700,,Residential homes,Solihull,West Midlands,WT UK Opco 4 Limited
Robinson House Care Home,"304 Sturminster Road,Stockwood,Bristol",BS14 8ET,1275544452,https://www.brunelcare.org.uk,Nursing homes,"Bristol, City of",South West,Brunelcare
Dinorwic Road,"49 Dinorwic Road,Southport",PR8 4DL,1704550490,https://www.prioryadultcare.co.uk,Residential homes,Sefton,North West,Parkcare Homes (No.2) Limited
Arbour Street,"53 Arbour Street,Southport",PR8 6SQ,1704532441,https://www.prioryadultcare.co.uk,Residential homes,Sefton,North West,Parkcare Homes (No.2) Limited
York Road,"73 York Road,Southport",PR8 2DU,1704567592,https://www.prioryadultcare.co.uk,Residential homes,Sefton,North West,Parkcare Homes (No.2) Limited
Choices Housing Association Limited - 1 William Street,"Fenton,Stoke On Trent",ST4 2JG,1782746361,https://www.choiceshousing.co.uk,Residential homes,Stoke-on-Trent,West Midlands,Choices Housing Association Limited
Shaftesbury Court (Manor Close),"Manor Close,Trowbridge",BA14 9HN,1225760228,,Residential homes,Wiltshire,South West,Sanctuary Home Care Limited
Whitwood House,"82 Lumley Street,Castleford",WF10 5LD,1977668002,,Residential homes,Wakefield,Yorkshire & Humberside,Living Ambitions Limited
Cleveland Villa,"41a,Cleveland Avenue,Stockton-on-tees",TS20 2PE,,,Residential homes,Stockton-on-Tees,North East,Milewood Healthcare Ltd
Red House - Care Home,"St Annes Road,Bridlington",YO15 2JB,1262676836,https://www.hica-uk.com,Residential homes,East Riding of Yorkshire,Yorkshire & Humberside,H I C A
Eden Lodge,"East Avenue,Stainforth,Doncaster",DN7 5HH,1302734071,,Residential homes,Doncaster,Yorkshire & Humberside,Doncaster City Council
Littleton Lodge,"Bishop Street,Hednesford,Cannock",WS12 4HT,,https://www.hc-one.co.uk/carehomes/littleton-lodge,Residential homes,Staffordshire,West Midlands,Ideal Carehomes Limited
Grenville House,"2 Victoria Terrace, Restormel Road,Plymouth",PL4 6BL,1752661171,https://www.achievetogether.co.uk,Residential homes,Plymouth,South West,Achieve Together Limited
Sutherland Court,"Sutherland Avenue,Newcastle Upon Tyne",NE4 9NS,1912263470,https://www.hc-one.co.uk,Residential homes,Newcastle upon Tyne,North East,HC-One No.2 Limited
Sunnymede,"4 Vandyck Avenue,Keynsham,Bristol",BS31 2UH,1179863157,,Nursing homes,Bath and North East Somerset,South West,Woodland Healthcare Limited
Kenwyn,"Albert Road,Crediton",EX17 2BZ,1363772670,https://www.southwestcarehomes.co.uk,Residential homes,Devon,South West,South West Care Homes Limited
Windsor House,"47 Windsor Road,Oswestry",SY11 2UB,1691671353,,Residential homes,Shropshire,West Midlands,Trident Reach The People Charity
Fountains Care Home,"1355 Stratford Road,Shirley,Solihull",B90 4EF,,,Residential homes,Solihull,West Midlands,Barchester Healthcare Homes Limited
Charnwood Oaks Nursing Home,"Sullington Road,Shepshed",LE12 9JG,1509600500,https://www.prime-life.co.uk,Nursing homes,Leicestershire,East Midlands,Prime Life Limited
Astbury View,"81 Turnberry Road,Bloxwich,Walsall",WS3 3UB,1922404843,https://www.voyagecare.com,Residential homes,Walsall,West Midlands,Voyage 1 Limited
Beechwood Residential Care Home,"The Beeches,Holly Green,Upton-upon-Severn",WR8 0RR,1684595959,https://www.sanctuary-care.co.uk/care-homes-worcestershire/beechwood-residential-care-home,Residential homes,Worcestershire,West Midlands,Sanctuary Care Property (1) Limited
Outlook Care - Dagenham Road,"357a - 359 Dagenham Road,Rush Green,Romford",RM7 0XX,2085955336,https://www.outlookcare.org.uk,Residential homes,Barking and Dagenham,London,Outlook Care
Aylesham Court Care Home,"195 Hinckley Road,Leicester Forest East,Leicester",LE3 3PH,1162395599,,Nursing homes,Leicestershire,East Midlands,Bupa Care Homes (BNH) Limited
St John of God Care Services Lindisfarne,"Lindisfarne Court,Haughton Village,Darlington",DL1 2DZ,1325365428,https://www.saintjohnofgod.org,Residential homes,Darlington,North East,Saint John of God Hospitaller Services
The Garden House,"Cote Lane,Westbury-on-Trym,Bristol",BS9 3TW,1179494017,https://www.stmonicatrust.org.uk,Nursing homes,"Bristol, City of",South West,The Council of St Monica Trust
Manor House,"135 Looseleigh Lane,Derriford,Plymouth",PL6 5JE,1752777572,https://www.southwestcarehomes.co.uk,Residential homes,Plymouth,South West,South West Care Homes Limited
Clayton Brook House,"90 Atlas Street,Clayton-le-Moors,Accrington",BB5 5LT,1254875340,https://www.autism.org.uk,Residential homes,Lancashire,North West,National Autistic Society (The)
Ashridge,"14 Tower Road,Boston",PE21 9AD,1205366922,https://www.prioryadultcare.co.uk,Residential homes,Lincolnshire,East Midlands,Parkcare Homes (No.2) Limited
Merlewood House,"52 Park Lane,Great Harwood",BB6 7RF,1254885355,https://www.autism.org.uk,Residential homes,Lancashire,North West,National Autistic Society (The)
Lowgate Care Home,"Roseberry Care Centres GB Limited,Lowgate,Hexham",NE46 2NN,1434605316,https://www.roseberrycarecentres.co.uk,Nursing homes,Northumberland,North East,Roseberry Care Centres GB Limited
Huthnance Park,"Nancegollan,Helston",TR13 0AZ,1637416444,https://www.switchedoncare.com,Residential homes,Cornwall,South West,Green Light PBS Limited
Bradbury House,"Wasdale Road,Gosforth,Seascale",CA20 1AU,1946725061,https://www.abbeyfield.com,Residential homes,Cumberland,North West,Abbeyfield Society (The)
Primrose Neurological Centre,"Middleton Road,Middleton,Morecambe",LA3 3JJ,1524853385,https://www.nationalcaregroup.com,Residential homes,Lancashire,North West,National Neurological Services Ltd
Cockington House,"38 Cockington Road,Nottingham",NG8 4BZ,1159288013,,Residential homes,Nottingham,East Midlands,Broadoak Group of Care Homes
Heathland Court Care Home,"56 Parkside,Wimbledon,London",SW19 5NJ,2089449488,,Nursing homes,Merton,London,Bupa Care Homes (AKW) Limited
Westcombe Park Care Home,"112a Westcombe Park Road,Blackheath,London",SE3 7RZ,2082939093,,Nursing homes,Greenwich,London,Bupa Care Homes (GL) Limited
Eglantine Villa Care Home,"Eglantine Lane,Horton Kirby,Dartford",DA4 9JL,1322862126,,Nursing homes,Kent,South East,Bupa Care Homes (CFChomes) Limited
Marsh Farm Manor Care Home,"Coped Hall,Royal Wootton Bassett,Swindon",SN4 8ER,1793310333,,Residential homes,Wiltshire,South West,Anchor Hanover Group
Brook House Care Home,"Water Lane,Towcester",NN12 6HR,1327227730,,Nursing homes,West Northamptonshire,East Midlands,Care UK Care Services Limited
Pebble Mill Care Home,"2 Mill Pool Way,Birmingham",B5 7EG,1212441300,https://www.bupa.com,Nursing homes,Birmingham,West Midlands,Bupa Care Homes (ANS) Limited
Priestley,"Market Street,Birstall,Batley",WF17 9EN,1924440265,,Residential homes,Kirklees,Yorkshire & Humberside,Highgate Care Services (Yorkshire) LTD
Brook House Care Home,"Water Lane,Towcester",NN12 6HR,1327227730,https://www.ariacare.co.uk/find-a-home/brook-house-in-towcester/,Nursing homes,West Northamptonshire,East Midlands,Aria Healthcare Group LTD
Trinity House,"Knaresborough Road,Murton,Seaham",SR7 9RQ,1915173413,https://www.swantoncare.com,Residential homes,County Durham,North East,Swanton Care & Community (Autism North) Limited
St Anne's Community Services - Huddersfield,"3 Heaton Road,Huddersfield",HD1 4HX,1484435571,https://www.st-annes.org.uk,Residential homes,Kirklees,Yorkshire & Humberside,St Anne's Community Services
Waterside,"40 Sumner Road,London",SE15 6LA,8000854159,,Nursing homes,Southwark,London,Agincare (Southwark) Limited
Pear Tree House,"19 Park Avenue,Wolverhampton",WV1 4AH,7454036876,,Residential homes,Wolverhampton,West Midlands,Aston Transitional Care Limited
Stoneybeck,"Wakefield Road,Kinsley,Pontefract",WF9 5EY,1977618558,,Residential homes,Wakefield,Yorkshire & Humberside,Achieve Together Limited
Falstone Court,"Cliffe Park,Whitburn Road, Roker,Sunderland",SR6 9NQ,1915483239,https://www.hc-one.co.uk/homes/falstone-court,Nursing homes,Sunderland,North East,HC-One Limited
Falstone Manor,"Cliffe Park,Whitburn Road, Roker,Sunderland",SR6 9NQ,1915496699,https://www.hc-one.co.uk/homes/falstone-manor,Nursing homes,Sunderland,North East,HC-One Limited
Cliff House Care Home,"Cliff Hill,Clowne,Chesterfield",S43 4LE,1246810246,,Residential homes,Derbyshire,East Midlands,Knightingale Care Limited
The Lodge,"Beebee Road,Wednesbury",WS10 9RX,1215264612,,Residential homes,Sandwell,West Midlands,Pharos Care Limited
Chaucer House,"82 St. Martins Hill,Littlebourne Road,Canterbury",CT1 1PS,1227671985,,Nursing homes,Kent,South East,Avante Care and Support Limited
63 Coronation Road,"Southville,Bristol",BS3 1AR,1179077217,https://www.milestonestrust.org.uk,Residential homes,"Bristol, City of",South West,Milestones Trust
King Street - Care Home Physical Disabilities,"61/63 King Street,Sileby",LE12 7LZ,1509817750,https://www.leonardcheshire.org,Residential homes,Leicestershire,East Midlands,Leonard Cheshire Disability
Middleton Park Lodge,"Acre Close,Middleton,Leeds",LS10 4HX,1332712307,https://www.orchardcarehomes.com/carehomes/middleton-park-lodge-middleton-leeds,Nursing homes,Leeds,Yorkshire & Humberside,Indigo Care Services Limited
130 Whitworth Road,"130 Whitworth Road,Swindon",SN25 3BJ,1793651678,https://www.voyagecare.com,Residential homes,Swindon,South West,Voyage 1 Limited
The Russets,"1 Pegasus Place,Sandford Station,Sandford",BS25 5AD,1934825900,https://www.stmonicatrust.org.uk,Nursing homes,North Somerset,South West,The Council of St Monica Trust
Hascott House,"243 Gleadless Road,Sheffield",S2 3AL,1142588895,,Residential homes,Sheffield,Yorkshire & Humberside,Valeo Limited
Barclay Gardens,"Wellington Road,Donnington,Telford",TF2 8AB,1952605321,https://www.coveragecareservices.co.uk,Residential homes,Telford and Wrekin,West Midlands,Coverage Care Services Limited
Meadow View Residential Care Home,"Blackthorne Road,Hersden,Canterbury",CT3 4GB,1227207117,https://www.sanctuary-care.co.uk/care-homes-east-and-south-east/meadow-view-residential-care-home,Residential homes,Kent,South East,Sanctuary Care Limited
Dovehaven Lodge,"Tag Lane,Ingol,Preston",PR2 7AB,1772723745,,Nursing homes,Lancashire,North West,DHCH14 Limited
Fieldway Care Home,"40 Tramway Path,Mitcham",CR4 4SJ,2086483435,,Nursing homes,Merton,London,HC-One No.1 Limited
Rivermere Retirement and Care Home,"64-70 Westerham Road,Bessels Green,Sevenoaks",TN13 2PZ,1732748400,https://www.averyhealthcare.co.uk/care-homes/kent/sevenoaks/rivermere,Residential homes,Kent,South East,Willowbrook Healthcare Limited
Beech Lodge,"97 Bodmin Road,St Austell",PL25 5AG,172661518,,Residential homes,Cornwall,South West,Cornwallis Care Services Ltd
Holmes Court Care Home,"Kenilworth Road,Wigston",LE18 4UF,1162782214,,Residential homes,Leicestershire,East Midlands,Prime Life Limited
Wetherby Manor,"St. James Street,Wetherby",LS22 6RS,1937588001,,Nursing homes,Leeds,Yorkshire & Humberside,Anchor Hanover Group
Cherry Tree Lodge Nursing Home,"133 Macaulay Drive,Lincoln",LN2 4ET,1522545580,https://www.prime-life.co.uk,Nursing homes,Lincolnshire,East Midlands,Prime Life Limited
Cadbury Hall Care Home,"High Street,Yatton,Bristol",BS49 4DW,1934833073,https://www.barchester.com,Residential homes,North Somerset,South West,Barchester Healthcare Homes Limited
Cadbury Hall Care Home,"High Street,Yatton,Bristol",BS49 4DW,1934833073,,Residential homes,North Somerset,South West,Scarborough Hall Limited
Arncliffe Court Care Home,"147B Arncliffe Road,Halewood,Liverpool",L25 9QF,1514866628,,Residential homes,Knowsley,North West,Advinia Care Homes Limited
The Laurels Care Home,"High Street,Norton,Doncaster",DN6 9EU,1302709691,https://www.trustcare.co.uk,Residential homes,Doncaster,Yorkshire & Humberside,Trust Care Ltd
Lord Hardy Court,"Green Rise,Upper Haugh, Rawmash,Rotherham",S62 7DH,1709336188,,Residential homes,Rotherham,Yorkshire & Humberside,Rotherham Metropolitan Borough Council
Keychange Charity Erith House Care Home,"Lower Erith Road,Wellswood,Torquay",TQ1 2PX,1803293736,https://www.keychangecare.org.uk,Residential homes,Torbay,South West,Keychange Charity
St Anne's Community Services - Cardigan Road,"66 Cardigan Road,Leeds",LS6 3BJ,1132752124,https://www.st-annes.org.uk,Residential homes,Leeds,Yorkshire & Humberside,St Anne's Community Services
OSJCT Marden Court,"Quarr Barton,Calne",SN11 0EE,1249813494,https://www.osjct.co.uk,Residential homes,Wiltshire,South West,The Orders Of St. John Care Trust
Tarrant House,"2 Southview,Perrancoombe,Perranporth",TR6 0JB,1872572214,,Residential homes,Cornwall,South West,Potensial Limited
Dalton Lodge,"98 Bisterne Avenue,Walthamstow,London",E17 3QS,,,Residential homes,Waltham Forest,London,Colleycare Limited
Appleton Lodge,"Royal British Legion Village,Aylesford",ME20 7NF,1622791056,,Nursing homes,Kent,South East,Eleanor Nursing and Social Care Limited
101 Brook Street,"101 Brook Street,Northumberland Heath,Erith",DA8 1JJ,1305825500,,Residential homes,Bexley,London,Agincare Enable Limited
St Georges Care Home,"Kenn Road,Bristol",BS5 7PD,1179541234,,Nursing homes,"Bristol, City of",South West,Care UK Care Services Limited
The Manor House Knaresborough,"1 Hambleton Grove,Knaresborough",HG5 0DB,1423797555,,Residential homes,North Yorkshire,Yorkshire & Humberside,Anchor Hanover Group
St Georges Care Home,"Kenn Road,Bristol",BS5 7PD,1179541234,https://www.ariacare.co.uk/find-a-home/st-georges-in-bristol/,Nursing homes,"Bristol, City of",South West,Aria Healthcare Group LTD
Harrier Lodge,"Thanet Way,Whitstable",CT5 3FS,1227931810,https://www.careuk.com/care-homes/harrier-lodge-whitstable,Nursing homes,Kent,South East,Care UK Community Partnerships Ltd
Harrier Lodge,"Thanet Way,Whitstable",CT5 3FS,1227931810,,Nursing homes,Kent,South East,Care UK Care Services Limited
Elizabeth House,"Dolbery Road,Parkstone,Poole",BH12 4PX,1202744545,https://www.care-south.co.uk,Residential homes,"Bournemouth, Christchurch and Poole",South West,Care South
Corbrook Park,"Audlem Road,Audlem,Crewe",CW3 0HF,1270812049,,Nursing homes,Cheshire East,North West,Welford Healthcare MC Ltd
The Firs,"27 Fore Street,Witheridge",EX16 8AH,1884860679,https://www.southwestcarehomes.co.uk,Residential homes,Devon,South West,South West Care Homes Limited
Lavender Fields,"High Street,Seal,Sevenoaks",TN15 0AE,1732755630,https://www.greensleeves.org.uk/care-homes/lavender-fields-sevenoaks/,Residential homes,Kent,South East,Greensleeves Homes Trust
Anita Dorfman House,"Common Road,Stanmore",HA7 3JE,2084427750,,Nursing homes,Harrow,London,Jewish Care
Castle Keep,"Noddle Hill Way,Bransholme,Hull",HU7 4FG,1482372402,https://www.barchester.com,Nursing homes,"Kingston upon Hull, City of",Yorkshire & Humberside,Barchester Healthcare Homes Limited
Options Watermill House,"Common Road,Wressle,Brigg",DN20 0DA,1652652147,https://www.optionsgroup.co.uk,Residential homes,North Lincolnshire,Yorkshire & Humberside,OA2 Adults Limited
West Abbey,"Stourton Way,Yeovil",BA21 3UA,1935411136,https://www.barchester.com,Nursing homes,Somerset,South West,Barchester Healthcare Homes Limited
Lake View,"4 South Road,Newton Abbot",TQ12 1HL,1626354181,https://www.southwestcarehomes.co.uk,Residential homes,Devon,South West,South West Care Homes Limited
1 & 2 Hedgerows,"1-2 Station Road,Staplehurst",TN12 0QQ,3000422633,https://www.kent.gov.uk,Residential homes,Kent,South East,Kent County Council
Brookview Care Home,"Brook Lane,Alderley Edge",SK9 7QG,1625582328,,Nursing homes,Cheshire East,North West,Bupa Care Homes (ANS) Limited
Heritage Care Centre,"30 Gearing Close,London",SW17 6DJ,2086829050,https://www.mmcgcarehomes.co.uk,Nursing homes,Wandsworth,London,MMCG (2) Limited
The Fairways,"Malmesbury Road,Chippenham",SN15 5LJ,1249461239,https://mha.org.uk/care-support/care-homes/fairways,Residential homes,Wiltshire,South West,Methodist Homes
Options Watermill Lodge,"Common Road,Wressle,Brigg",DN20 0DA,,,Residential homes,North Lincolnshire,Yorkshire & Humberside,OA2 Adults Limited
The Pines,"29  Bishopton Close,Shirley,Solihull",B90 4AH,1217443945,https://www.cttm.co.uk,Residential homes,Solihull,West Midlands,Extel Limited
Kimberley Court,"Kimberley Close,Crantock Street,Newquay",TR7 1JG,1637850316,https://www.anchor.org.uk,Residential homes,Cornwall,South West,Anchor Hanover Group
The Orchards Residential Home,"1 Perrys Lane,Wrougton,Swindon",SN4 9AX,1793812242,https://www.bucklandcare.co.uk,Residential homes,Swindon,South West,Buckland Care Limited
Westview Lodge Care Home,"124A West View Road,Hartlepool",TS24 0BW,1429234929,https://www.martoncare.co.uk,Residential homes,Hartlepool,North East,Marton Care Homes Ltd
Clement Court,"High Lane,Chell,Stoke-on-trent",ST6 6JN,1782828480,,Nursing homes,Stoke-on-Trent,West Midlands,Harbour Healthcare Ltd
Wadeville,"2a & 2b Wadeville Close,Belvedere",DA17 5ND,2073684600,https://www.certitude.london,Residential homes,Bexley,London,Southside Partnership
The Old School House,"13 New Walkergate,New Walkergate,Beverley",HU17 9EH,1482868118,https://www.eastriding.gov.uk,Residential homes,East Riding of Yorkshire,Yorkshire & Humberside,East Riding of Yorkshire Council
Breme Residential Care Home,"Breme,46 Providence Road,Bromsgrove",B61 8EF,1527813690,https://www.sanctuary-care.co.uk/care-homes-worcestershire/breme-residential-care-home,Residential homes,Worcestershire,West Midlands,Sanctuary Care Property (1) Limited
Queensmount Care Home,"18 Queens Park West Drive,Bournemouth",BH8 9DA,1202391144,,Nursing homes,"Bournemouth, Christchurch and Poole",South West,Bupa Care Homes (BNH) Limited
24 Windermere,"24 Windermere,Liden,Swindon",SN3 6JZ,1793617050,,Residential homes|Supported living,Swindon,South West,Milestones Trust
Whistley Dene,"Whistley Road,Potterne,Devizes",SN10 5TD,1380721913,,Residential homes,Wiltshire,South West,Milestones Trust
Bridgewater Park Care Home,"Bridgewater Road,Scunthorpe",DN17 1SN,1724847323,,Nursing homes,North Lincolnshire,Yorkshire & Humberside,Trust Care Ltd
Kelly Farm,"Kelly Farm,Nomansland,Tiverton",EX16 8QS,7872844574,,Residential homes,Devon,South West,Lightsky Group Operations Limited
Tigh Coilean,"5 Thorpe Lane,South Hykeham,Lincoln",LN6 9NW,1522690525,https://www.kisimul.co.uk,Residential homes,Lincolnshire,East Midlands,Kisimul Group Limited
Meadow Bank Care Home,"Meadow Lane,Bamber Bridge,Preston",PR5 8LN,1772626363,,Nursing homes,Lancashire,North West,HC-One No.1 Limited
Chestnut Lodge Care Home,"32 Elmwood Road,Croydon",CR0 2SG,2039240970,https://www.bramleyhealth.co.uk,Nursing homes,Croydon,London,Bramley Health Limited
The Gables,"The Gables,Cleator Moor Road,Whitehaven",CA28 8TX,1946505577,,Residential homes,Cumberland,North West,Cumberland Council
Kings Court Care Home,"14 Market Place,Barnard Castle",DL12 8ND,1833690333,https://www.careuk.com/care-homes/kings-court-barnard-castle,Residential homes,County Durham,North East,Care UK Community Partnerships Ltd
Kenilworth Grange Care Home,"4 Spring Lane,Kenilworth",CV8 2HB,,https://www.kenilworthgrangekenilworth.co.uk,Nursing homes,Warwickshire,West Midlands,Care UK Community Partnerships Ltd
Dean Wood Manor,"Spring Road,Orrell,Wigan",WN5 0JH,1942223982,,Nursing homes,Wigan,North West,DHCH14 Limited
Ryelands,"15 Beddington Gardens,Wallington",SM6 0JF,2086476837,https://mha.org.uk/care-support/care-homes/ryelands,Residential homes,Sutton,London,Methodist Homes
Thistle Hill Care Centre,"Thistle Hill,Knaresborough",HG5 8LS,1423869200,https://www.barchester.com,Nursing homes,North Yorkshire,Yorkshire & Humberside,Barchester Healthcare Homes Limited
Beckside Lodge,"199 Cooper Lane,Bradford",BD6 3NU,1274315835,,Residential homes,Bradford,Yorkshire & Humberside,Horizon Healthcare Homes Limited
Heatherstones Court,"Heatherstones,Halifax",HX3 0DG,1422392229,,Residential homes,Calderdale,Yorkshire & Humberside,Calderdale Metropolitan Borough Council
Cooksons Court,"Cooksons Orchard,Yeovil",BA20 2FT,1935421493,https://www.somersetcare.co.uk,Nursing homes,Somerset,South West,Somerset Care Limited
Talbot View,"66 Ensbury Avenue,Ensbury Park,Bournemouth",BH10 4HG,1202537571,https://www.care-south.co.uk,Residential homes,"Bournemouth, Christchurch and Poole",South West,Care South
Kingston House,"10 The Street,Kingston,Canterbury",CT4 6HZ,1227832981,https://www.caretech-uk.com,Residential homes,Kent,South East,Caretech Community Services (No.2) Limited
Heather Vale,"Heather Vale Road,Hasland,Chesterfield",S41 0HZ,1246221569,https://www.anchor.org.uk,Residential homes,Derbyshire,East Midlands,Anchor Hanover Group
Field View,"Station Road,Rawcliffe,Goole",DN14 8QP,1405831834,https://www.autism.org.uk,Residential homes|Supported living,East Riding of Yorkshire,Yorkshire & Humberside,National Autistic Society (The)
Wimbledon Common Care Home,"6 Victoria Drive,London",SW19 6AB,2083945710,,Residential homes,Wandsworth,London,Willowbrook Healthcare Limited
Grevill House,"279 London Road,Charlton Kings,Cheltenham",GL52 6YL,1242512964,,Nursing homes,Gloucestershire,South West,Agincare (Somerset) Limited
Hilltop Court Nursing Home,"Dodge Hill,Heaton Norris,Stockport",SK4 1RD,1614804844,https://www.harbourhealthcare.co.uk,Nursing homes,Stockport,North West,Harbour Healthcare Ltd
Chapter House Care Home,"Keldgate,Beverley",HU17 8HU,1482526700,,Residential homes,East Riding of Yorkshire,Yorkshire & Humberside,Care UK Care Services Limited
Chapter House Care Home,"Keldgate,Beverley",HU17 8HU,1482526700,,Residential homes,East Riding of Yorkshire,Yorkshire & Humberside,WT UK Opco 4 Limited
Rushden Park,"Melloway Road,Rushden",NN10 6XZ,1933418777,https://mha.org.uk/care-support/care-homes/rushden-park-care-home,Nursing homes,North Northamptonshire,East Midlands,Methodist Homes
St Anne's Community Services - Creykes Lodge,"2 Rawcliffe Road,Goole",DN14 8SE,1405839198,https://www.st-annes.org.uk,Residential homes,East Riding of Yorkshire,Yorkshire & Humberside,St Anne's Community Services
Lavender House and Primrose Lodge,"62 The Down,Trowbridge",BA14 7NQ,1225753485,https://www.voyagecare.com,Residential homes,Wiltshire,South West,Voyage 1 Limited
Kingswood Court Care Home,"220 Soundwell Road,Bristol",BS15 1PN,1179603722,,Nursing homes,South Gloucestershire,South West,Barchester Healthcare Homes Limited
Aspens Cornford Lane,"Aspens, Cornford Lane,Pembury,Tunbridge Wells",TN2 4QU,1892822168,https://www.aspens.org.uk,Residential homes,Kent,South East,Aspens Charities
Ebbsfleet House,"Tubbs Lane,Ebbsfleet Lane,Ramsgate",CT12 5DJ,1304613004,https://www.prioryadultcare.co.uk,Residential homes,Kent,South East,High Quality Lifestyles Limited
Martins,"2 Ebbsfleet Lane,Ramsgate",CT12 5DJ,1843823010,https://www.prioryadultcare.co.uk,Residential homes,Kent,South East,High Quality Lifestyles Limited
Ashley House Care Home,"118 Trafalgar Road,Cirencester",GL7 2ED,1285650671,,Nursing homes,Gloucestershire,South West,Bupa Care Homes (BNH) Limited
Castle Dene,"Throop Road,Bournemouth",BH8 0DB,1202397929,,Residential homes,"Bournemouth, Christchurch and Poole",South West,Care South
Cedar Court Nursing Home,"Bretby Park,Bretby,Burton On Trent",DE15 0QX,1283229522,https://www.yourhealthgroup.co.uk,Nursing homes,Derbyshire,East Midlands,Your Health Limited
Cherry Trees,"Field Way,Shepley,Huddersfield",HD8 8DQ,1484604515,https://www.kirklees.gov.uk,Residential homes,Kirklees,Yorkshire & Humberside,Kirklees Metropolitan Council
Hillcroft Nursing Home Slyne,"Throstle Grove,Slyne with Hest,Lancaster",LA2 6AX,1524825328,,Nursing homes,Lancashire,North West,Hillcroft Nursing Homes Limited
The Willows,"Willow Drive,Barton Upon Humber",DN18 5HR,7383529878,,Residential homes,North Lincolnshire,Yorkshire & Humberside,ADL Plc
Lonsdale Mews,"Farley Way,Quorn,Loughborough",LE12 8XS,1509801608,,Nursing homes,Leicestershire,East Midlands,Care UK Care Services Limited
Riverdale Court,"17 Dovedale Close,Welling",DA16 3BU,2083179067,https://www.avantecaresupport.org.uk,Residential homes,Bexley,London,Avante Care and Support Limited
Walsingham Support - Langdon Park,"18 Langdon Park,Teddington",TW11 9PS,2089439130,,Residential homes,Richmond upon Thames,London,Walsingham Support
The Old Red Lion,"Old Red Lion,Town Street, Treswell,Retford",DN22 0EJ,1777248877,https://www.creativecare.org.uk,Residential homes,Nottinghamshire,East Midlands,Creative Care (East Midlands) Limited
Kenilworth Grange Care Home,"4 Spring Lane,Kenilworth",CV8 2HB,1926863320,https://www.kenilworthgrangekenilworth.co.uk,Nursing homes,Warwickshire,West Midlands,Care UK Care Services Limited
44 Albion Road,"44 Albion Road,Sutton",SM2 5TF,2086422092,https://www.achievetogether.co.uk,Residential homes,Sutton,London,Achieve Together Limited
Chilton Care Centre,"Durham Road,Chilton",DL17 0EX,,https://www.stphilipscare.com,Residential homes,County Durham,North East,St Philips Care Limited
The Willows,"1 Murray Street,Salford",M7 2DX,1617924809,,Nursing homes,Salford,North West,Unity Homes Limited
Ashley Court,"6-10 St Peters Road,Poole",BH14 0PA,1202715902,,Nursing homes,"Bournemouth, Christchurch and Poole",South West,Healthcare Homes (LSC) Limited
Serenita,"15-19 Clevedon Road,Weston Super Mare",BS23 1DA,1934620195,https://www.notarohomes.co.uk,Residential homes,North Somerset,South West,N. Notaro Homes Limited
United Response - 198 Powder Mill Lane,"198 Powder Mill Lane,Whitton",TW2 6EJ,2088987445,https://www.unitedresponse.org.uk,Residential homes,Richmond upon Thames,London,United Response
Broughton House and College,"12 High Street,Brant Broughton,Lincoln",LN5 0SL,1400272929,https://www.cygnethealth.co.uk,Residential homes,Lincolnshire,East Midlands,Cygnet Care Services Limited
Broughton House and College,"Brant Broughton,Lincoln",LN5 0SL,1400272929,https://www.cygnethealth.co.uk,Residential homes,Lincolnshire,East Midlands,Cygnet Care Services Limited
Lindisfarne Care Home,"Carr House Drive,Newton Hall",DH1 5LT,1913847223,https://www.gainfordcarehomes.com,Nursing homes,County Durham,North East,Gainford Care Homes Limited
Holcroft Grange Residential Care Home,"Jackson Avenue,Culcheth,Warrington",WA3 4DZ,1925766488,https://www.minstercaregroup.co.uk,Residential homes,Warrington,North West,Croftwood Care (Cheshire) Limited
The Hawthornes,"Mill Lane,Birkenshaw,Bradford",BD11 2AP,1274680033,,Residential homes,Kirklees,Yorkshire & Humberside,Highgate Care Services (Yorkshire) LTD
The Clough Care Home,"Chorley New Road,Bolton",BL1 5BB,1204492488,https://www.pearlcare.co.uk,Residential homes,Bolton,North West,Aegis Residential Care Homes Limited
Dorin Court Bungalow Short Break Service,"32/33 Wealstone Lane,Upton,Chester",CH2 1HB,3001238123,https://www.cheshirewestandchester.gov.uk,Residential homes,Cheshire West and Chester,North West,Cheshire West and Chester Council
Oaklands Care Home,"82 Bawtry Road,Doncaster",DN4 7BQ,1302535386,https://www.trustcare.co.uk,Residential homes,Doncaster,Yorkshire & Humberside,Trust Care Ltd
Walsingham Support – Barleyfields House,"110 Crowmere Road,Shrewsbury",SY2 5JJ,1743355746,,Residential homes,Shropshire,West Midlands,Walsingham Support
Thornbury,"West Tolgus,Redruth",TR15 3TN,1637416444,,Residential homes,Cornwall,South West,Green Light PBS Limited
Chichester Court Care Home,"111 Chichester Road,South Shields",NE33 4HE,1914545882,,Nursing homes,South Tyneside,North East,Roseberry Care Centres (England) Ltd
Pendragon,"22 Pendragon Crescent,Newquay",TR7 2SY,1637416444,https://www.switchedoncare.com,Residential homes,Cornwall,South West,Green Light PBS Limited
White Rose Lodge,"Lime Kiln Lane,Bridlington",YO15 2LX,1262400445,,Residential homes,East Riding of Yorkshire,Yorkshire & Humberside,MMCG (CCH) (2) Limited
Cleadon Court,"Horsley Hill,South Shields",NE34 7SA,,,Residential homes,South Tyneside,North East,Voyage 1 Limited
Kingshill,"Kingshill Court,Standish,Wigan",WN6 0AR,1257421332,https://www.makingspace.co.uk,Residential homes,Wigan,North West,Making Space
The Regard Partnership Limited - Restormel Terrace,"8 Restormel Terrace,Mutley,Plymouth",PL4 6BJ,1752267221,https://www.achievetogether.co.uk,Residential homes,Plymouth,South West,Achieve Together Limited
Broadacres Care Home,"Naylor Street,Parkgate,Rotherham",S62 6BP,1709526455,,Residential homes,Rotherham,Yorkshire & Humberside,Your Care Provider Ltd
Youell Court,"Skipworth Road,Binley,Coventry",CV3 2XA,2082970637,,Residential homes,Coventry,West Midlands,Pressbeau Limited
SENSE - 2 and 10 Grove Road,"Kings Heath,Birmingham",B14 6ST,1214412414,https://www.sense.org.uk,Residential homes,Birmingham,West Midlands,Sense
Arden Grange Nursing & Residential Care Home,"Derrington Road,Ditton Priors,Bridgnorth",WV16 6SQ,1746712286,https://www.whitelodgecarehomes.co.uk,Nursing homes,Shropshire,West Midlands,Whitelodge Alveley Limited
Keo Lodge,"72 Park Hill,Moseley,Birmingham",B13 8DS,1214495589,,Residential homes,Birmingham,West Midlands,Edge View Homes Limited
Derham House,"Harwood Hall Lane,Upminster",RM14 2YP,1708641441,https://www.barchester.com,Nursing homes,Havering,London,Barchester Healthcare Homes Limited
Willowbrook,"20 Wendys Close,Leicester",LE5 2HY,1162433601,https://www.voyagecare.com,Residential homes,Leicester,East Midlands,Voyage 1 Limited
Elvy Court Care Home,"200 London Road,Sittingbourne",ME10 1QA,1795437449,https://www.averyhealthcare.co.uk/care-homes/kent/sittingbourne/elvy-court/,Nursing homes,Kent,South East,Avery Homes (Nelson) Limited
Bromley Place,"1A-1E,Mullett Street,Brierley Hill",DY5 4PA,1384226410,,Residential homes,Dudley,West Midlands,Edge View Homes Limited
Joseph House,"745 Alcester Road South,Birmingham",B14 5EY,7866883193,,Residential homes,Birmingham,West Midlands,Aspects Care Homes Ltd
Lighthouse Lodge,"1 Alexandra Road,New Brighton,Wallasey",CH45 0JZ,7354902670,,Residential homes,Wirral,North West,Priory CC96 Limited
Newfield Lodge,"Brookfield Avenue,Castleford",WF10 4BJ,1977522501,https://www.idealcarehomes.co.uk,Residential homes,Wakefield,Yorkshire & Humberside,Ideal Carehomes (Number One) Limited
Homeleigh Farm,"Dungeness Road,Lydd",TN29 9PS,1797321506,https://www.prioryadultcare.co.uk,Residential homes,Kent,South East,Parkcare Homes (No.2) Limited
Avalon House,"48 Sherbourne Road,Acocks Green,Birmingham",B27 6EA,1217071314,https://www.aspectscare.co.uk,Residential homes,Birmingham,West Midlands,Aspects Care Homes Ltd
The Ferns,"Raby Hall Road,Bromborough,Wirral",CH63 0NN,1517375926,https://www.wirral.autistic.org,Residential homes,Wirral,North West,Autism Together
Sunningdale Court-Care Home,"Albert Road,Ashby,Scunthorpe",DN16 2TN,1724844181,,Residential homes,North Lincolnshire,Yorkshire & Humberside,Affinity Care Consortium Ltd
Eastgate Residential Home,"12 Speakman Street,Longton,Stoke On Trent",ST3 4JR,1782969515,https://www.sanctuary-supported-living.co.uk,Residential homes,Stoke-on-Trent,West Midlands,Sanctuary Home Care Limited
55 Sandwich Road,"55 Sandwich Road,Whitfield,Dover",CT16 3LT,1304820803,https://www.prioryadultcare.co.uk,Residential homes,Kent,South East,High Quality Lifestyles Limited
Avenues South East - 87 Westbrook Avenue,"87 Westbrook Avenue,Margate",CT9 5HB,1843291751,https://www.avenuesgroup.org.uk,Residential homes,Kent,South East,Avenues South East
Bishops Manor,"134 Jockey Road,Sutton Coldfield",B73 5PP,1217968383,,Nursing homes,Birmingham,West Midlands,Care UK Care Services Limited
"4,5,7 The Sycamores","5 The Sycamores, Storthfield Way,Broadmeadows, South Normanton,Alfreton",DE55 3BJ,,https://www.cygnethealth.co.uk,Residential homes,Derbyshire,East Midlands,Cygnet Behavioural Health Limited
15 The Sycamores,"The Sycamores, 15 Storthfield Way,Broadmeadows, South Normanton,Alfreton",DE55 3BJ,,https://www.cygnethealth.co.uk,Residential homes,Derbyshire,East Midlands,Cygnet Behavioural Health Limited
The Willows Care Home,"19 Pilgrims Court,Farnol Road,Dartford",DA1 5LZ,,https://www.bramleyhealth.co.uk,Nursing homes,Kent,South East,Bramley Health Limited
Bishops Manor,"134 Jockey Road,Sutton Coldfield",B73 5PP,1217968383,https://www.gracewell.co.uk,Nursing homes,Birmingham,West Midlands,WT UK Opco 4 Limited
Bradbury Wing - Care Home with Nursing Physical Disabilities,"The Minories, Rosebery Crescent,Jesmond,Newcastle Upon Tyne",NE2 1EU,1912817996,https://www.leonardcheshire.org,Nursing homes,Newcastle upon Tyne,North East,Leonard Cheshire Disability
Lanercost House - Carlyle Suite,"Berkley Grange,Newtown Road,Carlisle",CA2 7PW,1228552550,https://www.barchester.com,Nursing homes,Cumberland,North West,Barchester Healthcare Homes Limited
280-282 Wells Road,"280-282 The Wells Road,Nottingham",NG3 3AA,1156666758,https://www.ncha.org.uk,Residential homes,Nottingham,East Midlands,Nottingham Community Housing Association Limited
No 9,"9 Thornhill Park,Sunderland",SR2 7JZ,1915673490,https://www.ne-as.org.uk,Residential homes,Sunderland,North East,North East Autism Society
Thorndale,"8 Thornhill Park,Sunderland",SR2 7JZ,1915642147,https://www.ne-as.org.uk,Residential homes,Sunderland,North East,North East Autism Society
SENSE - 5 Shalnecote Grove,"5 Shalnecote Grove,Kings Heath,Birmingham",B14 6NH,1214411640,https://www.sense.org.uk,Residential homes,Birmingham,West Midlands,Sense
Templemore Care Home,"121 Harlestone Road,Northampton",NN5 6AA,1604751863,https://www.bmcare.co.uk,Residential homes,West Northamptonshire,East Midlands,B & M Investments Limited
Whitestones Care Home,"139 Manchester Road,Chapel-en-le-Frith,High Peak",SK23 9TW,1629531276,https://www.derbyshire.gov.uk,Residential homes,Derbyshire,East Midlands,Derbyshire County Council
Eastholme,"Denehouse Road,Seaham",SR7 7BQ,1915812656,https://www.swantoncare.com,Residential homes,County Durham,North East,Swanton Care & Community (Autism North) Limited
Mulberry Court,"Clifton Park,Shipton Road,York",YO30 5PD,1904671122,https://www.barchester.com,Nursing homes,York,Yorkshire & Humberside,Barchester Healthcare Homes Limited
Simon Marks Court,"Lynwood Garth,Lynwood View,Leeds",LS12 4BE,1132310454,https://www.anchor.org.uk,Residential homes,Leeds,Yorkshire & Humberside,Anchor Hanover Group
Westbrook House Integrated Care Centre,"150 Canterbury Road,Westbrook,Margate",CT9 5DD,3000410312,https://www.kent.gov.uk,Residential homes|Rehabilitation (illness/injury),Kent,South East,Kent County Council
Belchford,"Hesleden Road,Hesleden,Hartlepool",TS27 4PB,1429836286,https://www.voyagecare.com,Residential homes,County Durham,North East,Voyage 1 Limited
Cosin Lodge,"Cambridge Avenue,Willington,Crook",DL15 0PW,1388748702,https://www.voyagecare.com,Residential homes,County Durham,North East,Voyage 1 Limited
Overcliffe House,"30 Overcliffe,Gravesend",DA11 0EH,1474558871,https://www.autism.org.uk,Residential homes,Kent,South East,National Autistic Society (The)
Echo Square House,"70 Parrock Road,Gravesend",DA12 1QH,1474558871,https://www.autism.org.uk,Residential homes,Kent,South East,National Autistic Society (The)
Pelham Manor,"31 Pelham Road,Gravesend",DA11 0HU,1474352591,https://www.autism.org.uk,Residential homes,Kent,South East,National Autistic Society (The)
HF Trust - 34 Shipston Road,"34 Shipston Road,Stratford Upon Avon",CV37 7LP,1789261105,,Residential homes,Warwickshire,West Midlands,HF Trust Limited
Trewartha Residential and Nursing Home,"Trewartha Estate,Carbis Bay,St. Ives",TR26 2TQ,1736797183,,Nursing homes,Cornwall,South West,Sanctuary Care Limited
Callands Care Home,"Callands Road,Callands,Warrington",WA5 9TS,1925244233,,Nursing homes,Warrington,North West,DHCH14 Limited
Glebe Court,"2 Blackheath Rise,London",SE13 7PN,2082970637,,Residential homes,Lewisham,London,Pressbeau Limited
Branksome Heights,"44 Branksome Wood Road,Bournemouth",BH4 9LA,1202769429,https://www.kingsleyhealthcare.co.uk/care-homes/branksome-heights-care-home/,Nursing homes,"Bournemouth, Christchurch and Poole",South West,Kingsley Care Homes Limited
South Lodge,"South Lodge,London Road,Retford",DN22 7JJ,1909506678,https://www.autismeastmidlands.org.uk,Residential homes,Nottinghamshire,East Midlands,Autism East Midlands
Iedale,"Iedale,London Road,Retford",DN22 7JG,1909506678,,Residential homes,Nottinghamshire,East Midlands,Autism East Midlands
Treetops Court Care Home,"Park Road,Leek",ST13 8XP,1538392520,https://www.harbourhealthcare.co.uk,Nursing homes,Staffordshire,West Midlands,Harbour Healthcare Ltd
Ashley Phoenix Home,"Poolemead Centre,Watery Lane,Bath",BA2 1RN,1225356490,,Residential homes,Bath and North East Somerset,South West,Achieve Together Limited
Park View,"1 Westfield Road,Burnham On Sea",TA8 2AW,1278789444,https://www.autism.org.uk,Residential homes,Somerset,South West,National Autistic Society (The)
The New Bungalow,"Forge Hill,Aldington,Ashford",TN25 7DT,1233721222,https://www.c-o-t.org.uk,Residential homes,Kent,South East,Canterbury Oast Trust
Kirk House,"2 Lincoln Road,Dorrington,Lincoln",LN4 3PT,1526833569,https://www.homefromhomecare.com,Residential homes,Lincolnshire,East Midlands,Home from Home Care Limited
235 Rugeley Road,"Chase Terrace,Burntwood",WS7 1NS,1543686460,https://www.voyagecare.com,Residential homes,Staffordshire,West Midlands,Voyage 1 Limited
Wynhill Lodge Short Breaks Service,"3 Wynhill Court,Forest Road, Bingham,Nottingham",NG13 8TE,1949838492,https://www.nottinghamshire.gov.uk,Residential homes,Nottinghamshire,East Midlands,Nottinghamshire County Council
The Bungalow,"Raby Hall Road,Bromborough,Wirral",CH63 0NN,1513347510,https://www.wirral.autistic.org,Residential homes,Wirral,North West,Autism Together
Jervaulx Road,"17 Jervaulx Road,New Skelton,Saltburn By The Sea",TS12 2NL,1287653814,,Residential homes,Redcar and Cleveland,North East,Redcar & Cleveland Borough Council
Westmead,"51a Westmead,Castleford",WF10 3AF,1977801419,,Residential homes,Wakefield,Yorkshire & Humberside,The Bridge Community Care Limited
Derwent Care Home,"Low Westwood,Newcastle Upon Tyne",NE17 7PL,1207563886,,Residential homes,County Durham,North East,Mariposa Care Group Limited
Willow Lodge,"4 Harvey Road,Bournemouth",BH5 2AD,1202423063,https://www.accomplish-group.co.uk,Residential homes,"Bournemouth, Christchurch and Poole",South West,Accomplish Group Limited
Aston Manor EMI Residential Home,"Moorlands Road,Dewsbury",WF13 2LF,1924439321,,Nursing homes,Kirklees,Yorkshire & Humberside,Mauricare Limited
Highfield House,"115 Wolverhampton Road,Pelsall,Walsall",WS3 4AD,1922692988,,Residential homes,Walsall,West Midlands,Pharos Care Limited
Acacia Court,"Crawshaw Hill,Pudsey",LS28 7BW,1325351100,,Residential homes,Leeds,Yorkshire & Humberside,WT NB OpCo 1 Limited
Clarendon Hall Care Home,"19 Church Avenue,Humberston,Grimsby",DN36 4DA,1325351100,,Nursing homes,North East Lincolnshire,Yorkshire & Humberside,WT NB OpCo 1 Limited
Acorn Meadow,"420 Manchester Road,Lostock Gralam,Northwich",CW9 7QA,1325351100,,Residential homes,Cheshire West and Chester,North West,WT NB OpCo 1 Limited
Colton Lodges Care Home,"2 Northwood Gardens,Colton,Leeds",LS15 9HH,1325351100,,Nursing homes,Leeds,Yorkshire & Humberside,WT NB OpCo 1 Limited
Ascot Lodge Nursing Home,"48a Newlands Road,Intake,Sheffield",S12 2FZ,1325351100,,Nursing homes,Sheffield,Yorkshire & Humberside,WT NB OpCo 1 Limited
Acorn Hollow General Nursing Home,"419 Manchester Road,Lostock Gralam,Northwich",CW9 7QA,1325351100,,Nursing homes,Cheshire West and Chester,North West,WT NB OpCo 1 Limited
Augustus Court,"Church Gardens,Garforth,Leeds",LS25 1HG,1325351100,,Residential homes,Leeds,Yorkshire & Humberside,WT NB OpCo 1 Limited
Dove Court Care Home,"Shuttleworth Street,Burnley",BB10 1EN,1325351100,,Nursing homes,Lancashire,North West,WT NB OpCo 1 Limited
Greenacres,"Huddersfield Road,Meltham,Holmfirth",HD9 4AG,1325351100,,Residential homes,Kirklees,Yorkshire & Humberside,WT NB OpCo 1 Limited
Daneside Court Nursing Home,"Chester Way,Northwich",CW9 5JA,1325351100,,Nursing homes,Cheshire West and Chester,North West,WT NB OpCo 1 Limited
Daneside Mews,"Chester Way,Northwich",CW9 5JA,1325351100,,Residential homes,Cheshire West and Chester,North West,WT NB OpCo 1 Limited
Primrose House Nursing Home,"72 Crewe Road,Haslington,Crewe",CW1 5QZ,1325351100,,Nursing homes,Cheshire East,North West,WT NB OpCo 1 Limited
Priory Gardens,"Ladybalk Lane,Pontefract",WF8 1JQ,1325351100,,Nursing homes,Wakefield,Yorkshire & Humberside,WT NB OpCo 1 Limited
Lydgate Lodge,"Soothill Lane,Soothill,Batley",WF17 6EZ,1325351100,,Residential homes,Kirklees,Yorkshire & Humberside,WT NB OpCo 1 Limited
Snapethorpe Hall,"Snapethorpe Gate,Lupset,Wakefield",WF2 8YA,1325351100,,Residential homes,Wakefield,Yorkshire & Humberside,WT NB OpCo 1 Limited
Windsor Court,"Bartholomew Avenue,Goole",DN14 6YN,1325351100,,Nursing homes,East Riding of Yorkshire,Yorkshire & Humberside,WT NB OpCo 1 Limited
Silverwood (Rotherham),"Flanderwell Lane,Sunnyside,Rotherham",S66 3QT,1325351100,,Residential homes,Rotherham,Yorkshire & Humberside,WT NB OpCo 1 Limited
Swallownest Nursing Home,"Chesterfield Road,Sheffield",S26 4TL,1325351100,,Nursing homes,Rotherham,Yorkshire & Humberside,WT NB OpCo 1 Limited
Roseberry Court,"Low Farm Drive,Redcar",TS10 4BF,1642495180,https://www.hc-one.co.uk,Residential homes,Redcar and Cleveland,North East,HC-One No.2 Limited
The Vicarage,"Church Lane,Great Sutton,Ellesmere Port",CH66 4RE,1513347510,,Residential homes,Cheshire West and Chester,North West,Autism Together
The Denby at Denby Dale,"402 Wakefield Road,Denby Dale,Huddersfield",HD8 8RP,1325351100,,Residential homes,Kirklees,Yorkshire & Humberside,WT NB OpCo 1 Limited
St Lukes Care Home,"Palacefields Avenue,Palacefields,Runcorn",WA7 2SU,1928791552,,Nursing homes,Halton,North West,Halton Borough Council
Oat Hill Mews,"Leicester Road,Market Harborough",LE16 7AX,1858894794,,Residential homes,Leicestershire,East Midlands,Care UK Care Services Limited
Outlook Care - Veronica Close,"86-88 Veronica Close,Harold Hill,Romford",RM3 8JW,1708378856,https://www.outlookcare.org.uk,Residential homes,Havering,London,Outlook Care
Lonsdale Midlands Limited - 164 Walker Road,"164 Walker Road,Walsall",WS3 1BZ,1922400073,,Residential homes,Walsall,West Midlands,Lonsdale Midlands Limited
Ashbourne Lodge Care Centre,"The Cedars,Ashbrooke,Sunderland",SR2 7TW,1915651537,,Residential homes,Sunderland,North East,HC-One No.2 Limited
Beaconsfield Court,"112 Galgate,Barnard Castle",DL12 8ES,1833637685,,Residential homes,County Durham,North East,HC-One No.2 Limited
Aberford Hall,"Oakwood Green,Roundhay,Leeds",LS8 2QU,1132323225,,Nursing homes,Leeds,Yorkshire & Humberside,HC-One No.2 Limited
Brierton Lodge Care Home,"Brierton Lane,Hartlepool",TS25 5DP,1429868786,,Nursing homes,Hartlepool,North East,HC-One No.2 Limited
Bradley Hall,"120 Beaumont Leys Lane,Leicester",LE4 2BD,1162323291,,Residential homes,Leicester,East Midlands,HC-One No.2 Limited
Cold Springs Park Care Home,"Cold Springs Park,Penrith",CA11 8EY,1768890360,,Residential homes,Westmorland and Furness,North West,HC-One No.2 Limited
Market Lavington Care Home,"39 High Street,Market Lavington,Devizes",SN10 4AG,1380812282,,Nursing homes,Wiltshire,South West,HC-One No.2 Limited
Summerhill Care Home,"East View,Kendal",LA9 4JY,1539726000,,Nursing homes,Westmorland and Furness,North West,HC-One No.2 Limited
The Hornchurch Care Home,"2a Suttons Lane,Hornchurch",RM12 6RJ,1708454422,,Nursing homes,Havering,London,HC-One No.2 Limited
Victoria House Nursing Home,"Bath Lane,Stockton-on-tees",TS18 2DX,1642677282,,Nursing homes,Stockton-on-Tees,North East,HC-One No.2 Limited
Beeches Care Home (Nottingham),"55 Furlong Street,Arnold,Nottingham",NG5 7AJ,1159262838,,Nursing homes,Nottinghamshire,East Midlands,WT HI OpCo 1 Limited
Aspen Court Care Home,"Aspen Drive,Spondon,Derby",DE21 7SG,1332672289,,Nursing homes,Derby,East Midlands,WT HI OpCo 1 Limited
Ashton Grange Residential Home,"St. Lukes Road,Pallion,Sunderland",SR4 6QU,1915674003,,Residential homes,Sunderland,North East,WT HI OpCo 1 Limited
Bankwood Care Home,"Duffield Bank,Duffield,Belper",DE56 4BG,1332841373,,Nursing homes,Derbyshire,East Midlands,WT HI OpCo 1 Limited
Altham Court Care Home,"Altham Terrace,Lincoln",LN6 7SP,1522511373,,Nursing homes,Lincolnshire,East Midlands,WT HI OpCo 1 Limited
Ashington Grange,"Moorhouse Lane,Ashington",NE63 9LJ,1670857070,,Nursing homes,Northumberland,North East,WT HI OpCo 1 Limited
Winters Park Care Home,"Pategill Road,Penrith",CA11 8RG,1768867939,,Residential homes,Westmorland and Furness,North West,HC-One No.2 Limited
Bowbridge Court,"Bowbridge Road,Newark",NG24 4DF,1636614821,,Residential homes,Nottinghamshire,East Midlands,WT HI OpCo 1 Limited
Cedar Court Residential and Nursing Home,"27-29 Long Street,Wigston",LE18 2BP,1162571330,,Nursing homes,Leicestershire,East Midlands,WT HI OpCo 1 Limited
Defoe Court,"Defoe Crescent,Newton Aycliffe",DL5 4JP,1325316316,,Nursing homes,County Durham,North East,WT HI OpCo 1 Limited
Fairway View,"Swale Close,Bulwell,Nottingham",NG6 9LZ,1159758778,,Residential homes,Nottingham,East Midlands,WT HI OpCo 1 Limited
Coppice Lodge,"117 Coppice Road,Arnold,Nottingham",NG5 7GS,1159649511,,Residential homes,Nottinghamshire,East Midlands,WT HI OpCo 1 Limited
Fosse Way View Care Home,"18 Grantham Road,Bingham,Nottingham",NG13 8BW,1949734000,,Nursing homes,Nottinghamshire,East Midlands,WT HI OpCo 1 Limited
Berry Hill Care Home,"Berry Hill Lane,Mansfield",NG18 4JR,1623421211,,Nursing homes,Nottinghamshire,East Midlands,WT HI OpCo 1 Limited
Branston Court Care Home,"Branston Road,Burton-on-trent",DE14 3DB,1283510088,,Nursing homes,Staffordshire,West Midlands,WT HI OpCo 1 Limited
Springwater Lodge Care Home,"10 Smithy View,Calverton,Nottingham",NG14 6FA,1159655527,,Nursing homes,Nottinghamshire,East Midlands,WT HI OpCo 1 Limited
Grampian Court,"Grampian Drive,Peterlee",SR8 2NT,1915864839,,Residential homes,County Durham,North East,WT HI OpCo 1 Limited
Northview Lodge Nursing Home,"North View,Castletown,Sunderland",SR5 3AF,1915168605,,Nursing homes,Sunderland,North East,WT HI OpCo 1 Limited
Magna Nursing Home,"27-29 Long Street,Wigston",LE18 2BP,1162883320,,Nursing homes,Leicestershire,East Midlands,WT HI OpCo 1 Limited
Orchard Mews,"Bentinck Road,Benwell,Newcastle Upon Tyne",NE4 6UX,1912734297,,Nursing homes,Newcastle upon Tyne,North East,WT HI OpCo 1 Limited
Shelton Lock Care Home,"61a Weston Park Avenue,Shelton Lock,Derby",DE24 9ER,1332690606,,Nursing homes,Derby,East Midlands,WT HI OpCo 1 Limited
Harley Grange Nursing Home,"25 Elms Road,Leicester",LE2 3JD,1162709946,,Nursing homes,Leicester,East Midlands,WT HI OpCo 1 Limited
Jack Dormand Care Home,"Fourth Street,Horden,Peterlee",SR8 4LD,1915180542,,Nursing homes,County Durham,North East,WT HI OpCo 1 Limited
Silverwood (Nottingham),"Imperial Road,Beeston,Nottingham",NG9 1FN,1159253699,,Nursing homes,Nottinghamshire,East Midlands,WT HI OpCo 1 Limited
Stoneleigh Care Home,"Durham Road,Annfield Plain,Stanley",DH9 7XH,1207290214,,Residential homes,County Durham,North East,WT HI OpCo 1 Limited
Willow Court,"Croft Lane,Cherry Willingham,Lincoln",LN3 4JW,1522595391,,Residential homes,Lincolnshire,East Midlands,WT HI OpCo 1 Limited
St Margaret's Care Home,"St. Margarets Garth,Crossgate,Durham",DH1 4DS,1913868949,,Nursing homes,County Durham,North East,WT HI OpCo 1 Limited
The Rowans Care Home,"Owen Street,Coalville",LE67 3DA,1530814466,,Residential homes,Leicestershire,East Midlands,WT HI OpCo 1 Limited
Victoria Park Care Home (Ilkeston),"Manners Road,Ilkeston",DE7 5HB,1159440774,,Nursing homes,Derbyshire,East Midlands,WT HI OpCo 1 Limited
Fir Trees,"Gorse Hall Road,Dukinfield",SK16 5HN,1613382977,https://www.hc-one.co.uk,Residential homes,Tameside,North West,HC-One Limited
Fountains Care Home,"1355 Stratford Road,Shirley,Solihull",B90 4EF,1217338602,,Residential homes,Solihull,West Midlands,Scarborough Hall Limited
Rivelin Lodge,"Rivelin Lodge,Manchester Road Hollow Meadows,Sheffield",S6 6GH,,,Residential homes,Sheffield,Yorkshire & Humberside,Moorville Developments Limited
Leighton Court Nursing Home,"112 Manor Road,Wallasay,Wirral",CH45 7LX,1516389910,https://www.hc-one.co.uk/homes/leighton-court,Nursing homes,Wirral,North West,HC-One Limited
Heaton House,"City Gate,Gallowgate,Newcastle Upon Tyne",NE1 4PA,1619500718,https://www.nestlingscare.com,Nursing homes,Newcastle upon Tyne,North East,Nestlings Care Ltd
Vicarage Lodge,"The Old Vicarage,48 Church Lane, Stallingborough,Grimsby",DN41 8AA,1472882809,,Residential homes,North East Lincolnshire,Yorkshire & Humberside,Home from Home Care Limited
Cambridge Court Care Home,"17-19 Cambridge Road,Waterloo,Liverpool",L22 1RR,1519282249,https://www.unityhomes.co.uk,Nursing homes,Sefton,North West,Unity Homes Limited
Ash House,"161 Aston Road,Willenhall",WV13 3BY,7904873917,https://www.pharoscare.co.uk,Residential homes,Walsall,West Midlands,Pharos Care Limited
Foresters Lodge,"46 St Johns Avenue,Bridlington",YO16 4NL,1262602522,https://www.highgatecare.co.uk,Nursing homes,East Riding of Yorkshire,Yorkshire & Humberside,Highgate Care Services Ltd
Hazel Bank Care Home,"Daisy Hill Lane,Daisy Hill,Bradford",BD9 6BN,1274547331,https://www.parkhomesuk.co.uk,Nursing homes,Bradford,Yorkshire & Humberside,Park Homes (UK) Limited
Lowfield Lane,"43 Lowfield Lane,St. Helens",WA9 5TA,,https://www.brightfuturescare.co.uk,Residential homes,St. Helens,North West,Bright Futures Care Limited
Holmwood Nursing Home,"Warminster Road,Norton Lees,Sheffield",S8 9BN,1142509588,https://www.hc-one.co.uk/homes/holmwood,Nursing homes,Sheffield,Yorkshire & Humberside,HC-One Limited
Meadowbank,"8 Meadowbank Road,Middlesbrough",TS7 9EN,,,Residential homes,Redcar and Cleveland,North East,Milewood Healthcare Ltd
Kings Court Care Centre,"Kent Road,Swindon",SN1 3NP,1793715480,https://www.mmcgcarehomes.co.uk,Nursing homes,Swindon,South West,MMCG (2) Limited
Hartford Court,"Cumbrian Road,Cramlington",NE23 1DA,1670591940,https://www.hc-one.co.uk,Residential homes,Northumberland,North East,HC-One No.2 Limited
Cottingham Road,"399 Cottingham Road,Corby",NN18 0TW,1536401888,https://www.mencap.org.uk,Residential homes,North Northamptonshire,East Midlands,Royal Mencap Society
Heyberry House,"3 Ashville Road,Birkenhead,Wirral",CH41 8AU,1516533225,https://www.anchor.org.uk,Residential homes,Wirral,North West,Anchor Hanover Group
Abbeyfield House - New Malden,"California Road,New Malden",KT3 3RL,2089490022,https://www.abbeyfield.com,Residential homes,Kingston upon Thames,London,Abbeyfield Society (The)
Signature at Hornchurch,"1B Nelmes Way,Hornchurch",RM11 2QY,,,Nursing homes,Havering,London,Signature Senior Lifestyle Operations Ltd
Lonsdale Mews,"Farley Way,Quorn,Loughborough",LE12 8XS,1509278900,https://www.careuk.com/care-homes/lonsdale-mews-quorn,Nursing homes,Leicestershire,East Midlands,Care UK Community Partnerships Ltd
Lee House,"2 Lancaster Avenue,Wimbledon,London",SW19 5DE,2089460369,https://www.abbeyfield.com,Residential homes,Merton,London,Abbeyfield Society (The)
Patron House,"212 Stoke Lane,Westbury-on-Trym,Bristol",BS9 3RU,1179682583,https://www.ablecare-homes.co.uk,Residential homes,"Bristol, City of",South West,Ablecare Homes Limited
Brook Court,"37-39 Oldnall Road,Kidderminster",DY10 3HN,1562757580,,Nursing homes,Worcestershire,West Midlands,Care UK Care Services Limited
Oldfield House,"Oldfield Lane,Stainforth,Doncaster",DN7 5ND,1302351410,,Residential homes,Doncaster,Yorkshire & Humberside,Runwood Homes Limited
Minshull House,"Meadow Lane,West Derby,Liverpool",L12 5EA,1513309500,https://www.autisminitiatives.org,Residential homes,Liverpool,North West,Autism Initiatives (UK)
Briarscroft Residential Care Home,"27 Packington Avenue,Birmingham",B34 7PB,1217480040,https://www.sanctuary-care.co.uk/care-homes-midlands/briarscroft-residential-care-home,Residential homes,Birmingham,West Midlands,Sanctuary Care Limited
The Laurels Residential Care Home,"Walnut Drive,Winsford",CW7 3HH,1606593048,,Residential homes,Cheshire West and Chester,North West,Croftwood Care UK Limited
Tolson Grange,"12 Coach House Drive,Dalton,Huddersfield",HD5 8EG,1484432626,https://www.anchor.org.uk,Residential homes,Kirklees,Yorkshire & Humberside,Anchor Hanover Group
Holly Court,"Far Common Road,Mirfield",WF14 0DQ,1924483922,https://www.hollybanktrust.com,Residential homes,Kirklees,Yorkshire & Humberside,Hollybank Trust
Signature at Coombe Hill Manor,"190-196,Coombe Lane West,Kingston Upon Thames",KT2 7EQ,2083364650,https://www.signature-care-homes.co.uk,Nursing homes,Kingston upon Thames,London,Signature Senior Lifestyle Operations Ltd
Briarfields,"Raby Crescent,Belle Vue,Shrewsbury",SY3 7JN,1743353374,https://www.coveragecareservices.co.uk,Residential homes,Shropshire,West Midlands,Coverage Care Services Limited
Woodcroft,"Croft Way,Market Drayton",TF9 3UB,1630657486,https://www.coveragecareservices.co.uk,Residential homes,Shropshire,West Midlands,Coverage Care Services Limited
Stone House,"Union Street,Bishops Castle",SY9 5AJ,1588638487,https://www.coveragecareservices.co.uk,Residential homes,Shropshire,West Midlands,Coverage Care Services Limited
The Old Vicarage Care Home,"15 Naze Lane,Freckleton",PR4 1RH,1772635779,https://www.pearlcare.co.uk,Residential homes,Lancashire,North West,Aegis Residential Care Homes Limited
Howbury House Resource Centre,"Pickersleigh Grove,Malvern",WR14 2LU,1684571750,https://www.worcestershire.gov.uk,Residential homes,Worcestershire,West Midlands,Worcestershire County Council
36a Birling Avenue,"Rainham,Gillingham",ME8 7EY,,,Residential homes,Medway,South East,Medway Council
Bluegrove House,"325 Southwark Park Road,London",SE16 2JN,2073942300,,Nursing homes,Southwark,London,Agincare (Southwark) Limited
Vale House,"Vale Avenue,Horwich,Bolton",BL6 5RF,1204693549,,Residential homes,Bolton,North West,Consensus Support Services Limited
The Weir Nursing Home,"Swainshill,Hereford",HR4 7QF,1981590229,,Nursing homes,"Herefordshire, County of",West Midlands,Ashberry Healthcare Limited
Leeds and Morley,"Bridge Street Close,Morley,Leeds",LS27 0EX,1132526406,,Residential homes,Leeds,Yorkshire & Humberside,Heathcotes Care Limited
Ashworth Grange,"Ashworth,Dewsbury",WF13 2SU,1325351100,,Residential homes,Kirklees,Yorkshire & Humberside,WT NB OpCo 1 Limited
The Evergreens Care Centre,"Station Road,Forest Hall,Newcastle Upon Tyne",NE12 9BQ,1912702000,,Nursing homes,North Tyneside,North East,Roseberry Care Centres GB Limited
Curtis Weston House,"Aylestone Lane,Wigston",LE18 1AB,1162887799,,Residential homes,Leicestershire,East Midlands,Leicestershire County Care Limited
Frindsbury Hall Care Home,"Frindsbury Hill,Strood,Rochester",ME2 4JS,1634715337,,Nursing homes,Medway,South East,Akari Care Limited
Parklands Court Care Home,"56 Park Road,Bloxwich,Walsall",WS3 3ST,1922711844,,Nursing homes,Walsall,West Midlands,Advinia Care Homes Limited
Whitefarm Lodge,"Vicarage Road,Whitton,Twickenham",TW2 7BY,2087555740,,Nursing homes,Richmond upon Thames,London,Agincare (Southwark) Limited
Laurel Dene,"117 Hampton Road,Hampton Hill,Hampton",TW12 1JQ,2089771553,,Nursing homes,Richmond upon Thames,London,Agincare (Southwark) Limited
Greville House,"Greville Road,Richmond",TW10 6HR,2083342890,,Nursing homes,Richmond upon Thames,London,Agincare (Southwark) Limited
77 Gloucester Road North,"Filton,Bristol",BS34 7PL,1179699749,https://www.milestonestrust.org.uk,Residential homes,South Gloucestershire,South West,Milestones Trust
58 Crantock Drive,"Almondsbury,Bristol",BS32 4HG,1454614941,https://www.milestonestrust.org.uk,Residential homes,South Gloucestershire,South West,Milestones Trust
Ballards Ash,"Brinkworth Road,Wotton Bassett",SN4 8DS,1793840807,https://www.choicecaregroup.com,Residential homes,Wiltshire,South West,Community Homes of Intensive Care and Education Limited
Mason House,"6 Bracken Lane,Retford,Nottingham",DN22 7EU,1777719720,https://www.voyagecare.com,Residential homes,Nottinghamshire,East Midlands,Voyage 1 Limited
Blossomfield Grange,"1 Worcester Way,Shirley,Solihull",B90 4JX,1217012700,,Residential homes,Solihull,West Midlands,Care UK Care Services Limited
Elmhurst House,"17 Mile End Lane,Stockport",SK2 6BN,7739973393,https://www.careinmind.co.uk,Residential homes,Stockport,North West,Care In Mind Limited
The Maple Care Home,"Dover Road,Stockton-on-tees",TS19 0JS,1642733580,,Residential homes,Stockton-on-Tees,North East,St Philips Care Limited
Sandringham Care Home,"Escomb Road,Bishop Auckland",DL14 6HT,1388660960,,Nursing homes,County Durham,North East,Crown Care VI Limited
The Royal,"Queen Marys Road,New Rossington,Doncaster",DN11 0SN,1302863764,https://www.crowncaregroup.co.uk,Nursing homes,Doncaster,Yorkshire & Humberside,Crown Care IV Limited
Devonshire House and Lodge,"Woolwell Road,Woolwell,Plymouth",PL6 7JW,1752695555,,Nursing homes,Devon,South West,Harbour Healthcare Ltd
The Staveley Centre,"Calver Crescent, Middlecroft,Staveley,Chesterfield",S43 3LY,,,Residential homes,Derbyshire,East Midlands,Derbyshire Community Health Services NHS Foundation Trust
Thomas Fields Care Centre,"Thomas Fields,Brown Edge Road,Buxton",SK17 7BR,1629535037,,Residential homes,Derbyshire,East Midlands,Derbyshire Community Health Services NHS Foundation Trust
Bellerose Manor,"5-7 Groby Road,Glenfield,Leicester",LE3 8GN,1162409700,,Residential homes,Leicestershire,East Midlands,Sanders Senior Living Limited
Loran House,"106A Albert Avenue, Anlaby Road,Hull",HU3 6QE,1482354776,,Residential homes,"Kingston upon Hull, City of",Yorkshire & Humberside,Prime Life Limited
Orchard View,"97 Orchard Hill,Little Billing,Northampton",NN3 9AG,1604416309,,Residential homes,West Northamptonshire,East Midlands,Accomplish Group Limited
Abbeymoor Neurodisability Centre,"Market Lane,Swalwell,Newcastle Upon Tyne",NE16 3DZ,1914880899,,Nursing homes,Gateshead,North East,Lifeways Community Care Limited
Drovers House,"Drover Close,Rugby",CV21 3HX,1788573955,,Residential homes,Warwickshire,West Midlands,WCS Care Group Limited
Benkhill Lodge,"38 Benkhill Drive,Bedale",DL8 2ED,1677422407,https://www.northyorks.gov.uk,Residential homes,North Yorkshire,Yorkshire & Humberside,North Yorkshire Council
Ashchurch View,"Ashchurch Road,Ashchurch,Tewkesbury",GL20 8US,1684858900,https://www.barchester.com,Nursing homes,Gloucestershire,South West,Barchester Healthcare Homes Limited
Ashchurch View,"Ashchurch Road,Ashchurch,Tewkesbury",GL20 8US,1684858900,,Nursing homes,Gloucestershire,South West,Scarborough Hall Limited
Braeburn Lodge,"Braeburn Road,Deeping St James,Peterborough",PE6 8GP,1778381920,,Nursing homes,Lincolnshire,East Midlands,Barchester Healthcare Homes Limited
Braeburn Lodge,"Braeburn Road,Deeping St James,Peterborough",PE6 8GP,1778381920,,Nursing homes,Lincolnshire,East Midlands,Scarborough Hall Limited
Bluebell Park,"Royal Glen Park,Rowallan Way, Chellaston,Derby",DE73 5XE,1332706960,,Nursing homes,Derby,East Midlands,Scarborough Hall Limited
Caldy Manor,"Caldy Road,Caldy,Wirral",CH48 2HY,1516252311,https://www.barchester.com,Residential homes,Wirral,North West,Barchester Healthcare Homes Limited
Brookfield,"18 Brookfield Road,Lymm,Warrington",WA13 0PZ,1925755363,https://www.barchester.com,Residential homes,Warrington,North West,Barchester Healthcare Homes Limited
Caldy Manor,"Caldy Road,Caldy,Wirral",CH48 2HY,1516252311,,Residential homes,Wirral,North West,Scarborough Hall Limited
Brookfield,"18 Brookfield Road,Lymm",WA13 0PZ,1925755363,,Residential homes,Warrington,North West,Scarborough Hall Limited
Chacombe Park,"Banbury Road,Chacombe,Banbury",OX17 2JL,1295712001,https://www.barchester.com,Nursing homes,West Northamptonshire,East Midlands,Barchester Healthcare Homes Limited
Chacombe Park,"Banbury Road,Chacombe,Banbury",OX17 2JL,1295712001,,Nursing homes,West Northamptonshire,East Midlands,Scarborough Hall Limited
Crandon Springs Care Home,"Glastonbury Road,Wells",BA5 1WE,1749301947,https://www.barchester.com,Residential homes,Somerset,South West,Barchester Healthcare Homes Limited
Cumberland Grange Care Home,"Cumberland Way,Exeter",EX1 3ZU,1392357270,https://www.barchester.com,Residential homes,Devon,South West,Barchester Healthcare Homes Limited
Crandon Springs Care Home,"Glastonbury Road,Wells",BA5 1WE,1749685180,,Residential homes,Somerset,South West,Scarborough Hall Limited
Cumberland Grange Care Home,"Cumberland Way,Exeter",EX1 3ZU,1392357270,,Residential homes,Devon,South West,Scarborough Hall Limited
Chestnut Gardens Care Home,"95 Foxley Lane,Purley",CR8 3HP,2081769360,,Residential homes,Croydon,London,Scarborough Hall Limited
Cheshire Grange,"Booths Hill Road,Lymm",WA13 0EG,1925750670,https://www.barchester.com,Nursing homes,Warrington,North West,Barchester Healthcare Homes Limited
Chestnut Gardens Care Home,"95 Foxley Lane,Purley",CR8 3HP,2081769360,https://www.barchester.com,Residential homes,Croydon,London,Barchester Healthcare Homes Limited
Cheshire Grange,"Booths Hill Road,Lymm",WA13 0EG,1925750670,,Nursing homes,Warrington,North West,Scarborough Hall Limited
Falmouth Court Care Home,"Falmouth Court Care Home,Dracaena Avenue,Falmouth",TR11 2EW,1326332420,https://www.barchester.com,Residential homes,Cornwall,South West,Barchester Healthcare Homes Limited
Edingley Lodge Care Home,"Station Road,Edingley,Newark",NG22 8BX,1623882441,https://www.barchester.com,Residential homes,Nottinghamshire,East Midlands,Barchester Healthcare Homes Limited
Elgar Court Care Home,"35 St. Andrews Road,Malvern",WR14 3PT,1684211720,https://www.barchester.com,Residential homes,Worcestershire,West Midlands,Barchester Healthcare Homes Limited
Edingley Lodge Care Home,"Station Road,Edingley,Newark",NG22 8BX,1623882441,,Residential homes,Nottinghamshire,East Midlands,Scarborough Hall Limited
Falmouth Court Care Home,"Falmouth Court Care Home,Dracaena Avenue,Falmouth",TR11 2EW,1326332420,,Residential homes,Cornwall,South West,Scarborough Hall Limited
Elgar Court Care Home,"35 St. Andrews Road,Malvern",WR14 3PT,1684211720,,Residential homes,Worcestershire,West Midlands,Scarborough Hall Limited
Collingwood Court,"Front Street,Chirton,North Shields",NE29 0LF,1912578118,,Residential homes,North Tyneside,North East,Care UK Care Services Limited
46 Bath Road,"Longwell Green,Bristol",BS30 9DG,1179601491,https://www.milestonestrust.org.uk,Residential homes,South Gloucestershire,South West,Milestones Trust
The Ferns Care Home,"Osborne Gardens,North Shields",NE29 9AT,1912965411,,Residential homes,North Tyneside,North East,Roseberry Care Centres (England) Ltd
Kingswood House,"Green Arbour Road,Thurcroft,Rotherham",S66 9ED,7471996937,https://www.elysiumhealthcare.co.uk,Nursing homes,Rotherham,Yorkshire & Humberside,Elysium Healthcare No. 4 Limited
Marple Dale Hall - The New Windsor,"Dale Road,Marple,Stockport",SK6 6NL,1614490771,,Nursing homes,Stockport,North West,Scarborough Hall Limited
Marple Dale Hall - The New Windsor,"Dale Road,Marple,Stockport",SK6 6NL,1614490771,https://www.barchester.com,Nursing homes,Stockport,North West,Barchester Healthcare Homes Limited
Latimer Court,"Darwin Avenue,Worcester",WR5 1SP,1905363270,https://www.barchester.com,Nursing homes,Worcestershire,West Midlands,Barchester Healthcare Homes Limited
Latimer Court,"Darwin Avenue,Worcester",WR5 1SP,1905363270,,Nursing homes,Worcestershire,West Midlands,Scarborough Hall Limited
Kings Park Care Home,"14 Church Road,Ferndown",BH22 9EU,1202863630,https://www.barchester.com,Residential homes,Dorset,South West,Barchester Healthcare Homes Limited
Lancaster Grange,"Cross Lane,Fernwood,Newark",NG24 3NH,1636594300,,Nursing homes,Nottinghamshire,East Midlands,Scarborough Hall Limited
Kings Park Care Home,"14 Church Road,Ferndown",BH22 9EU,1202863630,,Residential homes,Dorset,South West,Scarborough Hall Limited
Mount Vale,"Yafforth Road,Northallerton",DL7 8UE,1609775444,https://www.barchester.com,Nursing homes,North Yorkshire,Yorkshire & Humberside,Barchester Healthcare Homes Limited
Mount Vale,"Yafforth Road,Northallerton",DL7 8UE,1609775444,,Nursing homes,North Yorkshire,Yorkshire & Humberside,Scarborough Hall Limited
Moors Manor Care Home,"243 Ringwood Road,St. Leonards,Ringwood",BH24 2DW,1202863610,https://www.barchester.com,Nursing homes,Dorset,South West,Barchester Healthcare Homes Limited
Moors Manor Care Home,"243 Ringwood Road,St. Leonards,Ringwood",BH24 2DW,1202863610,,Nursing homes,Dorset,South West,Scarborough Hall Limited
Heartlands,"50 Broadstone Road,Yardley,Birmingham",B26 2BN,1217861212,https://www.countrycourtcare.co/our-homes/heartlands-care-nursing-home,Nursing homes,Birmingham,West Midlands,Country Court Care Homes 2 Limited
Kingfisher Lodge,"Chestnut Walk,Saltford,Bristol",BS31 3BG,1225871030,,Nursing homes,Bath and North East Somerset,South West,Barchester Healthcare Homes Limited
Field House,"Sandford Avenue,Church Stretton",SY6 7AA,1694723787,https://www.barchester.com,Residential homes,Shropshire,West Midlands,Barchester Healthcare Homes Limited
Kingfisher Lodge,"Chestnut Walk,Saltford,Bristol",BS31 3BG,1225871030,,Nursing homes,Bath and North East Somerset,South West,Scarborough Hall Limited
Field House,"Sandford Avenue,Church Stretton",SY6 7AA,1694723787,,Residential homes,Shropshire,West Midlands,Scarborough Hall Limited
Forest Care Home,"Southwell Road West,Mansfield",NG18 4XX,1623415700,https://www.barchester.com,Nursing homes,Nottinghamshire,East Midlands,Barchester Healthcare Homes Limited
Hagley Place,"Foldgate Lane,Ludlow",SY8 1LS,1584519849,https://www.barchester.com,Nursing homes,Shropshire,West Midlands,Barchester Healthcare Homes Limited
Forest Care Home,"Southwell Road West,Mansfield",NG18 4XX,1623415700,,Nursing homes,Nottinghamshire,East Midlands,Scarborough Hall Limited
Hagley Place,"Foldgate Lane,Ludlow",SY8 1LS,1584871900,,Nursing homes,Shropshire,West Midlands,Scarborough Hall Limited
Harper Fields,"Kenilworth Road,Balsall Common,Coventry",CV7 7SR,1676531800,https://www.barchester.com,Nursing homes,Solihull,West Midlands,Barchester Healthcare Homes Limited
Harper Fields,"Kenilworth Road,Balsall Common,Coventry",CV7 7SR,1676531800,,Nursing homes,Solihull,West Midlands,Scarborough Hall Limited
Juniper House,"Candleford Close,Brackley",NN13 6JZ,1280845570,,Nursing homes,West Northamptonshire,East Midlands,Barchester Healthcare Homes Limited
Juniper House,"Candleford Close,Brackley",NN13 6JZ,1280845570,,Nursing homes,West Northamptonshire,East Midlands,Scarborough Hall Limited
Hyacinth House Care Home,"179-181,Wimborne Road West,Wimborne",BH21 2DJ,1202877614,,Residential homes,Dorset,South West,Scarborough Hall Limited
Hyacinth House Care Home,"179-181,Wimborne Road West,Wimborne",BH21 2DJ,1202012064,https://www.barchester.com,Residential homes,Dorset,South West,Barchester Healthcare Homes Limited
Iverley View,"Norton Road,Stourbridge",DY8 2TA,1384888920,https://www.barchester.com,Residential homes,Dudley,West Midlands,Barchester Healthcare Homes Limited
Iverley View,"Norton Road,Stourbridge",DY8 2TA,1384888920,,Residential homes,Dudley,West Midlands,Scarborough Hall Limited
Sheraton Court,"Warren Road,Hartlepool",TS24 9HA,1429277365,https://www.hc-one.co.uk,Residential homes,Hartlepool,North East,HC-One No.2 Limited
Beckfield,"70 Bolton Lane,Bradford",BD2 4BN,1274433668,https://www.bradford.gov.uk,Residential homes,Bradford,Yorkshire & Humberside,City of Bradford Metropolitan District Council
Aughton Park,"Aughton Park Drive,Aughton,Ormskirk",L39 5QE,1695576996,https://mha.org.uk/care-support/care-homes/aughton-park,Residential homes,Lancashire,North West,Methodist Homes
Lancaster Grange,"Cross Lane,Fernwood,Newark",NG24 3NH,1636594300,https://www.barchester.com,Nursing homes,Nottinghamshire,East Midlands,Barchester Healthcare Homes Limited
CareTech Community Services Limited - 68 West Park Road,"68 West Park Road,Smethwick,Birmingham",B67 7JH,1215651632,,Residential homes,Sandwell,West Midlands,CareTech Community Services Limited
The Lawns,"52 Salterton Road,Exmouth",EX8 2EJ,,https://www.voyagecare.com,Residential homes,Devon,South West,Voyage 1 Limited
Holmwood Care Centre,"30 Chaddesley Road,Kidderminster",DY10 3DJ,1562824496,,Nursing homes,Worcestershire,West Midlands,Olympus Opco LTD
Croft House,"Bridge Street,Williton",TA4 4NR,1984632536,https://www.somersetcare.co.uk,Residential homes,Somerset,South West,Somerset Care Limited
Sunnyside House,"Main Road, Birdwood,Gloucester",GL19 3EH,1452750152,https://www.choicecaregroup.com,Residential homes,Gloucestershire,South West,Community Homes of Intensive Care and Education Limited
Briggs Lodge Residential and Nursing Home,"London Road,Devizes",SN10 2DY,1380711622,https://www.sanctuary-care.co.uk,Nursing homes,Wiltshire,South West,Sanctuary Care Limited
Winton Lodge,"6 Ascham Road,Bournemouth",BH8 8LY,1202291878,https://www.choicecaregroup.com,Residential homes,"Bournemouth, Christchurch and Poole",South West,Community Homes of Intensive Care and Education Limited
Valley View Court,"Scatcherd Drive,Oakworth,Keighley",BD22 7NU,1535618635,,Residential homes,Bradford,Yorkshire & Humberside,City of Bradford Metropolitan District Council
Mountview Care Home,"1093 Loughborough Road,Rothley,Leicester",LE7 7NL,1163033303,,Residential homes,Leicestershire,East Midlands,Ideal Carehomes Limited
Ouse View Care Home,"1 Fordlands Road,Fulford,York",YO19 4QT,,,Residential homes,York,Yorkshire & Humberside,Barchester Healthcare Homes Limited
Ouse View Care Home,"1 Fordlands Road,Fulford,York",YO19 4QT,1904615110,,Residential homes,York,Yorkshire & Humberside,Scarborough Hall Limited
Parley Place Care Home,"300 Christchurch Road,West Parley,Ferndown",BH22 8SL,,https://www.barchester.com,Residential homes,Dorset,South West,Barchester Healthcare Homes Limited
Parley Place Care Home,"300 Christchurch Road,West Parley,Ferndown",BH22 8SL,1202149250,,Residential homes,Dorset,South West,Scarborough Hall Limited
Pittsmead Grange Care Home,"34 West Common Road,Bromley",BR2 7BX,2081947850,,Residential homes,Bromley,London,Scarborough Hall Limited
Rose Water Place Care Home,"Tuscany Way,Langley,Maidstone",ME17 3ZB,1622944370,https://www.barchester.com,Residential homes,Kent,South East,Barchester Healthcare Homes Limited
Rose Water Place Care Home,"Tuscany Way,Langley,Maidstone",ME17 3ZB,1622944370,,Residential homes,Kent,South East,Scarborough Hall Limited
Richmond Court,"Hall Lane,Willington,Crook",DL15 0PW,1388745675,https://www.bondcare.co.uk/richmond-court/,Nursing homes,County Durham,North East,Bondcare Willington Limited
Beechwood,"8 Bryan Road,Edgerton,Huddersfield",HD2 2AH,1484429626,,Nursing homes,Kirklees,Yorkshire & Humberside,Valorum Care Limited
The Trees,"Deveron Way,Hinckley",LE10 0XD,1163057351,https://www.leics.gov.uk,Residential homes,Leicestershire,East Midlands,Leicestershire County Council
Westbrooke Grange,"Lummaton Cross,Barton,Torquay",TQ2 8ET,1803315305,https://www.salutemcareandeducation.co.uk,Residential homes,Torbay,South West,Modus Care Limited
Pine Lodge Care Home,"26-32,Key Street,Sittingbourne",ME10 1YU,,,Residential homes,Kent,South East,Eleanor Nursing and Social Care Limited
Withens Nursing Home,"Hook Green Road,Southfleet,Gravesend",DA13 9NQ,1474834109,https://www.ranccare.co.uk/kent/withens-nursing-home/,Nursing homes,Kent,South East,RCH Care Homes Limited
Ardenlea Grove Care Home,"19-21 Lode Lane,Solihull",B91 2AB,1217059222,,Nursing homes,Solihull,West Midlands,Bupa Care Homes (AKW) Limited
Ashcroft,"Kelvin Way,Undercliffe,Bradford",BD2 3EF,1274634233,https://www.anchor.org.uk,Residential homes,Bradford,Yorkshire & Humberside,Anchor Hanover Group
Elderwood Residential Home,"Westmoreland Street,Darlington",DL3 0FB,1325368256,https://www.anchor.org.uk,Residential homes,Darlington,North East,Anchor Hanover Group
Woodseats and Norton,"69 Brindley Crescent,Sheffield",S8 8RT,1142585336,,Residential homes,Sheffield,Yorkshire & Humberside,Heathcotes Care Limited
Mount Ephraim House,"Mount Ephraim,Tunbridge Wells",TN4 8BU,1892520316,https://www.greensleeves.org.uk/care-homes/mount-ephraim-house-tunbridge-wells/,Residential homes,Kent,South East,Greensleeves Homes Trust
Sadlers Place,"40 Rowland Street,Walsall",WS2 8SU,1922611352,https://www.voyagecare.com,Residential homes,Walsall,West Midlands,Voyage 1 Limited
Bluebell Villa,"Lightfoot Street,Hoole,Chester",CH2 3AD,1244318567,,Residential homes,Cheshire West and Chester,North West,Barker Care Limited
Bridgewell House,"82 Ackers Road,Stockton Heath,Warrington",WA4 2BP,1925470996,,Residential homes,Warrington,North West,Bright Futures Care Limited
Stretton Hall Nursing Home,"Shrewsbury Road,All Stretton,Church Stretton",SY6 6HG,1694725320,,Nursing homes,Shropshire,West Midlands,Welford Healthcare MC Ltd
Scarlet House,"123 Westward Road,Ebley,Stroud",GL5 4SP,1453769810,https://www.careuk.com,Nursing homes,Gloucestershire,South West,Care UK Community Partnerships Ltd
Kingston upon Hull City Council - 220 Preston Road,"220 Preston Road,Kingston-upon-Hull",HU9 5HF,1482706988,https://www.hullcc.gov.uk,Residential homes,"Kingston upon Hull, City of",Yorkshire & Humberside,Kingston upon Hull City Council
Scarlet House,"123 Westward Road,Ebley,Stroud",GL5 4SP,1453769810,,Nursing homes,Gloucestershire,South West,Care UK Care Services Limited
St Luke's Care Home,"Upper Carr Lane,Calverley,Pudsey",LS28 5PL,1132563547,,Nursing homes,Leeds,Yorkshire & Humberside,Mariposa Care Group Limited
The Woodlands,"Chamber Hill Farm,Clitheroe Road, Brierfield,Nelson",BB9 5QH,1282503186,,Residential homes,Lancashire,North West,Consensus Support Services Limited
Southfields,"227 Spital Road,Wirral",CH62 2AF,1613835368,,Residential homes,Wirral,North West,Care In Mind Limited
Chorlton Place Nursing Home,"290 Wilbraham Road,Manchester",M16 8LT,1618820102,https://www.hc-one.co.uk/homes/chorlton-place,Nursing homes,Manchester,North West,HC-One Limited
The Old Rectory,"27 Stallard Street,Trowbridge",BA14 9AA,1225777728,https://www.prioryadultcare.co.uk,Residential homes|Homecare agencies,Wiltshire,South West,Parkcare Homes (No.2) Limited
12 Channel Lea,"12 Channel Lea,Walmer,Deal",CT14 7UG,1304367131,https://www.voyagecare.com,Residential homes,Kent,South East,Voyage 1 Limited
Rivermead,"123 Scarborough Road,Norton on Derwent,Malton",YO17 8AA,1653696942,https://www.barchester.com,Nursing homes,North Yorkshire,Yorkshire & Humberside,Barchester Healthcare Homes Limited
Orchard End,"88 Welham Road,Retford",DN22 6UG,1777701102,https://www.creativecare.org.uk,Residential homes,Nottinghamshire,East Midlands,Creative Care (East Midlands) Limited
Kingdom House,"Woodhouse Mill,461 Retford Road,Sheffield",S13 9WB,1142880696,,Residential homes,Rotherham,Yorkshire & Humberside,Lifeways Community Care Limited
Farmborough Court Intermediate Care Service,"Farmborough Court, Brentford Avenue,Town End Farm,Sunderland",SR5 4EU,1915613905,https://www.sunderland.gov.uk,Residential homes|Rehabilitation (illness/injury),Sunderland,North East,Sunderland City Council
Woodside,"33 Woodside Lane,Huddersfield",HD2 2HA,1613835437,,Residential homes,Kirklees,Yorkshire & Humberside,Care In Mind Limited
Raven House,"1 The Paddock,Highfield Avenue,Burnley",BB10 2PS,1282335026,https://www.brhw.co.uk,Residential homes,Lancashire,North West,Blue Ribbon Healthcare Limited
Lavender Oaks Care Home,"4 Metcalfe Avenue,Carshalton",SM5 4AQ,8081642522,https://www.porthaven.co.uk,Nursing homes,Sutton,London,Porthaven Care Homes No 2 Limited
Castle Donington Nursing Home,"Delvin Lane,Castle Donington",DE74 2LJ,1332853588,https://www.rushcliffecare.co.uk,Nursing homes,Leicestershire,East Midlands,Rushcliffe Care Limited
Alexandra House,"123 Alexandra Road,Ford,Plymouth",PL2 1PH,,,Residential homes,Plymouth,South West,Karlyon Care Ltd
26 St Marks Road,"26 St Marks Road,Chaddesden,Derby",DE21 6AH,1332294466,https://www.voyagecare.com,Residential homes,Derby,East Midlands,Voyage 1 Limited
The Phoenix Centre,"Stratford Place,Ferguson Road,Blackpool",FY1 6RN,1253477841,https://www.blackpool.gov.uk,Residential homes|Homecare agencies|Shared lives|Supported living,Blackpool,North West,Blackpool Borough Council
Kingsmead Care Home,"65 Prospect Place,Old Town,Swindon",SN1 3LJ,1793422333,https://www.healthcarehomes.co.uk,Nursing homes,Swindon,South West,Healthcare Homes (Spring) Limited
Sandstones,"9 Penkett Road,Wallasey,Wirral",CH45 7QF,1516911449,https://www.anchor.org.uk,Residential homes,Wirral,North West,Anchor Hanover Group
Holly Bank Care Home,"The Promenade,Arnside,Carnforth",LA5 0AA,1524761277,https://www.pearlcare.co.uk,Residential homes,Westmorland and Furness,North West,Aegis Residential Care Homes Limited
Wandsworth Common Care Home,"94 North Side Wandsworth Common,London",SW18 2QU,2081037010,,Nursing homes,Wandsworth,London,Willowbrook Healthcare Limited
Hendra Court,"St Andrews Road,Par",PL24 2LX,1726812277,,Nursing homes,Cornwall,South West,Cornwallis Care Services Ltd
Wrekin Cottage - Telford (West Midlands),"Forbes Close,Ironbridge,Telford",TF7 5LE,1952432065,,Residential homes,Telford and Wrekin,West Midlands,HF Trust Limited
Wandsworth Common Care Home,"94 North Side Wandsworth Common,London",SW18 2QU,2081037010,https://www.signature-care-homes.co.uk,Nursing homes,Wandsworth,London,Redwood Tower UK Opco 1 Limited
Birkenhead Court,"Challis Street,Birkenhead",CH41 7DH,1516520250,,Residential homes,Wirral,North West,Anchor Hanover Group
Grindon Short Break Service,"210 Grindon Lane,Grindon,Sunderland",SR4 8HW,1917221285,https://www.sunderland.gov.uk,Residential homes,Sunderland,North East,Sunderland City Council
Greenslades Nursing Home,"Willeys Avenue,Exeter",EX2 8BE,1392274029,,Nursing homes,Devon,South West,Sanctuary Care Limited
Redannick Residential and Nursing Home,"Redannick Lane,Truro",TR1 2JP,1872276889,,Nursing homes,Cornwall,South West,Sanctuary Care Limited
Ferndown Manor,"110 Golf Links Road,Ferndown",BH22 8DA,3333211998,,Nursing homes,Dorset,South West,Care UK Care Services Limited
The Waterside Care Home,"37 Millfields,Eccleston,St. Helens",WA10 5NS,1744411223,https://www.lovettcare.co.uk/waterside-care-home/,Nursing homes,St. Helens,North West,Lovett Care Limited
Tonbridge House Care Home,"36 Quarry Hill Road,Tonbridge",TN9 2RS,8081642500,https://www.porthaven.co.uk,Nursing homes,Kent,South East,Porthaven Care Homes No 2 Limited
2 Millbrook Way,"Penwortham,Preston",PR1 0XW,1772366013,https://www.brhw.co.uk,Residential homes,Lancashire,North West,Blue Ribbon Healthcare Limited
Roby House Care Centre,"Tarbock Road,Huyton,Liverpool",L36 5XW,1514824440,https://www.hc-one.co.uk,Nursing homes,Knowsley,North West,HC-One Limited
66 Hookstone Chase Harrogate,"66 Hookstone Chase,Harrogate",HG2 7HS,1423889962,https://www.homestogether.co.uk,Residential homes,North Yorkshire,Yorkshire & Humberside,Homes Together Limited
61 Kings Road Harrogate,"61 Kings Road,Harrogate",HG1 5HJ,1423561408,,Residential homes,North Yorkshire,Yorkshire & Humberside,Homes Together Limited
Queen Elizabeth House,"38 Southborough Road,Bickley,Bromley",BR1 2EE,2084673994,https://www.greensleeves.org.uk/care-homes/queen-elizabeth-house-bickley-bromley/,Residential homes,Bromley,London,Greensleeves Homes Trust
Aran Court Care Home,"Braymoor Road,Tile Cross,Birmingham",B33 0LR,1217704322,https://www.averyhealthcare.co.uk/care-homes/birmingham/birmingham/aran-court/,Nursing homes,Birmingham,West Midlands,Avery Homes (Nelson) Limited
Insight Teynham,"5 London Road,Teynham,Sittingbourne",ME9 9QW,1795521122,,Residential homes,Kent,South East,Insight Specialist Behavioural Service Ltd
6a Sheerstone,"6a Sheerstone,Iwade,Sittingbourne",ME9 8RN,,,Residential homes,Kent,South East,CLBD Limited
Greatwood House,"Mancunian Road,Denton,Manchester",M34 7GX,1613365324,https://www.hc-one.co.uk,Residential homes,Tameside,North West,HC-One Limited
Willow Brook House,"77 South Road,Corby",NN17 1XD,1536906360,https://www.smhc.uk.com,Nursing homes,North Northamptonshire,East Midlands,St. Matthews Limited
The Croft,"Heath Farm, Heath Road,Ashby De La Launde,Lincoln",LN4 3JD,1526322444,https://www.autismcareuk.com,Residential homes,Lincolnshire,East Midlands,Autism Care (UK) Limited
The Old Post Office,"72 Coventry Road,Exhall,Coventry",CV7 9EU,1213575049,https://www.dignushealthcare.com,Residential homes,Warwickshire,West Midlands,Dignus Healthcare Limited
138 All Saints Road,"138 All Saints Road,,Merton,,London",SW19 1BZ,2085420460,,Residential homes,Merton,London,Certitude Trading Limited
Amherst Court,"Palmerston Road,Chatham",ME4 6LU,1634400009,https://www.avantecaresupport.org.uk,Nursing homes,Medway,South East,Avante Care and Support Limited
Rowan Garth Care Home,"219 Lower Breck Road,Liverpool",L6 0AE,1512639111,,Nursing homes,Liverpool,North West,Wellington Healthcare (Arden) Ltd
Avon Court,"1 Mitre Way,Old Sarum,Salisbury",SP4 6GW,1722429400,https://www.osjct.co.uk,Residential homes,Wiltshire,South West,The Orders Of St. John Care Trust
Arden House,"18-20 Clarendon Square,Leamington Spa",CV32 5QT,1926423695,https://www.greensleeves.org.uk/care-homes/arden-house-leamington-spa/,Residential homes,Warwickshire,West Midlands,Greensleeves Homes Trust
16 Crompton Street,"16 Crompton Street,Liverpool",L5 2QS,1512076959,https://www.potens-uk.com,Residential homes,Liverpool,North West,Potensial Limited
Canterbury House Care Home,"Tettenhall Way,Faversham",ME13 8YQ,1795718740,https://www.anchor.org.uk/our-properties/canterbury-house-faversham,Residential homes,Kent,South East,Anchor Hanover Group
Glastonbury Care Home,"Pike Close,Off Sedgemore Way,Glastonbury",BA6 9PZ,1458836800,https://www.brunelcare.org.uk,Nursing homes,Somerset,South West,Brunelcare
Ferncroft,"41 Old Lodge Lane,Purley,Purley",CR8 4DL,,,Residential homes,Croydon,London,The Brandon Trust
Elworth Grange,"James Brindley Drive,Sandbach",CW11 3PY,1270439950,https://www.idealcarehomes.co.uk,Residential homes,Cheshire East,North West,Ideal Carehomes Limited
Bridge House (Somerset),"2 Bridgwater Road,Taunton",TA1 2DS,1823334797,https://www.voyagecare.com,Residential homes,Somerset,South West,Voyage 1 Limited
Nazareth House - Plymouth,"Durnford Street,Stonehouse,Plymouth",PL1 3QR,1752746674,,Nursing homes,Plymouth,South West,Nazareth Care Charitable Trust
Low Lane House,"18 Low Lane,Middlesbrough",TS5 8EA,1642378657,https://www.action4care.org,Residential homes,Middlesbrough,North East,Action for Care Limited
Cedar Lodge,"Bearley Cross,Wooten Wawen,Solihull",B95 6DR,1789731168,https://mha.org.uk/care-support/care-homes/cedar-lodge,Nursing homes,Warwickshire,West Midlands,Methodist Homes
Hodge Hill Grange,"150 Coleshill Road,Hodge Hill,Birmingham",B36 8AD,1217301999,https://www.hc-one.co.uk/homes/hodge-hill-grange,Nursing homes,Birmingham,West Midlands,HC-One Limited
Bede House,"1 Ryhope Street South,Sunderland",SR2 0HG,191716966,,Nursing homes,Sunderland,North East,Malhotra Care Homes Limited
The Light House,"25 Berrow Road,Burnham On Sea",TA8 2EY,1278785796,https://www.accomplish-group.co.uk,Residential homes,Somerset,South West,Accomplish Group Limited
The Dales,"Draughton,Skipton",BD23 6DU,1756710291,https://www.barchester.com,Nursing homes,North Yorkshire,Yorkshire & Humberside,Barchester Healthcare Homes Limited
Applethwaite Green,"Phoenix Way,Windermere",LA23 1BB,1539713611,,Residential homes,Westmorland and Furness,North West,Westmorland and Furness Council
West Hallam Care Home,"8 Newdigate Street,West Hallam,Ilkeston",DE7 6GZ,1159440329,https://www.ashmere.co.uk,Residential homes,Derbyshire,East Midlands,Ashmere Derbyshire Limited
Westward Care Home,"2 Henty Avenue,Dawlish",EX7 0AW,,,Residential homes,Devon,South West,Potensial Limited
Hayway,"49 Hayway,Rushden",NN10 6AG,1604811838,,Residential homes,North Northamptonshire,East Midlands,Achieve Together Limited
Rushden,"302 Wellingborough Road,Rushden",NN10 6BB,1604811838,,Residential homes,North Northamptonshire,East Midlands,Achieve Together Limited
Woodview House Nursing Home,"Waugh Drive,Hagley Road, Hayley Green,Halesowen",B63 1EN,1215856440,https://www.shaw.co.uk,Nursing homes,Dudley,West Midlands,Shaw Healthcare (Group) Limited
Avocet Trust - 20-22 Middlesex Road,"20-22 Middlesex Road,Hull",HU8 0RB,1482326226,https://www.avocettrust.co.uk,Residential homes,"Kingston upon Hull, City of",Yorkshire & Humberside,Avocet Trust
Trewithen,"Treslothan,Camborne",TR14 9LP,1209612151,https://www.salutemcareandeducation.co.uk,Residential homes,Cornwall,South West,Modus Care Limited
Hillside,"Billington Road,Burnley",BB11 5PE,1282832586,https://www.priorygroup.com/locations/residential/hillside,Residential homes,Lancashire,North West,Parkcare Homes (No.2) Limited
Balmoral Court Care Home,"Ayton Street,Newcastle Upon Tyne",NE6 2DB,1912652666,https://www.crowncaregroup.co.uk,Nursing homes,Newcastle upon Tyne,North East,Crown Care IV Limited
St Clare's Court,"Central Avenue,Newton Aycliffe",DL5 5QH,1325315671,https://www.hc-one.co.uk,Residential homes,County Durham,North East,HC-One No.2 Limited
Ingleborough House,"Church Street,Hunslet,Leeds",LS10 2AY,,https://www.aspenhillvillage.com,Nursing homes,Leeds,Yorkshire & Humberside,Aspen Hill Healthcare Limited
Choices for Living Well (Killelea),"Brandlesholme Road,Bury",BL8 1JJ,1612535900,,Community services - Healthcare|Nursing homes|Residential homes|Homecare agencies|Rehabilitation (illness/injury),Bury,North West,Bury Metropolitan Borough Council
The Berkeley,"1-2 Elysium Terrace,Kingsthorpe Road,Northampton",NN2 6EN,1604215058,https://www.mentaur.co.uk,Residential homes,West Northamptonshire,East Midlands,Mentaur Limited
Weybourne,"1 Finchdale Road,Abbey Wood,London",SE2 9AH,2083108674,https://www.avantepartnership.org.uk,Residential homes,Greenwich,London,Avante Care and Support Limited
The Dispensary,"Sherburn House,Sherburn,Durham",DH1 2SH,1913006850,https://www.swantoncare.com,Residential homes,County Durham,North East,Swanton Care & Community (Autism North) Limited
Holyrood House Care Home,"Spawd Bone Lane,Knottingley",WF11 0JG,1977679219,https://www.crowncaregroup.co.uk,Residential homes,Wakefield,Yorkshire & Humberside,Crown Care VI Limited
Tennyson Grange,"123 Westmead Road,Sutton",SM1 4JE,2038239065,,Nursing homes,Sutton,London,Care UK Care Services Limited
Tennyson Grange,"123 Westmead Road,Sutton",SM1 4JE,2038239065,https://www.gracewell.co.uk,Nursing homes,Sutton,London,WT UK Opco 4 Limited
Escan Manor,"Weirfield Road,Exeter",EX2 4DN,,https://www.moraruk.co,Nursing homes,Devon,South West,Simply Care Group UK Ltd
The Dunes,"49 Cynthia Road,Parkstone,Poole",BH12 3JE,1202740237,https://www.prioryadultcare.co.uk,Residential homes,"Bournemouth, Christchurch and Poole",South West,Harbour Care (UK) Limited
Castleford House Nursing Home,"Castleford Gardens,Tutshill,Chepstow",NP16 7LF,1291629929,https://www.elderlycare.co.uk,Nursing homes,Gloucestershire,South West,Milkwood Care Ltd
Autism Together - 86 Allport Road,"86 Allport Road,Bromborough,Wirral",CH62 6AG,1513347510,https://www.wirral.autistic.org,Residential homes,Wirral,North West,Autism Together
Maidstone Care Centre,"259 Boxley Road,Maidstone",ME14 2AR,1622672292,https://www.ranccare.co.uk,Nursing homes,Kent,South East,RCH Care Homes Limited
Evergreen,"119 Wake Green Road,Moseley,Birmingham",B13 9UT,1214491016,https://www.accomplish-group.co.uk,Residential homes,Birmingham,West Midlands,Accomplish Group Limited
Selborne Mews,"36-37 South Road,Smethwick",B67 7BU,1215555615,https://www.selbornecare.co.uk,Residential homes,Sandwell,West Midlands,Selborne Care Limited
Chantry Gardens,"69 Chantry Gardens,Southwick,Trowbridge",BA14 9QT,1225766381,https://www.voyagecare.com,Residential homes,Wiltshire,South West,Voyage 1 Limited
39 Hawthorne Grove,"39 Hawthorn Grove,Trowbridge",BA14 0JF,1225767441,https://www.voyagecare.com,Residential homes,Wiltshire,South West,Voyage 1 Limited
Glengarriff House,"8 King Street,Market Rasen",LN8 3BB,1673844091,https://www.prime-life.co.uk,Residential homes,Lincolnshire,East Midlands,Prime Life Limited
Creynolds Lane,"268 Creynolds Lane,Cheswick Green,Solihull",B90 4ET,1217443570,https://www.solihull.gov.uk,Residential homes,Solihull,West Midlands,Solihull Metropolitan Borough Council
Hurst Green Road,"9 Hurst Green Road,Knowle,Solihull",B93 8AE,1564776460,https://www.solihull.gov.uk,Residential homes,Solihull,West Midlands,Solihull Metropolitan Borough Council
222 Bills Lane,"222 Bills Lane,Shirley,Solihull",B90 2PP,1217442624,https://www.solihull.gov.uk,Residential homes,Solihull,West Midlands,Solihull Metropolitan Borough Council
Meadow View Residential and Community Care Centre,"Meadow View Centre,300 Bakewell Road,Matlock",DE4 2JF,1629532486,,Residential homes,Derbyshire,East Midlands,Derbyshire County Council
Lower Bowshaw View Nursing Home,"501a Lowedges Crescent,Sheffield",S8 7LN,1142372717,,Nursing homes,Sheffield,Yorkshire & Humberside,National Care Consortium Ltd
Rose Lodge,"Carers Way,Cobblers Lane,Newton Aycliffe",DL5 4SE,1325304156,,Residential homes,County Durham,North East,MMCG (CCH) (2) Limited
The Lodge,"Raby Hall,Raby Hall Road,Wirral",CH63 0NN,1517375906,,Residential homes,Wirral,North West,Autism Together
SENSE - 296-298 Warren Farm Road,"Kingstanding,Birmingham",B44 0AD,1213507076,https://www.sense.org.uk,Residential homes,Birmingham,West Midlands,Sense
Middlefield House Nursing Home,"Middlefield Lane,Gainsborough",DN21 1TY,1427615577,https://www.prime-life.co.uk,Nursing homes,Lincolnshire,East Midlands,Prime Life Limited
Cherryhurst House,"229 Spital Road,Wirral",CH62 2AF,1613835439,,Residential homes,Wirral,North West,Care In Mind Limited
Eckington Court Nursing Home,"Penny Engine Lane,off Church Street,Eckington",S21 4BF,1246430066,https://www.orchardcarehomes.com/carehomes/eckington-court-off-church-street-eckington,Nursing homes,Derbyshire,East Midlands,Indigo Care Services Limited
The Beeches Residential Care Home,"Frankley Beeches Road,Northfield,Birmingham",B31 5NJ,1214771813,https://www.sanctuary-care.co.uk/care-homes-midlands/beeches-residential-care-home,Residential homes,Birmingham,West Midlands,Sanctuary Care Limited
Pendleton Court Care Home,"22 Chaplin Close,Chaseley Road,Salford",M6 8FW,1617439798,https://www.hc-one.co.uk/homes/pendleton-court,Nursing homes,Salford,North West,HC-One Limited
St Matthews Limited - The Avenue,"2 The Avenue,Spinney Hill,Northampton",NN3 6BA,1604644455,https://www.smhc.uk.com,Nursing homes,West Northamptonshire,East Midlands,St. Matthews Limited
Belmont House Nursing Home,"75 Worcester Road,Sutton",SM2 6ND,2086527900,,Nursing homes,Sutton,London,Care UK Care Services Limited
Sundridge Court Nursing Home,"19 Edward Road,Bromley",BR1 3NG,2084666553,https://www.ariacare.co.uk/find-a-home/sundridge-court-in-bromley/,Nursing homes,Bromley,London,Aria Healthcare Group LTD
Sundridge Court Nursing Home,"19 Edward Road,Bromley",BR1 3NG,2084666553,,Nursing homes,Bromley,London,Care UK Care Services Limited
Miranda House,"High Street,Royal Wootton Bassett,Swindon",SN4 7AH,1793854458,,Nursing homes,Wiltshire,South West,Care UK Care Services Limited
Mount Pleasant Care Home,"Off Hollow Lane,Burton On Trent",DE15 0DR,1283546777,https://www.ariacare.co.uk/find-a-home/mount-pleasant-in-burton-upon-trent/,Residential homes,Derbyshire,East Midlands,Aria Healthcare Group LTD
Mount Pleasant Care Home,"Off Hollow Lane,Burton-on-trent",DE15 0DR,1283546777,,Residential homes,Derbyshire,East Midlands,Care UK Care Services Limited
Magna Care Centre,"Arrowsmith Road,Canford Magna,Wimborne",BH21 3BQ,1202601831,https://www.ariacare.co.uk/find-a-home/magna-care-centre-in-wimborne/,Nursing homes,"Bournemouth, Christchurch and Poole",South West,Aria Healthcare Group LTD
Kippingtons Nursing Home,"Grange Road,Oak Lane,Sevenoaks",TN13 2PG,1732451829,https://www.ariacare.co.uk/find-a-home/kippingtons-in-sevenoaks/,Nursing homes,Kent,South East,Aria Healthcare Group LTD
Magna Care Centre,"Arrowsmith Road,Canford Magna,Wimborne",BH21 3BQ,1202601831,,Nursing homes,"Bournemouth, Christchurch and Poole",South West,Care UK Care Services Limited
Kippingtons Nursing Home,"Grange Road,Oak Lane,Sevenoaks",TN13 2PG,1732451829,,Nursing homes,Kent,South East,Care UK Care Services Limited
Deer Park View Care Centre,"Bushy Park Road,Teddington",TW11 0DX,2086140000,https://www.ariacare.co.uk/find-a-home/deer-park-view-in-teddington/,Nursing homes,Richmond upon Thames,London,Aria Healthcare Group LTD
Deer Park View Care Centre,"Deer Park View Care Centre,Bushy Park Road,Teddington",TW11 0DX,2086140000,,Nursing homes,Richmond upon Thames,London,Care UK Care Services Limited
Frethey House,"Frethey Lane,Bishops Hull,Taunton",TA4 1AB,1823253071,https://www.ariacare.co.uk/find-a-home/frethey-house-in-taunton/,Nursing homes,Somerset,South West,Aria Healthcare Group LTD
Firtree House Nursing Home,"30 St James Road,Tunbridge Wells",TN1 2JZ,1892523954,https://www.ariacare.co.uk/find-a-home/firtree-house-in-tunbridge-wells/?utm_medium=directory&utm_source=CQC&utm_campaign=profile,Nursing homes,Kent,South East,Aria Healthcare Group LTD
Frethey House,"Frethey Lane,Bishops Hull,Taunton",TA4 1AB,1823253071,,Nursing homes,Somerset,South West,Care UK Care Services Limited
Firtree House Nursing Home,"30 St. James Road,Tunbridge Wells",TN1 2JZ,1892523954,,Nursing homes,Kent,South East,Care UK Care Services Limited
Galsworthy House Nursing Home,"177 Kingston Hill,Kingston Upon Thames",KT2 7LX,2085472640,https://www.ariacare.co.uk/find-a-home/galsworthy-house-in-kingston-upon-thames/,Nursing homes,Kingston upon Thames,London,Aria Healthcare Group LTD
Gildawood Court,"School Walk,Nuneaton",CV11 4PJ,2476341222,https://www.ariacare.co.uk/find-a-home/gildawood-court-in-nuneaton/,Residential homes,Warwickshire,West Midlands,Aria Healthcare Group LTD
Galsworthy House Nursing Home,"177 Kingston Hill,Kingston Upon Thames",KT2 7LX,2085472640,,Nursing homes,Kingston upon Thames,London,Care UK Care Services Limited
Gildawood Court,"School Walk,Nuneaton",CV11 4PJ,2476341222,,Residential homes,Warwickshire,West Midlands,Care UK Care Services Limited
Cayton View Care Home,"Cayton View Care Home, Heather Pastures,Eastfield,Scarborough",YO11 3YH,1206517430,,Residential homes,North Yorkshire,Yorkshire & Humberside,Care UK Care Services Limited
The Mayfield Care Home,"Grange House,High Stakesby Road,Whitby",YO21 1HL,1947280888,,Residential homes,North Yorkshire,Yorkshire & Humberside,Care UK Care Services Limited
Victoria House,"77 Victoria Road,Rushden",NN10 0AS,1933354780,https://www.shaw.co.uk,Residential homes,North Northamptonshire,East Midlands,Shaw Healthcare (de Montfort) Limited
Clayton Manor,"Rood Hill,Congleton",CW12 1YZ,1260299622,https://www.averyhealthcare.co.uk/care-homes/cheshire/congleton/clayton-manor/,Nursing homes,Cheshire East,North West,Avery Homes (Nelson) Limited
Barnes Lodge,"Tudeley Lane,Tonbridge",TN11 0QJ,1634729130,,Nursing homes,Kent,South East,Avante Care and Support Limited
Station House,"Victoria Avenue,Crewe",CW2 7SF,1270250843,,Nursing homes,Cheshire East,North West,Care UK Care Services Limited
Acacia Care Centre,"32 Chalfont Road,South Norwood,London",SE25 4AA,2087681217,https://www.futurecaregroup.com,Nursing homes,Croydon,London,Olympus Opco LTD
Acacia Care Centre,"32 Chalfont Road,South Norwood,London",SE25 4AA,1206517430,,Nursing homes,Croydon,London,Care UK Care Services Limited
Bourne House Nursing Home,"45 Langley Avenue,Surbiton",KT6 6QR,2083996022,,Nursing homes,Kingston upon Thames,London,Olympus Opco LTD
Albany Lodge,"201 St. James's Road,Croydon",CR0 2BZ,2086844994,,Nursing homes,Croydon,London,Olympus Opco LTD
Bourne House Nursing Home,"45 Langley Avenue,Surbiton",KT6 6QR,1206517430,,Nursing homes,Kingston upon Thames,London,Care UK Care Services Limited
Albany Lodge,"201 St. James's Road,Croydon",CR0 2BZ,1206517430,,Nursing homes,Croydon,London,Care UK Care Services Limited
Hamilton Nursing Home,"24 Langley Avenue,Surbiton",KT6 6QW,2083999666,,Nursing homes,Kingston upon Thames,London,Olympus Opco LTD
Hamilton Nursing Home,"24 Langley Avenue,Surbiton",KT6 6QW,1206517430,,Nursing homes,Kingston upon Thames,London,Care UK Care Services Limited
Southborough Nursing Home,"12-14 Langley Avenue,Surbiton",KT6 6QL,2087062600,,Nursing homes,Kingston upon Thames,London,Olympus Opco LTD
Southborough Nursing Home,"12-14 Langley Avenue,Surbiton",KT6 6QL,1206517430,,Nursing homes,Kingston upon Thames,London,Care UK Care Services Limited
Hannacott,"Abbeymead Avenue,Abbeymead,Gloucester",GL4 5GR,3333443095,,Residential homes,Gloucestershire,South West,Rehability UK Support Services Ltd
Magna,"29 Bushloe End,Wigston",LE18 2BA,7548837761,https://www.heathcotes.net,Residential homes,Leicestershire,East Midlands,Heathcotes Care Limited
Long Meadow,"Bakewell Road,Matlock",DE4 3BN,1629583986,https://roseberrycarecentres.co.uk/long-meadow/,Residential homes,Derbyshire,East Midlands,Roseberry Care Centres GB Limited
Victoria House,"62-64 George Lane,South Woodford,London",E18 1LW,2085303591,https://www.achievetogether.co.uk,Residential homes,Redbridge,London,Achieve Together Limited
Exmoor Drive,"1-7 Exmoor Drive,Bromsgrove",B61 0TW,1527576591,https://www.worcestershire.gov.uk,Residential homes,Worcestershire,West Midlands,Worcestershire County Council
Heatherton House Care Home,"170 Rykneld Road,Littleover,Derby",DE23 4AN,1332404889,https://www.danforthcarehomes.co.uk,Residential homes,Derby,East Midlands,Danforth Care No. 1 Limited
Pear Tree House Care Home,"Pear Tree House,Wesham Park Drive, Wesham,Preston",PR4 3EF,1206517430,,Residential homes,Lancashire,North West,Care UK Care Services Limited
Heatherton House Care Home,"170 Rykneld Road,Littleover,Derby",DE23 4AN,1206517430,,Residential homes,Derby,East Midlands,Care UK Care Services Limited
Samuel House Care Home,"Porterwood Drive,Shipley,Heanor",DE75 7WY,1773202127,https://www.danforthcarehomes.co.uk,Residential homes,Derbyshire,East Midlands,Danforth Care No. 1 Limited
Samuel House Care Home,"Porterwood Drive,Shipley,Heanor",DE75 7WY,1206517430,,Residential homes,Derbyshire,East Midlands,Care UK Care Services Limited
Pear Tree House Care Home,"Wesham Park Drive,Wesham,Preston",PR4 3EF,1772505010,,Residential homes,Lancashire,North West,Danforth Care No. 1 Limited
Rossendale House Care Home,"63 Rossendale Avenue,Burnley",BB11 5HF,1206517430,,Residential homes,Lancashire,North West,Care UK Care Services Limited
Rossendale House Care Home,"63 Rossendale Avenue,Burnley",BB11 5HF,1282332248,,Residential homes,Lancashire,North West,Danforth Care No. 1 Limited
Cross Street Residential Care Home,"26 Cross Street,Hampton",TW12 1RT,2087830973,,Residential homes,Richmond upon Thames,London,Support for Living Limited
Millennium Care Services - 32 Sunnyfield,"Whinney Lane,Streethouse,Pontefract",WF7 6DE,1977799027,https://www.mcare.info,Residential homes,Wakefield,Yorkshire & Humberside,Millennium Support Ltd
Turketel Road,"8 Turketel Road,Folkestone",CT20 2PA,1303256516,https://www.prioryadultcare.co.uk,Residential homes,Kent,South East,Parkcare Homes (No.2) Limited
Hadrian House,"Garden Street,Blaydon-on-tyne",NE21 4AG,1914143330,,Residential homes,Gateshead,North East,Care UK Care Services Limited
Finn Farm Lodge,"2 Bathurst Road,Folkestone",CT20 2NJ,1303252821,https://www.prioryadultcare.co.uk,Residential homes,Kent,South East,Parkcare Homes (No.2) Limited
Amber Court,"Kipling Hall Drive,Blackpool",FY3 9UX,1253762076,https://www.mmcgcarehomes.co.uk,Nursing homes,Blackpool,North West,MMCG (CCH) (2) Limited
30 Sunnyfield,"30 Sandringham Court,Streethouse,Pontefract",WF7 6GG,1977798181,,Residential homes,Wakefield,Yorkshire & Humberside,Millennium Support Ltd
Cleeve Court Community Resource Centre,"Cleeve Court,Cleeve Green, Twerton,,Bath",BA2 1RS,1225396788,,Residential homes,Bath and North East Somerset,South West,Bath and North East Somerset Council
Darwin Court Care Centre,"Wissage Road,Lichfield",WS13 6SP,1543250824,https://www.averyhealthcare.co.uk/care-homes/staffordshire/lichfield/darwin-court/,Nursing homes,Staffordshire,West Midlands,Avery Homes (Nelson) Limited
Somerset House Nursing Home,"1 Church Lane,Wheldrake,York",YO19 6AW,1904448313,https://www.countrycourtcare.co/our-homes/somerset-house-care-nursing-home,Nursing homes,York,Yorkshire & Humberside,Country Court Care Homes 2 Limited
Education and Services for People with Autism Limited - 35-37 Portland Avenue,"35-37 Portland Avenue,Seaham",SR7 8AL,1915165080,https://www.espa.org.uk,Residential homes,County Durham,North East,Education and Services for People with Autism Limited
Lawreth,"267 Station Road,Seaham",SR7 0BG,1915130111,https://www.espa.org.uk,Residential homes,County Durham,North East,Education and Services for People with Autism Limited
Castleman Plus,"Heddington Drive,Blandford Forum",DT11 7HX,,https://www.caredorset.co.uk,Residential homes,Dorset,South West,Care Dorset Limited
Abberton Road,"14 Abberton Road,Manchester",M20 1HU,7931430793,,Nursing homes,Manchester,North West,Next Steps Mental Healthcare LTD
Enright View,"1-3 Enright Close,Newark",NG24 4EB,1636702948,,Residential homes,Nottinghamshire,East Midlands,Heathcotes Care Limited
Burton Grange,"236 Branston Road,Burton-on-trent",DE14 3BT,1283688890,,Residential homes,Staffordshire,West Midlands,Accomplish Group Limited
Harrogate Lodge,"25 Harrogate Road,Chapel Allerton,Leeds",LS7 3PD,1132392173,,Nursing homes,Leeds,Yorkshire & Humberside,Harbour Healthcare (North) Ltd
Arkall Manor Care Home,"Ashby Road,Tamworth",B79 0GJ,1206517430,,Residential homes,Staffordshire,West Midlands,Care UK Care Services Limited
Holly Grange House Care Home,"88 Tuttle Hill,Nuneaton",CV10 0HJ,1206517430,,Residential homes,Warwickshire,West Midlands,Care UK Care Services Limited
Meadow Croft Care Home,"Garstang Bypass Road,Garstang,Preston",PR3 1PH,1206517430,,Residential homes,Lancashire,North West,Care UK Care Services Limited
Old Norse Lodge Care Home,"Matthew Telford Park,Scartho Top,Grimsby",DN33 3EP,1472483202,,Residential homes,North East Lincolnshire,Yorkshire & Humberside,Care UK Care Services Limited
Montagu Hall Care Home,"Harlington Road,Mexborough",S64 0QG,1206517430,,Residential homes,Doncaster,Yorkshire & Humberside,Care UK Care Services Limited
Primrose House Care Home,"Primrose House,Bluebird Way,Brough",HU15 1XB,1482904112,,Residential homes,East Riding of Yorkshire,Yorkshire & Humberside,Care UK Care Services Limited
Sid Bailey Care Home,"Knollbeck Lane,Brampton,Barnsley",S73 0TX,1226812229,,Residential homes,Rotherham,Yorkshire & Humberside,Care UK Care Services Limited
Weavers Court Care Home,"Naylor Avenue,Yeadon,Leeds",LS19 7FG,,,Residential homes,Leeds,Yorkshire & Humberside,Care UK Care Services Limited
Acomb Court,"Maidens Walk,Hexham",NE46 1EN,1434604357,https://www.hc-one.co.uk,Residential homes,Northumberland,North East,HC-One No.2 Limited
St Marys,"The Old Vicarage,Main Street, Blidworth,Mansfield",NG21 0QH,1623795231,,Residential homes,Nottinghamshire,East Midlands,Broadoak Group of Care Homes
Consensus Support Services Limited - Moor Lane,"1 Moor Lane,Backwell,Bristol",BS48 3LL,1275465560,https://www.consensussupport.com,Residential homes,North Somerset,South West,Consensus Support Services Limited
St Anne's Community Services - Rockhaven,"57 Batchelor Lane,Leeds",LS18 5NF,1132584984,https://www.stannes.org.uk,Nursing homes,Leeds,Yorkshire & Humberside,St Anne's Community Services
Bilton Court,"Windermere Drive,Queensway,Wellingborough",NN8 3FR,1933401613,https://www.anchor.org.uk,Residential homes,North Northamptonshire,East Midlands,Anchor Hanover Group
Beckenham Park Care Home,"2 Roman Way,Beckenham",BR3 3FH,,,Nursing homes,Bromley,London,Redwood Tower UK Opco 1 Limited
Highfield,"1-3 Emily Jackson Close,Eardley Road,Sevenoaks",TN13 1XH,1732443245,https://www.avenuesgroup.org.uk,Residential homes,Kent,South East,Avenues South East
Ashwood Court - Unit 1,"Woodford Avenue,Lowton,Warrington",WA3 2RB,1925571680,https://www.makingspace.co.uk,Residential homes,Wigan,North West,Making Space
Froome Bank,"Tower Hill,Bromyard",HR7 4DF,1885483469,https://www.shaw.co.uk,Residential homes,"Herefordshire, County of",West Midlands,Shaw Healthcare Limited
Winfield Lodge,"Weston Park,Lower Weston,Bath",BA1 4AS,1225445644,,Residential homes,Bath and North East Somerset,South West,Cedar Care Homes Limited
Clitheroe Care Home,"Eshton Terrace,Clitheroe",BB7 1BQ,1200428891,,Residential homes,Lancashire,North West,365 Care Homes Limited
Brambledown Road,"44 Brambledown Road,Wallington",SM6 0TF,2086471325,https://www.activecaregroup.co.uk,Residential homes,Sutton,London,Independence Homes Limited
Great Western Court,"33a Millbrook Street,Gloucester",GL1 4BG,1452423495,,Residential homes,Gloucestershire,South West,Gloucestershire County Council
Rutland Care Village,"Huntsmans Drive,Barleythorpe Road,Oakham",LE15 6RP,1572722350,https://www.prime-life.co.uk,Nursing homes,Rutland,East Midlands,Prime Life Limited
Kings Court Care Home,"14 Market Place,Barnard Castle",DL12 8ND,1833690333,,Residential homes,County Durham,North East,Care UK Care Services Limited
Pennine View,"7 Ferrara Close,Darfield,Barnsley",S73 9RB,1226751613,,Residential homes,Barnsley,Yorkshire & Humberside,Swanton Care & Community (Autism North) Limited
Birchwood House,"97 Browning Road,Newham,London",E12 6RB,2084719689,https://www.sequencecaregroup.co.uk,Residential homes,Newham,London,Liaise (London) Limited
Lakeside Residential Care Home,"Smithy Bridge Road,Littleborough",OL15 0DB,1706377766,https://www.franklincaregroup.co.uk,Residential homes,Rochdale,North West,Franklin Care Group Limited
Spring Gardens,"Spring Garden Lane,Ormesby,Middlesbrough",TS7 9HS,1642310458,https://www.voyagecare.com,Residential homes,Redcar and Cleveland,North East,Voyage 1 Limited
Graysford Hall,"11 Elmfield Avenue,Leicester",LE2 1RB,1164784530,https://www.sandersseniorliving.co.uk,Residential homes,Leicester,East Midlands,Sanders Senior Living Limited
Charnwood House,"Charnwood,Back Lane, Eakring,Newark",NG22 0DJ,1623392127,,Residential homes,Nottinghamshire,East Midlands,Creative Care (East Midlands) Limited
Sternhill Paddock,"Back Lane, Eakring,Newark",NG22 0DJ,1623411410,https://www.creativecare.org.uk,Residential homes,Nottinghamshire,East Midlands,Creative Care (East Midlands) Limited
Belle Vue Nursing Home,"1 Stanmore Road,Newcastle Upon Tyne",NE6 5SX,1912090300,https://www.prestwickcare.co.uk,Nursing homes,Newcastle upon Tyne,North East,Malhotra Care Homes Limited
The Manor House Roundhay,"6 Park Avenue,Roundhay,Leeds",LS8 2JH,,,Residential homes,Leeds,Yorkshire & Humberside,Anchor Hanover Group
Ashwood Nursing Home - Spalding,"43 Spalding Common,Spalding",PE11 3AU,1775723223,https://www.countrycourtcare.co/our-homes/ashwood-care-nursing-home,Nursing homes,Lincolnshire,East Midlands,Country Court Care Homes Limited
Gilburn,"53 Ashby Road,Shepshed,Loughborough",LE12 9BS,1509506306,https://www.dignushealthcare.com,Residential homes,Leicestershire,East Midlands,Dignus Healthcare Limited
Halliwell,"Kingswood Road,Tunbridge Wells",TN2 4UN,1892525909,https://www.efhl.co.uk,Nursing homes,Kent,South East,Elizabeth Finn Homes Limited
Ebenezer House,"85 Bilston Lane,Willenhall",WV13 2LJ,1902606535,https://www.dignushealthcare.com,Residential homes,Walsall,West Midlands,Dignus Healthcare Limited
Appletree Grange,"Durham Road,Birtley,Chester Le Street",DH3 2BH,1914102175,https://www.barchester.com,Residential homes,Gateshead,North East,Barchester Healthcare Homes Limited
Westgarth,"79 Victoria Road,Elland",HX5 0QA,1422372985,,Residential homes,Calderdale,Yorkshire & Humberside,St Anne's Community Services
Seaview,"23 Old Dover Road,Chapel-le-Ferne,Folkestone",CT18 7HW,1303246404,https://www.voyagecare.com,Residential homes,Kent,South East,Voyage 1 Limited
Brook View,"Riverside Road,West Moors,Ferndown",BH22 0LQ,1202891333,https://www.coltencare.co.uk,Nursing homes,Dorset,South West,Colten Care (1993) Limited
Arden Croft,"41 Thompsons Road,Keresley End,Coventry",CV7 8JU,247633623,https://www.dignushealthcare.com,Residential homes,Coventry,West Midlands,Dignus Healthcare Limited
Blackwood Residential Care Home,"Roskear,Camborne",TR14 8BA,1209713498,,Residential homes,Cornwall,South West,Sanctuary Care Limited
Cedar Grange,"Main Street,Cherry Burton,Beverley",HU17 7RF,,,Residential homes,East Riding of Yorkshire,Yorkshire & Humberside,Roseberry Care Centres GB Limited
Neale Court,"Neale Road,North Hykeham,Lincoln",LN6 9UA,1522682201,https://www.countrycourtcare.co/our-homes/neale-court-care-home,Residential homes,Lincolnshire,East Midlands,Country Court Care Homes Limited
Abbey Grange Nursing Home,"Cammell Road,Firth Park,Sheffield",S5 6UU,1142560046,https://www.countrycourtcare.co/our-homes/abbey-grange-care-nursing-home,Nursing homes,Sheffield,Yorkshire & Humberside,Country Court Care Homes Limited
Springwood,"66 Darlington Back Lane,Stockton On Tees",TS19 8TG,1642378656,https://www.action4care.org,Residential homes,Stockton-on-Tees,North East,Action for Care Limited
Red Brick House,"Victoria Terrace,Prudhoe",NE42 5AE,1661830677,,Nursing homes,Northumberland,North East,Akari Care Limited
Brookfield,"26 Bedlam Lane,Holbrooks,Coventry",CV6 6AR,2476666733,https://www.dignushealthcare.com,Residential homes,Coventry,West Midlands,Dignus Healthcare Limited
39 School Lane,"39 School Lane,Exhall,Coventry",CV7 9GE,2476644518,https://www.dignushealthcare.com,Residential homes,Warwickshire,West Midlands,Dignus Healthcare Limited
Chance Drive,"1 Chance Drive,Smethwick",B66 1TT,1215652920,https://www.dignushealthcare.com,Residential homes,Sandwell,West Midlands,Dignus Healthcare Limited
Pelham Grove Care Home,"Pelham Grove (off Lark Lane),Aigbuth,Liverpool",L17 8XD,7383537061,,Residential homes,Liverpool,North West,ADL Plc
The Sycamores,"60 Stockingate,South Kirkby,Pontefract",WF9 3RA,1977652638,https://www.hollybanktrust.com,Residential homes,Wakefield,Yorkshire & Humberside,Hollybank Trust
Ada Belfield Centre,"Derwent Street,Belper",DE56 1UQ,1629535060,,Residential homes,Derbyshire,East Midlands,Derbyshire County Council
Bloomfield Court,"27 Central Avenue,Tipton",DY4 9RR,1215215747,,Residential homes,Sandwell,West Midlands,Anchor Hanover Group
Milford House,"Milford Mill Road,Milford,Salisbury",SP1 1NJ,1722322737,https://www.barchester.com,Nursing homes,Wiltshire,South West,Barchester Healthcare Homes Limited
The Grove Care Centre - Thurnscoe,"Bridge Lane,Thurnscoe,Rotherham",S63 0SN,1709895424,https://www.stphilipscare.com,Residential homes,Barnsley,Yorkshire & Humberside,St Philips Care Limited
Blair House,"Skirth Road,Billinghay,Lincoln",LN4 4AY,1526860432,https://www.prioryadultcare.co.uk,Nursing homes,Lincolnshire,East Midlands,Parkcare Homes (No.2) Limited
Oakwood Acquired Brain Injury Rehabilitation Service,"Radford Close,Offerton,Stockport",SK2 5DL,1614199139,https://www.leonardcheshire.org,Residential homes|Rehabilitation (illness/injury),Stockport,North West,Leonard Cheshire Disability
Priory Highfields,"11 Highfields Road,Chasetown,Burntwood",WS7 4QR,1543684948,https://www.prioryadultcare.co.uk,Residential homes,Staffordshire,West Midlands,Parkcare Homes (No.2) Limited
Charnhill Crescent,"33 Charnhill Crescent,Mangotsfield,Bristol",BS16 9JU,1173774018,https://www.milestonestrust.org.uk,Residential homes,South Gloucestershire,South West,Milestones Trust
Maple Lodge,"Woolwich Road,Witherwack,Sunderland",SR5 5SF,1915493672,,Nursing homes,Sunderland,North East,Harbour Healthcare (North) Ltd
The Hollies Nursing Home,"Drake Lane,Dursley",GL11 5HA,1453541400,,Nursing homes,Gloucestershire,South West,Care UK Care Services Limited
Belvedere Lodge,"1 Belvedere Road,Westbury Park,Bristol",BS6 7JG,1179731163,https://www.ablecare-homes.co.uk,Residential homes,"Bristol, City of",South West,Ablecare Homes Limited
Holly Lodge,"Old Hospital Road,Pewsey",SN9 5HY,1672569950,,Nursing homes,Wiltshire,South West,Milestones Trust
The Limes,"Alcester Road,Stratford Upon Avon",CV37 6PH,1789267076,https://www.wcs-care.co.uk,Residential homes,Warwickshire,West Midlands,WCS Care Group Limited
Collingtree Park,"110 Windingbrook Lane,Northampton",NN4 0XN,1604763623,https://www.barchester.com,Residential homes,West Northamptonshire,East Midlands,Barchester Healthcare Homes Limited
Blackburn (Florence House),"Florence House,Florence Street,Blackburn",BB1 5JP,125459969,https://www.heathcotes.net,Residential homes,Blackburn with Darwen,North West,Heathcotes Care Limited
The Hollies Nursing Home,"Drake Lane,Dursley",GL11 5HA,1453541400,,Nursing homes,Gloucestershire,South West,WT UK Opco 4 Limited
Larkhill Hall,"236 Muirhead Avenue East,Liverpool",L11 1ER,1512260118,,Residential homes,Liverpool,North West,Ideal Carehomes (Number One) Limited
Centre Vale Hall,"182 Burnley Road,Todmorden",OL14 5LS,7753343432,,Nursing homes,Calderdale,Yorkshire & Humberside,Affinity Care Consortium Ltd
Tigh Cranntail,"1 King Johns Court,Main Road, Kings Clipstone,Mansfield",NG21 9BT,1623820815,https://www.kisimul.co.uk,Residential homes,Nottinghamshire,East Midlands,Kisimul Group Limited
Saffron Gardens - Prospect Place,"Saffron Gardens,Bristol",BS5 9FF,1179396681,https://www.brunelcare.org.uk,Nursing homes,"Bristol, City of",South West,Brunelcare
Smitham Downs Road,"7 Smitham Downs Road,Purley",CR8 4NH,2086450873,https://www.achievetogether.co.uk,Residential homes,Croydon,London,Achieve Together Limited
Bridlington,"Putney House,47 Scarborough Road,Bridlington",YO16 7PE,1262674818,https://www.heathcotes.net,Residential homes,East Riding of Yorkshire,Yorkshire & Humberside,Heathcotes Care Limited
Chatsworth Lodge,"410 Chatsworth Road,Chesterfield",S40 3BQ,1246556655,https://www.orchardcarehomes.com/carehomes/chatsworth-lodge-chesterfield,Residential homes,Derbyshire,East Midlands,Indigo Care Services Limited
Moorlands Care Home,"104 Church Lane,Brinsley,Nottingham",NG16 5AB,1773781381,,Residential homes,Nottinghamshire,East Midlands,Regal Care Trading Ltd
Sobell Lodge - Care Home Physical Disabilities,"High Street,Staplehurst",TN12 0BJ,1580893729,https://www.leonardcheshire.org/get-support/living/care-homes/sobell-lodge-tonbridge,Residential homes,Kent,South East,Leonard Cheshire Disability
Highgrove,"Stanley Road,Barnsley",S70 3PG,1226288379,https://www.crowncaregroup.co.uk,Nursing homes,Barnsley,Yorkshire & Humberside,Crown Care IV Limited
St Catherines Care Home,"Barony Road,Nantwich",CW5 5QZ,1514203637,https://www.c-i-c.co.uk,Nursing homes,Cheshire East,North West,Park Homes (UK) Limited
Sunnybank,"Elizabeth Drive,Airedale,Castleford",WF10 3SD,1977559458,https://www.mcare.info,Residential homes,Wakefield,Yorkshire & Humberside,Millennium Support Ltd
St Petroc's Care Home,"St Nicholas Street,Bodmin",PL31 1AG,120876152,https://www.stone-haven.co.uk,Residential homes,Cornwall,South West,Stonehaven (Healthcare) Ltd
Orchard View,"1 Fawdon Lane,Newcastle Upon Tyne",NE3 2RU,1916052072,,Nursing homes,Newcastle upon Tyne,North East,Careline Lifestyles (UK) Ltd
Rose House,"Church Street,Doncaster",DN3 3AJ,1302831450,,Residential homes,Doncaster,Yorkshire & Humberside,Runwood Homes Limited
Victoria Mews,"487-493 Binley Road,Binley,Coventry",CV3 2DP,2476651818,https://www.hc-one.co.uk/homes/victoria-mews/,Residential homes,Coventry,West Midlands,HC-One Limited
Driffield Manor Care Home,"Driffield Manor Care Home,30 Middle Street North,Driffield",YO25 6SW,1482665063,,Residential homes,East Riding of Yorkshire,Yorkshire & Humberside,WT UK Opco 4 Limited
Magdalen Park Care Home,"Magdalen Lane,Hedon,Hull",HU12 8LA,1482700733,,Residential homes,East Riding of Yorkshire,Yorkshire & Humberside,WT UK Opco 4 Limited
Louth Manor Care Home,"Legbourne Road,Louth",LN11 8ER,1507203203,,Residential homes,Lincolnshire,East Midlands,WT UK Opco 4 Limited
Tranby Park Care Home,"Heads Lane West,Hessle",HU13 0UF,1482665063,,Residential homes,East Riding of Yorkshire,Yorkshire & Humberside,WT UK Opco 4 Limited
Ferfoot Care Home,"Old and New House,The Folly,Old Hardenhuish Lane,Chippenham",SN14 6HH,1249658677,https://www.ariacare.co.uk/find-a-home/ferfoot-in-chippenham/,Residential homes,Wiltshire,South West,Aria Healthcare Group LTD
Oakmeadow Community Support Centre,"Peelhouse Lane,Widnes",WA8 6TJ,1515116050,https://www.halton.gov.uk,Community services - Healthcare|Residential homes|Homecare agencies|Rehabilitation (illness/injury),Halton,North West,Halton Borough Council
Broom Cottage,"159 Birkinstyle Lane,Stonebroom,Alfreton",DE55 6LD,1604745901,,Residential homes,Derbyshire,East Midlands,National Care Consortium Ltd
Ferfoot Care Home,"Old and New House,The Folly,Old Hardenhuish Lane,Chippenham",SN14 6HH,1249658677,,Residential homes,Wiltshire,South West,Care UK Care Services Limited
Beverley Parklands Care Home,"Beverley Parklands,Beverley",HU17 0RA,1482866166,,Residential homes,East Riding of Yorkshire,Yorkshire & Humberside,WT UK Opco 4 Limited
Birkin Lodge,"Camden Park,Tunbridge Wells",TN2 5AE,1892533747,,Nursing homes,Kent,South East,Country Court Care Homes 2 Limited
Whitwood Hall,"Whitwood Lane,Castleford",WF10 5QD,1977667200,,Residential homes,Wakefield,Yorkshire & Humberside,Living Ambitions Limited
Birnbeck House - Care Home Learning Disabilities,"2 St Pauls Road,Weston Super Mare",BS23 4AF,1934626498,https://www.leonardcheshire.org/what-we-can-do-you/care-and-accommodation/care-homes/birnbeck-house,Residential homes|Homecare agencies|Supported living,North Somerset,South West,Leonard Cheshire Disability
Meade Close,"1-2 Meade Close,Urmston,Manchester",M41 5BL,1617468301,https://www.salutemcareandeducation.co.uk,Residential homes,Trafford,North West,Salutem LD BidCo IV Limited
Edenbridge Manor Care Home,"Mont St. Aignan Way,Edenbridge",TN8 5FA,1732927469,https://www.averyhealthcare.co.uk/care-homes/kent/edenbridge/edenbridge-manor/,Residential homes,Kent,South East,Willowbrook Healthcare Limited
Heavers Court,"122-124 Selhurst Road,London",SE25 6LL,2039304360,,Nursing homes,Croydon,London,Eleanor Nursing and Social Care Limited
Langley Oaks,"2 Langley Oaks Avenue,South Croydon",CR2 8DH,2036278903,,Residential homes,Croydon,London,Eleanor Nursing and Social Care Limited
Addington Heights,"1 Milne Park West,Croydon",CR0 0DN,,,Nursing homes,Croydon,London,Eleanor Nursing and Social Care Limited
Keychange Charity Rose Lawn Care Home,"All Saints Road,Sidmouth",EX10 8EX,1395513876,https://www.keychangecare.org.uk,Residential homes,Devon,South West,Keychange Charity
Coalville Nursing Home,"Albert Road,Coalville",LE67 3AA,1530817442,https://www.rushcliffecare.co.uk,Nursing homes,Leicestershire,East Midlands,Rushcliffe Care Limited
Cedar Grange Residential and Nursing Home,"Cross Lanes,Lanstephan,Launceston",PL15 8FB,1566773049,,Nursing homes,Cornwall,South West,Sanctuary Care Limited
Archers Park,"Archer Road,Sunderland",SR3 3DJ,1915225977,https://www.orchardcarehomes.com/carehomes/archers-park-farringdon-sunderland,Residential homes,Sunderland,North East,Indigo Care Services Limited
Cheaney Court Care Home,"2 Harrington Road,Desborough,Kettering",NN14 2NH,,https://www.minstercaregroup.co.uk,Nursing homes,North Northamptonshire,East Midlands,Minster Care Management No2 Limited
Eagle View Care Home,"Phoenix Drive,Scarborough",YO12 4AZ,1723366236,,Residential homes,North Yorkshire,Yorkshire & Humberside,Minster Care Management No2 Limited
The Rivers,"The Croft,Knottingley",WF11 9BL,1977233137,,Residential homes,Wakefield,Yorkshire & Humberside,Minster Care Management No2 Limited
Roseway House,"Wear Street,Jarrow",NE32 3JN,1914890200,,Nursing homes,South Tyneside,North East,Minster Care Management No2 Limited
Harmony House,"Chilvers Cotton,Nuneaton",CV10 7BG,2476320532,,Nursing homes,Warwickshire,West Midlands,Minster Care Management No2 Limited
Kingfisher House,"Cleveland Road,North Shields",NE29 0NW,1912585500,,Nursing homes,North Tyneside,North East,Minster Care Management No2 Limited
Lonsdale House,"8 Lichfield Road,Walsall",WS4 2DH,1922721566,https://www.accordgroup.org.uk,Residential homes,Walsall,West Midlands,GreenSquareAccord Limited
The Old Orchard Care Home,"123C Shelford Road,Radcliffe On Trent,Nottingham",NG12 1AZ,1159335113,https://www.salutemcareandeducation.co.uk,Residential homes,Nottinghamshire,East Midlands,Salutem LD BidCo IV Limited
Fallings Heath,"5 Fallings Heath Close,Darlaston,Walsall",WS10 8BT,1215686176,https://www.accordha.org.uk,Residential homes,Walsall,West Midlands,GreenSquareAccord Limited
Bramwell,"Bramwell Residential Care Home,Bramwell Drive, Bramcote,Nottingham",NG9 3ST,1159677571,,Residential homes,Nottinghamshire,East Midlands,Runwood Homes Limited
Henlow Court,"Henlow Drive,Dursley",GL11 4BE,1453545866,,Nursing homes,Gloucestershire,South West,Agincare (Somerset) Limited
Eachstep Blackburn,"Infirmary Road,Blackburn",BB2 3LP,1254266480,https://www.c-i-c.co.uk,Nursing homes,Blackburn with Darwen,North West,Park Homes (UK) Limited
Sebright House Care Home,"10-12 Leam Terrace,Leamington Spa",CV31 1BB,1926431141,https://www.interhaze.co.uk,Nursing homes,Warwickshire,West Midlands,Interhaze Limited
Willowbank Nursing Home,"5-7 Barwick Road,Leeds",LS15 8SE,1132647924,,Nursing homes,Leeds,Yorkshire & Humberside,Maria Mallaband Limited
Newton Court Care Home,"28 St Ann's Road,Middlewich",CW10 9BJ,1606835294,https://www.bupa.com,Nursing homes,Cheshire East,North West,Bupa Care Homes (AKW) Limited
Thomas Henshaw Court,"105 Norwood Road,Southport",PR8 6EL,,https://www.anchor.org.uk,Residential homes,Sefton,North West,Anchor Hanover Group
Fernihurst Nursing Home,"19 Douglas Avenue,Exmouth",EX8 2HA,1395224112,https://www.sanctuary-care.co.uk/care-homes-south-and-south-west/fernihurst-nursing-home,Nursing homes,Devon,South West,Sanctuary Care Limited
Garden Hill Care Centre,"32 St Michaels Avenue,South Shields",NE33 3AN,1914975255,,Nursing homes,South Tyneside,North East,MMCG (CCH) (2) Limited
Hoylands House,"Silkstone,Barnsley",S75 4NG,1226792272,https://www.autism.org.uk/yorksandhumber,Residential homes,Barnsley,Yorkshire & Humberside,National Autistic Society (The)
Blackberry Hill,"Ansford Road,Castle Cary",BA7 7HG,,https://www.voyagecare.com,Residential homes,Somerset,South West,Voyage 1 Limited
Stonedale Lodge Care Home,"200 Stonedale Crescent,Liverpool",L11 9DJ,1515492020,,Residential homes,Liverpool,North West,Advinia Care Homes Limited
Redesdale Court,"Rake Lane,North Shields",NE29 9QS,1912931340,https://www.hc-one.co.uk,Nursing homes,North Tyneside,North East,HC-One No.2 Limited
Adult Pathways 2,"Mill Lane,Alderley Edge",SK9 7UD,1565640000,https://www.davidlewis.org.uk,Residential homes,Cheshire East,North West,The David Lewis Centre
Pennine Lodge Care Home,"Pennine Way,Carlisle",CA1 3QD,,,Nursing homes,Cumberland,North West,Crown Care VI Limited
Granville,"10 Victoria Road,Eccles,Manchester",M30 9HB,1616077101,,Residential homes,Salford,North West,Salford City Council
Tollesby Hall Nursing Home,"Slip In Bank,Ladgate Lane, Hemlington,Middlesbrough",TS8 9EJ,1642300690,,Nursing homes,Middlesbrough,North East,Landona House Limited
Roxholm Hall Care Centre,"Roxholm,Sleaford",NG34 8ND,1526832128,https://www.stphilipscare.com,Residential homes,Lincolnshire,East Midlands,St Philips Care Limited
Kenwood House,"Kenwood House,29-31 Kenwood Park Road,Sheffield",S7 1NE,,,Residential homes,Sheffield,Yorkshire & Humberside,Moorville Developments Limited
The Tobias Centre,"8 St Margaret's Road,St Marychurch,Torquay",TQ1 4NW,1803312867,https://www.salutemcareandeducation.co.uk,Residential homes,Torbay,South West,Modus Care Limited
Choices Housing Association Limited - 60 Holdcroft Road,"Bucknall,Stoke On Trent",ST2 8LJ,1782570323,https://www.choiceshousing.co.uk,Residential homes,Stoke-on-Trent,West Midlands,Choices Housing Association Limited
Choices Housing Association Limited - 4 West Street,"Biddulph,Stoke On Trent",ST8 6HL,1782514141,https://www.choiceshousing.co.uk,Residential homes,Staffordshire,West Midlands,Choices Housing Association Limited
Hope Green Residential Home,"London Road,Adlington,Macclesfield",SK10 4NJ,1625871210,,Residential homes,Cheshire East,North West,Maria Mallaband Limited
14 Lightwood,"14 Lightwood,Worsley,Manchester",M28 1ZL,1925759162,https://www.brightfuturescare.co.uk,Residential homes,Salford,North West,Bright Futures Care Limited
Pavilion Court,"Brieryside,Cowgate,Newcastle upon Tyne",NE5 3AB,1912867653,https://www.akaricare.co.uk,Nursing homes,Newcastle upon Tyne,North East,Akari Care Limited
Rowan Court,"167 Huddersfield Road,Thongsbridge,Huddersfield",HD9 3TQ,1484686530,https://www.hollybanktrust.com,Residential homes,Kirklees,Yorkshire & Humberside,Hollybank Trust
Church House Care Home,"Coole Lane,Austerson,Nantwich",CW5 8AB,1270625484,,Nursing homes,Cheshire East,North West,Akari Care Limited
The Pines,"Poldory,Carharrack,Redruth",TR16 5HS,1637416444,https://www.switchedoncare.com,Residential homes,Cornwall,South West,Green Light PBS Limited
Cranbourne House,"25 Cranbourne Road,Bradford",BD9 6BH,1274481307,,Residential homes|Supported living,Bradford,Yorkshire & Humberside,Heathcotes Care Limited
The Gardens,"18 Lonsdale Road,Wolverhampton",WV3 0DY,7530880120,,Residential homes,Wolverhampton,West Midlands,Aston Transitional Care Limited
120 Furber Road,"St George,Bristol",BS5 8PT,1179352157,https://www.milestonestrust.org.uk,Residential homes,"Bristol, City of",South West,Milestones Trust
Islands’ View,"The Parade,St. Mary's,Isles Of Scilly",TR21 0LP,1720422699,https://www.scilly.gov.uk,Residential homes|Homecare agencies,Isles of Scilly,South West,Council of the Isles of Scilly
Oxbridge House,"187 Oxbridge Lane,Stockton On Tees",TS18 4JB,1642633552,https://www.milewood.co.uk,Residential homes,Stockton-on-Tees,North East,Milewood Healthcare Ltd
Pennington Court,"Pennington Court, Rotherham Road,,Maltby,Rotherham",S66 8FE,1709812263,https://www.voyagecare.com,Residential homes,Rotherham,Yorkshire & Humberside,Voyage 1 Limited
Charlton Park Care Home,"21 Cemetery Lane,Charlton,London",SE7 8DZ,1895257010,,Nursing homes,Greenwich,London,GCH (Alder) Ltd
Norton Villa,"25 Mark Avenue,Stockton-on-tees",TS20 1NG,,,Residential homes,Stockton-on-Tees,North East,Milewood Healthcare Ltd
Clarendon Nursing Home,"7A Zion Place,Thornton Heath",CR7 8RR,2086891004,https://bondcare.co.uk/clarendon/,Nursing homes,Croydon,London,Bondcare (London) Limited
Dene Park House,"Killingworth Road,South Gosforth,Newcastle upon Tyne",NE3 1SY,1912132722,,Nursing homes,Newcastle upon Tyne,North East,Akari Care Limited
Crofton Court,"Edward Street,Blyth",NE24 1DW,1670354573,,Residential homes,Northumberland,North East,Akari Care Limited
Maple Leaf Lodge Care Home,"37 Beacon Lane,Grantham",NG31 9DN,1476590674,,Residential homes,Lincolnshire,East Midlands,Barchester Healthcare Homes Limited
Sutton Valence Care Home,"Maidstone Road,Sutton Valence,Maidstone",ME17 3LW,1622843999,,Nursing homes,Kent,South East,Barchester Healthcare Homes Limited
Brampton View Care Home,"Brampton View, Brampton Lane,Chapel Brampton,Northampton",NN6 8GH,1604850700,,Nursing homes,West Northamptonshire,East Midlands,Barchester Healthcare Homes Limited
The Cedars,"Church Walk,South Street,Bourne",PE10 9UQ,1778421555,,Nursing homes,Lincolnshire,East Midlands,Barchester Healthcare Homes Limited
Boroughbridge Manor and Lodge Care Home,"Roecliffe Lane,Boroughbridge,York",YO51 9LW,1423326814,,Residential homes,North Yorkshire,Yorkshire & Humberside,Barchester Healthcare Homes Limited
Broadway Halls Care Home,"The Broadway,Dudley",DY1 3EA,1384215190,,Nursing homes,Dudley,West Midlands,Barchester Healthcare Homes Limited
Hall Park Care Home,"Squires Avenue,Bulwell,Nottingham",NG6 8GH,1159758750,,Residential homes,Nottingham,East Midlands,Barchester Healthcare Homes Limited
Cepen Lodge,"West Cepen Way,Chippenham",SN14 6UZ,1249707280,,Residential homes,Wiltshire,South West,Barchester Healthcare Homes Limited
Crabwall Hall,"Parkgate Road,Mollington,Chester",CH1 6NE,1244851202,,Residential homes,Cheshire West and Chester,North West,Barchester Healthcare Homes Limited
Lawton Manor Care Home,"Church Lane,Church Lawton,Stoke-on-trent",ST7 3DD,1270844200,,Nursing homes,Cheshire East,North West,Barchester Healthcare Homes Limited
Lawton Rise Care Home,"Heathside Lane,Stoke-on-trent",ST6 5QS,1782773000,,Nursing homes,Stoke-on-Trent,West Midlands,Barchester Healthcare Homes Limited
Scarborough Hall and Lodge Care Home,"Mount View Avenue,off Seamer Road,Scarborough",YO12 4EW,1723381594,,Residential homes,North Yorkshire,Yorkshire & Humberside,Scarborough Hall Limited
Leeming Bar Grange Care Home,"Leeming Lane,Leeming Bar,Northallerton",DL7 9AU,1677425594,,Residential homes,North Yorkshire,Yorkshire & Humberside,Barchester Healthcare Homes Limited
Scarborough Hall and Lodge Care Home,"Mount View Avenue,off Seamer Road,Scarborough",YO12 4EW,1723381594,,Residential homes,North Yorkshire,Yorkshire & Humberside,Barchester Healthcare Homes Limited
Spen Court Care Home,"Railway Street,Heckmondwike",WF16 0ND,1924418970,,Residential homes,Kirklees,Yorkshire & Humberside,Barchester Healthcare Homes Limited
Church View,"Green Lane,Liverpool",L13 7EB,1512280997,,Nursing homes,Liverpool,North West,DHCH14 Limited
Fir Close,"2 Westgate,Louth",LN11 9YH,1507603882,https://www.prime-life.co.uk,Residential homes,Lincolnshire,East Midlands,Prime Life Limited
Belong Chester,"36 City Road,Chester",CH1 3AD,1244445500,https://www.belong.org.uk,Nursing homes,Cheshire West and Chester,North West,Belong Limited
CareTech Community Services Limited - 15 Brooklyn Road,"15 Brooklyn Road,Cheltenham",GL51 8DT,1242581112,,Residential homes,Gloucestershire,South West,CareTech Community Services Limited
Beacon View Home for Older People,"Kiln Lane,Skelmersdale",WN8 8PW,1695725682,https://www.lancashire.gov.uk,Residential homes,Lancashire,North West,Lancashire County Council
Opal House,"22 Humberston Avenue,Humberston,Grimsby",DN36 4SP,1472905993,,Nursing homes,North East Lincolnshire,Yorkshire & Humberside,Carmand Ltd
Heys House,"160 Heys Lane,Blackburn",BB2 4NG,,,Residential homes,Blackburn with Darwen,North West,Blue Ribbon Healthcare Limited
Glenthorne Court,"377 Norton Road,Stockton-on-tees",TS20 2PJ,1642558621,,Residential homes,Stockton-on-Tees,North East,Milewood Healthcare Ltd
The Avenue,"76 The Avenue,Nunthorpe,Middlesbrough",TS7 0AR,,,Residential homes,Middlesbrough,North East,Milewood Healthcare Ltd
Springfield House,"Durham Road,Low Fell,Gateshead",NE9 5BW,1914782141,https://www.hc-one.co.uk,Residential homes,Gateshead,North East,HC-One No.2 Limited
Wheatfield Court,"Wheatfield Road,Westerhope,Newcastle upon Tyne",NE5 5HQ,1912145104,,Nursing homes,Newcastle upon Tyne,North East,Akari Care Limited
Mulberry Court,"Mulberry Court,Common Mead Lane,Gillingham",SP8 4RE,1747822241,https://www.salutemcareandeducation.co.uk,Residential homes,Dorset,South West,Salutem LD BidCo IV Limited
Gloucester House,"23 Gloucester Street,Spon End,Coventry",CV1 3BZ,,,Residential homes,Coventry,West Midlands,Aspects Care Homes Ltd
SENSE Andlaw House,"126 Bartholomew Street West,Exeter",EX4 3AJ,1392490366,https://www.sense.org.uk,Residential homes,Devon,South West,Sense
Pelham,"20 Pelham Road,Grimsby",DN34 4SU,1472353762,https://www.linkage.org.uk,Residential homes|Education disability services,North East Lincolnshire,Yorkshire & Humberside,Linkage Community Trust
Landemere Residential Care Home,"Inverary Close,Sinfin",DE24 3JX,1332272007,https://www.anchor.org.uk,Residential homes,Derby,East Midlands,Anchor Hanover Group
Bellamy's Cottage,"Weelsby Road,Grimsby",DN32 9RU,1472241893,https://www.linkage.org.uk,Residential homes,North East Lincolnshire,Yorkshire & Humberside,Linkage Community Trust
The Wolds Care Centre,"North Holme Road,Louth",LN11 0JF,1507602360,,Nursing homes,Lincolnshire,East Midlands,H I C A
Purley Gardens Care Home,"21-27 Russell Hill Road,Purley",CR8 2LF,2086762300,https://www.sunrise-care.co.uk,Nursing homes,Croydon,London,Willow Tower Opco 1 Limited
Ridgewood Court Residential Care Home,"Ridgewood Drive,Wirral",CH61 8RA,1513177171,,Residential homes,Wirral,North West,Sanctuary Care Limited
Windmill Lodge,"Wildings Lane,Lytham St. Annes",FY8 3RJ,7354902670,,Nursing homes,Lancashire,North West,Priory CC96 Limited
Inverthorne,"20 Thornholme Road,Sunderland",SR2 7QG,1915145853,https://www.ne-as.org.uk,Residential homes,Sunderland,North East,North East Autism Society
Moorpine,"18 Thornholme Road,Sunderland",SR2 7QG,1915109610,https://www.ne-as.org.uk,Residential homes,Sunderland,North East,North East Autism Society
Dean View Villas,"579-581 John Williamson Street,South Shields",NE33 5HW,1914559903,https://www.c-i-c.co.uk,Residential homes,South Tyneside,North East,Community Integrated Care
United Response - 16 Curtis Road,"16 Curtis Road,Whitton",TW4 5PT,2088986026,https://www.unitedresponse.org.uk,Residential homes,Richmond upon Thames,London,United Response
Kensington Residential Care,"340 Pelham Road,Immingham",DN40 1PU,1469310080,,Residential homes,North East Lincolnshire,Yorkshire & Humberside,365 Care Homes Limited
Ash Tree House,"24 The Bungalows,Grangetown,Middlesbrough",TS6 7SQ,1642456962,,Residential homes,Redcar and Cleveland,North East,Milewood Healthcare Ltd
Viera Gray House,"27 Ferry Road,London",SW13 9PP,2087484563,https://www.greensleeves.org.uk/care-homes/viera-gray-house-barnes-london/,Residential homes,Richmond upon Thames,London,Greensleeves Homes Trust
United Response - 36 Harvey Road,"36 Harvey Road,Whitton,Hounslow",TW4 5LU,2036681557,,Residential homes,Richmond upon Thames,London,United Response
Harmony House,"Cuthbert Street,Hebburn",NE31 1DJ,1914835588,https://www.salutemcareandeducation.co.uk,Residential homes,South Tyneside,North East,Pathways Care Group Limited
Patrick House,"2 Patrick Road,West Bridgford,Nottingham",NG2 7JY,1159818733,,Residential homes,Nottinghamshire,East Midlands,Broadoak Group of Care Homes
The Lodge,"207 Scar Lane,Milnsbridge,Huddersfield",HD3 4PZ,1484647816,,Residential homes,Kirklees,Yorkshire & Humberside,Valeo Limited
The Cedars Nursing Home,"North Common Lane,Landford,Salisbury",SP5 2EJ,1794399040,,Nursing homes,Wiltshire,South West,Barchester Healthcare Homes Limited
Mere Hall Care Home,"2 Strickland Drive,Hornsea",HU18 1FE,1964203333,,Residential homes,East Riding of Yorkshire,Yorkshire & Humberside,WT UK Opco 4 Limited
The DurhamGate Care Home,"Durham Gate,Spennymoor",DL16 6GF,,,Residential homes,County Durham,North East,Care UK Care Services Limited
Leyland Lane,"501 Leyland Lane,Leyland",PR25 1LA,1772424265,,Residential homes,Lancashire,North West,Cedar Health And Wellbeing Limited
Hammerwich Hall Care Home,"105 Burntwood Road,Hammerwich,Burntwood",WS7 0JL,1543675529,,Nursing homes,Staffordshire,West Midlands,Advinia Care Homes Limited
Meldan,"16a Leechmere Road,Sunderland",SR2 9NB,1915653485,,Residential homes,Sunderland,North East,North East Autism Society
Boston House,"Broadway Street,Oldham",OL8 1XR,1615092921,,Residential homes,Oldham,North West,Accomplish Group Limited
Heathercroft,"43 Old Lodge Lane,Purley",CR8 4DL,,,Residential homes,Croydon,London,The Brandon Trust
Lynbrook,"106 Todd Lane North,Lostock Hall,Preston",PR5 5UQ,1772697441,https://www.prioryadultcare.co.uk,Residential homes,Lancashire,North West,Progress Adult Services Limited
The Court,"22 Thornholme Road,Sunderland",SR2 7QG,1915673719,https://www.ne-as.org.uk,Residential homes,Sunderland,North East,North East Autism Society
Toller Road,"13 Toller Road,Leicester",LE2 3HP,1162703118,https://www.cygnethealth.co.uk,Nursing homes,Leicester,East Midlands,Cygnet (OE) Limited
Hunsbury House,"8 Long Acres,Hunsbury,Northampton",NN4 0QF,1604864466,,Nursing homes,West Northamptonshire,East Midlands,Oakleaf Care (Hartwell) Limited
Polesworth Group Friary Road,"8 Friary Road,Atherstone",CV9 3AG,1827718066,https://www.polesworthhomes.co.uk,Residential homes,Warwickshire,West Midlands,Polesworth Group Homes Limited
Franklin House Limited,"Franklin House,Franklin Street,Oldham",OL1 2DP,1616787870,https://www.franklincaregroup.co.uk,Residential homes,Oldham,North West,Franklin Care Group Limited
Bradbury House,"The Portway,Salisbury",SP4 6BT,1722438100,,Residential homes,Wiltshire,South West,Wiltshire Council
Cheltenham Road,"62 Cheltenham Road,Evesham",WR11 2LQ,1386442783,https://www.noblecare.co.uk,Residential homes,Worcestershire,West Midlands,Noble Care Limited
Lime Street,"21 Lime Sreet,Evesham",WR11 3AW,1386422017,https://www.noblecare.co.uk,Residential homes,Worcestershire,West Midlands,Noble Care Limited
Lydbury Crescent Chance for a Break Service,"23-25 Lydbury Crescent,Southdene,Kirkby",L32 9RD,1515466551,,Residential homes,Knowsley,North West,Knowsley Metropolitan Borough Council
Atkinson Grove Chance for a Break Service,"3 Atkinson Grove,Huyton",L36 7RS,1514805673,,Residential homes,Knowsley,North West,Knowsley Metropolitan Borough Council
Ashcroft Nursing Home,"Fairview Close,Cliftonville,Margate",CT9 2QE,1843296626,,Nursing homes,Kent,South East,Regal Care Trading Ltd
Esmer House,"22 Peafield Lane,Mansfield Woodhouse,Mansfield",NG19 9DT,1623658784,https://www.voyagecare.com,Residential homes,Nottinghamshire,East Midlands,Voyage 1 Limited
Frenchay House,"Beckspool Road,Frenchay Common,Bristol",BS16 1NE,1179567611,https://www.ablecare-homes.co.uk,Residential homes,South Gloucestershire,South West,Ablecare Homes Limited
Wrawby Hall Care Home,"Vicarage Road,Wrawby,Brigg",DN20 8RP,1652655311,https://www.trustcare.co.uk,Residential homes,North Lincolnshire,Yorkshire & Humberside,Trust Care Ltd
Housteads,"1 Richmond Park Grove,Handsworth,Sheffield",S13 8HX,1142692469,https://www.sheffcare.co.uk,Residential homes,Sheffield,Yorkshire & Humberside,SheffCare Limited
Deerlands,"48 Margetson Road,Sheffield",S5 9LS,1142213258,https://www.sheffcare.co.uk,Residential homes,Sheffield,Yorkshire & Humberside,SheffCare Limited
The Maltings,"Brewers Lane,Shelbourne Road,Calne",SN11 8EZ,1249815377,https://www.voyagecare.com,Residential homes,Wiltshire,South West,Voyage 1 Limited
Cote House,"24 Rowden Hill,Chippenham",SN15 2AG,1249653760,https://www.voyagecare.com,Nursing homes,Wiltshire,South West,Voyage 1 Limited
St Edwards Close,"6 St Edwards Close,New Addington,Croydon",CR0 0EL,1689800960,https://www.nas.org.uk,Residential homes,Croydon,London,National Autistic Society (The)
Penrose Farm,"Bodmin Road,Goonhavern,Truro",TR4 9QF,1637416444,https://www.switchedoncare.com,Residential homes,Cornwall,South West,Green Light PBS Limited
Cherry Tree Lodge,"1 Gleave Road,Warwick,Leamington Spa",CV31 2JS,1926425072,,Residential homes,Warwickshire,West Midlands,Runwood Homes Limited
Northbourne,"Durham Road,Low Fell,Gateshead",NE9 5AR,1914825859,https://www.anchor.org.uk,Residential homes,Gateshead,North East,Anchor Hanover Group
Valleyview,"Highfield street,Swadlincote",DE11 9AS,1283218076,,Residential homes,Derbyshire,East Midlands,Achieve Together Limited
Woodville Residential Care Home,"145 Burton Road,Woodville,Swadlincote",DE11 7JW,1283551501,,Residential homes,Derbyshire,East Midlands,Prime Life Limited
Addington Road,"264 Addington Road,Irthlingborough,Wellingborough",NN9 5UT,,,Residential homes,North Northamptonshire,East Midlands,Achieve Together Limited
Neville Lodge,"109 Thorne Road,Doncaster",DN2 5BE,7583635516,,Residential homes,Doncaster,Yorkshire & Humberside,Walton Lodge Limited
Warwick House,"12 Grosvenor Road,Paignton",TQ4 5AY,1803663421,https://www.salutemcareandeducation.co.uk,Residential homes,Torbay,South West,Modus Care Limited
Fairfield,"Butler Crescent,Exhall,Coventry",CV7 9DA,2476311424,https://www.wcs-care.co.uk,Residential homes,Warwickshire,West Midlands,WCS Care Group Limited
Little Heath Lodge,"68 Little Heath,Charlton,London",SE7 8BH,2083177542,,Nursing homes,Greenwich,London,Cognithan Limited
6 Northumberland Road,"Redland,Bristol",BS6 7AU,1179423628,https://www.milestonestrust.org.uk,Residential homes,"Bristol, City of",South West,Milestones Trust
35 Cranbrook Road,"Redland,Bristol",BS6 7BP,1179442021,https://www.milestonestrust.org.uk,Residential homes,"Bristol, City of",South West,Milestones Trust
Dimensions Somerset Pendean Court,"Pendean Court,Barras Cross,Liskeard",PL14 6DZ,1579340230,,Residential homes,Cornwall,South West,Dimensions Somerset Sev Limited
Comfort House,"Middlegate,West Denton,Newcastle upon Tyne",NE5 5AY,1912644455,,Residential homes,Newcastle upon Tyne,North East,Akari Care Limited
Victoria Court,"Nesfield Road,Ilkeston",DE7 8AY,1159322303,https://www.anchor.org.uk,Residential homes,Derbyshire,East Midlands,Anchor Hanover Group
Broadoak Manor Care Home,"Mulcrow Close,Parr,St Helens",WA9 1HB,1744615626,,Nursing homes,St. Helens,North West,HC-One No.1 Limited
The Holt,"Heath Farm, Heath Road,Ashby De La Launde,Lincoln",LN4 3JD,1526322444,https://www.autismcareuk.com,Residential homes,Lincolnshire,East Midlands,Autism Care (UK) Limited
Worth Crescent,"35 Worth Crescent,Stourport On Severn",DY13 8RR,1299822515,https://www.worcestershire.gov.uk,Residential homes,Worcestershire,West Midlands,Worcestershire County Council
Indigo,"2 Forest Avenue,Mansfield",NG18 4BX,1623626252,,Residential homes,Nottinghamshire,East Midlands,Innova House Health Care Limited
Kesteven Grange,"Kesteven Way,Kingswood,Hull",HU7 3EJ,1325351100,,Residential homes,"Kingston upon Hull, City of",Yorkshire & Humberside,WT NB OpCo 1 Limited
Nazareth House - Manchester,"Scholes Lane,Prestwich,Manchester",M25 0NU,1617732111,,Nursing homes,Bury,North West,Nazareth Care Charitable Trust
Fern Lodge Care Home,"5 Eversley Park,Chester",CH2 2AJ,1244372288,,Nursing homes,Cheshire West and Chester,North West,Parkcare Homes (No.2) Limited
Brunswick Mews,"70 Brunswick Park Road,Wednesbury",WS10 9QR,1214480501,,Residential homes,Sandwell,West Midlands,Parkcare Homes (No.2) Limited
The Sugar Family Care Home,"Woodford Bridge Road,Ilford",IG4 5LN,,,Nursing homes,Redbridge,London,Jewish Care
Birchmere House,"1270 Warwick Road,Knowle,Solihull",B93 9LQ,1564732400,https://www.averyhealthcare.co.uk/care-homes/west-midlands/solihull/birchmere,Nursing homes,Solihull,West Midlands,Willowbrook Healthcare Limited
Elm,"Forest Avenue,Mansfield",NG18 4BX,1623626252,,Residential homes,Nottinghamshire,East Midlands,Innova House Health Care Limited
Springhill Care Home,"Springhill House,Fairfield Street,Accrington",BB5 0LD,1254381719,,Nursing homes,Lancashire,North West,Prime Life Limited
Middleton Fells,"Middleton Fells,Middleton,Carnforth",LA6 2NF,1524563090,,Residential homes,Westmorland and Furness,North West,OA2 Adults Limited
Collingwood Court,"Front Street,Chirton,North Shields",NE29 0LF,1912578118,https://www.careuk.com/carehomes/collingwood-court-north-shields,Residential homes,North Tyneside,North East,Care UK Community Partnerships Ltd
Tennyson Wharf,"Park Lane,Burton Waters,Lincoln",LN1 2ZD,1522530282,,Residential homes,Lincolnshire,East Midlands,Scarborough Hall Limited
Tennyson Wharf,"Park Lane,Burton Waters,Lincoln",LN1 2ZD,1522848747,https://www.barchester.com,Residential homes,Lincolnshire,East Midlands,Barchester Healthcare Homes Limited
Wilton Place Care Home,"Wilton Place Care Home,Buckeridge Road, Wilton,Salisbury",SP2 0FX,1722656740,https://www.barchester.com,Residential homes,Wiltshire,South West,Barchester Healthcare Homes Limited
Tewkesbury Fields,"The Oxhey,Bushley,Tewkesbury",GL20 6HP,1684850311,https://www.barchester.com,Residential homes,Worcestershire,West Midlands,Barchester Healthcare Homes Limited
Tewkesbury Fields,"The Oxhey,Bushley,Tewkesbury",GL20 6HP,1684850311,,Residential homes,Worcestershire,West Midlands,Scarborough Hall Limited
Wilton Place Care Home,"Wilton Place Care Home,Buckeridge Road, Wilton,Salisbury",SP2 0FX,1722656740,,Residential homes,Wiltshire,South West,Scarborough Hall Limited
The Mount & Severn View,"41-43 The Mount,Shrewsbury",SY3 8PP,1743232228,https://www.barchester.com,Nursing homes,Shropshire,West Midlands,Barchester Healthcare Homes Limited
Trinity Manor Care Home,"Bradford Road,Sherborne",DT9 6EX,1935815972,https://www.barchester.com,Residential homes,Dorset,South West,Barchester Healthcare Homes Limited
Trinity Manor Care Home,"Bradford Road,Sherborne",DT9 6EX,1935815972,,Residential homes,Dorset,South West,Scarborough Hall Limited
Sutton Grange,"Greaves Hall Lane,Southport",PR9 8BL,1704741420,,Nursing homes,Lancashire,North West,Barchester Healthcare Homes Limited
Sutton Grange,"Greaves Hall Lane,Southport",PR9 8BL,1704215500,,Nursing homes,Lancashire,North West,Scarborough Hall Limited
Darcy Gardens,"Oldfield Lane,Bath",BA2 3NR,,,Residential homes,Bath and North East Somerset,South West,Barchester Healthcare Homes Limited
Darcy Gardens,"Oldfield Lane,Bath",BA2 3NR,,,Residential homes,Bath and North East Somerset,South West,Scarborough Hall Limited
The Mount & Severn View,"41-43 The Mount,Shrewsbury",SY3 8PP,1743232228,,Nursing homes,Shropshire,West Midlands,Scarborough Hall Limited
Upton Bay Care Home,"1 Hoyal Road,Poole",BH15 4HY,1202679529,https://www.barchester.com,Residential homes,"Bournemouth, Christchurch and Poole",South West,Barchester Healthcare Homes Limited
Upton Bay Care Home,"1 Hoyal Road,Poole",BH15 4HY,1202679529,,Residential homes,"Bournemouth, Christchurch and Poole",South West,Scarborough Hall Limited
The Old Vicarage Nursing and Residential Care Centre,"Fir Tree Lane,Burtonwood,Warrington",WA5 4NN,1925229944,,Nursing homes,Warrington,North West,Harbour Healthcare Ltd
Charterhouse Care Home,"The Chocolate Quarter,Trajectus Way, Keynsham,Bristol",BS31 2GL,1173637110,,Nursing homes|Rehabilitation (illness/injury),Bath and North East Somerset,South West,The Council of St Monica Trust
Wilton Lodge - Care Home,"402 Holderness Road,Hull",HU9 3DW,1482788033,https://www.hica-uk.com,Residential homes,"Kingston upon Hull, City of",Yorkshire & Humberside,H I C A
Echelforde,"College Way,Ashford",TW15 2XG,1784255225,,Residential homes,Surrey,South East,Care UK Care Services Limited
Broadwater Lodge,"Summers Road,Farncombe,Godalming",GU7 3BF,1483414186,,Residential homes,Surrey,South East,Care UK Care Services Limited
Yarnley House Care Home,"Yarnley House,Hopclover Way,Ringwood",BH24 3FQ,1425563333,,Nursing homes,Hampshire,South East,Priory CC96 Limited
Appleby House,"Longmead Road,Epsom",KT19 9RX,1372739933,,Residential homes,Surrey,South East,Care UK Care Services Limited
Sway Place,"Sway Place,Church Lane, Sway,Lymington",SO41 6AD,1590684900,,Residential homes,Hampshire,South East,Care UK Care Services Limited
Maids Moreton Hall,"Church Street,Maids Moreton,Buckingham",MK18 1QF,1280818710,,Nursing homes,Buckinghamshire,South East,Care UK Care Services Limited
Larkland House,"London Road,Ascot",SL5 7EG,1344872121,,Nursing homes,Windsor and Maidenhead,South East,Care UK Care Services Limited
Tall Trees,"Oaks Place, Mile End Road,Colchester",CO4 5XR,1206844425,,Nursing homes,Essex,East,Care UK Community Partnerships Ltd
Norfolk House,"39 Portmore Park Road,Weybridge",KT13 8HQ,1932820300,,Nursing homes,Surrey,South East,Care UK Care Services Limited
Ancasta Grove,"123 Barnes Lane,Sarisbury Green,Southampton",SO31 7BH,2380984057,,Nursing homes,Hampshire,South East,Care UK Care Services Limited
Parsons Grange,"Westall Street,Shinfield,Reading",RG2 9AU,1182071540,,Nursing homes,Wokingham,South East,Care UK Care Services Limited
Heathlands House,"Bullen Close,Cambridge",CB1 8YU,1223618838,,Nursing homes,Cambridgeshire,East,Care UK Care Services Limited
Jubilee House,"Pound Lane,Godalming",GU7 1BX,1483420400,,Nursing homes,Surrey,South East,Care UK Care Services Limited
Bickerton House,"Warfield Road,Bracknell",RG12 2JB,1344929200,,Nursing homes,Bracknell Forest,South East,Care UK Care Services Limited
Prince George House,"102 Mansbrook Boulevard,Ipswich",IP3 9GY,1473714850,,Nursing homes,Suffolk,East,Care UK Care Services Limited
Silversprings,"Tenpenny Hill,Thorrington,Colchester",CO7 8JG,1206251962,,Nursing homes,Essex,East,Care UK Care Services Limited
Pear Tree Court,"33 Portsmouth Road,Horndean,Waterlooville",PO8 9LN,2393879820,,Nursing homes,Hampshire,South East,Care UK Care Services Limited
Britten Court,"Love Road,Lowestoft",NR32 2NY,1502502770,,Nursing homes,Suffolk,East,Care UK Care Services Limited
Asterbury Place,"76 Aster Road,Ipswich",IP2 0NR,1473694470,,Nursing homes,Suffolk,East,Care UK Care Services Limited
Skylark House,"St. Marks Lane,Horsham",RH12 5PU,3333211995,,Nursing homes,West Sussex,South East,Care UK Care Services Limited
Haven Lodge,"Reckitts Close,Clacton-on-sea",CO15 6PG,1255435777,,Nursing homes,Essex,East,Care UK Care Services Limited
Courtwick Lodge,"38 St. Winefrides Road,Littlehampton",BN17 5HA,7587953598,,Residential homes,West Sussex,South East,Consensus Support Services Limited
Wilton House,"1 Wilton Avenue,Bletchley,Milton Keynes",MK3 6BN,7988810861,,Residential homes,Milton Keynes,South East,London Paramount Care Ltd
Stanecroft,"Spook Hill,North Holmwood,Dorking",RH5 4EG,1306876567,,Residential homes,Surrey,South East,Care UK Care Services Limited
Tiltwood,"Hogshill Lane,Cobham",KT11 2AQ,1932866498,,Residential homes,Surrey,South East,Care UK Care Services Limited
Kingsleigh,"Kingfield Road,Woking",GU22 9EQ,1483740750,,Residential homes,Surrey,South East,Care UK Care Services Limited
Mill View,"Sunnyside Close,East Grinstead",RH19 4AT,1342337220,,Nursing homes,West Sussex,South East,Care UK Care Services Limited
Cavell Court,"140 Dragonfly Lane,Cringleford,Norwich",NR4 7SW,3333211980,,Residential homes,Norfolk,East,Care UK Care Services Limited
Cedrus House,"Creeting Road East,Stowmarket",IP14 5GD,1449773650,,Nursing homes,Suffolk,East,Care UK Care Services Limited
Oak House,"Forest Close,Wexham Road,Slough",SL2 4FA,1753528419,,Nursing homes,Slough,South East,Care UK Care Services Limited
Charlotte House,"Snowy Fielder Waye,Isleworth",TW7 6AE,2087580080,,Nursing homes,Hounslow,London,Care UK Care Services Limited
Elizabeth Lodge,"69 Pennington Drive,Enfield,London",N21 1TG,2083602266,,Nursing homes,Enfield,London,Care UK Care Services Limited
Tall Trees,"Oaks Place,Mile End Road,Colchester",CO4 5XR,1206844425,,Nursing homes,Essex,East,Care UK Care Services Limited
Reach Tring Road,"125 Tring Road,Aylesbury",HP20 1LE,1296538019,,Residential homes,Buckinghamshire,South East,Rehabilitation Education And Community Homes Limited
Auburn Lodge Residential Home,"10 Church Road,Selsey,Chichester",PO20 0LS,1243606587,,Residential homes,West Sussex,South East,London Paramount Care Ltd
Rascasse,"Sheepcotes Lane,Silver End,Witham",CM8 3PJ,1376584714,https://www.zerothreecarehomes.co.uk,Residential homes,Essex,East,Zero Three Care Homes LLP
Waterhouse Manor Care Home,"5 Waterhouse Way,Hampton Gardens,Peterborough",PE7 8SJ,,,Residential homes,Peterborough,East,Willowbrook Healthcare Limited
Belgrave Lodge,"61 Belgrave Road,Aylesbury",HP19 9HP,1296619525,https://www.fremantletrust.org,Residential homes,Buckinghamshire,South East,The Fremantle Trust
Mayflower Court,"93 The Meadows,Ladysmock Way,Norwich",NR5 9BF,1603594060,https://www.norsecare.co.uk,Residential homes,Norfolk,East,Norse Care (Services) Limited
Treetops,"353 Chambersbury Lane,Hemel Hempstead",HP3 8LW,7988810861,,Residential homes,Hertfordshire,East,London Paramount Care Ltd
Living Ambitions Limited - 330 Guildford Road,"330 Guildford Road,Bisley,Woking",GU24 9AD,1483489208,https://www.livingambitions.co.uk,Residential homes,Surrey,South East,Living Ambitions Limited
Living Ambitions Limited - 330a Guildford Road,"330a Guildford Road,Bisley,Woking",GU24 9AD,1483799261,https://www.careuk.com,Residential homes,Surrey,South East,Living Ambitions Limited
Holkham House,"Princes Road,Redhill",RH1 6JJ,1737789850,https://www.elysiumhealthcare.co.uk,Residential homes,Surrey,South East,Elysium Care Partnerships No 2 Limited
Martham House,"Princes Road,Redhill",RH1 6JJ,1737826530,https://www.elysiumhealthcare.co.uk,Residential homes,Surrey,South East,Elysium Care Partnerships No 2 Limited
Hollywell,"29 Shelton Way,Luton",LU2 9AP,7988810861,,Residential homes,Luton,East,London Paramount Care Ltd
Wing View,"Church Street,Wing,Leighton Buzzard",LU7 0NY,1296840900,,Residential homes,Buckinghamshire,South East,The Fremantle Trust
Prince Edward Duke of Kent Court,"Stisted Hall,Kings Lane, Stisted,Braintree",CM77 8AG,1376345534,https://www.rmbi.org.uk,Residential homes,Essex,East,The Royal Masonic Benevolent Institution Care Company
Cornwallis Court,"Hospital Road,Bury St Edmunds",IP33 3NH,1284768028,https://www.rmbi.org.uk,Nursing homes,Suffolk,East,The Royal Masonic Benevolent Institution Care Company
Shannon Court,"Shannon Court Road,Hindhead",GU26 6DA,1428604833,https://www.rmbi.org.uk,Residential homes,Surrey,South East,The Royal Masonic Benevolent Institution Care Company
Prince Michael of Kent Court,"Stratford Road,Watford",WD17 4DH,1923234780,https://www.rmbi.org.uk,Residential homes,Hertfordshire,East,The Royal Masonic Benevolent Institution Care Company
Massenet,"Wickham Bishops Road,Hatfield Peverel",CM3 2JL,1245380773,https://www.zerothreecarehomes.co.uk,Residential homes,Essex,East,Zero Three Care Homes LLP
Islands View,"Hospital Lane, Hugh Town,,St. Mary's,Isles Of Scilly",TR21 0LE,1720424407,https://www.scilly.gov.uk/social-care-health/adult-social-care,Residential homes|Homecare agencies,Isles of Scilly,South West,Council of the Isles of Scilly
Lent Rise House,"Coulson Way,Burnham,Slough",SL1 7NL,1628550750,https://www.fremantletrust.org,Nursing homes,Buckinghamshire,South East,The Fremantle Trust
Fritham Lodge,"36 Shirley Park Road,Shirley,Southampton",SO16 4FU,2380774221,https://www.choicecaregroup.com,Residential homes,Southampton,South East,Community Homes of Intensive Care and Education Limited
Redlands,"246 Leigh Road,Chandlers Ford,Eastleigh",SO53 3AW,2380271222,https://www.choicecaregroup.com,Residential homes,Hampshire,South East,Community Homes of Intensive Care and Education Limited
Little Smugglers,"Snow Hill,Crawley Down",RH10 3EF,1342719162,https://www.consensussupport.com,Residential homes,West Sussex,South East,Consensus Support Services Limited
Sennen Lodge,"Kanes Hill,West End,Southampton",SO19 6AJ,2380471725,https://www.choicecaregroup.com,Residential homes,Hampshire,South East,Community Homes of Intensive Care and Education Limited
Ocknell Park,"Ocknell Park,Stoney Cross,Lyndhurst",SO43 7GP,2380814255,https://www.choicecaregroup.com,Residential homes,Hampshire,South East,Community Homes of Intensive Care and Education Limited
Parkwood Lodge,"181 London Road,Waterlooville",PO7 7RL,2392268073,https://www.choicecaregroup.com,Residential homes,Hampshire,South East,Community Homes of Intensive Care and Education Limited
Portchester Lodge,"90 Fareham Road,Gosport",PO13 0AG,1329284065,https://www.choicecaregroup.com,Residential homes,Hampshire,South East,Community Homes of Intensive Care and Education Limited
St Andrews,"114 Kiln Road,Fareham",PO16 7UN,1329827323,https://www.choicecaregroup.com,Residential homes,Hampshire,South East,Community Homes of Intensive Care and Education Limited
Stokewood,"204 Hunts Pond Road,Titchfield Common,Fareham",PO14 4PJ,1489584759,https://www.choicecaregroup.com,Residential homes,Hampshire,South East,Community Homes of Intensive Care and Education Limited
Heywood Sumner House,"Cuckoo Hill,South Gorley,Fordingbridge",SP6 2PP,1425655736,https://www.choicecaregroup.com,Residential homes,Hampshire,South East,Community Homes of Intensive Care and Education Limited
Woodlands,"375 Woodlands Road,Woodlands, Netley Marsh,Southampton",SO40 7GB,2380871704,https://www.choicecaregroup.com,Residential homes,Hampshire,South East,Community Homes of Intensive Care and Education Limited
Twynham,"Christchurch Road,New Milton",BH25 6QB,1425618950,https://www.choicecaregroup.com,Residential homes,Hampshire,South East,Community Homes of Intensive Care and Education Limited
Holly Lodge,"6 Milford Road,Pennington,Lymington",SO41 8DJ,1590670019,,Residential homes,Hampshire,South East,Community Homes of Intensive Care and Education Limited
Kents Hill Care Home,"50 Tunbridge Grove,Kents Hill,Milton Keynes",MK7 6JD,1908355900,https://www.kentshillcarehome.co.uk,Nursing homes,Milton Keynes,South East,Acer Healthcare Operations Limited
Priory House,"2 Kestrel Rise,Halstead",CO9 2TU,1787479172,,Residential homes,Essex,East,Meadowview Care Limited
Pemberley House,"Grove Road,Basingstoke",RG21 3HL,1256632000,https://www.averyhealthcare.co.uk/care-homes/hampshire/basingstoke/pemberley-house,Nursing homes,Hampshire,South East,Willowbrook Healthcare Limited
82 Bear Road,"82 Bear Road,Feltham",TW13 6RG,2087445211,https://www.consensussupport.com,Residential homes,Hounslow,London,Consensus Support Services Limited
Glebelands House,"Glebeland House,Woolf Drive,Wokingham",RG40 1DU,1189743260,https://www.greensleeves.org.uk/care-homes/glebelands-wokingham/,Nursing homes,Wokingham,South East,Greensleeves Homes Trust
66 Park Lane,"66 Park Lane,Fareham",PO16 7LB,1329221265,https://www.uplandsindependenthospital.co.uk,Residential homes,Hampshire,South East,Coveberry Limited
Bethel Place,"9 St James Close,Halstead",CO9 1GX,7572626452,,Residential homes,Essex,East,Meadowview Care Limited
OSJCT Langford View,"Coach House Mews,Bicester",OX26 6EW,1869252343,,Nursing homes,Oxfordshire,South East,The Orders Of St. John Care Trust
Melford Court Care Home,"Hall Street,Long Melford,Sudbury",CO10 9JA,1787880545,https://www.melfordcourt.co.uk,Nursing homes,Suffolk,East,Stow Healthcare Group Limited
Ridley Manor,"The Row,Lane End,High Wycombe",HP14 3JS,1494412252,https://www.gracewell.co.uk,Nursing homes,Buckinghamshire,South East,WT UK Opco 4 Limited
Newbury Grove,"370 London Road,Newbury",RG14 2QH,1635918670,https://www.gracewell.co.uk,Nursing homes,West Berkshire,South East,WT UK Opco 4 Limited
Brandon Park Residential and Nursing Home,"Brandon Country Park,Brandon",IP27 0SU,1842812400,https://www.brandonpark.co.uk,Nursing homes,Suffolk,East,Stow Healthcare Group Limited
Seccombe Court,"Gardner Way,Adderbury,Banbury",OX17 3FW,1295230898,https://www.gracewell.co.uk,Nursing homes,Oxfordshire,South East,WT UK Opco 4 Limited
Liberham Lodge,"Rectory Lane,Little Bookham,Leatherhead",KT23 4DY,7884430850,https://www.gracewell.co.uk,Nursing homes,Surrey,South East,WT UK Opco 4 Limited
Halstead Hall Care Home,"Mount Hill, Braintree Road,Halstead",CO9 1SL,1787476892,,Residential homes,Essex,East,Stow Healthcare Group Limited
Abundant Grace Nursing Home,"Abundant Grace House,Firle Road,Seaford",BN25 2JD,1323875500,https://www.scnh.co.uk,Nursing homes,East Sussex,South East,South Coast Nursing Homes Limited
43a and 43b Morley Road,"43a and 43b Morley Road,Tiptree,Colchester",CO5 0AA,1621819070,https://www.salutemcareandeducation.co.uk,Residential homes,Essex,East,Salutem LD BidCo IV Limited
Birchwood,"Fullers Close,Chesham",HP5 1DP,1494794112,https://www.salutemcareandeducation.co.uk,Residential homes,Buckinghamshire,South East,Salutem LD BidCo IV Limited
Henderson and Harvard,"Henderson and Harvard, Kelvedon Road,Tiptree,Colchester",CO5 0LJ,1621819354,https://www.salutemcareandeducation.co.uk,Residential homes,Essex,East,Salutem LD BidCo IV Limited
Godfrey Olsen House,"Flats 1-4 Godfrey Olsen,Yonge Close,Eastleigh",SO50 9ST,2380629610,https://www.salutemcareandeducation.co.uk,Residential homes|Homecare agencies,Hampshire,South East,Salutem LD BidCo IV Limited
Ewer Court,"1 Fairfax Road,Colchester",CO2 7ED,1206562511,https://www.salutemcareandeducation.co.uk,Residential homes,Essex,East,Salutem LD BidCo IV Limited
Mill Lane,"17A Mill Lane,Histon,Cambridge",CB24 9HW,1223232288,https://www.salutemcareandeducation.co.uk,Residential homes,Cambridgeshire,East,Salutem LD BidCo IV Limited
Roman House,"Winklebury Way,Basingstoke",RG23 8BJ,1256328329,https://www.salutemcareandeducation.co.uk,Residential homes,Hampshire,South East,Salutem LD BidCo IV Limited
Ravenna Lodge,"East Anton Farm Road,Andover",SP11 6RD,2030190607,https://www.choicecaregroup.com,Residential homes,Hampshire,South East,Community Homes of Intensive Care and Education Limited
Birchmere Mews,"1270 Warwick Road,Knowle,Solihull",B93 9LQ,1564732660,https://www.averyhealthcare.co.uk/care-homes/west-midlands/solihull/birchmere/,Residential homes,Solihull,West Midlands,Willowbrook Healthcare Limited
Corner House,"293 High Street,London Colney,St. Albans",AL2 1EU,,,Residential homes,Hertfordshire,East,London Paramount Care Ltd
Park House,"61 Garston Crescent,Watford",WD25 0LD,,,Residential homes,Hertfordshire,East,London Paramount Care Ltd
Harbour Manor Care Home,"Harbour Manor Care Home,Bluebell Way,Felixstowe",IP11 6AE,1206517430,,Residential homes,Suffolk,East,Care UK Care Services Limited
Heath Lodge Care Home,"Heath Lodge,Nightjar Road,Holt",NR25 6GA,1206517430,,Residential homes,Norfolk,East,Care UK Care Services Limited
Broadlands Lodge Care Home,"Broadland Gate,Keswick Way, Postwick,Norwich",NR13 5HB,1206517430,,Residential homes,Norfolk,East,Care UK Care Services Limited
Acacia Lodge,"Quebec Road,Henley-on-thames",RG9 1EY,1206517430,,Nursing homes,Oxfordshire,South East,Care UK Care Services Limited
Belmont Castle,"Portsdown Hill Road,Havant",PO9 3JY,1206517430,,Residential homes,Hampshire,South East,Care UK Care Services Limited
Strawberry Fields,"Courtwick Lane,Littlehampton",BN17 7PD,1903733395,https://www.consensussupport.com,Residential homes,West Sussex,South East,Consensus Support Services Limited
Oaklands House Care Centre,"Allington Lane,West End,Southampton",SO30 3HP,1206517430,,Nursing homes,Hampshire,South East,Care UK Care Services Limited
20 Windlesham Road,"20 Windlesham Road,Brighton",BN1 3AG,1273295477,,Residential homes,Brighton and Hove,South East,Southside Partnership
19 Leicester Villas,"19 Leicester Villas,Hove",BN3 5SP,1273295840,,Residential homes,Brighton and Hove,South East,Southside Partnership
15 Preston Drove,"15 Preston Drove,Brighton",BN1 6LA,1273295477,,Residential homes,Brighton and Hove,South East,Southside Partnership
Coxhill Manor Nursing and Residential Home,"Station Road,Chobham,Woking",GU24 8AU,1276858926,,Nursing homes,Surrey,South East,Care UK Care Services Limited
Coppice Lea,"151 Bletchingley Road,,Merstham,Redhill",RH1 3QN,1737645117,,Nursing homes,Surrey,South East,Care UK Care Services Limited
Claydon House,"8 Wallands Crescent,Lewes",BN7 2QT,1273474844,,Nursing homes,East Sussex,South East,Care UK Care Services Limited
Heffle Court,"Station Road,Heathfield",TN21 8DR,1435864101,,Nursing homes,East Sussex,South East,Care UK Care Services Limited
Huntercombe Hall Care Home,"Huntercombe Place 1,Nuffield,Henley-on-thames",RG9 5SE,1491641792,,Nursing homes,Oxfordshire,South East,Care UK Care Services Limited
Garth House,"Tower Hill Road,Dorking",RH4 2AY,1306880511,,Nursing homes,Surrey,South East,Care UK Care Services Limited
Tall Trees Glade,"Burford Road,Shipton-Under-Wychwood,Chipping Norton",OX7 6DB,1993833833,,Nursing homes,Oxfordshire,South East,Care UK Care Services Limited
Riverside Place,"Riverside Place,Plaxton Way,Ware",SG12 7FB,8082084570,,Nursing homes,Hertfordshire,East,Care UK Care Services Limited
Wytham House,"Eynsham Road,,Farmoor,Oxford",OX2 9NL,1206224100,,Nursing homes,Oxfordshire,South East,Care UK Care Services Limited
Thames View,"58 High Street,Thames Ditton",KT7 0TT,1206224100,,Nursing homes,Surrey,South East,Care UK Care Services Limited
Walstead Place Care Home,"Scaynes Hill Road,Haywards Heath",RH16 2QG,1444483885,,Residential homes,West Sussex,South East,Care UK Care Services Limited
Southlands Place,"33 Hastings Road,Bexhill-on-sea",TN40 2HJ,1424819379,,Nursing homes,East Sussex,South East,Care UK Care Services Limited
Smallbrook Care Home,"Suffolk Close,Horley",RH6 7DU,1293772576,https://www.careuk.com,Residential homes,Surrey,South East,Care UK Care Services Limited
Manor View,"10 Toms Lane,Kings Langley",WD4 8NB,7701217681,,Residential homes,Hertfordshire,East,London Paramount Care Ltd
Coronation House Care Home,"Coronation House Care Home,38 Norwich Road,Thetford",IP24 2JE,1206517430,,Residential homes,Norfolk,East,Care UK Care Services Limited
Barton Manor Care Home,"99 Barton Road,Wisbech",PE13 4TF,1206517430,,Residential homes,Cambridgeshire,East,Care UK Care Services Limited
Waterhouse Manor Care Home,"Waterhouse Manor,Soham Road, Fordham,Ely",CB7 5LB,1638262002,,Residential homes,Cambridgeshire,East,Care UK Care Services Limited
The Wickets Care Home,"3 Banister Road,Southampton",SO15 2EN,,,Nursing homes,Southampton,South East,Care UK Care Services Limited
Brook Lodge Care Home,"Ghyll Grove,Basildon",SS14 2LA,1206517430,,Residential homes,Essex,East,Care UK Care Services Limited
Kings Lodge Nursing Home,"Main Road,Bosham,Chichester",PO18 8PN,1206517430,,Nursing homes,West Sussex,South East,Care UK Care Services Limited
Cedar View Care Centre,"1 Stanhope Road,Croydon",CR0 5NS,1206517430,,Nursing homes,Croydon,London,Care UK Care Services Limited
Chestnut View Care Centre,"Lion Green,Haslemere",GU27 1LD,1206517430,,Nursing homes,Surrey,South East,Care UK Care Services Limited
Little Brook House,"8A Nelson Road,New Malden",KT3 5EA,1206517430,,Nursing homes,Kingston upon Thames,London,Care UK Care Services Limited
Steep House Nursing Home,"Tilmore Road,Petersfield",GU32 2HS,1206517430,,Nursing homes,Hampshire,South East,Care UK Care Services Limited
Stowford House Care Home,"Faringdon Road,Shippon,Abingdon",OX13 6LN,1206517430,,Nursing homes,Oxfordshire,South East,Care UK Care Services Limited
Priory Court Care Home,"Old Schools Lane,Epsom",KT17 1TJ,1206517430,,Nursing homes,Surrey,South East,Care UK Care Services Limited
Abbeycrest Nursing Home,"Essex Way,Sonning Common,Reading",RG4 9RG,1189709000,,Nursing homes,Oxfordshire,South East,Care UK Care Services Limited
Bradbury House,"New Street,Braintree",CM7 1ES,1376348181,,Residential homes,Essex,East,Care UK Care Services Limited
Dormy House,"Ridgemount Road,Sunningdale,Ascot",SL5 9RL,1344872211,,Nursing homes,Windsor and Maidenhead,South East,Care UK Care Services Limited
Denham Manor,"Halings Lane,Denham,Uxbridge",UB9 5DQ,1895834470,,Nursing homes,Buckinghamshire,South East,Care UK Care Services Limited
Cranmer Court,"Cranmer Court,Farleigh Common,Warlingham",CR6 9PE,1883627713,,Nursing homes,Surrey,South East,Care UK Care Services Limited
Oak Manor Nursing Home,"Oak Manor,Dereham Road, Scarning,Dereham",NR19 2PG,8082235528,,Nursing homes,Norfolk,East,Care UK Care Services Limited
Kingsclear,"Park Road,Camberley",GU15 2LN,1276413700,,Nursing homes,Surrey,South East,Care UK Care Services Limited
Ivy Court,"Ivy Road,Norwich",NR5 8BF,8082020478,,Nursing homes,Norfolk,East,Care UK Care Services Limited
Oaken Holt Nursing and Residential Home,"Eynsham Road,Farmoor,Oxford",OX2 9NL,1865865252,,Nursing homes,Oxfordshire,South East,Care UK Care Services Limited
Rendlesham Care Centre,"1a Suffolk Drive,Rendlesham,Woodbridge",IP12 2TP,1394593208,,Nursing homes,Suffolk,East,Care UK Care Services Limited
Knowle Park Nursing Home,"Knowle Lane,Cranleigh",GU6 8JL,1483275432,,Nursing homes,Surrey,South East,Care UK Care Services Limited
Little Heath Court,"Little Heath Road,Tilehurst,Reading",RG31 5TY,1189428558,https://www.choicecaregroup.com,Residential homes,West Berkshire,South East,Community Homes of Intensive Care and Education Limited
OSJCT Larkrise Care Centre,"Prescott Close,Banbury",OX16 0RD,1295521200,https://www.osjct.co.uk,Nursing homes,Oxfordshire,South East,The Orders Of St. John Care Trust
Brighstone Grange,"Brighstone,Newport",PO30 4DZ,1983740236,https://www.islandhealthcare.co.uk,Residential homes|Homecare agencies,Isle of Wight,South East,Island Healthcare Limited
Grammar School House,"York Road,Earls Colne,Colchester",CO6 2RN,1787222412,https://www.consensussupport.com,Residential homes,Essex,East,Consensus Support Services Limited
Cedar Court Care Home,"Essex Drive,Cranleigh",GU6 8TX,1483275191,https://www.cedarcourtcarehome.co.uk,Nursing homes,Surrey,South East,Acer Healthcare Operations Limited
Highfield Care Home,"9-11 Mandeville Road,Saffron Walden",CB11 4AQ,1799524936,https://www.highfieldprivatecarehome.co.uk,Nursing homes,Essex,East,Acer Healthcare Operations Limited
Abingdon Court Care Home,"Marcham Road,Abingdon",OX14 1AD,1235535405,https://www.abingdoncourtcarehome.co.uk,Nursing homes,Oxfordshire,South East,Acer Healthcare Operations Limited
Prince Philip Duke of Edinburgh Court,"Mole Road,Sindlesham,Wokingham",RG41 5EA,1189787496,https://www.rmbi.org.uk,Nursing homes,Wokingham,South East,The Royal Masonic Benevolent Institution Care Company
St Edmunds,"Surrogate Street,Attleborough",NR17 2AW,1953661070,https://www.norsecare.co.uk,Residential homes,Norfolk,East,Norse Care (Services) Limited
Wey Valley House,"Mike Hawthorn Drive,Farnham",GU9 7UQ,1252712021,https://www.abbeyfieldweyvalley.co.uk,Residential homes,Surrey,South East,Abbeyfield Wey Valley Society Limited
Hatch Mill,"Mike Hawthorn Drive,Farnham",GU9 7UH,1252979101,https://www.abbeyfieldweyvalleysociety.co.uk,Nursing homes,Surrey,South East,Abbeyfield Wey Valley Society Limited
Ridgway Court,"48-50 Ridgway Road,Farnham",GU9 8NW,1252715921,https://www.abbeyfieldweyvalleysociety.co.uk,Residential homes,Surrey,South East,Abbeyfield Wey Valley Society Limited
Penniston Barn,"Wadelow Grange,Wood End, Tingrith,Milton Keynes",MK17 9ER,1525873265,,Residential homes,Central Bedfordshire,East,Really Flexible Care Ltd
Adelaide House Care Home,"36 Hersham Road,Walton-on-thames",KT12 1JJ,1932224881,,Nursing homes,Surrey,South East,HC-One No.2 Limited
Oakley Lodge,"500 Worting Road,Basingstoke",RG23 8PU,1256465111,https://www.choicecaregroup.com,Residential homes,Hampshire,South East,Community Homes of Intensive Care and Education Limited
Chesham House,"194 West End Road,Bitterne,Southampton",SO18 6PN,2380472912,https://www.choicecaregroup.com,Residential homes,Southampton,South East,Community Homes of Intensive Care and Education Limited
Gosford Lodge,"95 Bicester Road,Kidlington",OX5 2LD,1865371405,https://www.choicecaregroup.com,Residential homes,Oxfordshire,South East,Community Homes of Intensive Care and Education Limited
Beech Tree House,"65 Beech Tree Road,Holmer Green,High Wycombe",HP15 6UR,2031953561,https://www.choicecaregroup.com,Residential homes,Buckinghamshire,South East,Community Homes of Intensive Care and Education Limited
Launton Grange Care Home,"Skimmingdish Lane,Bicester",OX26 4AE,1869227150,,Residential homes,Oxfordshire,South East,HC-One No.2 Limited
Oakhill House Care Home,"Eady Close,Horsham",RH13 5NA,1403260801,,Nursing homes,West Sussex,South East,HC-One No.2 Limited
Abbeyfield Lodge,"184-186 Reading Road South,Church Crookham,Fleet",GU52 6AE,2031950143,https://www.choicecaregroup.com,Residential homes,Hampshire,South East,Community Homes of Intensive Care and Education Limited
Meylan House,"136 Loyd Road,Didcot",OX11 8JR,1235817773,https://www.choicecaregroup.com,Residential homes,Oxfordshire,South East,Community Homes of Intensive Care and Education Limited
Victoria Lodge,"19 Victoria Road North,Southsea",PO5 1PL,2392754411,https://www.choicecaregroup.com,Residential homes,Portsmouth,South East,Community Homes of Intensive Care and Education Limited
Fountain View,"Upham Street,Lower Upham,Southampton",SO32 1JD,1489860926,https://www.choicecaregroup.com,Residential homes,Hampshire,South East,Community Homes of Intensive Care and Education Limited
Dibden View,"Bedenham Lane,Gosport",PO13 0LW,1329287046,https://www.choicecaregroup.com,Residential homes,Hampshire,South East,Community Homes of Intensive Care and Education Limited
Appleton House,"26 Chafen Road,Southampton",SO18 1BB,2031950118,https://www.choicecaregroup.com,Residential homes,Southampton,South East,Community Homes of Intensive Care and Education Limited
Walton Park Care Home,"40 Severn Drive,Walton-on-thames",KT12 3BH,1932221170,,Nursing homes,Surrey,South East,Care UK Care Services Limited
Beauchamp House,"Proctor Road,Chedgrave,Norwich",NR14 6HN,1508508960,https://www.norsecare.co.uk,Residential homes,Norfolk,East,Norse Care (Services) Limited
Whiteheather,"Clacton Road,Weeley",CO16 9DN,1255830502,https://www.consensussupport.com,Residential homes,Essex,East,Consensus Support Services Limited
Bishop Herbert House,"34 Globe Place,Norwich",NR2 2SG,1603620710,https://www.norsecare.co.uk,Residential homes,Norfolk,East,Norse Care (Services) Limited
Cranmer House,"Norwich Road,Fakenham",NR21 8HR,1328862734,https://www.norsecare.co.uk,Residential homes,Norfolk,East,Norse Care (Services) Limited
Harker House,"Flowerpot Lane,Long Stratton,Norwich",NR15 2TS,1508530777,https://www.norsecare.co.uk,Residential homes,Norfolk,East,Norse Care (Services) Limited
Ellacombe,"Ella Road,Norwich",NR1 4BP,1603519730,https://www.norsecare.co.uk,Residential homes,Norfolk,East,Norse Care (Services) Limited
High Haven,"Howdale Road,Downham Market",PE38 9AG,1366345670,https://www.norsecare.co.uk,Residential homes,Norfolk,East,Norse Care (Services) Limited
Mountfield,"Millcroft,Norwich",NR3 3LS,1603576180,https://www.norsecare.co.uk,Residential homes,Norfolk,East,Norse Care (Services) Limited
Waterbeach,"Fresh Fields,Primrose Lane, Waterbeach,Cambridge",CB25 9JZ,1223441452,https://www.voyagecare.com,Residential homes,Cambridgeshire,East,Voyage 1 Limited
Munhaven,"Munhaven Close,Mundesley,Norwich",NR11 8AR,1263720451,https://www.norsecare.co.uk,Residential homes,Norfolk,East,Norse Care (Services) Limited
Bramley Avenue,"73 Bramley Avenue,Melbourn,Royston",SG8 6HG,1763261682,https://www.voyagecare.com,Residential homes,Cambridgeshire,East,Voyage 1 Limited
Rebecca Court,"9 Staithe Road,Heacham,Kings Lynn",PE31 7EF,1485570421,https://www.norsecare.co.uk,Residential homes,Norfolk,East,Norse Care (Services) Limited
Rose Meadow,"64 Yarmouth Road,North Walsham,Norwich",NR28 9AU,1692660490,https://www.norsecare.co.uk,Residential homes,Norfolk,East,Norse Care (Services) Limited
Kay Hitch Way,"4 Kay Hitch Way,Histon,Cambridge",CB24 9YR,1223235406,https://www.voyagecare.com,Residential homes,Cambridgeshire,East,Voyage 1 Limited
Sydney House,"Brumstead Road,Stalham,Norwich",NR12 9BJ,1692580520,https://www.norsecare.co.uk,Residential homes,Norfolk,East,Norse Care (Services) Limited
St Nicholas House,"Littlefields,Dereham",NR19 1BG,1362692581,https://www.norsecare.co.uk,Residential homes,Norfolk,East,Norse Care (Services) Limited
Woodlands,"Grimston Road,South Wooton,Kings Lynn",PE30 3HU,1553672076,https://www.norsecare.co.uk,Residential homes,Norfolk,East,Norse Care (Services) Limited
Westfields,"Westfield Road,Swaffham",PE37 7HE,1760721539,https://www.norsecare.co.uk/homes/westfields,Residential homes,Norfolk,East,Norse Care (Services) Limited
Luton Council Respite and Shared Lives Service,"562 Hitchin Road,Stopsley,Luton",LU2 7UG,1582548561,https://www.luton.gov.uk,Residential homes|Shared lives,Luton,East,Luton Borough Council
The Crossings,"108A Aylesbury Road,Wendover,Aylesbury",HP22 6LX,1296625928,https://www.hightownha.org.uk,Residential homes,Buckinghamshire,South East,Hightown Housing Association Limited
Oakmead,"19 Worlds End Lane,Weston Turville,Aylesbury",HP22 5SA,1296615364,https://www.hightownha.org.uk,Residential homes,Buckinghamshire,South East,Hightown Housing Association Limited
22 De Parys Avenue,"22 De Parys Avenue,Bedford",MK40 2TW,1234355133,https://www.consensussupport.com,Residential homes,Bedford,East,Consensus Support Services Limited
Grovelands Farmhouse,"Tandridge Hill Lane,Godstone",RH9 8DD,1883744128,,Residential homes,Surrey,South East,Consensus Support Services Limited
Downham Lodge,"29 St Edwards Road,Southsea",PO5 3DH,2392828124,https://www.choicecaregroup.com,Residential homes,Portsmouth,South East,Community Homes of Intensive Care and Education Limited
OSJCT Chilterns Court Care Centre,"York Road,Henley On Thames",RG9 2DR,1491526900,https://www.osjct.co.uk,Nursing homes,Oxfordshire,South East,The Orders Of St. John Care Trust
Cherry Garth,"Orchard Way,Holmer Green",HP15 6RF,1494711681,https://www.fremantletrust.org/cherry-garth,Residential homes,Buckinghamshire,South East,The Fremantle Trust
Bethany House,"32 Brewery Drive,Halstead",CO9 1EF,,,Residential homes,Essex,East,Meadowview Care Limited
OSJCT Henry Cornish Care Centre,"Rockhill Farm Court,Chipping Norton",OX7 5AU,1608642364,https://www.osjct.co.uk,Nursing homes|Residential homes|Rehabilitation (illness/injury),Oxfordshire,South East,The Orders Of St. John Care Trust
Keychange Charity Rosemary Mount Care Home,"147 Chesswood Rd,Worthing",BN11 2AE,1903205762,https://www.keychangecare.org.uk,Residential homes,West Sussex,South East,Keychange Charity
The Pines,"Culford Road,Fornham St Mary",IP28 6TN,1284705062,,Residential homes,Suffolk,East,Consensus Support Services Limited
Reach Magnolia,"Wexham Park Lane,Wexham,Slough",SL3 6LX,1753578509,https://www.reach-disabilitycare.co.uk,Residential homes,Buckinghamshire,South East,Rehabilitation Education And Community Homes Limited
46 The Grove,"46 The Grove,Isleworth",TW7 4JF,7774676333,,Residential homes,Hounslow,London,Consensus Support Services Limited
89 Hampton Road East,"89 Hampton Road East,Feltham",TW13 6JB,,,Residential homes,Hounslow,London,Consensus Support Services Limited
89a Hampton Road East,"89a Hampton Road East,Feltham",TW13 6JB,2087830044,,Residential homes,Hounslow,London,Consensus Support Services Limited
The Tidings,"9 Brewery Drive,Halstead",CO9 1BS,1787479244,,Residential homes,Essex,East,Meadowview Care Limited
Brewery House,"28 Brewery Drive,Halstead",CO9 1EF,,,Residential homes,Essex,East,Meadowview Care Limited
Keychange Charity Romans Care Home,"1 Roman Rd,Southwick",BN42 4TP,1273270100,https://www.keychangecare.org.uk,Residential homes,West Sussex,South East,Keychange Charity
48 The Grove,"48 The Grove,Isleworth",TW7 4JF,2087589158,,Residential homes,Hounslow,London,Consensus Support Services Limited
Huntley,"76 Richmond Rd,Worthing",BN11 4AF,1903231931,,Residential homes,West Sussex,South East,Consensus Support Services Limited
Tushmore Lane,"28 Tushmore Lane,Crawley",RH10 8JJ,1293516898,,Residential homes,West Sussex,South East,Consensus Support Services Limited
Goodson Lodge Care Centre,"Hilperton Road,Trowbridge",BA14 7JG,1225282000,https://www.osjct.co.uk,Residential homes,Wiltshire,South West,The Orders Of St. John Care Trust
Allensmead,"13 Grangewick Road,Grays",RM16 2DW,1375374003,https://www.meadowviewcare.co.uk,Residential homes,Thurrock,East,Meadowview Care Limited
Avon's House,"10 Bure Close,Bedford",MK41 7TX,1525873265,https://www.reallyflexiblecare.co.uk,Residential homes,Bedford,East,Really Flexible Care Ltd
Seeleys House Short Breaks Centre,"Seeleys House,Campbell Drive,Beaconsfield",HP9 1TF,1494475340,https://www.buckinghamshire.gov.uk,Residential homes,Buckinghamshire,South East,Buckinghamshire Council
Brackenbridge House,"Brackenhill,Victoria Road,Ruislip",HA4 0JH,2084223630,https://www.goldcarehomes.com,Residential homes,Hillingdon,London,GCH (South) Ltd
Wickham Care Home,"Wickham Bishops Road,Hatfield Peverel,Chelmsford",CM3 2JL,1245203000,,Residential homes,Essex,East,GCH (South) Ltd
Kent House,"Augustine Road,Harrow",HA3 5NS,2084214550,https://www.goldcarehomes.com,Residential homes,Harrow,London,GCH (South) Ltd
Wentworth Close,"17 Wentworth Close,Bexhill On Sea",TN40 2PQ,1424239841,https://aspens.org.uk,Residential homes,East Sussex,South East,Aspens Charities
Ellasdale Road,"5 Ellasdale Road,Bognor Regis",PO21 2SG,1243865459,https://aspens.org.uk,Residential homes,West Sussex,South East,Aspens Charities
Waterbury House,"8 Ford Road,Ford,Arundel",BN18 0BH,1903881340,,Residential homes,West Sussex,South East,Consensus Support Services Limited
SeeAbility Fairways Residential Care Home,"Bradbury Lodge,10 Victoria Road,Aldershot",GU11 1FG,1252947519,https://www.seeability.org,Residential homes,Hampshire,South East,The Royal School for the Blind
Pine Lodge,"25 Hampden Road,Flitwick,Bedford",MK45 1HX,1525301366,,Residential homes,Central Bedfordshire,East,Really Flexible Care Ltd
Mousehold View Care Home,"28 Mousehold Lane,Norwich",NR7 8HE,1603550021,,Residential homes,Norfolk,East,Willowbrook Healthcare Limited
Lennox House,"75 Durham Road,London",N7 7DS,2072726562,,Nursing homes,Islington,London,Care UK Care Services Limited
Kentford Manor,"Jeddah Way,Kennett,Newmarket",CB8 8JY,1638555090,,Nursing homes,Suffolk,East,Care UK Care Services Limited
Southview,"2 Southview Drive,Westcliff-on-sea",SS0 9PW,1702307370,,Residential homes,Southend-on-Sea,East,Care In Style Limited
Cuttlebrook Hall,"Cuttlebrook Hall,1 Stock Road,Thame",OX9 3SP,1844317933,,Residential homes,Oxfordshire,South East,Care UK Care Services Limited
Darlington Court,"The Leas off Station Road,Rustington,Littlehampton",BN16 3SE,1903850232,,Nursing homes,West Sussex,South East,Care UK Care Services Limited
Manor Lodge,"Manor Road,Chelmsford",CM2 0EP,1245496028,,Nursing homes,Essex,East,Care UK Care Services Limited
Catherine Court,"Cressex Road,High Wycombe",HP12 4QF,1494524850,,Nursing homes,Buckinghamshire,South East,Care UK Care Services Limited
Carpathia Grange,"2 Southampton Road,Hythe,Southampton",SO45 5GQ,3333218397,,Nursing homes,Hampshire,South East,Care UK Care Services Limited
Buchanan Court,"Sudbury Hill,Harrow",HA1 3AR,2039440581,,Nursing homes,Harrow,London,Care UK Care Services Limited
Bowes House,"25 Battle Road,Hailsham",BN27 1DU,1323440188,,Nursing homes,East Sussex,South East,Care UK Care Services Limited
Heather View,"Beacon Road,Crowborough",TN6 1AS,1892653634,,Nursing homes,East Sussex,South East,Care UK Care Services Limited
Chichester Grange,"Grosvenor Road,Chichester",PO19 8FP,1243882405,,Nursing homes,West Sussex,South East,Care UK Care Services Limited
Forrester Court,"Cirencester Street,Off Harrow Road, Paddington,London",W2 5SR,2072663174,,Nursing homes,Westminster,London,Care UK Care Services Limited
Ellesmere House,"9 Nightingale Place,Chelsea,London",SW10 9NG,2073526173,,Nursing homes,Kensington and Chelsea,London,Care UK Care Services Limited
Highbury New Park,"127 Highbury New Park,London",N5 2DS,3332004061,,Nursing homes,Islington,London,Care UK Care Services Limited
Hampton House,"69 Keldregate,Bradley,Huddersfield",HD2 1BQ,1484539931,,Residential homes,Kirklees,Yorkshire & Humberside,Horizon Healthcare Homes Limited
Ridley Manor,"The Row,Lane End,High Wycombe",HP14 3JS,1494412252,,Nursing homes,Buckinghamshire,South East,Care UK Care Services Limited
Seccombe Court,"Gardner Way,Adderbury,Banbury",OX17 3FW,1494739000,,Nursing homes,Oxfordshire,South East,Care UK Care Services Limited
Milner House,"Ermyn Way,Leatherhead",KT22 8TX,1372278922,,Nursing homes,Surrey,South East,Care UK Care Services Limited
Highmarket House,"North Bar Place,Banbury",OX16 0TD,1295297651,,Nursing homes,Oxfordshire,South East,Care UK Care Services Limited
Knebworth Care Home,"59 London Road,Woolmer Green,Knebworth",SG3 6JE,1438810970,,Nursing homes,Hertfordshire,East,Care UK Care Services Limited
Hartismere Place,"Castleton Way,Eye",IP23 7BH,1379873950,,Residential homes,Suffolk,East,Care UK Care Services Limited
Glastonbury Court,"Glastonbury Road,Bury St. Edmunds",IP33 2EX,1284748020,,Nursing homes,Suffolk,East,Care UK Care Services Limited
Mountbatten Grange,"Helston Lane,Windsor",SL4 5GG,1753392690,,Nursing homes,Windsor and Maidenhead,South East,Care UK Care Services Limited
Cleves Place,"Cleves Place, Millfields Way,Haverhill",CB9 0JB,1440715840,,Nursing homes,Suffolk,East,Care UK Care Services Limited
Davers Court,"Shakers Lane,Bury St. Edmunds",IP32 7BN,1284748410,,Residential homes,Suffolk,East,Care UK Care Services Limited
Franklin House,"The Green,West Drayton",UB7 7PW,1895452480,,Nursing homes,Hillingdon,London,Care UK Care Services Limited
Whitby Dene,"316 Whitby Road,Eastcote,Ruislip",HA4 9EE,2088683712,,Residential homes,Hillingdon,London,Care UK Care Services Limited
Whitebourne,"Burleigh Road,Frimley,Camberley",GU16 7EP,127620723,,Residential homes,Surrey,South East,Care UK Care Services Limited
Woodland Hall,"Clamp Hill,Stanmore",HA7 3BG,2089547720,,Nursing homes,Harrow,London,Care UK Care Services Limited
Ayton House,"2 Shepherds View, Dappers Lane,Angmering,Littlehampton",BN16 4SP,1903868531,,Residential homes,West Sussex,South East,Care UK Care Services Limited
Saxon Manor Care Home,"Russet Close,Godmanchester,Huntingdon",PE29 2FF,1480400058,,Residential homes,Cambridgeshire,East,Willowbrook Healthcare Limited
The Headington Care Home,"Roosevelt Drive,Headington,Oxford",OX3 7XR,1895257010,,Nursing homes,Oxfordshire,South East,GCH (Alder) Ltd
Emberbrook Care Home,"16 Raphael Drive,Thames Ditton",KT7 0BL,1895257010,,Nursing homes,Surrey,South East,GCH (Alder) Ltd
Lansdowne Care Home,"Claremont Road,Cricklewood,London",NW2 1TU,1895257010,,Nursing homes,Barnet,London,GCH (Alder) Ltd
ABI Homes - Roman House,"100 Watling Street,Bletchley,Milton Keynes",MK1 1BW,1908640341,https://www.abihomesuk.co.uk,Residential homes,Milton Keynes,South East,Precious Homes Support Limited
Belle Vue,"100 Alexander Road,London Colney,St. Albans",AL2 1HU,7988810861,,Residential homes,Hertfordshire,East,London Paramount Care Ltd
Amherst House,"287 Court Lodge Road,Horley",RH6 8RG,1293223600,,Nursing homes,Surrey,South East,Care UK Care Services Limited
Greenview Hall,"12 Streets Heath,West End,Woking",GU24 9QY,1483663623,,Nursing homes,Surrey,South East,Care UK Care Services Limited
Bourley Grange,"2 Bourley Road,Church Crookham,Fleet",GU52 8DY,1252917100,,Nursing homes,Hampshire,South East,Care UK Care Services Limited
Parker Meadows,"7 Parker View,Fareham",PO16 0AF,1329558700,,Nursing homes,Hampshire,South East,Care UK Care Services Limited
Liberham Lodge,"Rectory Lane,Little Bookham,Leatherhead",KT23 4DY,1372238270,,Nursing homes,Surrey,South East,Care UK Care Services Limited
Newbury Grove,"370 London Road,Newbury",RG14 2QH,1635818887,,Nursing homes,West Berkshire,South East,Care UK Care Services Limited
Haven Lodge,"Reckitts Close,Clacton-on-sea",CO15 6PG,1255435777,,Nursing homes,Essex,East,Care UK Community Partnerships Ltd
Millers Grange,"Curbridge Road,Witney",OX28 5HR,3333218351,,Residential homes,Oxfordshire,South East,Care UK Care Services Limited
Mildenhall Lodge,"St Johns Close,Mildenhall,Bury St. Edmunds",IP28 7NX,1638582510,,Nursing homes,Suffolk,East,Care UK Care Services Limited
Snowdrop House,"Baldock Street,Ware",SG12 9DT,1920452360,,Nursing homes,Hertfordshire,East,Care UK Care Services Limited
Winchcombe Place,"Maple Crescent,Newbury",RG14 1LN,1635275400,,Residential homes,West Berkshire,South East,Care UK Care Services Limited
Clara Court,"21 Courthouse Road,Maidenhead",SL6 6JE,1628776022,,Residential homes,Windsor and Maidenhead,South East,Care UK Care Services Limited
Queens Court,"1 Dedworth Road,Windsor",SL4 5AZ,3333218394,,Nursing homes,Windsor and Maidenhead,South East,Care UK Care Services Limited
Farm Lane,"25 Farm Lane,Fulham,London",SW6 1PX,2073864180,,Nursing homes,Hammersmith and Fulham,London,Care UK Care Services Limited
St Vincents House,"49 Queen Caroline Street,London",W6 9QH,2086000510,,Nursing homes,Hammersmith and Fulham,London,Care UK Care Services Limited
Collins House,"Springhouse Road,Corringham",SS17 7LE,1375652987,https://www.thurrock.gov.uk,Residential homes,Thurrock,East,Thurrock Borough Council
De Lucy House,"40 Victoria Road,Diss",IP22 4HZ,1379671333,https://www.greensleeves.org.uk/care-homes/de-lucy-house-diss-norfolk/,Residential homes,Norfolk,East,Greensleeves Homes Trust
Elm House,"7 Osborne Road,Enfield",EN3 7RN,2088045039,https://www.pavilionleisurecentre.com,Residential homes,Enfield,London,Connifers Care Limited
Otterbourne House,"Otterbourne Road,Compton,Winchester",SO21 2BB,1962715634,https://www.choicecaregroup.com,Residential homes,Hampshire,South East,Community Homes of Intensive Care and Education Limited
Acacia Lodge,"Quebec Road,Henley-on-thames",RG9 1EY,1491579100,,Nursing homes,Oxfordshire,South East,Olympus Opco LTD
Broadacres Care Home,"Hall Road,Barton Turf,Norwich",NR12 8AR,1692630939,https://www.greensleeves.org.uk/care-homes/broadacres-care-home-norwich/,Residential homes,Norfolk,East,Greensleeves Homes Trust
Kings Lodge Nursing Home,"Main Road,Bosham,Chichester",PO18 8PN,1243573292,,Nursing homes,West Sussex,South East,Olympus Opco LTD
Oaklands House Care Centre,"Allington Lane,West End,Southampton",SO30 3HP,2380472581,,Nursing homes,Hampshire,South East,Olympus Opco LTD
Cedar View Care Centre,"1 Stanhope Road,Croydon",CR0 5NS,2086810668,,Nursing homes,Croydon,London,Olympus Opco LTD
Little Brook House,"8A Nelson Road,New Malden",KT3 5EA,2089429360,,Nursing homes,Kingston upon Thames,London,Olympus Opco LTD
Belmont Castle,"Portsdown Hill Road,Havant",PO9 3JY,2392475624,,Residential homes,Hampshire,South East,Olympus Opco LTD
Chestnut View Care Centre,"Lion Green,Haslemere",GU27 1LD,1428652622,,Nursing homes,Surrey,South East,Olympus Opco LTD
Priory Court Care Home,"Old Schools Lane,Epsom",KT17 1TJ,2083930137,,Nursing homes,Surrey,South East,Olympus Opco LTD
Stowford House Care Home,"Faringdon Road,Shippon,Abingdon",OX13 6LN,1235538623,,Nursing homes,Oxfordshire,South East,Olympus Opco LTD
Steep House Nursing Home,"Tilmore Road,Petersfield",GU32 2HS,1730260095,,Nursing homes,Hampshire,South East,Olympus Opco LTD
Compton House,"Otterbourne Road,Compton,Winchester",SO21 2BB,2031953565,https://www.choicecaregroup.com,Residential homes,Hampshire,South East,Community Homes of Intensive Care and Education Limited
Charlton Lodge,"3 Buttercup Road,Wantage",OX12 7GD,,,Residential homes,Oxfordshire,South East,Care UK Care Services Limited
Wey View,"Byfleet Road,New Haw,Addlestone",KT15 3JZ,1932842263,https://www.choicecaregroup.com,Residential homes,Surrey,South East,Community Homes of Intensive Care and Education Limited
Robin House,"84 Seaton Road,Hemel Hempstead",HP3 9HU,,,Residential homes,Hertfordshire,East,London Paramount Care Ltd
St Michaels House,"71 Holwell Road,Welwyn Garden City",AL7 3SF,,,Residential homes,Hertfordshire,East,Hertfordshire County Council
Orchard Manor Care Home,"Chertsey Road,Windlesham",GU20 6HZ,1276903277,,Residential homes,Surrey,South East,Care UK Care Services Limited
Lawn Court,"6-8 Albert Road,Bexhill On Sea",TN40 1DG,1424211476,https://www.together-uk.org/projects/lawn-court,Residential homes,East Sussex,South East,Together for Mental Wellbeing
Flackwell House,"55 Straight Bit,Flackwell Heath,High Wycombe",HP10 9NA,,,Residential homes,Buckinghamshire,South East,London Paramount Care Ltd
Reach Ivy Cottage,"1 Bierton Road,Aylesbury",HP20 1EE,1296434646,https://www.reach-disabilitycare.co.uk,Residential homes,Buckinghamshire,South East,Rehabilitation Education And Community Homes Limited
Reach Farnham Lane,"85 Farnham Lane,Slough",SL2 2AU,7542507846,,Residential homes,Slough,South East,Rehabilitation Education And Community Homes Limited
Beech Court,"2A Beech Road,Ashurst,Southampton",SO40 7BE,2380291080,https://www.caringhomes.org,Residential homes,Hampshire,South East,Consensus Support Services Limited
Hangar View,"148 Cotton End Road,Wilstead,Bedford",MK45 3DP,7551448395,,Residential homes,Bedford,East,Really Flexible Care Ltd
The Bungalow,"Beech Lane,Normandy",GU3 2JH,1483810115,,Residential homes,Surrey,South East,Living Ambitions Limited
Blatchington Manor,"Firle Road,Seaford",BN25 2HH,1323875300,https://www.scnh.co.uk,Residential homes,East Sussex,South East,South Coast Nursing Homes Limited
Support for Living Limited - 1 St Quintin Avenue,"1 St Quintin Avenue,London",W10 6NX,2089683743,https://www.certitude.org.uk,Residential homes,Kensington and Chelsea,London,Support for Living Limited
Support for Living Limited - 37 Barlby Road,"37 Barlby Road,London",W10 6AN,2089648543,,Residential homes,Kensington and Chelsea,London,Support for Living Limited
Lighthouse,"403-407,Westborough Road,Westcliff-on-sea",SS0 9TW,1702307370,https://www.careinstyle.org,Residential homes|Supported living,Southend-on-Sea,East,Care In Style Limited
Fairmead,"45 Fairmead Avenue,Westcliff On Sea",SS0 9RY,1702308197,,Residential homes,Southend-on-Sea,East,Care In Style Limited
Greenview Hall,"12 Streets Heath,West End,Woking",GU24 9QY,1483663628,https://www.gracewell.co.uk,Nursing homes,Surrey,South East,WT UK Opco 4 Limited
Kentford Manor,"Jeddah Way,Kennett,Newmarket",CB8 8JY,1638555090,https://www.gracewell.co.uk,Nursing homes,Suffolk,East,WT UK Opco 4 Limited
Respite Unit for Adults with Learning Disabilities,"32 Kentish Road,Southampton",SO15 3GX,2380917613,,Residential homes,Southampton,South East,Southampton City Council
The Lodge,"Milford Lodge,Westfield Lane, South Milford,Leeds",LS25 5AW,1977526398,https://www.action4care.org,Residential homes,North Yorkshire,Yorkshire & Humberside,Action for Care Limited
Henley House,"333 Henley Road,Ipswich",IP1 6TB,,https://www.greensleeves.org.uk/care-homes/henley-house-ipswich-suffolk/,Residential homes,Suffolk,East,Greensleeves Homes Trust
Ranworth House,"1 Prideaux Road,Eastbourne",BN21 2NW,1323644860,https://www.elysiumhealthcare.co.uk,Residential homes,East Sussex,South East,Elysium Care Partnerships No 2 Limited
Walcott House,"12 Annandale Avenue,Bognor Regis",PO21 2EU,1243863095,https://www.elysiumhealthcare.co.uk,Residential homes,West Sussex,South East,Elysium Care Partnerships No 2 Limited
Bradfield House,"119-121 Heene Road,Worthing",BN11 4NY,1903236763,https://www.elysiumhealthcare.co.uk,Residential homes,West Sussex,South East,Elysium Care Partnerships No 2 Limited
Ormesby House,"West Hill,Oxted",RH8 9JB,1883714757,https://www.elysiumhealthcare.co.uk,Residential homes,Surrey,South East,Elysium Care Partnerships No 2 Limited
Spencer Place,"Main Road,Fishbourne,Chichester",PO18 8AN,1243783518,https://www.choicecaregroup.com,Residential homes,West Sussex,South East,Community Homes of Intensive Care and Education Limited
Hillside Lodge,"12 Crossfields,Halstead",CO9 1UY,,,Residential homes,Essex,East,Meadowview Care Limited
Happy Days,"79 Hobleythick Lane,Westcliff-on-sea",SS0 0RN,1702307370,,Residential homes,Southend-on-Sea,East,Care In Style Limited
Rowan/Beech House,"23 Galliard Road,Edmonton,London",N9 7NY,2088044398,https://www.conniferscare.co.uk,Residential homes,Enfield,London,Connifers Care Limited
Maple House,"53 Morley Avenue,Edmonton,London",N18 2QU,2088879555,https://www.conniferscare.co.uk,Residential homes,Enfield,London,Connifers Care Limited
Willow House,"11 Osborne Road,Enfield",EN3 7RN,2088045039,https://www.conniferscare.co.uk,Residential homes,Enfield,London,Connifers Care Limited
Hazel House,"57 Fox Lane,Palmers Green,London",N13 4AJ,2089203848,https://www.conniferscare.co.uk,Residential homes,Enfield,London,Connifers Care Limited
Pine House,"14 Shelborne Road,Tottenham,London",N17 9YH,2088012700,https://www.conniferscare.co.uk,Residential homes,Haringey,London,Connifers Care Limited
Hawthorn House,"15 Linley Road,Tottenham,London",N17 6RP,2088017192,https://www.conniferscare.co.uk,Residential homes,Haringey,London,Connifers Care Limited
Cedar House,"1 Hamilton Avenue,Edmonton,London",N9 7PP,2088055760,https://www.conniferscare.co.uk,Residential homes|Homecare agencies,Enfield,London,Connifers Care Limited
Oak House,"37 Park Avenue,Edmonton,London",N18 2UP,2083525258,https://www.conniferscare.co.uk,Residential homes,Enfield,London,Connifers Care Limited
Tolcarne Avenue,"60 Tolcarne Avenue,Fishermead,Milton Keynes",MK6 2SS,1908237937,https://www.abihomesuk.co.uk,Residential homes,Milton Keynes,South East,Precious Homes Support Limited
ABI Homes - Oxley Park,"141 Harlow Crescent,Oxley Park,Milton Keynes",MK4 4EP,1908505516,https://www.abihomesuk.co.uk,Residential homes,Milton Keynes,South East,Precious Homes Support Limited
ABI Homes - Dyers Mews,"34 Dyers Mews,Neath Hill,Milton Keynes",MK14 6ER,1908605066,https://www.abihomesuk.co.uk,Residential homes,Milton Keynes,South East,Precious Homes Support Limited
The Adelaide,"Adelaide Place,Ryde",PO33 3DQ,1983568621,https://www.iwight.com,Residential homes,Isle of Wight,South East,Isle of Wight Council
The Gouldings,"St. Andrews Way,Freshwater",PO40 9NH,1983752135,https://www.iwight.com,Residential homes,Isle of Wight,South East,Isle of Wight Council
Westminster House,"Westminster Lane,Newport",PO30 5DP,1983526310,https://www.iwight.com,Residential homes,Isle of Wight,South East,Isle of Wight Council
Metchley Manor,"5 Church Road,Edgbaston,Birmingham",B15 3SH,1213140929,,Residential homes,Birmingham,West Midlands,WT UK Opco 4 Limited
Hartwell Lodge Residential Home,"30 Kiln Road,Fareham",PO16 7UB,1329230024,https://www.bucklandcare.co.uk,Nursing homes,Hampshire,South East,Buckland Care Limited
Inglefield Nursing & Residential Home,"Madeira Road,Totland Bay",PO39 0BJ,1983755559,https://www.bucklandcare.co.uk,Nursing homes,Isle of Wight,South East,Buckland Care Limited
The Manor Care Home,"Church Road,Old Windsor,Windsor",SL4 2JW,1753832920,https://www.greensleeves.org.uk/care-homes/the-manor-windsor/,Nursing homes,Windsor and Maidenhead,South East,Greensleeves Homes Trust
Chesham Bois Manor,"Amersham Road,Chesham",HP5 1NE,1494783194,https://www.bmcare.co.uk,Residential homes,Buckinghamshire,South East,B & M Investments Limited
Harleston House,"115 Park Road,Lowestoft",NR32 4HX,1502574889,https://www.greensleeves.org.uk/care-homes/harleston-house-lowestoft/,Residential homes,Suffolk,East,Greensleeves Homes Trust
Greenhill Care Home,"Waggon Road,Barnet",EN4 0PH,2084498849,https://www.bmcare.co.uk,Residential homes,Hertfordshire,East,B & M Investments Limited
White Plains Care Home,"Tilehouse Lane,Denham",UB9 5DE,1895832190,https://www.bmcare.co.uk,Residential homes,Buckinghamshire,South East,B & M Investments Limited
Clare Lodge Care Home,"8 Battlefield Road,St Albans",AL1 4DD,1727864379,https://www.bmcare.co.uk,Residential homes,Hertfordshire,East,B & M Investments Limited
Tickford Abbey,"Priory Street,Newport Pagnell",MK16 9AJ,1908611121,https://www.greensleeves.org.uk/care-homes/tickford-abbey-newport-pagnell-milton-keynes/,Residential homes,Milton Keynes,South East,Greensleeves Homes Trust
Borovere,"10 Borovere Lane,Alton",GU34 1PD,1420557472,https://www.greensleeves.org.uk/care-homes/borovere-alton-hampshire/,Residential homes,Hampshire,South East,Greensleeves Homes Trust
The Lodge Care Home,"5 Broad Street,Hemel Hempstead",HP2 5BW,1442244722,https://www.bmcare.co.uk,Residential homes,Hertfordshire,East,B & M Investments Limited
The Briars,"33 Broadway,Sandown",PO36 9BD,1983403777,https://www.greensleeves.org.uk/care-homes/the-briars-sandown-isle-of-wight/,Residential homes,Isle of Wight,South East,Greensleeves Homes Trust
Broadlands,"Borrow Road,Oulton Broad,Lowestoft",NR32 3PW,1502512895,https://www.greensleeves.org.uk/care-homes/broadlands-oulton-broad-suffolk/,Residential homes,Suffolk,East,Greensleeves Homes Trust
Hammonds,"210 Hawthorn Road,Bognor Regis",PO21 2UP,1243841005,https://www.westsussex.gov.uk,Residential homes,West Sussex,South East,West Sussex County Council
Ball Tree Croft,"Western Road North,Sompting,Lancing",BN15 9UX,1903753330,https://www.westsussex.gov.uk,Residential homes,West Sussex,South East,West Sussex County Council
Hobbs Field,"Leechpool Lane,Horsham",RH13 6AG,1403254114,https://www.westsussex.gov.uk,Residential homes,West Sussex,South East,West Sussex County Council
Stanhope Lodge,"Poplar Road,Durrington",BN13 3EZ,1903264560,https://www.westsussex.gov.uk,Residential homes,West Sussex,South East,West Sussex County Council
Tozer House,"Tozer Way,Chichester",PO19 7NX,1243776703,https://www.westsussex.gov.uk,Residential homes,West Sussex,South East,West Sussex County Council
Franklyn Lodge The Farm House,"Hundred Elms Farm,Off Elms Lane,Sudbury",HA0 2NP,2089048282,https://www.franklynlodge.com,Residential homes,Brent,London,Residential Care Services Limited
Franklyn Lodge 9 Grand Avenue,"9 Grand Avenue,Wembley",HA9 6LS,2089023070,https://www.franklynlodge.com,Residential homes,Brent,London,Residential Care Services Limited
Franklyn Lodge,"8 Forty Lane,Wembley",HA9 9EB,2089085711,https://www.franklynlodge.com,Residential homes,Brent,London,Residential Care Services Limited
Franklyn Lodge The Bungalow,"Lyonpark Avenue,Off Ealing Road,Wembley",HA0 4DN,2089023443,https://www.franklynlodge.com,Residential homes,Brent,London,Residential Care Services Limited
Franklyn Lodge,"71A District Road,Wembley",HA0 2LF,2089025205,https://www.franklynlodge.com,Residential homes,Brent,London,Residential Care Services Limited
Franklyn Lodge,"58 Kings Road,Willesden,London",NW10 2BN,2088300142,https://www.franklynlodge.com,Residential homes,Brent,London,Residential Care Services Limited
Croft Meadow,"Tanyard Lane,Steyning",BN44 3RJ,1903814956,https://www.shaw.co.uk,Nursing homes,West Sussex,South East,Shaw Healthcare Limited
Deerswood Lodge,"Ifield Green,Ifield,Crawley",RH11 0HG,1293561704,https://www.shaw.co.uk,Residential homes,West Sussex,South East,Shaw Healthcare Limited
Rotherlea,"Dawtry Road,Petworth",GU28 0EA,1798345940,https://www.shaw.co.uk,Residential homes,West Sussex,South East,Shaw Healthcare Limited
New Elmcroft,"St. Giles Close,Shoreham By Sea",BN43 6AT,1273466500,https://www.shaw.co.uk,Nursing homes,West Sussex,South East,Shaw Healthcare Limited
Waymead Short Term Care,"St Anthony's Close,Bracknell",RG42 2EB,1344353333,https://www.bracknell-forest.gov.uk,Residential homes,Bracknell Forest,South East,Bracknell Forest Borough Council
Hillside Lodge,"Spiro Close,London Road,Pulborough",RH20 1FG,1798877700,https://www.shaw.co.uk,Nursing homes,West Sussex,South East,Shaw Healthcare Limited
Elizabeth House,"83 Victoria Drive,Bognor Regis",PO21 2TB,1243810880,https://www.shaw.co.uk,Residential homes,West Sussex,South East,Shaw Healthcare Limited
Forest View,"Southway,Burgess Hill",RH15 9SU,1444245749,https://www.shaw.co.uk,Residential homes,West Sussex,South East,Shaw Healthcare Limited
Glebe House,"Stein Road,Southbourne",PO10 8LB,1243379179,https://www.shaw.co.uk,Residential homes,West Sussex,South East,Shaw Healthcare Limited
Riverswey,"Newark Lane,Ripley,Guildford",GU23 6DL,1483224099,,Residential homes,Surrey,South East,Living Ambitions Limited
Charles Lodge,"75 New Church Road,Hove",BN3 4BB,1273777797,https://www.njch.co.uk,Residential homes,Brighton and Hove,South East,Nicholas James Care Homes Ltd
Edward House,"86 Mill Road,Burgess Hill",RH15 8DZ,1444248080,https://www.njch.co.uk,Residential homes,West Sussex,South East,Nicholas James Care Homes Ltd
Nower House,"Coldharbour Lane,Dorking",RH4 3BL,1306740076,https://www.abbeyfieldweyvalley.co.uk,Residential homes|Homecare agencies,Surrey,South East,Abbeyfield Wey Valley Society Limited
Mulberry House,"20 Martham Close,Bedford",MK40 4ND,1525873313,https://www.reallyflexiblecare.co.uk,Residential homes,Bedford,East,Really Flexible Care Ltd
Thamesdale House,"93 Thamesdale,London Colney,St. Albans",AL2 1TB,7988810861,https://www.londonparamountcare.com,Residential homes,Hertfordshire,East,London Paramount Care Ltd
Greensand House,"West Avenue,Salfords,Redhill",RH1 5BA,,https://www.averyhealthcare.co.uk,Residential homes,Surrey,South East,Willowbrook Healthcare Limited
SeeAbility - Heather House Nursing Home,"Heather House,Heather Drive,Tadley",RG26 4QR,1189817772,https://www.seeability.org,Nursing homes,Hampshire,South East,The Royal School for the Blind
SeeAbility - The Willows,"1 Wesley Road,Leatherhead",KT22 8ET,1372383286,https://www.seeability.org,Residential homes,Surrey,South East,The Royal School for the Blind
SeeAbility - Surrey Views,"2 Wesley Road,Leatherhead",KT22 8ET,1372383005,https://www.seeability.org,Residential homes,Surrey,South East,The Royal School for the Blind
SeeAbility - Barclay House Residential Home,"Barclay House,St Peter's Road,Seaford",BN25 2HS,1323873421,https://www.seeability.org,Residential homes,East Sussex,South East,The Royal School for the Blind
SeeAbility - Applewood Residential Home,"Applewood,37 Headland Avenue,Seaford",BN25 4PZ,1323873270,https://www.seeability.org,Residential homes,East Sussex,South East,The Royal School for the Blind
Lydia Eva Court,"Peterhouse Avenue,Gorleston,Great Yarmouth",NR31 7PZ,1493666300,https://www.norsecare.co.uk,Residential homes,Norfolk,East,Norse Care (Services) Limited
SeeAbility - Denecroft Residential Home,"Denecroft,1 Denmark Road,Guildford",GU1 4DA,1483301315,https://www.seeability.org,Residential homes,Surrey,South East,The Royal School for the Blind
SeeAbility - Fir Tree Lodge Residential Home,"Fir Tree Lodge,Heather Drive,Tadley",RG26 4QR,1189815147,https://www.seeability.org,Residential homes,Hampshire,South East,The Royal School for the Blind
Hampstead Court Care Home,"48 Boundary Road,London",NW8 0HJ,2038220040,https://www.averyhealthcare.co.uk/care-homes/greater-london/st-johns-wood/hampstead-court-care-home/,Nursing homes,Camden,London,Willowbrook Healthcare Limited
Harrow Council - Bedford House,"4 James Bedford Close,Pinner,London",HA5 3TD,2088665696,,Residential homes,Harrow,London,Harrow Council
Woolston Road,"28-30 Woolston Road,Netley Abbey,Southampton",SO31 5FQ,2380457524,https://www.voyagecare.com,Residential homes,Hampshire,South East,Voyage 1 Limited
Cordwainers,"Chase Lane,Off Chase Road,Lindford",GU35 0RW,1420472459,https://www.voyagecare.com,Residential homes,Hampshire,South East,Voyage 1 Limited
Melbreck,"Tilford Road,Rushmoor,Farnham",GU10 2ED,1252793474,https://www.voyagecare.com,Nursing homes,Surrey,South East,Voyage 1 Limited
Red Roof,"Pinks Lane,Baughurst,Tadley",RG26 5NG,1189820370,https://www.choicecaregroup.com,Residential homes,Hampshire,South East,Community Homes of Intensive Care and Education Limited
Deja Vu,"14-16 Liphook Road,Lindford",GU35 0PX,1420477863,,Residential homes,Hampshire,South East,Voyage 1 Limited
Durlands Road,"6 Durlands Road,Horndean",PO8 9NT,2392591915,,Residential homes,Hampshire,South East,Voyage 1 Limited
The Cedars,"6-8 Old Grove Close,Hindhead",GU26 6GG,1428609374,,Residential homes,Surrey,South East,Voyage 1 Limited
Ling Crescent,"2-4 Ling Crescent,Headley Down",GU35 8AY,1428713014,,Residential homes,Hampshire,South East,Voyage 1 Limited
Cinnamon Lodge,"27 Crawley Road,Cranfield,Bedford",MK43 0AA,7960328368,https://www.reallyflexiblecare.co.uk,Residential homes,Central Bedfordshire,East,Really Flexible Care Ltd
Milverton Road,"6 Milverton Road,Willesden,London",NW6 7AS,2084591140,https://www.voyagecare.com,Residential homes,Brent,London,Voyage 1 Limited
David Gresham House,"2 Oak Close,Oxted",RH8 0BA,1883715948,,Residential homes,Surrey,South East,Abbeyfield Wey Valley Society Limited
The Laurel,"10A Fellowes Lane,Colney Heath,St. Albans",AL4 0QA,7988810861,,Residential homes,Hertfordshire,East,London Paramount Care Ltd
Reach April Cottage,"Fir Tree Avenue,Stoke Poges,Slough",SL2 4NN,1753206060,,Residential homes,Buckinghamshire,South East,Rehabilitation Education And Community Homes Limited
Reach Wendover Road,"46 Wendover Road,Aylesbury",HP21 9LB,1296394926,https://www.reach-disabilitycare.co.uk,Residential homes,Buckinghamshire,South East,Rehabilitation Education And Community Homes Limited
Mulberry Court,"Gold Hill East,Chalfont St Peter",SL9 9DL,1753886613,https://www.fremantletrust.org,Residential homes,Buckinghamshire,South East,The Fremantle Trust
Edwina Place,"Edwina Place,London Road, Binfield,Bracknell",RG42 4AA,2031950151,https://www.choicecaregroup.com/view/edwina-place,Residential homes,Bracknell Forest,South East,Community Homes of Intensive Care and Education Limited
St Georges House,"16 St. Georges Road,Bedford",MK40 2LS,1525873265,,Residential homes,Bedford,East,Really Flexible Care Ltd
The Rowans,"27 Tadworth Street,Tadworth",KT20 5RJ,1737817973,https://www.salutemcareandeducation.co.uk,Residential homes,Surrey,South East,Modus Care Limited
Keychange Charity Fair Havens Care Home,"468 Winchester Road,Bassett,Southampton",SO16 7DD,2380790874,https://www.keychangecare.org.uk,Residential homes,Southampton,South East,Keychange Charity
SENSE - Newton Court,"1-4 Newton Court,Stowehill Road,Peterborough",PE4 7PY,1733325713,https://www.sense.org.uk,Residential homes,Peterborough,East,Sense
SENSE - 38 Redgate Court,"Saltersgate,Parnwell,Peterborough",PE1 4XZ,1733313501,https://www.sense.org.uk,Residential homes,Peterborough,East,Sense
SENSE - 37 Redgate Court,"Saltersgate,Parnwell,Peterborough",PE1 4XZ,1733314559,https://www.sense.org.uk,Residential homes,Peterborough,East,Sense
SENSE Holmlea,"53a Shipdham Road,Toftwood,Dereham",NR19 1JL,1362854165,https://www.sense.org.uk,Residential homes,Norfolk,East,Sense
SENSE - Hyde Close Flats,"12 Hyde Close,Barnet",EN5 5TJ,2084474031,https://www.sense.org.uk,Residential homes,Barnet,London,Sense
SENSE Jenny Chapman House,"167 Shephall View,Stevenage",SG1 1RR,1438749013,https://www.sense.org.uk,Residential homes,Hertfordshire,East,Sense
SENSE - 58 Featherstone Road,"Kings Heath,Birmingham",B14 6BE,1214446600,https://www.sense.org.uk,Residential homes,Birmingham,West Midlands,Sense
Mirabeau,"Sheepcotes Lane,Silver End,Witham",CM8 3PJ,1376585599,https://www.zerothreecarehomes.co.uk/our-homes/mirabeau/,Residential homes,Essex,East,Zero Three Care Homes LLP
Imola,"Lanham Green,Cressing,Braintree",CM77 8DT,1376584352,https://www.zerothreecarehomes.co.uk,Residential homes,Essex,East,Zero Three Care Homes LLP
Estoril,"Wonston Road,Southminster",CM0 7FE,1621774776,https://www.zerothreecarehomes.co.uk,Residential homes,Essex,East,Zero Three Care Homes LLP
Schumey's Corner,"11a Queen Street,Southminster",CM0 7BB,1621774315,https://www.zerothreecarehomes.co.uk,Residential homes,Essex,East,Zero Three Care Homes LLP
Villeneuve House,"Wonston Road,Southminster",CM0 7FE,1621772610,https://www.zerothreecarehomes.co.uk,Residential homes,Essex,East,Zero Three Care Homes LLP
Bromham House,"58 Stagsden Road,Bromham,Bedford",MK43 8PT,1525873265,https://www.reallyflexiblecare.co.uk,Residential homes,Bedford,East,Really Flexible Care Ltd
Crossfields Lodge,"18 Crossfields,Halstead",CO9 1UY,1787476679,,Residential homes,Essex,East,Meadowview Care Limited
Sunny View House,"61 Tuffnells Way,Harpenden",AL5 3HA,7988810861,https://www.londonparamountcare.com/,Residential homes,Hertfordshire,East,London Paramount Care Ltd
Northbrooke House,"Main Road,Havenstreet,Ryde",PO33 4DR,1983882236,https://www.islandhealthcare.co.uk,Residential homes|Rehabilitation (illness/injury),Isle of Wight,South East,Island Healthcare Limited
Westview House,"Ward Road,Totland Bay",PO39 0BD,1983753813,https://www.islandhealthcare.co.uk,Residential homes|Homecare agencies,Isle of Wight,South East,Island Healthcare Limited
Tile House,"34 Victoria Avenue,Shanklin",PO37 6LS,1983862762,https://www.islandhealthcare.co.uk,Residential homes|Homecare agencies,Isle of Wight,South East,Island Healthcare Limited
Highfield House,"4 Highfield Road,Shanklin",PO37 6PP,1983862195,https://www.islandhealthcare.co.uk,Residential homes,Isle of Wight,South East,Island Healthcare Limited
Reach Yew Tree Road,"1 Yew Tree Road,Slough",SL1 2AA,1753524621,https://www.reach-disabilitycare.co.uk,Residential homes,Slough,South East,Rehabilitation Education And Community Homes Limited
Reach Bierton Road,"22 Bierton Road,Aylesbury",HP20 1EJ,1296429586,https://www.reach-disabilitycare.co.uk,Residential homes,Buckinghamshire,South East,Rehabilitation Education And Community Homes Limited
Reach Sistine Manor,"Sistine Manor,Stoke Green,Stoke Poges",SL2 4HN,1753531869,https://www.reach-disabilitycare.co.uk,Residential homes,Buckinghamshire,South East,Rehabilitation Education And Community Homes Limited
Reach Lower Cippenham Lane,"178 Lower Cippenham Lane,Slough",SL1 5EA,1628666132,https://www.reach-disabilitycare.co.uk,Residential homes,Slough,South East,Rehabilitation Education And Community Homes Limited
Reach Upton Court Road,"2A Upton Court Road,Slough",SL3 7LX,1753570222,https://www.reach-disabilitycare.co.uk,Residential homes,Slough,South East,Rehabilitation Education And Community Homes Limited
Reach Vale Road Chesham,"17 Vale Road,Chesham",HP5 3HH,1494793185,https://www.reach-disabilitycare.co.uk,Residential homes,Buckinghamshire,South East,Rehabilitation Education And Community Homes Limited
Wortley Villa,"Bath Road,Nailsworth",GL6 0HH,1453835023,,Residential homes,Gloucestershire,South West,Gloucestershire Group Homes Limited
Uplands House Care Home,"61 Park Lane,Fareham",PO16 7HH,1329221817,https://www.uplandsindependenthospital.co.uk,Nursing homes,Hampshire,South East,Coveberry Limited
Rookery House,"26 Huggins Lane,Welham Green, North Mymms,Hatfield",AL9 7LE,7988810861,https://www.londonparamountcare.com/,Residential homes,Hertfordshire,East,London Paramount Care Ltd
Tenterden House Care Home,"Lye Lane,Bricket Wood,St Albans",AL2 3TN,1923679989,https://www.bupa.co.uk/care-services/care-homes/tenterden-house-st-albans,Nursing homes,Hertfordshire,East,Bupa Care Homes (BNH) Limited
The Lawns Care Home,"Lawn Lane,Springfield,Chelmsford",CM1 7JB,1245450101,,Nursing homes,Essex,East,Bupa Care Homes (BNH) Limited
The Arkley Care Home,"140 Barnet Road,Barnet",EN5 3LJ,2084495454,,Nursing homes,Barnet,London,Bupa Care Homes (BNH) Limited
Old Barn Close,"5 Old Barn Close,Gawcott,Buckingham",MK18 4JH,1280824799,https://www.hpcha.org.uk,Residential homes,Buckinghamshire,South East,Hightown Housing Association Limited
Litslade Farm,"2 Bletchley Road,Newton Longville",MK17 0AD,1908648143,https://www.hpcha.org.uk,Residential homes,Buckinghamshire,South East,Hightown Housing Association Limited
4 Old Barn Close,"Gawcott,Buckingham",MK18 4JH,1280821006,https://www.hpcha.org.uk,Residential homes,Buckinghamshire,South East,Hightown Housing Association Limited
Haslewood Avenue,"1 Haslewood Avenue,Hoddesdon",EN11 8HT,1992479171,https://www.hpcha.org.uk,Residential homes,Hertfordshire,East,Hightown Housing Association Limited
4 Trinity Court,"Ardenham Lane,Bicester Road,Aylesbury",HP19 8AB,1296486444,https://www.hpcha.org.uk,Residential homes,Buckinghamshire,South East,Hightown Housing Association Limited
St Helens Down,"46 St Helens Down,Hastings",TN34 2BQ,1424432958,https://www.voyagecare.com,Residential homes,East Sussex,South East,Voyage 1 Limited
Wendover Road,"87 Wendover Road,Stoke Mandeville,Aylesbury",HP22 5TD,1296615403,https://www.hpcha.org.uk,Residential homes,Buckinghamshire,South East,Hightown Housing Association Limited
Buckler's Lodge Care Home,"Woodcote Green,Crowthorne",RG45 6HZ,1344959650,https://www.greensleeves.org.uk/care-homes/bucklers-lodge-crowthorne-berkshire/,Residential homes,Bracknell Forest,South East,Greensleeves Homes Trust
Mountain Ash,"Fairlight Gardens,Fairlight",TN35 4AY,1424812190,https://www.voyagecare.com,Residential homes,East Sussex,South East,Voyage 1 Limited
35/37 Solna Road,"35-37 Solna Road,London",N21 2JE,2083608900,https://www.voyagecare.com,Residential homes,Enfield,London,Voyage 1 Limited
Pentlands Nursing Home,"42 Mill Road,Worthing",BN11 5DU,1903247211,,Nursing homes,West Sussex,South East,South Coast Nursing Homes Limited
White Lodge Residential Home,"Westfield Avenue South Strand,East Preston",BN16 1PN,1903789000,,Residential homes,West Sussex,South East,South Coast Nursing Homes Limited
Rookwood Residential Home,"26 Silverdale Road,Burgess Hill",RH15 0EF,1444462100,,Residential homes,West Sussex,South East,South Coast Nursing Homes Limited
Fernbank Residential Home,"25-27 Gratwicke Road,Worthing",BN11 4BN,1903282400,,Residential homes,West Sussex,South East,South Coast Nursing Homes Limited
Eastridge Manor EMI Nursing and Residential Home,"Wineham Lane,Bolney,Haywards Heath",RH17 5SD,1444881768,,Nursing homes,West Sussex,South East,South Coast Nursing Homes Limited
Chesham Leys,"Cameron Road,Chesham",HP5 3BP,1494782841,https://www.fremantletrust.org,Nursing homes,Buckinghamshire,South East,The Fremantle Trust
Tudor Rose,"23 Borovere Lane,Alton",GU34 1PB,1420544697,,Residential homes,Hampshire,South East,Voyage 1 Limited
Cloverdale,"95 Anstey Lane,Alton",GU34 2NJ,1420542370,,Residential homes,Hampshire,South East,Voyage 1 Limited
Woodrow Cottage,"Hill Close,Fair Oak,Eastleigh",SO50 7HJ,2380693957,,Residential homes,Hampshire,South East,Voyage 1 Limited
Winchester Road,"52 Winchester Road,Four Marks,Alton",GU34 5HR,1420564028,,Residential homes,Hampshire,South East,Voyage 1 Limited
West Road,"2 West Road,Hedge end,Southampton",SO30 4BD,2380470557,,Residential homes,Hampshire,South East,Voyage 1 Limited
Greenview House,"13 Mount Drive,Park Street,St. Albans",AL2 2NP,7988810861,,Residential homes,Hertfordshire,East,London Paramount Care Ltd
Northfield House,"Tower Hill,Willliton",TA4 4JR,1984633810,https://www.voyagecare.com,Residential homes,Somerset,South West,Voyage 1 Limited
Mandalay,"13 Bridge Street,Witham",CM8 1BU,1376520280,https://www.voyagecare.com,Residential homes,Essex,East,Voyage 1 Limited
Ashdale,"1 Rakemakers,Holybourne",GU34 4ED,1420549048,https://www.voyagecare.com,Residential homes,Hampshire,South East,Voyage 1 Limited
Barn Rise,"3 Barn Rise,Wembley",HA9 9NA,2089044596,https://www.voyagecare.com,Residential homes,Brent,London,Voyage 1 Limited
Eastbourne Gardens Care Home,"6 Upper Kings Drive,Eastbourne",BN20 9AN,1323525000,,Nursing homes,East Sussex,South East,Willowbrook Healthcare Limited
Rosebery Manor Care Home,"458 Reigate Road,Epsom",KT18 5XA,1737351589,,Nursing homes,Surrey,South East,Willowbrook Healthcare Limited
Camberley Heights Care Home,"Pembroke Broadway,Camberley",GU15 3XD,1276406600,,Nursing homes,Surrey,South East,Willowbrook Healthcare Limited
Fleet Hall Care Home,"22-26 Church Road,Fleet",GU51 4NB,1932871100,,Residential homes,Hampshire,South East,Willowbrook Healthcare Limited
Sonning Gardens Care Home,"Old Bath Road,Sonning,Reading",RG4 6TQ,1189444300,,Nursing homes,Wokingham,South East,Willowbrook Healthcare Limited
Guildford House Care Home,"The Astolat Business Park, Astolat Way,Peasmarsh,Guildford",GU3 1NE,14833307500,,Nursing homes,Surrey,South East,Willowbrook Healthcare Limited
Beaconsfield Heights Care Home,"30-34 Station Road,Beaconsfield",HP9 1AB,1494739602,,Residential homes,Buckinghamshire,South East,Willowbrook Healthcare Limited
Tanners Wood,"5-5a Tanners Wood Close,Tanners Wood Lane,Abbots Langley",WD5 0HR,1923270270,https://www.hertsdirect.org,Residential homes,Hertfordshire,East,Hertfordshire County Council
Isabel Court,"1-6 Isabel Court,Walton Road,Hoddesdon",EN11 0LQ,1992468652,https://www.hertsdirect.org,Residential homes,Hertfordshire,East,Hertfordshire County Council
Scarborough House,"395 Scarborough Avenue,Stevenage",SG1 2QA,1438361196,https://www.hertsdirect.org,Residential homes,Hertfordshire,East,Hertfordshire County Council
Lower St Helens,"30 Lower St Helens Road,Hedge End,Southampton",SO30 0LU,1489787449,,Residential homes,Hampshire,South East,Voyage 1 Limited
Hibernia,"Dodwell Lane,Burlesdon,Southampton",SO31 1AR,2380407354,,Residential homes,Hampshire,South East,Voyage 1 Limited
Mimosa Lodge,"Winchester Road,Botley,Southampton",SO32 2DH,1489789612,https://www.voyagecare.com,Residential homes,Hampshire,South East,Voyage 1 Limited
Titchfield Lodge,"66 Titchfield Park Road,Titchfield,Fareham",PO15 5RN,1489588584,,Residential homes,Hampshire,South East,Voyage 1 Limited
Apple Blossom House,"34 St. Ronans Road,Reading",RG30 2QE,1189508548,https://www.voyagecare.com,Residential homes,Reading,South East,Voyage 1 Limited
Churchfield Avenue,"21-23 Churchfield Avenue,Sawston,Cambridge",CB22 3LA,1223835733,https://www.voyagecare.com,Residential homes,Cambridgeshire,East,Voyage 1 Limited
Brize Meadow Lodge,"Miles Drive,Brize Norton,Carterton",OX18 1NZ,,https://www.idealcarehomes.co.uk,Residential homes,Oxfordshire,South East,Ideal Carehomes (Number One) Limited
Elstree View Care Home,"Edgwarebury Lane,Elstree,Borehamwood",WD6 3RG,2082360100,,Residential homes,Hertfordshire,East,Willowbrook Healthcare Limited
Esher Manor Care Home,"42 Copsem Lane,Esher",KT10 9HJ,1372410000,,Residential homes,Surrey,South East,Willowbrook Healthcare Limited
Elton House Care Home,"Elton Way,Bushey,Watford",WD25 8HA,1923254176,,Nursing homes,Hertfordshire,East,Willowbrook Healthcare Limited
Winchester Heights Care Home,"Stockbridge Road,Winchester",SO22 5JH,1962814400,,Nursing homes,Hampshire,South East,Willowbrook Healthcare Limited
Virginia Water Care Home,"Christchurch Road,Virginia Water",GU25 4BE,1344859087,,Residential homes,Surrey,South East,Willowbrook Healthcare Limited
Chertsey Parklands Manor Care Home,"Parklands Drive,Chertsey",KT16 9FS,1932876800,,Nursing homes,Surrey,South East,Willowbrook Healthcare Limited
Moorlands Lodge Care Home,"Portsmouth Road,Hindhead",GU26 6TJ,1428605396,,Nursing homes,Surrey,South East,Willowbrook Healthcare Limited
Joseph Gardens,"7 Joseph Gardens,Silver End",CM8 3SN,1376583566,,Residential homes,Essex,East,Zero Three Care Homes LLP
Fiorano,"Walden Road,Thaxted",CM6 2RE,1371831856,,Residential homes,Essex,East,Zero Three Care Homes LLP
Falcon Lodge,"1 Falcon Way,Botley,Southampton",SO32 2TE,1489785209,https://www.voyagecare.com,Residential homes,Hampshire,South East,Voyage 1 Limited
Oakcroft,"8 Winston Rise,Four Marks",GU34 5HW,1420563442,https://www.voyagecare.com,Residential homes,Hampshire,South East,Voyage 1 Limited
All Hallows Neuro Rehabilitation Centre,"Station Road,Ditchingham,Bungay",NR35 2QL,1986899688,,Nursing homes,Norfolk,East,Coveberry Limited
Ascot Grange Care Home,"Bagshot Road,Ascot",SL5 9PR,1344636050,,Nursing homes,Windsor and Maidenhead,South East,Willowbrook Healthcare Limited
Southampton Manor Care Home,"111 Burgess Road,Southampton",SO16 7AG,2380706050,,Nursing homes,Southampton,South East,Willowbrook Healthcare Limited
Bagshot Gardens Care Home,"14-16 London Road,Bagshot",GU19 5HN,1276456000,,Nursing homes,Surrey,South East,Willowbrook Healthcare Limited
Barnet Grange Care Home,"59 Wood Street,Barnet",EN5 4BS,2031310091,,Nursing homes,Barnet,London,Willowbrook Healthcare Limited
Chorleywood Manor Care Home,"High View,Chorleywood,Rickmansworth",WD3 5TQ,1923287750,,Nursing homes,Hertfordshire,East,Willowbrook Healthcare Limited
Cliveden Manor Care Home,"210 Little Marlow Road,Marlow",SL7 1HX,1628401100,,Nursing homes,Buckinghamshire,South East,Willowbrook Healthcare Limited
Brentwood Arches Care Home,"London Road,Brentwood",CM14 4NA,8456804048,,Nursing homes,Essex,East,Willowbrook Healthcare Limited
Camberley Woods Care Home,"Fernhill Road,Blackwater,Camberley",GU17 9HS,1276327773,,Nursing homes,Hampshire,South East,Willowbrook Healthcare Limited
Hillview Care Home,"17 Collett Road,Ware",SG12 7LY,7810637302,https://www.bmcare.co.uk,Residential homes,Hertfordshire,East,B & M Investments Limited
188 Whitley Wood Lane Respite Care,"188 Whitley Wood Lane,Reading",RG2 8PR,1189375347,https://www.reading.gov.uk,Residential homes,Reading,South East,Reading Borough Council
Woodbury Manor,"Clay Hill,Enfield",EN2 9JA,2083661889,https://www.scimitarcare.co.uk/care-homes/woodbury-manor/woodbury-manor-care-home.php,Residential homes,Enfield,London,Marigold MG1 Ltd
Knights' Grove Care Home,"Thomas Road,North Baddesley,Southampton",SO52 9EW,2380741342,,Nursing homes,Hampshire,South East,Bupa Care Homes (CFChomes) Limited
Northlands House Care Home,"6 Westrow Road,Southampton",SO15 2LY,2380717600,,Nursing homes,Southampton,South East,Bupa Care Homes (CFChomes) Limited
The Poets,"44 - 48 Shelley Road,Worthing",BN11 4BX,1903210612,,Nursing homes,West Sussex,South East,South Coast Nursing Homes Limited
694 Pinner Road,"694 Pinner Road,Pinner",HA5 5QY,2088681894,https://www.voyagecare.com,Residential homes,Harrow,London,Voyage 1 Limited
Hatfield Peverel Lodge Care Home,"Crabbs Hill,Hatfield Peverel,Chelmsford",CM3 2NZ,1245380750,,Nursing homes,Essex,East,Bupa Care Homes (CFChomes) Limited
The Donnington Care Home,"Wantage Road,Newbury",RG14 3BE,1635521272,https://www.bupa.co.uk/care-services/care-homes/the-donnington-newbury,Nursing homes,West Berkshire,South East,Bupa Care Homes (CFChomes) Limited
30 Richmond Road,"Caversham,Reading",RG4 7PR,1189463282,https://www.voyagecare.com,Residential homes,Reading,South East,Voyage 1 Limited
43 Station Road,"Wraysbury,Staines",TW19 5ND,1784488581,https://www.voyagecare.com,Residential homes,Windsor and Maidenhead,South East,Voyage 1 Limited
Tadworth Grove Care Home,"The Avenue,Tadworth,Nr Epsom",KT20 5AT,1737813695,,Nursing homes,Surrey,South East,Bupa Care Homes (CFChomes) Limited
60 Cobham Road,"Fetcham,Leatherhead",KT22 9JS,1372379623,https://www.voyagecare.com,Residential homes,Surrey,South East,Voyage 1 Limited
Southview,"34 Yew Tree Close,Fair Oak,Eastleigh",SO50 7GP,2380601805,https://www.voyagecare.com,Residential homes,Hampshire,South East,Voyage 1 Limited
Oaklands,"5 The Green,Theale,Reading",RG7 5DR,1189305288,https://www.voyagecare.com,Residential homes,West Berkshire,South East,Voyage 1 Limited
74 Old Ford End,"Queens Park,Bedford",MK40 4LY,1234364022,https://www.voyagecare.com,Residential homes,Bedford,East,Voyage 1 Limited
The Lodge,"21 Roundshead Drive,Warfield,Bracknell",RG42 3RZ,1344424982,https://www.voyagecare.com,Residential homes,Bracknell Forest,South East,Voyage 1 Limited
Spring Grove Road,"231-233 Spring Grove Road,Isleworth",TW7 4AF,2087582966,https://www.voyagecare.com,Residential homes,Hounslow,London,Voyage 1 Limited
Rookery Cottage,"249 Shinfield Road,Reading",RG2 8HE,1189872278,https://www.voyagecare.com,Residential homes,Wokingham,South East,Voyage 1 Limited
Worting Road (The Whispers),"358 Worting Road,Basingstoke",RG22 5DY,1256329372,https://www.voyagecare.com,Residential homes,Hampshire,South East,Voyage 1 Limited
Edith Road (Tregona),"3 Edith Road,Maidenhead",SL6 5DY,1628789433,https://www.voyagecare.com,Residential homes,Windsor and Maidenhead,South East,Voyage 1 Limited
17 Walsworth Road,"Hitchin,Hitchin",SG4 9SP,1462420019,https://www.voyagecare.com,Residential homes,Hertfordshire,East,Voyage 1 Limited
60 Bullpond Lane,"Bullpond Lane,Dunstable",LU6 3BJ,1582472580,https://www.voyagecare.com,Residential homes,Central Bedfordshire,East,Voyage 1 Limited
Broadview,"22 Kiln Road,Fareham",PO16 7UB,1329829177,https://www.voyagecare.com,Residential homes,Hampshire,South East,Voyage 1 Limited
Kirtling House,"14 Compton Road,Winchester",SO23 9SL,1962862580,https://www.together-uk.org,Residential homes,Hampshire,South East,Together for Mental Wellbeing
Brighton & Hove City Council - 83 Beaconsfield Villas,"83 Beaconsfield Villas,Brighton",BN1 6HF,1273295297,,Residential homes,Brighton and Hove,South East,Brighton and Hove City Council
Brighton & Hove City Council - The Beach House,"29 Westbourne Villas,Hove",BN3 4GQ,1273295288,,Residential homes,Brighton and Hove,South East,Brighton and Hove City Council
Berkeley Lodge,"42 Shelley Road,Worthing",BN11 4DA,1903288488,,Nursing homes,West Sussex,South East,South Coast Nursing Homes Limited
Argyles Care Home,"Pound Street,Newbury",RG14 6AE,1635551166,https://www.bupa.co.uk/care-services/care-homes/argyles-newbury,Nursing homes,West Berkshire,South East,Bupa Care Homes (CFChomes) Limited
Thatcham Court Care Home,"Chapel Street,Thatcham",RG18 4QL,1635873834,https://www.bupa.co.uk,Nursing homes,West Berkshire,South East,Bupa Care Homes (CFChomes) Limited
Parkside Care Home,"Parkside Road,Reading",RG30 2DP,1189528910,https://www.bupa.co.uk/care-services/care-homes/parkside-reading,Nursing homes,Reading,South East,Bupa Care Homes (CFChomes) Limited
Cottenham Court Care Home,"High Street,Cottenham,Cambridge",CB24 8SS,1954252626,,Nursing homes,Cambridgeshire,East,Bupa Care Homes (CFChomes) Limited
Church Farm Care Home,"Church Farm Lane,East Wittering,Chichester",PO20 8PT,1243672999,,Residential homes,West Sussex,South East,Bupa Care Homes (CFChomes) Limited
Green Gates Care Home,"2 Hernes Road,Summertown,Oxford",OX2 7PT,1865558815,,Nursing homes,Oxfordshire,South East,Bupa Care Homes (CFChomes) Limited
Hadley Lawns Care Home,"Kitts End Road,Hadley Highstone,Barnet",EN5 4QE,2084490324,,Nursing homes,Barnet,London,Bupa Care Homes (CFChomes) Limited
1 Longmore Road,"Whitley Wood,Reading",RG2 8QG,1189867457,https://www.voyagecare.com,Residential homes,Wokingham,South East,Voyage 1 Limited
Premier Court Care Home,"Thorley Lane East,Thorley,Bishops Stortford",CM23 4BH,1279758585,https://www.bupa.co.uk/Carehomes/Premier_Court,Nursing homes,Hertfordshire,East,Bupa Care Homes (CFChomes) Limited
30 Broad Lane,"Upper Bucklebury,Reading",RG7 6QJ,1635871191,https://www.voyagecare.com,Residential homes,West Berkshire,South East,Voyage 1 Limited
2a & 2b Mayfair,"Tilehurst,Reading",RG30 4QY,1189453744,https://www.voyagecare.com,Residential homes,Reading,South East,Voyage 1 Limited
Tentelow Lane,"137a Tentelow Lane,Southall",UB2 4LW,2088936634,https://www.voyagecare.com,Residential homes,Ealing,London,Voyage 1 Limited
Cornerways,"32 Arbor Lane,Winnersh,Wokingham",RG41 5JD,1189770036,https://www.voyagecare.com,Residential homes,Wokingham,South East,Voyage 1 Limited
Pinkneys Road,"87 Pinkneys Road,Maidenhead",SL6 5DT,1628626167,https://www.voyagecare.com,Residential homes,Windsor and Maidenhead,South East,Voyage 1 Limited
16 Balnacraig Avenue (The Leaves),"Neasden,London",NW10 1TH,2084508906,https://www.voyagecare.com,Residential homes,Brent,London,Voyage 1 Limited
Milehouse Lane,"25 Milehouse Lane,St Albans",AL1 1TF,1727835413,,Residential homes,Hertfordshire,East,Voyage 1 Limited
Birchwood Bungalow,"Off How Wood,Park Street,St Albans",AL2 2QZ,1727874776,https://www.voyagecare.com,Residential homes,Hertfordshire,East,Voyage 1 Limited
Beech House,"49 Crockhamwell Road,Woodley,Wokingham",RG5 3JY,1189698373,https://www.voyagecare.com,Residential homes,Wokingham,South East,Voyage 1 Limited
Brighton & Hove City Council - Ireland Lodge,"Lockwood Crescent,Woodingdean,Brighton",BN2 6UH,1273296120,,Residential homes,Brighton and Hove,South East,Brighton and Hove City Council
Wavelly House,"7a Wavel Close,Basingstoke",RG22 6EQ,1256333773,https://www.together-uk.org,Residential homes,Hampshire,South East,Together for Mental Wellbeing
Four Winds,"32A Church Road,Brightlingsea,Colchester",CO7 0JF,1206308176,https://www.consensussupport.com,Residential homes,Essex,East,Consensus Support Services Limited
Brighton & Hove City Council - Craven Vale Resource Centre,"Craven Road,Brighton",BN2 0FE,1273295772,,Residential homes|Rehabilitation (illness/injury),Brighton and Hove,South East,Brighton and Hove City Council
Brighton & Hove City Council - Wayfield Avenue Resource Centre,"2 Wayfield Avenue,Hove",BN3 7LW,1273295880,,Residential homes,Brighton and Hove,South East,Brighton and Hove City Council
The Acorns,"5a Walton Heath,Pound Hill,Crawley",RH10 3UE,1293885331,https://www.voyagecare.com,Residential homes,West Sussex,South East,Voyage 1 Limited
The Orchards,"49 Three Bridges Road,Crawley",RH10 1JJ,1293619465,https://www.voyagecare.com,Residential homes,West Sussex,South East,Voyage 1 Limited
Oak House,"193 Weald Drive,Furness Green,Crawley",RH10 6NZ,1293539821,https://www.voyagecare.com,Residential homes,West Sussex,South East,Voyage 1 Limited
Fremantle Court,"Risborough Road,Stoke Mandeville,Aylesbury",HP22 5XL,1296615278,https://www.fremantletrust.org,Nursing homes,Buckinghamshire,South East,The Fremantle Trust
Maitland House,"11 Maitland Road,Reading",RG1 6NL,1189572826,,Residential homes,Reading,South East,Abbeyfield Wey Valley Society Limited
Magdalen Close Hostel,"1-5 Magdalen Close,Clacton On Sea",CO15 3LS,1255432951,https://www.essex.gov.uk,Residential homes,Essex,East,Essex County Council
Tudor House,"47A London Road,Stanway,Colchester",CO3 0NR,1206562790,https://www.essex.gov.uk,Residential homes,Essex,East,Essex County Council
Bridgemarsh Residential Home,"184 Main Road,Broomfield,Chelmsford",CM1 7AJ,1245440858,https://www.essex.gov.uk,Residential homes,Essex,East,Essex County Council
Longwood Place,"110 High Road,Langdon Hill",SS16 6HY,1268411414,https://www.essex.gov.uk,Residential homes,Essex,East,Essex County Council
Aldeburgh House,"66 Seaview Avenue,West Mersea,Colchester",CO5 8BX,1206384392,https://www.consensussupport.com,Residential homes,Essex,East,Consensus Support Services Limited
Blakeney House,"33-35 Park Road,Westcliff On Sea",SS0 7PQ,1702335724,https://www.consensussupport.com,Residential homes,Southend-on-Sea,East,Consensus Support Services Limited
Deansbrook Farm,"Southminster Road,Asheldham,Southminster",CM0 7DZ,1621775820,https://www.consensussupport.com,Residential homes,Essex,East,Consensus Support Services Limited
Fletton Avenue,"35 Fletton Avenue,Peterborough",PE2 8AX,1733315090,https://www.consensussupport.com,Residential homes,Peterborough,East,Consensus Support Services Limited
Frinton House,"22 Buckhurst Road,Bexhill On Sea",TN40 1QE,1424214430,https://www.consensussupport.com,Residential homes,East Sussex,South East,Consensus Support Services Limited
Kingston House,"43 Woodfield Park Drive,Leigh On Sea",SS9 1LN,1702712022,https://www.consensussupport.com,Residential homes,Southend-on-Sea,East,Consensus Support Services Limited
Harvey Lane,"9 Harvey Lane,Norwich",NR7 0BG,1603304655,https://www.consensussupport.com,Residential homes,Norfolk,East,Consensus Support Services Limited
Rowan House,"Church Lane,Doddinghurst,Brentwood",CM15 0NJ,1277823853,https://www.consensussupport.com,Residential homes,Essex,East,Consensus Support Services Limited
The Rivers,"88 Rectory Road,Farnborough",GU14 7HT,1252516723,https://www.consensussupport.com,Residential homes,Hampshire,South East,Consensus Support Services Limited
Southwold House,"16-18 Cliff Road,Leigh On Sea",SS9 1HJ,1702715240,https://www.consensussupport.com,Residential homes,Southend-on-Sea,East,Consensus Support Services Limited
22 Woodlands Road,"22 Woodlands Road,Sonning Common,Reading",RG4 9TE,1189721460,https://www.voyagecare.com,Residential homes,Oxfordshire,South East,Voyage 1 Limited
Magnolia House,"126 Beech Hill,Haywards Heath",RH16 3TT,1444416183,https://www.voyagecare.com,Residential homes,West Sussex,South East,Voyage 1 Limited
128 Beech Hill,"128 Beech Hill,Haywards Heath",RH16 3TT,1444455448,https://www.voyagecare.com,Residential homes,West Sussex,South East,Voyage 1 Limited
29 Briants Avenue,"29 Briants Avenue,Caversham,Reading",RG4 5AY,1189479795,https://www.voyagecare.com,Residential homes,Reading,South East,Voyage 1 Limited
25 Welby Close,"25 Welby Close,Maidenhead",SL6 3PY,1628824154,,Residential homes,Windsor and Maidenhead,South East,Voyage 1 Limited
52 Porthcawl Green,"52 Porthcawl Green,Tattenhoe,Milton Keynes",MK4 3AL,1908507149,https://www.voyagecare.com,Residential homes,Milton Keynes,South East,Voyage 1 Limited
4 Pages Orchard,"4 Pages Orchard,Sonning Common,Reading",RG4 9LW,1189722928,https://www.voyagecare.com,Residential homes,Oxfordshire,South East,Voyage 1 Limited
Rosewood,"18 St. Johns Avenue,Burgess Hill",RH15 8HH,1444232197,https://www.voyagecare.com,Residential homes,West Sussex,South East,Voyage 1 Limited
Manson House,"Northgate Street,Bury St. Edmunds",IP33 1HP,1284330416,https://www.stowhealthcare.co.uk,Residential homes,Suffolk,East,Stow Healthcare Group Limited
The Laurels,"St Margaret's Lane,Titchfield,Fareham",PO14 4BL,1329841919,https://www.voyagecare.com,Residential homes,Hampshire,South East,Voyage 1 Limited
Rivers Reach,"Fontley Road,Titchfield,Fareham",PO15 6QX,1329842759,https://www.voyagecare.com,Residential homes,Hampshire,South East,Voyage 1 Limited
Shearwater,"Moorings Way,Milton,Portsmouth",PO4 8QW,2392776130,https://www.portsmouthcc.gov.uk,Residential homes,Portsmouth,South East,Portsmouth City Council
OSJCT St Wilfrid's Priory Care Home,"2 London Road,Arundel",BN18 9BZ,1903882079,https://www.osjct.co.uk,Residential homes,West Sussex,South East,The Orders Of St. John Care Trust
OSJCT Marston Court,"Marston Road,Oxford",OX3 0DJ,1865241526,https://www.osjct.co.uk,Residential homes,Oxfordshire,South East,The Orders Of St. John Care Trust
OSJCT Madley Park House,"Madley Way,Witney",OX28 1AT,1993890720,https://www.osjct.co.uk,Residential homes,Oxfordshire,South East,The Orders Of St. John Care Trust
OSJCT Old Station House,"Old Station Yard,Abingdon",OX14 3US,1235536226,https://www.osjct.co.uk,Residential homes,Oxfordshire,South East,The Orders Of St. John Care Trust
OSJCT Meadowcroft,"78 Queens Road,Thame",OX9 3NQ,1844212934,https://www.osjct.co.uk,Nursing homes,Oxfordshire,South East,The Orders Of St. John Care Trust
OSJCT Isis House Care & Retirement Centre,"Cornwallis Road,Donnington",OX4 3NH,1865397980,https://www.osjct.co.uk,Nursing homes,Oxfordshire,South East,The Orders Of St. John Care Trust
OSJCT Westgate House,"Millington Road,Wallingford",OX10 8FE,1491836332,https://www.osjct.co.uk,Nursing homes,Oxfordshire,South East,The Orders Of St. John Care Trust
Cambria House,"24 St Peters Street,Winchester",SO23 8BP,1962865226,https://www.choicecaregroup.com,Residential homes,Hampshire,South East,Community Homes of Intensive Care and Education Limited
Bramerton,"Upper Bray Road,Bray,Maidenhead",SL6 2DB,1628771058,https://www.choicecaregroup.com,Residential homes,Windsor and Maidenhead,South East,Community Homes of Intensive Care and Education Limited
Carisbrooke,"341 Peppard Road,Emmer Green,Reading",RG4 8XG,1189462400,https://www.choicecaregroup.com,Residential homes,Reading,South East,Community Homes of Intensive Care and Education Limited
Elliott House,"Reading Road North,Fleet",GU51 4AW,1252628588,https://www.choicecaregroup.com,Residential homes,Hampshire,South East,Community Homes of Intensive Care and Education Limited
White House,"334 Horton Road,Datchet",SL3 9HY,1753541595,https://www.choicecaregroup.com,Residential homes,Windsor and Maidenhead,South East,Community Homes of Intensive Care and Education Limited
Rowan Cottage,"Sulhamstead Road,Burghfield,Reading",RG30 3SB,1189836003,https://www.choicecaregroup.com,Residential homes,West Berkshire,South East,Community Homes of Intensive Care and Education Limited
Appletrees,"Chapel Row,Bucklebury,Newbury",RG7 6PB,1189713769,https://www.choicecaregroup.com,Residential homes,West Berkshire,South East,Community Homes of Intensive Care and Education Limited
Peppard House,"45 Woodcote Road,Caversham,Reading",RG4 7BB,1189472067,https://www.choicecaregroup.com,Residential homes,Reading,South East,Community Homes of Intensive Care and Education Limited
Stokelodge,"85 Cliddesden Road,Basingstoke",RG21 3EY,1256842446,https://www.choicecaregroup.com,Residential homes,Hampshire,South East,Community Homes of Intensive Care and Education Limited
Kadimah,"Ravenswood Village,Nine Mile Ride,Crowthorne",RG45 6BQ,1344755574,https://www.norwood.org.uk,Residential homes,Wokingham,South East,Norwood
The Elms,"Ravenswood Village,Nine Mile Ride,Crowthorne",RG45 6BQ,1344755576,https://www.norwood.org.uk,Residential homes,Wokingham,South East,Norwood
Cary Brook,"Millbrook Gardens,Castle Cary",BA7 7EE,1963359700,https://www.somersetcare.co.uk,Residential homes,Somerset,South West,Somerset Care Limited
Woodcock Dell Avenue,"1 Woodcock Dell Avenue,Kenton,London",HA3 0PW,2084573270,https://www.norwood.org.uk,Residential homes,Brent,London,Norwood
Russets,"Gatcombe Drive,Hilsea,Portsmouth",PO2 0TX,2392663780,https://www.portsmouthcc.gov.uk,Residential homes,Portsmouth,South East,Portsmouth City Council
OSJCT Longlands,"Balfour Road,Blackbird Leys,Oxford",OX4 6AJ,1865779224,https://www.osjct.co.uk,Residential homes,Oxfordshire,South East,The Orders Of St. John Care Trust
OSJCT Lake House,"The Green,Lake Walk, Adderbury,Banbury",OX17 3NG,1295811183,https://www.osjct.co.uk,Residential homes,Oxfordshire,South East,The Orders Of St. John Care Trust
OSJCT Spencer Court,"Union Street,Woodstock",OX20 1JG,1993812725,https://www.osjct.co.uk,Residential homes,Oxfordshire,South East,The Orders Of St. John Care Trust
OSJCT Stirlings,"Garston Lane,Wantage",OX12 7AX,1235762444,https://www.osjct.co.uk,Residential homes,Oxfordshire,South East,The Orders Of St. John Care Trust
OSJCT Townsend House,"Bayswater Road,Headington",OX3 9NX,1865762232,https://www.osjct.co.uk,Residential homes,Oxfordshire,South East,The Orders Of St. John Care Trust
Boxgrove House,"Littlehealth Road,Reading",RG31 5TY,1189431019,https://www.choicecaregroup.com,Residential homes,West Berkshire,South East,Community Homes of Intensive Care and Education Limited
Hazeldene,"127-131 Wantage Road,Reading",RG30 2SL,1189500567,https://www.choicecaregroup.com,Residential homes,Reading,South East,Community Homes of Intensive Care and Education Limited
Parkview,"1 Armour Road,Tilehurst,Reading",RG31 6EX,1189420596,https://www.choicecaregroup.com,Residential homes,Reading,South East,Community Homes of Intensive Care and Education Limited
Fairview,"2 Pinks Lane,Baughurst,Tadley",RG26 5NG,1189814280,https://www.choicecaregroup.com,Residential homes,Hampshire,South East,Community Homes of Intensive Care and Education Limited
Heronsmede,"88-90 Straight Road,Old Windsor",SL4 2RX,1753855694,https://www.choicecaregroup.com,Residential homes,Windsor and Maidenhead,South East,Community Homes of Intensive Care and Education Limited
Fearnley House,"86 Straight Road,Old Windsor",SL4 2RX,1753863752,https://www.choicecaregroup.com,Residential homes,Windsor and Maidenhead,South East,Community Homes of Intensive Care and Education Limited
The Orchard,"Ravenswood Village,Nine Mile Ride,Crowthorne",RG45 6BQ,1344755582,https://www.norwood.org.uk,Residential homes,Wokingham,South East,Norwood
The Firs,"Ravenswood Village,Nine Mile Ride,Crowthorne",RG45 6BQ,1344755580,https://www.norwood.org.uk,Residential homes,Wokingham,South East,Norwood
Eretz,"Ravenswood Village,Nine Mile Ride,Crowthorne",RG45 6BQ,1344755613,https://www.norwood.org.uk,Residential homes,Wokingham,South East,Norwood
The Tager Centre,"Ravenswood Village,Nine Mile Ride,Crowthorne",RG45 6BQ,1344755632,https://www.norwood.org.uk,Residential homes,Wokingham,South East,Norwood
Pamela Barnett,"Ravenswood Village,Nine Mile Ride,Crowthorne",RG45 6BQ,1344755625,https://www.norwood.org.uk,Residential homes,Wokingham,South East,Norwood
Tikvah Woodpeckers,"Ravenswood Village,Nine Mile Ride,Crowthorne",RG45 6BQ,1344755614,https://www.norwood.org.uk,Residential homes,Wokingham,South East,Norwood
Norwood - 30 Old Church Lane,"Old Church Lane,Stanmore,London",HA7 2RF,2089546566,https://www.norwood.org.uk,Residential homes,Harrow,London,Norwood
Norwood - 60 Carlton Avenue,"60 Carlton Avenue,Kenton",HA3 8AY,2089070239,https://www.norwood.org.uk,Residential homes,Harrow,London,Norwood
Norwood - 159a Station Road,"159a Station Road,Hendon,London",NW4 4NH,2082035029,https://www.norwood.org.uk,Residential homes,Barnet,London,Norwood
Brendoncare Alton,"Adams Way,Alton",GU34 2UU,1420549797,https://www.brendoncare.org.uk,Nursing homes,Hampshire,South East,Brendoncare Foundation(The)
Lewin House,"61 Belgrave Road,Aylesbury",HP19 9HP,1296397828,https://www.fremantletrust.org,Nursing homes,Buckinghamshire,South East,The Fremantle Trust
The Heights,"5 Langley Close,Downley,High Wycombe",HP13 5US,1494885460,https://www.fremantletrust.org,Nursing homes,Buckinghamshire,South East,The Fremantle Trust
Brendoncare Stildon,"Dorset Avenue,East Grinstead",RH19 1PZ,1342305750,https://www.brendoncare.org.uk,Nursing homes,West Sussex,South East,Brendoncare Foundation(The)
Brendoncare Knightwood,"Shannon Way,Chandlers Ford,Eastleigh",SO53 4TL,2380247000,https://www.brendoncare.org.uk,Residential homes,Hampshire,South East,Brendoncare Foundation(The)
Russets,"100 Roe Green Lane,Hatfield",AL10 0SJ,7988810861,https://www.londonparamountcare.com,Residential homes,Hertfordshire,East,London Paramount Care Ltd
Brendoncare Meadway,"Mead Road,St Cross,Winchester",SO23 9RF,1962865784,https://www.brendoncare.org.uk,Residential homes,Hampshire,South East,Brendoncare Foundation(The)
The Fremantle Trust - Buckingham Road,"199 Buckingham Road,Aylesbury",HP19 9QF,1296437469,https://www.fremantletrust.org,Residential homes,Buckinghamshire,South East,The Fremantle Trust
Cotswold Cottage,"Grange Road,Hazlemere,High Wycombe",HP15 7QZ,1494527642,https://www.fremantletrust.org,Residential homes,Buckinghamshire,South East,The Fremantle Trust
The Gables,"49 Moreland Drive,Gerrards Cross",SL9 8BD,1753890399,https://www.fremantletrust.org,Residential homes,Buckinghamshire,South East,The Fremantle Trust
Copper Beech,"Ravenswood Village,Nine Mile Ride,Crowthorne",RG45 6BQ,1344755645,https://www.norwood.org.uk,Residential homes,Wokingham,South East,Norwood
The Farm House,"Ravenswood Village,Nine Mile Ride,Crowthorne",RG45 6BQ,1344755533,https://www.norwood.org.uk,Residential homes,Wokingham,South East,Norwood
Icknield Court,"Berryfield Road,Princes Risborough",HP27 0HE,1844275563,https://www.fremantletrust.org,Residential homes,Buckinghamshire,South East,The Fremantle Trust
Tova,"Ravenswood Village,Nine Mile Ride,Crowthorne",RG45 6BQ,1344755646,https://www.norwood.org.uk,Residential homes,Wokingham,South East,Norwood
The Green,"Ravenswood Village,Nine Mile Ride,Crowthorne",RG45 6BQ,1344755568,https://www.norwood.org.uk,Residential homes,Wokingham,South East,Norwood
L'Arche Bognor Regis Zacchaeus,"36-37 Servite Close,Bognor Regis",PO21 2DE,1243828532,https://www.larche.org.uk,Residential homes,West Sussex,South East,L'Arche
Allington Court Care Home,"Lye Lane,Bricket Wood,St Albans",AL2 3TN,1923894542,https://www.bupa.co.uk/care-services/care-homes/allington-court-Hertfordshire,Nursing homes,Hertfordshire,East,Bupa Care Homes (BNH) Limited
Arbrook House Care Home,"36 Copsem Lane,Esher",KT10 9HE,1372468246,,Nursing homes,Surrey,South East,Bupa Care Homes (BNH) Limited
L'Arche Bognor Regis Bethany,"190 Hawthorn Road,Bognor Regis",PO21 2UX,1243866260,https://www.larche.org.uk,Residential homes,West Sussex,South East,L'Arche
L'Arche Bognor Regis Jericho,"188 Hawthorn Road,Bognor Regis",PO21 2UX,1243869002,https://www.larche.org.uk,Residential homes,West Sussex,South East,L'Arche
Support for Living Limited - 43 Shirley Gardens,"43 Shirley Gardens,Ealing,London",W7 3PT,2088100431,https://www.supportforliving.org.uk,Residential homes,Ealing,London,Support for Living Limited
Support for Living Limited - 26 Stockdove Way,"26 Stockdove Way,Perivale",UB6 8TJ,2087726222,https://www.supportforliving.org.uk,Residential homes,Ealing,London,Support for Living Limited
Support for Living Limited - 246 Haymill Close,"246 Haymill close,Greenford",UB6 8EL,2088106699,https://www.supportforliving.org.uk,Residential homes,Ealing,London,Support for Living Limited
Support for Living Limited - 25/27 Haymill Close,"25-27 Haymill Close,Greenford",UB6 8HL,2089978785,https://www.supportforliving.org.uk,Residential homes,Ealing,London,Support for Living Limited
Support for Living Limited - 19 Haymill Close Shortbreak Service,"19 Haymill Close,Greenford",UB6 8HL,2089987220,https://www.supportforliving.org.uk,Residential homes,Ealing,London,Support for Living Limited
Star Road Respite Service,"49 Star Road,Isleworth",TW7 4HU,2085685133,https://www.certitude.london,Residential homes,Hounslow,London,Support for Living Limited
Support for Living Limited - 79 Harrow View,"79 Harrow View,Harrow",HA1 4TA,2088630981,https://www.supportforliving.org.uk,Residential homes,Harrow,London,Support for Living Limited
Ashley Park Care Home,"The Street,West Clandon,Guildford",GU4 7SU,1483222296,,Nursing homes,Surrey,South East,Bupa Care Homes (BNH) Limited
Albert House,"167 High Street,Clapham,Bedford",MK41 6AH,1234346689,,Residential homes,Bedford,East,Caretech Community Services (No.2) Limited
Clare House Care Home,"Harefield Road,Uxbridge",UB8 1PP,1895272766,,Nursing homes,Hillingdon,London,Bupa Care Homes (BNH) Limited
Caretech Community Services (No 2) Limited - 88 Park Road,"88 Park Road,New Barnet",EN4 9QF,2084402192,,Residential homes,Barnet,London,Caretech Community Services (No.2) Limited
Croft House Care Home,"Braintree Road,Great Dunmow",CM6 1HR,1371872135,,Nursing homes,Essex,East,Bupa Care Homes (BNH) Limited
The Lavenders,"145a Friern Park,Finchley,London",N12 9LR,2084459978,,Residential homes,Barnet,London,Caretech Community Services (No.2) Limited
La Marsh,"9 Crowlands,Cottenham,Cambridge",CB24 8TE,1954250734,,Residential homes,Cambridgeshire,East,Caretech Community Services (No.2) Limited
Oaktrees,"Warboys Road,Oldhurst,Huntingdon",PE28 3AA,1487822878,,Residential homes,Cambridgeshire,East,Caretech Community Services (No.2) Limited
Wheatsheaf House,"5 High Street,Cottenham",CB24 8SA,,,Residential homes,Cambridgeshire,East,Caretech Community Services (No.2) Limited
Yewdale Farm,"West Fen, Willingham,Cambridge",CB24 5LP,1954261307,,Residential homes|Supported living,Cambridgeshire,East,Caretech Community Services (No.2) Limited
Kilfillan House Care Home,"Graemesdyke Road,Berkhamsted",HP4 3LZ,1442877115,https://www.bupa.co.uk/care-services/care-homes/kilfillan-house-berkhamsted,Nursing homes,Hertfordshire,East,Bupa Care Homes (BNH) Limited
Hutton Village Care Home,"Hutton Village,Brentwood",CM13 1RX,1277261929,,Nursing homes,Essex,East,Bupa Care Homes (BNH) Limited
Oakcroft House Care Home,"Oakcroft Road,West Byfleet",KT14 6JG,1932352766,,Nursing homes,Surrey,South East,Bupa Care Homes (BNH) Limited
Puttenham Hill House Care Home,"Puttenham,off Hogs Back,Guildford",GU3 1AH,1483810628,,Nursing homes,Surrey,South East,Bupa Care Homes (BNH) Limited
St George's Care Home,"5 Byfleet Road,Cobham",KT11 1DS,1932868111,https://www.bupa.co.uk/care-services/care-homes/st-georges-surrey,Nursing homes,Surrey,South East,Bupa Care Homes (BNH) Limited
Pendean House Care Home,"off Oaklands Lane,West Lavington,Midhurst",GU29 0ES,1730812896,,Nursing homes,West Sussex,South East,Bupa Care Homes (BNH) Limited
Sutton Lodge Care Home,"87 Oatlands Drive,Weybridge",KT13 9LN,1932222184,,Nursing homes,Surrey,South East,Bupa Care Homes (BNH) Limited
Ivydene,"70 Belmont  Road,Portswood,Southampton",SO17 2GE,2380586376,https://www.voyagecare.com,Residential homes,Southampton,South East,Voyage 1 Limited
Harefield Lodge,"6 Westwood Road,Portswood,Southampton",SO17 1DN,2380555802,https://www.voyagecare.com,Residential homes,Southampton,South East,Voyage 1 Limited
St Agnells House,"Cupid Green Lane,Hemel Hempstead",HP2 7HH,1442215805,https://www.caretech-uk.com/cqc-ratings-reports.aspx?page=2,Residential homes,Hertfordshire,East,Caretech Community Services (No.2) Limited
Sherwood Court,"The Common,Hatfield",AL10 0NX,1707262405,,Residential homes,Hertfordshire,East,Caretech Community Services (No.2) Limited
Westbrook House,"Cupid Green Lane,Hemel Hempstead",HP2 7GH,1442264965,,Residential homes,Hertfordshire,East,Caretech Community Services (No.2) Limited
Ashwood Place,"Sunnyside Close,Hitchin",SG4 9JG,,,Residential homes,Hertfordshire,East,Caretech Community Services (No.2) Limited
Meadow Acres,"7 Crabtree Lane,Harpenden",AL5 5TA,1582768098,,Residential homes,Hertfordshire,East,Caretech Community Services (No.2) Limited
Caretech Community Services (No 2) Limited - 42 Russell Lane,"The Oaks,42 Russell Lane, Whestone,London",N20 0AE,2083616500,,Residential homes,Barnet,London,Caretech Community Services (No.2) Limited
Brendoncare St Giles View,"BRENDONCARE St. Giles View,42 Quarry Road,Winchester",SO23 0JS,1962679850,https://www.brendoncare.org.uk/st-giles-view,Nursing homes,Hampshire,South East,Brendoncare Foundation(The)
Beach Road,"61 Beach Road,Littlehampton",BN17 5JH,1903730120,https://www.consensussupport.com,Residential homes,West Sussex,South East,Consensus Support Services Limited
St Malo,"The Drive,Watford",WD17 4JU,7988810861,,Residential homes,Hertfordshire,East,London Paramount Care Ltd
Aveley House,"6 Park Lane,Aveley,South Ockendon",RM15 4UD,1708863289,,Residential homes,Thurrock,East,Meadowview Care Limited
Brook Lodge Care Home,"Ghyll Grove,Basildon",SS14 2LA,1268904375,https://www.danforthcarehomes.co.uk,Residential homes,Essex,East,Danforth Care No. 1 Limited
Fernleigh Court Care and Nursing Home,"Fletcher Road,Kempston,Bedford",MK42 7FY,1733571951,,Nursing homes,Bedford,East,Country Court Care Homes 6 Limited
Greenwood Court Care and Nursing Home,"Molrams Lane,Great Baddow,Chelmsford",CM2 7TL,1733571951,,Nursing homes,Essex,East,Country Court Care Homes 6 Limited
Fairfield Manor Care and Nursing Home,"Baycroft Fairfield,Hitchin Road, Fairfield,Hitchin",SG5 4SW,1733571951,,Nursing homes,Central Bedfordshire,East,Country Court Care Homes 6 Limited
Peverel Green Care Home,"Bishop Lodge,Wickham Bishops Road, Hatfield Peverel,Chelmsford",CM3 2JL,,,Nursing homes,Essex,East,GCH (South) Ltd
Wellford Gardens,"1-3 Park Hill,Wheatley,Oxford",OX33 1ND,1865347920,https://www.osjct.co.uk,Residential homes,Oxfordshire,South East,The Orders Of St. John Care Trust
Wayside,"Wayside,Water End Road, Beacons Bottom,High Wycombe",HP14 3XF,,https://www.londonparamountcare.com/adult-services/residential-care/,Residential homes,Buckinghamshire,South East,London Paramount Care Ltd
Springford,"106 Wycombe Road,Princes Risborough",HP27 0EY,7988810861,https://www.londonparamountcare.com,Residential homes,Buckinghamshire,South East,London Paramount Care Ltd
EVHM LLP - 1 Johnson Close,"1 Johnson Close,St. Leonards-on-sea",TN37 7BG,1424853339,,Residential homes,East Sussex,South East,EVHM LLP
EVHM LLP - 20 Newlands Close,"20 Newlands Close,Hastings",TN34 2QW,1424755717,,Residential homes,East Sussex,South East,EVHM LLP
EVHM LLP - 24 Tower Road West,"24 Tower Road West,St. Leonards-on-sea",TN38 0RG,1424427607,,Residential homes,East Sussex,South East,EVHM LLP
EVHM LLP - 19 Alexandra Road,"19 Alexandra Road,St. Leonards-on-sea",TN37 6LD,1424446914,,Residential homes,East Sussex,South East,EVHM LLP
EVHM LLP - 25 Alexandra Road,"25 Alexandra Road,St. Leonards-on-sea",TN37 6LD,1424720749,,Residential homes,East Sussex,South East,EVHM LLP
Roselodge,"34 Holme Road,Hatfield",AL10 9LF,7988810861,https://www.londonparamountcare.com,Residential homes,Hertfordshire,East,London Paramount Care Ltd
EVHM LLP - 368 The Ridge,"368 The Ridge,Hastings",TN34 2RD,1424754703,,Residential homes,East Sussex,South East,EVHM LLP
EVHM LLP - 370 The Ridge,"370 The Ridge,Hastings",TN34 2RD,1424755486,,Residential homes,East Sussex,South East,EVHM LLP
EVHM LLP - 5 High Beech Close,"5 High Beech Close,St. Leonards-on-sea",TN37 7TT,1424850785,,Residential homes,East Sussex,South East,EVHM LLP
EVHM LLP - 51a Chapel Park Road,"51a Chapel Park Road,St. Leonards-on-sea",TN37 6JB,1424425846,,Residential homes,East Sussex,South East,EVHM LLP
EVHM LLP - 51 Chapel Park Road,"51 Chapel Park Road,St. Leonards-on-sea",TN37 6JB,1424201340,,Residential homes,East Sussex,South East,EVHM LLP
Oakfield House,"1 Trefusis Walk,Watford",WD17 3BP,7988810861,https://www.londonparamountcare.com,Residential homes,Hertfordshire,East,London Paramount Care Ltd
EVHM LLP - 6 High Beech Close,"6 High Beech Close,St. Leonards-on-sea",TN37 7TT,1424852464,,Residential homes,East Sussex,South East,EVHM LLP
Pine House,"25A Hampden Road,Flitwick,Bedford",MK45 1HX,1525873265,https://www.reallyflexiblecare.co.uk,Residential homes,Central Bedfordshire,East,Really Flexible Care Ltd
Hope House,"7 Brewery Drive,Halstead",CO9 1BS,1787476679,,Residential homes,Essex,East,Meadowview Care Limited
Keychange Charity Alde House,"Church Road,Penn,High Wycombe",HP10 8NX,1494813365,,Residential homes,Buckinghamshire,South East,Keychange Charity
Tremona Care Home,"Alexandra Road,Watford",WD17 4QY,1442236020,https://www.bmcare.co.uk,Residential homes,Hertfordshire,East,B & M Investments Limited
Toray Pines Care Home,"School Lane,Coningsby,Lincoln",LN4 4SJ,1526344361,https://www.tanglewoodcarehomes.co.uk,Residential homes,Lincolnshire,East Midlands,Tanglewood Care Services Limited
BrendonCare Otterbourne Hill,"Otterbourne Hill,Otterbourne,Winchester",SO21 2FL,1962852133,,Nursing homes|Homecare agencies,Hampshire,South East,Brendoncare Foundation(The)
Dean Wood Care Home,"Warren Road,Brighton",BN2 6DX,1273648100,,Nursing homes,Brighton and Hove,South East,Bupa Care Homes (CFChomes) Limited
Woodland House,"Woodend,Wood End, Tingrith,Milton Keynes",MK17 9ER,1525873265,https://www.reallyflexiblecare.co.uk,Residential homes,Central Bedfordshire,East,Really Flexible Care Ltd
The Bungalow,"Woodend,Wood End, Tingrith,Milton Keynes",MK17 9ER,1525873265,https://www.reallyflexiblecare.co.uk,Residential homes,Central Bedfordshire,East,Really Flexible Care Ltd
Beacon House,"18 Albion Road,Westcliff On Sea",SS0 7DR,7496294128,,Residential homes,Southend-on-Sea,East,Care In Style Limited
Plean Dene,"Luccombe Road,Shanklin",PO37 6RQ,1983866015,,Residential homes,Isle of Wight,South East,Isle of Wight Council
Parker Meadows,"7 Parker View,Fareham",PO16 0AF,1329558700,https://www.careuk.com/care-homes/parker-meadows-fareham,Nursing homes,Hampshire,South East,WT UK Opco 4 Limited
Creative Support - The Glade,"3 The Glade,Bromham,Bedford",MK43 8HJ,1612360829,,Residential homes,Bedford,East,Creative Support Limited
Creative Support - High Street,"4 High Street,Oakley,Bedford",MK43 7RG,1612360829,https://www.creativesupport.co.uk,Residential homes,Bedford,East,Creative Support Limited
Ossis Lodge,"83 Hobleythick Lane,Westcliff-on-sea",SS0 0RN,1702307370,https://www.careinstyle.org,Residential homes,Southend-on-Sea,East,Care In Style Limited
The Bungalow,"White Lodge Farm,Bulls Lane, Brookmans Park,Hatfield",AL9 7AZ,7988810861,https://www.londonparamountcare.com/,Residential homes,Hertfordshire,East,London Paramount Care Ltd
Bridgewood House,"1 Old Road,Enfield",EN3 5XX,2088047800,,Nursing homes,Enfield,London,Enfield Council
Ontario Court,"270 Eastfield Road,Peterborough",PE1 4BE,7834181840,https://www.precious-homes.co.uk,Residential homes,Peterborough,East,Precious Homes Support Limited
Veryan Place,"40 Veryan Place,Fishermead,Milton Keynes",MK6 2SR,1908664329,https://www.abihomesuk.co.uk,Residential homes,Milton Keynes,South East,Precious Homes Support Limited
Daffodils,"31 Liphook Road,Lindford,Bordon",GU35 0PU,1420487309,https://www.voyagecare.com,Residential homes,Hampshire,South East,Voyage 1 Limited
Bourley Grange,"2 Bourley Road,Church Crookham,Fleet",GU52 8AD,1252917100,https://www.gracewell.co.uk,Nursing homes,Hampshire,South East,WT UK Opco 4 Limited
Dane House,"52A Dyke Road Avenue,Brighton",BN1 5LE,1273059729,,Residential homes,Brighton and Hove,South East,Elysium Care Partnerships No 2 Limited
Hazel Lodge,"Main Road,Havenstreet,Ryde",PO33 4DR,1983882236,,Nursing homes,Isle of Wight,South East,Island Healthcare Limited
Sway Place,"Sway Place,Church Lane, Sway,Lymington",SO41 6AD,1590684900,https://www.gracewell.co.uk,Residential homes,Hampshire,South East,WT UK Opco 4 Limited
Hunters Creek Care Home,"130-134,London Road,Boston",PE21 7HB,1205358034,https://www.tanglewoodcarehomes.co.uk,Nursing homes,Lincolnshire,East Midlands,Tanglewood Care Services Limited
Walsingham Support - 122 Aldenham Road,"Walsingham,Watford",WD23 2ET,1923237770,https://www.walsingham.com,Residential homes,Hertfordshire,East,Walsingham Support
Walsingham Support - 49 Essex Park,"Walsingham,Finchley,London",N3 1ND,2083463860,https://www.walsingham.com,Residential homes,Barnet,London,Walsingham Support
Bethune Court,"30 Boscobel Road,St Leonards On Sea",TN38 0LX,8000854234,https://www.anchor.org.uk,Residential homes,East Sussex,South East,Anchor Hanover Group
Hawthorn Bungalow,"Regent Way,Brentwood",CM14 4TY,1277202270,https://www.outlookcare.org.uk,Residential homes,Essex,East,Outlook Care
Greenacres,"The Horseshoe,Banstead",SM7 2BQ,1737858990,https://www.anchor.org.uk,Residential homes,Surrey,South East,Anchor Hanover Group
Mill Green,"Mill Lane,Felbridge,East Grinstead",RH19 2PF,1293826200,https://www.ashcroftsupport.com,Residential homes,Surrey,South East,Peak 15 Ltd
Thameside,"Beldham Gardens,West Molesey",KT8 1TF,2089393850,https://www.anchor.org.uk,Residential homes,Surrey,South East,Anchor Hanover Group
Malvern House,"10 Ringley Avenue,Horley",RH6 7HA,1293430686,https://www.ashcroftsupport.com,Residential homes,Surrey,South East,Peak 15 Ltd
Nairn House Care Home,"7 Garnault Road,Enfield",EN1 4TR,2083679513,,Nursing homes,Enfield,London,Bupa Care Homes (AKW) Limited
Tandy Court,"Tandy Drive,Kings Heath,Birmingham",B14 5DE,1214308366,https://www.anchor.org.uk,Residential homes,Birmingham,West Midlands,Anchor Hanover Group
Erskine Hall Care Home,"Watford Road,Northwood",HA6 3PA,1923842702,,Nursing homes,Hertfordshire,East,Bupa Care Homes (AKW) Limited
Oakleigh,"Evelyn Gardens,Godstone",RH9 8BD,1883731000,https://www.anchor.org.uk,Residential homes,Surrey,South East,Anchor Hanover Group
Ridgemount,"The Horseshoe,Banstead",SM7 2BQ,1737858950,https://www.anchor.org.uk,Residential homes,Surrey,South East,Anchor Hanover Group
Franklin House,"The Green,West Drayton",UB7 7PW,1895452480,https://www.careuk.com,Nursing homes,Hillingdon,London,Care UK Community Partnerships Ltd
Augusta Court,"Winterbourne Road,Chichester",PO19 6TT,1243532483,https://www.anchor.org.uk,Residential homes,West Sussex,South East,Anchor Hanover Group
Ferendune Court,"Ash Close,Faringdon,Oxford",SN7 8ER,1367244267,https://www.anchor.org.uk,Residential homes,Oxfordshire,South East,Anchor Hanover Group
Elizabeth Court,"Grenadier Place,Caterham",CR3 5YJ,1883331590,https://www.anchor.org.uk,Residential homes,Surrey,South East,Anchor Hanover Group
The Firs Residential Home,"186 Grange Road,Felixstowe",IP11 2QF,1394283278,https://www.anchor.org.uk,Residential homes,Suffolk,East,Anchor Hanover Group
148 Hornsey Lane,"Islington,London",N6 5NS,2072729089,https://www.rethink.org,Residential homes,Islington,London,Rethink Mental Illness
Glendale,"Ambleside Avenue,Walton On Thames",KT12 3LW,,https://www.anchor.org.uk,Residential homes,Surrey,South East,Anchor Hanover Group
Brunswick Court Care Home,"62 Stratford Road,Watford",WD17 4JB,1923218333,https://www.bupa.co.uk/care-services/care-homes/brunswick-court-watford,Nursing homes,Hertfordshire,East,Bupa Care Homes (AKW) Limited
Longford,"40 Massetts Road,Horley",RH6 7DS,1293430687,https://www.ashcroftsupport.com,Residential homes,Surrey,South East,Peak 15 Ltd
Collingwood Grange Care Home,"Portsmouth Road,Camberley",GU15 1LD,1276670700,,Nursing homes,Surrey,South East,Bupa Care Homes (AKW) Limited
Norton House,"10 Arneway Street,London",SW1P 2BG,2079767681,https://www.anchor.org.uk,Residential homes,Westminster,London,Anchor Hanover Group
Wood Close,"1 Wood Close,Horley",RH1 5EE,1293826200,https://www.ashcroftsupport.com,Residential homes,Surrey,South East,Peak 15 Ltd
Lynfield,"22 Norwich Road,Ditchingham,Bungay",NR35 2JL,1986897196,https://www.kingsleyhealthcare.com,Residential homes,Norfolk,East,Kingsley Care Homes Limited
Wisteria House,"492 Nacton Road,Ipswich",IP3 9QB,1473726326,https://www.kingsleyhealthcare.com,Residential homes,Suffolk,East,Kingsley Care Homes Limited
Swanton House Care Centre,"Dereham Road,Swanton Novers",NR24 2QT,1263860226,https://www.swantoncare.com,Nursing homes,Norfolk,East,Swanton Care & Community Limited
Woodland Hall,"Clamp Hill,Stanmore",HA7 3BG,2089547720,https://www.careuk.com,Nursing homes,Harrow,London,Care UK Community Partnerships Ltd
Walsingham Support - 30 & 32 Church Lane,"Walsingham,Mill End,Rickmansworth",WD3 8HD,1923774082,https://www.walsingham.com,Residential homes,Hertfordshire,East,Walsingham Support
Gracefields Nursing Home,"North Street,Downend,Bristol",BS16 5SE,1179109408,https://www.cedarcarehomes.com,Nursing homes,South Gloucestershire,South West,Cedar Care Homes Limited
Dawson Lodge,"Botley Road,West End,Southampton",SO30 3RS,2380465707,https://www.anchor.org.uk,Residential homes,Hampshire,South East,Anchor Hanover Group
Eastlake,"Nightingale Road,Godalming",GU7 3AG,1483413520,https://www.anchor.org.uk,Residential homes,Surrey,South East,Anchor Hanover Group
Silverpoint Court Residential Care Home,"Silverpoint Marine,Canvey Island",SS8 7TN,1268515564,https://www.nellsar.com,Residential homes,Essex,East,Nellsar Limited
Brookmead,"Rusper Road,Crawley",RH11 0HP,1293826200,https://www.ashcroftsupport.com,Residential homes,West Sussex,South East,Peak 15 Ltd
Limegrove,"St Martin's Close,East Horsley",KT24 6SU,1483280690,https://www.anchor.org.uk,Residential homes,Surrey,South East,Anchor Hanover Group
Linwood,"9 Mercer Close,Thames Ditton",KT7 0BS,2083356800,https://www.anchor.org.uk,Residential homes,Surrey,South East,Anchor Hanover Group
The Ridings,"Calder Close,Daventry Road,Banbury",OX16 3WR,1295276767,https://www.anchor.org.uk,Residential homes,Oxfordshire,South East,Anchor Hanover Group
Spring Park,"Camden Road,Lingfield",RH7 6AF,1342832583,https://www.ashcroftsupport.com,Residential homes,Surrey,South East,Peak 15 Ltd
Wingham Court Care Home,"Oaken Lane,Claygate",KT10 0RQ,1372464612,,Nursing homes,Surrey,South East,Bupa Care Homes (AKW) Limited
The Beeches,"Forty Foot Road,Leatherhead",KT22 8RZ,1372227540,https://www.anchor.org.uk,Residential homes,Surrey,South East,Anchor Hanover Group
Silver Court,"Halsford Lane,East Grinstead",RH19 1PD,1342321717,https://www.anchor.org.uk,Residential homes,West Sussex,South East,Anchor Hanover Group
Heron Lodge,"163 Norwich Road,Wroxham,Norwich",NR12 8RZ,1603782194,https://www.kingsleyhealthcare.com,Nursing homes,Norfolk,East,Kingsley Care Homes Limited
Allonsfield House,"Church Farm,Campsea Ashe,Woodbridge",IP13 0PX,1728747095,https://www.kingsleyhealthcare.co.uk/care-homes/allonsfield-house-nursing-home/,Nursing homes,Suffolk,East,Kingsley Care Homes Limited
Kirkley Manor,"3 Kirkley Park Road,Lowestoft",NR33 0LQ,1502573054,https://www.kingsleyhealthcare.com,Nursing homes,Suffolk,East,Kingsley Care Homes Limited
Downham Grange,"Clackclose Road,Downham Market",PE38 9PA,1366387054,https://www.kingsleyhealthcare.co.uk/care-homes/downham-grange-nursing-home,Nursing homes,Norfolk,East,Kingsley Care Homes Limited
Eden View,"High Street,Bottisham,Cambridge",CB25 9BB,1223813620,https://www.swantoncare.com,Nursing homes,Cambridgeshire,East,Swanton Care & Community Limited
Gryphon Place,"36 Wroxham Road,Sprowston,Norwich",NR7 8TY,1603406351,https://www.swantoncare.com,Nursing homes,Norfolk,East,Swanton Care & Community Limited
Foxearth Lodge Nursing Home,"Saxtead,Woodbridge",IP13 9QY,1728685599,https://www.foxearthlodge.co.uk,Nursing homes,Suffolk,East,Healthcare Homes (LSC) Limited
St Lukes and The Oaks Care Home,"Marshland Square,Emmer Green,Caversham",RG4 8RP,1189461424,https://www.bmcare.co.uk,Residential homes,Reading,South East,Colleycare Limited
St Matthews Care Home,"Chequer Lane,Redbourn",AL3 7QG,1582792042,https://www.bmcare.co.uk,Residential homes,Hertfordshire,East,Colleycare Limited
St Leonards Care Home,"86 Wendover Road,Aylesbury",HP21 9NJ,1296337765,,Residential homes,Buckinghamshire,South East,Colleycare Limited
Tithe Farm Nursing Home,"Park Road,Stoke Poges",SL2 4PJ,1753643106,https://www.pressbeau.co.uk,Nursing homes,Buckinghamshire,South East,Pressbeau Limited
Chorleywood Beaumont,"Rickmansworth Road,Chorleywood",WD3 5BY,1923285111,https://www.barchester.com,Nursing homes,Hertfordshire,East,Barchester Healthcare Homes Limited
Chilton Meadows Care Home,"Union Road,Onehouse,Stowmarket",IP14 1HL,1449770321,,Nursing homes,Suffolk,East,Bupa Care Homes (CFHCare) Limited
Cheverton Lodge,"30a Cheverton Road,London",N19 3AY,2072817040,https://www.barchester.com,Nursing homes,Islington,London,Barchester Healthcare Homes Limited
Colonia Court Care Home,"St Andrews Avenue,Colchester",CO4 3AN,1206791952,,Nursing homes,Essex,East,Bupa Care Homes (CFHCare) Limited
Kingsland House,"Kingsland Close,Off Middle Road,Shoreham By Sea",BN43 6LT,1273440019,https://www.barchester.com,Nursing homes,West Sussex,South East,Barchester Healthcare Homes Limited
Leonard Lodge,"Roxwell Gardens,Hutton,Brentwood",CM13 1AQ,1277263939,https://www.barchester.com,Nursing homes,Essex,East,Barchester Healthcare Homes Limited
Thurston House,"90 High Street,Newport Pagnell",MK16 8EH,1908617173,https://www.salutemcareandeducation.co.uk,Residential homes,Milton Keynes,South East,Pathways Care Group Limited
Rothsay Grange,"Weyhill Road,Weyhill,Andover",SP11 0PN,1264772898,https://www.barchester.com,Nursing homes,Hampshire,South East,Barchester Healthcare Homes Limited
Rose Lodge,"Walton Road,Wisbech",PE13 3EP,1945588463,https://www.barchester.com,Nursing homes,Cambridgeshire,East,Barchester Healthcare Homes Limited
The Reigate Beaumont,"Colley Lane,Reigate",RH2 9JB,1737225544,https://www.barchester.com,Nursing homes,Surrey,South East,Barchester Healthcare Homes Limited
Ashfields,"31 Salhouse Road,Rackheath,Norwich",NR13 6PD,1603721720,https://www.barchester.com,Residential homes,Norfolk,East,Barchester Healthcare Homes Limited
Ashford House,"Long Lane,Stanwell",TW19 7AZ,1784425810,https://www.barchester.com,Nursing homes,Surrey,South East,Barchester Healthcare Homes Limited
Copper Beech Care Home,"Eastbourne Road,Ridgewood,Uckfield",TN22 5ST,1825769947,,Nursing homes,East Sussex,South East,Bupa Care Homes (ANS) Limited
Linda Grove,"17a Linda Grove,Cowplain,Waterlooville",PO8 8UX,2392262356,https://www.c-i-c.co.uk,Residential homes,Hampshire,South East,Community Integrated Care
Bayford House Care Home,"Rookwood,Stockcross,Newbury",RG20 8LB,1488608632,https://www.bupa.co.uk/care-services/care-homes/bayford-house-newbury,Nursing homes,West Berkshire,South East,Bupa Care Homes (ANS) Limited
Tandridge Heights,"Memorial Close,Off Barnetts shaw,Oxted",RH8 0NH,1883715595,https://www.barchester.com,Nursing homes,Surrey,South East,Barchester Healthcare Homes Limited
Orchard House Care Centre,"189 Fairlee Road,Newport",PO30 2EP,1983520022,https://www.barchester.com,Nursing homes,Isle of Wight,South East,Barchester Healthcare Homes Limited
The Warren,"157a Wroxham Road,Sprowston,Norwich",NR7 8AF,1603426170,https://www.barchester.com,Residential homes,Norfolk,East,Barchester Healthcare Homes Limited
Wilton Manor Care Home,"Wilton Avenue,Southampton",SO15 2HA,2380230555,,Nursing homes,Southampton,South East,Bupa Care Homes (ANS) Limited
Cambridgeshire County Council - 6 St Lukes Close Huntingdon,"6 St Lukes Close,Huntingdon",PE29 1JT,1480456941,,Residential homes,Cambridgeshire,East,Cambridgeshire County Council
The Kensington Care Home,"40-46 Ladbroke Road,London",W11 3PH,2077278033,,Nursing homes,Kensington and Chelsea,London,Bupa Care Homes (GL) Limited
The Laurels,"116 Yarmouth Road,Lowestoft",NR32 4AQ,1502585459,https://www.kingsleyhealthcare.co.uk,Residential homes,Suffolk,East,Country Retirement & Nursing Homes Ltd
Caton House Residential and Nursing Home,"37 Epsom Grove,Bletchley,Milton Keynes",MK3 5NR,1908630670,https://www.sanctuary-care.co.uk/care-homes-east-and-south-east/caton-house-residential-and-nursing-home,Nursing homes,Milton Keynes,South East,Sanctuary Care Limited
Wantage Nursing Home,"Garston Lane,Wantage",OX12 7AR,1235774320,https://www.sanctuary-care.co.uk/care-homes-oxfordshire/wantage-nursing-home,Nursing homes,Oxfordshire,South East,Sanctuary Care Limited
Shaftesbury House Residential Care Home,"5 Cowper Street,Ipswich",IP4 5JD,1473271987,https://www.sanctuary-care.co.uk/care-homes-east-and-south-east/shaftesbury-house-residential-care-home,Residential homes,Suffolk,East,Sanctuary Care Limited
George Beal House,"Off Williamson Road,Kempston,Bedford",MK42 7HL,1234718226,https://www.bedford.gov.uk,Residential homes,Bedford,East,Bedford Borough Council
Watlington and District Residential and Nursing Home,"Hill Road,Watlington",OX49 5AE,1491613400,https://www.sanctuary-care.co.uk/care-homes-oxfordshire/watlington-and-district-nursing-home,Nursing homes,Oxfordshire,South East,Sanctuary Care Limited
Bickerley Green Care Home with Nursing,"Kingsbury Lane,Ringwood",BH24 1EL,1425473312,,Nursing homes,Hampshire,South East,Hampshire County Council
Lynfords,"3a Nursery Close,Hailsham",BN27 2PX,1323440843,https://www.achievetogether.co.uk,Residential homes,East Sussex,South East,Achieve Together Limited
Brookside,"99 High Street,Kempston,Bedford",MK42 7BS,1234852324,,Residential homes,Bedford,East,Bedford Borough Council
Maybank Residential Care Home,"43 Slough Road,Iver Heath",SL0 0DW,1753653636,https://www.achievetogether.co.uk,Residential homes,Buckinghamshire,South East,Achieve Together Limited
The Marshes,"The Marshes 3b,Nursery Close,Hailsham",BN27 2PX,1323440843,https://www.achievetogether.co.uk,Residential homes,East Sussex,South East,Achieve Together Limited
Mill House,"Litcham Road,Gayton,Kings Lynn",PE32 1PQ,1553636654,https://www.achievetogether.co.uk,Residential homes,Norfolk,East,Achieve Together Limited
Devonshire Road,"43 Devonshire Road,Palmers Green,London",N13 4QU,2088824702,https://www.prioryadultcare.co.uk,Residential homes,Enfield,London,Parkcare Homes (No.2) Limited
Caroline House,"191 London Road,Horndean",PO8 0HJ,2392592502,https://www.dolphinhomes.co.uk,Residential homes,Hampshire,South East,Dolphin Homes Limited
Orchard Lodge,"22 Orchard Road,Havant",PO9 1AU,2392471913,https://www.dolphinhomes.co.uk,Residential homes,Hampshire,South East,Dolphin Homes Limited
Myrtle Cottage,"123 New Brighton Road,Emsworth",PO10 7QS,1243370500,https://www.dolphinhomes.co.uk,Residential homes,Hampshire,South East,Dolphin Homes Limited
Layston Grove Care Home,"Keen Avenue,Buntingford",SG9 9SU,1763274327,,Residential homes,Hertfordshire,East,Anchor Hanover Group
Hazel End Care Home,"Kitchener Road,Bishop's Stortford",CM23 1EN,1279925388,,Residential homes,Hertfordshire,East,Anchor Hanover Group
Clock Tower Mews,"The Causeway,Morven Park,Potters Bar",EN6 5HA,1707662253,,Residential homes,Hertfordshire,East,CareTech Community Services Limited
Dugdale House,"1 Santers Lane,Potters Bar",EN6 2BZ,1707642541,,Residential homes,Hertfordshire,East,CareTech Community Services Limited
Normandy House,"2 Laser Close,Shenley Lodge,Milton Keynes",MK5 7AZ,1908673974,,Residential homes,Milton Keynes,South East,CareTech Community Services Limited
Frank Foster House,"Loughton Lane,Theydon Bois",CM16 7LD,1992812525,https://www.runwoodhomes.co.uk,Residential homes,Essex,East,Runwood Homes Limited
Mulberry Court,"105 Watermead Road,Watermead Road,Luton",LU3 2TF,1582491740,https://www.runwoodhomes.co.uk,Residential homes,Luton,East,Runwood Homes Limited
Redbond Lodge,"Chequers Lane,Dunmow",CM6 1EQ,1371873232,https://www.runwoodhomes.co.uk,Residential homes,Essex,East,Runwood Homes Limited
Park View,"Kings Chase,Witham",CM8 1AX,1376512443,https://www.runwwodhomes.co.uk,Residential homes,Essex,East,Runwood Homes Limited
Tallis House,"Neal Court,Waltham Abbey",EN9 3EH,1992713336,https://www.runwoodhomes.co.uk,Residential homes,Essex,East,Runwood Homes Limited
St Vincents House,"49 Queen Caroline Street,London",W6 9QH,2086000510,https://www.stvincentshousehammersmith.co.uk,Nursing homes,Hammersmith and Fulham,London,Care UK Community Partnerships Ltd
Crossways,"North Terrace,Mildenhall",IP28 7AE,1638515556,https://www.autism.org.uk,Residential homes,Suffolk,East,National Autistic Society (The)
Malmesbury Lawn Care Home,"Woolston Road,Leigh Park,Havant",PO9 4JY,2392244900,,Residential homes,Hampshire,South East,Hampshire County Council
Briar House,"89 Povey Cross Road,Horley",RH6 0AE,1293786881,https://www.cavendishcare.com,Residential homes,Surrey,South East,Gresham Care Operations Limited
Oakridge House Care Home with Nursing,"Jefferson Road,Basingstoke",RG21 5QS,1256303920,,Nursing homes,Hampshire,South East,Hampshire County Council
Marlfield Care Home With Nursing,"Gilbert White Way,Alton",GU34 2LF,1420593960,,Nursing homes,Hampshire,South East,Hampshire County Council
Cavendish,"10 Cavendish Road,Redhill",RH1 4AE,1293824233,https://www.cavendishcare.com,Residential homes|Supported living,Surrey,South East,Gresham Care Operations Limited
Roseleigh,"39 Ringley Avenue,Horley",RH6 7EZ,1293824233,https://www.cavendishcare.com,Residential homes,Surrey,South East,Gresham Care Operations Limited
Upfield,"1 Upfield,Horley",RH6 7JY,1293782396,https://www.cavendishcare.com,Residential homes,Surrey,South East,Gresham Care Operations Limited
Ticehurst Care Home With Nursing,"Whitchurch Close,Aldershot",GU11 3RX,1252311832,,Nursing homes,Hampshire,South East,Hampshire County Council
Westholme Care Home,"55 Harestock Road,Winchester",SO22 6NT,1962881481,,Nursing homes,Hampshire,South East,Hampshire County Council
Willow Court Nursing Home,"Charlton Road,Andover",SP10 3JY,1264325620,,Nursing homes,Hampshire,South East,Hampshire County Council
Chippings,"28 Russells Crescent,Horley",RH6 7DN,1293775350,https://www.cavendishcare.com,Residential homes|Supported living,Surrey,South East,Gresham Care Operations Limited
Poplars,"87 Povey Cross Road,Horley",RH6 0AE,1293825154,https://www.cavendishcare.com,Residential homes,Surrey,South East,Gresham Care Operations Limited
Orchard Close Care Home,"28 Westfield Avenue,Hayling Island",PO11 9AG,2392468313,,Residential homes,Hampshire,South East,Hampshire County Council
Appleby House,"Longmead Road,Epsom",KT19 9RX,1372739933,https://www.applebyhouseepsom.co.uk,Residential homes,Surrey,South East,Care UK Community Partnerships Ltd
Broadwater Lodge,"Summers Road,Farncombe,Godalming",GU7 3BF,1483414186,https://www.broadwaterlodgegodalming.co.uk,Residential homes,Surrey,South East,Care UK Community Partnerships Ltd
Charlotte House,"Snowy Fielder Waye,Isleworth",TW7 6AE,2035044292,https://www.careuk.com/care-homes/charlotte-house-isleworth,Nursing homes,Hounslow,London,Care UK Community Partnerships Ltd
Pennefather Court,"Croft Road,Aylesbury",HP21 7RA,1296484810,,Residential homes,Buckinghamshire,South East,Sanctuary Home Care Limited
Darlington Court,"The Leas off Station Road,Rustington",BN16 3SE,1903850232,https://www.darlingtoncourtrustington.co.uk,Nursing homes,West Sussex,South East,Care UK Community Partnerships Ltd
Clara Court,"21 Courthouse Road,Maidenhead",SL6 6JE,1628776022,https://www.careuk.com/care-homes/clara-court-maidenhead,Residential homes,Windsor and Maidenhead,South East,Care UK Community Partnerships Ltd
Milford Lodge Care Home,"Priory End,Hitchin",SG4 9AL,1462432524,https://www.bmcare.co.uk,Residential homes,Hertfordshire,East,Colleycare Limited
Ellesmere House,"9 Nightingale Place,Chelsea,London",SW10 9NG,2035046841,https://www.ellesmerehousechelsea.co.uk,Nursing homes,Kensington and Chelsea,London,Care UK Community Partnerships Ltd
Elizabeth Lodge,"69 Pennington Drive,Enfield,London",N21 1TG,2083602266,https://www.elizabethlodgeenfield.co.uk,Nursing homes,Enfield,London,Care UK Community Partnerships Ltd
Echelforde,"College Way,Ashford",TW15 2XG,1784255225,https://www.careuk.com,Residential homes,Surrey,South East,Care UK Community Partnerships Ltd
Forrester Court,"Cirencester Street,Off Harrow Road, Paddington,London",W2 5SR,2072663174,https://www.forrestercourtpaddington.co.uk,Nursing homes,Westminster,London,Care UK Community Partnerships Ltd
Farm Lane,"25 Farm Lane,Fulham,London",SW6 1PX,2073864180,https://www.farmlanefulham.co.uk,Nursing homes,Hammersmith and Fulham,London,Care UK Community Partnerships Ltd
Greenwood,"16 Dalmeny Road,Bexhill On Sea",TN39 4HP,1424723020,https://www.eastsussex.gov.uk,Residential homes,East Sussex,South East,East Sussex County Council
Highbury New Park,"127 Highbury New Park,London",N5 2DS,3332004061,https://www.highburynewparkislington.co.uk,Nursing homes,Islington,London,Care UK Community Partnerships Ltd
Kingsleigh,"Kingfield Road,Woking",GU22 9EQ,1483740750,https://www.careuk.com/care-homes/kingsleigh-woking,Residential homes,Surrey,South East,Care UK Community Partnerships Ltd
Manor Lodge,"Manor Road,Chelmsford",CM2 0EP,1245496028,https://www.manorlodgechelmsford.co.uk,Nursing homes,Essex,East,Care UK Community Partnerships Ltd
Lennox House,"75 Durham Road,London",N7 7DS,2072726562,https://www.lennoxhouseislington.co.uk,Nursing homes,Islington,London,Care UK Community Partnerships Ltd
Milton Grange,"Milton Road,Eastbourne",BN21 1SL,1323466466,https://www.eastsussex.gov.uk,Nursing homes|Rehabilitation (illness/injury),East Sussex,South East,East Sussex County Council
Shaftesbury Court (High Street),"High Street,Winslow",MK18 3HA,1296714858,,Residential homes,Buckinghamshire,South East,Sanctuary Home Care Limited
Lilas House,"5 Cadogan Road,Cromer",NR27 9HT,1263510803,,Residential homes,Norfolk,East,Liaise (East Anglia) Limited
Casarita,"270 Fakenham Road,Taverham,Norwich",NR8 6AD,1603866755,,Residential homes,Norfolk,East,Liaise (East Anglia) Limited
Ashwood House - Norwich,"Church Corner,Coltishall Road, Buxton,Norwich",NR10 5HB,1603279851,,Residential homes,Norfolk,East,Liaise (East Anglia) Limited
Salcasa,"Coltishall Road,Buxton,Norwich",NR10 5HB,1603316853,,Residential homes,Norfolk,East,Liaise (East Anglia) Limited
Shulas,"9 Cadogan Road,Cromer",NR27 9HT,1263517195,,Residential homes,Norfolk,East,Liaise (East Anglia) Limited
Townsend Manor,"Townsend Manor,Evershed Fields, Soham,Ely",CB7 6BE,1353478180,,Nursing homes,Cambridgeshire,East,Simply Care Group UK Ltd
The Burrows,"Sandy Lane,West Runton,Cromer",NR27 9LT,1263838613,,Residential homes,Norfolk,East,Liaise (East Anglia) Limited
Davers Court,"Shaker's Lane,Bury St Edmunds",IP32 7BN,3333211982,https://www.careuk.com/care-homes/davers-court-bury-st-edmunds,Residential homes,Suffolk,East,Care UK Community Partnerships Ltd
Rosedale House,"9 Howards Hill,Cromer",NR27 9BL,1263519654,,Residential homes,Norfolk,East,Mrs Jennifer Grego
Prince George House,"102 Mansbrook Boulevard,Ipswich",IP3 9GY,3333211986,,Nursing homes,Suffolk,East,Care UK Community Partnerships Ltd
Cedrus House,"Creeting Road East,Stowmarket",IP14 5GD,3333211987,,Nursing homes,Suffolk,East,Care UK Community Partnerships Ltd
Hampstead Court Care Home,"48 Boundary Road,London",NW8 0HJ,2039220040,,Nursing homes,Camden,London,WT RB Opco 1 Limited
The Limes 1,"5 Church Lane,Littleport,Ely",CB6 1PS,1925571680,https://www.makingspace.co.uk,Nursing homes,Cambridgeshire,East,Suffolk Serenity Living Limited
Bentley Grange Care Home,"St. James Way,Biddenham,Bedford",MK40 4UH,,,Nursing homes,Bedford,East,MMCG (2) Limited
Silverbirch House Care Home,"19 Tovey Green,Guildford",GU3 3FF,1483966570,https://www.barchester.com,Residential homes,Surrey,South East,Barchester Healthcare Homes Limited
Cypress House,"88 Yarmouth Road,Lowestoft",NR32 4AQ,1502558170,https://www.kingsleyspecialistservices.co.uk,Residential homes,Suffolk,East,Country Retirement & Nursing Homes Ltd
Iris Court Care Home,"Hitchin Road,Gosmore,Hitchin",SG4 7QH,1462414700,https://www.barchester.com,Residential homes,Hertfordshire,East,Barchester Healthcare Homes Limited
"Creative Support - 2, 3 and 4 Nightingale Close","2, 3 and 4 Nightingale Close,Witham",CM8 1AP,1612360829,,Residential homes,Essex,East,Creative Support Limited
Riverside Lodge,"44 Church Street,Rickmansworth",WD3 1JE,1923617930,https://www.quantumcare.co.uk,Residential homes,Hertfordshire,East,Quantum Care Limited
Crossbrook Court,"65 Crossbrook Street,Cheshunt",EN8 8LU,1992434310,https://www.sequencecaregroup.co.uk,Residential homes,Hertfordshire,East,Liaise (London) Limited
Melwood Grange,"Desborow Lane,Royston",SG8 7FR,,,Nursing homes,Hertfordshire,East,Quantum Care Limited
Real Life Options - 96 Harrowdene Road,"96 Harrowdene Road,Wembley",HA0 2JF,1977781800,https://www.reallifeoptions.org,Residential homes,Brent,London,Real Life Options
Real Life Options - 90 Capel Gardens,"90 Capel Gardens,Pinner",HA5 5RD,2088687149,https://www.reallifeoptions.org,Residential homes,Harrow,London,Real Life Options
The Minims (12 & 31),"31 The Minims,Hatfield",AL10 0AW,1707269010,https://www.saintjohnofgod.org.uk,Residential homes,Hertfordshire,East,Saint John of God Hospitaller Services
St Andrews Care Home,"Great North Road,Welwyn Garden City",AL8 7SR,1707324208,https://www.bmcare.co.uk,Residential homes,Hertfordshire,East,Colleycare Limited
Ashlyns Care Home,"Chesham Road,Berkhamsted",HP4 2ST,1442870565,https://www.bmcare.co.uk,Residential homes,Hertfordshire,East,Colleycare Limited
Willowthorpe Care Home,"High Street,Stanstead Abbotts",SG12 8AS,1920871811,https://www.bmcare.co.uk,Residential homes,Hertfordshire,East,Colleycare Limited
St Joseph's Care Home,"Aylesbury Road,Tring",HP23 4DH,1442823159,https://www.bmcare.co.uk,Residential homes,Hertfordshire,East,Colleycare Limited
Mais House,"18 Hastings Road,Bexhill On Sea",TN40 2HH,1424215871,https://www.rbl.org.uk/maishouse,Nursing homes,East Sussex,South East,The Royal British Legion
Hilton Park Care Centre,"Bottisham,Cambridge",CB25 9BX,1223811256,https://www.barchester.com/home/hilton-park-care-home,Nursing homes,Cambridgeshire,East,Barchester Healthcare Homes Limited
Hilton Park - Oaklands,"Bottisham,Cambridge",CB25 9BX,1223811256,https://www.barchester.com,Nursing homes,Cambridgeshire,East,Barchester Healthcare Homes Limited
Oak Lodge Care Home,"45 Freemantle Common Road,Southampton",SO19 7NG,2380425560,,Nursing homes,Southampton,South East,Bupa Care Homes (CFHCare) Limited
Festing Grove,"47 Festing Grove,Southsea",PO4 9QB,2392832427,https://www.c-i-c.co.uk,Residential homes,Portsmouth,South East,Community Integrated Care
Paternoster House,"Paternoster Hill,Waltham Abbey",EN9 3JY,1992787202,https://www.barchester.com,Nursing homes,Essex,East,Barchester Healthcare Homes Limited
Stanway Villa,"9 Nursery Close,Stanway,Colchester",CO3 0RL,1206769400,https://www.salutemcareandeducation.co.uk,Residential homes,Essex,East,Pathways Care Group Limited
Highlands Road,"76 Highlands Road,Fareham",PO15 6BZ,1329282252,https://www.c-i-c.co.uk,Residential homes,Hampshire,South East,Community Integrated Care
Red Oaks,"The Hooks,Henfield",BN5 9UY,1273493043,https://www.barchester.com,Nursing homes,West Sussex,South East,Barchester Healthcare Homes Limited
Newlands,"578 Ipswich Road,Colchester",CO4 9HB,1206844906,https://www.salutemcareandeducation.co.uk,Residential homes,Essex,East,Pathways Care Group Limited
Alice Grange,"St Isidores Way,Ropes Drive, Kesgrave,Ipswich",IP5 2GA,1473333551,https://www.barchester.com,Nursing homes,Suffolk,East,Barchester Healthcare Homes Limited
Ashby House - Milton Keynes,"100 Chadwick Drive,Eaglestone West,Milton Keynes",MK6 5LS,1908696676,https://www.barchester.com,Nursing homes,Milton Keynes,South East,Barchester Healthcare Homes Limited
Ashcombe,"Worting Road,Basingstoke",RG21 8YU,1256468252,https://www.barchester.com,Nursing homes,Hampshire,South East,Barchester Healthcare Homes Limited
Challoner House,"175 Winchester Road,Chandlers Ford,Eastleigh",SO53 2DU,2380266036,https://www.barchester.com,Nursing homes,Hampshire,South East,Barchester Healthcare Homes Limited
Chalfont Lodge,"Denham Lane,Chalfont St Peter",SL9 0QQ,1753888002,https://www.barchester.com,Nursing homes,Buckinghamshire,South East,Barchester Healthcare Homes Limited
Stamford Care Home,"21 Watermill Lane,Upper Edmonton,London",N18 1SH,2088074111,,Nursing homes,Enfield,London,Bupa Care Homes (ANS) Limited
St Mary's Care Home,"19 Dunstable Road,Luton",LU1 1BE,1582438200,,Nursing homes,Luton,East,Bupa Care Homes (ANS) Limited
St Thomas,"St Thomas Close,Basingstoke",RG21 5NW,1256355959,https://www.barchester.com,Nursing homes,Hampshire,South East,Barchester Healthcare Homes Limited
Wimborne,"Selsmore Road,Hayling Island",PO11 9JZ,2392467369,https://www.barchester.com,Residential homes,Hampshire,South East,Barchester Healthcare Homes Limited
The Highgate Care Home,"12 Hornsey Lane,Highgate,London",N6 5LX,2075991209,,Nursing homes,Islington,London,Bupa Care Homes (GL) Limited
Lilac Lodge & Lavender Cottage,"9-11 Gorleston Road,Oulton Broad,Lowestoft",NR32 3AA,1502581920,https://www.kingsleyhealthcare.co.uk/care-home/lilac-lodge-care-home,Residential homes,Suffolk,East,Country Retirement & Nursing Homes Ltd
Sandown Park Care Home,"61 Vale Road,Windsor",SL4 5JY,1753833140,https://www.healthcarehomes.co.uk,Nursing homes,Windsor and Maidenhead,South East,Healthcare Homes (LSC) Limited
Handford House Care Home,"27a Cumberland Street,Ipswich",IP1 3PA,1473231111,https://www.healthcarehomes.co.uk,Nursing homes,Suffolk,East,Healthcare Homes (LSC) Limited
Asher House,"Third Avenue,Walton On The Naze",CO14 8JU,1255444280,https://www.elysiumhealthcare.co.uk/location/asher-house/,Nursing homes,Essex,East,Elysium Healthcare No. 4 Limited
Rowanweald Residential and Nursing Home,"1 Weald Lane,Harrow Weald,Harrow",HA3 5EG,,https://www.sanctuary-care.co.uk/care-homes-london/rowanweald-residential-and-nursing-home,Nursing homes,Harrow,London,Sanctuary Care Limited
Mill House & Cottages,"Great Ryburgh,Fakenham",NR21 0ED,1328829323,https://www.prime-life.co.uk,Residential homes,Norfolk,East,Prime Life Limited
Pathway House,"The Lane,Wyboston,Bedford",MK44 3AS,1480478099,https://www.accomplish-group.co.uk,Residential homes,Bedford,East,Accomplish Group Support Limited
Turning Point - Brickfields Cottage,"Hare Street Road,Buntingford",SG9 0AB,1763289230,https://www.turning-point.co.uk,Residential homes,Hertfordshire,East,Turning Point
Upton Grey Close Care Home,"23 Upton Grey Close,Winchester",SO22 6NE,1962886361,,Residential homes,Hampshire,South East,Hampshire County Council
Brendon Lodge,"27 Southleigh Road,Warblington,Havant",PO9 2QG,2392498585,https://www.dolphinhomes.co.uk,Residential homes,Hampshire,South East,Dolphin Homes Limited
Starboard House,"105 Obelisk Road,Woolston,Southampton",SO19 9DN,2380434317,https://www.achievetogether.co.uk,Residential homes,Southampton,South East,Achieve Together Limited
Highfield,"Avon Drive,Brickhill,Bedford",MK41 7AH,1234346482,,Residential homes,Bedford,East,Bedford Borough Council
Rivermead,"Halsey Road,Kempston,Bedford",MK42 8AU,1234841812,https://www.bedford.gov.uk,Residential homes,Bedford,East,Bedford Borough Council
Parkside,"21 Bedford Road,Kempston,Bedford",MK42 8AB,1234718794,,Residential homes,Bedford,East,Bedford Borough Council
Station Road,"8-8a Station Road,Winchmore Hill,London",N21 3RB,2083600739,https://www.prioryadultcare.co.uk,Residential homes,Enfield,London,Parkcare Homes (No.2) Limited
Freelands Croft Care Home,"Redfields Lane,Fleet",GU52 0RB,1252855340,https://www.bupa.co.uk,Nursing homes,Hampshire,South East,Bupa Care Homes (ANS) Limited
The White House,"39a Shaftesbury Avenue,Feltham",TW14 9LN,2088903020,https://www.prioryadultcare.co.uk,Residential homes,Hounslow,London,Parkcare Homes (No.2) Limited
Byron Court,"55 Chaucer Road,Bedford",MK40 2AL,1234216551,https://www.caretech-uk.com,Residential homes,Bedford,East,CareTech Community Services Limited
CareTech Community Services Limited - 82 Chaucer Road,"82 Chaucer Road,Bedford",MK40 2AP,1234216319,,Residential homes,Bedford,East,CareTech Community Services Limited
Lyndhurst,"28-30 Woodhouse Road,North Finchley,London",N12 0RG,2084452833,,Residential homes,Barnet,London,CareTech Community Services Limited
Magnolia Lodge,"42 Hollow Lane,Shinfield",RG2 9BT,1189888732,,Residential homes,Wokingham,South East,CareTech Community Services Limited
Loganberry Lodge,"79-81 New Farm Road,Stanway,Colchester",CO3 0PG,1206563791,https://www.runwoodhomes.co.uk,Residential homes,Essex,East,Runwood Homes Limited
Westall House,"Birch Grove Road,Horsted Keynes",RH17 7BS,1825791157,https://www.abbeyfield.com,Residential homes,West Sussex,South East,Abbeyfield Society (The)
Longview,"Little Gypps Road,Canvey Island",SS8 9HG,1268682906,https://www.runwoodhomes.co.uk,Residential homes,Essex,East,Runwood Homes Limited
Madelayne Court,"School Lane,Chelmsford",CM1 7DR,1245443986,https://www.runwoodhomes.co.uk,Residential homes,Essex,East,Runwood Homes Limited
Elizabeth House,"42-56 Benfleet Road,Hadleigh",SS7 1QB,1702555786,https://www.runwoodhomes.co.uk,Residential homes,Essex,East,Runwood Homes Limited
Evelyn May House,"Florence Way,Langdon Hills,Basildon",SS16 6AJ,1268418683,https://www.runwoodhomes.co.uk,Residential homes,Essex,East,Runwood Homes Limited
Wisden Court,"Wisden Road,Stevenage",SG1 5JD,1438354933,https://www.runwoodhomes.co.uk,Residential homes,Hertfordshire,East,Runwood Homes Limited
Eastham,"Main Road,Woodham Ferrers",CM3 8RF,1245673726,https://www.runwoodhomes.co.uk,Residential homes,Essex,East,Runwood Homes Limited
Whitby Dene,"316 Whitby Road,Eastcote",HA4 9EE,2088683712,https://www.whitbydeneeastcote.co.uk,Residential homes,Hillingdon,London,Care UK Community Partnerships Ltd
Whitebourne,"Burleigh Road,Frimley",GU16 7EP,127620723,https://www.whitebournefrimley.co.uk,Residential homes,Surrey,South East,Care UK Community Partnerships Ltd
Signature at Hendon Hall,"12 Ashley Lane,London",NW4 1HG,2039266300,https://www.signature-care-homes.co.uk,Nursing homes,Barnet,London,Signature Senior Lifestyle Operations Ltd
Driftwood House,"Lynn Road,Hunstanton",PE36 5HL,1485532241,https://www.armscare.co.uk,Residential homes,Norfolk,East,ARMSCARE Limited
Beccles Care Home,"St. Georges Road,Beccles",NR34 9YQ,1502716700,,Residential homes,Suffolk,East,Black Swan International Limited
Hazel Lodge Care Home,"63 North Trade Road,Battle",TN33 0HW,1323921550,https://www.barchester.com,Residential homes,East Sussex,South East,Barchester Healthcare Homes Limited
Lyncroft Care Home,"81 Clarkson Avenue,Wisbech",PE13 2EA,1945475229,https://www.countrycourtcare.co/our-homes/lyncroft-care-home,Residential homes,Cambridgeshire,East,Country Court Care Homes 2 Limited
Milkwood House Care Home,"Hillbrow,Liss,nr Petersfield",GU33 7PB,1730895485,https://www.elderlycare.co.uk,Residential homes,West Sussex,South East,Milkwood Care Ltd
Chatterwood Nursing Home,"Huntsbottom Lane,Hillbrow,Liss",GU33 7PA,1730893943,https://www.milkwoodcare.co.uk,Nursing homes,Hampshire,South East,Milkwood Care Ltd
Applewood Care Home,"Coopers Lane,Bramley,Basingstoke",RG26 5BZ,1256881756,https://www.elderlycare.co.uk,Residential homes,Hampshire,South East,Milkwood Care Ltd
White Hart House,"White Hart House,Castle Street, Portchester,Fareham",PO16 9QQ,2394219740,https://dolphinhomes.co.uk,Residential homes,Hampshire,South East,Dolphin Homes Limited
Sycamore Grove Care Home,"Lilac Lane,Stone Cross,Pevensey",BN24 5NU,1424320620,https://www.barchester.com,Residential homes,East Sussex,South East,Barchester Healthcare Homes Limited
Asterbury Place,"76 Aster Road,Ipswich",IP2 0NR,3333211990,https://www.careuk.com,Nursing homes,Suffolk,East,Care UK Community Partnerships Ltd
Windermere House,"21 Studley Road,Luton",LU3 1BB,1582734812,https://www.nouvita.co.uk,Residential homes,Luton,East,Psycare Limited
Carlingford Road,"181 Carlingford Road,London",N15 3ET,2088888916,,Residential homes,Haringey,London,Choice Support
Rectory Lodge,"87 Rectory Road,Pitsea,Essex",SS13 2AF,1268583634,,Residential homes,Essex,East,Choice Support
Vartry Road,"18 Vartry Road,London",N15 6PT,2072614100,,Residential homes,Haringey,London,Choice Support
Langham Manor,"Langham Care Home,Prentice Road,Stowmarket",IP14 1RD,1449357087,,Nursing homes,Suffolk,East,Simply Care Group UK Ltd
Dimensions 85 Highfield Avenue,"85 Highfield Avenue,Aldershot",GU11 3DA,1252336817,https://www.dimensions-uk.org,Residential homes,Hampshire,South East,Dimensions (UK) Limited
Dimensions 15a Vale Road,"15a Vale Road,Ash Vale,Aldershot",GU12 5HH,1252328889,https://www.dimensions-uk.org,Residential homes,Surrey,South East,Dimensions (UK) Limited
Hatfield Manor,"Hatfield Avenue,Hatfield",AL10 9UA,1707591218,https://www.moraruk.co,Nursing homes,Hertfordshire,East,Simply Care Group UK Ltd
Stagenhoe Park,"St Pauls,St. Pauls Walden,Hitchin",SG4 8BZ,1438871215,,Nursing homes,Hertfordshire,East,The Disabilities Trust
Hargrave House,"103 Cambridge Road,Stansted",CM24 8BY,1279817272,https://www.scimitarcare.co.uk/care-homes/hargrave-house/hargrave-house-care-home.php,Residential homes,Essex,East,Marigold MG1 Ltd
Bullsmoor Lodge,"35/49 Bullsmoor Lane,Enfield",EN3 6TE,1992719092,https://www.scimitarcare.co.uk/care-homes/bullsmoor-lodge/bullsmoor-lodge-care-home.php,Residential homes,Enfield,London,Marigold MG1 Ltd
Five Oaks,"377 Cockfosters Road,Hadley Wood",EN4 0JT,2084497000,https://www.scimitarcare.co.uk/care-homes/five-oaks/five-oaks-care-home.php,Residential homes,Enfield,London,Marigold MG1 Ltd
New Meppershall Care Home,"79 Shefford Road,Meppershall",SG17 5LL,1462851876,,Nursing homes,Central Bedfordshire,East,Pressbeau Limited
Bere Grove Care Home,"Gales Rise,Horndean,Waterlooville",PO8 0WU,2392005910,https://www.barchester.com,Residential homes,Hampshire,South East,Barchester Healthcare Homes Limited
Minchenden Lodge,"54 Blagdens Lane,London",N14 6DD,2088861222,https://www.scimitarcare.co.uk,Residential homes,Enfield,London,Marigold MG1 Ltd
Britten Court,"Love Road,Lowestoft",NR32 2NY,1502558108,https://www.careuk.com,Nursing homes,Suffolk,East,Care UK Community Partnerships Ltd
Leighton Forest,"Plantation Road,Leighton Buzzard",LU7 3HU,1525377922,https://www.pressbeau.co.uk,Nursing homes,Central Bedfordshire,East,Pressbeau Limited
Cuttlebrook Hall,"Cuttlebrook Hall,1 Stock Road,Thame",OX9 3SP,7501226946,,Residential homes,Oxfordshire,South East,Care UK Community Partnerships Ltd
Elm View Care Home,"Newland Avenue,Bishop's Stortford",CM23 2UW,1279745040,https://www.quantumcare.co.uk,Residential homes,Hertfordshire,East,Quantum Care Limited
Elysium Care Partnerships Limited - School House,"School Walk,Sunbury On Thames",TW16 6RB,1932780181,https://www.elysiumhealthcare.co.uk/,Residential homes,Surrey,South East,Elysium Care Partnerships Limited
Sanctuary Supported Living - 26 Tilmore Gardens,"26 Tilmore Gardens,Petersfield",GU32 2JQ,1730233124,https://www.sanctuary-supported-living.co.uk,Residential homes,Hampshire,South East,Sanctuary Home Care Limited
Cherry Blossom Manor,"German Road,Bramley,Tadley",RG26 5GF,1256886436,https://www.barchester.com,Nursing homes,Hampshire,South East,Barchester Healthcare Homes Limited
Burwood Grange Care Home,"Burwood Grange,Seven Hills Road,Walton-on-thames",KT12 4DD,1932509580,https://www.barchester.com,Residential homes,Surrey,South East,Barchester Healthcare Homes Limited
Lavender Lodge Care Home,"Bruntile Close,Reading Road,Farnborough",GU14 6PR,1252517569,https://www.averyhealthcare.co.uk/care-homes/hampshire/farnborough/lavender-lodge/,Nursing homes,Hampshire,South East,Avery Homes (Nelson) Limited
Birchwood Grange Nursing Home,"177 Preston Hill,Kenton,Harrow",HA3 9UY,2083851115,https://www.averyhealthcare.co.uk/care-homes/greater-london/harrow/birchwood-grange-care-home/,Nursing homes,Brent,London,Avery Homes (Nelson) Limited
Evergreen SUSD Unit,"Evergreen SUSD Unit C/O Wingfield Court,,Ampthill,Bedford",MK45 2TE,3003006091,,Residential homes,Central Bedfordshire,East,Central Bedfordshire Council
Gombards,"6 London Road,Welwyn Garden City",AL6 9EL,1483712892,https://www.unitedresponse.org.uk,Residential homes,Hertfordshire,East,United Response
United Response - 66 & 66a Lemsford Road,"66 & 66a Lemsford Road,St Albans",AL1 3PT,1727850436,https://www.unitedresponse.org.uk,Residential homes,Hertfordshire,East,United Response
Grays Court,"Church Street,Grays",RM17 6EG,1375376667,,Nursing homes,Thurrock,East,Minster Care Management Limited
Tara's Retreat Care Home,"High Street,Sandridge,St Albans",AL4 9DQ,1727850527,https://www.bmcare.co.uk,Residential homes,Hertfordshire,East,Colleycare Limited
Taymer Nursing Home,"Barton Road,Silsoe",MK45 4QP,1525861833,https://www.pressbeau.co.uk,Nursing homes,Central Bedfordshire,East,Pressbeau Limited
Greathed Manor Nursing Home,"Ford Manor Road,Dormansland,Lingfield",RH7 6PA,1342836478,https://www.pressbeau.co.uk,Nursing homes,Surrey,South East,Pressbeau Limited
Koinonia Christian Care,"4 Winchester Road,Worthing",BN11 4DJ,3003038480,https://pilgrimsfriend.org.uk,Residential homes,West Sussex,South East,Pilgrims' Friend Society
Manor Court Care Home,"Britten Drive,North Road,Southall",UB1 2SH,2085715505,,Nursing homes,Ealing,London,Bupa Care Homes (CFHCare) Limited
Corrina Lodge,"79 The Avenue,Camberley",GU15 3NQ,1276686202,https://www.barchester.com,Nursing homes,Surrey,South East,Barchester Healthcare Homes Limited
Dudwell St Mary,"Etchingham Road,Burwash",TN19 7BE,1435883688,https://www.barchester.com,Nursing homes,East Sussex,South East,Barchester Healthcare Homes Limited
Longueville Court,"Village Green,Orton Longueville,Peterborough",PE2 7DN,1733230709,https://www.barchester.com,Nursing homes,Peterborough,East,Barchester Healthcare Homes Limited
The Knoll,"115 Southchurch Boulevard,Thorpe Bay,Southend On Sea",SS2 4UR,1702586684,https://www.salutemcareandeducation.co.uk,Residential homes,Southend-on-Sea,East,Pathways Care Group Limited
Marriott House & Lodge,"Tollhouse Close,Chichester",PO19 1SG,1243536652,https://www.barchester.com,Nursing homes,West Sussex,South East,Barchester Healthcare Homes Limited
Magnolia Court,"181 Granville Road,Hampstead,London",NW2 2LH,2087319881,https://www.barchester.com,Nursing homes,Barnet,London,Barchester Healthcare Homes Limited
Greenways,"633 Uxbridge Road,Pinner",HA5 3PT,2089669514,https://www.salutemcareandeducation.co.uk,Residential homes,Harrow,London,Pathways Care Group Limited
Segensworth Road,"123 Segensworth Road,Titchfield,Fareham",PO15 5EG,1329843934,https://www.c-i-c.co.uk,Residential homes,Hampshire,South East,Community Integrated Care
Shelburne Lodge,"Rutland Street,High Wycombe",HP11 2LJ,1494440404,https://www.barchester.com,Nursing homes,Buckinghamshire,South East,Barchester Healthcare Homes Limited
Southgate Beaumont,"15 Cannon Hill,Old Southgate,London",N14 7DJ,2088829222,https://www.barchester.com,Nursing homes,Enfield,London,Barchester Healthcare Homes Limited
St Mark's Care Home,"110 St Marks Road,Maidenhead",SL6 6DN,1628582800,https://www.bupa.co.uk/care-services/care-homes,Nursing homes,Windsor and Maidenhead,South East,Bupa Care Homes (ANS) Limited
Bushey House Beaumont,"57-59 High Street,Bushey",WD23 1QN,2084218844,https://www.barchester.com,Nursing homes,Hertfordshire,East,Barchester Healthcare Homes Limited
Middlesex Manor Care Home,"119 Harrow Road,Wembley",HA9 6DQ,2087954442,,Nursing homes,Brent,London,Bupa Care Homes (ANS) Limited
Westergate House,"Denmans Lane,Fontwell,Arundel",BN18 0SU,1243544744,https://www.barchester.com,Nursing homes,West Sussex,South East,Barchester Healthcare Homes Limited
The Mullion,"230 Portsmouth Road,Horndean",PO8 9SY,2392596820,https://www.c-i-c.co.uk,Residential homes,Hampshire,South East,Community Integrated Care
Redlands Lane,"91 Redlands Lane,Fareham",PO14 1HG,1329829661,https://www.c-i-c.co.uk,Residential homes,Hampshire,South East,Community Integrated Care
Wilsmere House,"Wilsmere Drive,Harrow",HA3 6UB,2084207337,https://www.barchester.com,Nursing homes,Harrow,London,Barchester Healthcare Homes Limited
Westlake,"Pondtail Road,Horsham",RH12 5EZ,1403270773,https://www.barchester.com,Nursing homes,West Sussex,South East,Barchester Healthcare Homes Limited
Humfrey Lodge,"Rochelle Close,Thaxted",CM6 2PX,1371830878,https://www.runwoodhomes.co.uk,Residential homes,Essex,East,Runwood Homes Limited
Stafford Hall,"138 Thundersley Park Road,South Benfleet",SS7 1EN,1268792727,https://www.runwoodhomes.co.uk,Residential homes,Essex,East,Runwood Homes Limited
Cambridgeshire County Council - 20 Alder Close March,"20 Alder Close,March",PE15 8PY,1354750433,,Residential homes,Cambridgeshire,East,Cambridgeshire County Council
Cambridgeshire County Council - 40/44 Russell Street Cambridge,"40-44 Russell Street,Cambridge",CB2 1HT,1223712261,,Residential homes,Cambridgeshire,East,Cambridgeshire County Council
Decoy Farm,"Browston Lane,Browston,Great Yarmouth",NR31 9DP,1502730927,https://www.kingsleyhealthcare.co.uk,Nursing homes,Norfolk,East,Country Retirement & Nursing Homes Ltd
Ashley House Residential Care Home,"Forest Road,Bordon",GU35 0XT,1420489877,https://www.sanctuary-care.co.uk/care-homes-south-and-south-west/ashley-house-residential-care-home,Residential homes,Hampshire,South East,Sanctuary Care Limited
Disabilities Trust - 9 Twyford Lane,"Brownswood,Milton Keynes",MK7 8DE,1908639086,,Residential homes,Milton Keynes,South East,The Disabilities Trust
Shinewater Court,"Milfoil Drive,Eastbourne",BN23 8ED,1323769196,,Residential homes,East Sussex,South East,The Disabilities Trust
Prime Life Limited - 32 South Street,"32 South Street,Sheringham",NR26 8LL,1263824040,https://www.prime-life.co.uk,Residential homes,Norfolk,East,Prime Life Limited
Chestnut House,"62 High Street,Marton",DN21 5AW,1427718272,https://www.prime-life.co.uk,Residential homes,Lincolnshire,East Midlands,Prime Life Limited
Brackendale House,"1-3 St Peter's Road,Sheringham",NR26 8QY,1263824995,https://www.prime-life.co.uk,Residential homes,Norfolk,East,Prime Life Limited
Kirklees,"31 Kirkgate,Waltham,Grimsby",DN37 0LP,1472825296,https://www.prime-life.co.uk,Residential homes,North East Lincolnshire,Yorkshire & Humberside,Prime Life Limited
St George's Witham Nursing Home,"18-20 Avenue Road,Witham",CM8 2DT,1376512258,https://www.stgeorgescare.com,Nursing homes,Essex,East,Outlook Care
Holly Tree Lodge,"122 Spring Road,Kempston,Bedford",MK42 8NB,1234975262,,Residential homes,Bedford,East,Mentaur Limited
Hawthorne Court Nursing Home,"21 Hamilton Road,Sarisbury Green,Southampton",SO31 7LX,,,Nursing homes,Hampshire,South East,Hampshire County Council
110 West Street Care Home,"110 A-C West Street,Havant",PO9 1LN,2392498333,,Residential homes,Hampshire,South East,Hampshire County Council
Homewood Care Home,"Enham Lane,Charlton,Andover",SP10 4AN,1264324200,,Residential homes,Hampshire,South East,Hampshire County Council
Camberley Cottage,"1 Coolarne Rise,Camberley",GU15 1NA,1276686898,https://www.dolphinhomes.co.uk,Residential homes,Surrey,South East,Dolphin Homes Limited
The Laurels,"1 Lower St Helens Road,Hedge End",SO30 0NA,1489799119,https://www.dolphinhomes.co.uk,Residential homes,Hampshire,South East,Dolphin Homes Limited
Beachview,"28 Alleyne Way,Middleton-on-Sea",PO22 6JZ,1243582896,https://www.dolphinhomes.co.uk,Residential homes,West Sussex,South East,Dolphin Homes Limited
Cornerleigh,"1 Fourth Avenue,Denvilles,Havant",PO9 2QU,2392470457,https://www.achievetogether.co.uk,Residential homes,Hampshire,South East,Achieve Together Limited
The Regard Partnership Limited - Clareville Road,"3 Clareville Road,Caterham",CR3 6LA,1883340181,https://www.achievetogether.co.uk,Residential homes,Surrey,South East,Achieve Together Limited
Hazelwood House,"22 Newbarn Road,East Cowes",PO32 6AY,1983280039,https://www.achievetogether.co.uk,Residential homes,Isle of Wight,South East,Achieve Together Limited
Southway,"290 London Road,Bedford",MK42 0PX,1234267737,,Residential homes,Bedford,East,Bedford Borough Council
Horkesley Manor,"Nayland Road,Great Horkesley,Colchester",CO6 4ET,1206271394,https://www.larchwoodcare.co.uk,Nursing homes,Essex,East,Stow Healthcare Group Limited
Linsell House,"Ridgeway Avenue,Dunstable",LU5 4QJ,1582699438,https://www.centralbedfordshire.gov.uk,Residential homes,Central Bedfordshire,East,Central Bedfordshire Council
Lancaster Court,"108 High Road,Leavesden Green,Watford",WD25 7AJ,1923689348,https://www.runwoodhomes.co.uk,Nursing homes,Hertfordshire,East,Runwood Homes Limited
Kathryn Court,"84 Ness Road,Shoeburyness",SS3 9DH,1702292800,https://www.runwoodhomes.co.uk,Residential homes,Southend-on-Sea,East,Runwood Homes Limited
Pratt House,"Quill Hall Lane,Amersham",HP6 6LU,1494722940,https://www.abbeyfield.com,Residential homes,Buckinghamshire,South East,Abbeyfield Society (The)
Brewster House,"Oak Road,Heybridge,Maldon",CM9 4AX,1621853960,https://www.runwoodhomes.co.uk,Residential homes,Essex,East,Runwood Homes Limited
Crowstone House,"Crowstone Avenue,Westcliff On Sea",SS0 8HT,1702436611,https://www.runwoodhomes.co.uk,Residential homes,Southend-on-Sea,East,Runwood Homes Limited
Stonepit Close,"42-44 Stonepit Close,Godalming",GU7 2LS,1483861066,https://www.nas.org.uk,Residential homes,Surrey,South East,National Autistic Society (The)
United Response - 26 Tennyson Road,"26 Tennyson Road,Bognor Regis",PO21 2SB,1243863380,https://www.unitedresponse.org.uk,Residential homes,West Sussex,South East,United Response
Halsey House,"Norwich Road,Cromer",NR27 0BA,1263512178,https://www.rbl.org.uk/halseyhouse,Nursing homes,Norfolk,East,The Royal British Legion
Hickathrift House,"217 Smeeth Road,Marshland St James,Wisbech",PE14 8JB,1945430636,https://www.barchester.com,Residential homes,Norfolk,East,Barchester Healthcare Homes Limited
The Epsom Beaumont,"20-22 Church Street,Epsom",KT17 4QB,1372747999,https://www.barchester.com,Nursing homes,Surrey,South East,Barchester Healthcare Homes Limited
Hethersett Hall,"Hethersett,Norwich",NR9 3AP,1603810478,https://www.barchester.com,Residential homes,Norfolk,East,Barchester Healthcare Homes Limited
Dormy Way,"12 Dormy Way,Rowner,Gosport",PO13 9RF,1329231737,https://www.c-i-c.co.uk,Residential homes,Hampshire,South East,Community Integrated Care
Oulton Park Care Centre,"Union Lane,Oulton,Lowestoft",NR32 3AX,1502539998,https://www.barchester.com,Nursing homes,Suffolk,East,Barchester Healthcare Homes Limited
Middletown Grange,"Middletown,Hailey,Witney",OX29 9UB,1993700396,https://www.barchester.com,Nursing homes,Oxfordshire,South East,Barchester Healthcare Homes Limited
Oxford Beaumont,"Bayworth Lane,Bayworth Corner, Boars Hill,Oxford",OX1 5DF,1865730990,https://www.barchester.com,Nursing homes,Oxfordshire,South East,Barchester Healthcare Homes Limited
Westacres,"65-67 Somerset Road,Basildon",SS15 6PP,1268540734,https://www.salutemcareandeducation.co.uk,Residential homes,Essex,East,Pathways Care Group Limited
Southerndown,"Worcester Road,Chipping Norton",OX7 5YF,1608644129,https://www.barchester.com,Nursing homes,Oxfordshire,South East,Barchester Healthcare Homes Limited
Woodside House,"Woodside Road,Norwich",NR7 9XJ,1603702002,https://www.barchester.com,Nursing homes,Norfolk,East,Barchester Healthcare Homes Limited
Austen House,"Kilnsea Drive,Lower Earley,Reading",RG6 3UJ,1189266100,https://www.barchester.com,Nursing homes,Wokingham,South East,Barchester Healthcare Homes Limited
Atfield House,"St Johns Road,Isleworth",TW7 6UH,2085603994,https://www.barchester.com,Nursing homes,Hounslow,London,Barchester Healthcare Homes Limited
Ashlar House,"The Plain,Epping",CM16 6TY,1992570691,https://www.barchester.com,Nursing homes,Essex,East,Barchester Healthcare Homes Limited
Maypole Care Home,"Lower Northam Road,Hedge End,Southampton",SO30 4FS,1489782698,,Nursing homes,Hampshire,South East,Bupa Care Homes (ANS) Limited
Bedewell Grange,"Campbell Park Road,Hebburn",NE31 2SL,1914838000,https://www.barchester.com,Residential homes,South Tyneside,North East,Barchester Healthcare Homes Limited
Werrington Lodge,"Baron Court,Werrington Meadows,Peterborough",PE4 7ZF,1733324252,https://www.barchester.com,Nursing homes,Peterborough,East,Barchester Healthcare Homes Limited
Beacher Hall Care Home,"42 Bath Road,Reading",RG1 6PG,1189530600,https://www.bupa.co.uk/care-services/care-homes/beacher-hall-reading,Nursing homes,Reading,South East,Bupa Care Homes (ANS) Limited
Newgate Lane,"7 Newgate Lane,Fareham",PO14 1BQ,1329667041,https://www.c-i-c.co.uk,Residential homes,Hampshire,South East,Community Integrated Care
Vecta House,"24 Atkinson Drive,Newport",PO30 2LJ,1983525521,https://www.barchester.com,Nursing homes,Isle of Wight,South East,Barchester Healthcare Homes Limited
West Oak,"Murray Road,Wokingham",RG41 2TA,1189795100,https://www.barchester.com,Nursing homes,Wokingham,South East,Barchester Healthcare Homes Limited
Ashwood - Ware,"Dickens Way,New Road,Ware",SG12 7BU,1920468966,https://www.runwoodhomes.co.uk,Residential homes,Hertfordshire,East,Runwood Homes Limited
Woodbury Court,"Tavistock Road,Laindon",SS15 5QQ,1268564230,https://www.runwoodhomes.co.uk,Residential homes,Essex,East,Runwood Homes Limited
Blackthorns,"21-29 Dooley Road,Halstead",CO9 1JW,1787472170,https://www.runwoodhomes.co.uk,Residential homes,Essex,East,Runwood Homes Limited
Castor Lodge Care Home,"Splash Lane,Castor,Peterborough",PE5 7BD,1733731455,https://www.countrycourtcare.co/our-homes/castor-lodge-care-home,Residential homes,Peterborough,East,Country Court Care Homes 2 Limited
Camberwell Lodge,"Picton Street,London",SE5 7QH,2045792198,https://www.countrycourtcare.co/our-homes/camberwell-lodge-care-nursing-home,Nursing homes,Southwark,London,Country Court Care Homes 2 Limited
Lyons Court Residential Care Home,"Canvey Walk,North Springfield,Chelmsford",CM1 6LB,1245451254,https://www.sanctuary-care.co.uk/care-homes-east-and-south-east/lyons-court-residential-care-home,Residential homes,Essex,East,Sanctuary Care Limited
Don Thomson House Residential Care Home,"Low Road,Dovercourt,Harwich",CO12 3TS,1255240978,https://www.sanctuary-care.co.uk/care-homes-east-and-south-east/don-thomson-house-residential-care-home,Residential homes,Essex,East,Sanctuary Care Limited
Forest Court Nursing Home,"Forest Way,Tatchbury Mount, Calmore,Southampton",SO40 2PZ,2380664770,,Nursing homes,Hampshire,South East,Hampshire County Council
Emsworth House Care Home with Nursing,"Emsworth House Close,Havant Road,Emsworth",PO10 7JR,1243373016,,Nursing homes,Hampshire,South East,Hampshire County Council
Fleming House Care Home with Nursing,"Heron Square,Eastleigh",SO50 9JD,2380612538,,Nursing homes,Hampshire,South East,Hampshire County Council
Ashfield (Skipton),"Carleton Road,Skipton",BD23 2BG,1609534539,https://www.northyorks.gov.uk,Residential homes,North Yorkshire,Yorkshire & Humberside,North Yorkshire Council
Portland Street,"12-14 Portland Street,Kings Lynn",PE30 1PB,1553769091,https://www.achievetogether.co.uk,Residential homes,Norfolk,East,Achieve Together Limited
Brooke House,"123 Millbrook Road East,Freemantle,Southampton",SO15 1HQ,2380235221,https://www.prioryadultcare.co.uk,Residential homes|Supported living,Southampton,South East,Parkcare Homes (No.2) Limited
The Regard Partnership Limited - Eastbourne Road,"111 Eastbourne Road,Lower Willingdon,Eastbourne",BN20 9NE,1323482174,https://www.achievetogether.co.uk,Residential homes,East Sussex,South East,Achieve Together Limited
Fairlea,"46 Fairlea Road,Emsworth",PO10 7SX,1243376916,https://www.dolphinhomes.co.uk,Residential homes,Hampshire,South East,Dolphin Homes Limited
Puttenhoe,"180 Putnoe Street,Putnoe,Bedford",MK41 8HQ,1234214100,,Residential homes,Bedford,East,Bedford Borough Council
Marham House Care Home,"Simcoe Road,Bury St. Edmunds",IP32 6FD,1284335964,,Residential homes,Suffolk,East,Anchor Hanover Group
CareTech Community Services Limited - 196 High Street,"196 High Street,Rickmansworth",WD3 1BD,1923774869,https://www.caretech-uk.com,Residential homes,Hertfordshire,East,CareTech Community Services Limited
Loddon Court,"289 Wokingham Road,Earley,Reading",RG6 7ER,1189660484,https://www.optalis.org,Residential homes,Wokingham,South East,Optalis Limited
Highview Lodge,"Cherry Orchard,Gadebridge,Hemel Hempstead",HP1 3SD,1442239733,https://www.runwoodhomes.co.uk,Residential homes,Hertfordshire,East,Runwood Homes Limited
Greenbanks,"Greenbank road,Watford",WD17 4JR,1923255160,https://www.runwoodhomes.co.uk,Residential homes,Hertfordshire,East,Runwood Homes Limited
Heron Court,"198 Brentwood Road,Herongate,Brentwood",CM13 3PN,1277810236,https://www.runwoodhomes.co.uk,Residential homes,Essex,East,Runwood Homes Limited
Alexandra House - Harlow,"Hamstel Road,Harlow",CM20 1BU,1279454521,https://www.runwoodhomes.co.uk,Nursing homes|Rehabilitation (illness/injury),Essex,East,Runwood Homes Limited
Windle Court,"The Withywindle,Celeborn Street,South Woodham Ferrers",CM3 7BR,1245425980,https://www.runwoodhomes.co.uk,Residential homes,Essex,East,Runwood Homes Limited
Stanecroft,"Spook Hill,North Holmwood,Dorking",RH5 4EG,1306876567,https://www.careuk.com,Residential homes,Surrey,South East,Care UK Community Partnerships Ltd
Tiltwood,"Hogshill Lane,Cobham",KT11 2AQ,1932866498,https://www.tiltwoodcobham.co.uk,Residential homes,Surrey,South East,Care UK Community Partnerships Ltd
Winchcombe Place,"Maple Crescent,Newbury",RG14 1LN,3334343096,https://www.careuk.com/winchcombe-place,Residential homes,West Berkshire,South East,Care UK Community Partnerships Ltd
Osbourne Court,"Park Drive,Baldock",SG7 6EN,1462896966,,Residential homes,Hertfordshire,East,Colleycare Limited
Oakmoor Lodge,"Oakmoor Lodge,London Road,Bushey",WD23 2PY,2033432440,https://www.quantumcare.co.uk,Residential homes,Hertfordshire,East,Quantum Care Limited
Mildenhall Lodge,"St Johns Close,Mildenhall",IP28 7NX,1638582510,,Nursing homes,Suffolk,East,Care UK Community Partnerships Ltd
Bluebell House Residential and Nursing Home,"126 Barkham Road,Wokingham",RG41 2RP,1179770233,,Nursing homes,Wokingham,South East,Optalis Limited
Docking House,"Station Road,Docking,Kings Lynn",PE31 8LS,1485518243,https://www.armscare.co.uk,Residential homes,Norfolk,East,ARMSCARE Limited
Norfolk Lodge,"32 Kings Lynn Road,Hunstanton",PE36 5HT,1485532383,https://www.armscare.co.uk,Residential homes,Norfolk,East,ARMSCARE Limited
Summerville House,"Fenway,Heacham,Kings Lynn",PE31 7BH,1485572127,https://www.armscare.co.uk,Residential homes,Norfolk,East,ARMSCARE Limited
The Beeches,"West Harling Road,East Harling,Norwich",NR16 2NP,1953717584,,Residential homes,Norfolk,East,Black Swan International Limited
Montague Road Care Home,"14 Montague Road,Felixstowe",IP11 7HF,1394670111,,Residential homes,Suffolk,East,Sanctuary Home Care Limited
Sidegate Lane Care Home,"248 Sidegate Lane,Ipswich",IP4 3DH,,,Residential homes,Suffolk,East,Sanctuary Home Care Limited
High Worple,"3-5 High Worple,Rayners Lane,Harrow",HA2 9SJ,2088662867,,Residential homes,Harrow,London,Sanctuary Home Care Limited
Windmill Manor,"2 Fairviews, Holland Road,Hurst Green,Oxted",RH8 9BD,1883718120,https://www.barchester.com,Nursing homes,Surrey,South East,Barchester Healthcare Homes Limited
Allison House Residential Home,"Swan Lane,Sandy",SG19 1NE,3003008591,,Residential homes,Central Bedfordshire,East,Central Bedfordshire Council
Ferndale Residential Home,"Easton Road,Flitwick",MK45 1HB,3003008594,,Residential homes,Central Bedfordshire,East,Central Bedfordshire Council
Tanners Farm,"Balcombe Road,Horley",RH6 9EF,1293776431,,Residential homes,Surrey,South East,Peak 15 Ltd
Hindson House,"Warwick Road,Winkleberry,Basingstoke",RG23 8EA,1256332215,,Residential homes,Hampshire,South East,Hampshire County Council
Hillcrest,"106 Thorpe Road,Thorpe,Norwich",NR1 1RT,1603626073,,Residential homes,Norfolk,East,365 Care Homes Limited
Waterhouse Manor Care Home,"5 Waterhouse Way,Hampton Gardens,Peterborough",PE7 8SJ,1733899120,,Residential homes,Peterborough,East,WT RB Opco 1 Limited
Carpenders Park,"Oxhey Lane,Watford",WD19 5RJ,2084214190,,Residential homes,Hertfordshire,East,Country Court Care Homes 6 Limited
The Pastures,"1-4 The pastures,Yarmouth Road,Hales",NR14 6AB,1508486045,https://www.efitzroy.org.uk,Nursing homes,Norfolk,East,FitzRoy Support
Signature at Farnham Common,"Beaconsfield Road,Farnham Common,Slough",SL2 3GF,1753920032,https://www.signature-care-homes.co.uk,Nursing homes,Buckinghamshire,South East,Signature Senior Lifestyle Operations Ltd
Pinetree Care Home,"Rawreth Lane,Rayleigh",SS6 9XH,,,Residential homes,Essex,East,Barchester Healthcare Homes Limited
Signature at Caversham,"2 Willow View,Caversham,Reading",RG4 6LB,1189113055,https://www.signature-care-homes-co.uk,Nursing homes,Reading,South East,Signature Senior Lifestyle Operations Ltd
Meridan House,"1 Stonecrop Close,Colindale Avenue,London",NW9 5RG,2082054048,,Residential homes,Barnet,London,Waythrough
Holder House,"35-37 Oxford Road,Abingdon",OX14 2EE,1235521850,,Residential homes,Oxfordshire,South East,Waythrough
Reigate Grange,"52 West Street,Reigate",RH2 9DB,1737742930,https://www.signature-care-homes.co.uk,Nursing homes,Surrey,South East,Signature Senior Lifestyle Operations Ltd
Signature at Highgate,"58 The Bishops Avenue,London",N2 0BE,2045816974,https://www.signature-care-homes-co.uk,Nursing homes,Barnet,London,Signature Senior Lifestyle Operations Ltd
Winston House,"Winston House,19 Brooklands Avenue,Cambridge",CB2 8BG,1223356795,,Residential homes,Cambridgeshire,East,Waythrough
Foxlands House,"1 Cranesbill Close,London",NW9 5RQ,2082054048,,Residential homes,Barnet,London,Waythrough
Dunton Road,"71-73 Dunton Road,Bermondsey,London",SE1 5TW,2072320016,,Residential homes,Southwark,London,Southside Partnership
Broadlands Lodge Care Home,"Broadland Gate,Postwick,Norwich",NR13 5HB,1603515226,,Residential homes,Norfolk,East,Danforth Care No. 1 Limited
Moore Place,"Portsmouth Road,Esher",KT10 9LH,1372478200,https://www.mooreplaceanchor.org.uk,Residential homes,Surrey,South East,Anchor Hanover Group
Sister Winifred Laver Promoting Independence Centre,"Falla Park Road,Felling,Gateshead",NE10 9HP,1914336620,,Residential homes,Gateshead,North East,Gateshead Council
New Treetops,"Nichols Way,Exeter",EX1 2AG,1392251726,https://www.devon.gov.uk,Residential homes,Devon,South West,Devon County Council
Karenza Care Home,"18 Rosemundy,St. Agnes",TR5 0UD,1872719071,,Nursing homes,Cornwall,South West,Cornwallis Care Services Ltd
Sunnyside,"12 Damgate Lane,Martham,Great Yarmouth",NR29 4PZ,1493740692,,Residential homes,Norfolk,East,Mrs Jennifer Grego
Carrington Park,"2 Clinton Avenue,Nottingham",NG5 1AW,1159624949,https://www.heathcotes.net,Residential homes,Nottingham,East Midlands,Heathcotes Care Limited
Baytrees,"246 Old Worting Road,South Ham,Basingstoke",RG22 6PD,1256466274,https://www.liaise.co.uk,Residential homes,Hampshire,South East,Liaise (South) Limited
Glebelands,"14 Wallis Road,FairFields,Basingstoke",RG21 3DN,1256844607,https://www.liaise.co.uk,Residential homes,Hampshire,South East,Liaise (South) Limited
Cornview,"124 Roman Road,Winklebury,Basingstoke",RG23 8HF,1256350827,https://www.liaise.co.uk,Residential homes,Hampshire,South East,Liaise (South) Limited
Applelea,"Harrow Way,Brighton Hill,Basingstoke",RG22 4BB,1256364044,https://www.liaise.co.uk,Residential homes,Hampshire,South East,Liaise (South) Limited
Timaru,"Great Bridge Road,Romsey",SO51 0HB,1794523731,https://www.liaise.co.uk,Residential homes,Hampshire,South East,Liaise (South) Limited
Willow Tree Lodge,"189 Kempshott Lane,Basingstoke",RG22 5NA,1256346241,https://www.liaise.co.uk,Residential homes,Hampshire,South East,Liaise (South) Limited
Cornfields,"98 Roman Road,Winklebury,Basingstoke",RG23 8HD,1256844603,https://www.liaise.co.uk,Residential homes,Hampshire,South East,Liaise (South) Limited
Waterside Court Care Home,"26 Winterbrook,Wallingford",OX10 9EG,1491821080,https://www.barchester.com,Residential homes,Oxfordshire,South East,Barchester Healthcare Homes Limited
Cliveden Manor Care Home,"210 Little Marlow Road,Marlow",SL7 1HX,1628401100,,Nursing homes,Buckinghamshire,South East,Redwood Tower UK Opco 2 Limited
Ascot Grange Care Home,"Bagshot Road,Ascot",SL5 9PR,,,Nursing homes,Windsor and Maidenhead,South East,Redwood Tower UK Opco 2 Limited
Moorlands Lodge Care Home,"Portsmouth Road,Hindhead",GU26 6TJ,1428605396,,Nursing homes,Surrey,South East,Redwood Tower UK Opco 2 Limited
Brentwood Arches Care Home,"Hubert Road,Brentwood",CM14 4NA,,,Nursing homes,Essex,East,Redwood Tower UK Opco 2 Limited
Rosebery Manor Care Home,"458 Reigate Road,Epsom",KT18 5XA,1737351589,,Nursing homes,Surrey,South East,Redwood Tower UK Opco 2 Limited
Snowdrop Place Care Home,"Snowdrop Place,Pavilion Road, Hedge End,Southampton",SO30 2ZS,1489772550,https://www.barchester.com,Residential homes,Hampshire,South East,Barchester Healthcare Homes Limited
Brondesbury Road,"113 Brondesbury Road,Kilburn,London",NW6 6RY,2073288540,https://www.rnid.org.uk,Residential homes,Brent,London,Achieve Together Limited
Ancasta Grove,"123 Barnes Lane,Sarisbury Green,Southampton",SO31 7BH,2380984057,https://www.careuk.com/care-homes/amcasta-grove-southampton,Nursing homes,Hampshire,South East,Care UK Community Partnerships Ltd
The Lawn Residential Care Home,"119 London Road,Holybourne,Alton",GU34 4ER,142084162,https://www.fote.org.uk,Residential homes,Hampshire,South East,Friends of the Elderly
Redcot Residential Care Home,"Three Gates Lane,Haslemere",GU27 2LL,1428644637,https://www.fote.org.uk,Residential homes,Surrey,South East,Friends of the Elderly
New Copford Place Residential Care Home,"London Road,Copford,Colchester",CO6 1YR,1206210397,https://www.fote.org.uk,Residential homes,Essex,East,Friends of the Elderly
Royal Mencap Society - 178 London Road,"178 London Road,Waterlooville",PO7 5SP,2392230630,https://www.mencap.org.uk,Residential homes,Hampshire,South East,Royal Mencap Society
Dolphin Court,"9 Bulbeck Road,Havant",PO9 1HN,2392451093,https://www.mencap.org.uk,Residential homes,Hampshire,South East,Royal Mencap Society
Martlet Manor,"Butlers Green Road,Haywards Heath",RH16 4DA,3300583243,https://www.careuk.com/care-homes/martlet-manor-haywards-heath,Nursing homes,West Sussex,South East,Care UK Community Partnerships Ltd
Riverview Lodge,"Birchen Grove,Kingsbury,London",NW9 8SE,2082053190,https://mha.org.uk/care-support/care-homes/riverview-lodge,Residential homes,Brent,London,Methodist Homes
Sunridge Court,"76 The Ridgeway,London",NW11 8PT,2084583389,https://www.sunridgecourt.org.uk,Residential homes,Barnet,London,Jewish Care
Alexandra House - Harwich,"Marine Parade,Dovercourt,Harwich",CO12 3JY,1255503340,https://mha.org.uk/care-support/care-homes/alexandra-house,Residential homes,Essex,East,Methodist Homes
Anjulita Court,"Bramley Way,Bedford",MK41 7GD,1234273642,https://mha.org.uk/care-support/care-homes/anjulita-court,Nursing homes,Bedford,East,Methodist Homes
Merlewood,"Hollow Lane,Callow Hill,Virginia Water",GU25 4LR,1344845314,https://www.efhl.co.uk,Nursing homes,Surrey,South East,Elizabeth Finn Homes Limited
Lawnfield House,"Coverdale Road,Willesden,London",NW2 4DJ,2088304290,https://mha.org.uk/care-support/care-homes/lawnfield-house,Residential homes,Brent,London,Methodist Homes
Kenbrook,"100 Forty Avenue,Wembley",HA9 9PF,2089045818,https://mha.org.uk/care-support/care-homes/kenbrook,Nursing homes,Brent,London,Methodist Homes
Shaftesbury Anvil House,"199 Perry Street,Billericay",CM12 0NX,1277633950,https://www.livability.org.uk,Residential homes,Essex,East,Livability
Davids House,"Pool Road,Harrow",HA1 3YH,2088642238,https://mha.org.uk/care-support/care-homes/davids-house,Residential homes,Harrow,London,Methodist Homes
Shaftesbury Bradbury Court,"65-77 Welldon Crescent,Harrow,London",HA1 1QW,2089012990,https://www.livability.org.uk,Residential homes,Harrow,London,Livability
Shaftesbury Kenway Court,"5 Kenway,Southend On Sea",SS2 5DX,1702440750,https://www.livability.org.uk,Nursing homes|Rehabilitation (illness/injury),Southend-on-Sea,East,Livability
Shaftesbury New Court Place,"99 Whitehouse Avenue,Borehamwood",WD6 1HB,2082386990,https://www.livability.org.uk,Nursing homes|Rehabilitation (illness/injury),Hertfordshire,East,Livability
Shaftesbury Netteswell Rectory,"Manston Road,Harlow",CM20 3PA,1279444000,https://www.livability.org.uk,Residential homes|Homecare agencies,Essex,East,Livability
Signature at Weybridge,"Ellesmere Road,Weybridge",KT13 0HY,1323887923,https://www.signature-care-homes.co.uk/communities/signature-at-weybridge,Residential homes,Surrey,South East,Signature Senior Lifestyle Operations Ltd
Signature at Banstead,"Croydon Lane,Banstead",SM7 3AG,1737851400,https://www.signature-care-homes.co.uk/communities/signature-at-banstead,Nursing homes,Surrey,South East,Signature Senior Lifestyle Operations Ltd
Lydfords Care Home,"23 High Street,East Hoathly,Lewes",BN8 6DR,1825597128,https://www.barchester.com,Residential homes,East Sussex,South East,Barchester Healthcare Homes Limited
Mountbatten Lodge,"Old Crabtree Lane,Hemel Hempstead",HP2 4EX,1442244188,https://www.quantumcare.co.uk,Residential homes,Hertfordshire,East,Quantum Care Limited
Courtland Lodge,"Courtlands Close,Watford",WD24 5GW,1923681231,https://www.quantumcare.co.uk,Residential homes,Hertfordshire,East,Quantum Care Limited
Beane River View,"1 Beane View,Port Vale,Hertford",SG14 3UD,1992503619,https://www.quantumcare.co.uk,Residential homes,Hertfordshire,East,Quantum Care Limited
Lavanda Villa,"41 Halsey Road,Kempston,Bedford",MK42 8AT,1234867536,https://www.mentauruk.com,Residential homes,Bedford,East,Mentaur Limited
Belmont View,"Hailey Cottage,Hailey Lane, Hailey,Hertford",SG13 7NY,1992450304,https://www.quantumcare.co.uk,Residential homes,Hertfordshire,East,Quantum Care Limited
Lotus House,"34 Lansdowne Road,Bedford",MK40 2BU,1604717249,https://www.mentauruk.com,Residential homes,Bedford,East,Mentaur Limited
Wilbury Gardens,"13 Wilbury Gardens,Hove",BN3 6HQ,1273205044,https://www.achievetogether.co.uk/homes/wilbury-gardens/,Residential homes,Brighton and Hove,South East,Achieve Together Limited
Gibralter Crescent,"36a Gibraltar Crescent,Epsom",KT19 9BT,2083930865,,Residential homes,Surrey,South East,Achieve Together Limited
Julians House,"6 Julians Road,Stevenage",SG1 3ES,1438751366,https://www.prioryadultcare.co.uk,Residential homes,Hertfordshire,East,Parkcare Homes (No.2) Limited
Henson Court,"98 Barnham Road,Barnham,Bognor Regis",PO22 0EW,1243974890,,Residential homes,West Sussex,South East,Pathway Healthcare Ltd
Willows Edge,"Hutton Close,Shaw,Newbury",RG14 1HJ,163545252,https://www.westberks.gov.uk/index.aspx?articleid=1094,Residential homes,West Berkshire,South East,West Berkshire Council
Notrees,"10 High Street,Kintbury,Hungerford",RG17 9TW,1488658332,https://www.westberks.gov.uk/index.aspx?articleid=1093,Residential homes,West Berkshire,South East,West Berkshire Council
Mellor House,"80 Station Road,Westcliff On Sea",SS0 7RQ,1702437350,https://www.mencap.org.uk,Residential homes,Southend-on-Sea,East,Royal Mencap Society
The Bernard Sunley Nursing and Dementia Care Home,"College Road,Maybury,Woking",GU22 8BT,1483764300,https://www.fote.org.uk,Nursing homes,Surrey,South East,Friends of the Elderly
Little Bramingham Farm Residential Care Home,"Leamington Road,Luton",LU3 3XF,1582582433,https://www.fote.org.uk,Residential homes,Luton,East,Friends of the Elderly
Royal Mencap Society - 145 Kingsley Road,"145 Kingsley Road,Portsmouth",PO4 8HN,,https://www.mencap.org.uk,Residential homes,Portsmouth,South East,Royal Mencap Society
Cromwell House,"Cecil Road,Norwich",NR1 2QJ,1603625961,https://mha.org.uk/care-support/care-homes/cromwell-house,Residential homes,Norfolk,East,Methodist Homes
Elmside,"Elmside Walk,Hitchin",SG5 1HB,1462451737,https://mha.org.uk/care-support/care-homes/elmside,Residential homes,Hertfordshire,East,Methodist Homes
Queens Court,"2 Downing Close,Bottisham,Cambridge",CB25 9DD,1223811905,https://mha.org.uk/care-support/care-homes/queens-court,Residential homes,Cambridgeshire,East,Methodist Homes
Westbury Grange,"Westbury Lane,Newport Pagnell",MK16 8JA,1908210322,https://mha.org.uk/care-support/care-homes/westbury-grange,Nursing homes,Milton Keynes,South East,Methodist Homes
Heathlands House,"Bullen Close,Cambridge",CB1 8YU,1223618838,https://www.careuk.com/care-homes/heathlands-house-cambridge,Nursing homes,Cambridgeshire,East,Care UK Community Partnerships Ltd
Trembaths,"Talbot Way,Letchworth Garden City",SG6 1UA,1462481694,https://mha.org.uk/care-support/care-homes/trembaths,Nursing homes,Hertfordshire,East,Methodist Homes
Greenways,"227 Hawthorn Road,Bognor Regis",PO21 2UW,1243823732,https://mha.org.uk/care-support/care-homes/greenways,Residential homes,West Sussex,South East,Methodist Homes
The Homestead,"24 Flax Crescent,Carterton",OX18 1NA,1993845754,https://mha.org.uk/care-support/care-homes/homestead,Residential homes,Oxfordshire,South East,Methodist Homes
Florence Court Care Home,"243 Segensworth Road,Fareham",PO15 5FF,1489555900,https://www.barchester.com,Residential homes,Hampshire,South East,Barchester Healthcare Homes Limited
The Cotswold,"Woodside Drive,Bradwell Village,Burford",OX18 4XA,1993824225,https://www.efhl.co.uk,Nursing homes,Oxfordshire,South East,Elizabeth Finn Homes Limited
Rush Court,"Shillingford Road,Wallingford",OX10 8LL,1491837223,https://www.efhl.co.uk,Nursing homes,Oxfordshire,South East,Elizabeth Finn Homes Limited
The Martins,"Vinefields,Bury St Edmunds",IP33 1YA,1284753467,https://mha.org.uk/care-support/care-homes/martins,Residential homes,Suffolk,East,Methodist Homes
The Meadow,"Meadow Drive,Muswell Hill,London",N10 1PL,2088832842,https://mha.org.uk/care-support/care-homes/meadow,Residential homes,Haringey,London,Methodist Homes
Norwood,"14 Park Road,Ipswich",IP1 3ST,1473257502,https://mha.org.uk/care-support/care-homes/norwood,Residential homes,Suffolk,East,Methodist Homes
Grove Court,"Beech Way,Woodbridge",IP12 4BW,1394446500,https://www.efhl.co.uk,Nursing homes,Suffolk,East,Elizabeth Finn Homes Limited
Shaftesbury Dolphin Court,"179-182 Eastern Esplanade,Thorpe Bay",SS1 3AA,1702584088,https://www.livability.org.uk/service/dolphin-court-southend-on-sea,Residential homes|Homecare agencies,Southend-on-Sea,East,Livability
Shaftesbury Brookside House,"Ash Close,Edgware,London",HA8 8YD,2089592792,https://www.livability.org.uk,Residential homes|Homecare agencies,Barnet,London,Livability
Woodlands Care Centre,"Hawkins Road,Cambridge",CB4 2RD,1223324444,https://www.ranccare.co.uk,Nursing homes,Cambridgeshire,East,RCH Care Homes Limited
Shaftesbury John Grooms Court,"215 Sprowston Road,Norwich",NR3 4HX,1603429400,https://www.livability.org.uk,Residential homes,Norfolk,East,Livability
Orchard House Care Home,"107 Money Bank,Wisbech",PE13 2JF,1945578654,https://www.ranccare.co.uk,Nursing homes,Cambridgeshire,East,RCH Care Homes Limited
Brentwood Care Centre,"Larchwood Gardens,Pilgrims Hatch,Brentwood",CM15 9NG,1277375316,https://www.ranccare.co.uk,Nursing homes,Essex,East,RCH Care Homes Limited
Queens Court Care Home,"52-74 Lower Queens Road,Buckhurst Hill",IG9 6DS,2085590620,https://www.ranccare.co.uk,Nursing homes,Essex,East,RCH Care Homes Limited
Shaftesbury Keefield,"Keefield Close,Keefield,Harlow",CM19 5SW,1279635933,https://www.livability.org.uk,Residential homes,Essex,East,Livability
Shaftesbury Treetops,"94 Victoria Gardens,Highwoods,Colchester",CO4 9YE,1206844121,https://www.livability.org.uk,Nursing homes|Rehabilitation (illness/injury),Essex,East,Livability
Signature at Ascot,"Burleigh Road,Ascot",SL5 7LD,1344937800,https://www.signature-care-homes.co.uk/communities/signature-at-ascot,Nursing homes,Windsor and Maidenhead,South East,Signature Senior Lifestyle Operations Ltd
Camberley Woods Care Home,"Fernhill Road,Blackwater,Camberley",GU17 9HS,127632773,,Nursing homes,Hampshire,South East,Redwood Tower UK Opco 1 Limited
Fosse House,"Ermine Close,St Albans",AL3 4LA,1727819700,https://www.quantumcare.co.uk,Residential homes,Hertfordshire,East,Quantum Care Limited
Mayfair Lodge,"The Walk,Potters Bar",EN6 1QN,1707871800,https://www.quantumcare.co.uk,Residential homes,Hertfordshire,East,Quantum Care Limited
Greenacres,"Wellfield Close,Hatfield",AL10 0BU,1707280500,https://www.quantumcare.co.uk,Residential homes,Hertfordshire,East,Quantum Care Limited
Pinewood Lodge,"Oxhey Drive,Watford",WD19 7HR,2084217900,https://www.quantumcare.co.uk,Residential homes,Hertfordshire,East,Quantum Care Limited
Providence Court,"Providence Way,Baldock",SG7 6TT,1462490870,https://www.quantumcare.co.uk,Residential homes,Hertfordshire,East,Quantum Care Limited
Willow Court,"Aldwickbury Crescent,Harpenden",AL5 5SD,1582466244,https://www.quantumcare.co.uk,Residential homes,Hertfordshire,East,Quantum Care Limited
Vesta Lodge,"Watling View,St Albans",AL1 2PB,1727799600,https://www.quantumcare.co.uk,Residential homes,Hertfordshire,East,Quantum Care Limited
Heatherley - Care Home with Nursing Physical Disabilities,"Effingham Lane,Copthorne",RH10 3HS,1342712232,https://www.leonardcheshire.org,Nursing homes,Surrey,South East,Leonard Cheshire Disability
Hydon Hill - Care Home with Nursing Physical Disabilities,"Clock Barn Lane,Godalming",GU8 4BA,1483860516,https://www.leonardcheshire.org,Nursing homes,Surrey,South East,Leonard Cheshire Disability
Seven Rivers - Care Home with Nursing Physical Disabilities,"Hall Road,Great Bromley,Colchester",CO7 7TR,1206230345,https://www.leonardcheshire.org,Nursing homes,Essex,East,Leonard Cheshire Disability
Lavender Fields - Care Home with Nursing,"No 1 Lavender Fields,Lucas Lane,Hitchin",SG5 2JB,1462454508,https://www.leonardcheshire.org,Nursing homes,Hertfordshire,East,Leonard Cheshire Disability
Dashwood Manor,"Bradley Way,Basingstoke",RG23 7GF,3300583251,https://www.careuk.com/care-homes/dashwood-manor-kempshott,Nursing homes,Hampshire,South East,Care UK Community Partnerships Ltd
Greene House,"Chesham Lane,Chalfont St. Peter,Gerrards Cross",SL9 0RJ,1494601426,https://www.epilepsysociety.org.uk/greene-house,Residential homes,Buckinghamshire,South East,Epilepsy Society
The Manor - Care Home Physical Disabilities,"Church Road,Brampton,Huntingdon",PE28 4PF,1480412412,https://www.leonardcheshire.org,Residential homes,Cambridgeshire,East,Leonard Cheshire Disability
St Bridget's - Care Home Physical Disabilities,"Ilex Close,Rustington",BN16 2RX,1903783988,https://www.leonardcheshire.org,Residential homes,West Sussex,South East,Leonard Cheshire Disability
Greenwood Cottage,"40 Tippendell Lane,St Albans",AL2 3HL,1727874169,https://www.nouvita.co.uk,Residential homes,Hertfordshire,East,Psycare Limited
Lavender Lodge,"390 Hatfield Road,St Albans",AL4 0DU,1727860805,https://www.nouvita.co.uk,Residential homes,Hertfordshire,East,Psycare Limited
Queen Elizabeth House,"Chesham Lane,Chalfont St. Peter,Gerrards Cross",SL9 0RJ,1494601441,https://www.epilepsysociety.org.uk,Nursing homes,Buckinghamshire,South East,Epilepsy Society
Russell House,"Chesham Lane,Chalfont St. Peter,Gerrards Cross",SL9 0RJ,1494601374,https://www.epilepsysociety.org.uk,Residential homes,Buckinghamshire,South East,Epilepsy Society
Appley Cliff - Care Home Physical Disabilities,"8 Popham Road,Shanklin",PO37 6RG,1983862193,https://www.leonardcheshire.org,Residential homes,Isle of Wight,South East,Leonard Cheshire Disability
Bells Piece - Care Home Learning Disabilities,"Hale Road,Farnham",GU9 9RL,1252715138,https://www.leonardcheshire.org,Residential homes,Surrey,South East,Leonard Cheshire Disability
Village Green Care Home,"Bedford Road,Marston Moretaine,Bedford",MK43 0ND,1234768001,https://www.villagegreencarehome.co.uk,Nursing homes,Central Bedfordshire,East,Pressbeau Limited
Mantles Court,"115 London Road,Biggleswade",SG18 8EF,1767304701,https://www.quantumcare.co.uk,Residential homes,Central Bedfordshire,East,Quantum Care Limited
Linnet House,"168 Kempshott Lane,Basingstoke",RG22 5LA,1256352720,https://liaise.co.uk,Residential homes,Hampshire,South East,Liaise (South) Limited
Belamacanda,"172-174 The Street,Little Clacton,Clacton On Sea",CO16 9LX,1255862238,https://www.blackswan.co.uk,Residential homes,Essex,East,Black Swan International Limited
Moorhouse Care Home,"Tilford Road,Hindhead",GU26 6RA,1428604381,https://www.ashberry.net,Residential homes,Surrey,South East,Ashberry Healthcare Limited
42a Haddon,"Great Holm,Milton Keynes",MK8 9HP,1908262860,https://www.macintyrecharity.org,Residential homes,Milton Keynes,South East,MacIntyre Care
Hubbard Close,"15 Hubbard Close,Flitwick",MK45 1XL,1525717037,https://www.macintyrecharity.org,Residential homes,Central Bedfordshire,East,MacIntyre Care
Saxon Close,"2 Saxon Close,Flitwick",MK45 1UT,1525720170,https://www.macintyrecharity.org,Residential homes,Central Bedfordshire,East,MacIntyre Care
Barnet Grange Care Home,"Wood Street,Barnet",EN5 4BS,7874874021,https://www.signature-care-homes.co.uk/communities/signature-at- Hendon,Nursing homes,Barnet,London,Redwood Tower UK Opco 1 Limited
Station Road,"1 Station Road,Wheathampstead,St Albans",AL4 8BU,1582833957,https://www.macintyrecharity.org,Residential homes,Hertfordshire,East,MacIntyre Care
The Grove -2,"2 The Grove,Westoning,Bedford",MK45 5LX,1525717098,https://www.macintyrecharity.org,Residential homes,Central Bedfordshire,East,MacIntyre Care
Manor Farm,"Pittsdean Road,Abbotsley,St Neots",PE19 6UW,1767679900,https://www.accomplish-group.co.uk,Residential homes,Cambridgeshire,East,Accomplish Group Support Limited
Sheridan House,"8 Bedford Road,Sandy",SG19 1EL,1767691015,https://www.accomplish-group.co.uk,Residential homes,Central Bedfordshire,East,Accomplish Group Support Limited
Royal Mencap Society - 32 Kings Lane,"Popewalk House,32 Kings Lane, St Neots,Huntingdon",PE19 1LB,1480214928,https://www.mencap.org.uk,Residential homes,Cambridgeshire,East,Royal Mencap Society
Cranwell Court,"The Lane,Wyboston,Bedford",MK44 3AS,1480478113,https://www.accomplish-group.co.uk,Residential homes,Bedford,East,Accomplish Group Support Limited
Kemble House,"272 Colney Hatch Lane,Friern Barnet,London",N11 3DD,2082113411,https://www.accomplish-group.co.uk,Residential homes,Barnet,London,Accomplish Group Support Limited
Linden Cottage,"Linden Chase,Uckfield",TN22 1EE,1825768395,https://www.efitzroy.org.uk,Residential homes,East Sussex,South East,FitzRoy Support
Wensum Way,"31 Wensum Way,Fakenham",NR21 8NZ,1328863440,https://www.efitzroy.org.uk,Residential homes|Homecare agencies|Supported living,Norfolk,East,FitzRoy Support
Timber Grove,"London Road,Rayleigh",SS6 9DT,1268780233,https://www.efitzroy.org.uk,Residential homes,Essex,East,FitzRoy Support
Whitegates & The Cottage,"Whitegates,Farnham Road,Liss",GU33 6JE,1730239330,https://www.efitzroy.org.uk,Residential homes,Hampshire,South East,FitzRoy Support
Beaumont Park Nursing and Residential Home,"Shortmead Street,Biggleswade",SG18 0AT,1767313131,https://www.healthcarehomes.co.uk,Nursing homes,Central Bedfordshire,East,Healthcare Homes Group Limited
Claremont Nursing Home,"Claremont House and Lodge,20a Yarmouth Road, Caister-on-Sea,Great Yarmouth",NR30 5AA,1493377041,https://www.healthcarehomes.co.uk,Nursing homes,Norfolk,East,Healthcare Homes Group Limited
Ernest Luff Homes,"2-4 Luff Way,Garden Way,Walton On The Naze",CO14 8SW,3003031495,https://www.pilgrimsfriend.org.uk,Residential homes,Essex,East,Pilgrims' Friend Society
Barking Hall Nursing Home,"Barking,Needham Market",IP6 8HJ,1449720793,https://www.healthcarehomes.co.uk,Nursing homes,Suffolk,East,Healthcare Homes Group Limited
Bilney Hall,"East Bilney,Dereham",NR20 4AL,1362860246,https://www.healthcarehomes.co.uk,Residential homes,Norfolk,East,Healthcare Homes Group Limited
The Manor House,"North Walsham Wood,North Walsham",NR28 0LU,1692402252,https://www.healthcarehomes.co.uk,Residential homes,Norfolk,East,Healthcare Homes Group Limited
Hillcroft House,"Finborough Road,Stowmarket",IP14 1PW,1449774633,https://www.healthcarehomes.co.uk,Residential homes,Suffolk,East,Healthcare Homes Group Limited
Fornham House Residential Home,"Fornham St Martin,Bury St Edmunds",IP31 1SR,1284768327,https://www.healthcarehomes.co.uk,Residential homes,Suffolk,East,Healthcare Homes Group Limited
HF Trust - 117 a & b Hitchin Road,"117 A & B Hitchin Road,Shefford",SG17 5JD,1462819199,https://www.hft.org.uk,Residential homes,Central Bedfordshire,East,HF Trust Limited
Meadow House Nursing Home,"Norwich Road,Swaffham",PE37 8DD,1760725146,https://www.healthcarehomes.co.uk,Nursing homes,Norfolk,East,Healthcare Homes Group Limited
Olive House,"Olive Avenue,Newton Flotman,Norwich",NR15 1PF,1508471718,https://www.healthcarehomes.co.uk,Residential homes,Norfolk,East,Healthcare Homes Group Limited
Home Close,"Cow Lane,Fulbourn",CB21 5HB,1223880233,https://www.healthcarehomes.co.uk,Nursing homes,Cambridgeshire,East,Healthcare Homes Group Limited
Home Meadow,"Comberton Road,Toft",CB23 2RY,1223263282,https://www.healthcarehomes.co.uk,Residential homes,Cambridgeshire,East,Healthcare Homes Group Limited
St Leonards Court,"6 St Leonards Street,Mundford",IP26 5HG,1842878225,https://www.healthcarehomes.co.uk,Residential homes,Norfolk,East,Healthcare Homes Group Limited
Shipdham Manor,"Chapel Street,Shipdham",IP25 7LB,1362820939,https://www.healthcarehomes.co.uk,Residential homes,Norfolk,East,Healthcare Homes Group Limited
The White House,"Ashmans Road,Beccles",NR34 9NS,1502717683,https://www.healthcarehomes.co.uk,Residential homes,Suffolk,East,Healthcare Homes Group Limited
"18 Wolverton Gardens, Horley (Active Prospects)","Heathercroft,18 Wolverton Gardens,Horley",RH6 7LX,1293774813,https://www.activeprospects.org.uk,Residential homes,Surrey,South East,Active Prospects
Beech House - Halesworth,"Beech Close,Halesworth",IP19 8BQ,1986872197,https://www.thepartnershipincare.co.uk,Residential homes,Suffolk,East,The Partnership In Care Limited
Bridge House Care Home,"Farnham Road,Elstead",GU8 6DB,1252703035,,Residential homes,Surrey,South East,Maria Mallaband Limited
Furze Hill Lodge,"Furze Hill,Kingswood",KT20 6EP,1737362316,,Residential homes,Surrey,South East,Maria Mallaband Limited
Risby Park Nursing Home,"Hall Lane,Risby,Bury St Edmunds",IP28 6RS,1284811921,https://www.thepartnershipincare.co.uk,Nursing homes|Rehabilitation (illness/injury),Suffolk,East,The Partnership In Care Limited
Turning Point - Sybden,"Pipers Hill,Great Gaddesden",HP1 3BY,1442269986,https://www.turning-point.co.uk,Residential homes,Hertfordshire,East,Turning Point
Turning Point - Parkview,"113-115 Sussex Road,Watford",WD24 5HR,1923230586,https://www.turning-point.co.uk,Residential homes,Hertfordshire,East,Turning Point
The Mead,"Castleford Close,Allerton Road,Borehamwood",WD6 4AL,2089538573,https://www.quantumcare.co.uk,Residential homes,Hertfordshire,East,Quantum Care Limited
Esher Manor Care Home,"42 Copsem Lane,Esher",KT10 9HJ,1327410000,,Residential homes,Surrey,South East,Willow Tower Opco 1 Limited
Abberton Manor Nursing Home,"Layer Road,Colchester",CO5 7NL,1206735590,https://www.heritagemanor.co.uk,Nursing homes,Essex,East,Heritage Manor Limited
Agnes Court - Care Home with Nursing Physical Disabilities,"Warwick Road,Banbury",OX16 2AB,1295673760,https://www.leonardcheshire.org,Nursing homes,Oxfordshire,South East,Leonard Cheshire Disability
Eltisley Manor,"Cambridge Road,Eynesbury, Hardwick,St Neots",PE19 6SR,1480881006,https://www.nouvita.co.uk,Nursing homes,Cambridgeshire,East,Psycare Limited
Fethneys Living Options - Care Home Physical Disabilities,"9 Farncombe Road,Worthing",BN11 2BE,1903210869,https://www.leonardcheshire.org,Residential homes,West Sussex,South East,Leonard Cheshire Disability
Fryers House - Care Home with Nursing Physical Disabilities,"Fryers Close,Romsey",SO51 5AD,1794526200,https://www.leonardcheshire.org,Nursing homes,Hampshire,South East,Leonard Cheshire Disability
Croft Cottage,"17 Rickmansworth Lane,Gerrards Cross",SL9 0JY,1494601323,https://www.epilepsysociety.org.uk,Residential homes,Buckinghamshire,South East,Epilepsy Society
Winnett Cottage,"111 Hertford Road,Stevenage",SG2 8SH,1438813915,https://www.nouvita.co.uk,Residential homes,Hertfordshire,East,Psycare Limited
Morton House,"Chesham Lane,Chalfont St. Peter,Gerrards Cross",SL9 0RJ,1494601374,https://www.epilepsysociety.org.uk,Residential homes,Buckinghamshire,South East,Epilepsy Society
Symonds House - Care Home with Nursing Physical Disabilities,"2 Lavender Fields,Lucas Lane,Hitchin",SG5 2JB,1462452460,https://www.leonardcheshire.org,Nursing homes,Hertfordshire,East,Leonard Cheshire Disability
Chichester Grange,"Grosvenor Road,Chichester",PO19 8FP,1243882405,https://www.careuk.com/care-homes/chichester-grange,Nursing homes,West Sussex,South East,Care UK Community Partnerships Ltd
Field Lodge,"London Road,St Ives",PE27 5EX,1480499840,,Nursing homes,Cambridgeshire,East,Care UK Community Partnerships Ltd
Maitland House,"33 Church Road,Clacton On Sea",CO15 6AX,1255421415,https://www.blackswan.co.uk,Residential homes,Essex,East,Black Swan International Limited
Chiswick House,"3 Christchurch Road,Norwich",NR2 2AD,1603507111,https://www.blackswan.co.uk,Residential homes,Norfolk,East,Black Swan International Limited
Ceely Road,"34 Ceely Road,Aylesbury",HP21 8JA,1296485756,https://www.macintyrecharity.org,Residential homes,Buckinghamshire,South East,MacIntyre Care
Heathcote,"19-23 Unthank Road,Norwich",NR2 2PA,1603625639,https://www.blackswan.co.uk,Residential homes,Norfolk,East,Black Swan International Limited
Nightingale Lodge,"8 Austin Street,Hunstanton",PE36 6AL,1485533590,https://www.blackswan.co.uk/nightingale_lodge.htm,Residential homes,Norfolk,East,Black Swan International Limited
Marley Grove,"6 Marley Grove,Crownhill,Milton Keynes",MK8 0AT,1908260005,https://www.macintyrecharity.org,Residential homes,Milton Keynes,South East,MacIntyre Care
Mid Meadows,"72-74 Elm Tree Avenue,Frinton On Sea",CO13 0AS,1255675085,https://www.blackswan.co.uk/mid-meadows.htm,Residential homes,Essex,East,Black Swan International Limited
Park House,"6 Alexandra Road,Great Yarmouth",NR30 2HW,1493857365,https://www.blackswan.co.uk,Residential homes,Norfolk,East,Black Swan International Limited
Monro Avenue,"54 Monro Avenue,Crownhill,Milton Keynes",MK8 0BL,1908269116,https://www.macintyrecharity.org,Residential homes,Milton Keynes,South East,MacIntyre Care
Spring Lodge,"23 Vicarage Gardens,Clacton On Sea",CO15 1BU,1255420045,https://www.blackswan.co.uk,Residential homes,Essex,East,Black Swan International Limited
Daubeney Gate,"1a Daubeney Gate,Shenley Church End,Milton Keynes",MK5 6EH,1908505245,https://www.macintyrecharity.org,Residential homes,Milton Keynes,South East,MacIntyre Care
Westfield House,"12 Westfield Road,Toftwood,Dereham",NR19 1JB,1362697828,https://www.blackswan.co.uk,Residential homes,Norfolk,East,Black Swan International Limited
Crosby Close,"1-2 Crosby Close,Off Hill End Lane,St Albans",AL4 0AT,1727833142,https://www.macintyrecharity.org,Nursing homes,Hertfordshire,East,MacIntyre Care
York House,"47 Norwich Road,Dereham",NR20 3AS,1362697134,https://www.blackswan.co.uk,Residential homes,Norfolk,East,Black Swan International Limited
The Grove -6,"6 The Grove,Westoning,Bedford",MK45 5LX,1525718063,https://www.macintyrecharity.org,Residential homes,Central Bedfordshire,East,MacIntyre Care
The Grove -4,"4 The Grove,Westoning,Bedford",MK45 5LX,1525718025,https://www.macintyrecharity.org,Residential homes,Central Bedfordshire,East,MacIntyre Care
Eynesbury House,"Howitts Lane,Eynesbury,St Neots",PE19 2JA,1480218899,https://www.accomplish-group.co.uk,Residential homes,Cambridgeshire,East,Accomplish Group Support Limited
Elm House,"Howitts Lane,Eynesbury,St Neots",PE19 2JA,1480471166,https://www.accomplish-group.co.uk,Residential homes,Cambridgeshire,East,Accomplish Group Support Limited
Oakley House,"10 Bushmead Road,Eaton Socon",PE19 8BP,1480407010,https://www.accomplish-group.co.uk,Residential homes,Cambridgeshire,East,Accomplish Group Support Limited
Fairford Court,"272a Colney Hatch Lane,Friern Barnet,London",N11 3DD,2083681579,https://www.accomplish-group.co.uk,Residential homes,Barnet,London,Accomplish Group Support Limited
Ganwick House,"Waggon Road,Barnet",EN4 0PH,2084471155,https://www.accomplish-group.co.uk,Residential homes,Hertfordshire,East,Accomplish Group Support Limited
Aldringham Court,"Aldeburgh Road,Aldringham,Leiston",IP16 4QF,1728832191,https://www.healthcarehomes.co.uk,Nursing homes,Suffolk,East,Healthcare Homes Group Limited
The Gables,"6 Marine Parade,Gorleston,Great Yarmouth",NR31 6DU,1493667839,https://www.healthcarehomes.co.uk,Residential homes,Norfolk,East,Healthcare Homes Group Limited
HF Trust - 38 South Road,"38 South Road,Bishops Stortford",CM23 3JJ,1279461131,https://www.hft.org.uk,Residential homes,Hertfordshire,East,HF Trust Limited
Overbury House Nursing and Residential Home,"Overbury House,9 Staitheway Road, Wroxham,Norwich",NR12 8TH,1603782985,https://www.healthcarehomes.co.uk,Nursing homes,Norfolk,East,Healthcare Homes Group Limited
Oaklands House Residential Home,"Oaklands House,Lowestoft Road, Reydon,Southwold",IP18 6RY,1502724955,https://www.healthcarehomes.co.uk/homes/oaklands-house/,Residential homes,Suffolk,East,Healthcare Homes Group Limited
HF Trust - Hollycroft,"90 Church Street,Langford",SG18 9QA,1462701273,https://www.hft.org.uk,Residential homes,Central Bedfordshire,East,HF Trust Limited
Mill Lane Nursing and Residential Home,"79 Garrison Road,Felixstowe",IP11 7RW,1394279509,https://www.healthcarehomes.co.uk,Nursing homes,Suffolk,East,Healthcare Homes Group Limited
Uvedale Hall Residential Home,"Coddenham Road,Needham Market,Ipswich",IP6 8AX,1449722250,https://www.healthcarehomes.co.uk,Residential homes,Suffolk,East,Healthcare Homes Group Limited
The Hillings,"Grenville Way,Eaton Socon,St Neots",PE19 8HZ,1480214020,https://www.healthcarehomes.co.uk,Residential homes,Cambridgeshire,East,Healthcare Homes Group Limited
Southernwood,"148 Plantation Road,Amersham",HP6 6JG,1494721607,https://www.mencap.org.uk,Residential homes,Buckinghamshire,South East,Royal Mencap Society
33 Blanford Road,"33 Blanford Road,Reigate",RH2 7DP,1737243818,https://www.activeprospects.org.uk,Residential homes,Surrey,South East,Active Prospects
Young Prospects,"29 Shrewsbury Road,Redhill",RH1 6BH,1737778572,https://www.activeprospects.org.uk,Residential homes,Surrey,South East,Active Prospects
Risby Hall Nursing Home,"Hall Lane,Risby,Bury St Edmunds",IP28 6RS,1284810921,https://www.thepartnershipincare.co.uk,Nursing homes,Suffolk,East,The Partnership In Care Limited
Sherrington House,"71 Sherrington Road,Ipswich",IP1 4HT,1473464106,https://www.thepartnershipincare.co.uk,Residential homes,Suffolk,East,The Partnership In Care Limited
Prince of Wales House,"18, Prince of Wales Drive,Ipswich",IP2 8PY,1473687129,https://www.thepartnershipincare.co.uk,Residential homes,Suffolk,East,The Partnership In Care Limited
Walsingham Support - 39 Adeyfield Road,"Walsingham,Hemel Hempstead",HP2 5DP,1442251840,https://www.walsingham.com,Residential homes,Hertfordshire,East,Walsingham Support
Cleves Place,"Cleves Place, Millfields Way,Haverhill",CB9 0JB,1440715840,,Nursing homes,Suffolk,East,Care UK Community Partnerships Ltd
Walsingham Support – Church Road,"7 Church Road,Hertford",SG14 3DP,1442251840,,Residential homes,Hertfordshire,East,Walsingham Support
Beauleigh Court,"6-9 Marine Parade,Leigh-on-Sea",SS9 2NA,,,Residential homes,Southend-on-Sea,East,Sanders Senior Living Limited
Wings,"17 The Grove,Beck Row,Mildenhall",IP28 8DP,1638583934,,Residential homes,Suffolk,East,Accomplish Group Limited
Buckingham Lodge,"Culpepper Close,Aylesbury",HP19 9DU,3001237243,https://www.anchor.org.uk,Residential homes,Buckinghamshire,South East,Anchor Hanover Group
Dukeminster Court,"Dukeminster Estate,Church Street,Dunstable",LU5 4FF,1582474700,,Residential homes,Central Bedfordshire,East,Quantum Care Limited
Stoneham Grove Care Home,"Long Lane,Tilehurst,Reading",RG31 5UG,1182054950,https://www.barchester.com,Residential homes,West Berkshire,South East,Barchester Healthcare Homes Limited
The Old Vicarage,"The Vicarage,Parsonage Lane,Hungerford",RG17 0JB,1488683634,,Residential homes,West Berkshire,South East,Cygnet Care Services Limited
Kingfisher House Care Home,"St. Fabians Close,Newmarket",CB8 0EJ,1895257010,,Nursing homes,Suffolk,East,GCH (Alder) Ltd
Wellesley Road Care Home,"1 Wellesley Road,London",NW5 4PN,2072844460,https://www.shaw.co.uk,Nursing homes,Camden,London,Shaw Healthcare (Group) Limited
Myland House,"81 Mile End Road,Colchester",CO4 5BU,1206853604,,Residential homes,Essex,East,The Disabilities Trust
Mill Court Care Home,"Christmas Hill,Shalford,Guildford",GU4 8HN,1483982000,https://www.barchester.com,Residential homes,Surrey,South East,Barchester Healthcare Homes Limited
Eversley Lodge Nursing Home,"Eversley Nursing Home 95-96,North Denes Road,Great Yarmouth",NR30 4LW,1493886148,https://www.kingsleyhealthcare.co.uk/care-homes/eversley-nursing-home/,Nursing homes,Norfolk,East,Country Retirement & Nursing Homes Ltd
Ayton House,"2 Shepherds View, Dappers Lane,Angmering,Littlehampton",BN16 4SP,,,Residential homes,West Sussex,South East,Care UK Community Partnerships Ltd
Cedar Court Care Home,"60 Moorland Road,Witney",OX28 6LG,1993703536,https://www.healthcarehomes.co.uk,Nursing homes,Oxfordshire,South East,Healthcare Homes (LSC) Limited
Feltwell Lodge,"Lodge Road,Feltwell,Thetford",IP26 4DR,7786255811,,Residential homes,Norfolk,East,Suffolk Serenity Living Limited
Ashridge Court Care Centre,"163 Barnhorn Road,Bexhill-on-sea",TN39 4QL,1424842357,,Nursing homes,East Sussex,South East,Ventas UK Opco Limited
Braintree Mews Care Home,"Church Lane,Braintree",CM7 5SE,1604675566,,Residential homes,Essex,East,Willowbrook Healthcare Limited
Micholl's House,"Chesham Lane,Chalfont St Peter,Gerrards Cross",SL9 0RJ,1494601374,https://www.epilepsysociety.org.uk,Residential homes,Buckinghamshire,South East,Epilepsy Society
Willow Court,"23a Highbridge Street,Waltham Abbey",EN9 1BZ,1992763815,https://www.sequencecaregroup.co.uk,Residential homes,Essex,East,Liaise (London) Limited
Burlingham House,"Dell Corner Lane,North Burlingham,Norwich",NR13 4EQ,1603270600,,Residential homes,Norfolk,East,Suffolk Serenity Living Limited
Fairways,"Fullers Field,Swan Lane, Westerfield,Ipswich",IP6 9AX,1473214966,https://www.cygnethealth.co.uk,Residential homes,Suffolk,East,Cygnet Learning Disabilities Midlands Limited
Park House,"32 Ferme Park Road,Crouch End,London",N4 4ED,2083407216,https://www.sequencecaregroup.co.uk,Residential homes,Haringey,London,Liaise (London) Limited
West Hope Mews,"6 Denne Parade,Horsham",RH12 1JD,1403750736,,Residential homes,West Sussex,South East,Peak 15 Ltd
Larwood,"Larwood,Fulbrook Lane,South Ockendon",RM15 5JY,7939155092,,Residential homes,Thurrock,East,Certitude Trading Limited
24a Corporation Road,"24A Corporation Road,Chelmsford",CM1 2AR,7595864103,,Residential homes,Essex,East,Certitude Trading Limited
1 Parkstone Avenue,"1 Parkstone Avenue,Benfleet",SS7 1SP,7562168618,,Residential homes,Essex,East,Certitude Trading Limited
Pinewood and Hollywood,"Smiths Field,Colchester",CO1 2HP,1206791455,,Residential homes,Essex,East,Certitude Trading Limited
St Michaels Court,"St Michaels Avenue,Aylsham,Norwich",NR11 6YA,1263734327,https://www.runwoodhomes.co.uk,Nursing homes,Norfolk,East,Runwood Homes Limited
138-138a Mason Way,"138-138a Mason Way,Waltham Abbey",EN9 3EJ,7561293872,,Residential homes,Essex,East,Certitude Trading Limited
Bedford Road,"7 Bedford Road,London",N15 4HA,2088800864,,Residential homes,Haringey,London,Certitude Trading Limited
Grace Court,"Northwick Road,Canvey Island",SS8 0QD,1268536660,https://www.sandersseniorliving.co.uk/care-homes/canvey-island,Residential homes,Essex,East,Sanders Senior Living Limited
Granville Road,"75/77 Granville Road,London",N22 5LP,7864956700,,Residential homes,Haringey,London,Certitude Trading Limited
Willow Gardens Care Home,"Hampshire Lakes,Oak Leigh Square, Hammond Way,Yateley",GU46 7AG,1252864700,https://www.anchor.org.uk,Residential homes,Hampshire,South East,Anchor Hanover Group
Lotus Manor,"Send Marsh Road,Send,Woking",GU23 7DJ,1483359340,https://www.barchester.com,Residential homes,Surrey,South East,Barchester Healthcare Homes Limited
Otto Schiff,"Maurice and Vivienne Wohl Campus,Limes Avenue,London",NW11 9TJ,2089222300,,Residential homes,Barnet,London,Jewish Care
Cossins House Care Home,"1 Downside Road,Downside,Cobham",KT11 3LZ,1932862038,,Residential homes,Surrey,South East,Barchester Healthcare Homes Limited
Hampton Grove Care Home,"Chaffinch Lane,Hampton Vale,Peterborough",PE7 8NF,1733246840,,Residential homes,Peterborough,East,Barchester Healthcare Homes Limited
Friends Place,"The Chase,Calcot,Reading",RG31 7DW,,,Residential homes,West Berkshire,South East,Friends of the Elderly
Flowerdown Care Home,"Harestock Road,Winchester",SO22 6NT,1962881060,,Nursing homes,Hampshire,South East,Barchester Healthcare Homes Limited
The Chase Care Centre,"4  Printers Avenue,Off Whippendell Road,Watford",WD18 7QR,1923232307,,Nursing homes,Hertfordshire,East,Healthcare Homes (LSC) Limited
Sovereign Lodge Care Centre,"2 Carew Road,Eastbourne",BN21 2DW,1323412285,,Nursing homes,East Sussex,South East,Healthcare Homes (LSC) Limited
Bury Lodge Care Home,"Penn Road,Knotty Green,Beaconsfield",HP9 2TN,1494730472,https://www.bmcare.co.uk,Residential homes,Buckinghamshire,South East,Colleycare Limited
Barford Court,"157 Kingsway,Hove",BN3 4GR,1273777736,https://www.rmbi.org.uk,Residential homes,Brighton and Hove,South East,The Royal Masonic Benevolent Institution Care Company
Shaftesbury Ashley Place,"Kings Parade,Bognor Regis",PO21 2QP,1243823058,https://www.livability.org.uk,Residential homes|Homecare agencies,West Sussex,South East,Livability
Redwood Reablement Unit,"1-9 All Saints View,Sapphire Place, Houghton Regis,Dunstable",LU5 5LP,3003008603,,Residential homes,Central Bedfordshire,East,Central Bedfordshire Council
Delph House,"Wisbech Road,Welney,Wisbech",PE14 9RQ,1354350230,,Residential homes,Norfolk,East,365 Care Homes Limited
Hollies,"Reading Road,Burghfield Common,Reading",RG7 3BH,1189770233,,Nursing homes,West Berkshire,South East,Optalis Limited
Cavell Court,"140 Dragonfly Lane,Cringleford,Norwich",NR4 7SW,3333211980,https://www.careuk.com,Residential homes,Norfolk,East,Care UK Community Partnerships Ltd
Park House Nursing Home,"27 Park Crescent,Peterborough",PE1 4DX,1733555700,,Nursing homes,Peterborough,East,Healthcare Homes Group Limited
Kingsley Court Care Home,"855 Uxbridge Road,Hayes",UB4 8HZ,2085616681,https://www.healthcarehomes.co.uk,Nursing homes,Hillingdon,London,Healthcare Homes (LSC) Limited
Parkfield House Nursing Home,"Charville Lane West,Uxbridge",UB10 0BY,1895811199,,Nursing homes,Hillingdon,London,Ventas UK Opco Limited
Garden City Court,"Whiteway,Letchworth Garden City",SG6 2PP,1462473100,,Residential homes,Hertfordshire,East,Quantum Care Limited
Windmill House,"Browick Road,Wymondham",NR18 0QW,1953607651,https://www.runwoodhomes.co.uk,Residential homes,Norfolk,East,Runwood Homes Limited
Gables,"262 Ipswich Road,Colchester",CO4 0ER,1206841515,https://www.cygnethealth.co.uk,Residential homes,Essex,East,Cygnet Learning Disabilities Midlands Limited
Orchard Gardens,"Bishopstoke Park,Garnier Drive,Eastleigh",SO50 6HE,2380645201,https://www.anchor.org.uk,Residential homes,Hampshire,South East,Anchor Hanover Group
Marika House,"Stoneymarsh,Michelmersh,Romsey",SO51 0LB,8450949295,https://www.liaise.com/location/marika-house/,Residential homes,Hampshire,South East,Liaise (South) Limited
Heather View,"Beacon Road,Crowborough",TN6 1AS,1892653634,https://www.heatherviewcrowborough.co.uk,Nursing homes,East Sussex,South East,Care UK Community Partnerships Ltd
Hazlemere Lodge,"Barn Lane,Hazlemere,High Wycombe",HP15 7BQ,1494767800,,Nursing homes,Buckinghamshire,South East,Agincare (Southwark) Limited
Swan House,"High Street,,Winslow,Buckingham",MK18 3DR,1296711400,,Residential homes,Buckinghamshire,South East,Agincare (Southwark) Limited
Dimensions Weston Court,"Weston Court,Kingsclere Avenue,Southampton",SO19 9LB,7598810893,,Residential homes,Southampton,South East,Dimensions (UK) Limited
The Croft,"The Penningtons,Chestnut Lane,Amersham",HP6 6EJ,1494732500,,Residential homes,Buckinghamshire,South East,Agincare (Southwark) Limited
The Chestnuts,"Lavric Road,Aylesbury",HP21 8JN,1296414980,,Residential homes,Buckinghamshire,South East,Agincare (Southwark) Limited
Abbeygate Manor,"Abbeygate Manor,40 Hollow Raod,Bury St. Edmunds",IP32 7AY,1284634284,,Nursing homes,Suffolk,East,Simply Care Group UK Ltd
Lakeside Residential Home,"25 Whiteknights Road,Reading",RG6 7BY,1189268369,https://www.bmcare.co.uk,Residential homes,Reading,South East,Colleycare Limited
Farley Gardens,"Turnpike Road,Bracknell",RG42 1FW,1344208210,https://www.barchester.com,Residential homes,Bracknell Forest,South East,Barchester Healthcare Homes Limited
Glastonbury Court,"Glastonbury Road,Bury St Edmunds",IP33 2EX,3333211989,https://www.careuk.com,Nursing homes,Suffolk,East,Care UK Community Partnerships Ltd
Woodland Manor Care Home,"Micholls Avenue,Chalfont St Peter,Gerrards Cross",SL9 0EB,1494917600,https://www.porthaven.co.uk,Nursing homes,Buckinghamshire,South East,Porthaven Care Homes No 2 Limited
Ealing House Residential Care Home,"86 Repps Road,Martham,Great Yarmouth",NR29 4QZ,1493740227,,Residential homes,Norfolk,East,365 Care Homes Limited
Southlands Place,"33 Hastings Road,Bexhill On Sea",TN40 2HJ,1424819379,https://www.ariacare.co.uk/find-a-home/southlands-place-in-bexhill/,Nursing homes,East Sussex,South East,Aria Healthcare Group LTD
Bainbridge Court,"Washington Road,Storrington",RH20 4DE,1903742858,https://www.pathwayhealthcare.org.uk,Residential homes,West Sussex,South East,Pathway Healthcare Ltd
Pemdale,"26a Nursery Close,Potton",SG19 2QE,1767262515,https://www.turning-point.co.uk,Residential homes,Central Bedfordshire,East,Turning Point
The Fernes,"6 Samuel Mortimer Close,Fareham",PO15 5NZ,1329443600,,Residential homes,Hampshire,South East,Barchester Healthcare Homes Limited
Franklin Avenue,"18 Franklin Avenue,Barton-le-Clay,Bedford",MK45 4HF,1582883465,https://www.turning-point.co.uk,Residential homes,Central Bedfordshire,East,Turning Point
Thames View,"58 High Street,Thames Ditton",KT7 0TT,1206224100,https://www.ariacare.co.uk/find-a-home/home-of-compassion/,Nursing homes,Surrey,South East,Aria Healthcare Group LTD
Furze Hill House,"73 Happisburgh Road,North Walsham",NR28 9HD,1692502702,,Residential homes,Norfolk,East,Pilgrims' Friend Society
Villa Adastra,"79 Keymer Road,Hassocks",BN6 8QH,2073674500,,Residential homes,West Sussex,South East,Pilgrims' Friend Society
Bere Grove Care Home,"Gales Rise,Horndean,Waterlooville",PO8 0WU,2392005910,,Residential homes,Hampshire,South East,Scarborough Hall Limited
Melbourn Springs Care Home,"Hyacinth Drive,Melbourn,Royston",SG8 6FY,1763261974,,Residential homes,Cambridgeshire,East,Scarborough Hall Limited
Richmond Village Letcombe Regis,"South Street,Letcombe Regis,Wantage",OX12 9JY,1235773970,https://www.richmond-villages.com,Nursing homes,Oxfordshire,South East,Richmond Villages Operations Limited
Hungerford Care Home,"Wantage Road,Newtown,Hungerford",RG17 0PN,1895257010,,Nursing homes,West Berkshire,South East,GCH (Alder) Ltd
Athlone House Nursing Home,"Athlone House,7a Woodfield Road,London",W9 2BA,2038265500,https://www.sanctuary-care.co.uk/care-homes-london/athlone-house-nursing-home,Nursing homes,Westminster,London,Sanctuary Care Limited
Garside House Nursing Home,"131-151 Regency Street,London",SW1P 4AH,2038265520,https://www.sanctuary-care.co.uk/care-homes-london/garside-house-nursing-home,Nursing homes,Westminster,London,Sanctuary Care Limited
Princess Louise Kensington Nursing Home,"Pangbourne Avenue,London",W10 6DH,2038265515,https://www.sanctuary-care.co.uk/care-homes-london/princess-louise-kensington-nursing-home,Nursing homes,Kensington and Chelsea,London,Sanctuary Care Limited
Clayburn Court,"Clayburn Road,Peterborough",PE7 8LB,3001237235,,Residential homes,Peterborough,East,Anchor Hanover Group
Port Manor,"Homefield Road,Seaford",BN25 3DG,1323692555,https://www.barchester.com,Residential homes,East Sussex,South East,Barchester Healthcare Homes Limited
HF Trust - Corunna Close,"1 Corunna Close,Eaton Ford,St Neots",PE19 7NE,1480471937,https://www.hft.org.uk,Residential homes,Cambridgeshire,East,HF Trust Limited
Elysium Care Partnerships Limited - 13 Alexandra Gardens,"13 Alexandra Gardens,Hounslow",TW3 4HT,2081547445,https://www.elysiumhealthcare.co.uk,Residential homes,Hounslow,London,Elysium Care Partnerships Limited
Marnel Lodge Care Home,"Carter Drive,Basingstoke",RG24 9US,1256471250,https://www.barchester.com,Nursing homes,Hampshire,South East,Barchester Healthcare Homes Limited
Whitehaven Residential Care Home,"5 St. Josephs Road,Sheringham",NR26 8JA,12638322706,,Residential homes,Norfolk,East,ARMSCARE Limited
Hartismere Place,"Castleton Way,Eye",IP23 7BH,1379888216,https://www.careuk.com,Nursing homes,Suffolk,East,Care UK Community Partnerships Ltd
Kent House,"1 Haslerig Close,Aylesbury",HP21 9PH,1296330101,,Residential homes,Buckinghamshire,South East,The Disabilities Trust
Brain Injury Rehabilitation Trust - Cook Close (Dover Court),"14 Cook Close,Harwich",CO12 3UE,1255240095,,Residential homes,Essex,East,The Disabilities Trust
Charlton Lodge,"3 Buttercup Road,Wantage",OX12 7GD,,,Residential homes,Oxfordshire,South East,Care UK Community Partnerships Ltd
Kun Mor and George Kiss Home,"Asher Loftus Way,London",N11 3ND,2030961290,,Residential homes,Barnet,London,Jewish Care
Woodland View,"216 Turner Road,Colchester",CO4 5JR,1206855390,https://www.barchester.com/home/woodland-view-care-home,Nursing homes,Essex,East,Barchester Healthcare Homes Limited
Lark View,"Pinford End House,Church Road,Bury St. Edmunds",IP29 5NU,7530915089,,Residential homes,Suffolk,East,Suffolk Serenity Living Limited
Inglewood Nursing Home,"7-9 Nevill Avenue,Hampden Park,Eastbourne",BN22 9PR,1323501086,,Nursing homes,East Sussex,South East,Ventas UK Opco Limited
Hampton Care Home,"Upper Sunbury Road,Hampton",TW12 2DW,2084817070,,Nursing homes,Richmond upon Thames,London,Ventas UK Opco Limited
Cedars Care Home,"14 Sweyne Avenue,Southend-on-sea",SS2 6FQ,1702236090,,Nursing homes,Southend-on-Sea,East,Ventas UK Opco Limited
Totteridge House,"310 Totteridge Road,High Wycombe",HP13 7LW,1494744360,,Residential homes,Buckinghamshire,South East,Liaise (London) Limited
Mayflower Court,"62-70 Westwood Road,Southampton",SO17 1DP,3001237238,https://www.anchor.org.uk,Residential homes,Southampton,South East,Anchor Hanover Group
Options The Old Vicarage,"75 The Greenway,Uxbridge",UB8 2PL,1895454710,,Residential homes,Hillingdon,London,OA2 Adults Limited
Taverham Grove,"Beech Avenue,Taverham,Norwich",NR8 6HP,,,Residential homes,Norfolk,East,Black Swan International Limited
Bayleaf,"Sallowbush Road,Huntingdon",PE29 7AF,1480598100,https://www.barchester.com,Residential homes,Cambridgeshire,East,Barchester Healthcare Homes Limited
Rothsay Grange,"Weyhill Road,Weyhill,Andover",SP11 0PN,1264772898,,Nursing homes,Hampshire,South East,Scarborough Hall Limited
Alice Grange,"St Isidores Way,Ropes Drive, Kesgrave,Ipswich",IP5 2GA,1473333551,,Nursing homes,Suffolk,East,Scarborough Hall Limited
Denmead Grange Care Home,"Parklands Business Park,Forest Road, Denmead,Waterlooville",PO7 6XP,2392263470,,Residential homes,Hampshire,South East,Scarborough Hall Limited
Mill Court Care Home,"Christmas Hill,Shalford,Guildford",GU4 8HN,1483982000,,Residential homes,Surrey,South East,Scarborough Hall Limited
Farley Gardens,"Turnpike Road,Bracknell",RG42 1FW,1344208210,,Residential homes,Bracknell Forest,South East,Scarborough Hall Limited
Burwood Grange Care Home,"Burwood Grange,Seven Hills Road,Walton-on-thames",KT12 4DD,1932968220,,Residential homes,Surrey,South East,Scarborough Hall Limited
Cherry Blossom Manor,"German Road,Bramley,Tadley",RG26 5GF,1256886436,,Nursing homes,Hampshire,South East,Scarborough Hall Limited
Silverbirch House Care Home,"19 Tovey Green,Guildford",GU3 3FF,1483966570,,Residential homes,Surrey,South East,Scarborough Hall Limited
Bayleaf,"Sallowbush Road,Huntingdon",PE29 7AF,1480598100,,Residential homes,Cambridgeshire,East,Scarborough Hall Limited
Stoneham Grove Care Home,"Long Lane,Tilehurst,Reading",RG31 5UG,1182054950,,Residential homes,West Berkshire,South East,Scarborough Hall Limited
The Fernes,"6 Samuel Mortimer Close,Fareham",PO15 5NZ,1329443600,,Residential homes,Hampshire,South East,Scarborough Hall Limited
Snowdrop Place Care Home,"Snowdrop Place,Pavilion Road, Hedge End,Southampton",SO30 2ZS,1489772550,,Residential homes,Hampshire,South East,Scarborough Hall Limited
Sycamore Grove Care Home,"Lilac Lane,Stone Cross,Pevensey",BN24 5NU,1424320620,,Residential homes,East Sussex,South East,Scarborough Hall Limited
Orwell Care Home,"Vicarage Lane,Wherstead,Ipswich",IP9 2AE,,,Residential homes,Suffolk,East,Suffolk Serenity Living Limited
Wadhurst Manor,"Station Road,Wadhurst",TN5 6RY,1892786700,,Nursing homes,East Sussex,South East,Scarborough Hall Limited
Glebefields Care Home,"Stratford Road,Drayton,Banbury",OX15 6EH,1295738133,,Nursing homes,Oxfordshire,South East,Barchester Healthcare Homes Limited
Hempton Field Care Home,"36 Lower Icknield Way,Chinnor",OX39 4EB,1844351766,,Nursing homes,Oxfordshire,South East,Barchester Healthcare Homes Limited
Waterside Court Care Home,"26 Winterbrook,Wallingford",OX10 9EG,1491821080,,Residential homes,Oxfordshire,South East,Scarborough Hall Limited
Alice Court Care Home,"29 Bedfordwell Road,Eastbourne",BN21 2BQ,1323810059,,Residential homes,East Sussex,South East,WT RB Opco 1 Limited
Woodland View,"216 Turner Road,Colchester",CO4 5JR,1206855390,,Nursing homes,Essex,East,Scarborough Hall Limited
Worplesdon View,"Worplesdon Rd,Guildford",GU3 3LQ,1483238010,,Nursing homes,Surrey,South East,Scarborough Hall Limited
Lydfords Care Home,"23 High Street,East Hoathly,Lewes",BN8 6DR,1825840259,,Residential homes,East Sussex,South East,Scarborough Hall Limited
Lotus Manor,"Send Marsh Road,Send,Woking",GU23 7DJ,1483359340,,Residential homes,Surrey,South East,Scarborough Hall Limited
Marnel Lodge Care Home,"Carter Drive,Basingstoke",RG24 9US,1256471250,,Nursing homes,Hampshire,South East,Scarborough Hall Limited
Oak Grange,"14 Mollington Grange,Parkgate Road, Mollington,Chester",CH1 6NP,1244852140,,Nursing homes,Cheshire West and Chester,North West,Scarborough Hall Limited
Mortain Place Care Home,"93 Pevensey Bay Road,Eastbourne",BN23 6JF,1323465150,,Residential homes,East Sussex,South East,Scarborough Hall Limited
Florence Court Care Home,"243 Segensworth Road,Fareham",PO15 5FF,1489555900,,Residential homes,Hampshire,South East,Scarborough Hall Limited
Hurstwood View,"Linum Lane,Five Ash Down,Uckfield",TN22 3FH,1825731700,,Nursing homes,East Sussex,South East,Scarborough Hall Limited
Hilton Park - Oaklands,"Bottisham,Cambridge",CB25 9BX,1223810400,,Nursing homes,Cambridgeshire,East,Scarborough Hall Limited
Hazel Lodge Care Home,"63 North Trade Road,Battle",TN33 0HW,1323921550,,Residential homes,East Sussex,South East,Scarborough Hall Limited
Ritson Lodge,"Lowestoft Road,Hopton On Sea,Great Yarmouth",NR31 9AH,1502734000,,Residential homes,Norfolk,East,Scarborough Hall Limited
Orchard House Care Centre,"189 Fairlee Road,Newport",PO30 2EP,1983520022,,Nursing homes,Isle of Wight,South East,Scarborough Hall Limited
Pinetree Care Home,"Rawreth Lane,Rayleigh",SS6 9XH,1268949620,,Residential homes,Essex,East,Scarborough Hall Limited
Port Manor,"Homefield Road,Seaford",BN25 3DG,1323692555,,Residential homes,East Sussex,South East,Scarborough Hall Limited
Suffolk Lodge,"18 Rectory Road,Wokingham,Reading",RG40 1DH,1189793202,https://www.optalis.org,Residential homes,Wokingham,South East,Optalis Limited
Shawford Springs Care Home,"Otterbourne Road,Compton,Winchester",SO21 2RT,1962571850,,Residential homes,Hampshire,South East,Scarborough Hall Limited
Walker House,"14 Silchester Close,Andover",SP10 3RL,3305005050,,Residential homes,Hampshire,South East,Liaise (South) Limited
1 Devonshire Avenue,"1 Devonshire Avenue,,Beeston,Nottingham",NG9 1BS,1159255422,,Nursing homes,Nottinghamshire,East Midlands,Agincare Enable Limited
Pebble Grove,"8a Nursery Lane,Worthing",BN11 3HS,1903212394,,Residential homes,West Sussex,South East,Liaise (South East) Limited
The Leys,"Park Lane,Sharnbrook,Bedford",MK44 1LX,1234781982,,Residential homes,Bedford,East,Psycare Limited
Lansdowne Road,"1 Lansdowne Road,Bedford",MK40 2BY,1234357339,,Residential homes,Bedford,East,Psycare Limited
Bromham Road,"182 Bromham Road,Bedford",MK40 4BP,1234357238,,Residential homes,Bedford,East,Psycare Limited
Rose Vale,"15 Rose Vale,Hoddesdon",EN11 8NR,1992443189,,Residential homes,Hertfordshire,East,Royal Mencap Society
Tanners,"Stewart Close,Abbots Langley",WD5 0NU,,,Residential homes,Hertfordshire,East,Royal Mencap Society
Sewells,"6 Sewells,Welwyn Garden City",AL8 7AQ,1707321344,,Residential homes,Hertfordshire,East,Royal Mencap Society
Queensmead Residential Home,"92,Victoria Road,Polegate",BN26 6BU,7530915089,,Residential homes,East Sussex,South East,Suffolk Serenity Living Limited
Eastrop House and Lodge,"Eastrop House,Chequers Road,Basingstoke",RG21 7PY,1256819566,https://www.prioryadultcare.co.uk,Residential homes,Hampshire,South East,Parkcare Homes (No.2) Limited
Green Acres,"130 Nork Way,Banstead",SM7 1HP,1737351358,https://www.heathcotes.net,Residential homes,Surrey,South East,Heathcotes Care Limited
Ridgeway Lodge Care Home,"Brandreth Avenue,Dunstable",LU5 4RE,1582667832,,Residential homes,Central Bedfordshire,East,HC-One No.1 Limited
Milton Court Care Home,"Tunbridge Grove,Kents Hill,Milton Keynes",MK7 6JD,1908699555,https://www.averyhealthcare.co.uk/care-homes/buckinghamshire/milton-keynes/milton-court/,Nursing homes,Milton Keynes,South East,Avery Homes (Nelson) Limited
Kingfisher Manor,"Kingfisher Manor,Pine Marten Close,Bognor Regis",PO21 3WE,1243943717,,Nursing homes,West Sussex,South East,Simply Care Group UK Ltd
Magellan House,"Lingfield Road,East Grinstead",RH19 2EJ,1342778190,https://www.pathwayhealthcare.org.uk,Residential homes,West Sussex,South East,Pathway Healthcare Ltd
"Willows and Rosehill, Drummond Court","Mill Road South,Bury St Edmunds",IP33 3NN,1284719692,,Residential homes,Suffolk,East,Royal Mencap Society
Royal Mencap Society - Woodlands Residential Home,"51a Elm Road,Thetford",IP24 3HL,1842762086,,Residential homes,Norfolk,East,Royal Mencap Society
Penhurst Gardens Care Home,"Penhurst Gardens,New Street,Chipping Norton",OX7 5ED,1608698100,https://www.porthaven.co.uk,Nursing homes,Oxfordshire,South East,Porthaven Care Homes No 2 Limited
Squirrels,"The Squirrels,Manor Road, Chilworth,Southampton",SO16 7JE,2382351805,https://www.cygnethealth.co.uk,Residential homes,Hampshire,South East,Cygnet Care Services Limited
Oakhurst Lodge,"137 Lyndhurst Road,Ashurst,Southampton",SO40 7AW,20380293589,https://www.cygnethealth.co.uk,Residential homes,Hampshire,South East,Cygnet Care Services Limited
Shottermill House,"Liphook Road,Haslemere",GU27 1NX,3003031475,https://www.pilgrimsfriend.org.uk,Residential homes,Surrey,South East,Pilgrims' Friend Society
Orchard House Residential Care Home,"191 High Street,Sawston",CB22 3HJ,1223712050,https://www.sanctuary-care.co.uk/care-homes-east-and-south-east/orchard-house-residential-care-home,Residential homes,Cambridgeshire,East,Sanctuary Care Limited
Ashgrove Care Home - London,"Fir Tree Road, off Martindale Road,Hounslow,London",TW4 7HH,2085776226,https://www.hc-one.co.uk/homes/ash-grove,Nursing homes,Hounslow,London,HC-One Limited
Milliner House,"23-29 Marsh Road,Luton",LU3 2QF,1582490080,https://www.hc-one.co.uk/homes/milliner-barton-house,Residential homes,Luton,East,HC-One Limited
Blackbrook House,"Gun Hill,Dedham,Colchester",CO7 6HP,1206321150,https://www.anchor.org.uk,Residential homes,Essex,East,Anchor Hanover Group
Canterbury House,"Gallows Hill,Hadleigh,Ipswich",IP7 6JQ,1473824242,https://www.anchor.org.uk,Residential homes,Suffolk,East,Anchor Hanover Group
Devonshire House,"High Street,Cavendish,Sudbury",CO10 8AS,1787283240,https://www.anchor.org.uk,Residential homes,Suffolk,East,Anchor Hanover Group
Barleycombe,"Sudbury Road,Long Melford,Sudbury",CO10 9HE,1787880203,,Residential homes,Suffolk,East,Lifeways Community Care Limited
Northfield House,"144 Northfield Road,Poulner,Ringwood",BH24 1SU,1425475628,https://www.achievetogether.co.uk,Residential homes,Hampshire,South East,Achieve Together Limited
Oaklands (Essex),"Forest Glade,Dunton Hills,Laindon",SS16 6SX,1268491491,https://www.hc-one.co.uk/homes/oaklands-essex,Residential homes,Essex,East,HC-One Limited
Larchwood Care Home,"108 Broad Road,Bocking,Braintree",CM7 9RX,1376347777,https://www.hc-one.co.uk/homes/larchwood,Residential homes,Essex,East,HC-One Limited
St Marys,"Woodlands Road,Holbrook,Ipswich",IP9 2PS,1473328111,https://www.anchor.org.uk,Residential homes,Suffolk,East,Anchor Hanover Group
St Josephs,"The Croft,Sudbury",CO10 1HR,1787888460,https://www.anchor.org.uk,Residential homes,Suffolk,East,Anchor Hanover Group
Wendover House,"137 Wendover Road,Stoke Mandeville,Aylesbury",HP22 5TF,1296612598,https://www.heathcotes.net,Residential homes|Supported living,Buckinghamshire,South East,Heathcotes Care Limited
Georgina House,"20 Malzeard Road,Luton",LU3 1BD,1582456574,https://www.prioryadultcare.co.uk,Residential homes,Luton,East,Parkcare Homes (No.2) Limited
Dimensions Baily Thomas House Haysoms Drive,"Baily Thomas House,Haysoms Drive, Greenham,Thatcham",RG19 8EX,163547218,https://www.dimensions-uk.org,Residential homes,West Berkshire,South East,Dimensions (UK) Limited
Dimensions 43 Clayhill Road,"43 Clayhill Road,Burghfield Common,Reading",RG7 3HF,1189835047,https://www.dimensions-uk.org,Residential homes,West Berkshire,South East,Dimensions (UK) Limited
Oxford Respite Service,"43 Saxon Way,Headington,Oxford",OX3 9DD,1865751115,https://www.brandontrust.org,Residential homes,Oxfordshire,South East,The Brandon Trust
Kingsclear,"Park Road,Camberley",GU15 2LN,1276413700,https://www.ariacare.co.uk/find-a-home/kingsclear-in-camberley/,Nursing homes,Surrey,South East,Aria Healthcare Group LTD
Dimensions 1-2 Westbury Way,"1 Westbury Way,Aldershot",GU12 4HE,1252311852,https://www.dimensions-uk.org,Residential homes,Hampshire,South East,Dimensions (UK) Limited
Donec Mews,"Headley Road,Grayshott,Hindhead",GU26 6DP,1428605525,https://www.fitzroy.org,Residential homes,Hampshire,South East,FitzRoy Support
Godden Lodge Care Home,"57 Hart Road,Benfleet",SS7 3GL,1268792227,,Nursing homes,Essex,East,HC-One No.2 Limited
Chandlers Ford Care Home,"88 Winchester Road,Chandler's Ford,Eastleigh",SO53 2RD,2380267963,,Nursing homes,Hampshire,South East,HC-One No.2 Limited
Skylark House,"St Marks Lane,Horsham",RH12 5PU,1403247010,,Nursing homes,West Sussex,South East,Care UK Community Partnerships Ltd
Capwell Grange Care Home,"Addington Way,Luton",LU4 9GR,1582491874,,Nursing homes,Luton,East,WT HI OpCo 1 Limited
Cedar House,"39 High Street,Harefield,Uxbridge",UB9 6EB,1895820700,,Nursing homes,Hillingdon,London,WT HI OpCo 1 Limited
Highclere Care Home,"1 Chapman Avenue,Downs Barn,Milton Keynes",MK14 7NH,1908667568,,Nursing homes,Milton Keynes,South East,WT HI OpCo 1 Limited
Windmill Manor,"2 Fairviews, Holland Road,Hurst Green,Oxted",RH8 9BD,2073822860,,Nursing homes,Surrey,South East,Scarborough Hall Limited
Wimborne,"Selsmore Road,Hayling Island",PO11 9JZ,2392467369,,Residential homes,Hampshire,South East,Scarborough Hall Limited
Dussindale Park,"26 Mary Chapman Close,Dussindale,Norwich",NR7 0UD,1603701900,,Nursing homes,Norfolk,East,MMCG (CCH) (2) Limited
Woodland Care Home,"189 Woodland Road,Hellesdon,Norwich",NR6 5RQ,1603787821,,Nursing homes,Norfolk,East,MMCG (CCH) (2) Limited
The Hawthorns Care Home,"270 Unthank Road,Norwich",NR2 2AJ,1603452302,,Nursing homes,Norfolk,East,MMCG (CCH) (2) Limited
Mary Chapman Court,"Mary Chapman Close,Dussindale,Norwich",NR7 0UD,1603701188,,Residential homes,Norfolk,East,MMCG (CCH) (2) Limited
Wadhurst Manor,"Station Road,Wadhurst",TN5 6RY,1892786700,,Nursing homes,East Sussex,South East,Barchester Healthcare Homes Limited
Lauriston,"40 The Green,St Leonards On Sea",TN38 0SY,1424447544,https://mha.org.uk/care-support/care-homes/lauriston,Nursing homes,East Sussex,South East,Methodist Homes
Devon Lodge,"23a Grange Road,Hedge End,Southampton",SO30 2FL,1489772820,https://www.cygnethealth.co.uk,Residential homes,Hampshire,South East,Cygnet Care Services Limited
Framland,"Naldertown,Wantage",OX12 9DL,3003031470,https://www.pilgrimsfriend.org.uk,Residential homes,Oxfordshire,South East,Pilgrims' Friend Society
Finborough Court,"Pilgrims Way,Great Finborough,Stowmarket",IP14 3AY,3003031450,https://www.pilgrimsfriends.org.uk,Residential homes,Suffolk,East,Pilgrims' Friend Society
Derwent Lodge Care Centre,"Fern Grove,Feltham",TW14 9AY,2088442975,https://bondcare.co.uk/derwent-lodge/,Nursing homes,Hounslow,London,Bondcare (London) Limited
Dimensions Somerset The Brambles,"The Brambles Six Acres Close,Roman Road,Taunton",TA1 2BD,1823334039,,Residential homes,Somerset,South West,Dimensions Somerset Sev Limited
Birchwood Care Home,"1 Birchwood Road,Newbury",RG14 2PP,163533967,https://www.westberks.gov.uk,Nursing homes,West Berkshire,South East,West Berkshire Council
Linden Lodge,"38a Linden Way,London",N14 4LU,2084479195,https://www.prioryadultcare.co.uk,Residential homes,Enfield,London,Parkcare Homes (No.2) Limited
Dimensions 87 Hazel Avenue,"87 Hazel Avenue,Farnborough",GU14 0DW,1252510751,https://www.dimensions-uk.org,Residential homes,Hampshire,South East,Dimensions (UK) Limited
Dimensions 1 Middlefield Close,"1 Middlefield Close,Farnham",GU9 8RS,1252718479,https://www.dimensions-uk.org,Residential homes,Surrey,South East,Dimensions (UK) Limited
St Brendan's Care Home,"44 Sandhurst Road,Crowthorne",RG45 7HU,1344779318,,Residential homes,Bracknell Forest,South East,Colleycare Limited
Highmarket House,"North Bar Place,Banbury",OX16 0TD,1295297689,https://www.careuk.com/care-homes/highmarket-house-banbury,Nursing homes,Oxfordshire,South East,Care UK Community Partnerships Ltd
Dimensions 21 Searing Way,"21 Searing Way,Tadley",RG26 4HT,1189817929,https://www.dimensions-uk.org,Residential homes,Hampshire,South East,Dimensions (UK) Limited
Woodview,"97 Wantage Road,Didcot",OX11 0AF,1235814939,https://www.brandontrust.org,Residential homes,Oxfordshire,South East,The Brandon Trust
Short Term Breaks - 69 Neithrop Avenue,"69 Neithrop Avenue,Banbury",OX16 2NT,1295269646,https://www.brandontrust.org,Residential homes,Oxfordshire,South East,The Brandon Trust
The Goldbridge,"3 Kleinwort Close,Haywards Heath",RH16 4XH,1444413746,https://www.bupa.com,Nursing homes,West Sussex,South East,Bupa Care Homes (ANS) Limited
Walsingham Support - 1 Ashley Close,"1 Ashley Close,Hemel Hempstead",HP3 8EH,1442219091,https://www.walsingham.com,Residential homes,Hertfordshire,East,Walsingham Support
The Chadwick,"4-10 Ware Road,Hoddesdon",EN11 9DU,1992441624,https://www.bmcare.co.uk,Residential homes,Hertfordshire,East,Colleycare Limited
Mills Meadow,"Fore Street,Framlingham,Woodbridge",IP13 9DF,1728724580,,Residential homes,Suffolk,East,Care UK Community Partnerships Ltd
Webb House,"Claremont Road,Newhaven",BN9 0NQ,1273514007,,Residential homes,East Sussex,South East,FitzRoy Support
Iffley Residential and Nursing Home,"Anne Greenwood Close,Iffley,Oxford",OX4 4DN,1865718402,https://www.sanctuary-care.co.uk/care-homes-oxfordshire/iffley-residential-and-nursing-home,Nursing homes,Oxfordshire,South East,Sanctuary Care Limited
The Haven,"40 Ambleside Avenue,Telscombe Cliffs,Peacehaven",BN10 7LP,1273579396,https://www.lifeways.co.uk,Residential homes,East Sussex,South East,Lifeways Community Care Limited
Karibu Place,"37-39 Mulfords Hill,Tadley,Hampshire",RG26 3HY,1189812244,,Residential homes,Hampshire,South East,Liaise (South) Limited
Braeburn Lodge,"Bath Road,Beenham,Reading",RG7 5JB,1189306469,https://www.milkwoodcare.co.uk,Residential homes,West Berkshire,South East,Milkwood Care Ltd
Somerford Place,"71 St. Pauls Road,London",N17 0ND,2088858750,https://www.sequencecaregroup.co.uk,Residential homes,Haringey,London,Liaise (London) Limited
Winchester Heights Care Home,"Stockbridge Road,Winchester",SO22 5JH,1962814400,https://www.sunrise.care.co.uk,Nursing homes,Hampshire,South East,Willow Tower Opco 1 Limited
Mountbatten Grange,"Helston Lane,Windsor",SL4 5GG,3333315859,https://www.careuk.com/care-homes/mountbatten-grange,Nursing homes,Windsor and Maidenhead,South East,Care UK Community Partnerships Ltd
Bagshot Gardens Care Home,"14-16 London Road,Bagshot",GU19 5HN,1276456000,,Nursing homes,Surrey,South East,Willow Tower Opco 1 Limited
Harry Sotnick House,"Cranleigh Avenue,Portsmouth",PO1 5LU,2392820703,https://www.portsmouth.gov.uk,Nursing homes,Portsmouth,South East,Portsmouth City Council
Melbourn Springs Care Home,"Hyacinth Drive,Melbourn,Royston",SG8 6FY,1763261974,https://www.barchester.com,Residential homes,Cambridgeshire,East,Barchester Healthcare Homes Limited
Millers Grange,"Curbridge Road,Witney",OX28 5HR,1993223260,https://www.careuk.com/care-homes/millers-grange,Residential homes,Oxfordshire,South East,Care UK Community Partnerships Ltd
Creative Support - Dove Lane,"7 Dove Lane,Harrold,Bedford",MK43 7DF,1612360829,https://www.creativesupport.co.uk,Residential homes,Bedford,East,Creative Support Limited
Parkview House Residential Care Home,"12 Houndsfield Road,London",N9 7RQ,2076973301,https://www.sanctuary-care.co.uk/care-homes-london/parkview-house-residential-care-home,Residential homes,Enfield,London,Sanctuary Care Limited
Creative Support - The Houghtons,"4 Sandy Road,Bedford",MK41 9TH,1234351248,https://www.creativesupport.co.uk,Residential homes,Bedford,East,Creative Support Limited
Mortain Place Care Home,"93 Pevensey Bay Road,Eastbourne",BN23 6JF,1323465150,https://www.barchester.com,Residential homes,East Sussex,South East,Barchester Healthcare Homes Limited
Hamilton House Care Home,"West Street,Buckingham",MK18 1HL,1280813414,,Nursing homes,Buckinghamshire,South East,Roseberry Care Centres (England) Ltd
Alexandra Care Home,"46 Alexandra Road,Hemel Hempstead",HP2 5BP,1442246775,https://www.healthcarehomes.co.uk,Nursing homes,Hertfordshire,East,Healthcare Homes (Spring) Limited
Maitland Park Care Home,"Maitland Park Road,Maitland Villas,London",NW3 2DU,2074246700,,Nursing homes,Camden,London,Shaw Healthcare (Group) Limited
The Albany Care Home,"7 London Road,Headington,Oxford",OX3 7SN,1865744444,https://www.healthcarehomes.co.uk,Nursing homes,Oxfordshire,South East,Healthcare Homes (Spring) Limited
HF Trust Chestnuts,"Chestnuts, Yapton Road,Barnham,Bognor Regis",PO22 0AZ,1243212443,,Residential homes,West Sussex,South East,HF Trust Limited
The Laurels,"Arundel Road,Fontwell,Arundel",BN18 0SB,1243544514,https://www.hft.org.uk/about-us/locations/east/hft-sussex/,Residential homes,West Sussex,South East,HF Trust Limited
Southwell Court,"Hinkins Close,Melbourn,Royston",SG8 6JL,1763750006,https://www.blackswan.co.uk,Residential homes,Cambridgeshire,East,Black Swan International Limited
Bentley House,"Pegs Lane,C,Hertford",SG13 8EG,1992515600,,Nursing homes,Hertfordshire,East,Signature Senior Lifestyle Operations Ltd
The Grange Care Centre,"2 Adrienne Avenue,Southall",UB1 2QW,2088328600,,Nursing homes,Ealing,London,Bondcare (London) Limited
The Hawthorns Care Centre,"76 St. Annes Road,Southampton",SO19 9FF,2380443061,,Nursing homes,Southampton,South East,Bondcare (London) Limited
Walsingham Support - 2 Ashley Close,"2 Ashley Close,Bennets End,Hemel Hempstead",HP3 8EH,1442258226,https://www.walsingham.com,Residential homes,Hertfordshire,East,Walsingham Support
Langbury House,"78 Langbury Lane,Ferring,Worthing",BN12 6QE,1903709214,https://www.progresshousing.com,Residential homes,West Sussex,South East,Liaise (South East) Limited
Speedwell Court,"Mansbridge Road, West End,Southampton",SO18 3HW,2382356990,https://www.abbeyfield.com,Residential homes,Hampshire,South East,Abbeyfield Society (The)
Carpathia Grange,"2 Southampton Road, Hythe,Southampton",SO45 5GQ,3333218397,https://www.careuk.com/care-homes/carpathia-grange-southampton,Nursing homes,Hampshire,South East,Care UK Community Partnerships Ltd
John Masefield House,"Burcot Brook,Lodge Burco,Abingdon",OX14 3DP,1865340324,,Nursing homes,Oxfordshire,South East,Valorum Care Limited
Abbeycrest Nursing Home,"Essex Way,Sonning Common,Reading",RG4 9RG,1189709000,https://www.ariacare.co.uk/find-a-home/abbeycrest-in-sonning-common/,Nursing homes,Oxfordshire,South East,Aria Healthcare Group LTD
Bradbury House,"New Street,Braintree",CM7 1ES,1376348181,https://www.ariacare.co.uk/find-a-home/bradbury-house-in-braintree/,Residential homes,Essex,East,Aria Healthcare Group LTD
Coppice Lea,"151 Bletchingley Road,Merstham,Redhill",RH1 3QN,1737645117,https://www.ariacare.co.uk/find-a-home/coppice-lea-in-merstham/,Nursing homes,Surrey,South East,Aria Healthcare Group LTD
Martin House,"1 Swift Road,Southall",UB2 4RP,2039885050,,Nursing homes,Ealing,London,Minster Care Management Limited
Chestnut Lodge,"3 Woodfield Road,Ealing,London",W5 1SL,2039885040,,Nursing homes,Ealing,London,Minster Care Management Limited
Elm Lodge,"4a Marley Close,Red Hill,Greenford",UB6 9UG,2039885070,,Nursing homes,Ealing,London,Minster Care Management Limited
Ryeview Manor Care Home,"Keep Hill Road,High Wycombe",HP11 1DW,1494761586,https://www.bmcare.co.uk,Residential homes,Buckinghamshire,South East,Colleycare Limited
Bancroft House,"100 St. Lawrence Avenue,Worthing",BN14 7JL,8081643760,,Residential homes,West Sussex,South East,Pathway Healthcare Ltd
Holland Road,"48 Holland Road,Clacton-on-sea",CO15 6EL,1255429499,https://www.achievetogether.co.uk,Residential homes,Essex,East,Achieve Together Limited
St Albans House,"2 St. Albans Road,Clacton-on-sea",CO15 6BA,1255221698,https://www.achievetogether.co.uk,Residential homes,Essex,East,Achieve Together Limited
3 The Droveway,"3 The Droveway,Hove",BN3 6LF,1273563935,https://www.achievetogether.co.uk,Residential homes,Brighton and Hove,South East,Achieve Together Limited
290 Dyke Road,"290 Dyke Road,Brighton",BN1 5BA,1273552069,https://www.achievetogether.co.uk,Residential homes,Brighton and Hove,South East,Achieve Together Limited
4 Vallance Gardens,"4 Vallance Gardens,Hove",BN3 2DD,1273749626,https://www.achievetogether.co.uk,Residential homes,Brighton and Hove,South East,Achieve Together Limited
Meesons Lodge,"Henry De Grey Close,Meesons Lane,Grays",RM17 5GH,1375383267,https://www.achievetogether.co.uk,Residential homes,Thurrock,East,Achieve Together Limited
Trafalgar House,"9 Sutherland Avenue,Bexhill-on-sea",TN39 3LT,1424222911,https://www.achievetogether.co.uk,Residential homes,East Sussex,South East,Achieve Together Limited
Little Orchard,"17 Lavender Road,Hordle,Lymington",SO41 0GF,1425638967,https://www.achievetogether.co.uk,Residential homes,Hampshire,South East,Achieve Together Limited
Tenchley Manor Nursing Home,"Ursula Square,Selsey,Chichester",PO20 0HS,1243606060,https://www.healthcarehomes.co.uk/,Nursing homes,West Sussex,South East,Healthcare Homes (LSC) Limited
Bedhampton Nursing Home and Specialist Care Unit,"55 Hulbert Road,Havant",PO9 3TB,2392475125,https://www.healthcarehomes.co.uk/,Nursing homes,Hampshire,South East,Healthcare Homes (LSC) Limited
3a The Droveway,"3a The Droveway,Hove",BN3 6LF,1273541229,https://www.achievetogether.co.uk,Residential homes,Brighton and Hove,South East,Achieve Together Limited
Royal Mencap Society - 6 Lamberts (Foxglove),"6 Lamberts,Thetford",IP24 2EE,1842766156,https://www.mencap.org.uk,Residential homes,Norfolk,East,Royal Mencap Society
Hillcroft,"St Ebbas,Hook Road,Epsom",KT19 8QJ,1372203020,https://www.sabp.nhs.uk,Residential homes,Surrey,South East,Surrey and Borders Partnership NHS Foundation Trust
Brook House,"2 Brookfield Close,Ottershaw,Chertsey",KT16 0JL,3005555222,https://www.sabp.nhs.uk,Nursing homes,Surrey,South East,Surrey and Borders Partnership NHS Foundation Trust
Rosewood,"Rosewood,Farmfield Drive, Charlwood,Horley",RH6 0BN,1293774907,https://www.sabp.nhs.uk,Nursing homes,Surrey,South East,Surrey and Borders Partnership NHS Foundation Trust
Kingscroft,"Worple Road,Staines Upon Thames",TW18 1ED,3005555222,https://www.sabp.nhs.uk,Residential homes,Surrey,South East,Surrey and Borders Partnership NHS Foundation Trust
Sycamore Lodge,"1 Edgecote Close,Acton,London",W3 8PH,2039885060,,Nursing homes,Ealing,London,Minster Care Management Limited
23 Valley Road,"23 Valley Road,Totton,Southampton",SO40 9FP,2381788184,https://www.achievetogether.co.uk,Residential homes,Hampshire,South East,Achieve Together Limited
287 Dyke Road,"287 Dyke Road,Hove",BN3 6PD,1273566804,https://www.achievetogether.co.uk,Residential homes,Brighton and Hove,South East,Achieve Together Limited
231 Brook Lane,"231 Brook Lane,Sarisbury Green,Southampton",SO31 7DS,1489589028,https://www.achievetogether.co.uk,Residential homes,Hampshire,South East,Achieve Together Limited
4 Cottage Walk,"4 Cottage Walk,Clacton-on-sea",CO16 8DG,1255474010,https://www.achievetogether.co.uk,Residential homes,Essex,East,Achieve Together Limited
Danbury,"75 Wash Lane,Clacton-on-sea",CO15 1DB,1255319880,https://www.achievetogether.co.uk,Residential homes,Essex,East,Achieve Together Limited
23 Pierrepoint Road,"23 Pierrepoint Road,London",W3 9JJ,2088962581,https://www.achievetogether.co.uk,Residential homes,Ealing,London,Achieve Together Limited
21a Victoria Road,"21a Victoria Road,Clacton-on-sea",CO15 6BH,1255225420,https://www.achievetogether.co.uk,Residential homes,Essex,East,Achieve Together Limited
5 Fengates Road,"5 Fengates Road,Redhill",RH1 6AH,1737778858,https://www.achievetogether.co.uk,Residential homes,Surrey,South East,Achieve Together Limited
1 Charmandean Road,"1 Charmandean Road,Worthing",BN14 9LB,1903231971,https://www.achievetogether.co.uk,Residential homes,West Sussex,South East,Achieve Together Limited
1 Fengates Road,"1 Fengates Road,Redhill",RH1 6AH,1737778811,https://www.achievetogether.co.uk,Residential homes,Surrey,South East,Achieve Together Limited
42 Twyford Gardens,"42 Twyford Gardens,Worthing",BN13 2NT,1903263906,https://www.achievetogether.co.uk,Residential homes,West Sussex,South East,Achieve Together Limited
361 The Ridge,"361 The Ridge,Hastings",TN34 2RD,1424755803,https://www.achievetogether.co.uk,Residential homes,East Sussex,South East,Achieve Together Limited
32 Mays Lane,"32 Mays Lane,Stubbington,Fareham",PO14 2EW,1329668833,https://www.achievetogether.co.uk,Residential homes,Hampshire,South East,Achieve Together Limited
Longdown Road,"9 Longdown Road,Epsom",KT17 3PT,1372748153,https://www.achievetogether.co.uk,Residential homes,Surrey,South East,Achieve Together Limited
Chantry,"6 Chantry Road,Worthing",BN13 1QN,1903232446,,Residential homes,West Sussex,South East,Liaise (South East) Limited
Winston Lodge,"362 London Road,Waterlooville",PO7 7SR,2392647895,https://www.achievetogether.co.uk,Residential homes,Hampshire,South East,Achieve Together Limited
The Shieling,"St Ebbas,Hook Road,Epsom",KT19 8QJ,1372203014,https://www.sabp.nhs.uk,Residential homes,Surrey,South East,Surrey and Borders Partnership NHS Foundation Trust
Ashmount,"Hook Road,Epsom",KT19 8QJ,1372203063,https://www.sabp.nhs.uk,Nursing homes,Surrey,South East,Surrey and Borders Partnership NHS Foundation Trust
Derby House,"Hook Road,Epsom",KT19 8QJ,1372203027,https://www.sabp.nhs.uk,Residential homes,Surrey,South East,Surrey and Borders Partnership NHS Foundation Trust
Larkfield,"Farmfield Drive,Charlwood,Horley",RH6 0BN,1293774906,https://www.sabp.nhs.uk,Nursing homes,Surrey,South East,Surrey and Borders Partnership NHS Foundation Trust
Stowlangtoft Hall Nursing Home,"Kiln Lane,Stowlangtoft,Bury St Edmunds",IP31 3JY,1359230216,https://www.stowlangtofthall.co.uk,Nursing homes,Suffolk,East,Stow Healthcare Group Limited
Ford Place Nursing Home,"Ford Street,Thetford",IP24 2EP,1842755002,https://www.fordplace.co.uk,Nursing homes,Norfolk,East,Stow Healthcare Group Limited
Eastbourne Gardens Care Home,"6 Upper Kings Drive,Eastbourne",BN20 9AN,1323525000,https://www.sunrise.care.co.uk,Nursing homes,East Sussex,South East,Willow Tower Opco 1 Limited
Southampton Manor Care Home,"111 Burgess Road,Southampton",SO16 7AG,2380706050,https://www.sunrise-care.co.uk,Nursing homes,Southampton,South East,Willow Tower Opco 1 Limited
Fleet Hall Care Home,"22-26 Church Road,Fleet",GU51 4NB,1252617657,https://www.sunrise.care.co.uk,Residential homes,Hampshire,South East,Willow Tower Opco 1 Limited
Sonning Gardens Care Home,"Old Bath Road,Sonning,Reading",RG4 6TQ,1189444300,https://www.sunrise-care.co.uk,Nursing homes,Wokingham,South East,Willow Tower Opco 1 Limited
Elstree View Care Home,"Edgwarebury Lane,Elstree,Borehamwood",WD6 3RG,2082360100,https://www.sunrise.care.co.uk,Residential homes,Hertfordshire,East,Willow Tower Opco 1 Limited
Virginia Water Care Home,"Christchurch Road,Virginia Water",GU25 4BE,1344843777,https://www.sunrise.care.co.uk,Residential homes,Surrey,South East,Willow Tower Opco 1 Limited
Dimensions The Mulberries,"The Mulberries,68 Bath Road,Hounslow",TW3 3EQ,2085773390,https://www.dimensions-uk.org,Residential homes,Hounslow,London,Dimensions (UK) Limited
Dimensions 4 Matlock Close,"4 Matlock Close,Barnet",EN5 2RS,2084499055,https://www.dimensions-uk.org,Residential homes,Barnet,London,Dimensions (UK) Limited
Bramshaw House,"13 Shakespeare Road,Worthing",BN11 4AR,1903238945,https://www.progresshousing.com,Residential homes,West Sussex,South East,Liaise (South East) Limited
Lulworth,"4 Nursery Lane,Worthing",BN11 3HS,1903212384,https://www.progresshousing.com,Residential homes,West Sussex,South East,Liaise (South East) Limited
Marlow,"8 Nursery Lane,Worthing",BN11 3HS,1903212405,,Residential homes,West Sussex,South East,Liaise (South East) Limited
Dimensions 27 Sampson Avenue,"27 Sampson Avenue,Barnet",EN5 2RN,2084490142,https://www.dimensions-uk.org,Residential homes,Barnet,London,Dimensions (UK) Limited
Jubilee Court,"Hayward Close,Lonsdale Road,Stevenage",SG1 5BS,1438730000,,Residential homes,Hertfordshire,East,Quantum Care Limited
Chaseways,"1 Chaseways,Sawbridgeworth",CM21 0AS,1279414939,https://www.cygnethealth.co.uk,Residential homes,Hertfordshire,East,Cygnet Learning Disabilities Midlands Limited
Knights Court Nursing Home,"105-109 High Street,Edgware",HA8 7DB,2083813030,,Nursing homes,Harrow,London,MMCG (2) Limited
Coplands Nursing Home,"1 Copland Avenue,Wembley",HA0 2EN,2087330430,,Nursing homes,Brent,London,MMCG (2) Limited
The Devonshire,"Rodway Road, off Oxford Road,Tilehurst,Reading",RG30 6TP,1189728360,https://www.mmcgcarehomes.co.uk/care-homes/river-view,Nursing homes,Reading,South East,MMCG (2) Limited
Windmill Care Centre,"104 Bath Road,Slough",SL1 3SY,1753213010,https://www.mmcgcarehomes.co.uk/care-homes/windmill,Nursing homes,Slough,South East,MMCG (2) Limited
Camberley Heights Care Home,"Pembroke Broadway,Camberley",GU15 3XD,1276406600,https://www.signature-care-homes.co.uk,Nursing homes,Surrey,South East,Redwood Tower UK Opco 2 Limited
16 Homeside Close,"16 Homeside Close,Maidenhead",SL6 7RB,1628630710,https://www.optalis.org,Residential homes,Windsor and Maidenhead,South East,Optalis Limited
Freeland House Nursing Home,"Wroslyn Road,Freeland,Witney",OX29 8AH,1993881258,,Nursing homes,Oxfordshire,South East,Minster Care Management Limited
5 Winston Court,"5 Winston Court,Halifax Road,Maidenhead",SL6 5HU,1628418804,https://www.optalis.org,Residential homes,Windsor and Maidenhead,South East,Optalis Limited
9 Allenby Road,"9 Allenby Road,Maidenhead",SL6 5BF,1628627556,https://www.rbwm.gov.uk,Residential homes,Windsor and Maidenhead,South East,Optalis Limited
Laburnum Lodge,"2 Victoria Street,Littleport,Ely",CB6 1LX,1353860490,,Residential homes|Homecare agencies,Cambridgeshire,East,365 Care Homes Limited
West Hall,"Parvis Road,West Byfleet",KT14 6EY,1932338000,,Residential homes,Surrey,South East,Anchor Hanover Group
Tigh Grianan,"Chesterfield Road,Epsom",KT19 9QP,2087867201,https://www.kisimul.co.uk,Residential homes,Surrey,South East,Kisimul Group Limited
Oak Manor,"Harvest Rise,Shefford",SG17 5GE,1462816170,https://mha.org.uk/care-support/care-homes/oak-manor,Residential homes,Central Bedfordshire,East,Methodist Homes
Anson Court,"Shackleton Way,Welwyn Garden City",AL7 2FF,1707379700,,Nursing homes,Hertfordshire,East,Quantum Care Limited
Kingsley Court,"Upper Toathill Cottage,Five Oaks Road, Slinfold,Horsham",RH13 0RL,1403333780,,Residential homes,West Sussex,South East,Pathway Healthcare Ltd
Silversprings,"Tenpenny Hill,Thorrington,Colchester",CO7 8JG,1206251962,https://www.careuk.com/care-homes/silversprings-thorrington,Nursing homes,Essex,East,Care UK Community Partnerships Ltd
The Pines Nursing Home,"Furze Hill,Hove",BN3 1PA,1273820275,https://www.countrycourtcare.co/our-homes/the-pines-care-nursing-home,Nursing homes,Brighton and Hove,South East,Country Court Care Homes Limited
Pear Tree Court,"33 Portsmouth Road,Horndean,Waterlooville",PO8 9LN,2392981992,https://www.careuk.com/care-homes/pear-tree-court-waterlooville,Nursing homes,Hampshire,South East,Care UK Community Partnerships Ltd
Haughgate House Nursing Home,"Haugh Lane,Woodbridge",IP12 1JG,1394386249,https://www.haughgatehouse.co.uk,Nursing homes,Suffolk,East,Healthcare Homes Group Limited
Elysium Care Partnerships Limited - 187 Nursery Road,"187 Nursery Road,Sunbury-on-thames",TW16 6LX,1932481848,https://www.elysiumhealthcare.co.uk,Residential homes,Surrey,South East,Elysium Care Partnerships Limited
Murach House,"116A Reigate Road,Epsom",KT17 3BX,2083942989,https://www.kisimul.co.uk,Residential homes,Surrey,South East,Kisimul Group Limited
Fen House,"143 Lynn Road,Ely",CB6 1SD,1353667340,,Residential homes,Cambridgeshire,East,The Disabilities Trust
Milton Keynes Short Breaks and Shared Lives,"4 & 6 Mathiesen Road,Bradville,Milton Keynes",MK13 7AG,1908253394,,Residential homes|Community services - Learning disabilities,Milton Keynes,South East,Milton Keynes City Council
Wytham House,"Eynsham Road,Farmoor,Oxford",OX2 9NL,1206224100,https://www.ariacare.co.uk/find-a-home/wytham-house-in-oxford/,Nursing homes,Oxfordshire,South East,Aria Healthcare Group LTD
Weystone Manor,"Robin Lane,Woking",GU22 0GA,,,Residential homes,Surrey,South East,Barchester Healthcare Homes Limited
Weystone Manor,"Robin Lane,Woking",GU22 0GA,,,Residential homes,Surrey,South East,Scarborough Hall Limited
The Harefield Care Home,"Hill End Road,Harefield,Uxbridge",UB9 6UX,1895825750,,Nursing homes,Hillingdon,London,HC-One No.2 Limited
River Court Care Home,"Explorer Drive,Watford",WD18 6TQ,1923800178,,Nursing homes,Hertfordshire,East,HC-One No.2 Limited
Laurel Lodge Care Home,"19 Ipswich Road,Norwich",NR2 2LN,1603502371,https://www.blackswan.co.uk,Residential homes,Norfolk,East,Black Swan International Limited
Grangemead,"1 Hawthylands Road,Hailsham",BN27 1EU,1323464600,https://www.eastsussex.gov.uk,Residential homes,East Sussex,South East,East Sussex County Council
Elstree Court Care Home,"64 Meads Road,Eastbourne",BN20 7QJ,1323732691,,Nursing homes,East Sussex,South East,HC-One No.1 Limited
Coppice Court Care Home,"220 Willingdon Road,Eastbourne",BN21 1XR,1323431199,,Nursing homes,East Sussex,South East,HC-One No.1 Limited
Hamilton House,"6 Drayton Lane,Portsmouth",PO6 1HG,2392385448,https://www.bondcare.co.uk/hamilton-house/,Nursing homes,Portsmouth,South East,Shaftesbury Care GRP Limited
The Pines (Active Prospects),"2 College Crescent,Redhill",RH1 2HE,1737771286,https://www.activeprospects.org.uk,Residential homes,Surrey,South East,Active Prospects
Fern Gardens Care Home,"Fern Grove,off Hounslow Road,Feltham",TW14 9AY,2088444860,https://www.bondcare.co.uk/care-homes/fern-gardens-care-home-london/,Nursing homes,Hounslow,London,Bondcare (London) Limited
Ashwood Care Centre,"1a Derwent Drive,Hayes",UB4 8DU,2085731313,https://bondcare.co.uk/ashwood/,Nursing homes,Hillingdon,London,Bondcare (London) Limited
HF Trust - Pound Lane,"Bradbury Resource Centre, Pound Lane,Ugley,Bishops Stortford",CM22 6HP,1279816165,,Residential homes,Essex,East,HF Trust Limited
Manton Heights Care Centre,"Woodlands, off Manton Lane,Bedford",MK41 7LW,1234267556,https://www.rchcarehomes.co.uk/our-homes/bedfordshire/manton-heights-care-centre/,Residential homes,Bedford,East,RCH Care Homes Limited
Rose Court,"12 Bradgers Hill Road,Luton",LU2 7EL,1582452258,https://www.prioryadultcare.co.uk,Residential homes,Luton,East,Parkcare Homes (No.2) Limited
Dimensions 7 Huntley Close,"7 Huntley Close,Stanwell,Staines",TW19 7DD,1784254322,https://www.dimensions-uk.org,Residential homes,Surrey,South East,Dimensions (UK) Limited
Dimensions Somerset The Saplings,"The Saplings Wiltons Orchard,Fons George,Taunton",TA1 3SA,1823275725,,Residential homes,Somerset,South West,Dimensions Somerset Sev Limited
Lodge Care Home,"82 Kirby Road,Walton On The Naze",CO14 8RJ,1255850809,,Residential homes,Essex,East,Black Swan International Limited
Snowdrop House,"Baldock Street,Ware",SG12 9DT,1920897679,https://www.careuk.com/care-homes/snowdrop-house-ware,Nursing homes,Hertfordshire,East,Care UK Community Partnerships Ltd
Dimensions 42 Jubilee Road,"42 Jubilee Road,Mytchett,Camberley",GU16 6BE,1252513006,https://www.dimensions-uk.org,Residential homes,Surrey,South East,Dimensions (UK) Limited
Littleport Grange,"Grange Lane, Ely Road,Littleport,Ely",CB6 1HW,1353861329,,Residential homes,Cambridgeshire,East,Minster Care Management Limited
Shear Meadow,"London Road,Hemel Hempstead",HP1 2RJ,1442864484,https://www.cygnethealth.co.uk,Residential homes,Hertfordshire,East,Cygnet Learning Disabilities Midlands Limited
Wyboston Lodge,"123 The Lane,Wyboston,Bedford",MK44 3AS,1480478046,,Residential homes,Bedford,East,Accomplish Group Support Limited
Keyll House,"32 The Avenue,Tadworth",KT20 5AT,1737819682,https://www.kisimul.co.uk,Residential homes,Surrey,South East,Kisimul Group Limited
Ducks Halt,"8 Walton Road,Kirby-le-Soken",CO13 0DU,1255853930,https://www.cygnethealth.co.uk,Residential homes|Long-term conditions|Rehabilitation (illness/injury),Essex,East,Cygnet (OE) Limited
Old Leigh House,"3 Old Leigh Road,Leigh-on-Sea",SS9 1LB,1702711111,https://www.cygnethealth.co.uk,Residential homes,Southend-on-Sea,East,Cygnet (OE) Limited
The Orchards,"Station Road,Thorrington,Colchester",CO7 8JA,1206250676,https://www.cygnethealth.co.uk,Residential homes,Essex,East,Cygnet (OE) Limited
Moorland Gardens Care Home,"Moorland Garden Street,off Old Bedford Road,Luton",LU2 7NX,1582439420,https://bondcare.co.uk/moorland-gardens/,Nursing homes,Luton,East,Bondcare (London) Limited
Homefield House Nursing Home,"Homefield Way,Aldermaston Road,Basingstoke",RG24 9SE,1256333433,https://www.shaw.co.uk,Nursing homes,Hampshire,South East,Shaw Healthcare (Group) Limited
Riverside Place,"Plaxton Way,Ware",SG12 7FB,8082084570,https://www.ariacare.co.uk/find-a-home/riverside-place-in-ware/,Nursing homes,Hertfordshire,East,Aria Healthcare Group LTD
The Meadows Care Home,"Brybank Road,Hanchett Village,Haverhill",CB9 7YL,1440712498,,Nursing homes,Suffolk,East,Minster Care Management Limited
Chertsey Parklands Manor Care Home,"Parklands Drive,Chertsey",KT16 9FS,1932874440,https://www.signature-care-homes.co.uk,Nursing homes,Surrey,South East,Redwood Tower UK Opco 1 Limited
Abbey House,"93 Station Road,Netley Abbey,Southampton",SO31 5AH,2392475219,https://www.dolphinhomes.co.uk,Residential homes,Hampshire,South East,Dolphin Homes Limited
Nazareth House - East Finchley,"162 East End Road,East Finchley,London",N2 0RU,2088831104,,Residential homes,Barnet,London,Nazareth Care Charitable Trust
Nazareth House - Hammersmith,"Hammersmith Road,Hammersmith,London",W6 8DB,2087483549,,Nursing homes,Hammersmith and Fulham,London,Nazareth Care Charitable Trust
Oak Grange,"14 Mollington Grange,Parkgate Road, Mollington,Chester",CH1 6NP,1244439839,https://www.barchester.com,Nursing homes,Cheshire West and Chester,North West,Barchester Healthcare Homes Limited
Worplesdon View,"Worplesdon Rd,Guildford",GU3 3LQ,1483238010,,Nursing homes,Surrey,South East,Barchester Healthcare Homes Limited
Blair House,"24 Pevensey Road,St Leonards On Sea",TN38 0LF,1424437608,,Residential homes,East Sussex,South East,Regal Care Trading Ltd
Brenalwood Care Home,"Hall Lane,Walton On The Naze",CO14 8HN,1255675632,,Residential homes,Essex,East,Regal Care Trading Ltd
Blenheim Care Home,"39-41 Kirby Road,Walton On The Naze",CO14 8QT,1255675548,https://www.rctl.co.uk/blenheim-house-our-community,Residential homes,Essex,East,Regal Care Trading Ltd
Walkern Lodge,"14A Walkern Road,Stevenage",SG1 3QX,1438749301,https://www.cygnethealth.co.uk,Residential homes,Hertfordshire,East,Cygnet Learning Disabilities Midlands Limited
The Park Beck,"21 Upper Maze Hill,St Leonards On Sea",TN38 0LG,1424445855,,Residential homes,East Sussex,South East,Regal Care Trading Ltd
Leatherland Lodge,"Darenth Lane,South Ockenden",RM15 5LS,1708853059,,Residential homes,Thurrock,East,Runwood Homes Limited
The Whitecroft,"Stanford Road,Orsett,Grays",RM16 3JL,1375892850,,Residential homes,Thurrock,East,Runwood Homes Limited
Gormanach House,"126 Reigate Road,Epsom",KT17 3BX,,https://www.kisimul.co.uk,Residential homes,Surrey,South East,Kisimul Group Limited
Bennett Lodge,"Waterson Road,Chadwell St Mary",RM16 4LD,1375842724,,Residential homes,Thurrock,East,Runwood Homes Limited
Carolyne House,"Waterson Road,Chadwell St Mary",RM16 4LD,1375843756,,Nursing homes,Thurrock,East,Runwood Homes Limited
Chorleywood Manor Care Home,"High View,Chorleywood,Rickmansworth",WD3 5TQ,1923287750,https://www.sunrise-care.co.uk,Nursing homes,Hertfordshire,East,Willow Tower Opco 1 Limited
Hurstwood View,"Linum Lane,Five Ash Down,Uckfield",TN22 3FH,1825573739,,Nursing homes,East Sussex,South East,Barchester Healthcare Homes Limited
Lincroft Meadow Care Home,"The Moors,Kidlington",OX5 2AA,8082819552,https://www.porthaven.co.uk,Nursing homes,Oxfordshire,South East,Porthaven Care Homes No 2 Limited
The Gables Care Home,"1 East Park Street,Chatteris",PE16 6LA,1354693858,,Residential homes,Cambridgeshire,East,Black Swan International Limited
Bourne Wood Manor Care Home,"West Street,Farnham",GU9 7AP,8082819548,https://www.porthaven.co.uk,Nursing homes,Surrey,South East,Porthaven Care Homes No 2 Limited
Kings Lynn Residential Home,"Kettlewell Lane,King's Lynn",PE30 1PW,1553769098,,Residential homes,Norfolk,East,Black Swan International Limited
Knebworth Care Home,"59 London Road,Woolmer Green,Knebworth",SG3 6JE,3333218602,,Nursing homes,Hertfordshire,East,Care UK Community Partnerships Ltd
Woburn Sands Lodge,"60 Station Road,Milton Keynes",MK17 8RZ,1908587677,https://www.accomplish-group.co.uk,Residential homes,Milton Keynes,South East,Accomplish Group Limited
Valentine House,"Broadway,Silver End,Witham",CM8 3RF,1376585965,https://www.blackswan.co.uk,Residential homes,Essex,East,Black Swan International Limited
Elton House Care Home,"Elton Road,Bushey,Watford",WD25 8HA,1923254176,https://www.signature-care-homes.co.uk,Nursing homes,Hertfordshire,East,Redwood Tower UK Opco 1 Limited
Admirals Reach Care Home,"Ridgewell Avenue,Chelmsford",CM1 2GA,1245266567,,Nursing homes,Essex,East,HC-One No.2 Limited
Aston House Care Home,"26 Angel Lane,Hayes",UB3 2QX,2085691499,,Nursing homes,Hillingdon,London,HC-One No.2 Limited
Woodlands View Care Home,"Magpie Crescent,Stevenage",SG2 9RZ,1438740230,,Nursing homes,Hertfordshire,East,WT HI OpCo 1 Limited
Haven Care Home,"29 Telscombe Cliffs Way,Telscombe Cliffs,Peacehaven",BN10 7DX,1273587183,,Nursing homes,East Sussex,South East,HC-One No.1 Limited
The Polegate Care Home,"Black Path,Polegate",BN26 5AP,1323485888,https://www.hc-one.co.uk,Nursing homes,East Sussex,South East,HC-One No.1 Limited
Abbeyfield Winnersh,"Woodward Close,Winnersh,Wokingham",RG41 5NW,1189774246,,Residential homes,Wokingham,South East,Abbeyfield Society (The)
Brookfield,"Little Bury,Oxford",OX4 7UY,1865779888,https://mha.org.uk/care-support/care-homes/brookfield,Nursing homes,Oxfordshire,South East,Methodist Homes
Basingfield Court Residential Care Home,"Huish Lane,Old Basing,Basingstoke",RG24 7BN,1256321494,https://www.sanctuary-care.co.uk/care-homes-south-and-south-west/basingfield-court-residential-care-home,Residential homes,Hampshire,South East,Sanctuary Care Limited
Richmond Village Witney,"Village Centre, Coral Springs Way,Richmond Village,Witney",OX28 5DG,1993894000,https://www.richmond-villages.com/witney,Nursing homes,Oxfordshire,South East,Richmond Villages Operations Limited
Drummonds,"The Street,Feering,Colchester",CO5 9QJ,1376570711,,Residential homes,Essex,East,Black Swan International Limited
Piper Court,"Sycamore Way,Stockton-on-Tees",TS19 8FR,1642606512,,Nursing homes,Stockton-on-Tees,North East,Akari Care Limited
Yarnton Residential and Nursing Home,"Rutten Lane,Yarnton,Kidlington",OX5 1LW,1865849195,https://www.sanctuary-care.co.uk/care-homes-oxfordshire/yarnton-residential-and-nursing-home,Nursing homes,Oxfordshire,South East,Sanctuary Care Limited
Cedarwood Lodge (Active Prospects),"9 Chipstead Close,Redhill",RH1 6DU,1737772216,https://www.activeprospects.org.uk,Residential homes,Surrey,South East,Active Prospects
Beaconsfield Heights Care Home,"30-34 Station Road,Beaconsfield",HP9 1AB,1494739602,https://www.sunrise.care.co.uk,Residential homes,Buckinghamshire,South East,Willow Tower Opco 1 Limited
Combs Court,"Edgecomb Road,Stowmarket",IP14 2DN,1449673006,https://www.prioryadultcare.co.uk,Residential homes,Suffolk,East,Parkcare Homes (No.2) Limited
Newhaven,"19 Emerys Close,Northrepps",NR27 0NE,1263576873,,Residential homes,Norfolk,East,Mrs Jennifer Grego
Mill View,"Sunnyside Close,East Grinstead",RH19 4AT,1342337220,,Nursing homes,West Sussex,South East,Care UK Community Partnerships Ltd
Dimensions 123 Calmore Road,"123 Calmore Road,Calmore,Southampton",SO40 2RA,2380867893,https://www.dimensions-uk.org,Residential homes,Hampshire,South East,Dimensions (UK) Limited
Dimensions 40 Cody Road,"40 Cody Road,Farnborough",GU14 0DE,1252372057,https://www.dimensions-uk.org,Residential homes,Hampshire,South East,Dimensions (UK) Limited
Dimensions 1 Ridgewood Drive,"1 Ridgewood Drive,Frimley,Camberley",GU16 9QF,1276684382,https://www.dimensions-uk.org,Residential homes,Surrey,South East,Dimensions (UK) Limited
Buchanan Court,"Sudbury Hill,Harrow",HA1 3AR,2039440581,https://www.careuk.com/care-homes/buchanan-court-harrow,Nursing homes,Harrow,London,Care UK Community Partnerships Ltd
The Radley Care Home,"Gregson Close,Borehamwood",WD6 5RG,2082073700,https://www.bmcare.co.uk,Residential homes,Hertfordshire,East,Colleycare Limited
The Mill House,"Mill Road,Horstead,Norwich",NR12 7AT,1603737107,,Nursing homes,Norfolk,East,Runwood Homes Limited
Haven Residential Care Home,"36-38 Wellington Road,Hatch End,Pinner",HA5 4NL,2084215887,https://www.sanctuary-care.co.uk/care-homes-london/haven-residential-care-home,Residential homes,Harrow,London,Sanctuary Care Limited
Sansa House,"39 Cliddesden Road,Basingstoke",RG21 3DT,1256352291,https://www.liaise.co.uk,Residential homes,Hampshire,South East,Liaise (South) Limited
Waterbeach Lodge,"Ely Road,Cambridge",CB25 9NW,1223862576,https://www.scimitarcare.co.uk/care-homes/waterbeach-lodge/waterbeach-lodge-care-home.php,Residential homes,Cambridgeshire,East,Marigold MG1 Ltd
Potton View,"Mill Hill, Potton Road,Gamlingay,Sandy",SG19 3LW,1767654866,https://www.blackswan.co.uk,Residential homes,Cambridgeshire,East,Black Swan International Limited
Newcroft,"Heath Road,Locks Heath,Southampton",SO31 6PJ,1329280600,,Residential homes,Hampshire,South East,Hampshire County Council
Bowes House,"25 Battle Road,Hailsham",BN27 1DU,1323887715,,Nursing homes,East Sussex,South East,Care UK Community Partnerships Ltd
Walberton Place Care Home,"Yapton Lane,Walberton,Arundel",BN18 0AS,1243551549,https://www.countrycourtcare.co/our-homes/walberton-place-care-home,Residential homes,West Sussex,South East,Country Court Care Homes 2 Limited
HF Trust - Clifton View,"72a Broad Street,Clifton,Shefford",SG17 5RP,,,Residential homes,Central Bedfordshire,East,HF Trust Limited
Saxlingham Hall Nursing Home,"The Green,Saxlingham Nethergate,Norwich",NR15 1TH,1508499225,https://www.saxlinghamhallnursinghome.com,Nursing homes,Norfolk,East,Healthcare Homes Group Limited
Walcot Hall Nursing Home,"Walcot Hall,Walcot Green,Diss",IP22 5SR,1379641030,https://www.saxlinghamhallnursinghome.com,Nursing homes,Norfolk,East,Healthcare Homes Group Limited
Cabot House,"62 Brighton Road,Crawley",RH10 6SX,1293536322,https://www.pathwayhealthcare.org.uk,Residential homes,West Sussex,South East,Pathway Healthcare Ltd
Foxburrow Grange,"Ypres Road,Colchester",CO2 7NL,1206586900,https://www.outlookcare.org.uk,Nursing homes,Essex,East,Outlook Care
Livingstone House,"Oldenwood,Reigate Road,Dorking",RH4 1QE,8081643760,https://www.pathwayhealthcare.org.uk,Residential homes,Surrey,South East,Pathway Healthcare Ltd
Coxhill Manor Nursing and Residential Home,"Station Road,Chobham,Woking",GU24 8AU,1276858926,https://www.ariacare.co.uk/find-a-home/coxhill-manor-in-woking/,Nursing homes,Surrey,South East,Aria Healthcare Group LTD
Woodcot Lodge,"12 Rowner Road,Gosport",PO13 0EW,2392601402,,Nursing homes,Hampshire,South East,Hampshire County Council
Cranmer Court,"Farleigh Road,Farleigh Common,Warlingham",CR6 9PE,1883627713,https://www.ariacare.co.uk/find-a-home/cranmer-court-in-warlingham/,Nursing homes,Surrey,South East,Aria Healthcare Group LTD
Denham Manor,"Halings Lane,Denham,Uxbridge",UB9 5DQ,1895834470,https://www.ariacare.co.uk/find-a-home/denham-manor-in-denham/,Nursing homes,Buckinghamshire,South East,Aria Healthcare Group LTD
Garth House,"Tower Hill Road,Dorking",RH4 2AY,1306880511,https://www.ariacare.co.uk/find-a-home/garth-house-in-dorking/?utm_medium=directory&utm_source=CQC&utm_campaign=profile,Nursing homes,Surrey,South East,Aria Healthcare Group LTD
Dormy House,"Ridgemount Road,Sunningdale,Ascot",SL5 9RL,1344872211,https://www.ariacare.co.uk/find-a-home/dormy-house-in-sunningdale/,Nursing homes,Windsor and Maidenhead,South East,Aria Healthcare Group LTD
Huntercombe Hall Care Home,"Huntercombe Place,Nuffield,Henley On Thames",RG9 5SE,1491641792,https://www.ariacare.co.uk/find-a-home/huntercombe-hall-in-henley-upon-thames/,Nursing homes,Oxfordshire,South East,Aria Healthcare Group LTD
Heffle Court,"Station Road,Heathfield",TN21 8DR,1435864101,https://www.ariacare.co.uk/find-a-home/heffle-court-in-heathfield/,Nursing homes,East Sussex,South East,Aria Healthcare Group LTD
Knowle Park Nursing Home,"Knowle Lane,Cranleigh",GU6 8JL,1483275432,https://www.ariacare.co.uk/find-a-home/knowle-park-in-cranleigh/,Nursing homes,Surrey,South East,Aria Healthcare Group LTD
New Partnerships Lynray and Peach Cottage,"Lynray, The Gore,Rayne,Braintree",CM77 6RL,1376329437,,Residential homes,Essex,East,Achieve Together Limited
St Lauras,"32,High Street,Kings Langley",WD4 8BH,1923260827,,Residential homes,Hertfordshire,East,Colleycare Limited
Oak Manor Nursing Home,"Oak Manor,Dereham Road, Scarning,Dereham",NR19 2PG,8082235528,https://www.ariacare.co.uk/find-a-home/oak-manor-in-dereham/,Nursing homes,Norfolk,East,Aria Healthcare Group LTD
Oaken Holt Nursing and Residential Home,"Eynsham Road,Farmoor,Oxford",OX2 9NL,1865865252,https://www.ariacare.co.uk/find-a-home/oaken-holt-in-oxford/,Nursing homes,Oxfordshire,South East,Aria Healthcare Group LTD
Claydon House,"8 Wallands Crescent,Lewes",BN7 2QT,1273474844,https://www.ariacare.co.uk/find-a-home/claydon-house-in-lewes/,Nursing homes,East Sussex,South East,Aria Healthcare Group LTD
Tall Trees Glade,"Burford Road,Shipton Under Wychwood,Chipping Norton",OX7 6DB,1993833833,https://www.ariacare.co.uk/find-a-home/tall-trees-in-chipping-norton/,Nursing homes,Oxfordshire,South East,Aria Healthcare Group LTD
Walstead Place Care Home,"Scaynes Hill Road,Haywards Heath",RH16 2QG,1444483885,https://www.ariacare.co.uk/find-a-home/walstead-place-in-haywards-heath/,Residential homes,West Sussex,South East,Aria Healthcare Group LTD
Rendlesham Care Centre,"1a Suffolk Drive,Woodbridge",IP12 2TP,1394593208,https://www.ariacare.co.uk/find-a-home/rendlesham-care-centre/,Nursing homes,Suffolk,East,Aria Healthcare Group LTD
Ritson Lodge,"Lowestoft Road,Hopton On Sea,Great Yarmouth",NR31 9AH,1502734000,https://www.barchester.com,Residential homes,Norfolk,East,Barchester Healthcare Homes Limited
Alderton House,"5 Wellington Street,Littleport,Ely",CB6 1PN,1353862677,,Residential homes,Cambridgeshire,East,Achieve Together Limited
Beech Trees,"1a Kirby Road,Horsell,Woking",GU21 4RJ,1483755911,,Residential homes,Surrey,South East,Achieve Together Limited
Arundel House - Frinton-on-Sea,"34 Harold Road,Frinton-on-sea",CO13 9BE,1255852046,,Residential homes,Essex,East,Achieve Together Limited
Cloverdale House,"19 Vallance Gardens,Hove",BN3 2DB,1273733757,,Residential homes,Brighton and Hove,South East,Achieve Together Limited
Combe House,"Castle Road,Horsell,Woking",GU21 4ET,1483755997,,Residential homes,Surrey,South East,Achieve Together Limited
Cherrycroft,"59 Crowstone Road,Westcliff-on-sea",SS0 8BG,1702343654,,Residential homes,Southend-on-Sea,East,Achieve Together Limited
Harwich House,"8 Granville Road,Littlehampton",BN17 5JU,1903726224,,Residential homes,West Sussex,South East,Achieve Together Limited
Fleetwood House,"9 Maltravers Drive,Littlehampton",BN17 5EY,1903733750,,Residential homes,West Sussex,South East,Achieve Together Limited
Lambourne House,"8 Ursula Avenue,Selsey,Chichester",PO20 0HT,1243606065,,Residential homes,West Sussex,South East,Achieve Together Limited
Maldon House,"26 Belgrave Road,Seaford",BN25 2EG,1323491102,,Residential homes,East Sussex,South East,Achieve Together Limited
Newton House,"404 London Road,Benham Hill,Thatcham",RG18 3AA,1635529817,,Residential homes,West Berkshire,South East,Achieve Together Limited
Whitehatch,"Oldfield Road,Horley",RH6 7EP,1293782123,,Residential homes,Surrey,South East,Achieve Together Limited
Oak View,"Bridgewater House,21 Old Roar Road,St. Leonards-on-sea",TN37 7HA,1424753257,,Residential homes,East Sussex,South East,Achieve Together Limited
Coppice Close,"1- 4 Coppice Close,Burgess Hill",RH15 0GY,1444247168,,Residential homes,West Sussex,South East,Liaise (South East) Limited
Bickerton House,"Warfield Road,Bracknell",RG12 2JB,3300583241,https://www.careuk.com/care-homes/Bickerton-House,Nursing homes,Bracknell Forest,South East,Care UK Community Partnerships Ltd
Denmead Grange Care Home,"Parklands Business Park,Forest Road, Denmead,Waterlooville",PO7 6XP,,https://www.barchester.com,Residential homes,Hampshire,South East,Barchester Healthcare Homes Limited
Deepdene Care Centre,"Hill View,Dorking",RH4 1SY,1306732880,,Nursing homes,Surrey,South East,MMCG (2) Limited
The Old Prebendal House,"Station Road,Shipton-under-Wychwood,Chipping Norton",OX7 6BQ,1993831888,,Nursing homes,Oxfordshire,South East,Mariposa Care Group Limited
Parsons Grange,"Westall Street,Shinfield,Reading",RG2 9AU,1183211569,https://www.careuk.com/care-homes/parsons-grange-reading,Nursing homes,Wokingham,South East,Care UK Community Partnerships Ltd
Park View,"26 Crescent Road,Gosport",PO12 2DJ,2392501482,https://www.dolphinhomes.co.uk,Residential homes,Hampshire,South East,Dolphin Homes Limited
Waverley Grange Care Home,"43 Waverley Lane,Farnham",GU9 8BH,1252729100,https://www.bupa.co.uk/care-services/care-homes/waverley-grange-farnham,Nursing homes,Surrey,South East,Bupa Care Homes (CFHCare) Limited
80-82 London Road,"80-82 London Road,Warmley,Bristol",BS30 5JL,1179612426,https://www.milestonestrust.org.uk,Residential homes,South Gloucestershire,South West,Milestones Trust
Court View,"23 Parkfield Road,Pucklechurch,Bristol",BS16 9PN,1179374021,https://www.milestonestrust.org.uk,Residential homes,South Gloucestershire,South West,Milestones Trust
Elysian Villas,"21a King Street,St George,Bristol",BS15 1DL,1179619977,https://www.milestonestrust.org.uk,Residential homes,"Bristol, City of",South West,Milestones Trust
The Chestnuts,"9 Lodge Road,Yate,Bristol",BS37 7LE,1454227188,https://www.milestonestrust.org.uk,Residential homes,South Gloucestershire,South West,Milestones Trust
Wyndham House,"Martlet Road,Minehead",TA24 5PR,1643703934,https://www.somersetcare.co.uk,Residential homes,Somerset,South West,Somerset Care Limited
The Old Vicarage,"Bullock Lane,Ironville,Nottingham",NG16 5NP,1773541254,https://www.creativecare.org.uk,Residential homes,Derbyshire,East Midlands,Creative Care (East Midlands) Limited
Sapphire House,"166 Tonbridge Road,Maidstone",ME16 8SR,1622673776,https://www.prioryadultcare.co.uk,Residential homes,Kent,South East,Parkcare Homes (No.2) Limited
Shawford Springs Care Home,"Otterbourne Road,Compton,Winchester",SO21 2RT,1962571850,https://www.barchester.com,Residential homes,Hampshire,South East,Barchester Healthcare Homes Limited
Ashleigh House,"20 Chip Lane,Taunton",TA1 1BZ,1823350813,https://www.voyagecare.com,Residential homes,Somerset,South West,Voyage 1 Limited
Forestview,"60 Cherry Orchard,Marlborough",SN8 4AS,1672512464,,Residential homes,Wiltshire,South West,Milestones Trust
3 to 5 Kennet Way,"Oakley,Basingstoke",RG23 7AP,,https://www.liaise.co.uk,Residential homes,Hampshire,South East,Liaise (South) Limited
North Park,"L'Anson Street,Darlington",DL3 0SW,1325356000,https://www.barchester.com,Residential homes,Darlington,North East,Barchester Healthcare Homes Limited
Appletree Court Care Home,"158 Burnt Oak Broadway,Edgware",HA8 0AX,2083813843,https://www.appletreecourtcarehome.co.uk,Nursing homes,Barnet,London,Acer Healthcare Operations Limited
Clare Court Care Home,"Clinton Street,Winson Green,Birmingham",B18 4BJ,1215549101,https://www.averyhealthcare.co.uk/care-homes/birmingham/birmingham/clare-court/,Nursing homes,Birmingham,West Midlands,Avery Homes (Nelson) Limited
Honeysuckle Cottage,"The Street,Sutton,Norwich",NR12 9RF,1692581070,,Residential homes,Norfolk,East,Mrs Jennifer Grego
Paxton House,"39-41 Chestnut Grove,Borrowash,Derby",DE72 3JP,1332667848,,Residential homes,Derbyshire,East Midlands,Potensial Limited
78 Stubbington Lane,"78 Stubbington Lane,Stubbington,Portsmouth, Hampshire",PO14 2PE,1329668701,https://www.achievetogether.co.uk,Residential homes,Hampshire,South East,Achieve Together Limited
The Beaufort Care Home,"56 Kenilworth Road,Coventry",CV4 7AH,2476419593,,Nursing homes,Coventry,West Midlands,Roseberry Care Centres (England) Ltd
The Rookery,"9 Cromwell Road,Eccles,Manchester",M30 0QT,1617070768,,Residential homes,Salford,North West,Heathcotes Care Limited
Martlet Manor,"Butlers Green Road,Haywards Heath",RH16 4DA,1444523715,,Nursing homes,West Sussex,South East,Care UK Care Services Limited
Wolsey House,"9a Cromwell Road,Eccles,Manchester",M30 0QT,1617079607,https://www.heathcotes.net,Residential homes,Salford,North West,Heathcotes Care Limited
Chalkwell Grange,"Chalkwell Grange, 64 Leigh Road,Leigh-on-sea",SS9 1LS,1702482252,https://www.sandersseniorliving.co.uk,Residential homes,Southend-on-Sea,East,Sanders Senior Living Limited
Wymeswold Manor,"London Lane,Wymeswold,Loughborough",LE12 6UB,,,Residential homes,Leicestershire,East Midlands,Broadoak Group of Care Homes
The Lawns,"Fernhill Avenue,Weymouth",DT4 7QU,1305760881,,Residential homes,Dorset,South West,Care Dorset Limited
Clarendon Lodge,"The Green,Croxley Green,Rickmansworth",WD3 3JB,1932775134,https://www.greensleeves.org.uk/care-homes/clarendon-lodge-croxley-hertfordshire/,Residential homes,Hertfordshire,East,Greensleeves Homes Trust
Ladycroft Respite Service,"Ladycroft,Wath-upon-Dearne,Rotherham",S63 6SE,1709878276,https://www.voyagecare.com,Residential homes,Rotherham,Yorkshire & Humberside,Voyage 1 Limited
Field Lodge,"London Road,St. Ives",PE27 5EX,1480494378,,Nursing homes,Cambridgeshire,East,Care UK Care Services Limited
Grosvenor House,"14 Grosvenor Gardens,St. Leonards-on-sea",TN38 0AE,1424423831,https://www.greensleeves.org.uk/care-homes/grosvenor-house-st-leonards-on-sea/,Residential homes,East Sussex,South East,Greensleeves Homes Trust
Pelsall Hall,"Paradise Lane,Pelsall,Walsall",WS3 4NH,1922693399,https://www.greensleeves.org.uk/care-homes/pelsall-hall-walsall/,Residential homes,Walsall,West Midlands,Greensleeves Homes Trust
Speirs House,"1 The Chesters,New Malden",KT3 4SF,2089495569,https://www.greensleeves.org.uk/care-homes/speirs-house-new-malden-surrey/,Nursing homes,Kingston upon Thames,London,Greensleeves Homes Trust
Overdene House,"John Street,Winsford",CW7 1HJ,1606861666,,Nursing homes,Cheshire West and Chester,North West,WT NB OpCo 1 Limited
The Orchards,"2 Forsythia Road,,Ely",CB6 2FU,1353885900,https://www.greensleeves.org.uk/care-homes/the-orchards-ely-cambridge/,Residential homes,Cambridgeshire,East,Greensleeves Homes Trust
1 Stratton Road,"1 Stratton Road,Pewsey",SN9 5DY,1672563429,https://www.innovationswiltshireltd.co.uk,Residential homes,Wiltshire,South West,Innovations Wiltshire Limited
97 Old Street,"97 Old Street,Stubbington,Fareham",PO14 3HG,1329668319,https://www.achievetogether.co.uk,Residential homes,Hampshire,South East,Achieve Together Limited
Aspect House,"126 Banner Lane,Tile Hill,Coventry",CV4 9GH,2476462506,https://www.aspectscare.co.uk,Residential homes,Coventry,West Midlands,Aspects Care Homes Ltd
1 Sheringham Avenue,"1 Sheringham Avenue,Oakwood,London",N14 4UB,2083605075,https://www.voyagecare.com,Residential homes,Enfield,London,Voyage 1 Limited
Eccleston Court Care Home,"Holme Road,Eccleston,St. Helens",WA10 5NW,1744453655,https://www.c-i-c.co.uk,Nursing homes,St. Helens,North West,Park Homes (UK) Limited
Raleigh Manor Care Home,"13 Drakes Avenue,Exmouth",EX8 4AB,1395280000,https://www.barchester.com,Residential homes,Devon,South West,Barchester Healthcare Homes Limited
Eastcliffe,"Sidecliff Road,Roker,Sunderland",SR6 9PX,1915484548,https://www.barchester.com,Residential homes,Sunderland,North East,Swanton Care & Community (Autism North) Limited
Muriel Street Resource Centre,"37 Muriel Street,Islington,London",N1 0TH,2078332249,https://www.careuk.com,Nursing homes,Islington,London,Care UK Community Partnerships Ltd
Seymour House,"9 Queenbridge Drive,Herne Bay",CT6 8HE,1227361395,https://www.achievetogether.co.uk,Residential homes,Kent,South East,Achieve Together Limited
Silvanna Court,"84 Runwell Road,Wickford",SS11 7HR,1268767384,https://www.runwoodhomes.co.uk,Residential homes,Essex,East,Runwood Homes Limited
Merecroft,"Seafield Lane,Alvechurch,Birmingham",B48 7HN,1564829963,https://www.midwaycare.co.uk,Residential homes,Worcestershire,West Midlands,Midway Care Ltd
Terrington Lodge,"2 Lynn Road,Terrington St Clements,King's Lynn",PE34 4JX,1553829605,,Residential homes,Norfolk,East,ARMSCARE Limited
Walsingham Support – Hardy Drive,"23 Hardy Drive,Royston",SG8 5LZ,7445022231,,Residential homes,Hertfordshire,East,Walsingham Support
Muriel Street Resource Centre,"37 Muriel Street,Islington,London",N1 0TH,2078332249,https://www.careuk.com,Nursing homes,Islington,London,Care UK Care Services Limited
Willow Park,"Gloucester Terrace,Newcastle Upon Tyne",NE4 6RH,,,Nursing homes,Newcastle upon Tyne,North East,Careline Lifestyles (UK) Ltd
Raleigh Manor Care Home,"13 Drakes Avenue,Exmouth",EX8 4AB,1395280000,,Residential homes,Devon,South West,Scarborough Hall Limited
Oakland Village & Community Care Centre,"Oakland Village,Hall Farm Road,Swadlincote",DE11 8LH,1629533474,,Residential homes,Derbyshire,East Midlands,Derbyshire County Council
Sea Breeze,"50 Salterns Lane,Hayling Island",PO11 9PJ,2392467349,https://www.dolphinhomes.co.uk,Residential homes,Hampshire,South East,Dolphin Homes Limited
St Anthony's,"Stourbridge Road,Wolverhampton",WV4 5NQ,1902893056,,Nursing homes,Staffordshire,West Midlands,Valorum Care Limited
Holgate House,"139 Holgate Road,York",YO24 4DF,1904654638,,Residential homes,York,Yorkshire & Humberside,Milewood Healthcare Ltd
Henleigh Hall,"20 Abbey Lane Dell,Sheffield",S8 0BZ,1142350472,,Nursing homes,Sheffield,Yorkshire & Humberside,Harbour Healthcare (North) Ltd
Mountjoy Road,"24 Mountjoy Road,Edgerton,Huddersfield",HD1 5PZ,1484432471,,Residential homes,Kirklees,Yorkshire & Humberside,Bridgewood Trust Limited
SENSE - 25 Horsegate,"Deeping St. James,Peterborough",PE6 8EW,1778347037,https://www.sense.org.uk,Residential homes,Lincolnshire,East Midlands,Sense
Nazareth House - Cheltenham,"London Road,Charlton Kings,Cheltenham",GL52 6YJ,1242516361,,Residential homes,Gloucestershire,South West,Nazareth Care Charitable Trust
New House,"94 Mill Lane,Beverley",HU17 9DH,1482867283,https://www.eastriding.gov.uk,Residential homes,East Riding of Yorkshire,Yorkshire & Humberside,East Riding of Yorkshire Council
Autism Together - 41 Church Road,"41 Church Road,Bebington,Wirral",CH63 3DY,1513347510,https://www.wirral.autistic.org,Residential homes,Wirral,North West,Autism Together
Magnolia House,"1 Cripple Street,Loose,Maidstone",ME15 6BA,1622747677,,Residential homes,Kent,South East,Caretech Community Services (No.2) Limited
Radcliffe House,"26 Eastfields,Radcliffe,Manchester",M26 4QE,1617247738,,Nursing homes,Bury,North West,Nestlings Care Ltd
Raby Hall,"Raby Hall Road,Bromborough,Wirral",CH63 0NN,1517375904,https://www.wirral.autistic.org,Residential homes,Wirral,North West,Autism Together
OSJCT Southfield House,"Woolram Wygate,Spalding",PE11 1PS,1775724612,https://www.osjct.co.uk,Residential homes,Lincolnshire,East Midlands,The Orders Of St. John Care Trust
St Matthew Road,"3-5 St Matthews Road,St Leonards On Sea",TN38 0TN,1424445924,https://aspens.org.uk,Residential homes,East Sussex,South East,Aspens Charities
Farnham Common House,"Beaconsfield Road,Farnham Common",SL2 3HU,1753669900,https://www.fremantletrust.org,Residential homes,Buckinghamshire,South East,The Fremantle Trust
Critchill Court,"Lynwood Close,Frome",BA11 4DP,1373461686,https://www.agincare.com,Residential homes,Somerset,South West,Agincare (Somerset) Limited
Tuscany House,"21A Horsham Road,Dorking",RH4 2JA,1306888304,https://www.achievetogether.co.uk,Residential homes,Surrey,South East,Achieve Together Limited
Bridge Haven,"Conyngham Lane,Bridge,Canterbury",CT4 5JX,1227831607,https://www.avantepartnership.org.uk,Residential homes,Kent,South East,Avante Care and Support Limited
Whitegates Care Home,"Westfield Lane,Westfield,Hastings",TN35 4SB,1424754865,https://www.greensleeves.org.uk/care-homes/whitegates-hastings/,Residential homes,East Sussex,South East,Greensleeves Homes Trust
Taigh Aisling,"Rectory Lane,Glinton,Peterborough",PE6 7LR,1733253558,https://www.kisimul.co.uk,Residential homes,Peterborough,East,Kisimul Group Limited
Beyer Lodge Nursing Home,"65 Taylor Street,Manchester",M18 8DF,1612237785,,Nursing homes,Manchester,North West,Making Space
Hope House,"Rishton Road,Clayton Le Moors,Accrington",BB5 5PN,1254397220,,Nursing homes,Lancashire,North West,DHCH14 Limited
Mountfitchet House,"Coltsfield,Stansted",CM24 8LH,1279818230,,Nursing homes,Essex,East,Care UK Care Services Limited
The Grove,"1 Palm Grove,Prenton",CH43 1TE,1516528078,,Nursing homes,Wirral,North West,Lentulus Properties Limited
Rose Cottage,"School Road,Broughton,Huntingdon",PE28 3AT,1487822550,https://www.greensleeves.org.uk/care-homes/rose-cottage-huntingdon/,Residential homes,Cambridgeshire,East,Greensleeves Homes Trust
Tigh Calman,"Wisbech Road,Thorney,Peterborough",PE6 0TD,1733271312,https://www.kisimul.co.uk,Residential homes,Peterborough,East,Kisimul Group Limited
Amethyst Lodge,"Station Road North,Belton,Great Yarmouth",NR31 9NW,1493780796,,Residential homes,Norfolk,East,Mrs Jennifer Grego
Sapphire House,"56 Long Lane,Bradwell,Great Yarmouth",NR31 8PW,1493296781,,Residential homes,Norfolk,East,Mrs Jennifer Grego
Ashley Drive,"4 Ashley Drive,Tylers Green,High Wycombe",HP10 8BQ,1494817307,https://www.hightownha.org.uk,Residential homes,Buckinghamshire,South East,Hightown Housing Association Limited
Dimensions Newton House,"10 Tanners Walk,Twerton,Bath",BA2 1RG,1225427433,https://www.dimensions-uk.org,Residential homes,Bath and North East Somerset,South West,Dimensions (UK) Limited
Bronte View,"Brow Top Road,Cross Roads,Keighley",BD22 9PH,1535643418,https://www.voyagecare.com,Residential homes,Bradford,Yorkshire & Humberside,Voyage 1 Limited
Turning Point - Hollygrove,"49 Roman Road,Salisbury",SP2 9BJ,1722415578,https://www.turning-point.co.uk,Residential homes,Wiltshire,South West,Turning Point
Comprigney Vean,"Comprigney Hill,Truro",TR1 3EF,1637416444,https://www.switchedoncare.com,Residential homes,Cornwall,South West,Green Light PBS Limited
Glenwood Care Home,"Liverpool Road,Widnes",WA8 7HX,1514205945,https://www.c-i-c.co.uk,Nursing homes,Halton,North West,Community Integrated Care
Woodside Grange Care Home,"Teddar Avenue,Thornaby,Stockton On Tees",TS17 9JP,1642762029,https://www.smcgroup.co.uk,Nursing homes,Stockton-on-Tees,North East,St. Martin's Care Limited
Moorland House,"Station Road,Hathersage,Hope Valley",S32 1DD,1433650582,https://mha.org.uk/care-support/care-homes/moorland-house,Residential homes,Derbyshire,East Midlands,Methodist Homes
Queensway House,"Weston Road,Stafford",ST16 3TF,1785226417,https://mha.org.uk/care-support/care-homes/weston-queensway,Nursing homes,Staffordshire,West Midlands,Methodist Homes
Eversfield,"56 Reigate Road,Reigate",RH2 0QR,1737229899,https://www.efhl.co.uk,Nursing homes,Surrey,South East,Elizabeth Finn Homes Limited
Torkington House,"Creswick Road,Acton,London",W3 9HF,2089925187,https://www.greensleeves.org.uk/care-homes/torkington-house-acton-west-london/,Residential homes,Ealing,London,Greensleeves Homes Trust
The Old Downs Care Centre,"Castle Hill,Hartley,Dartford",DA3 7BH,1474702146,https://www.nellsar.com,Nursing homes,Kent,South East,Nellsar Limited
Walton Lodge,"316 Bawtry Road,Doncaster",DN4 7PD,1302868897,,Residential homes,Doncaster,Yorkshire & Humberside,Walton Lodge Limited
Falcon House Care Home,"2 Middle Street,Beeston,Nottingham",NG9 1FX,1159228151,,Nursing homes,Nottinghamshire,East Midlands,Minster Care Management Limited
Vi and John Rubens House,"39 Clarence Avenue,Gants Hill,Ilford",IG2 6JH,2085186599,,Nursing homes,Redbridge,London,Jewish Care
Calway House,"Calway Road,Taunton",TA1 3EQ,1823333283,https://www.somersetcare.co.uk,Nursing homes,Somerset,South West,Somerset Care Limited
Carmel Lodge Care Home,"London Road,Adlington,Macclesfield",SK10 4NJ,1625856790,,Nursing homes,Cheshire East,North West,Maria Mallaband Limited
26 St Barnabas Road,"Emmer Green,Reading",RG4 8RA,1189461775,https://www.voyagecare.com,Residential homes,Reading,South East,Voyage 1 Limited
The Martlets,"Fairlands,East Preston",BN16 1HS,1903788100,https://www.shaw.co.uk,Nursing homes,West Sussex,South East,Shaw Healthcare Limited
Burleys Wood,"Furnace Drive,Furnace Green,Crawley",RH10 6JE,1293554660,https://www.shaw.co.uk,Nursing homes,West Sussex,South East,Shaw Healthcare Limited
Adult Pathways 1,"Mill Lane,Alderley Edge",SK9 7UD,1565640070,https://www.davidlewis.org.uk,Nursing homes,Cheshire East,North West,The David Lewis Centre
Quiet Waters,"8 Thorndon Avenue,West Horndon,Brentwood",CM13 3TT,1277812466,https://www.voyagecare.com,Residential homes,Essex,East,Voyage 1 Limited
Queenwood,"Cliffgrove Avenue,Nottingham",NG9 4DP,1159221037,,Nursing homes,Nottinghamshire,East Midlands,Your Care Provider Ltd
Abigail Lodge,"Gloucester Road,Delves Lane,Consett",DH8 7LB,1207261249,https://www.harbourhealthcare.co.uk,Nursing homes,County Durham,North East,Harbour Healthcare (North) Ltd
Jubilee House,"Bronshill Road,Torquay",TQ1 3HA,7846018937,https://www.aldcare.com,Nursing homes,Torbay,South West,ADL Plc
Belmont House Nursing Home,"75 Worcester Road,Sutton",SM2 6ND,2086527900,https://hwww.ariacare.co.uk/find-a-home/belmont-house-in-sutton/,Nursing homes,Sutton,London,Aria Healthcare Group LTD
Archers Court,"Archer Road,Sunderland",SR3 3DJ,1915282526,https://www.orchardcarehomes.com/carehomes/archers-court-farringdon-sunderland,Nursing homes,Sunderland,North East,Indigo Care Services Limited
Hollymere House General Nursing Home,"72 Crewe Road,Haslington,Crewe",CW1 5QZ,1325351100,,Nursing homes,Cheshire East,North West,WT NB OpCo 1 Limited
Coniston House,"56 Middle Gordon Road,Camberley",GU15 2HT,7394000985,https://www.nouvita.co.uk,Residential homes,Surrey,South East,Psycare Limited
Stoneleigh,"1 Eastern Drive,Liverpool",L19 0NB,1772424265,,Residential homes,Liverpool,North West,Cedar Health And Wellbeing Limited
Field View,"Hesleden Road,Blackhall,Hartlepool",TS27 4LH,1912833964,https://www.mmcgcarehomes.co.uk,Nursing homes,County Durham,North East,MMCG (CCH) (2) Limited
Trescott Road,"8 Trescott Road,Northfield,Birmingham",B31 5QA,1214759585,https://www.reachthecharity.org.uk,Residential homes,Birmingham,West Midlands,Trident Reach The People Charity
Guildford House Care Home,"The Astolat Business Park,Astolat Way, Peasmarsh,Guildford",GU3 1NE,1483367041,https://www.averyhealthcare.co.uk/care-homes/surrey/guildford/guildford-house/,Nursing homes,Surrey,South East,Willow Tower Opco 1 Limited
Garswood House Residential Care Home,"Garswood House,Wentworth Road, Ashton In Makerfield,Wigan",WN4 9TZ,,https://www.minstercaregroup.co.uk,Nursing homes,Wigan,North West,Croftwood Care UK Limited
Queens Court,"1 Dedworth Road,Windsor",SL4 5AZ,1753967930,,Nursing homes,Windsor and Maidenhead,South East,Care UK Community Partnerships Ltd
Wykebeck Court Care Home,"York Road,Leeds",LS9 6NH,1133682020,https://www.bupa.com,Nursing homes,Leeds,Yorkshire & Humberside,Bupa Care Homes (ANS) Limited
Twyford House,"Richard Woodcock Way,Alsager,Stoke-On-Trent",ST7 2FD,1270323443,,Nursing homes,Cheshire East,North West,Lovett Care Limited
Eccleshare Court,"Ashby Avenue,Lincoln",LN6 0ED,1522695458,https://www.countrycourtcare.co/our-homes/eccleshare-court-care-nursing-home,Nursing homes,Lincolnshire,East Midlands,Country Court Care Homes Limited
Marner House,"79 Fitton Street,Nuneaton",CV11 5RZ,2476641492,https://www.voyagecare.com,Residential homes,Warwickshire,West Midlands,Voyage 1 Limited
Bennerley Fields Centre,"22 Bennerley Avenue,Ilkeston",DE7 8PF,1629531606,,Residential homes,Derbyshire,East Midlands,Derbyshire Community Health Services NHS Foundation Trust
Maranello,"Walden Road,Thaxted",CM6 2RE,,,Residential homes,Essex,East,Zero Three Care Homes LLP
Harry Priestley House,"30 Fieldside,Thorne,Doncaster",DN8 4BQ,1405814777,https://www.rmbi.org.uk,Residential homes,Doncaster,Yorkshire & Humberside,The Royal Masonic Benevolent Institution Care Company
Tony Long House,"18 Shaplands,Casson Road,Swindon",SN3 4FF,1793821791,,Residential homes|Homecare agencies,Swindon,South West,Sanctuary Home Care Limited
Amberley House Care Home,"The Crescent,Truro",TR1 3ES,1872271921,,Nursing homes,Cornwall,South West,Minster Care Management Limited
Holly House,"6 Blackburn Road,Rishton,Blackburn",BB1 4BS,2031492890,,Residential homes,Lancashire,North West,Cedar Health And Wellbeing Limited
Sleaford Manor Care Home,"Waddington Road,Sleaford",NG34 6AR,1529543111,,Residential homes,Lincolnshire,East Midlands,Care UK Care Services Limited
The Sycamores and The Poplars,"High Street,Warsop,Mansfield",NG20 0AA,1623542860,,Nursing homes,Nottinghamshire,East Midlands,Lentulus Properties Limited
Westbury House,"2 Blenheim Road,Deal",CT14 7DB,1304360696,https://www.voyagecare.com,Residential homes,Kent,South East,Voyage 1 Limited
Orford House Residential Care Home,"Woodcote Park,Meadow Hill,Coulsdon",CR5 2XN,2086602875,https://www.fote.org.uk,Residential homes,Sutton,London,Friends of the Elderly
Broadoak Grange,"Sandy Lane,Melton Mowbray",LE13 0AN,1664562008,,Residential homes,Leicestershire,East Midlands,Broadoak Group of Care Homes
Sharnbrook House,"High Street,Sharnbrook,Bedford",MK44 1PB,1234781294,https://www.greensleeves.org.uk/care-homes/sharnbrook-house-bedfordshire/,Residential homes,Bedford,East,Greensleeves Homes Trust
Rosetrees,"Asher Loftus Way,Colney Hatch Lane, Friern Barnet,London",N11 3ND,2033010250,,Residential homes,Barnet,London,Jewish Care
The Oaks,"91 Hulbert Road,Bedhampton,Havant",PO9 3TB,2392474476,https://www.dolphinhomes.co.uk,Residential homes,Hampshire,South East,Dolphin Homes Limited
Dryad Spinney,"West Common,Langley,Southampton",SO45 1XP,2380897120,https://www.voyagecare.com,Residential homes,Hampshire,South East,Voyage 1 Limited
Stapleton House,"Borough Road,Jarrow",NE32 5BL,1914300179,,Nursing homes,South Tyneside,North East,Landona House Limited
Mills Meadow,"Fore Street,Framlingham,Woodbridge",IP13 9DF,3333211983,,Residential homes,Suffolk,East,Care UK Care Services Limited
Windsor Road,"30 Windsor Road,Ansdell,Lytham St. Annes",FY8 1AH,1253731424,,Residential homes,Lancashire,North West,Waythrough
Colne View,"Dame Mary Walk,Halstead",CO9 2FF,1787478473,,Nursing homes,Essex,East,Care UK Care Services Limited
Silverbirch,"171 Windsor Avenue,Wolverhampton",WV4 4BJ,7530880120,,Residential homes,Wolverhampton,West Midlands,Aston Transitional Care Limited
Ashlea Court Care Home,"Church Lane,Waltham,Grimsby",DN37 0ES,1472825225,https://www.winniecare.co.uk,Residential homes,North East Lincolnshire,Yorkshire & Humberside,Roseberry Care Centres GB Limited
Castle Lodge Care Home,"Mere,Warminster",BA12 6LA,1733571951,,Residential homes,Wiltshire,South West,Country Court Care Homes 2 Limited
Woodland Court Care Home,"Guinevere Road,Beacon Park, Gorleston,Great Yarmouth",NR31 7RW,1493923350,,Residential homes,Norfolk,East,Care UK Care Services Limited
St Catherines Nursing Home,"152 Burngreave Road,Sheffield",S3 9DH,1142723523,,Nursing homes,Sheffield,Yorkshire & Humberside,Regal Care Trading Ltd
Colne View,"Dame Mary Walk,Halstead",CO9 2FF,1787478473,,Nursing homes,Essex,East,Care UK Community Partnerships Ltd
Avenleigh,"3 Denison Road,Selby",YO8 8DA,1757703884,,Residential homes,North Yorkshire,Yorkshire & Humberside,Valorum Care Limited
Alexander House Care Home,"Savile Park Road,Halifax",HX1 2XH,1422345666,,Residential homes,Calderdale,Yorkshire & Humberside,Valorum Care Limited
Garden House,"174 Main Street,Spittal,Berwick Upon Tweed",TD15 1RD,1289330942,https://www.wellburncare.co.uk,Residential homes,Northumberland,North East,Wellburn Care Homes Limited
The Old Rectory,"Stubb Lane,Brede,Rye",TN31 6EH,1424882600,https://www.prioryadultcare.co.uk,Residential homes,East Sussex,South East,Parkcare Homes (No.2) Limited
Elderwood House,"57 Top Dartford Road,Hextable,Swanley",BR8 7SG,,,Residential homes,Kent,South East,Barchester Healthcare Homes Limited
Elderwood House,"57 Top Dartford Road,Hextable,Swanley",BR8 7SG,,,Residential homes,Kent,South East,Scarborough Hall Limited
Coppice House,"Main Road,Huntley,Gloucester",GL19 3DZ,1452831896,https://www.choicecaregroup.com,Residential homes,Gloucestershire,South West,Community Homes of Intensive Care and Education Limited
Brindley Court,"Station Street,Longport,Stoke-on-trent",ST6 4ND,1325351100,,Nursing homes,Stoke-on-Trent,West Midlands,WT NB OpCo 1 Limited
Hollie Hill,"Durham Road,Stanley",DH9 6QZ,1207280949,,Nursing homes,County Durham,North East,Harbour Healthcare (North) Ltd
The Paddocks,"Heath Farm, Heath Road,Ashby De La Launde,Lincoln",LN4 3JD,1526322444,https://www.autismcareuk.com,Residential homes,Lincolnshire,East Midlands,Autism Care (UK) Limited
Riverbank,"2a Park Road,Hull",HU3 1TH,1482223406,,Nursing homes,"Kingston upon Hull, City of",Yorkshire & Humberside,Parkcare Homes (No.2) Limited
Evergreen Lodge,"21 South Park Hill Road,South Croydon",CR2 7DY,2086887711,,Residential homes,Croydon,London,Parkcare Homes (No.2) Limited
Yew Tree Lodge,"17-19 Redlands Road,Reading",RG1 5HX,1189313534,,Residential homes,Reading,South East,Parkcare Homes (No.2) Limited
Cragston Court Rehabilitation Service,"Sunnyway,Newcastle Upon Tyne",NE5 3SD,1912864443,,Nursing homes,Newcastle upon Tyne,North East,Parkcare Homes (No.2) Limited
Penfold Lodge,"8-10 Penfold Road,Clacton-on-sea",CO15 1JN,1255223311,,Residential homes,Essex,East,Parkcare Homes (No.2) Limited
Puddingstone Grange,"82 Plumstead Common Road,Plumstead,London",SE18 3RD,2083170912,,Nursing homes,Greenwich,London,Avante Care and Support Limited
Meadway Court,"Bramhall,Stockport",SK7 1JZ,1614408150,https://www.boroughcare.org.uk,Residential homes,Stockport,North West,Borough Care Ltd
Princess Christian Residential and Nursing Care Home,"Stafford Lake,Knaphill,Woking",GU21 2SJ,1483488917,https://www.nellsar.com,Nursing homes,Surrey,South East,Nellsar Limited
Meyer House Nursing and Residential Care Home,"28 Meyer Road,Erith",DA8 3SJ,1322338329,https://www.nellsar.com,Nursing homes,Bexley,London,Nellsar Limited
Stella & Harry Freedman House,"Asher Loftus Way,Colney Hatch Lane, Friern Barnet,London",N11 3ND,2030961460,https://www.jewishcare.org,Nursing homes,Barnet,London,Jewish Care
St Winifreds Care Centre,"236 London Road,Deal",CT14 9PP,1304375758,https://www.nellsar.com,Nursing homes,Kent,South East,Nellsar Limited
Lindisfarne Ouston,"Front Street,Ouston,Chester Le Street",DH2 1QT,1914922891,https://www.gainfordcarehomes.com,Nursing homes,County Durham,North East,Gainford Care Homes Limited
Lindisfarne CLS Residential,"Whitehill Park,Chester Le Street",DH2 2EP,1913883717,https://www.gainfordcarehomes.com,Nursing homes,County Durham,North East,Gainford Care Homes Limited
Laburnum Lodge,"Breightmet Fold Lane,Bolton",BL2 6PP,1204335455,https://www.bolton.gov.uk,Nursing homes,Bolton,North West,Bolton Council
Rosedale/Rosewood,"5-7 Flaxton Street,Hartlepool",TS26 9JY,1429269249,https://www.c-i-c.co.uk,Residential homes,Hartlepool,North East,Community Integrated Care
The Grange,"69 Southend Road,Wickford",SS11 8DX,1268766466,https://www.runwoodhomes.co.uk,Residential homes,Essex,East,Runwood Homes Limited
Broomhills,"Stambridge Road,Rochford",SS4 2AQ,1702542630,https://www.runwoodhomes.co.uk,Residential homes,Essex,East,Runwood Homes Limited
Mill River Lodge,"Dukes Square,Denne Road,Horsham",RH12 1JF,1403227070,https://www.shaw.co.uk,Nursing homes,West Sussex,South East,Shaw Healthcare Limited
Warmere Court,"Downview Way,Yapton,Arundel",BN18 0HN,1243551827,https://www.shaw.co.uk,Nursing homes,West Sussex,South East,Shaw Healthcare Limited
Hayward Care Centre,"Corn Croft Lane,Off Horton Road,Devizes",SN10 2JJ,1380722623,https://www.osjct.co.uk,Nursing homes,Wiltshire,South West,The Orders Of St. John Care Trust
Florida House,"166 Tulketh Road,Ashton-on-ribble,Preston",PR2 1ER,1613835361,,Residential homes,Lancashire,North West,Care In Mind Limited
Irchester 168,"168 Station Road,Irchester,Wellingborough",NN29 7EW,1604811838,,Residential homes,North Northamptonshire,East Midlands,Achieve Together Limited
Miller House Care Home,"Building 5, 77 Oldham Road,Shaw,Oldham",OL2 8SP,,,Nursing homes,Oldham,North West,Wellington Healthcare (Arden) Ltd
Hawthorns Lodge,"8 High Street,Loftus,Saltburn-by-the-sea",TS13 4HW,1287641508,,Nursing homes,Redcar and Cleveland,North East,Landona House Limited
St Catherine’s,"5 Queen Street,Horwich,Bolton",BL6 5QU,1204668740,https://www.harbourhealthcare.co.uk,Nursing homes,Bolton,North West,Harbour Healthcare (North) Ltd
Mountfitchet House,"Coltsfield,Stansted",CM24 8LH,3333211932,,Nursing homes,Essex,East,Care UK Community Partnerships Ltd
Paddock Stile Manor,"Philadelphia Lane,Newbottle,Houghton-le-Spring",DH4 4ES,1915848159,https://www.orchardcarehomes.com/carehomes/paddock-stile-manor-newbottle-houghton-le-spring,Nursing homes,Sunderland,North East,Indigo Care Services Limited
Waterfield House,"Grays Close,Hadleigh,Ipswich",IP7 6AG,1473829103,https://www.runwoodhomes.co.uk,Nursing homes,Suffolk,East,Runwood Homes Limited
Paisley Lodge,"Hopton Mews,Leeds",LS12 3UA,1132632488,https://www.orchardcarehomes.com/carehomes/paisley-lodge-armley-leeds,Nursing homes,Leeds,Yorkshire & Humberside,Indigo Care Services Limited
Rowan Close,"10-11 Rowan Close,Bursledon,Southampton",SO31 8LF,2380407870,,Residential homes,Hampshire,South East,FitzRoy Support
Riverway Lodge,"Radcliffe Crescent,Thornaby,Stockton-on-tees",TS17 6BS,,,Nursing homes,Stockton-on-Tees,North East,Voyage 1 Limited
Lansbury Court,"Parkhouse Avenue,Castletown,Sunderland",SR5 3DF,1915493950,https://www.orchardcarehomes.com/carehomes/lansbury-court-castletown-sunderland,Nursing homes,Sunderland,North East,Indigo Care Services Limited
Hawthorne House,"Jardine Crescent,Coventry",CV4 9QS,2476474500,https://www.smhc.uk.com,Nursing homes,Coventry,West Midlands,St. Matthews Limited
Westwood,"Talbot Road,Worksop",S80 2PG,1909533690,,Nursing homes,Nottinghamshire,East Midlands,Runwood Homes Limited
Hulton House,"City Gate,Gallowgate,Newcastle Upon Tyne",NE1 4PA,1204433656,https://www.nestlingscare.com,Nursing homes,Newcastle upon Tyne,North East,Nestlings Care Ltd
Park View,"Priory Road,Warwick",CV34 4ND,1926493883,,Residential homes,Warwickshire,West Midlands,Runwood Homes Limited
Copperclay Mews,"Copperclay Walk,Easingwold,York",YO61 3QN,1302866906,,Residential homes,North Yorkshire,Yorkshire & Humberside,The Hesley Group Limited
Jasmine at Primrose,"Primrose 2, The Meadows,Horton Lane,Epsom",KT19 8PB,1372203445,https://www.sapb.nhs.uk,Residential homes,Surrey,South East,Surrey and Borders Partnership NHS Foundation Trust
Weavers Grange,"Sudbury Road,Halstead",CO9 2BB,1787472418,https://www.stowhealthcare.co.uk,Nursing homes,Essex,East,Stow Healthcare Group Limited
Lyndhurst,"5 Carlton Road,Liversedge",WF15 7DG,1613835334,,Residential homes,Kirklees,Yorkshire & Humberside,Care In Mind Limited
Lulworth House Dementia Residential Care Home,"Queens Avenue,Maidstone",ME16 0EN,1622683231,https://www.nellsar.com,Residential homes,Kent,South East,Nellsar Limited
Orchard Grove Reablement Centre,"Devon Road,Whitehall,Bristol",BS5 9AD,1179396681,https://www.brunelcare.org.uk,Nursing homes,"Bristol, City of",South West,Brunelcare
Holly House,"Hall Lane,Houghton Le Spring",DH5 8DA,1915121652,https://www.espa.org.uk,Residential homes,Sunderland,North East,Education and Services for People with Autism Limited
Marsh House,"Marsh House,Ulnes Walton Lane,Leyland",PR26 8LT,1772600991,,Residential homes,Lancashire,North West,DHCH14 Limited
Halcon House,"Hamilton Road,Taunton",TA1 2EP,1823353447,https://www.somersetcare.co.uk,Residential homes,Somerset,South West,Somerset Care Limited
Bath Road,"77-79 Bath Road,Swindon",SN1 4AX,1793538074,https://www.rethink.org,Residential homes,Swindon,South West,Rethink Mental Illness
Glenfield,"20 Groby Road,Glenfield,Leicester",LE3 8GJ,1162877837,https://www.heathcotes.net,Residential homes,Leicestershire,East Midlands,Heathcotes Care Limited
Dashwood Manor,"Bradley Way,Basingstoke",RG23 7GF,3300583251,,Nursing homes,Hampshire,South East,Care UK Care Services Limited
Stone Barton Short Break,"37 Stone Barton Close,Plymouth",PL7 4LN,7823402285,,Residential homes,Plymouth,South West,Selborne Care Limited
Tigh Fruin,"40a Main Street,Hayton,Retford",DN22 9LL,1777710679,https://www.kisimul.co.uk,Residential homes,Nottinghamshire,East Midlands,Kisimul Group Limited
The Vines,"Innhams Wood,Crowborough",TN6 1TE,1892610414,,Residential homes|Rehabilitation (illness/injury),East Sussex,South East,Parkcare Homes (No.2) Limited
The Priory Highbank Centre,"Walmersley House,Walmersley Road,Bury",BL9 5LX,1706829540,,Nursing homes|Rehabilitation (illness/injury),Bury,North West,Parkcare Homes (No.2) Limited
The Elton Unit,"Walshaw Road,Bury",BL8 3AS,1617054950,,Nursing homes|Rehabilitation (illness/injury),Bury,North West,Parkcare Homes (No.2) Limited
Priory Egerton Road,"18 Egerton Road,Bexhill-on-sea",TN39 3HH,,,Residential homes|Rehabilitation (illness/injury),East Sussex,South East,Parkcare Homes (No.2) Limited
Westfield Park Care Home,"Westfield Lane,Hook,Goole",DN14 5PW,1405761021,,Residential homes,East Riding of Yorkshire,Yorkshire & Humberside,Care UK Care Services Limited
Westfield Park Care Home,"Westfield Lane,Hook,Goole",DN14 5PW,1405761021,,Residential homes,East Riding of Yorkshire,Yorkshire & Humberside,WT UK Opco 4 Limited
Richmond Village Cheltenham,"Care Home,Hatherley Lane,Cheltenham",GL51 6PN,1242474333,https://www.richmond-villages.com,Nursing homes,Gloucestershire,South West,Richmond Villages Operations Limited
Holmlea,"Lincoln Road,East Markham,Newark",NG22 0SS,1777870656,https://www.kisimul.co.uk,Residential homes,Nottinghamshire,East Midlands,Kisimul Group Limited
Nelson Lodge,"Whinfell Close, Off Nelson Road,Eaton Socon,St Neots",PE19 8AB,1480479100,https://www.anchor.org.uk,Residential homes,Cambridgeshire,East,Anchor Hanover Group
Mandalay,"The Street,Marham,King's Lynn",PE33 9HP,1760444175,,Residential homes,Norfolk,East,Achieve Together Limited
Sandycroft,"Brook Lane,Rixton,Warrington",WA3 6DT,1925948710,https://www.brightfuturescare.co.uk,Residential homes,Warrington,North West,Bright Futures Care Limited
Maple Lodge,"Arncliffe Road,Liverpool",L25 9PA,1514481621,,Residential homes,Knowsley,North West,DHCH14 Limited
121 Watleys End Road,"Winterbourne,Bristol",BS36 1QG,1454250232,https://www.milestonestrust.org.uk,Nursing homes,South Gloucestershire,South West,Milestones Trust
Hugh Myddelton House,"25 Old Farm Avenue,Southgate,London",N14 5QR,2088864099,https://www.barchester.com,Nursing homes,Enfield,London,Barchester Healthcare Homes Limited
Westwood House,"9 Westwood Hill,Sydenham,London",SE26 6BQ,2087767065,https://www.barchester.com,Nursing homes,Lewisham,London,Barchester Healthcare Homes Limited
Alveston Leys Care Home,"Kissing Tree Lane,Alveston,Stratford Upon Avon",CV37 7QN,1789204391,,Nursing homes,Warwickshire,West Midlands,Bupa Care Homes (ANS) Limited
Cragside,"207 Scar Lane,Milnsbridge,Huddersfield",HD3 4PZ,1484460051,,Residential homes,Kirklees,Yorkshire & Humberside,Valeo Limited
Addison Court,"Wesley Grove,Crawcrook,Ryton",NE40 4EP,1914133333,https://www.heathefieldcaregroup.com,Nursing homes,Gateshead,North East,Malhotra Care Homes Limited
Weaver House,"143 Bedworth Road,Bulkington,Bedworth",CV12 9LJ,2476315714,https://www.voyagecare.com,Residential homes,Warwickshire,West Midlands,Voyage 1 Limited
Oat Hill Mews,"Leicester Road,Market Harborough",LE16 7AX,1858894794,https://www.careuk.com/care-homes/oat-hill-mews-market-harborough,Residential homes,Leicestershire,East Midlands,Care UK Community Partnerships Ltd
The Grange,"28 Leeds Road,Selby",YO8 4HX,1757210221,https://www.stphilipscare.com,Nursing homes,North Yorkshire,Yorkshire & Humberside,St Philips Care Limited
Harcourt Gardens Care Home,"6 Harcourt Road,Harrogate",HG1 5NL,1423800349,,Nursing homes,North Yorkshire,Yorkshire & Humberside,Care UK Care Services Limited
Oak House,"10A Victoria Road,Diss",IP22 4HE,1379644444,,Residential homes,Norfolk,East,Parkcare Homes (No.2) Limited
Hill House,"Station Road,St. Mary,Diss",IP21 4QT,1379608209,,Residential homes,Norfolk,East,Parkcare Homes (No.2) Limited
The Croft,"17 Croft Lane,Diss",IP22 4NA,1379651666,,Residential homes,Norfolk,East,Parkcare Homes (No.2) Limited
Harcourt Gardens Care Home,"6 Harcourt Road,Harrogate",HG1 5NL,1423800349,,Nursing homes,North Yorkshire,Yorkshire & Humberside,WT UK Opco 4 Limited
50 Vassall Road,"Fishponds,Bristol",BS16 2LW,1179659983,https://www.milestonestrust.org.uk,Residential homes,"Bristol, City of",South West,Milestones Trust
Jacob's Lodge,"Jacob's Gutter Lane,Hounsdown,Totton",SO40 9FT,1329854812,,Residential homes,Hampshire,South East,Hampshire County Council
Fourways,"Four Ways Cottage,Hemel Hempstead Road, Dagnall,Berkhamsted",HP4 1QR,7988810861,,Residential homes,Central Bedfordshire,East,London Paramount Care Ltd
Holly Oak Care Centre,"Drake Lane,Dursley",GL11 5HA,1453541400,,Nursing homes,Gloucestershire,South West,WT UK Opco 4 Limited
Lothian House Care Home,"Clyde Terrace,Spennymoor",DL16 7SG,1388811488,,Residential homes,County Durham,North East,WT HI OpCo 1 Limited
Somerville,"4 Somerville,Poulton Road,Wallasey",CH44 9ED,1516398522,https://www.potens-uk.com,Residential homes,Wirral,North West,Potensial Limited
The Oakes Care Centre,"Willwood Avenue,Huddersfield",HD3 4YA,1325351100,,Residential homes,Kirklees,Yorkshire & Humberside,WT NB OpCo 1 Limited
Acorn Close,"2 Cotton Mill Crescent,Shepshed",LE12 9DR,1509504279,https://www.prime-life.co.uk,Residential homes,Leicestershire,East Midlands,Prime Life Limited
44 Newbold Road,"44 Newbold Road,Chesterfield",S41 7PL,1246899012,https://www.potens-uk.com,Residential homes,Derbyshire,East Midlands,Potensial Limited
Thomas Edward Mitton House,"Belvoir Avenue,Emerson Valley,Milton Keynes",MK4 2JA,1908504778,,Residential homes|Rehabilitation (illness/injury),Milton Keynes,South East,The Disabilities Trust
Dimensions Somerset Jasmine,"Jasmine,Dod Lane,Glastonbury",BA6 8BZ,1458834502,,Residential homes,Somerset,South West,Dimensions Somerset Sev Limited
Hawthorn Lodge Care Home,"Beckhampton Road,Bestwood Park,Nottingham",NG5 5LF,1159676735,,Residential homes,Nottingham,East Midlands,Regal Care Trading Ltd
Holly Oak Care Centre,"Holly Drive,Drake Lane,Dursley",GL11 5HA,1453541400,,Nursing homes,Gloucestershire,South West,Care UK Care Services Limited
The Malthouse Care Home,"Bay Road,Gillingham",SP8 4EW,1747822667,https://www.healthcarehomes.co.uk,Residential homes,Dorset,South West,Healthcare Homes Group Limited
Tunbridge Wells Care Centre,"142 Upper Grosvenor Road,Tunbridge Wells",TN1 2ED,1892618721,,Nursing homes,Kent,South East,Ventas UK Opco Limited
Tresleigh,"Fore Street,Grampound Road,Truro",TR2 4DU,1637416444,https://www.switchedoncare.com,Residential homes,Cornwall,South West,Green Light PBS Limited
St Edith's Court,"18 Hillside Crescent,Leigh On Sea",SS9 1EN,1702480688,https://www.anchor.org.uk,Residential homes,Southend-on-Sea,East,Anchor Hanover Group
Hansa Lodge,"58 Farm Road,Rainham",RM13 9LG,1708557369,https://www.cygnethealth.co.uk,Residential homes,Havering,London,Cygnet Learning Disabilities Midlands Limited
Tye Green Lodge,"Tye Green Village,Yorkes,Harlow",CM18 6QY,1279770500,https://www.quantumcare.co.uk,Residential homes,Essex,East,Quantum Care Limited
Hazell Court,"Acton Lane,Sudbury",CO10 1QN,1787373542,https://www.thepartnershipincare.co.uk,Nursing homes|Rehabilitation (illness/injury),Suffolk,East,The Partnership In Care Limited
Walsingham Support - 19 Beech Avenue,"Walsingham,Smithfield,Egremont",CA22 2QA,1946824885,https://www.walsingham.com,Residential homes,Cumberland,North West,Walsingham Support
Springwood,"611 Herries Road,Sheffield",S5 8TN,1142325472,https://www.sheffcare.co.uk,Residential homes,Sheffield,Yorkshire & Humberside,SheffCare Limited
The Springs Care Home,"Spring Lane,Malvern",WR14 1AL,1684571300,,Nursing homes,Worcestershire,West Midlands,Bupa Care Homes (CFChomes) Limited
Bluebell Park,"Royal Glen Park,Rowallan Way, Chellaston,Derby",DE73 5XE,1332706960,https://www.barchester.com,Nursing homes,Derby,East Midlands,Barchester Healthcare Homes Limited
Burscough Manor,"75 Liverpool Road South,Burscough,Ormskirk",L40 7SU,1695760760,https://www.sandstonecare.co.uk,Nursing homes,Lancashire,North West,Sandstone Care North West Limited
Ashton View Nursing Home,"Wigan Road,Ashton-in-makerfield,Wigan",WN4 9BJ,1942722988,,Nursing homes,Wigan,North West,DHCH14 Limited
County Homes,"40 New Hey Road,Wirral",CH49 5LE,1516040022,,Nursing homes,Wirral,North West,Bondcare Willington Limited
Albert Lodge,"21 Victoria Road North,Southsea",PO5 1PL,2392837545,https://www.choicecaregroup.com,Residential homes,Portsmouth,South East,Community Homes of Intensive Care and Education Limited
Eggleton House,"117 Miswell Lane,Tring",HP23 4EU,3308187400,https://www.careuk.com/care-homes/eggleton-house-tring,Residential homes,Hertfordshire,East,Care UK Care Services Limited
Eggleton House,"117 Miswell Lane,Tring",HP23 4EU,3308187400,https://www.careuk.com/care-homes/eggleton-house-tring,Residential homes,Hertfordshire,East,WT UK Opco 4 Limited
Springwood Corner Care Home,"53 Ascot Road,Gravesend",DA12 5AL,1604675566,,Residential homes,Kent,South East,Willowbrook Healthcare Limited
Glebe Farm,"Green Lane,Upton,Huntingdon",PE28 5YE,1480702702,https://www.kingsleyspecialistservices.co.uk,Nursing homes,Cambridgeshire,East,Country Retirement & Nursing Homes Ltd
Foxhole House,"2 & 4 Creaz An Bre,Foxhole,St. Austell",PL26 7SN,1637416444,https://www.switchedoncare.com,Residential homes,Cornwall,South West,Green Light PBS Limited
Terry Yorath House,"18 Devonshire Close,Roundhay,Leeds",LS8 1BF,1132662445,https://www.saintjohnofgod.org.uk,Residential homes,Leeds,Yorkshire & Humberside,Saint John of God Hospitaller Services
Appletrees Care Home,"242 Stourbridge Road,Catshill,Bromsgrove",B61 9LE,1527877152,https://www.whitelodgecarehomes.co.uk,Nursing homes,Worcestershire,West Midlands,Whitelodge Alveley Limited
Heanor Park Care Home,"Ilkeston Road,Heanor",DE75 7DT,1159346090,https://www.ashmere.co.uk,Residential homes,Derbyshire,East Midlands,Ashmere Derbyshire Limited
St Saviours Road,"56 St Saviours Road,St Leonards On Sea",TN38 0AR,1424443657,https://aspens.org.uk,Residential homes,East Sussex,South East,Aspens Charities
Chocolate Works Care Village,"The Chocolate Works,Bishopthorpe Road,York",YO23 1DE,1904208008,,Nursing homes,York,Yorkshire & Humberside,Care UK Care Services Limited
Chocolate Works Care Village,"The Chocolate Works,Bishopthorpe Road,York",YO23 1DE,1904208008,,Nursing homes,York,Yorkshire & Humberside,WT UK Opco 4 Limited
Polesworth Group Newborough Close,"21 Newborough Close,Austrey,Atherstone",CV9 3EX,1827830570,https://www.polesworthhomes.co.uk,Residential homes,Warwickshire,West Midlands,Polesworth Group Homes Limited
Westgate House,"178 Romford Road,Forest Gate,London",E7 9HY,2085342281,https://www.barchester.com,Nursing homes,Newham,London,Barchester Healthcare Homes Limited
Roseneath Avenue,"15 Roseneath Avenue,Winchmore Hill,London",N21 3NE,2039882617,https://www.prioryadultcare.co.uk,Residential homes,Enfield,London,Parkcare Homes (No.2) Limited
351 Maidstone Road,"351 Maidstone Road,Wigmore,Gillingham",ME8 0HU,1634388513,https://www.voyagecare.com,Residential homes,Medway,South East,Voyage 1 Limited
Pittsmead Grange Care Home,"34 West Common Road,Bromley",BR2 7BX,2081947850,https://www.barchester.com,Residential homes,Bromley,London,Barchester Healthcare Homes Limited
Claremont Parkway,"Holdenby,Kettering",NN15 6XE,1536484494,,Nursing homes,North Northamptonshire,East Midlands,Barchester Healthcare Homes Limited
The Gables,"195 Ashby Road,Scunthorpe",DN16 2AQ,,,Residential homes,North Lincolnshire,Yorkshire & Humberside,Parkcare Homes (No.2) Limited
Hucknall,"Lancaster Road,Hucknall,Nottingham",NG15 6WG,1159680494,https://www.heathcotes.net,Residential homes,Nottinghamshire,East Midlands,Heathcotes Care Limited
Park View Apartments,"Wilsden Close,Allerton,Bradford",BD15 9FG,3333233977,https://www.thebridgecare.com,Residential homes,,Yorkshire & Humberside,The Bridge Community Care Limited
Iris Court Care Home,"Hitchin Road,Gosmore,Hitchin",SG4 7QH,1462414700,,Residential homes,Hertfordshire,East,Scarborough Hall Limited
Bailey Lodge Care Home,"Radwinter Road,Saffron Walden",CB11 3ZP,1799420173,https://www.careuk.com,Residential homes,,East,Care UK Care Services Limited
Long Stone Manor,"107 Manchester Road,Wilmslow",SK9 2JH,1625708200,,Residential homes,Cheshire East,North West,Care UK Care Services Limited
Squadron Manor,"101, New House Lane,Northfleet,Gravesend",DA11 7FF,1413331495,,Nursing homes,,South East,Simply Care Group UK Ltd
579 Maidstone Road,"579 Maidstone Road,Gillingham",ME8 0LQ,1634232419,https://www.voyagecare.com,Residential homes,Medway,South East,Voyage 1 Limited
Hilton House,"Hilton Road,Stoke on Trent",ST4 6QZ,1782634922,https://www.lovettcare.co.uk,Residential homes,Stoke-on-Trent,West Midlands,Lovett Care Limited
Windsor Street Care Centre,"35-37 Windsor Street,Cheltenham",GL52 2DG,1242545150,,Nursing homes,Gloucestershire,South West,The Orders Of St. John Care Trust
Maynell House,"Maynell House Residential Home,High Road East,Felixstowe",IP11 9PU,1394272731,https://www.healthcarehomes.co.uk,Residential homes,Suffolk,East,Healthcare Homes Group Limited
1a West Avenue,"Castle Bromwich,Birmingham",B36 0EB,1217484274,https://www.accordha.org.uk,Residential homes,Solihull,West Midlands,GreenSquareAccord Limited
Abbotsleigh Dementia Nursing and Residential Care Home,"George Street,Staplehurst",TN12 0RB,1580891314,https://www.nellsar.com,Nursing homes,Kent,South East,Nellsar Limited
Foxgrove Residential Home,"High Road East,Felixstowe",IP11 9PU,1394274037,https://www.healthcarehomes.co.uk,Residential homes,Suffolk,East,Healthcare Homes Group Limited
Carlton Drive Short Breaks Service,"Carlton Drive,Wigston",LE18 1DE,1163056753,https://www.leics.gov.uk,Residential homes,Leicestershire,East Midlands,Leicestershire County Council
53a Ipstones Avenue,"Stechford,Birmingham",B33 9DZ,1217846054,https://www.accordha.org.uk,Residential homes,Birmingham,West Midlands,GreenSquareAccord Limited
Northbourne Court,"Harland Avenue,Sidcup",DA15 7NU,2082699840,https://www.avantepartnership.org.uk,Residential homes,Bexley,London,Avante Care and Support Limited
Lonsdale Midlands Ltd - New Street North,"1-5 New Street North,West Bromwich",B71 4AQ,1215531755,,Residential homes,Sandwell,West Midlands,Lonsdale Midlands Limited
Lonsdale Midlands Limited - 290 Newton Road,"290 Newton Road,Great Barr,Birmingham",B43 6QU,,,Residential homes,Sandwell,West Midlands,Lonsdale Midlands Limited
The Spinnies,"Linby Lane,Linby,Nottingham",NG15 8AF,1159631844,https://www.creativecare.org.uk,Residential homes,Nottinghamshire,East Midlands,Creative Care (East Midlands) Limited
Amberley Lodge - Purley,"86 Downlands Road,Purley",CR8 4JF,2086680999,https://www.amberleylodgepurley.co.uk,Nursing homes,Croydon,London,Care UK Community Partnerships Ltd
Hill View,"213 Eastbourne Road,Polegate",BN26 5DU,1323488616,https://www.achievetogether.co.uk,Residential homes,East Sussex,South East,Achieve Together Limited
Oak Lodge,"213 Eastbourne Road,Polegate",BN26 5DU,1323488616,https://www.achievetogether.co.uk,Residential homes,East Sussex,South East,Achieve Together Limited
Oak House,"Forest Close,Wexham Road,Slough",SL2 4FA,1753528419,https://www.oakhouseslough.co.uk,Nursing homes,Slough,South East,Care UK Community Partnerships Ltd
Jubilee House,"Pound Lane,Godalming",GU7 1BX,1483420400,https://www.jubileehousegodalming.co.uk,Nursing homes,Surrey,South East,Care UK Community Partnerships Ltd
The Belmont,"John Comyn Drive,Worcester",WR3 7NS,1905590012,https://sandersseniorliving.co.uk/the-collection/the-belmont-care-home-worcester/,Residential homes,Worcestershire,West Midlands,Sanders Senior Living Limited
Wykeham House,"21 Russells Crescent,Wykeham House,Horley",RH6 7DJ,1293823835,https://www.barchester.com,Nursing homes,Surrey,South East,Barchester Healthcare Homes Limited
Stockton-on-Tees Borough Council - 1 Lanark Close,"1 Lanark Close,Elm Tree,Stockton-on-Tees",TS19 0UY,1642527841,https://www.stockton.gov.uk,Residential homes,Stockton-on-Tees,North East,Stockton-on-Tees Borough Council
Bridle Lodge,"80 Bridle Road,Burton Joyce,Nottingham",NG14 5FS,1159313851,https://www.creativecare.org.uk,Residential homes,Nottinghamshire,East Midlands,Creative Care (East Midlands) Limited
Rodley House,"Harrison Way,Lydney",GL15 5BB,1594842778,,Nursing homes,Gloucestershire,South West,Agincare (Somerset) Limited
The Coombs,"The Gorse,Coleford",GL16 8QE,1594833200,,Nursing homes,Gloucestershire,South West,Agincare (Somerset) Limited
Sleaford Manor Care Home,"Waddington Road,,Sleaford",NG34 6AR,1529543111,,Residential homes,Lincolnshire,East Midlands,WT UK Opco 4 Limited
Friends of the Elderly Malvern,"148 Graham Road,Malvern",WR14 2HY,1684574385,,Nursing homes,Worcestershire,West Midlands,Welford Healthcare MC Ltd
Grangewood Care Centre,"Chester Road,Shiney Row,Houghton Le Spring",DH4 4RB,1913856644,https://www.careuk.com/care-homes/grangewood-houghton-le-spring,Residential homes,Sunderland,North East,Care UK Community Partnerships Ltd
Yohden Hall Care Complex,"Hesleden Road,Blackhall,Hartlepool",TS27 4LH,1912833967,https://www.countrywidecarehomes.co.uk,Nursing homes,County Durham,North East,MMCG (CCH) (2) Limited
Cheviot Court,"Horsley Hill Square,South Shields",NE34 6RF,,https://www.careuk.com/care-homes/cheviot-court-south-shields,Residential homes,South Tyneside,North East,Care UK Community Partnerships Ltd
Elwick Grange,"Elwick Road,Hartlepool",TS26 9LX,1429278000,https://www.careuk.com/care-homes/elwick-grange-hartlepool,Residential homes,Hartlepool,North East,Care UK Community Partnerships Ltd
Stanley Park,"Wear Road,Stanley",DH9 6AH,1207290800,https://www.careuk.com/care-homes/stanley-park-stanley,Nursing homes,County Durham,North East,Care UK Community Partnerships Ltd
Burger Court,"131 Barkerend Road,Bradford",BD3 9AU,1274726826,,Residential homes,Bradford,Yorkshire & Humberside,Valorum Care Limited
Parkside Care Home,"Park Street,Wombwell,Barnsley",S73 0HQ,1226759371,,Residential homes,Barnsley,Yorkshire & Humberside,Your Care Provider Ltd
Hadrian House,"Garden Street,Blaydon On Tyne",NE21 4AG,1914143330,https://www.hadrianhouseblaydon.co.uk,Residential homes,Gateshead,North East,Care UK Community Partnerships Ltd
Armstrong House,"110 Lobley Hill Road,Bensham,Gateshead",NE8 4YG,1914606220,https://www.careuk.com/care-homes/armstrong-house-gateshead,Nursing homes,Gateshead,North East,Care UK Community Partnerships Ltd
The Terrace,"Maison Dieu,Richmond",DL10 7AX,1748822342,https://www.careuk.com/care-homes/the-terrace-richmond,Residential homes,North Yorkshire,Yorkshire & Humberside,Care UK Community Partnerships Ltd
Solent Grange Nursing Home,"Staplers Road,Wootton Bridge,Ryde",PO33 4RW,1206517430,,Nursing homes,Isle of Wight,South East,Care UK Care Services Limited
Herondale,"2 Herondale,Basildon",SS14 1RR,1268523399,,Residential homes,Essex,East,Choice Support
Solent Grange Nursing Home,"Staplers Road,Wootton Bridge,Ryde",PO33 4RW,1983882382,,Nursing homes,Isle of Wight,South East,Olympus Opco LTD
Foxbridge House,"Sevenoaks Road,Pratts Bottom,Orpington",BR6 7FB,3333210926,https://www.careuk.com/care-homes/foxbridge-house-orpington,Nursing homes,Bromley,London,Care UK Community Partnerships Ltd
The Potteries,"187 York Road,Broadstone",BH18 8ES,3333210929,,Nursing homes,"Bournemouth, Christchurch and Poole",South West,Care UK Community Partnerships Ltd
Brook Court,"37-39 Oldnall Road,Kidderminster",DY10 3HN,1562814610,https://www.careuk.com,Nursing homes,Worcestershire,West Midlands,Care UK Community Partnerships Ltd
Stones Place,"Skellingthorpe Road,Lincoln",LN6 0PA,1522684325,https://mha.org.uk/care-support/care-homes/stones-place,Residential homes,Lincolnshire,East Midlands,Methodist Homes
Ivy Court,"Ivy Road,Norwich",NR5 8BF,8082020478,https://www.ariacare.co.uk/find-a-home/ivy-court-in-norwich/,Nursing homes,Norfolk,East,Aria Healthcare Group LTD
Worsley Lodge,"119 Worsley Road,Worsley,Manchester",M28 2WG,1617940706,https://www.hc-one.co.uk/homes/worsley-lodge/,Residential homes,Salford,North West,HC-One Limited
Rosedale Court,"6 Homestead Close,Rayleigh",SS6 8FE,1268773180,,Nursing homes,Essex,East,Runwood Homes Limited
South Collingham Hall,"Newark Road,Collingham,Newark",NG23 7LE,,,Residential homes,Nottinghamshire,East Midlands,Broadoak Group of Care Homes
Duke Street Bungalows,"21-25 Duke Street,Wednesfield,Wolverhampton",WV11 1TH,1902553356,https://www.wolverhampton.gov.uk,Residential homes,Wolverhampton,West Midlands,City of Wolverhampton Council
Education and Services for People with Autism Limited - 8-8a The Cedars,"8 The Cedars,Ashbrooke,Sunderland",SR2 7TW,1915679753,https://www.espa.org.uk,Residential homes,Sunderland,North East,Education and Services for People with Autism Limited
Sir Aubrey Ward House,"Prospect Road,Marlow",SL7 2PJ,1628890150,https://www.fremantletrust.org,Residential homes,Buckinghamshire,South East,The Fremantle Trust
Tanglewood,"Coombe Road,Lanjeth,St. Austell",PL26 7TL,1637416444,https://www.switchedoncare.com,Residential homes,Cornwall,South West,Green Light PBS Limited
Westcliffe Manor,"21 Westcliffe Road,Southport",PR8 2BL,1704539410,,Residential homes,Sefton,North West,DHCH14 Limited
Merlin Court Care Home,"The Common,Marlborough",SN8 1JR,1672512454,https://www.averyhealthcare.co.uk/care-homes/wiltshire/marlborough/merlin-court/,Residential homes,Wiltshire,South West,Avery Homes (Nelson) Limited
"The Grange, Liss","Farnham Road,Liss",GU33 6JE,1730895590,https://www.voyagecare.com,Nursing homes,Hampshire,South East,Voyage 1 Limited
Mill View Care Home,"Bridgeman Street,Bolton",BL3 6SA,1204319890,,Nursing homes,Bolton,North West,Advinia Care Homes Limited
OSJCT The Meadows,"Britwell Road,Didcot",OX11 7JN,1235518440,https://www.osjct.co.uk,Nursing homes,Oxfordshire,South East,The Orders Of St. John Care Trust
Sidney Corob House,"122-126 Fortune Green Road,London",NW6 1DN,,,Residential homes,Camden,London,Jewish Care
Green Park Care Home,"Southwold Crescent,Great Sankey,Warrington",WA5 3JS,1423859859,https://www.orchardcarehomes.com/carehomes/green-park-great-sankey-warrington,Nursing homes,Warrington,North West,Indigo Care Services Limited
Beechwood,"5 Old Grove Close,Hindhead",GU26 6GG,1428608124,https://www.voyagecare.com,Residential homes,Surrey,South East,Voyage 1 Limited
Thornfield Grange,"60 Etherley Lane,Bishop Auckland",DL14 7QZ,1388602920,https://www.cygnethealth.co.uk,Nursing homes,County Durham,North East,Cygnet (OE) Limited
Woodbridge House,"151 Sturdee Avenue,Gillingham",ME7 2HH,1634281890,,Residential homes,Medway,South East,Achieve Together Limited
Jack Gardner House,"184-186 Golders Green Road,Golders Green,London",NW11 9AG,2087310300,,Residential homes,Barnet,London,Jewish Care
The Willows,"4 Old Grove Close,Hindhead",GU26 6GG,1428609851,,Residential homes,Surrey,South East,Voyage 1 Limited
River View,"30 - 31 Victoria Embankment,Darlington",DL1 5JR,1325244960,https://www.cygnethealth.co.uk,Residential homes,Darlington,North East,Cygnet (OE) Limited
