Service Name,Service Type,Service Sub-Type,Provision For,Service Address Line 1,Service Address Line 2,Service Town/City,Service Postcode,Local Authority,Maximum No. of Places,Primary telephone number,Primary email address,Website,Provider Name,Provider No. of Approved Services
102 Cefn Road,Care Home Service,Adults Without Nursing,"Personal care for adults, Learning disability, Mental health",102 Cefn Road,Rogerstone,Newport,NP10 9AS,Newport,3,07884218744,enquiries@principalitycare.com,www.principalitycare.com,Principality Care Ltd,1
106 Thompson Avenue,Care Home Service,Adults Without Nursing,"Personal care for adults, Learning disability, Mental health",106 Thompson Avenue,,Newport,NP19 4LX,Newport,3,07884218744,enquiries@principalitycare.com,www.principalitycare.com,Principality Care Ltd,2
22 Tal y Wern,Care Home Service,Adults Without Nursing,"Personal care for adults, Learning disability, Mental health",22 Tal-y-wern,,Port Talbot,SA13 2LZ,Neath Port Talbot,4,01639 887366,lynda.rosselli@communitylives.org,https://www.communitylives.co.uk/,Community Lives Consortium,2
3 Woodside,Care Home Service,Adults Without Nursing,"Personal care for adults, Learning disability",3 Woodside,Tir-y-berth,Hengoed,CF82 8BE,Caerphilly,3,01443821677,admin@pressltd.org,www.pressltd.org,Planned Support Services Ltd,1
52 Narberth Road,Care Home Service,Adults Without Nursing,"Personal care for adults, Learning disability, Mental health",52 Narberth Road,,Cardiff,CF5 5EY,Cardiff,6,02920 202 509,simon@pilipalacare.co.uk,www.pilipalacare.co.uk,Pilipala Care Ltd,1
57 Tir Morfa,Care Home Service,Adults Without Nursing,"Personal care for adults, Learning disability",57 Tir Morfa Road,,Port Talbot,SA12 7PF,Neath Port Talbot,4,01639881928,lynda.rosselli@communitylives.org,https://www.communitylives.co.uk/,Community Lives Consortium,3
59 Beechley Road,Care Home Service,Adults Without Nursing,Learning disability,Abbeyfield Society,59 Beechley Road,Wrexham,LL13 7AU,Wrexham,7,03309121680,enquiries@fairparkcare.com,www.fairparkcare.com,Fairpark Care Limited,2
86 Bryncelyn,Care Home Service,Adults Without Nursing,"Personal care for adults, Learning disability",86 Bryncelyn,Nelson,Treharris,CF46 6HN,Caerphilly,4,01443451816,admin@pressltd.org,www.pressltd.org,Planned Support Services Ltd,2
A Bright Start Nursery Rumney,Childrens Day Care,Full Day Care,,A Bright Start Day Nursery Ltd,Springmeadow Business Park,Cardiff,CF3 2ES,Cardiff,48,02920795183,abrightstartnurseryrumney@live.co.uk,www.abrightstartnurseryrumney.co.uk,A Bright Start Nursery (Rumney) Ltd,1
A1 Care Services trading as Ty Ceirios Nursing Home,Care Home Service,Adults With Nursing,"Nursing care for adults, Mental health, Personal care for adults",A1 Care Services Ltd,Ty Ceiros Nursing Home,Pontypool,NP4 6TJ,Torfaen,44,01495 752358,info@tyceiros.com,,A1 Care Services Ltd,1
Abacus Day Nursery,Childrens Day Care,Full Day Care,,42 Sketty Road,,Swansea,SA2 0LJ,Swansea,43,01792 205100,info@abacusdaynurseries.co.uk,www.abacusdaynurseries.co.uk,Abacus Sketty Road Limited,1
Abbey Childcare,Childrens Day Care,Full Day Care,,C/o Abbey Primary School,Heol Penlan,Neath,SA10 7LB,Neath Port Talbot,28,07375891886,abbeychildcareltd@gmail.com,,Abbey Childcare ltd,1
Abbey Dale House,Care Home Service,Adults With Nursing,"Nursing care for adults, Personal care for adults",Abbey Dale House,61 Princes Drive,Colwyn Bay,LL29 8PW,Conwy,29,07595308249,embracecarehomesltd@gmail.com,https://embracecarehomes.com/lander,ECH COLWYN BAY LIMITED,1
Abbey Dingle Care Home,Care Home Service,Adults Without Nursing,"Personal care for adults, Mental health",Abbey Dingle Care Home,Abbey Road,Llangollen,LL20 8DT,Denbighshire,18,01978860432,carol202@btinternet.com,,Abbey Dingle Nursing Homes Ltd,1
Abbey Lodge,Care Home Service,Adults Without Nursing,"Personal care for adults, Learning disability, Mental health",3 Llys Deri Commercial Street,Ynysddu,Newport,NP11 7JA,Caerphilly,4,01495200698,wendy.gloster@abbeyambitions.co.uk,,Abbey Ambitions,1
ABC Day Nursery Ltd,Childrens Day Care,Full Day Care,,Gwastad Hall,,Wrexham,LL12 9UH,Wrexham,45,01978761819,abcgwastad@gmail.com,www.abcnurseryltd.co.uk,ABC  Daycare Nursery Ltd,4
Aberavon Integrated Children`s Centre,Childrens Day Care,Full Day Care,,c/o Sandfields Primary School,,Port Talbot,SA12 6AX,Neath Port Talbot,69,01639897841,childcare@aberavonicc.org.uk,www.aberavonicc.org.uk,Aberavon Integrated Children's Centre,1
Abergarw Manor,Care Home Service,Adults With Nursing,Nursing care for adults,Brynmenyn,,Bridgend,CF32 9LL,Bridgend,58,01895622500,info.ab@carongroup.wales,www.carongroup.wales,Abergarw Care Home Limited,1
Abergavenny Nursery,Childrens Day Care,Full Day Care,,Randalls Groundworks Ltd,Monmouth House,Abergavenny,NP7 5TT,Monmouthshire,75,07951631059,enquiries@abergavennynursery.co.uk,www.abergavennynursery.co.uk,Abergavenny Nursery,1
Abergavenny Nursery Too,Childrens Day Care,Full Day Care,,26 Lion Street,,Abergavenny,NP7 5NT,Monmouthshire,49,07853276158,enquiries@abergavennynursery.co.uk,www.abergavennynursery.co.uk,Abergavenny Nursery,2
Abermorddu Kids Club,Childrens Day Care,Full Day Care,,Ysgol Abermorddu,Cymau Lane,Wrexham,LL12 9DH,Flintshire,40,07761922604,abcgwastad@gmail.com,,ABC  Daycare Nursery Ltd,3
Aberogwen Farmhouse,Care Home Service,Childrens Home,Personal care for children,,,Barry,,Vale of Glamorgan,4,01446 753683,michael.shirley@hafansaff.co.uk,www.hafansaff.co.uk,Hafan Saff Cyf,2
Aberporth Bilingual Playgroup,Childrens Day Care,Full Day Care,,Aberporth Bilingual Playgroup,"Hen Gapel, The Vestry",Cardigan,SA43 2DA,Ceredigion,21,07410881722,aberporthplaygroup@gmail.com,,Aberporth Bilingual Playgroup,1
Abigail's Day Nursery,Childrens Day Care,Full Day Care,,Abigails Day Nursery,Avenue House 1-2,Caerphilly,CF83 1HE,Caerphilly,65,02920851046,manager@abigailsdaynursery.co.uk,www.abigailsdaynursery.co.uk,Abigail's Day Nurseries Limited,1
Acorn Nursery Ltd trading as Little Acorns Day Nursery,Childrens Day Care,Full Day Care,,37 Bryn Road,Brynmill,Swansea,SA2 0AR,Swansea,34,01792465701,littleacornsdaynurseryswansea@aol.co.uk,www.littleacornsswansea.co.uk,Acorn Nursery Ltd,1
Acorns Day Nursery Mini Adventures,Childrens Day Care,Creche,,Adventure Centre,Bluestone Resort,Narberth,SA67 8DE,Pembrokeshire,76,01834869900,dom.morse@bluestonewales.com,www.bluestonewales.com,"Bluestone Resorts Ltd, The Hive",1
Acorns Holiday Club,Childrens Day Care,Out of School Care,,Ysgol Gymraeg Y Trallwng,Howell Drive,Welshpool,SY21 7AT,Powys,16,01938552743,acornsholidayclubwelshpool@gmail.com,,Little Acorns Children's Daycare Ltd,2
Acorns Playgroup,Childrens Day Care,Sessional Day Care,,The Community Church Centre,15 Prices Lane,Rhosddu,LL11 2NB,Wrexham,26,07516254623,acorns_playgroup@live.co.uk,www.fathersplace.org.uk/Acorns Playgroup,Father`s Place trading as The Community Church,1
Active 8,Care Home Service,Childrens Home,Personal care for children,,,Menai Bridge,,Isle of Anglesey,5,01248812902,manager.active8@keys-group.co.uk,,Keys Active 8 Care Limited,1
Acton Childcare,Childrens Day Care,Full Day Care,,Acton Park Primary School,Box Lane,Wrexham,LL12 8BT,Wrexham,50,01978 447071,enquiries@lot3.co.uk,,Lot 3 Ltd,2
Acton Wraparound Care,Childrens Day Care,Full Day Care,,Box Lane,,Wrexham,LL12 8BT,Wrexham,50,,actonchildcare@outlook.com,,GVCC,1
Ael-y-Bryn,Care Home Service,Adults Without Nursing,Personal care for adults,Ael Y Bryn,160 Llanllienwen Road Cwmrhydyceirw,Swansea,SA6 6LT,Swansea,30,01792773877,admin@ael-y-bryn.com,www.ael-y-bryn.com,Ael-y-Bryn Ltd,1
Afon Goch,Care Home Service,Childrens Home,Personal care for children,,,Caernarfon,,Gwynedd,3,01286872466,manager@afongoch.co.uk,www.afongoch.co.uk,AFON GOCH CHILDREN'S HOMES LTD,1
Aingarth Rest Home Ltd,Care Home Service,Adults Without Nursing,Personal care for adults,Ain Garth Private Residential Home,50 Brompton Avenue Rhos On Sea,Colwyn Bay,LL28 4TP,Conwy,19,01492540692,aingarth-manager@outlook.com,,AINGARTH REST HOME LTD,1
Alastair House,Care Home Service,Adults Without Nursing,"Personal care for adults, Mental health",Alastair Nursing Home,13-15 Foryd Road,Rhyl,LL18 5BA,Conwy,15,01745334560,mrk@alastairhouse.com,https://www.alastairhouse.com/,ALASTAIR HOUSE LIMITED,1
Albert Edward Prince of Wales Court,Care Home Service,Adults With Nursing,"Nursing care for adults, Personal care for adults",Albert Edward Prince Of Wales Court,Penylan Avenue,Porthcawl,CF36 3LY,Bridgend,76,01656 785311,aepow_admin@rmbi.care,www.rmbi.org.uk,The Royal Masonic Benevolent Institution Care Company,1
Alexandra House,Care Home Service,Childrens Home,Personal care for children,,,Tredegar,,Caerphilly,1,07791658355,hywel.may@caloncare.co.uk,,Càlon Care Services Limited,1
Alexandra House ,Care Home Service,Adults Without Nursing,"Personal care for adults, Learning disability",3 Highbury Avenue,,Prestatyn,LL19 7NR,Denbighshire,4,01745889179,info@alexandrahouse-supportservices.co.uk,www.alexandrahouse-supportservices.co.uk,Alexandra House Support Services Ltd,3
Alexandra House Residential Denbigh,Care Home Service,Adults Without Nursing,Learning disability,17 Park Street,,Denbigh,LL16 3DB,Denbighshire,4,01745889179,info@alexandrahouse-supportservices.co.uk,www.alexandrahouse-supportservices.co.uk,Alexandra House Support Services Ltd,1
Alexandra Nursing Home,Care Home Service,Adults With Nursing,"Nursing care for adults, Personal care for adults",Alexandra Nursing Home,Sandilands Road,Tywyn,LL36 9AS,Gwynedd,25,01654711734,alexandratywyn@gmail.com,http://alexandranursinghome.com/,ALEXANDRA TYWYN LIMITED,1
All About Kids Childcare,Childrens Day Care,Full Day Care,,All About Kids Childcare,Rural North Flintshire Family Centre,Gronant,LL19 9YP,Flintshire,19,07538715134,allaboutkidsgronant@gmail.com,,All about kids Childcare,1
All Born Curious childcare,Childrens Day Care,Full Day Care,,Apolistic Church,Brynna Road,Port Talbot,SA12 9LL,Neath Port Talbot,20,,,,All Born Curious childcare  LTD,1
All Born Curious Limited,Childrens Day Care,Full Day Care,,Princess Of Wales Court,Seaway Parade Industrial Estate,Port Talbot,SA12 7BT,Neath Port Talbot,111,07717338524,abc@allborncurious.co.uk,,All Born Curious LTD,1
Allerton Lodge ,Care Home Service,Adults Without Nursing,"Personal care for adults, Mental health",Allerton Cottage,Naid Y March,Holywell,CH8 8LG,Flintshire,19,01352710635,Rl@carehomegroup.uk,,Deen Care Limited,1
Allsorts Nursery,Childrens Day Care,Full Day Care,,Crickhowell Community Primary School,,Crickhowell,NP8 1DY,Powys,47,01783831652,allsorts.pg@gmail.com,,Allsorts Nursery C.I.C,1
AllStars,Childrens Day Care,Full Day Care,,Ysgol Maes Y Mynydd,Pentredwr Rhosllanerchrugog,Wrexham,LL14 1DD,Wrexham,40,01978832988,mcbridec1@hwbcymru.net,,ALL STARS AFTER SCHOOL CLUB,1
Allt Y Mynydd,Care Home Service,Adults With Nursing,"Nursing care for adults, Personal care for adults",Alltymynydd Nursing Home,,Llanybydder,SA40 9RF,Carmarthenshire,44,01570480208,manageraym@ashberry.net,www.ashberry-care-home.co.uk,Ashberry Healthcare Limited,1
Alphabet Playgroup Limited,Childrens Day Care,Full Day Care,,Undy Primary School,Pennyfarthing Lane,Caldicot,NP26 3LZ,Monmouthshire,19,07826639042,alphabetplaygroup@gmail.com,http://www.undyprimary.monmouthshire.sch.uk/cymunedol/alphabet_playgroup/croeso_i_alphabet_playgroup.html,Alphabet Playgroup Limited,1
Amberleigh Care - Golfa Hall,Care Home Service,Childrens Home,Personal care for children,,,Welshpool,,Powys,19,01938554111,referrals@amberleighcare.co.uk,www.amberleighcare.co.uk,Amberleigh Care Limited,1
Amlwch Pre-School Playgroup,Childrens Day Care,Sessional Day Care,,Eilian Room,Memorial Hall,Anglesey,LL68 9ET,Isle of Anglesey,24,07753233606,amlwchpreschoolplaygroup@gmail.com,,Amlwch Pre-School Playgroup,1
Amman House,Care Home Service,Childrens Home,Personal care for children,,,Ammanford,,Carmarthenshire,4,01792963119,ammanhouse@innovative-care.co.uk,www.innovative-care.co.uk,Innovative Care Limited,2
Annedd ,Care Home Service,Adults Without Nursing,"Personal care for adults, Learning disability, Mental health",Heol Y Gaer,,Llanybydder,SA40 9RX,Carmarthenshire,27,01570481399,allison.brown@wellcomecarehomes.com,www.wellcomecarehomes.com,Wellcome Care Homes Ltd,1
Anwen Care Home,Care Home Service,Adults With Nursing,"Nursing care for adults, Personal care for adults, Mental health",Anwen Care Home,Heol Pant-yr-awel,Bridgend,CF32 7LA,Bridgend,60,01656 849379,heretohelp@carongroup.wales,www.carongroup.wales,Anwen Care Ltd,1
Apley Lodge Residential Home,Care Home Service,Adults Without Nursing,"Personal care for adults, Learning disability",Apley Lodge Residential Home,1-3,Pembroke Dock,SA72 6HJ,Pembrokeshire,24,01646682926,areamanager.apleylodge@gmail.com,,Safe Haven Care Ltd,1
Apple Residential Care,Care Home Service,Adults Without Nursing,Mental health,Apple Residential Care Home,12 Rivieres Avenue,Colwyn Bay,LL29 7DP,Conwy,16,01492530939,applebestcare21@gmail.com,nowebsite.co.uk,APPLE BEST CARE  LTD,1
Appletree Day Nursery (WALES) Redwick Ltd,Childrens Day Care,Full Day Care,,Greenfield House,North Row,Magor,NP26 3DX,Newport,60,01633880023,appletreedaynursery@hotmail.co.uk,appletree-nursery.co.uk,Appletree Day Nurseries (Wales) Ltd,1
Appletree Nursery,Childrens Day Care,Full Day Care,,Llanishen Fach Primary School,Heol Uchaf,Cardiff,CF14 6SS,Cardiff,30,02920619007,llanishen@appletreenurseries.co.uk,www.appletreenurseries.co.uk,APPLETREE (2) LTD,1
Appletree Nursery,Childrens Day Care,Full Day Care,,Appletree Nursery,Norwegian Church,Swansea,SA1 8QY,Swansea,42,01792381742,swansea@appletreenurseries.co.uk,www.appletreenurseries.co.uk,Appletree Nurseries Ltd,1
April Court Care Home,Care Home Service,Adults With Nursing,"Nursing care for adults, Personal care for adults, Mental health",April Court Care Home,137-144,Swansea,SA1 4DE,Swansea,78,01792650344,heretohelp@carongroup.wales,www.carongroup.wales,Wellchime Ltd,1
Aran Hall School Ltd,Care Home Service,Childrens Home,Personal care for children,,,Dolgellau,,Gwynedd,18,01341450641,aran.admin@senadgroup.com,https://senadgroup.com/aran/,Aran Hall School Ltd,1
Archbishop Rowan Williams After School Club,Childrens Day Care,Out of School Care,,Archbishop Rowan Williams Church in Wales Primary School,Crick Road,Caldicot,NP26 5UL,Monmouthshire,50,07851426808,afterschoolclubarw@gmail.com,,Archbishop Rowan Williams After School Club,1
Arden Towers Care Home,Care Home Service,Adults Without Nursing,Mental health,53-55,Greenfield Road,Colwyn Bay,LL29 8EW,Conwy,23,01492533552,hollyardentowers@gmail.com,nowebsite.co.uk,APPLE BEST CARE  LTD,2
Argoed Playgroup,Childrens Day Care,Sessional Day Care,,Green Hut W I Building,"Chambers Lane, Mynydd Isa",Flintshire,CH7 6UB,Flintshire,20,07594216148,argoedplaygroup@gmail.com,argoedplaygroup.weebly.com,Argoed Playgroup,1
Aria Care Home,Care Home Service,Adults Without Nursing,,147 Bryn Bevan,,Newport,NP20 5QN,Newport,28,01633857715,info@ariacarehome.com,www.ariacarehome.com,Arcadia Care Homes Ltd,1
Arrow House,Care Home Service,Adults Without Nursing,Personal care for adults,27 Talbot Road,,Wrexham,LL13 7DY,Wrexham,3,01978261835,rachael.hawkins@achievetogether.co.uk,www.achievetogether.co.uk,OA2 ADULTS LIMITED,4
Arthog,Care Home Service,Childrens Home,Personal care for children,,,Arthog,,Gwynedd,7,01341250369,manager.arthog@keys-group.co.uk,,Keys Education Limited,1
ASD Rainbows,Childrens Day Care,Sessional Day Care,,The Annex At Perthcelyn Communities At Work,Glamorgan Street,Mountain Ash,CF45 3RJ,Rhondda Cynon Taf,12,01685 816359,enquiries@asdrainbows.co.uk,www.asdrainbows.co.uk,ASD Rainbows,1
Ash House,Care Home Service,Childrens Home,,,,Wrexham,,Wrexham,2,01244 604 699,ash.house@arbourhealthcare.co.uk,,Arbour Healthcare Group Limited,1
Ashdale Nursing Home,Care Home Service,Adults With Nursing,"Nursing care for adults, Personal care for adults",Ashdale Nursing Home,Golden Lane,Pembroke,SA71 4PR,Pembrokeshire,43,01646681008,admin@ashdale.care,https://ashdalecare.co.uk,Ashdale Care Ltd ,1
Ashgrove,Care Home Service,Adults Without Nursing,Personal care for adults,Ashgrove,Chester Road Gresford,Wrexham,LL12 8PP,Wrexham,51,01978856500,gary.dodd@hartfordcare.co.uk,www.hartfordcare.co.uk,Gresford Care Limited,1
Ashleigh Court,Care Home Service,Adults Without Nursing,Personal care for adults,Ashleigh Court,Chester Road Gresford,Wrexham,LL12 8PP,Wrexham,50,01978856999,gary.dodd@hartfordcare.co.uk,hartfordcare.co.uk,Gresford Care Limited,2
Ashley Court Care,Care Home Service,Adults Without Nursing,"Personal care for adults, Mental health",Ashley Court Care,70-74,Llanelli,SA15 3DR,Carmarthenshire,47,01554750563,info@ashleycourtcare.com,www.ashleycourtcare.com,PREMIER 1 HEALTHCARE LTD,1
Ashton Park Care Home,Care Home Service,Adults Without Nursing,Personal care for adults,Ashton Park Residential Home,37 Waterloo Road,Newport,NP20 4FP,Newport,17,01633262723,info@ashtonparkcarehome.co.uk,www.ashtonparkcarehome.co.uk,BIRA CARE HOMES LTD ,1
Ashville Residential Home,Care Home Service,Adults With Nursing,"Nursing care for adults, Personal care for adults, Learning disability, Mental health",Ashville Residential Home,Bristol Terrace,New Tredegar,NP24 6JG,Caerphilly,35,01443834842,contact@ashvillecare.co.uk,www.ashvillecare.co.uk,Ashville Residential Home Ltd,1
Aspen House Care Home,Care Home Service,Adults With Nursing,"Nursing care for adults, Personal care for adults, Mental health",Aspen House Care Home,37 Coedpenmaen Road,Pontypridd,CF37 4LP,Rhondda Cynon Taf,38,01443491491,manager@aspenhousecarehome.co.uk,www.aspenhousecarehome.co.uk,Cwmdare Homes 2 Limited,1
Aston Hall Care Limited,Care Home Service,Adults Without Nursing,Personal care for adults,Lower Aston Hall Lane,,Deeside,CH5 3EX,Flintshire,43,01244537389,sunita.ri@astonhallcarehome.org.uk,www.astonhallcarehome.co.uk,Aston Hall Care Limited,1
Athena  House,Care Home Service,Childrens Home,"Personal care for children, Mental health",,,Wrexham,,Wrexham,3,01978508798,b.jones@omegacaregroup.org,,Omega Care Group Ltd,3
Avenue Road Nursing Home,Care Home Service,Adults With Nursing,"Nursing care for adults, Personal care for adults",Avenue Road Nursing Home,28 Avenue Road,Abergavenny,NP7 7DB,Monmouthshire,33,01873857607,info@avenueroadnursinghome.co.uk,www.avenueroadnursinghome.co.uk,BIRA CARE HOMES LTD ,2
Awel y Mor Care Centre,Care Home Service,Adults With Nursing,"Nursing care for adults, Personal care for adults",Awel Y Mor Care Centre,Brynafon Road Gorseinon,Swansea,SA4 4YF,Swansea,58,01792897346,awelymor.GM@barchester.com,www.barchester.com,Barchester Healthcare Homes Limited,1
Awelon Healthcare Parkview House ,Care Home Service,Adults Without Nursing,Learning disability,Awelon Healthcare,73 Pontardawe Road,Swansea,SA6 5NS,Swansea,9,07595263194,kay@awelonhealthcare.com,www.awelonhealthcare.com,Kay Campbell,1
Babanod Bach,Childrens Day Care,Full Day Care,,Village Hall,Cilmery,Builth Wells,LD2 3NT,Powys,18,07843850242,babanodbach25@gmail.com,,Babanod Bach,1
Babinogion Menai Cyf,Childrens Day Care,Full Day Care,,Old County Primary School,Pentraeth Road,Menai Bridge,LL59 5HS,Isle of Anglesey,59,01248717427,babinogionmenai@hotmail.co.uk,www.babinogion.co.uk,Babinogion Menai Cyf,1
Baglan Lodge Care Home,Care Home Service,Adults With Nursing,"Nursing care for adults, Personal care for adults",Baglan Lodge Nursing Home,84 Old Road Baglan,Port Talbot,SA12 8LH,Neath Port Talbot,30,01639813135,huw@baglanlodge.co.uk,www.baglanlodge.co.uk,Bevan & Clarke LLP,1
Balmoral House,Care Home Service,Childrens Home,"Personal care for children, Mental health",,,Newport,,Newport,3,07394595641,janesibanda@lubacare.onmicrosoft.com,,Luba Care CYF,1
Balmoral House - Skyline Care Ltd ,Care Home Service,Adults Without Nursing,Personal care for adults,22-24,Queens Walk,Rhyl,LL18 3NG,Denbighshire,18,01745353483,admin@balmoralcare.com,www.balmoralcare.com,Skyline Care Ltd,5
Baltimore Care Ltd,Care Home Service,Adults Without Nursing,"Personal care for adults, Mental health",Baltimore House,1-2,Barry,CF62 6NU,Vale of Glamorgan,26,01446 420714,manager@baltimorecarehome.com,https://www.bellavistanursinghome.com/baltimore-house-nursing-home/,Baltimore Care Ltd,1
Banana Moon Coity,Childrens Day Care,Full Day Care,,Coity Higher Community Centre,Heol West Plas,Bridgend,CF31 1PA,Bridgend,30,01656 360204,info@bananamoon-coity.co.uk,https://www.bananamoon-bridgend.co.uk/,Windmills & Wellies Limited,2
Banana Moon Day Nursery Bridgend,Childrens Day Care,Full Day Care,,"Unit A, The Triangle",Brackla,Bridgend,CF31 2LL,Bridgend,59,01656668849,info@bananamoon-bridgend.co.uk,www.bananamoon-bridgend.co.uk,Windmills & Wellies Limited,4
Banana Moon Holiday & After School Club,Childrens Day Care,Out of School Care,,Brackla Community Centre,Whitethorn Drive Brackla,Bridgend,CF31 2PQ,Bridgend,50,01656668849,info@bananamoon-bridgend.co.uk,www.bananamoon-bridgend.co.uk,Windmills & Wellies Limited,3
Banana Moon Porthcawl,Childrens Day Care,Full Day Care,,Toad Hall,2 South Road,Porthcawl,CF36 3DG,Bridgend,30,07400477260,,www.bananamoon-bridgend.co.uk,Windmills & Wellies Limited,1
Bangor on Dee Childcare,Childrens Day Care,Full Day Care,,Ysgol Sant Dunawd,Sandown Road,Wrexham,LL13 0JA,Wrexham,40,01978780757,info@bangorondeechildcare.co.uk,www.bangorondeechildcare.co.uk,Bangor on Dee Childcare,1
Bank Lane Cottage,Care Home Service,Childrens Home,Personal care for children,,,Buckley,,Flintshire,3,07366 694870,tracey@parallelcaresolutions.co.uk,,Parallel Care Solutions Limited,1
Bankhouse Care Home,Care Home Service,Adults With Nursing,"Nursing care for adults, Personal care for adults, Learning disability, Mental health",Bank House Nursing Home,Llangynidr Road,Ebbw Vale,NP23 5EY,Blaenau Gwent,55,01495304325,mirela.matei@bankhousecare.com,bankhousecare.com,Bankhouse Care Ltd,1
Banwen,Care Home Service,Childrens Home,Personal care for children,,,Neath,,Neath Port Talbot,2,07807046711,richard.byng@springboardeducationandcare.co.uk,www.springboardeducationandcare.co.uk,Springboard Education and Care Ltd,2
Bargoed Care Home,Care Home Service,Adults With Nursing,Nursing care for adults,Bargoed Care Home,Heol Fargoed,Bargoed,CF81 8PQ,Caerphilly,45,01443879005,manager@bargoedcare.co.uk,http://www.bargoedcare.co.uk,Omnia Care Home Group Ltd,1
Barker's Lane Wraparound Care Club,Childrens Day Care,Full Day Care,,Canolfan Brenda Price,Barkers Lane Community School,Wrexham,LL13 9UN,Wrexham,48,01978346177,mailbox@barkerslane-pri.wrexham.sch.uk,www.barkerslaneprimary.co.uk,Barker's Lane Wraparound Care Club,1
Barmouth Oasis Nursery,Childrens Day Care,Full Day Care,,Oasis Nursery,Unit 7 Elephant Works,Barmouth,LL42 1PH,Gwynedd,41,01341280770,barmouthoasisnursery@gmail.com,www.meithrinfaoasis.co.uk,Barmouth Oasis Community Group Ltd,1
Baruc House,Care Home Service,Childrens Home,Personal care for children,,,Barry,,Vale of Glamorgan,3,01446701352,emma.roberts@keys-group.co.uk,,Keys Care Limited,1
Bay Tree House (WXM) Limited,Care Home Service,Adults Without Nursing,"Personal care for adults, Mental health",Bay Tree House,99 Norman Road,Wrexham,LL13 7BG,Wrexham,46,01978365818,Amanda.littler@sferacare.co.uk,www.sferacare.co.uk,Bay Tree House (WXM) Limited,1
Beach Court Care Home,Care Home Service,Adults Without Nursing,"Personal care for adults, Mental health",Beach Court Care Home,35-39,Prestatyn,LL19 7LL,Denbighshire,32,01745854198,management@beachcourtcare.co.uk,,Rebba Care Ltd,1
Beach House,Care Home Service,Childrens Home,Personal care for children,,,Port Talbot,,Neath Port Talbot,2,07929458387,info@lighthouseresidentialhomes.co.uk,,Lighthouse Residential Homes Ltd,1
Beacon Lodge,Care Home Service,Adults Without Nursing,Personal care for adults,28b Intermediate Road,,Ebbw Vale,NP23 4SF,Blaenau Gwent,6,01495313463,heretohelp@carongroup.wales,www.carongroup.wales,BeaconLodge Ltd,1
Beacons Park Short Stay,Care Home Service,Adults Without Nursing,"Learning disability, Personal care for adults",182 Beacons Park,,Brecon,LD3 9BP,Powys,3,01874625437,brecon.enquiries@cartrefi.coop,www.cartrefi.coop,Cartrefi Cymru Co-operative Ltd,11
Bear Pak Wrap Around Centre,Childrens Day Care,Full Day Care,,Fairfield Primary School,Dryden Road,Penarth,CF64 2RT,Vale of Glamorgan,56,07702873067,enquiries@bearpak.co.uk,www.bearpak.co.uk,Bear Pak,1
Bedwas Rising Stars at Willow Tree Cottage,Childrens Day Care,Full Day Care,,Bedwas Infant School,St. Mary Street Bedwas,Caerphilly,CF83 8EE,Caerphilly,18,07456336349,risingstarschildcare22@gmail.com,risingstarschildcare22gmail.com,Bedwas Rising Stars Childcare Ltd,1
Bedwellty Park Residential Home Limited,Care Home Service,Adults Without Nursing,Personal care for adults,Bedwellty Park Residential Home,Morgan Street,Tredegar,NP22 3NA,Blaenau Gwent,13,01495711788,bedwelltyparkcarehome@yahoo.com,,Bedwellty Park Residential Home Limited,1
Beech Tree Before and After School Club,Childrens Day Care,Full Day Care,,Drury Primary School,Beech Road Drury,Buckley,CH7 3EG,Flintshire,61,07508500762,beechtreeclub@outlook.com,,Beech Tree Before and After School Club,1
Beechlea,Care Home Service,Adults Without Nursing,"Personal care for adults, Learning disability, Mental health",14 Pantycefn Road,Markham,Blackwood,NP12 0QD,Caerphilly,4,01495221583,wendy.gloster@abbeyambitions.co.uk,,Abbey Ambitions,2
Beechwood Court,Care Home Service,Adults Without Nursing,"Personal care for adults, Learning disability, Mental health, Personal care for children",Beechwood College,Beechwood House,Penarth,CF64 5SE,Vale of Glamorgan,57,02920532210,rachel.newman@iriscaregroup.co.uk,https://www.iriscaregroup.co.uk/beechwood-college,Beechwood Court Limited,1
Bellavista Care Cardiff Limited,Care Home Service,Adults With Nursing,"Nursing care for adults, Personal care for adults, Mental health",2 Harrowby Place,,Cardiff Bay,CF10 5GB,Cardiff,77,02920494447,Manager@BellavistaNursingHome.Com,www.bellavistanursinghomes.com,Bellavista Care (Cardiff) Limited,1
Bellavista Nursing Homes (Wales)  Limited,Care Home Service,Adults With Nursing,"Nursing care for adults, Personal care for adults, Mental health",Bellavista Care Home,106-108,Barry,CF62 8BB,Vale of Glamorgan,39,01446 743893,jacob@bellavistanursinghome.com,www.bellavistanursinghome.com,Bellavista Nursing Homes (Wales) Limited,1
Belle Vue Nursery Ltd,Childrens Day Care,Full Day Care,,Belle Vue Nursery,Belle Vue Road,Cwmbran,NP44 3LD,Torfaen,72,01633489999,nic@bellevuenursery.co.uk,www.bellevuenursery.co.uk,Belle Vue Nursery Ltd,1
Bellwave House,Care Home Service,Adults Without Nursing,Mental health,23 Mary Street,,Porthcawl,CF36 3YL,Bridgend,8,01656 773427,Matthew.Penpraze@serendipitycare.com,www.serendipitycare.com,Serendipity Care and Support Ltd,1
Belmont Court,Care Home Service,Adults With Nursing,"Nursing care for adults, Personal care for adults",Belmont Court,Heywood Lane,Tenby,SA70 8BN,Pembrokeshire,29,01834 842770,belmontcourt@hotmail.co.uk,,RCH(wales) Ltd,1
Belmont House,Care Home Service,Adults Without Nursing,Personal care for adults,65 Russell Road,,Rhyl,LL18 3DH,Denbighshire,12,07788636062,belmonthouse@aracare.co.uk,,ARA CARE BELMONT HOUSE LTD,1
Belmont Residential Care Home,Care Home Service,Adults Without Nursing,"Personal care for adults, Mental health",Belmont House Residential Home,4 Belmont Road,Abergavenny,NP7 5HN,Monmouthshire,26,01873850276,belmonthouseresidentialhome@outlook.com,belmonthouseresidential-home.com,Belmont Residential Care Home,1
Belvedere House Residential Care Home,Care Home Service,Adults Without Nursing,,Belvedere House Residential Care Home,Serpentine Road,Tenby,SA70 8DD,Pembrokeshire,19,01834842549,belvederehouserch@yahoo.co.uk,www.belvederehouserch.co.uk,Belvedere Care Limited,1
Benllech Playgroup,Childrens Day Care,Full Day Care,,Uned Mathafarn,,Benllech,LL74 8SG,Isle of Anglesey,19,07930992240,benllechplaygroup733@gmail.com,www.benllechpreschool.org,Benllech Playgroup,1
Berriew Pre-school,Childrens Day Care,Full Day Care,,Berriew School,,Welshpool,SY21 8BA,Powys,24,07495698789,Berriewplaygroup16@gmail.com,www.berriewpreschool.com,Berriew pre-school,1
Berwyn House,Care Home Service,Childrens Home,Personal care for children,,,Pontypool,,Torfaen,3,01495423411,berwyn@nurt.co.uk,https://nurt.co.uk/,Nurture Cymru Gofal Ltd,1
Bethany Residential Home LTD,Care Home Service,Adults Without Nursing,Personal care for adults,Bethany Residential Home,Old Bulwark Road Bulwark,Chepstow,NP16 5JL,Monmouthshire,36,01291621425,contact@bethanyhome.co.uk,www.bethanyhome.co.uk,Bethany Home LTD,1
Bethel House Care Home,Care Home Service,Adults Without Nursing,Personal care for adults,Hebron Hall Christian Centre,Cross Common Road,Dinas Powys,CF64 4YB,Vale of Glamorgan,39,02920513162,bethelcare@hebronhall.org,hebronhall.org/bethelhouse,Hebron Hall Limited,1
Bethshan Sheltered Housing Association,Care Home Service,Adults With Nursing,"Nursing care for adults, Personal care for adults",Heol Treowen,,Newtown,SY16 1JA,Powys,40,01686610070,admin@bethshan.uk,www.bethshan.uk,Bethshan Sheltered Housing Association,1
Better Days Care,Care Home Service,Adults and Children Without Nursing,,,,Caerphilly,,,4,07808580510,betterdayscare@yahoo.com,,Shillings Care Limited,2
Bevan College,Care Home Service,Adults Without Nursing,"Personal care for adults, Learning disability",Bridgend  (Bevan) College,Cowbridge Road,Bridgend,CF31 3DF,Bridgend,32,01656 302315,info@bevancollege.org,www.bevancollege.org,Bevan College LTD,1
Bevans House,Care Home Service,Adults Without Nursing,Personal care for adults,7a Station Terrace,,Neath,SA10 9DH,Neath Port Talbot,6,01639701320,markbevanr@aol.com,,Care 4 U (Neath) Limited,2
Bijou Day Nursery and Creche,Childrens Day Care,Full Day Care,,48a Eastgate,,Cowbridge,CF71 7AB,Vale of Glamorgan,71,01446396000,hello@bijou-nursery.com,www.bijou-nursery.com,BIJOU DAY NURSERY AND CRECHE LTD,1
Birch Grove,Care Home Service,Childrens Home,Personal care for children,,,Brecon,,Powys,3,01874636542,birchgrove@fairways.co,fairways.co,Fair Ways Community Benefit Society.,1
Bishopston Playscheme,Childrens Day Care,Open Access Play Provision,,Bishopston Primary School,Bishopston Road Bishopston,Swansea,SA3 3EN,Swansea,200,,bishopstonplayassociation@gmail.com,https://bishopstonplayscheme.wordpress.com,Bishopston Play Association,1
Bistre Nursing Home,Care Home Service,Adults With Nursing,"Nursing care for adults, Personal care for adults, Learning disability, Mental health",Bistre Nursing Home,Mold Road,Buckley,CH7 2NH,Flintshire,32,01244550644,manager@bistrecarehome.co.uk,,Bistre Care Homes Limited,1
Bizzi Day Nurseries Limited Pencoed,Childrens Day Care,Full Day Care,,Unit 30 Bocam Park,Oldfield Road,Pencoed,CF35 5LJ,Bridgend,63,01656865959,bizzidaynurserypencoed@hotmail.co.uk,www.bizzidaynursery.com,Bizzi Day Nurseries Limited,2
BIZZI Day Nurseries Ltd,Childrens Day Care,Full Day Care,,Busy Day Nursery,Unit 4,Pontyclun,CF72 9FG,Rhondda Cynon Taf,58,01443228608,bizzidaynursery@hotmail.co.uk,https://bizzidaynursery.com,Bizzi Day Nurseries Limited,1
Blaendyffryn Hall Nursing Home,Care Home Service,Adults With Nursing,"Nursing care for adults, Personal care for adults",Blaendyffryn Hall Nursing Home,Horeb,Llandysul,SA44 4JA,Ceredigion,30,01559362874,mazhar.ali@wellcomecarehomes.com,www.wellcomecarehomes.com,Wellcome Care Homes Ltd,2
Blaenllechau Youth Project,Childrens Day Care,Open Access Play Provision,,The Welfare Hall,Rear Of 17-21 Long Row,Ferndale,CF43 4NP,Rhondda Cynon Taf,30,01443 732715,bcryouth@hotmail.com,,The Committee of Blaenllechau Youth Project,1
Blaenmarlais Care Home,Care Home Service,Adults Without Nursing,Personal care for adults,Blaenmarlais Cottage,Redstone Road,Narberth,SA67 7ES,Pembrokeshire,22,01834860326,blaenmarlais@outlook.com,blaenmarlaiscarehome.com,Blaenmarlais Care Ltd,1
Blaenos House Care Home,Care Home Service,Adults With Nursing,"Nursing care for adults, Personal care for adults",Blaenos House Nursing Home,,Llandovery,SA20 0EP,Carmarthenshire,38,01550720426,managerblaenoshouse@ashberry.net,www.ashberry.net,Ashberry Healthcare Limited,2
Blenheim,Care Home Service,Adults Without Nursing,"Personal care for adults, Learning disability",9 River Street,,Rhyl,LL18 1PY,Denbighshire,6,01745351159,paul.wilkinson@alliancecare.org.uk,,Alliance Care and Support Limited,1
Blessed William Davies Playclub,Childrens Day Care,Full Day Care,,Blessed William Davies School,Bodnant Crescent,Llandudno,LL30 1LL,Conwy,19,07903966581,blessedwilliamdaviesplaygroup@aol.com,,Blessed William Davies Playclub,1
Bloomfield Care Home,Care Home Service,Adults Without Nursing,Personal care for adults,Bloomfield Residential Care Home,129 Gower Road Sketty,Swansea,SA2 9HU,Swansea,40,01792203045,info@bloomfieldcare.co.uk,www.bloomfieldcare.co.uk,JJL Care Ltd,1
Bloomfield Nursery,Childrens Day Care,Full Day Care,,Bloomfield House Community Centre,Redstone Road,Narberth,SA67 7ES,Pembrokeshire,31,01834860293,bloomfieldnursery@outlook.com,,Narberth & District Community & Sports Association,1
Blossom at Ysgol Afon Wen,Childrens Day Care,Full Day Care,,Ysgol Afon Wen,School Lane,Pontypridd,CF37 5AL,Rhondda Cynon Taf,24,07983505037,blossom1earlyyears@gmail.com,,Blossom Early Years,3
Blossom Early Years,Childrens Day Care,Full Day Care,,Heolgerrig,,Merthyr Tydfil,CF48 1RP,Merthyr Tydfil,19,07983505037,blossom1earlyyears@gmail.com,,Blossom Early Years,1
Blossom Early Years at Cynon Linc,Childrens Day Care,Full Day Care,,Cynon Linc,Seymour Street,Aberdare,CF44 7BD,Rhondda Cynon Taf,30,07983505037,blossom1earlyyears@gmail.com,,Blossom Early Years,2
Blossom Tree Nursery,Childrens Day Care,Full Day Care,,2a,Waun-y-groes Avenue,Cardiff,CF14 4SY,Cardiff,40,02920616734,blossomtreenursery@outlook.com,https://www.blossomtreenursery.com/,BLOSSOM TREE NURSERY RHIWBINA LTD,1
Blue Door Nursery,Childrens Day Care,Full Day Care,,Blue Door Nursery,95 Allensbank Road,Cardiff,CF14 3PP,Cardiff,30,02920626486,contactus@bluedoornursery.net,www.bluedoornursery.net,Gallivan Childcare Solutions Ltd,1
Blue Door Out of School Childcare,Childrens Day Care,Full Day Care,,140 Whitchurch Road,,Cardiff,CF14 3LZ,Cardiff,40,02920626486,contactus@bluedooroutofschoolcare.co.uk,www.bluedoornursery.net,Out of School Childcare Limited,1
Bluebell House,Care Home Service,Adults Without Nursing,"Personal care for adults, Learning disability, Mental health",228 Barry Road,,Barry,CF62 9BH,Vale of Glamorgan,3,01446730214,sian@ahcare.co.uk,amethysthealthcare.co.uk,Amethyst Healthcare Ltd,5
Bluebell House,Care Home Service,Childrens Home,,,,Haverfordwest,,Pembrokeshire,3,07968176778,shane@little-lanterns.co.uk,,Little Lanterns Pembrokeshire CIC,1
Blueberry Bears Nursery & Pre School,Childrens Day Care,Full Day Care,,Blueberry Bears Nursery,1 Burt Street,Cardiff,CF10 5FZ,Cardiff,42,02920498333,info@blueberrybears.co.uk,www.blueberrybears.co.uk,BBN Ltd,1
Bobl Bach Clare Trinant Ltd,Childrens Day Care,Full Day Care,,Trinant Flying Start,Trinant Health Centre,Newport,NP11 3JJ,Caerphilly,27,07539469462,wilkinson.clare@rocketmail.com,,Bobl Bach Clare Trinant Ltd,1
Bod Hyfyrd Care Home,Care Home Service,Adults With Nursing,Nursing care for adults,Bod Hyfryd Care Home,Northop Road,Flint,CH6 5LH,Flintshire,40,01352763396,bodhyfryd@lovett-care.com,www.lovettcare.co.uk,Bod Hyfyrd Care Ltd,1
Bodawen Nursing Home,Care Home Service,Adults With Nursing,Nursing care for adults,Bodawen Nursing Home,,Porthmadog,LL49 9PR,Gwynedd,40,01766513422,ceri@cariadcarehomes.com,www.cariadcarehomes.com,Cariad Care Homes Ltd,1
Bodelwyddan Residential Care Limited,Care Home Service,Adults Without Nursing,Personal care for adults,Ffordd Belan,,Rhosneigr,LL64 5JG,Isle of Anglesey,16,01407811289,bodelwyddan1@btconnect.com,bodelwyddancarehome.uk,Bodelwyddan Residential Care Ltd.,1
Borras Park Full Day Care Provision,Childrens Day Care,Full Day Care,,Borras Park Primary School,Borras Park Road,Wrexham,LL12 7TH,Wrexham,95,01978346890,borrasfulldaycare5@hwbcymru.net,www.borraspark-pri.wrexham.sch.uk,Borras Park Full Day Care Provision,1
Borthyn Bunnies and BB Club,Childrens Day Care,Sessional Day Care,,Ysgol Borthyn,Denbigh Road,Ruthin,LL15 1NT,Denbighshire,19,01824702727,borthyn.bunnies@outlook.com,,Borthyn Bunnies and BB Club,1
Bradley Playgroup,Childrens Day Care,Full Day Care,,Bradley Village Hall,Glan-llyn Road,Wrexham,LL11 4BB,Wrexham,25,07547691301,bradleyplaygroup@outlook.com,www.bradleyplaygroup.com,Bradley Playgroup,1
Bradshaw Manor Care Home,Care Home Service,Adults With Nursing,"Nursing care for adults, Personal care for adults",Bradshaw Manor Care Home,2 Chester Street,Rhyl,LL18 3ER,Denbighshire,65,01745 882010,janet.lewis@lovett-care.com,www.lovettcare.co.uk,BRADSHAW MANOR CARE LTD,1
Braich y Cwm,Care Home Service,Childrens Home,Personal care for children,,,Corwen,,Denbighshire,4,01824750139,Kylee@we-are-unique.care,https://we-are-unique.care,Unique Care Homes Ltd,3
Bramble House,Care Home Service,Childrens Home,Personal care for children,,,Maesteg,,Bridgend,4,01656810134,contact@newhorizonschildrenshomes.com,www.newhorizonschildrenshomes.com,New Horizons Children's Homes Limited,1
Brambly Hill Day Nursery and Early Years Academy,Childrens Day Care,Full Day Care,,Brambly Hill Day Nursery And Early Years Academy,Tonna,Llanelli,SA14 8QF,Carmarthenshire,57,01554 783435,Leannedrane2019@gmail.com,www.bramblyhill.co.uk,LEANNE DRANE LTD,1
Breaksea Care Home,Care Home Service,Adults Without Nursing,"Personal care for adults, Learning disability, Mental health",Breaksea Residential Home,The Square,Porthcawl,CF36 3BW,Bridgend,32,01656771022,breakseacare@hotmail.com,www.porthcawlcarehomes.com,breaksea residential homes ltd,2
Briarswood Residential Home,Care Home Service,Adults Without Nursing,"Personal care for adults, Learning disability, Mental health",67 Trosserch Road,Llangennech,Llanelli,SA14 8AX,Carmarthenshire,6,01554820585,Briarswood@hotmail.com,,Elizabeth Thomas,1
Bridge House,Care Home Service,Adults Without Nursing,Personal care for adults,Bridge House Residential Home,Beulah Place,Ebbw Vale,NP23 6ET,Blaenau Gwent,36,01495 306837,sarah.bromley@bridgehouse.wales,www.breconcare.co.uk,Brecon Care,1
Bridge House,Care Home Service,Childrens Home,,,,Bridgend,,,2,07929458387,info@lighthouseresidentialhomes.co.uk,,Lighthouse Residential Homes Ltd,3
Brigadoon Care Home,Care Home Service,Adults Without Nursing,Personal care for adults,Brigadoon Residential Home,24-26,Llandudno,LL30 2EZ,Conwy,11,01492877310,brigadooncarehome@gmail.com,www.brigadooncarehome.com,Shaivaa Care Limited,1
Brighter Minds Childcare Ltd,Childrens Day Care,Full Day Care,,12 Gwendoline Road,Risca,Newport,NP11 6DD,Caerphilly,50,01633612845,info@brighterminds.uk,https://www.brighterminds.uk/,Brighter Minds Childcare Ltd,1
Brighter Minds Ty Isaf,Childrens Day Care,Full Day Care,,Ty Isaf Infants & Nursery School,Mill Street Risca,Newport,NP11 6EF,Caerphilly,20,07519494285,info@brighterminds.uk,https://www.brighterminds.uk,Brighter Minds Childcare Ltd,2
Brightside Manor,Care Home Service,Adults Without Nursing,"Personal care for adults, Learning disability, Mental health",Brightside Manor,637 Newport Road,Cardiff,CF3 4FB,Cardiff,33,02920408010,manager@brightsidemanor.org.uk,www.brightsidemanor.org.uk,Avan Limited,1
Britannia Day Nursery Ltd,Childrens Day Care,Full Day Care,,Caerphilly Business Park,,Caerphilly,CF83 3GG,Caerphilly,76,02920 851274,enquiries@britanniadaynursery.co.uk,www.britanniadaynursery.co.uk,Britannia Day Nursery Ltd,1
Broad Haven Playgroup,Childrens Day Care,Full Day Care,,Broad Haven Cp School,Webbs Hill Broad Haven,Haverfordwest,SA62 3JT,Pembrokeshire,12,07376778760,broadhavenplaygroup@outlook.com,www.broadhavenplaygroup.co.uk,Broad Haven Playgroup,1
Broga Bach Day Nursery,Childrens Day Care,Full Day Care,,Broga Bach Day Nursery,Unit A2 Pinewood Court,Blackwood,NP12 3SW,Caerphilly,12,01443879013,office@brogabach.co.uk,www.brogabach.co.uk,Broga Bach Ltd,1
Brompton Lodge limited,Care Home Service,Adults Without Nursing,Personal care for adults,54 Rhos Road,Rhos On Sea,Colwyn Bay,LL28 4RY,Conwy,34,01495546877,bromptonlodge@gmx.co.uk,www.bromptonlodgecarehome.co.uk,Brompton Lodge Residential home Ltd,1
Bron Haul Care Home,Care Home Service,Adults Without Nursing,Personal care for adults,Bron Haul Residential Home,41-43,Rhyl,LL18 3HL,Denbighshire,37,01745 353730,skycarewalesltd@gmail.com,,Sky Care North Wales ltd,1
Bronafallen  Care Home Ltd,Care Home Service,Adults Without Nursing,"Personal care for adults, Mental health",Bron Afallen,Cerrigydrudion,Corwen,LL21 0RU,Conwy,11,01490420554,bronafallenmanager@gmail.com,www.bronafallen.co.uk,BRONAFALLEN CARE HOME LTD ,1
Brondesbury Lodge,Care Home Service,Adults With Nursing,"Nursing care for adults, Personal care for adults",Brondesbury Lodge,Heol Derw,Cardigan,SA43 1NH,Ceredigion,32,01239615427,bronlodge@yahoo.co.uk,brondesburylodge.co.uk,Brondesbury Lodge Limited,1
Bronington Children's Club,Childrens Day Care,Full Day Care,,Bronington Primary School,School Lane Bronington,Whitchurch,SY13 3HN,Wrexham,19,07761025995,bumblebees.bronington@live.co.uk,https://broningtonclub.co.uk,Bronington Children's Club,1
Brookfield  ,Care Home Service,Adults Without Nursing,"Personal care for adults, Learning disability",4 Coed Y Maes,Penrhosgarnedd,Bangor,LL57 2EJ,Gwynedd,3,01248354434,bangor.enquiries@cartrefi.coop,www.cartrefi.coop,Cartrefi Cymru Co-operative Ltd,9
Brookfield Day Nursery,Childrens Day Care,Full Day Care,,Brookfield Day Nursery,Garthmyl,Montgomery,SY15 6RS,Powys,82,01686640347,honi@brookfieldchildcare.co.uk,www.brookfieldchildcare.co.uk,MLA Nursery Ltd,1
Brookfield House,Care Home Service,Adults Without Nursing,"Personal care for adults, Mental health",Brookfield House,Station Road St. Clears,Carmarthen,SA33 4BZ,Carmarthenshire,23,01994231093,cillian@fronhaul.uk,,Fronhaul and Brookfield Care Home Ltd,2
Brooklands Rest Home Ltd,Care Home Service,Adults With Nursing,"Nursing care for adults, Personal care for adults, Mental health",Brooklands Nursing Home,Narberth Road,Saundersfoot,SA69 9DS,Pembrokeshire,40,01834813123,info@brooklandshome.co.uk,www.brooklandshome.co.uk,Brooklands Rest Home Ltd,1
Brookside Care Home,Care Home Service,Adults With Nursing,"Nursing care for adults, Personal care for adults, Mental health",Brookside,,Brecon,LD3 7UA,Powys,31,01874658393,spectrumhealthcare@rocketmail.com,,BROOKSIDE CARE HOME Limited,1
Broughton Hall,Care Home Service,Adults Without Nursing,Personal care for adults,Broughton Hall Nursing Home,Gatewen Road New Broughton,Wrexham,LL11 6YA,Wrexham,35,01978758876,Felicity.McTigue@hartfordcare.co.uk,hartfordcare.co.uk,Broughton Hall Care Ltd,1
Broughton Primaries Play Buddies,Childrens Day Care,Full Day Care,,Broughton Primary School,Broughton Hall Road Broughton,Chester,CH4 0QQ,Flintshire,100,01244533752,broughtonsplaybuddies@gmail.com,broughton-primary.co.uk,Broughton Primary's Play Buddies,1
Brychan House,Care Home Service,Childrens Home,Personal care for children,,,Merthyr Tydfil,,Merthyr Tydfil,2,07968044842,info@noblefutureschildcare.co.uk,www.noblefutureschildcare.co.uk,Noble Futures Childcare Ltd,1
Bryn Awelon Care Home Limited,Care Home Service,Adults With Nursing,"Nursing care for adults, Personal care for adults, Mental health",Bryn Awelon Nursing Home,Lon Fel,Criccieth,LL52 0LN,Gwynedd,28,01766522464,info@brynawelon.com,www.brynawelonnursinghome.co.uk,BRYN AWELON CARE HOME LIMITED,1
Bryn Celyn Care Home,Care Home Service,Adults With Nursing,"Nursing care for adults, Personal care for adults",Maesteg Park,,Bridgend,CF34 9LR,Bridgend,56,01656736839,neena@amayacarehomes.co.uk,www.amayacarehomes.co.uk,Amaya Care Homes (Maesteg) Limited,1
Bryn Coch Club,Childrens Day Care,Full Day Care,,Ysgol Bryn Coch,Victoria Road,Mold,CH7 1EW,Flintshire,150,07566252495,Bryncochclub@bryncoch.wales,www.ysgolbryncoch.co.uk,Bryn Coch Club,1
Bryn Collen Playgroup,Childrens Day Care,Full Day Care,,Bryn Collen Cp School,Pengwern,Llangollen,LL20 8AR,Denbighshire,19,01978861125,bryn.collen@denbighshire.gov.uk,,Bryn Collen Playgroup,1
Bryn Derwen St Asaph Ltd,Care Home Service,Adults Without Nursing,"Personal care for adults, Mental health",Bryn Derwen,Bryn Gobaith,St. Asaph,LL17 0DN,Denbighshire,20,01745582570,brynderwenhome@btinternet.com,www.brynderwenhome.co.uk,Bryn Derwen St Asaph LTD,1
Bryn Edwin Hall Residential Home,Care Home Service,Adults Without Nursing,Personal care for adults,Bryn Edwin Hall Residential Home,Northop Road,Flint,CH6 5QG,Flintshire,35,01352761345,brynedwin@amber-group.co.uk,www.brynedwinhall.co.uk,Amber Care Ltd,1
Bryn Eithin Residential Care Ltd,Care Home Service,Adults Without Nursing,Personal care for adults,30 Llanrwst Road,,Colwyn Bay,LL29 7YU,Conwy,25,01492531162,manager@bryneithin.com,,Bryn Eithin Residential Care Ltd,1
Bryn Estyn,Care Home Service,Adults Without Nursing,Personal care for adults,Bryn Estyn Residential Home,85 Russell Road,Rhyl,LL18 3DS,Denbighshire,24,01745353772,brynestyn85@mail.com,www.brynestyn.co.uk,Moore & Moore Care Ltd,2
Bryn Gwalia CP School,Childrens Day Care,Full Day Care,,Bryn Gwalia C.p School,Clayton Road,Mold,CH7 1SU,Flintshire,60,01352752659,bryngwaliafunclub@gmail.com,www.bryngwalia.org,Bryn Gwalia Fun Club,1
Bryn Heulog,Care Home Service,Childrens Home,Personal care for children,,,Merthyr Tydfil,,Merthyr Tydfil,3,03301358135,djames@plcl.org.uk,https://www.phoenixlearningcare.co.uk/,Phoenix Child Care Ltd,2
Bryn Illytdd ( Care by Morris ltd ),Care Home Service,Adults Without Nursing,Personal care for adults,Bryn Illtyd Residential Home,Heol Y Mynydd Pembrey,Burry Port,SA16 0AJ,Carmarthenshire,39,01554832462,areamanager.brynilltyd@gmail.com,,Bryn illtyd care home Ltd,1
Bryn Ivor Lodge,Care Home Service,Adults With Nursing,"Nursing care for adults, Personal care for adults",Bryn Ivor Lodge Care Home,Bryn Ivor Lodge,Cardiff,CF3 2UQ,Newport,80,01633681759,BrynIvorLodge.GM@barchester.com,www.barchester.com,Barchester Healthcare Homes Limited,2
Bryn Marl Nursing Home,Care Home Service,Adults With Nursing,"Nursing care for adults, Personal care for adults",Bryn Marl Nursing Home,Marl Drive,Llandudno Junction,LL31 9YX,Conwy,39,01492581191,kevin.jones@brynmarl.co.uk,vshans.co.uk,Bryn Marl Ltd,1
Bryn Meddyg Care Home Ltd,Care Home Service,Adults Without Nursing,Personal care for adults,Bryn Meddyg,,Caernarfon,LL54 5AG,Gwynedd,34,01758750693,brynmeddygcarehomeltd@gmail.com,,BRYN MEDDYG CARE HOME LTD,1
Bryn Tirion Hall,Care Home Service,Childrens Home,Personal care for children,,,Wrexham,,Flintshire,14,01978760034,enquiries@qewc.co.uk,www.qewc.co.uk,Quality Education with Care Limited,1
Bryn y Mor,Care Home Service,Childrens Home,Personal care for children,,,Haverfordwest,,Pembrokeshire,4,01437891967,John.Catlow@genesiscte.co.uk,stdavidsasc.wales,St Davids ASC (Marlowe) Ltd,3
Bryn y Mor Ltd,Care Home Service,Adults Without Nursing,"Personal care for adults, Mental health",Bryn Y Mor Residential Home,Llaneilian,Amlwch,LL68 9NH,Isle of Anglesey,27,01407830763,gillian.tawfik@brynymor.co.uk,www.brynymor.co.uk,Bryn y Mor Ltd,1
Bryn y Wawr,Care Home Service,Adults Without Nursing,"Personal care for adults, Learning disability, Mental health",6 New Road,,Llandeilo,SA19 6DB,Carmarthenshire,10,01558822763,BarnabyCunningham@cygnethealth.co.uk,,Cygnet Care Services Limited,1
Bryn Yr Haul ,Care Home Service,Adults With Nursing,"Nursing care for adults, Personal care for adults",Bryn Yr Haul,Rhydygaled,Mold,CH7 6QG,Flintshire,36,01352755531,brynyrhaul@rosewoodhealthcaregroup.co.uk,www.rosewoodhealthcaregroup.co.uk,Willowtree Healthcare limited,2
Brynawel House Alcohol and Drug Rehabilitation Centre Ltd,Care Home Service,Adults With Nursing,"Personal care for adults, Learning disability, Mental health",Brynawel,Llanharry Road,Pontyclun,CF72 9RN,Rhondda Cynon Taf,24,01443226864,Contact@brynawelhouse.org,http://www.brynawel.org,Brynawel House Alcohol and Drug Rehabilitation Centre Ltd,1
Bryncoed,Care Home Service,Childrens Home,Personal care for children,,,Caerphilly,,Caerphilly,4,02922219232,scotth@team-rainbow.co.uk,https://rainbowtherapeutic.com/,Rainbow Therapeutic Limited,4
Bryncynon Growing Together Playgroup,Childrens Day Care,Sessional Day Care,,"Growing Together Centre, Old Clinic",41 Avondale Street,Mountain Ash,CF45 4YY,Rhondda Cynon Taf,26,01443741035,gillianbruford@bryncynonstrategy.org.uk,www.bryncynonstrategy.org.uk,Bryncynon Community Revival Strategy Ltd,1
Brynderwen Catre,Care Home Service,Adults Without Nursing,"Personal care for adults, Learning disability, Mental health",Brynderwen Farm,Pontamman Road,Ammanford,SA18 2JD,Carmarthenshire,9,01269 269215,eryl.pellow@btinternet.com,N/A,Catre Ltd,1
Brynfield Manor ,Care Home Service,Adults With Nursing,"Nursing care for adults, Personal care for adults",42 Brynfield Road,,Swansea,SA3 4SX,Swansea,73,01792 366208,langlandcare@gmail.com,www.langlandcareltd.co.uk,Langland care LTD,1
Bryngwy,Care Home Service,Adults Without Nursing,Personal care for adults,Bryngwy,,Rhayader,LD6 5BN,Powys,24,01597811125,jolene@bryngwy.co.uk,,Boswell Healthcare Ltd,1
Brynhafren Bright Stars,Childrens Day Care,Full Day Care,,Brynhafren Cp School,Bryn Hafren Crew Green,Shrewsbury,SY5 9BJ,Powys,16,01743884455,head@brynhafren.powys.sch.uk,,Brynhafren Bright Stars,1
Brynhelyg Care Home,Care Home Service,Adults Without Nursing,"Personal care for adults, Mental health",64 Cwmfelin Road,,Llanelli,SA14 9LR,Carmarthenshire,26,01554756393,brynhelyg.manager@gmail.com,,Ovalbeech Limited,1
BrynHeulog,Care Home Service,Childrens Home,Personal care for children,,,Newtown,,Powys,1,07891991928,Richard.rees@dyfodol.uk,,Dyfodol Limited,1
Brynheulog Bungalow,Care Home Service,Adults Without Nursing,"Personal care for adults, Learning disability, Mental health",Brynheulog,Wesley Close,Cwmbran,NP44 3ND,Torfaen,3,01633483822,sarah.bladen@enable-care.co.uk,www.expanding-horizons.co.uk,Enable Care Services (South Wales) Ltd,2
Brynhyfryd House Nursing Home,Care Home Service,Adults With Nursing,"Nursing care for adults, Personal care for adults",Brynhyfryd House Nursing Home,36 West Cross Lane,Swansea,SA3 5LS,Swansea,42,01792404827,plasnewyddcareltd@gmail.com,http://www.plasnewydd-care-home.co.uk,Plas Newydd Care Ltd,4
Brynmawr Care Village,Care Home Service,Adults With Nursing,"Nursing care for adults, Personal care for adults, Learning disability",2 Intermediate Road,Brynmawr,Ebbw Vale,NP23 4SF,Blaenau Gwent,120,01495314912,heretohelp@carongroup.wales,www.carongroup.wales,Brynmawr Care Village Ltd,1
Brynsadler Short Term Care,Care Home Service,Adults Without Nursing,"Personal care for adults, Learning disability, Mental health",1-5 Cowbridge Road,Brynsadler,Pontyclun,CF72 9BS,Rhondda Cynon Taf,5,01443 808384,karengregory@drive-wales.org.uk,drive-wales.org.uk,Drive,2
Brynsiriol,Care Home Service,Childrens Home,"Personal care for children, Learning disability, Mental health",,,Carmarthen,,Carmarthenshire,5,01838818587,enquiries@birribi.org,,Birribi Limited,1
Brynsiriol Care Home,Care Home Service,Adults Without Nursing,Personal care for adults,259/261 Neath Road,Briton Ferry,Neath,SA11 2SL,Neath Port Talbot,20,01639813277,info@brynsiriol.com,,Bravemore Limited,1
Brynteg,Care Home Service,Childrens Home,"Personal care for children, Learning disability, Mental health",,,Haverfordwest,,Pembrokeshire,5,01348841203,admin@birribi.org,https://birribi.org,Birribi Limited,4
Brynteg Tigers Out of Hours School Club,Childrens Day Care,Full Day Care,,Brynteg Primary School,Maesteg Brynteg,Wrexham,LL11 6NB,Wrexham,19,01978 756398,mailbox@brynteg-pri.wrexham.sch.uk,,Brynteg Tigers Out of Hours Club,1
Buds to Blossoms Cwm,Childrens Day Care,Full Day Care,,Flying Start Hub,Canning Street,Ebbw Vale,NP23 7RD,Blaenau Gwent,26,01495355012,budstoblossoms@outlook.com,,BUDS TO BLOSSOMS DAY NURSERIES LIMITED,1
Buds to Blossoms Day Nursery,Childrens Day Care,Full Day Care,,Buds To Blossoms Day Nursery,Park Place Beaufort,Ebbw Vale,NP23 5JX,Blaenau Gwent,54,01495306122,budstoblossoms@outlook.com,,BUDS TO BLOSSOMS DAY NURSERIES LIMITED,2
Building Blocks Nursery,Childrens Day Care,Full Day Care,,Royal Glamorgan Hospital,Ansari Court,Pontyclun,CF72 8XR,Rhondda Cynon Taf,43,07896537986,buildingblocksnurseryrgh@gmail.com,,Valedown Limited,1
Bumble Bees Playgroup,Childrens Day Care,Full Day Care,,Ysgol Pendref,Foundation Site,Denbigh,LL16 3RU,Denbighshire,19,07915668306,jo21370@live.co.uk,,Bumble Bees Playgroup,1
Burfa House,Care Home Service,Childrens Home,Personal care for children,,,Presteigne,,Powys,3,01544260664,mike.ore@cambiangroup.com,cambiangroup.com,Cambian Childcare Ltd ,1
Burley Place,Care Home Service,Childrens Home,Personal care for children,,,Barry,,Vale of Glamorgan,2,02920239585,chiefexecutive@llamau.org.uk,,Llamau Limited,2
Burrows Hall,Care Home Service,Adults With Nursing,"Nursing care for adults, Personal care for adults, Learning disability, Mental health",Burrows Hall Nursing Home,Burrows Lane,Swansea,SA3 1JB,Swansea,33,01792386221,info@burrowshall.co.uk,www.burrowshall.co.uk,Burrows Hall,1
Bush House Pembroke Limited,Care Home Service,Adults Without Nursing,Personal care for adults,Bush House Care Home,Pembroke Road,Pembroke,SA71 4RJ,Pembrokeshire,36,01646621612,robinappa@hotmail.com,https://bushhousecare.co.uk/,BUSH HOUSE PEMBROKE LIMITED,1
Busy Beehive,Childrens Day Care,Full Day Care,,St Aidans Church in Wales Va School,,Haverfordwest,SA62 4PS,Pembrokeshire,16,01437731449,info@busybeehivenursery.co.uk,www.busybeehivenursery.co.uk,Busy Beehive,1
Busy Bees at Bridgend,Childrens Day Care,Full Day Care,,Ffordd Tirion,Broadlands,Bridgend,CF31 5EX,Bridgend,108,01656649644,bridgend.centredirector@busybees.com,www.busybeeschildcare.co.uk,Busy Bees Nurseries Limited,2
Busy Bees at Cardiff Gate,Childrens Day Care,Full Day Care,,Greenwood Close,Cardiff Gate Business Park,Cardiff,CF23 8RD,Cardiff,100,02920541111,cardiffgate.centredirector@busybees.com,www.busybeeschildcare.co.uk/nursery/cardiff-gate,Busy Bees Nurseries Limited,1
Busy Bees Blaenavon @ BICC,Childrens Day Care,Full Day Care,,Blaenavon Community Campus School,Middle Coedcae Road,Pontypool,NP4 9AW,Torfaen,30,01495766511,busybeesblvn@aol.com,,Busy Bees Blaenavon Day Nursery and Kids Club,2
Busy Bees Blaenavon @ Park Street,Childrens Day Care,Full Day Care,,New Life Christian Centre,Park Street,Pontypool,NP4 9AA,Torfaen,65,01495792149,busybeesblvn@gmail.com,,Busy Bees Blaenavon Day Nursery and Kids Club,1
Busy Bees St David`s Park Day Nursery,Childrens Day Care,Full Day Care,,St David`s Park,,Ewloe,CH5 3XN,Flintshire,129,01244537787,stdavids@busybees.com,www.busybeeschildcare.com,Busy Bees Nurseries Limited,3
Busy Bodies Nursery,Childrens Day Care,Full Day Care,,Trelleck School,Trelleck,Monmouth,NP25 4PA,Monmouthshire,24,,,,Busy Bodies playgroup LTD,1
Busy Bods @ Ysgol Bodfari,Childrens Day Care,Full Day Care,,Ysgol Bodfari,,Bodfari,LL16 4DA,Denbighshire,20,01745710329,ysgol.bodfari@denbighshire.gov.uk,www.ysgolbodfari.co.uk,Ysgol Bodfari,1
Busy Feet Gelligaer,Childrens Day Care,Sessional Day Care,,Gelligaer Community Centre,Aneurin Bevan Avenue Gelligaer,Hengoed,CF82 8ES,Caerphilly,16,07375832516,busyfeetgelligaer24@gmail.com,,BUSY FEET (GILFACH) LTD,1
Busy Feet Gilfach Ltd,Childrens Day Care,Full Day Care,,Gilfach Fargoed Primary School,Vere Street,Bargoed,CF81 8LB,Caerphilly,16,07375832516,tedibachnursery@gmail.com,,BUSY FEET (GILFACH) LTD,2
Buttercups Day Nursery,Childrens Day Care,Full Day Care,,Buttercups Day Nursery,Upper Bryn Coch,Mold,CH7 4AE,Flintshire,76,01352 751267,info@buttercupsdaynursery.com,www.buttercupsdaynursery.com,Buttercups Day Nursery (Flintshire) Ltd,1
Buttercups Day Nursery,Childrens Day Care,Full Day Care,,Buttercups Nursery,Unit C1,Cardiff,CF3 2EP,Cardiff,80,02921154285,enquiries@buttercupsdaynurseryltd.co.uk,www.buttercupsdaynurseryltd.co.uk,Buttercups Day Nursery UK Ltd,1
Butterflies Day Nursery (Conwy),Childrens Day Care,Full Day Care,,Deva,Marl Lane,Deganwy,LL31 9AJ,Conwy,15,01492583261,butterfliesofdeganwy@outlook.com,,Butterflies of Deganwy Ltd,1
Buttington Trewern Playgroup,Childrens Day Care,Sessional Day Care,,Buttington Trewern Cp School,Cefn Road,Welshpool,SY21 8TB,Powys,15,07754338079,buttingtontrewernplaygroup@gmail.com,,Buttington Trewern Playgroup,1
Button's and Bow's Day Nursery Ltd,Childrens Day Care,Full Day Care,,St Davids Church Room,Clarke Street,Cardiff,CF5 5AL,Cardiff,48,02920251895,buttonsandbowsdaynursery@gmail.com,https://buttonsandbowsdatnursery.godaddysites.com/,Button's and Bow's Day Nursery Ltd,1
Bwlchgwyn Cabin Crew,Childrens Day Care,Full Day Care,,Bwlchgwyn CP School,Brymbo Road,Bwlchgwyn,LL11 5UA,Wrexham,40,01978756718,bwlchgwyncabincrew@hotmail.co.uk,https://www.bwlchgwyn-school.co.uk/cabin-crew-childcare/,Bwlchgwyn Cabin Crew,1
Bwthyn Talbot,Care Home Service,Adults Without Nursing,Learning disability,Talbot Cottage,Tramway Lane,Llanelli,SA15 4AJ,Carmarthenshire,7,01554700758,Lee.bates@carewithoutcompromise.org.uk,,Care Without Compromise Limited,3
Bythnod & Hendre Llwyd,Care Home Service,Childrens Home,Personal care for children,,,Corwen,,Denbighshire,7,01490440409,info@branas.co.uk,www.branas.co.uk,Branas Isaf (Holdings) Ltd,1
C & C (Pembs) Ltd,Care Home Service,Adults Without Nursing,"Personal care for adults, Learning disability, Mental health",57 St. Issells Avenue,,Haverfordwest,SA61 1JX,Pembrokeshire,2,07796127186,,,C & C (Pembs) Ltd,1
Caban Aur,Care Home Service,Childrens Home,Personal care for children,,,Llanbedrgoch,,Isle of Anglesey,2,01248450087,manager@cabanaur.co.uk,www.afongoch.co.uk,AFON GOCH CHILDREN'S HOMES LTD,2
Caban Cae'r Nant,Childrens Day Care,Full Day Care,,Cable Street Community Centre,Cable Street,Deeside,CH5 4DZ,Flintshire,25,01244836768,,https://www.ysgolcaernant.co.uk/caban-caer-nant/,Caban Cae'r Nant,1
Caban Cegin,Childrens Day Care,Full Day Care,,Ysgol Glancegin,,Bangor,LL57 1ST,Gwynedd,73,01248352130,Cabancegin@hotmail.com,,Caban Cegin,1
Caban Enfys,Childrens Day Care,Full Day Care,,Ysgol Esceifiog,Lon Groes,Gaerwen,LL60 6DD,Isle of Anglesey,30,01248565488,cabanenfys@gmail.com,cabanenfysgmail.com,Caban Enfys,1
Caban Ogwen,Childrens Day Care,Full Day Care,,Ysgol Llanllechid,,Bangor,LL57 3EH,Gwynedd,50,07786855333,cabanogwen@meithrinfaogwen.co.uk,www.meithrinfaogwen.co.uk,Meithrinfa Ogwen Cyf,3
Caban Ogwen Tregarth,Childrens Day Care,Out of School Care,,Tregarth Primary School,Tregarth,Bangor,LL57 4PG,Gwynedd,40,01248 605555,tregarth@meithrinfaogwen.co.uk,,Meithrinfa Ogwen Cyf,1
Caban Y Faenol Cyf,Childrens Day Care,Full Day Care,,Ysgol  Y Faenol,,Bangor,LL57 2NN,Gwynedd,56,01248361272,cabansupervisor@live.co.uk,ysgolyfaenol.cymru,Caban y Faenol Cyf,1
Cadoc House Service,Care Home Service,Adults Without Nursing,Personal care for adults,36 Connaught Road,,Cardiff,CF24 3PU,Cardiff,7,02920758109,haydn.osborne@reactsupportservices.co.uk,www.reactsupportservices.co.uk,React Support Services Ltd,3
Cadoc Service Flats - 62,Care Home Service,Adults Without Nursing,Personal care for adults,62 Cottrell Road,Roath,Cardiff,CF24 3EZ,Cardiff,2,02920758109,haydn.osborne@reactsupportservices.co.uk,www.reactsupportservices.co.uk,React Support Services Ltd,8
Cadoc Service Flats -32,Care Home Service,Adults Without Nursing,Personal care for adults,32 Connaught Road,,Cardiff,CF24 3PU,Cardiff,5,02920 758109,haydn.osborne@reactsupportservices.co.uk,www.reactsupportservices.co.uk,React Support Services Ltd,7
Cadoc Service Flats -57,Care Home Service,Adults Without Nursing,Personal care for adults,57 Connaught Road,,Cardiff,CF24 3PW,Cardiff,4,02920758109,haydn.osborne@reactsupportservices.co.uk,www.reactsupportservices.co.uk,React Support Services Ltd,6
Cadwgan Playgroup,Childrens Day Care,Full Day Care,,The Mobile Ysgol T Gwynn Jones,Llanelian Road,Old Colwyn,LL29 9UA,Conwy,16,,Cadwganplaygroup63@outlook.com,,Cadwgan Playgroup,1
Cae Melyn Care Home,Care Home Service,Adults Without Nursing,"Personal care for adults, Learning disability",Cae Melin,Bronwylfa Road,Welshpool,SY21 7RD,Powys,10,01938554738,info@caemelyn.com,www.caemelyngrouphome.co.uk,Platinum Care Limited ,1
Caeffair Ltd Affalon house nursing home ,Care Home Service,Adults With Nursing,"Nursing care for adults, Personal care for adults, Mental health",Caeffair Nursing Home,2 Felinfoel Road,Llanelli,SA15 3JG,Carmarthenshire,46,01554756332,admin@affalon-house.co.uk,affalon-house.com,Caeffair Ltd ,1
Caeglas Residential Home Ltd,Care Home Service,Adults Without Nursing,Personal care for adults,Caeglas Residential Home,Heol Cennen Ffairfach,Llandeilo,SA19 6UL,Carmarthenshire,24,01558824123,caeglas.home@gmail.com,caeglas.wales,Caeglas Residential Home Ltd,1
Caerleon Child Care,Childrens Day Care,Full Day Care,,Parc Ty Glas,,Cardiff,CF14 5DU,Cardiff,114,02920763679,info@caerleoncardiff.co.uk,www.caerleonchildcare.co.uk,123 Jump Ltd,1
Caerleon House Nursing Home,Care Home Service,Adults With Nursing,"Nursing care for adults, Personal care for adults, Learning disability, Mental health",Caerleon House Nursing Home,Goldcroft Common Caerleon,Newport,NP18 1BE,Newport,54,01633423535,bal@caerleonhouse.co.uk,www.caerleonhouse.co.uk,Caerleon House Care Ltd,1
Caernewydd Farm,Care Home Service,Adults Without Nursing,Learning disability,Caernewydd,Pembrey Road,Kidwelly,SA17 4TF,Carmarthenshire,6,01554 401108,Lee.bates@carewithoutcompromise.org.uk,www.carewithoutcompromise.org.uk,Care Without Compromise Limited,6
Caerwent Day Nursery,Childrens Day Care,Full Day Care,,Northgate House,,Caldicot,NP26 5NZ,Monmouthshire,92,01291 425239,matherndaynursery@btconnect.com,caerwentdaynursery.co.uk,Caerwent Day Nursery (Childcare Services) Ltd.,1
Caldey Grange Care Home,Care Home Service,Adults Without Nursing,"Personal care for adults, Mental health",Caldey Grange,Templebar Road,Kilgetty,SA68 0RA,Pembrokeshire,18,01834813819,enquiries@caldeygrangecare.co.uk,www.caldeygrangecare.co.uk,Caldey Grange Care Ltd,1
Calon Celtaidd,Care Home Service,Adults Without Nursing,"Personal care for adults, Learning disability, Mental health",Calon Celtiadd,Morrison Court,Port Talbot,SA12 6TQ,Neath Port Talbot,4,01639 899403,info@potens-uk.com,www.potens-uk.com,Celtic Care (Swansea) Ltd,2
Camau Tirion Llwynhendy,Childrens Day Care,Full Day Care,,Camau Tirion Llwynhendy,Trallwm Road,Llanelli,SA14 9ET,Carmarthenshire,32,01554778672,camautirion@btinternet.com,camautirion.co.uk,First Foundations Nursery Ltd,2
Cambian Pengwern College - Bryn Dedwydd,Care Home Service,Childrens Home,"Learning disability, Personal care for adults, Personal care for children",,,St Asaph,,Denbighshire,5,01745592300,Vikki.keenan@cambiangroup.com,,Cambian Whinfell School Ltd,3
Cambian Pengwern College - Bryn Egwyl,Care Home Service,Childrens Home,"Learning disability, Personal care for adults, Personal care for children",,,St Asaph,,Denbighshire,5,01745583648,vikki.keenan@cambiangroup.com,,Cambian Whinfell School Ltd,4
Cambian Pengwern College - The Chalet,Care Home Service,Childrens Home,"Learning disability, Personal care for adults, Personal care for children",,,St. Asaph,,Denbighshire,5,01745 592300,Vikki.keenan@cambiangroup.com,www.cambiangroup.com,Cambian Whinfell School Ltd,2
Cambian Pengwern College Main Campus,Care Home Service,Childrens Home,"Personal care for adults, Personal care for children, Learning disability",,,Rhyl,,Denbighshire,20,01745592300,Vikki.Keenan@cambiangroup.com,https://www.cambiangroup.com/specialist-education/our-colleges/cambian-pengwern-college/,Cambian Whinfell School Ltd,1
Camp Coconuts,Childrens Day Care,Full Day Care,,Coconuts,The Warehouse,Penarth,CF64 5RP,Vale of Glamorgan,96,01446724948,Ceri@camp-coconuts.com,www.camp-coconuts.com,Daisy Day Nurseries Ltd,1
Camp Fantastic,Childrens Day Care,Out of School Care,,Rougemont School Trust,Llantarnam Hall,Newport,NP20 6QB,Newport,100,07782217453,admin@campfantastic.co.uk,www.campfantastic.co.uk,Camp Fantastic Ltd,1
Campion Gardens Care Home,Care Home Service,Adults Without Nursing,Personal care for adults,Campion Gardens Village,Clyne Common,Swansea,SA3 3JB,Swansea,53,01792235314,manager@campioncare.co.uk,www.campiongardensretirementvillage.co.uk,Campion Gardens Limited,1
Camrose and Roch Playgroup,Childrens Day Care,Full Day Care,,Camrose Community Centre,,Haverfordwest,SA62 6AA,Pembrokeshire,24,01437710872,Camroseandrochplaygroup@gmail.com,camroseandrochplaygroup.co.uk,Camrose and Roch Playgroup,1
Canolfan Deulu y Bala,Childrens Day Care,Full Day Care,,Ysgol Beuno Sant Y Bala,Heol Y Castell,Y Bala,LL23 7UU,Gwynedd,100,,Rheolwr@canolfandeuluybala.onmicrosoft.com,,Canolfan Deulu Y Bala,1
Canolfan Holiday Club,Childrens Day Care,Out of School Care,,Canolfan Beaumaris,,Beaumaris,LL58 8AL,,36,01248811200,holidayclub@canolfanbeaumaris.org.uk,www.canolfanbeaumaris.org.uk,Canolfan Hamdden Beaumaris A'R Cylch,1
Canterbury House,Care Home Service,Adults With Nursing,Nursing care for adults,Canterbury House,77 Dyserth Road,Rhyl,LL18 4DT,Denbighshire,51,01745336511,Canterbury@akaricare.co.uk,www.akaricare.co.uk,Akari Care Cymru Limited,4
Canterbury House Residential Home Limited,Care Home Service,Adults Without Nursing,"Personal care for adults, Mental health",Canterbury House Residential Home,103 Priory Road,Milford Haven,SA73 2EA,Pembrokeshire,13,01646693465,janegojane@aol.com,,Canterbury House Residential Home Limited,1
Cantref Care Home,Care Home Service,Adults Without Nursing,Personal care for adults,Cantref Care Home,87 Brecon Road,Abergavenny,NP7 7RD,Monmouthshire,21,01873852451,management@cantrefcarehome.com,cantrefcarehome.com,Cantref Homes Limited,1
Capel Grange Care Home,Care Home Service,Adults With Nursing,"Nursing care for adults, Personal care for adults",Capel Grange Community Nursing Home,Capel Crescent,Newport,NP20 2FG,Newport,72,01633 258901,neena@amayacarehomes.co.uk,www.amayacarehomes.co.uk,Amaya Care Homes (Capel) Limited,1
Cardiff and Vale College Nursery (Barry),Childrens Day Care,Full Day Care,,"Colcot Road, Colcot",,Barry,CF62 8YJ,Vale of Glamorgan,61,01446 725028,hdundas@cavc.ac.uk,,Cardiff and Vale College,1
Cardiff Steiner School Early Years and Wraparound Care,Childrens Day Care,Full Day Care,,Cardiff Steiner School,Hawthorn Road West,Cardiff,CF14 2FL,Cardiff,32,02920567986,miranda.knight@cardiffsteiner.org.uk,http://www.cardiffsteiner.org.uk/,Cardiff Steiner Early Years Centre Limited,1
Cardiff University Little Scholars Nursery,Childrens Day Care,Full Day Care,,Cardiff University,43-45,Cardiff,CF10 3BB,Cardiff,64,02920 874 135,LittleScholarsNursery@cardiff.ac.uk,https://www.cardiff.ac.uk/little-scholars-nursery,Cardiff University,1
Carla House,Care Home Service,Childrens Home,Personal care for children,,,Wrexham,,Wrexham,4,01978757423,carla.house@yourchapter.co.uk,yourchapter.co.uk,Your Chapter,3
Carlton House Residential Care Home,Care Home Service,Adults Without Nursing,"Personal care for adults, Mental health",Carlton House Residential Care Home,,Llanon,SY23 5HZ,Ceredigion,16,07815481149,steff_lewis@hotmail.com,CARLTON HOUSE RESIDENTIAL CARE HOME,CARLTON HOUSE RESIDENTIAL CARE HOME,1
Carmarthen Breakthro,Childrens Day Care,Out of School Care,,Carmarthen Breakthro',Station Road Nantgaredig,Carmarthen,SA32 7LQ,Carmarthenshire,10,07772078634,admin@carmarthen-breakthro.co.uk,www.carmarthen-breakthro.co.uk,Carmarthen Breakthro' (Breakthro' Caerfyrddin) project,1
Carmel Preschool Playgroup,Childrens Day Care,Full Day Care,,Ysgol Bro Carmel,Carmel Road Carmel,Holywell,CH8 8NU,Flintshire,40,07715647791,brocarmelplaygroup@hotmail.co.uk,,Carmel Playgroup,1
Carr Holm,Care Home Service,Adults Without Nursing,Personal care for adults,Carr Holm,41 Bastion Road,Prestatyn,LL19 7ND,Denbighshire,20,01745 887120,fay@carrholm.co.uk,https://carrholm.co.uk,Moore & Moore Care Ltd,1
Cartref Ael Y Bryn,Care Home Service,Adults Without Nursing,"Personal care for adults, Mental health",Cartref Ael Y Bryn,Penybanc Road,Ammanford,SA18 3HS,Carmarthenshire,49,01269593773,info@barleybind.co.uk,www.barleybind.co.uk,Barleybind Ltd,2
Cartref Annwyl Fan Care Home,Care Home Service,Adults With Nursing,"Nursing care for adults, Personal care for adults",Cartref Annwyl-fan,Colonel Road,Ammanford,SA18 2HW,Carmarthenshire,70,01269592447,info.ca@carongroup.wales,www.carongroup.wales,Cartref Annwyl (Ammanford) Limited,1
Cartref Bryn yr Eglwys,Care Home Service,Adults With Nursing,"Nursing care for adults, Personal care for adults",Pentrefoelas,,Betws-y-coed,LL24 0HY,Conwy,30,01690770384,c.b.y.e@hotmail.co.uk,www.cartrefbrynyreglwys.com,NANT-Y-FOEL CYFYNGEDIG,1
Cartref Care Home Ltd,Care Home Service,Adults Without Nursing,Personal care for adults,Cartref Care Home,Henllan,Llandysul,SA44 5TD,Ceredigion,36,01559371293,cartrefhome@outlook.com,,CARTREF CARE HOME LTD,1
Cartref Celtaidd,Care Home Service,Adults Without Nursing,"Personal care for adults, Learning disability, Mental health",106 Vardre Road,Clydach,Swansea,SA6 5LU,Swansea,3,01792846518,info@potens-uk.com,www.potens-uk.com,Celtic Care (Swansea) Ltd,1
Cartref Croeso Ltd,Care Home Service,Adults Without Nursing,Personal care for adults,Cartref Croeso Ltd,,Pencader,SA39 9HL,Carmarthenshire,15,01559384240,emma.morris@croesocare.co.uk,www.cartrefcroeso.co.uk,Cartref Croeso Ltd,1
Cartref y Borth Residential Home,Care Home Service,Adults Without Nursing,Personal care for adults,Betws Road,,Llanrwst,LL26 0HE,Conwy,21,01492641432,cartrefyborth@akaricare.co.uk,www.akaricare.co.uk,Akari Care Cymru Limited,2
Cartrefle Residential Home,Care Home Service,Adults Without Nursing,Personal care for adults,Cartrefle,Betws Road,Llanrwst,LL26 0HG,Conwy,24,01492640064,Cartrefle@akaricare.co.uk,www.akaricare.co.uk,Akari Care Cymru Limited,1
Caseys Lodge,Care Home Service,Adults Without Nursing,Personal care for adults,Caseys Lodge,Twyn Carmel,Merthyr Tydfil,CF48 1PF,Merthyr Tydfil,8,01685370200,markbevanr@aol.com,,Care 4 U (Neath) Limited,1
Castle Court Residential Home,Care Home Service,Adults Without Nursing,Personal care for adults,Castle Court Residential Home,Welsh Street,Chepstow,NP16 5LN,Monmouthshire,25,01291625597,manager@castlecourt.co.uk,http://www.castlecourt.care,E.V.H Limited,1
Castle Graig Nursing Home,Care Home Service,Adults With Nursing,"Nursing care for adults, Personal care for adults, Mental health",Castle Graig Nursing Home,93 Salem Road Morriston,Swansea,SA6 8NN,Swansea,37,01792790009,management@castlegraig.com,www.castlegraig.com,Navagrace Ltd,1
Castlecare Specialist Services Limited,Care Home Service,Adults Without Nursing,"Personal care for adults, Mental health",162 Cardiff Road,,Aberdare,CF44 6UY,Rhondda Cynon Taf,10,01685 874000,castlecareltd@aol.com,www.castlecare.org,CASTLECARE SPECIALIST SERVICES LIMITED ,1
Cefn Fforest Rising Stars Childcare Ltd,Childrens Day Care,Full Day Care,,Cefn Fforest Primary School,Central Avenue,Blackwood,NP12 3JU,Caerphilly,22,07307167156,risingstarschildcare19@gmail.com,,Cefn Fforest Rising Stars Childcare Ltd,3
Cefn Glas Playgroup,Childrens Day Care,Sessional Day Care,,Westward Community Centre,Llangewydd Road,Bridgend,CF31 4JR,Bridgend,28,07785110442,fastrackchildcaresolutions@live.co.uk,,Fast Track Childcare Solutions Ltd,1
Cefn Lodge Care Home,Care Home Service,Adults With Nursing,"Nursing care for adults, Personal care for adults, Mental health",Cefn Lodge Nursing Home,16 Cefn Parc,Neath,SA10 6YR,Neath Port Talbot,35,01792815778,natalie.jenkins@oxfordcarehomes.co.uk,www.cefnlodgenursinghome.com,Cefn Lodge Limited,1
Cefn Manor,Care Home Service,Adults Without Nursing,"Personal care for adults, Learning disability, Mental health",Cefn Manor,,Llanelli,SA15 4RT,Carmarthenshire,12,01269862146,marion@eraliving.co.uk,,Era Living Solutions Limited,1
Cefn Mawr Playgroup,Childrens Day Care,Full Day Care,,The Activity Centre,Plas Kynaston Lane,Wrexham,LL14 3AT,Wrexham,19,07591995141,cefnplaygroup@gmail.com,,Cefn Mawr Playgroup,1
Cefn Mawr Playgroup Bright Stars Playgroup,Childrens Day Care,Full Day Care,,Cefn Mawr County Primary School,Plas Kynaston Lane Cefn Mawr,Wrexham,LL14 3PY,Wrexham,19,07745309353,cefnplaygroup@gmail.com,,Cefn Mawr Playgroup,2
Celynbrook Care Home,Care Home Service,Adults Without Nursing,"Personal care for adults, Learning disability, Mental health",21 Ash Grove,,Barry,CF63 1LS,Vale of Glamorgan,5,01446738999,valebrookcarehomes@hotmail.com,https://valebrookcarehomes.co.uk,Valebrook Care Homes Ltd,4
Cenarth Care Home,Care Home Service,Adults Without Nursing,Personal care for adults,Cenarth,Pembroke Ferry,Pembroke Dock,SA72 6UD,Pembrokeshire,4,0+441646 681246,,,Ann  Smith,1
Central Surgery Nursing Home Limited,Care Home Service,Adults With Nursing,"Nursing care for adults, Personal care for adults, Learning disability, Mental health",Eden Hall,Church Street,Tredegar,NP22 3DX,Blaenau Gwent,14,07799452817,centralsurgergerynursing@yahoo.com,,Central Surgery Nursing Home limited,1
Cerrig yr Afon nursing home,Care Home Service,Adults With Nursing,"Nursing care for adults, Personal care for adults",Resicare Ltd,Cerrig Yr Afon Nursing Home,Y Felinheli,LL56 4NX,Gwynedd,57,01248670309,manager@resicare.co.uk,www.resicare.co.uk,Resicare Ltd,1
Channel View Residential Care Home,Care Home Service,Adults Without Nursing,"Personal care for adults, Learning disability, Mental health",317 Barry Road,,Barry,CF62 8BJ,Vale of Glamorgan,11,01446736277,enquiries.channelview@outlook.com,www.cehealthcare.co.uk,Cheerful Elegant Healthcare Ltd,4
Chapel Hill Farmhouse,Care Home Service,Adults Without Nursing,"Personal care for adults, Learning disability",Chapel Hill,,Pembroke,SA71 5HY,Pembrokeshire,6,01646 661284,shangrilacareservices@yahoo.co.uk,,Shangri-La Chapel Hill Ltd ,2
Charlie's Childcare,Childrens Day Care,Full Day Care,,1 Glamorgan Street,Powys,Brecon,LD3 7DW,Powys,32,07581460829,charlottewood28@yahoo.co.uk,,Charlie's Childcare Ltd,1
Chaseley House Residential home,Care Home Service,Adults Without Nursing,Personal care for adults,Chaseley House,26 Whitehall Road Rhos On Sea,Colwyn Bay,LL28 4HW,Conwy,15,01492592177,olwen@tenderlovingcare.org.uk,www.tenderlovingcare.org.uk,Tender Loving Care Limited,1
Cherry Blossoms,Childrens Day Care,Full Day Care,,Idris Davies School 3-18,Secondary Phase,Tredegar,NP22 5XF,Caerphilly,20,01685 846007,Cherryblossomsmainoffice@gmail.com,https://www.facebook.com/share/12FDnzrJw7Z/,1ST STEPS DAY CARE PONTLOTTYN LTD,1
Cherry Hill Children`s Day Nursery,Childrens Day Care,Full Day Care,,91 Borras Park Road,,Wrexham,LL12 7TF,Wrexham,61,01978 367786,cherryhillnursery@yahoo.com,www.cherryhilldaynursery.co.uk,Cherry Hill Children`s Day Nursery Ltd,1
Cherry Tree Care Home Limited,Care Home Service,Adults Without Nursing,"Personal care for adults, Mental health",Cherry Tree Care Home,High Street,Wrexham,LL11 3UF,Wrexham,37,01978759925,Carrie.williams@sferacare.co.uk,www.sferacare.co.uk,Cherry Tree Care Home Limited,1
Cherry Tree Luxury Care Home,Care Home Service,Adults With Nursing,Nursing care for adults,Cherry Tree Care Home,209 Newport Road,Caldicot,NP26 4AF,Monmouthshire,41,01291421940,cherrytree@dreamscarehomes.co.uk,www.dreamscarehomes.co.uk,Dreams Care Homes (Cherry Tree) Limited,1
Chestnut House Care Home,Care Home Service,Adults Without Nursing,"Nursing care for adults, Personal care for adults",Chestnut House Nursing Home,Hawarden Road Hope,Wrexham,LL12 9NH,Flintshire,41,01978760752,manager@chestnuthousecarehome.co.uk,,Chestnut House Nursing Home Limited,1
Child's Play,Childrens Day Care,Full Day Care,,C/o St Davids Rc School,Westcross Avenue,Swansea,SA3 5TS,Swansea,38,07708315118,hello@childsplayswansea.co.uk,www.childsplayswansea.co.uk,Child's Play At Ltd,1
Child's Play at Crwys,Childrens Day Care,Full Day Care,,Chapel Road,Three Crosses,Swansea,SA4 3PU,Swansea,57,07377547088,hello@childsplayswansea.co.uk,http://www.childsplayswansea.co.uk/,Child's Play At Ltd,2
Child's Play at Penclawdd,Childrens Day Care,Full Day Care,,Penclawdd Primary School,Penclawdd,Swansea,SA4 3FH,Swansea,17,07511450688,childsplayswansea@outlook.com,www.childsplayswansea.co.uk,Child's Play At Ltd,3
ChildsPlay Private Nursery,Childrens Day Care,Full Day Care,,89 - 90 Commercial Street,,Newport,NP20 1LS,Newport,43,01633266220,manager@childsplaynursery.net,www.childsplaynursery.net,Childsplay Private - Nursery Ltd,1
Chilton Place,Care Home Service,Adults Without Nursing,Nursing care for adults,14 Alma Street,Brynmawr,Ebbw Vale,NP23 4DZ,Blaenau Gwent,24,01495313673,vickyjenkins@glaslyncarehomes.co.uk,www.glaslyncarehomes.co.uk,Glaslyn Retirement Homes Limited,2
Chirk Court,Care Home Service,Adults Without Nursing,Personal care for adults,Maes Y Waun,Chirk,Wrexham,LL14 5ND,Wrexham,66,01691774286,jane.humphreys@clwydalyn.co.uk,www.clwydalyn.co.uk,ClwydAlyn Housing Limited,2
Chirk Pre School Playgroup,Childrens Day Care,Full Day Care,,Ysgol Y Waun,Lloyd's Lane Chirk,Wrexham,LL14 5NH,Wrexham,30,07956919884,EEChirkW5@hwbcymru.net,,Chirk Pre School Playgroup,1
Christchurch Llanedeyrn Playgroup,Childrens Day Care,Sessional Day Care,,Christchurch United Church,Wellwood Llanedeyrn,Cardiff,CF23 9JQ,Cardiff,32,07951687448,playgroup@christchurchunitedcardiff.org.uk,www.playgroup.christchurchunitedcardiff.org.uk,Christchurch Llanedeyrn Playgroup,1
Chuckles Day Care Wales Ltd,Childrens Day Care,Full Day Care,,Pentwyn House,Pentwyn Lane,Newport,NP20 7AE,Newport,70,01633852373,lisa@chuckles.wales,www.chucklesnursery.wales,Chuckles Day Care Wales Ltd,1
Chunky Monkeys Day Nursery,Childrens Day Care,Full Day Care,,Chunky Monkeys Day Nursery,Principality House,Bridgend,CF31 2BB,Bridgend,107,01656 857342,info@chunkymonkeysnursery.com,www.chunkymonkeysnursery.com,Jungle Island CO Ltd,1
Church Manor Care Home,Care Home Service,Adults Without Nursing,Personal care for adults,Church Manor Care Home,Towyn Road Towyn,Abergele,LL22 9ER,Conwy,31,01745338890,office@churchmanorcarehome.co.uk,https://www.carehome.co.uk/carehome.cfm/searchazref/church-manor,2SK Care Homes Ltd,1
Churchstoke Little Explorers and after school club,Childrens Day Care,Full Day Care,,Churchstoke Cp School,Churchstoke,Montgomery,SY15 6AA,Powys,19,07948237655,churchstokepg@gmail.com,www.churchstokecpschool.weebly.com,Churchstoke Little Explorers,1
Churchstoke Short Stay,Care Home Service,Adults Without Nursing,"Learning disability, Personal care for adults",59 Fir Court Avenue,Churchstoke,Montgomery,SY15 6BA,Powys,3,01588620172,llandrindod.enquiries@cartrefi.coop,www.cartrefi.coop,Cartrefi Cymru Co-operative Ltd,12
Cilymaenllwyd care home,Care Home Service,Adults Without Nursing,"Personal care for adults, Mental health",Cilymaenllwyd Care Home,Pwll,Llanelli,SA15 4RB,Carmarthenshire,49,01554 583032,vicky.cilymaenllwyd@hotmail.com,www.cilymaenllwyd.com,Barleybind Ltd,1
CityView Guided stars,Care Home Service,Childrens Home,Personal care for children,,,Swansea,,Swansea,2,01792946924,cityview@guidedstars.co.uk,,Guidedstars LTD,1
Claremont Care Home,Care Home Service,Adults Without Nursing,"Personal care for adults, Mental health",30 Ewenny Road,,Bridgend,CF31 3HR,Bridgend,21,01656766495,liamgeorge23@aol.com,,Claremont Partnership,1
Claremont Court Care Home Ltd,Care Home Service,Adults With Nursing,"Nursing care for adults, Personal care for adults, Mental health",Claremont Court Care Home,56 Pillmawr Road,Newport,NP20 6WG,Newport,36,01633854813,janeteagles@hotmail.co.uk,,Claremont Court Care Home Ltd,1
Clarian Hope Bryncoch Residential Care ,Care Home Service,Adults Without Nursing,"Personal care for adults, Learning disability",7 Crud Yr Awel,,Neath,SA10 7PG,Neath Port Talbot,3,01639 635043,clarianhope@gmail.com,www.clarianhope.co.uk,Clarian Hope LTD ,1
Clayford,Care Home Service,Adults Without Nursing,Learning disability,Clayford Farm,,Haverfordwest,SA62 4BD,Pembrokeshire,5,01437751273,admin@carninglitrust.org,https://www.carninglitrust.org/,CARNINGLI TRUST (THE),4
Clock House Residential,Care Home Service,Adults Without Nursing,"Personal care for adults, Mental health",Coast Road,,Holywell,CH8 9DZ,Flintshire,17,07794459936,benroberts@astarsupportservices.co.uk,,Clock House Residential Limited,1
Clwb Ar Ol Ysgol Traed Bach,Childrens Day Care,Out of School Care,,Ysgol Bro Gwydir,Heol Watling,Llanrwst,LL26 0EY,Conwy,24,01492642218,traedbach1@yahoo.co.uk,,Traed Bach Cyf,2
Clwb Bwthyn Bach,Childrens Day Care,Full Day Care,,Ysgol Yr Esgob,Lon Yr Ysgol,Mold,CH7 5AD,Flintshire,27,07895580302,clwbbwthynbach@gmail.com,https://yr-esgob.bcf.cymru,Clwb Bwthyn Bach,1
Clwb Carco,Childrens Day Care,Out of School Care,,Ysgol Gymraeg Pwll Coch,Lawrenny Avenue,Cardiff,CF11 8BR,Cardiff,116,07871542716,helen@clwbcarco.com,www.clwbcarco.com,Clwb Carco Limited,2
Clwb Carco a Cynllun Chwarae Awel Taf,Childrens Day Care,Out of School Care,,Ysgol Gynradd Gymraeg Awel Taf,Holly Street,Pontypridd,CF37 5DB,Rhondda Cynon Taf,40,01443407570,carco@menteriaith.cymru,www.menteriaith.cymru,Menter Iaith Rhondda Cynon Taf,1
Clwb Carco Melin Gruffydd,Childrens Day Care,Out of School Care,,Ysgol Melin Gruffydd,Glan Y Nant Road,Cardiff,CF14 1AP,Cardiff,96,07967568412,Trystan@clwbcarco.com,www.clwbcarco.com,Clwb Carco Limited,4
Clwb Carco Pencae,Childrens Day Care,Out of School Care,,Ysgol Pencae,Highfields,Cardiff,CF5 2QA,Cardiff,50,07577476533,Cerys@clwbcarco.com,www.clwbcarco.com,Clwb Carco Limited,1
Clwb Carco Ysgol Y wern,Childrens Day Care,Out of School Care,,Ysgol Y Wern,Llangranog Road,Cardiff,CF14 5BL,Cardiff,118,07866594744,etsportscymru@hotmail.com,www.clwbcarco.com,Clwb Carco Limited,3
Clwb Caredig,Childrens Day Care,Out of School Care,,Ysgol Nantgaredig School,Station Road,Nantgaredig,SA32 7LG,Carmarthenshire,45,01267290444,clwbcaredig@hotmail.co.uk,http://www.nantgaredig.amdro.org.uk/,Clwb Caredig,1
Clwb Cefn,Childrens Day Care,Full Day Care,,Ysgol Cefn Meiriadog,,Denbighshire,LL22 9DS,Denbighshire,24,01745582224,Cefnclwb@gmail.com,www.cefnmeiriadog.co.uk,Clwb Cefn,1
Clwb Cwl Pitian Patian,Childrens Day Care,Out of School Care,,Ty Hen,,Caernarfon,LL54 5SD,Gwynedd,32,01286831155,swyddfa@pitianpatian.com,www.pitianpatian.com,Pitian Patian Llanwnda Cyf,1
Clwb Cymer Ofal,Childrens Day Care,Out of School Care,,Ysgol Hamadryad,Heol Hamadryad,Caerdydd,CF10 5UY,Cardiff,48,07496162017,clwb@cymerofal.co.uk,www.cymerofal.co.uk,Clwb Cymer Ofal Cyf,2
Clwb Cynnwr Ltd (After School Club),Childrens Day Care,Out of School Care,,Llangunnor CP School,Penymorfa Lane,Carmarthen,SA31 2NN,Carmarthenshire,45,01267237841,,,Clwb Cynnwr Cyf,1
Clwb Ein Harglwyddes,Childrens Day Care,Full Day Care,,Our Ladys Rc School,Caernarfon Road,Bangor,LL57 2UT,Gwynedd,19,07902690139,clwbeinharglwyddes@outlook.com,,Clwb Ein Harglwyddes,1
Clwb Ein Harglwyddes,Childrens Day Care,Full Day Care,,Ysgol Ein Harglwyddes Newydd,Caernarfon Road,Bangor,LL57 4SG,Gwynedd,30,07902 690139,,,Clwb Ein Harglwyddes,1
Clwb Enfys at Ysgol Glan Gele,Childrens Day Care,Full Day Care,,Glangele Infant School,Ffordd Y Morfa,Abergele,LL22 7NU,Conwy,24,07423432705,julieeverley@icloud.com,,Clwb Enfys Ltd,1
Clwb Enfys Ltd,Childrens Day Care,Out of School Care,,Ysgol Pant Y Rhedyn,Penmaenmawr Road,Llanfairfechan,LL33 0PA,Conwy,71,01248681918,julieeverley@icloud.com,,Clwb Enfys Ltd,4
Clwb Enfys Penmaenmawr,Childrens Day Care,Out of School Care,,Clwb Enfys,Ysgol Pencae,Penmaenmawr,LL34 6YG,Conwy,45,01248 681 918,julieeverley@icloud.com,,Clwb Enfys Ltd,3
Clwb Ffrindie Bach,Childrens Day Care,Full Day Care,,Ysgol Pen Barras,Ffordd Glasdir,Ruthin,LL15 1QQ,Denbighshire,80,01824704129,,,Clwb Ffrindie Bach,1
Clwb Gofal Bryn y Mor,Childrens Day Care,Out of School Care,,Ysgol Bryn Y Mor,St. Albans Road Brynmill,Swansea,SA2 0BP,Swansea,40,01792466354,ygg.brynymor@swansea-edunet.gov.uk,,Governing Body Ysgol Bryn y Mor,1
Clwb Gofal Llanddarog,Childrens Day Care,Out of School Care,,Ysgol Llanddarog School,,Llanddarog,SA32 8BJ,Carmarthenshire,24,01269871600,,www.mentercwmgwendraeth.org,Menter Cwm Gwendraeth Elli Cyfyngedig,1
Clwb Gofal Morfa,Childrens Day Care,Out of School Care,,Ysgol Morfa Rhianedd,Cwm Road,Llandudno,LL30 1EG,Conwy,16,,,,Clwb Gofal Morfa,1
Clwb Gofal Tywi,Childrens Day Care,Out of School Care,,Clwb Rygbi Llandeilo,Cae William,Carmarthen,SA19 6RS,Carmarthenshire,32,01558263123,post@gofalplant.cymru,www.gofalplant.cymru,Gofal Plant Cyf,1
Clwb Gogerddan,Childrens Day Care,Out of School Care,,Ysgol Rhydypennau,Bow Street,Aberystwyth,SY24 5AD,Ceredigion,50,01970823100,enquiries@gogerddanchildcare.co.uk,,Gogerddan Childcare Ltd,3
Clwb Goleudy,Childrens Day Care,Out of School Care,,Hapus Dyrfa,Cambrian House,Burry Port,SA16 0NE,Carmarthenshire,18,07971643409,admin@hapusdyrfa.com,www.hapusdyrfa.com,Holutions Ltd,2
Clwb Hwyl @ St Mary's,Childrens Day Care,Out of School Care,,St. Marys Catholic Primary School,Ffordd Llewelyn,Flint,CH6 5JZ,Flintshire,16,01352733231,clwbhwyl@stmarysflint.wales,https://www.stmarysflint.wales/clwbhwyl/,Clwb Hwyl @ St Mary’s,1
Clwb Hwyl Henryd,Childrens Day Care,Out of School Care,,Llangelynin School,Henryd,Conwy,LL32 8YB,Conwy,30,07845128109,,,Clwb Hwyl Henryd,1
Clwb Llawen y Llys,Childrens Day Care,Out of School Care,,Ysgol Y Llys,Princes Avenue,Prestatyn,LL19 8RP,Denbighshire,40,07562945441,clwbllys@outlook.com,https://www.clwbllawenllys.co.uk/,Clwb Llawen y Llys,1
Clwb Penmorfa Community Interest Company,Childrens Day Care,Full Day Care,,Penmorfa Cp School,Dawson Drive,Prestatyn,LL19 8SY,Denbighshire,52,01745852757,,,CLWB PENMORFA COMMUNITY INTEREST COMPANY,1
Clwb Plant Awel Y Mynydd,Childrens Day Care,Out of School Care,,Ysgol Awel Y Mynydd,Sarn Mynach,Llandudno Junction,LL31 9RT,Conwy,63,07549683948,julieeverley@icloud.com,,Clwb Enfys Ltd,2
Clwb Plant Bodafon,Childrens Day Care,Full Day Care,,Ysgol Bodafon,Bodafon Road,Llandudno,LL30 3BA,Conwy,19,07825563063,clwbplantbodafon@outlook.com,,Clwb Plant Bodafon,1
Clwb Plant Brynaman Kids Club,Childrens Day Care,Full Day Care,,Bowling Pavilion,Maes Elwyn Park,Upper Brynaman,SA18 1AH,Carmarthenshire,24,07900126165,clwbplantbrynaman@yahoo.com,,Clwb Plant Brynaman Kids Club,1
Clwb Plant Dyffryn Nantlle,Childrens Day Care,Out of School Care,,"Safle'r Caban, Ysgol Bro Lleu",Ffordd Y Brenin,Caernarfon,LL54 6RL,Gwynedd,40,07950442392,Clwbdyffrynnantlle@gmail.com,,Clwb Plant Dyffryn Nantlle,1
Clwb Plant Llandegfan Kids Club,Childrens Day Care,Out of School Care,,Ysgol Gynradd Llandegfan,Llandegfan,Menai Bridge,LL59 5UW,Isle of Anglesey,58,07717380386,clwbplantllandegfan@outlook.com,,Clwb Plant Llandegfan Kids Club,1
Clwb Plant Segontiwm Cyf.,Childrens Day Care,Full Day Care,,Ysgol yr Hendre,Ffordd Llanbeblig,Caernarfon,LL55 2AT,Gwynedd,24,07552648091,cpsegontiwm@gmail.com,,Clwb Plant Segontiwm Cyf,1
Clwb Seren,Childrens Day Care,Out of School Care,,Ysgol Gynradd Carreg Hirfaen,Cwmann,Llanbedr Pont Steffan,SA48 8ET,Carmarthenshire,30,07814594703,meithrinfaseren@yahoo.com,,Seren Day Nursery Ltd,3
Clwb Teifi,Childrens Day Care,Out of School Care,,Ysgol Bro Teifi,Horeb,Llandysul,SA44 4JL,Ceredigion,64,01570423426,clwbteifi@hotmail.com,,Seren Day Nursery Ltd,2
Clwb Twm,Childrens Day Care,Out of School Care,,Ysgol Twm O'r Nant,Ffordd Rhyl,Dinbych,LL16 3DP,Denbighshire,80,01745812261,clwbtwm@outlook.com,,Clwb Twm,1
Clwb Twts Tywi,Childrens Day Care,Out of School Care,,Ysgol Gynradd Llandeilo,20 Rhosmaen Street,Llandeilo,SA19 6LU,Carmarthenshire,44,01550779039,info@twtstywi.co.uk,,TWTS TYWI LIMITED,1
Clwb Ty Wendy Abercaseg,Childrens Day Care,Full Day Care,,Ysgol Abercaseg,Abercaseg Bethesda,Bangor,LL57 3PL,Gwynedd,30,07940 161043,Thewendyhouse72@outlook.com,,Clwb Ty Wendy Cyf,1
Clwb Tywyn Bach,Childrens Day Care,Out of School Care,,Ysgol Parc Y Tywyn,Heol Y Bardd,Burry Port,SA16 0NL,Carmarthenshire,30,01554 835754,admin@hapusdyrfa.com,,Holutions Ltd,1
Clwb y Ddwylan,Childrens Day Care,Out of School Care,,Ysgol Y Ddwylan,New Road,Newcastle Emlyn,SA38 9BA,Carmarthenshire,40,07989694056,mererid.morgan929@btinternet.com,,Clwb y Ddwylan,1
Clwb Y Dyffryn,Childrens Day Care,Out of School Care,,Ysgol Dyffryn Aeron,Felinfach,Lampeter,SA48 8AE,Ceredigion,28,01570423426,clwbaeron@yahoo.com,,Seren Day Nursery Ltd,1
Clwb y Morfa C.B.C,Childrens Day Care,Out of School Care,,Ysgol Glan Morfa,,Abergele,LL22 7NU,Conwy,39,07856106449,clwbymorfa123@gmail.com,,Clwb y Morfa C.B.C,1
Clwb yr Enfys,Childrens Day Care,Out of School Care,,Ysgol Griffith Jones,St. Clears,Carmarthen,SA33 4BT,Carmarthenshire,48,07931055047,,,Clwb yr Enfys Limited,1
Clwb Ysgol Glan Conwy CIO,Childrens Day Care,Out of School Care,,Ysgol Glan Conwy,Glan Conwy,Colwyn Bay,LL28 5NA,Conwy,18,07985770440,bethfaye1@yahoo.co.uk,,Clwb  Ysgol Glan Conwy CIO,1
Clwb Ysgol Gymraeg Llangennech,Childrens Day Care,Out of School Care,,Ysgol Gymraeg Llangennech,65 Maes Y Dderwen,Llanelli,SA14 8UW,Carmarthenshire,32,01269871600,,www.mentercwmgwendraeth.org,Menter Cwm Gwendraeth Elli Cyfyngedig,2
Clyffard House,Care Home Service,Childrens Home,Mental health,,,Newport,,Newport,2,07803707951,wales@centrepeacehomes.co.uk,www.centrepeacehomes.co.uk,CentrePeace Homes Ltd,1
Clynsaer House,Care Home Service,Adults Without Nursing,"Personal care for adults, Learning disability, Mental health",Clynsaer House,"Cynghordy,","Llandovery,",SA20 0LP,Carmarthenshire,11,01550 750224,BarnabyCunningham@cygnethealth.co.uk,,Cygnet Care Services Limited,2
Coalbrook Care,Care Home Service,Adults Without Nursing,"Personal care for adults, Learning disability",39 Coalbrook Road,Pontyberem,Llanelli,SA15 5HU,Carmarthenshire,8,01269871528,coalbrook@reflecteducation.co.uk,www.reflecteducation.co.uk,Reflect Education Ltd,1
Coastlands CP School Club,Childrens Day Care,Full Day Care,,Trewarren Road,St Ishmaels,Haverfordwest,SA62 3SZ,Pembrokeshire,17,01646636340,head.coastlands@pembrokeshire.gov.uk,www.coastlandscpschool.co.uk,Governing Body of Coastlands CP School,1
Codi Serennau,Childrens Day Care,Full Day Care,,Coed Eva Primary School,Teynes Coed Eva,Cwmbran,NP44 4TG,Torfaen,50,01633484131,coedevadaycare@torfaen.gov.uk,https://federationbrce.com/codi-serennau/,Codi Serennau,1
Coed Cariad,Childrens Day Care,Full Day Care,,Blaen Y Wern,,Kidwelly,SA17 5ES,Carmarthenshire,16,,info@coedcariad.org,,Coed Cariad C.I.C.,1
Coed Craig,Care Home Service,Adults Without Nursing,Personal care for adults,Coed Craig Methodist Home,35 Tan Y Bryn Road,Colwyn Bay,LL28 4AD,Conwy,45,01492544075,karen.stanley@mha.org.uk,https://mha.org.uk/care-support/care-homes/coed-craig,Methodist Homes,1
Coed Duon,Care Home Service,Childrens Home,Personal care for children,,,Blackwood,,Caerphilly,4,01495238893,kristin.Oatley@keys-group.co.uk,keys-group.co.uk,Keys NHCC Limited,3
Coed Isaf Nursing Home,Care Home Service,Adults With Nursing,"Nursing care for adults, Mental health, Personal care for adults",Coed Isaf,Bryn Lupus Road,Llandudno,LL30 1SR,Conwy,32,01492583623,monica@coedisaf.co.uk,https://www.vshans.co.uk/,Coed Isaf Nursing Home Ltd,1
Coed Mor Residential Care Home,Care Home Service,Adults Without Nursing,Personal care for adults,Coed Mor Residential Home,Groes Lwyd,Abergele,LL22 7TA,Conwy,19,01745832261,info@coedmor.co.uk,www.coedmor.co.uk,SI Medicare LTD,1
College Fields Nursing Home,Care Home Service,Adults With Nursing,Nursing care for adults,College Fields Nursing Home,College Fields Close,Barry,CF62 8LE,Vale of Glamorgan,68,01446747778,reception@cfnh.wales,https://www.bellavistanursinghome.com/college-fields-nursing-home/,Middlepatch Limited,1
Colwinston Childcare,Childrens Day Care,Sessional Day Care,,St. David's Church In Wales Primary School,Colwinston,Cowbridge,CF71 7NL,Vale of Glamorgan,20,01656656447,office@stdavidscwprimaryschool.co.uk,stdavidscwprimaryschool.co.uk,St. David's CIW VA Primary Governing Body,1
"Colwyn Bay Old Convent Nursing Home, Ltd",Care Home Service,Adults With Nursing,"Nursing care for adults, Personal care for adults",Colwyn Bay Old Convent Nursing Home Ltd,15 Lansdowne Road,Colwyn Bay,LL29 7YD,Conwy,34,01492532788,manager@oldconventnursinghome.com,http://www.oldconventnursinghome.com/,Colwyn Bay Old Convent Nursing Home Ltd,1
Comfort Care Homes (Glan Yr Afon) Ltd,Care Home Service,Adults With Nursing,"Nursing care for adults, Personal care for adults",Glan-yr-afon Care Home,Glan-yr-afon Lane Fleur De Lis,Blackwood,NP12 3WA,Caerphilly,39,01443835196,info.glanyrafoncarehome@gmail.com,,Comfort Care Homes (Glan Yr Afon) Ltd,1
Compton House,Care Home Service,Childrens Home,Personal care for children,,,Llanelli,,Carmarthenshire,1,07492062514,chrisgriffiths@futurevisionchildcare.co.uk,www.futurevisionchildcare.co.uk,Future Vision Childcare LTD,2
Connaught Rd,Care Home Service,Childrens Home,Personal care for children,,,Cardiff,,Cardiff,4,07913352439,alex.bartley@basesupport.co.uk,www.basesupport.co.uk,BASE Support Services Ltd,2
Conner's Place,Care Home Service,Adults Without Nursing,"Personal care for adults, Learning disability",60 Church Road,Rhos On Sea,Colwyn Bay,LL28 4YS,Conwy,2,07824627102,caroline@connersplace.co.uk,,Conner's Place Ltd.,2
Conner's Place Ltd.,Care Home Service,Adults Without Nursing,"Personal care for adults, Learning disability, Mental health",Oakdene Residential Home,47 Mostyn Avenue,Llandudno,LL30 1YY,Conwy,6,01492460561,caroline@connersplace.co.uk,,Conner's Place Ltd.,1
Cool Cats Club,Childrens Day Care,Full Day Care,,Ysgol Bryn Hedydd,42 Spruce Avenue,Rhyl,LL18 3SU,Denbighshire,60,01745 330079,coolcatsclub@rocketmail.com,,Cool Cats Club,1
Cool Kidz Club Brynford,Childrens Day Care,Out of School Care,,Ysgol Brynford,Brynford,Holywell,CH8 8AD,Flintshire,24,07498833096,,,Cool Kidz Club Brynford,1
Cottage View,Care Home Service,Adults Without Nursing,Personal care for adults,Powys Health Care Nhs Trust,Knighton Hospital,Knighton,LD7 1DF,Powys,15,01874 711661,david.farnsworth@wales.nhs.uk,https://pthb.nhs.wales/,Powys Teaching Health Board,1
Country Kids Childcare (Builth Wells) Limited.,Childrens Day Care,Full Day Care,,Builth Wells Cricket Club,46 Garth Road,Builth Wells,LD2 3NL,Powys,32,,countrykidsbuilthwells@mail.com,,Country Kids Childcare (Builth Wells) Limited,1
County Child Care St Davids RC CYF,Childrens Day Care,Full Day Care,,St. Davids Rc Junior & Infant School,Caldicot Way Pontrhydyrun,Cwmbran,NP44 1UF,Torfaen,24,07889346348,countychildcarestdavidsrc@gmail.com,,CountyChildcare St DavidsRC.CYF,1
County Childcare Glan Llyn,Childrens Day Care,Out of School Care,,Glan Llyn Primary School,Bessamer Drive,Newport,NP19 4BJ,Newport,24,07762874684,countychildcareglanllyn@gmail.com,,County Childcare Glan Llyn CYF,1
County Childcare Padre Pio,Childrens Day Care,Full Day Care,,Padre Pio Catholic School,Conway Road,Pontypool,NP4 6HL,Torfaen,16,07889346348,countychildcarepadrepio@gmail.com,,CountyChildcare Padre Pio CYF,1
CPD Llwyn Piod,Care Home Service,Adults Without Nursing,"Personal care for adults, Personal care for children, Learning disability",Llwyn Piod,,Clynderwen,SA66 7SE,Pembrokeshire,4,01994419420,info@plasdwbl.rmt.org,,Transform Residential Limited,5
Craig Y Don OSC,Childrens Day Care,Out of School Care,,The Portacabin,Ysgol Craig Y Don,Craig Y Don,LL30 1TR,Conwy,26,07775721335,karencydasc@aol.com,www.childcare-chasebell.com,Chasebell Ltd.,1
Craig y Don Playschool,Childrens Day Care,Full Day Care,,Ysgol Craig Y Don,Clarence Drive,Llandudno,LL30 1TR,Conwy,22,07396747860,craigydonplayschool@gmail.com,,Craig y Don Playschool,1
Craigfelen Alpha Tots,Childrens Day Care,Sessional Day Care,,Craigfelen CP School,Woodside Crescent,Swansea,SA6 5DP,Swansea,20,01792843278,,https://craigfelenprimary.weebly.com/,Craigfelen Alpha Tots,1
Cregyn Aeron,Childrens Day Care,Full Day Care,,Aberaeron Primary School,Wellington Gardens,Aberaeron,SA46 0BQ,Ceredigion,61,01545570313,prif@ysgolgynraddaberaeron.ceredigion.sch.uk,,Cregyn Aeron,1
Creigiau Active Kids Club,Childrens Day Care,Full Day Care,,Scout Association,The Scout Hut,Cardiff,CF15 9NJ,Cardiff,30,07925480134,,,Creigiau Active Kids Club,1
Crick Care Home,Care Home Service,Adults With Nursing,"Nursing care for adults, Personal care for adults, Mental health",Crick Care Home,Crick,Caldicot,NP26 5UW,Monmouthshire,49,01291 430909,hello@crickcarehome.com,www.crickcarehome.com,Crick Care Home Limited,1
Criw Eirys,Childrens Day Care,Full Day Care,,Ysgol O M Edwards,Llanuwchllyn,Y Bala,LL23 7UB,Gwynedd,19,01678540242,cylchmeithrinllanuwchllyn@hotmail.com,,Cylch Meithrin Llanuwchllyn,1
Croco-doco-dile Playgroup,Childrens Day Care,Full Day Care,,The Old Clinic,Llanidloes Primary School,Llanidloes,SY18 6EX,Powys,46,07731662506,crocsstaff@gmail.com,,Croco-doco-dile Playgroup,1
Croeso Day Nursery,Childrens Day Care,Full Day Care,,Croeso Day Nursery,Calfaria Chapel,Neath,SA11 5TA,Neath Port Talbot,40,01639381442,enquiries@croesodaynursery.co.uk,,Croeso Day Nursery ltd,1
Crosfield House,Care Home Service,Adults With Nursing,"Nursing care for adults, Personal care for adults, Mental health",Crosfield House,Dark Lane,Rhayader,LD6 5DB,Powys,64,01597810901,heretohelp@carongroup.wales,www.carongroup.wales,Crosfield House Ltd,1
Crossway Nursery,Childrens Day Care,Full Day Care,,9 Sandy Lane,,Caldicot,NP26 4NA,Monmouthshire,10,01291790313,crosswaynursery@gmail.com,www.crosswaynurseries.co.uk,Crossway Nursery Group Limited,3
Crossway Park Nursery,Childrens Day Care,Full Day Care,,62-64 Newport Road,,Caldicot,NP26 4BR,Monmouthshire,40,01291329494,crosswayparknursery@gmail.com,www.crosswaynurseries.co.uk,Crossway Nursery Group Limited,2
Crossway Town Nursery,Childrens Day Care,Full Day Care,,24 Newport Road,,Caldicot,NP26 4BQ,Monmouthshire,19,01291425024,crosswaytownnursery@gmail.com,www.crosswaynurseries.co.uk,Crossway Nursery Group Limited,1
Crown House Day Nursery,Childrens Day Care,Full Day Care,,Crown House Day Nursery,364-372,Cardiff,CF5 5BY,Cardiff,70,02920679037,michelle@crownhousedaynursery.com,www.crownhousedaynursery.com,Crown House Day Nursery LTD,1
Crown Lodge,Care Home Service,Adults Without Nursing,"Personal care for adults, Learning disability, Mental health",1 Crown Street,Crumlin,Newport,NP11 4PR,Caerphilly,4,01495246671,morgan@cartreficwtchltd.co.uk,,Cartrefi Cwtch Ltd,2
Crumlin Rising Stars Childcare,Childrens Day Care,Full Day Care,,Crumlin High Level Primary School,Commercial Road Crumlin,Newport,NP11 4PX,Caerphilly,19,07460931982,,,Cefn Fforest Rising Stars Childcare Ltd,1
CTE Towy Cottage,Care Home Service,Adults Without Nursing,"Personal care for adults, Learning disability, Mental health",Towy Cottage,Llangunnor Road,Carmarthen,SA31 2NS,Carmarthenshire,3,01994419420,info@plasdwbl.rmt.org,https://rmt.org/,Transform Residential Limited,1
Cubs Corner Pre-School Nursery,Childrens Day Care,Full Day Care,,The Lions Den,Snowdrop Lane,Haverfordwest,SA61 1JB,Pembrokeshire,75,01437767104,cubscornerpre-schoolnursery@hotmail.com,,The Lions Den Pembrokeshire LTD,1
Cupcakes 'n' Dinosaurs Private Day Care Nursery,Childrens Day Care,Full Day Care,,Imperial House,New Road,Pontypool,NP4 0TL,Torfaen,75,01495753686,info@cupcakes-dinosaurs.co.uk,cupcakesndinosaursnewinn.co.uk,"Cupcakes 'n' Dinosaurs, New Inn Limited",1
Curiosity Cubs Ltd,Childrens Day Care,Full Day Care,,Park Baptist Church Hall,"Tenth Avenue, Galon Uchaf",Merthyr Tydfil,CF47 9TE,Merthyr Tydfil,20,07921930632,chloe.curiositycubs@gmail.com,,Curiosity Cubs Ltd,1
Cwm Cartref Care Home,Care Home Service,Adults With Nursing,"Nursing care for adults, Personal care for adults, Mental health",Cwm Cartref Care Home,Rhydyfro,Swansea,SA8 4SS,Neath Port Talbot,48,01792862845,heretohelp@carongroup.wales,www.carongroup.wales,Cwm Cartref Ltd,1
Cwm Coed,Care Home Service,Adults Without Nursing,"Personal care for adults, Learning disability, Mental health",Cwm Coed,Cwm Road,Abertillery,NP13 2BG,Blaenau Gwent,4,01495244388,riverwoodhousingltd@yahoo.co.uk,,Riverwood Housing Ltd,3
Cwm Gwendraeth,Care Home Service,Adults With Nursing,"Nursing care for adults, Personal care for adults, Learning disability, Mental health",Mynydd Mawr Ltd - Cwm Gwendraeth,Llannon Road,Llanelli,SA14 6BU,Carmarthenshire,59,01269 842656,lis.bielak@ivolve.care,www.ivolve.care,Cwm Gwendraeth Limited,1
Cwmaman Care Home,Care Home Service,Adults Without Nursing,Personal care for adults,Cwmaman Care Centre,Morris Street Cwmaman,Aberdare,CF44 6HW,Rhondda Cynon Taf,51,01685 884499,management@cwmaman.care,www.cwmaman.care,Signature Healthcare Ltd,1
Cwmcarn Rising Stars Childcare,Childrens Day Care,Full Day Care,,Cwmcarn Primary School,Newport Road Cwmcarn,Newport,NP11 7LZ,Caerphilly,18,07960475757,risingstarschildcare19@gmail.com,,Cefn Fforest Rising Stars Childcare Ltd,2
Cwmffrwdoer Cwtch,Childrens Day Care,Sessional Day Care,,Cwmffrwdoer Primary School,Waunddu Pontnewynydd,Pontypool,NP4 6QZ,Torfaen,30,01495742761,cwmffrwdoerprimarycwtch@outlook.com,,Cwmffrwdoer Cwtch,1
Cwmgelli Lodge Ltd,Care Home Service,Adults With Nursing,"Nursing care for adults, Personal care for adults, Learning disability, Mental health",Cwmgelli Lodge,Lon Pennant,Blackwood,NP12 1BR,Caerphilly,27,01495232500,catherine.parker@ivolve.care,www.ivolve.care,Cwm Gelli Care Limited,1
Cwmlai After School Club,Childrens Day Care,Out of School Care,,28 Penygarreg Road,Tonyrefail,Porth,CF39 8AS,Rhondda Cynon Taf,35,07496356386,cwmlai.afterschool.club@gmail.com,,Cwmlai After School Club Ltd,1
Cwrt Enfys Care Home,Care Home Service,Adults With Nursing,"Nursing care for adults, Personal care for adults, Mental health",Cwrt Enfys Care Home,Gorof Road Lower Cwmtwrch,Swansea,SA9 1DU,Powys,99,01639841265,cwrtenfys@silvercrestcare.co.uk,www.silvercrestcare.co.uk,Silvercrown Care Homes (Swansea) LTD,1
Cwtch Childrens Services Ltd,Care Home Service,Childrens Home,Personal care for children,,,Abergavenny,,Monmouthshire,4,07816961276,Info@Cwtch.Ltd,,Cwtch Childrens Services Limited,1
Cwtch Cymraeg Ltd,Childrens Day Care,Full Day Care,,Calsonic Kansei Europe Plc,Llethri Road,Llanelli,SA14 8HU,Carmarthenshire,36,07546079493,cwtchcymraegltd@gmail.com,,Cwtch Cymraeg Ltd,1
Cwtch’s Children’s Services Ltd Ddraig Cottage,Care Home Service,Childrens Home,Personal care for children,,,Abergavenny,,Monmouthshire,2,07919141966,info@cwtch.ltd,,Cwtch Childrens Services Limited,2
Cwtsh Nursery Limited,Childrens Day Care,Full Day Care,,Ty Seren,Ashfield Road,Newport,NP11 4RA,Caerphilly,56,01495246768,cwtsh.nursery@gmail.com,,Cwtsh Nursery Limited,1
Cyfeillion Bach,Childrens Day Care,Full Day Care,,Former Railway Museum,Staton Road,Pontypool,NP4 5JH,Torfaen,41,01495764400,enquiries@cyfeillionbach.co.uk,www.cyfeillionbach.co.uk,Cyfeillion Bach Cyfyngedig,1
Cylch a Ti a Fi Gwyddelwern,Childrens Day Care,Full Day Care,,Neuadd Y Pentref Gwyddelwern,Gwyddelwern,Corwen,LL21 9DH,Denbighshire,22,07386719917,cylchmeithringwyddelwern@gmail.com,,Cylch Meithrin Gwyddelwern,1
Cylch Bod Alaw,Childrens Day Care,Full Day Care,,Ysgol Bod Alaw,Abergele Road,Colwyn Bay,LL29 7ST,Conwy,54,07437971681,cylchbodalaw@outlook.com,,CYLCH MEITHRIN BOD ALAW,1
Cylch Bodfeurig,Childrens Day Care,Sessional Day Care,,Ysgol Bodfeurig,Sling Tregarth,Bangor,LL57 4RN,Gwynedd,17,07899794028,post@meithrinfaogwen.co.uk,,Meithrinfa ogwen cyf,1
Cylch Bodhyfryd,Childrens Day Care,Full Day Care,,Cylch Bodhyfryd,Ysgol Bodhyfryd,Wrecsam,LL13 7DA,Wrexham,78,01978 542340,cylchbodhyfryd@gmail.com,,Cylch Bodhyfryd,1
Cylch Chwarae Gellifor,Childrens Day Care,Full Day Care,,Ysgol Gellifor,Gellifor,Denbighshire,LL15 1SG,Denbighshire,26,01824790387,gellifor@denbighshire.gov.uk,,Cylch Chwarae Gellifor,1
Cylch Chwarae Treffynnon,Childrens Day Care,Full Day Care,,Ysgol Gwenfrwdd,Whitford Street,Holywell,CH8 7NJ,Flintshire,22,07484905714,cylchtreffynnon@outlook.com,,Cylch Chwarae Treffynnon,1
Cylch Dinbych Uchaf,Childrens Day Care,Full Day Care,,Canolfan Seion,Henllan Street,Denbigh,LL16 3PE,Denbighshire,19,01745813442,Cmdinbychucha@outlook.com,,Cylch Meithrin Dinbych Ucha,1
Cylch Meithrin  y Graig,Childrens Day Care,Full Day Care,,Ysgol Llanfair Dyffryn Clwyd,Llanfair Dyffryn Clwyd,Ruthin,LL15 2RU,Denbighshire,19,,cylchmeithrinygraig@gmail.com,,Cylch Meithrin Y Graig,1
Cylch Meithrin a Chlwb ar ôl Ysgol Cledlyn,Childrens Day Care,Full Day Care,,Ysgol Gynradd Dyffryn Cledlyn,Drefach,Llanybydder,SA40 9SX,Ceredigion,40,01570 940942,prif@dyffryncledlyn.ceredigion.sch.uk,,Cylch Meithrin a Chlwb ar ôl Ysgol Cledlyn,1
Cylch Meithrin a Grwp Ti a Fi Waunfawr,Childrens Day Care,Full Day Care,,Y Canolfan,Waunfawr,Caernarfon,LL55 4YY,Gwynedd,19,07501286806,cylchmeithrinwaunfawr@gmail.com,,Cylch Meithrin a Grwp Ti a Fi Waunfawr,1
Cylch Meithrin a Ti a Fi Llan-y-pwll,Childrens Day Care,Full Day Care,,Ysgol Llan-y-pwll,Borras Park Road,Wrecsam,LL12 7TH,Wrexham,44,01978594275,cylchllanypwll@outlook.com,,Cylch Meithrin a Ti a Fi Llan-y-pwll,1
Cylch Meithrin a Ti-a-Fi Cwarter Bach,Childrens Day Care,Full Day Care,,Brynamman Public Hall/cinema,Station Road,Ammanford,SA18 1SF,Carmarthenshire,17,07518120853,cmb.tiafi@gmail.com,,Cylch Meithrin a Ti-a-Fi Cwarter Bach,1
Cylch Meithrin Aberbargoed,Childrens Day Care,Full Day Care,,Ysgol Bro Sannan,Ty-fry Road Aberbargoed,Bargoed,CF81 9FN,Caerphilly,30,07958299695,cylchmeithrin.aberbargoed@gmail.com,,Cylch Meithrin Aberbargoed,1
Cylch Meithrin Abercynon,Childrens Day Care,Full Day Care,,Ysgol Gynradd Gymraeg Abercynon,Greenfield Terrace Abercynon,Mountain Ash,CF45 4TH,Rhondda Cynon Taf,24,01443744377,cylchmeithrinabercynon@gmail.com,,Cylch Meithrin Seren Fach,4
Cylch Meithrin Aberdar,Childrens Day Care,Full Day Care,,The Urdd Centre,Wind Street,Aberdare,CF44 7ES,Rhondda Cynon Taf,40,01685481050,cylchmeithrinaberdar@outlook.com,,Cylch Meithrin Seren Fach,3
Cylch Meithrin Aberdaron,Childrens Day Care,Sessional Day Care,,Ysgol Crud Y Werin,Aberdaron,Pwllheli,LL53 8BP,Gwynedd,11,,cylchmeithrinaberdaron@outlook.com,,Cylch Meithrin Aberdaron,1
Cylch Meithrin Abergwaun,Childrens Day Care,Sessional Day Care,,Fishguard Leisure Centre,,Fishguard,SA65 9DT,Pembrokeshire,24,07872933697,cylchabergwaun@hotmail.co.uk,,Cylch Meithrin Abergwaun,1
Cylch Meithrin Abersychan CIO,Childrens Day Care,Full Day Care,,Lower Hall,Trinity Methodist Church,Pontypool,NP4 7AE,Torfaen,19,01495773302,cylchaber@gmail.com,,Cylch Meithrin Abersychan,1
Cylch Meithrin Aberystwyth,Childrens Day Care,Full Day Care,,Mudiad Ysgolion Meithrin,Boulevard St. Brieuc,Aberystwyth,SY23 1PD,Ceredigion,19,01970 639670,cylchmeithrinaberystwyth@gmail.com,https://www.facebook.com/CylchMeithrinAberystwyth,Cylch Meithrin Aberystwyth,1
Cylch Meithrin Alltcafan,Childrens Day Care,Full Day Care,,Cylch Meithrin Alltcafan,Ysgol Bryn Saron,Carmarthenshire,SA44 5EB,Carmarthenshire,18,07581434373,cylchmeithrinalltcafan@gmail.com,,Cylch Meithrin Alltcafan,1
Cylch Meithrin Amlwch,Childrens Day Care,Full Day Care,,Ysgol Gynradd Amlwch,Fford Pen Y Bonc,Amlwch,LL68 9DU,Isle of Anglesey,16,07741985461,cylchmeithrinamlwch@aol.co.uk,,Cylch Meithrin Amlwch,1
Cylch Meithrin Arberth CIO,Childrens Day Care,Full Day Care,,Narberth Community Primary School,Jesse Road,Narberth,SA67 7FE,Pembrokeshire,24,07379285310,cmarberthri@hotmail.com,,Cylch Meithrin Arberth,1
Cylch Meithrin Awel y Mynydd,Childrens Day Care,Sessional Day Care,,Ysgol Awel Y Mynydd,Sarn Mynach,Llandudno Junction,LL31 9RT,Conwy,59,07759012440,cylchmeithrinawelymynydd@yahoo.com,,Cylch Meithrin Awel Y Mynydd,1
Cylch Meithrin Bae Penrhyn,Childrens Day Care,Sessional Day Care,,Y Caban,"Ffordd Derwen , Bae Penrhyn",Llandudno,LL30 3LB,Conwy,26,07516049157,cylchmeithrinbaepenrhyn@outlook.com,,Cylch Meithrin Bae Penrhyn,1
Cylch Meithrin Beddau,Childrens Day Care,Full Day Care,,Ysgol Gynradd Gymraeg Castellau,Castellau Road Beddau,Pontypridd,CF38 2AA,Rhondda Cynon Taf,39,07773163162,cylchmeithrinbeddau@outlook.com,,CYLCH MEITHRIN BEDDAU,1
Cylch Meithrin Beddau ar Safle Garth Olwg,Childrens Day Care,Sessional Day Care,,Ysgol Garth Olwg,Main Road Church Village,Pontypridd,CF38 1DX,Rhondda Cynon Taf,40,,,,CYLCH MEITHRIN BEDDAU,2
Cylch Meithrin Blodau Bach,Childrens Day Care,Full Day Care,,Caerphilly County Borough Council,Pengam Library,Blackwood,NP12 3AB,Caerphilly,33,07546992539,cmblodaubach@outlook.com,,Cylch Meithrin Blodau Bach,1
Cylch Meithrin Bodawen,Childrens Day Care,Full Day Care,,Bodawen,Post Office Lane,Denbigh,LL16 3UN,Denbighshire,19,01745814626,carysjones81@hotmail.co.uk,,Cylch Meithrin Bodawen,1
Cylch Meithrin Bodedern,Childrens Day Care,Full Day Care,,Cylch Meithrin Bodedern,Ysgol Gynradd Bodedern,Bodedern,LL65 3TZ,Isle of Anglesey,18,07555452636,pwyllgorcylchmeithrinbodedern27@gmail.com,,Cylch Meithrin Bodedern,1
Cylch Meithrin Bodffordd,Childrens Day Care,Sessional Day Care,,Canolfan Gymuned Bodffordd,Bodffordd,Ynys Môn,LL77 7LZ,Isle of Anglesey,20,01248723384,cylchmeithrinbodffordd@hotmail.com,,Cylch Meithrin Bodffordd,1
Cylch Meithrin Bontnewydd,Childrens Day Care,Sessional Day Care,,Cylch Meithrin,Bontnewydd,Caernarfon,LL55 2UF,Gwynedd,24,07724547330,cylchbontnewydd@btinternet.com,,Cylch Meithrin Bontnewydd,1
Cylch Meithrin Bro Alun,Childrens Day Care,Full Day Care,,Ysgol Bro Alun,Delamere Avenue,Wrexham,LL11 4NG,Wrexham,57,01978269583,cylchmeithrin.broalun@outlook.com,,CYLCH MEITHRIN BRO ALUN,1
Cylch Meithrin Bro Cernyw,Childrens Day Care,Full Day Care,,Y Caban,Safle Ysgol Bro Cernyw,Llangernyw,LL22 8PP,Conwy,24,07778730112,cylchbrocernyw@hotmail.com,,Cylch Meithrin Bro Cernyw,1
Cylch Meithrin Bro Dyfrdwy,Childrens Day Care,Full Day Care,,Ysgol Bro Dyfdwy,Cynwyd,Corwen,LL21 0LG,Denbighshire,20,01490412500,cylchmeithrinbrodyfrdwy@outlook.com,,Cylch Meithrin Bro Dyfrdwy,1
Cylch Meithrin Bro Dysynni,Childrens Day Care,Sessional Day Care,,Ysgol Craig Y Deryn,Llanegryn,Tywyn,LL36 9SG,Gwynedd,15,01654710592,cylchmeithrinbrodysynni@gmail.com,,Cylch Meithrin Bro Dysynni,1
Cylch Meithrin Bro Teifi,Childrens Day Care,Full Day Care,,Ysgol Bro Teifi,Horeb,Llandysul,SA44 4JL,Ceredigion,50,,,,Cylch Meithrin Bro Teifi,1
Cylch Meithrin Bronllwyn,Childrens Day Care,Full Day Care,,Cylch Meithrin Bronllwyn,Colwyn Road,Pentre,CF41 7NW,Rhondda Cynon Taf,32,01443434474,cylchmeithrinbronllwyn@yahoo.co.uk,,cylch meithrin bronllwyn,1
Cylch Meithrin Bryn Tabor,Childrens Day Care,Sessional Day Care,,Ysgol Bryn Tabor,Heol Maelor Coedpoeth,Wrexham,LL11 3NB,Wrexham,30,01978754498,,,Cylch Meithrin Bryn Tabor,1
Cylch Meithrin Brynglas,Childrens Day Care,Sessional Day Care,,Ysgol Gymraeg Bro Teyrnon,Brynglas Drive,Newport,NP20 5QS,Newport,19,07956793287,cylchbrynglas@gmail.com,,Cylch Meithrin Brynglas,1
Cylch Meithrin Bysedd Bach,Childrens Day Care,Full Day Care,,Ysgol Gynradd Gymraeg Llwyncelyn,Heather Way,Porth,CF39 9TL,Rhondda Cynon Taf,35,07811072296,c.m.b.b-2018@outlook.com,,Cylch Meithrin Bysedd bach,1
Cylch Meithrin Caban Hirael,Childrens Day Care,Full Day Care,,Ysgol Hirael,Ffordd Y Gogarth,Bangor,LL57 1BA,Gwynedd,18,07482014796,caban.hirael@gmail.com,,Cylch Meithrin Caban Hirael,1
Cylch Meithrin Cae Top,Childrens Day Care,Full Day Care,,Ysgol Cae Top,Lon y Bryn,Bangor,LL57 2GZ,Gwynedd,74,01248352325,cylch@caetop.com,www.caetop.gwynedd.sch.uk,Cylch Meithrin Cae Top,1
Cylch Meithrin Caer Elen (Hwlffordd),Childrens Day Care,Full Day Care,,Ysgol Caer Elen,Withybush Road,Haverfordwest,SA62 4BN,Pembrokeshire,20,07528327155,pwyllgor.cylchhwlffordd@gmail.com,,Cylch Meithrin Caer Elen (hwlffordd),1
Cylch Meithrin Carmel,Childrens Day Care,Full Day Care,,Neuadd Y Pentref,,Caernarfon,LL54 7AA,Gwynedd,12,07951024193,Arweinydd@cylchcarmel.cymru,,Cylch Meithrin Carmel,1
Cylch Meithrin Carno,Childrens Day Care,Full Day Care,,Canolfan Cymunedol,Carno,Caersws,SY17 5LH,Powys,12,07599623162,cylchcarno@outlook.com,,CYLCH MEITHRIN CARNO A TI A FI,1
Cylch Meithrin Carreg Hirfaen CIO,Childrens Day Care,Full Day Care,,Ysgol Carreg Hirfaen,Cwmann,Lampeter,SA48 8ET,Carmarthenshire,19,01570 422391,meithrinch@icloud.com,,Cylch Meithrin Carreg Hirfaen CIO,1
Cylch Meithrin Carwe cio,Childrens Day Care,Full Day Care,,Carway Hall,,Kidwelly,SA17 4HL,Carmarthenshire,30,07772188593,meithrincarwe@gmail.com,,Cylch Meithrin Carwe,1
Cylch Meithrin Cefneithin Gorslas,Childrens Day Care,Full Day Care,,1st Mynydd Mawr Scouts Hall,Black Lion Road,Llanelli,SA14 6RS,Carmarthenshire,19,07772765358,cylchcefngorslas@icloud.com,,CYLCH MEITHRIN CEFNEITHIN GORSLAS,1
Cylch Meithrin Cefnfaes,Childrens Day Care,Full Day Care,,Cylch Meithrin Cefnfaes,Plas Ffrancon,Bangor,LL573DT,Gwynedd,35,07815085323,cefnfaes@hotmail.com,,Cylch Meithrin Cefnfaes,1
Cylch Meithrin Cemaes,Childrens Day Care,Sessional Day Care,,Y Caban,Ysgol Gynradd Cemaes,Cemaes Bay,LL67 0LB,Isle of Anglesey,13,07304296004,cylchmeithrincemaes@gmail.com,,Cylch Meithrin Cemaes,1
Cylch Meithrin Cerrigydrudion,Childrens Day Care,Sessional Day Care,,Canolfan Addysg Uwchaled,Cerrigydrudion,Corwen,LL21 9SW,Conwy,19,07852752081,,,CYLCH MEITHRIN A TI A FI CERRIGYDRUDION,1
Cylch Meithrin Chwilog,Childrens Day Care,Full Day Care,,Festri,Capel Uchaf,Pwllheli,LL53 6PS,Gwynedd,14,07821689853,cylchmeithrinchwilog@gmail.com,,Cylch Meithrin Chwilog,1
Cylch Meithrin Cil y Coed,Childrens Day Care,Sessional Day Care,,Ysgol Y Ffin,Sandy Lane,Caldicot,NP26 4NQ,Monmouthshire,19,07950728415,cylchmeithrincilycoed@gmail.com,,Cylch Meithrin Cil Y Coed,1
Cylch Meithrin Clocaenog,Childrens Day Care,Full Day Care,,Ysgol Carreg Emlyn,Clocaenog,Ruthin,LL15 2AY,Denbighshire,19,01824750636,cylchmeithrinclocaenog@gmail.com,,Cylch Meithrin Clocaenog,1
Cylch Meithrin Corris,Childrens Day Care,Sessional Day Care,,Y Caban,Corris Primary School,Machynlleth,SY20 9TQ,Gwynedd,18,07398148323,cylchmeithrincorris@hotmail.co.uk,,Cylch Meithrin Corris,1
Cylch Meithrin Criccieth,Childrens Day Care,Full Day Care,,Ysgol Treferthyr Newydd,Pwllheli Road,Criccieth,LL52 0RR,Gwynedd,30,07907032758,cylchmeithrincriccieth@yahoo.co.uk,,Cylch meithrin Criccieth,1
Cylch Meithrin Croesgoch,Childrens Day Care,Full Day Care,,Croesgoch Cp School,Croesgoch,Haverfordwest,SA62 5JT,Pembrokeshire,14,07551832783,cylchcroesgoch25@outlook.com,,Cylch Meithrin Croesgoch,1
Cylch Meithrin Crymych,Childrens Day Care,Full Day Care,,Y Caban,Ysgol Bro Preseli,Crymych,SA41 3QH,Pembrokeshire,18,07776097224,cmcrymych@outlook.com,,Cylch Meithrin Crymych,1
Cylch Meithrin Cwm Derwen,Childrens Day Care,Full Day Care,,Beech Grove,Oakdale,Blackwood,NP12 0JL,Caerphilly,16,07541097647,cmcwmderwen@outlook.com,,Cylch Meithrin Cwm Derwen,1
Cylch Meithrin Cwm Gwyddon,Childrens Day Care,Sessional Day Care,,Gofal Plant Cwm Gwyddon Ysgol Cwm Gwyddon,,Newport,NP11 7NG,Caerphilly,24,07528930422,cylchmeithrincg@outlook.com,,Cylch Meithrin Cwm Gwyddon,1
Cylch Meithrin Cwmbran,Childrens Day Care,Full Day Care,,Ysgol Gymraeg Cwmbran,Henllys Way,Cwmbran,NP44 4HB,Torfaen,27,07549395100,cylchmeithrin-cwmbran@outlook.com,,Cylch Meithrin Cwmbran,1
Cylch Meithrin Cwmdar,Childrens Day Care,Full Day Care,,Ysgol Gynradd Gymraeg Aberdar,Laburnum Drive,Aberdare,CF44 8RT,Rhondda Cynon Taf,29,01685652509,cylchmeithrincwmdar@gmail.com,,Cylch Meithrin Seren Fach,1
Cylch Meithrin Cwmllynfell,Childrens Day Care,Full Day Care,,Cylch Meithrin Cwmllynfell,Ysgol Gynradd Cwmllynfell,Swansea,SA9 2FJ,Neath Port Talbot,19,07732302906,CwmllynfellCM@outlook.com,,Cylch Meithrin Cwmllynfell,1
Cylch Meithrin Cwmnedd,Childrens Day Care,Full Day Care,,Ysgol Gymraeg Cwmnedd,New Street,Neath,SA11 5AA,Neath Port Talbot,20,01639 720685,,,Cylch Meithrin Cwmnedd,1
Cylch Meithrin Cybi,Childrens Day Care,Full Day Care,,Ysgol Cybi,Garreglwyd Road,Holyhead,LL65 1NX,Isle of Anglesey,50,01407883150,cylchmeithrincybi@gmail.com,,Cylch Meithrin Cybi,1
Cylch Meithrin Cynwyd Sant,Childrens Day Care,Full Day Care,,Cylch Meithrin Cynwyd Sant,Pen Yr Ysgol,Maesteg,CF34 9NS,Bridgend,24,07359017961,,,Cylch Meithrin Cynwyd Sant,1
Cylch Meithrin Dechrau Dysgu,Childrens Day Care,Full Day Care,,Ysgol Gymraeg Gwaun Y Nant,Amroth Court,Barry,CF62 9DU,Vale of Glamorgan,28,01446732692,gibchildcentre@btconnect.com,,Gibbonsdown Childrens Centre Ltd,2
Cylch Meithrin Deiniolen,Childrens Day Care,Full Day Care,,Hafon Oleu,,Caernarfon,LL55 3LP,Gwynedd,27,07480878084,cylchdeiniolen@outlook.com,,Cylch Meithrin Deiniolen,1
Cylch Meithrin Deri Bach,Childrens Day Care,Full Day Care,,Ysgol Gymunedol Y Dderi,Llangybi,Lampeter,SA48 8LY,Ceredigion,10,07423596371,meithrinderibach@gmail.com,,Cylch Meithrin Deri Bach,1
Cylch Meithrin Dinas Llanwnda,Childrens Day Care,Sessional Day Care,,Cylch Meithrin Dinas Llanwnda,Canolfan Bro Llanwnda,Caernarfon,LL54 5UB,Gwynedd,12,,,,Cylch Meithrin Dinas Llanwnda,1
Cylch Meithrin Dol-Y-Bont,Childrens Day Care,Full Day Care,,Y Caban Meithrin,Ysgol Bro Idris Safle Dinas Mawddwy,Machynlleth,SY20 9LN,Gwynedd,19,,,,Cylch Meithrin Dol-Y-bont,1
Cylch Meithrin Dolau,Childrens Day Care,Full Day Care,,Llanfihangel Rhydithon Cp School,Dolau,Llandrindod Wells,LD1 5TW,Powys,12,07852632191,cmdolau@gmail.com,,Cylch Meithrin Dolau,1
Cylch Meithrin Dolbadarn,Childrens Day Care,Full Day Care,,Llanberis Community Centre,Llanberis,Caernarfon,LL55 4UR,Gwynedd,16,07713878736,cylchdolbadarn@gmail.com,,Cylch Meithrin Dolbadarn,1
Cylch Meithrin Dolgellau,Childrens Day Care,Full Day Care,,Canolfan Deulu Dolgellau,Old Drill Hall,Dolgellau,LL40 1DE,Gwynedd,48,01341421777,cylchdolgellau@gmail.com,,Cylch Meithrin Dolgellau,1
Cylch Meithrin Dolwerdd,Childrens Day Care,Full Day Care,,Greenmeadow Primary School,Craig Road Greenmeadow,Cwmbran,NP44 5YY,Torfaen,16,07415045852,dolwerdd-cylchmeithrin@outlook.com,,Cylch Meithrin Dolwerdd,1
Cylch Meithrin Dolwerdd,Childrens Day Care,Full Day Care,,The Powerstation,Blenheim Road St. Dials,Cwmbran,NP44 4SY,Torfaen,12,,,,Cylch Meithrin Dolwerdd,2
Cylch Meithrin Drefach Felindre,Childrens Day Care,Sessional Day Care,,Neuadd Y Ddraig Goch,Velindre,Llandysul,SA44 5UG,Carmarthenshire,14,07908808196,plantmeithrindrefach@gmail.com,,Pwyllgor Cylch Meithrin Drefach Felindre,1
Cylch Meithrin Dyffryn Aeron,Childrens Day Care,Full Day Care,,Ysgol Dyffryn Aeron,Felinfach,Lampeter,SA48 8AE,Ceredigion,56,07471 685891,pwyllgorynysplantfelinfach@gmail.com,,Cylch Meithrin Dyffryn Aeron,1
Cylch Meithrin Dyffryn Banw,Childrens Day Care,Full Day Care,,Ysgol Cwm Banwy,Llangadfan,Trallwng,SY21 0NW,Powys,24,07525495061,dyffrynbanw@icloud.com,,Cylch Meithrin Dyffryn Banw,1
Cylch Meithrin Dyffryn yr Enfys,Childrens Day Care,Sessional Day Care,,Ffordd Llanrwst,,Dolgarrog,LL32 8QE,Conwy,25,,CMDyffrynyrenfys@gmail.com,,Cylch Meithrin Dyffryn yr Enfys,1
Cylch Meithrin Edern,Childrens Day Care,Full Day Care,,Y Ganolfan Edern,Lon Gerddi,Pwllheli,LL53 8YS,Gwynedd,12,,cylchmeithrinedern@outlook.com,,Cylch Meithrin Edern,1
Cylch Meithrin Eglwysbach,Childrens Day Care,Sessional Day Care,,Ysgol Gynradd Eglwysbach,Eglwysbach,Bae Colwyn,LL28 5UD,Conwy,15,,,,Cylch Meithrin Eglwysbach,1
Cylch Meithrin Evan James,Childrens Day Care,Full Day Care,,Ysgol Gynradd Gymraeg Evan James,Rhondda Road,Pontypridd,CF37 1HF,Rhondda Cynon Taf,48,07791751185,cylchevanjames@outlook.com,,Cylch Meithrin Evan James,1
Cylch Meithrin Felinfoel,Childrens Day Care,Full Day Care,,Cylch Meithrin Felinfoel,Icc,Felinfoel,SA14 8BE,Carmarthenshire,24,01554742499,cmfelinfoel@gmail.com,,Cylch Meithrin Felinfoel,1
Cylch Meithrin Ffairfach,Childrens Day Care,Full Day Care,,Y Caban,Bethlehem Road,Llandeilo,SA19 6SY,Carmarthenshire,22,07368972536,meithrinffairfach@gmail.com,,Cylch Meithrin Ffairfach,1
Cylch Meithrin Ffestiniog,Childrens Day Care,Full Day Care,,Ym Clwb Chwaraeon Ffestiniog,,Blaenau Ffestiniog,LL41 4ND,Gwynedd,16,07465749541,cylchffestiniog@outlook.com,,Cylch Meithrin Ffestiniog,1
Cylch Meithrin Ffynnonwen,Childrens Day Care,Full Day Care,,Ffynnonwen Centre,Login,Whitland,SA34 0TG,Carmarthenshire,16,07796413308,cmffynnonwen@outlook.com,,CYLCH MEITHRIN FFYNNONWEN a LLANDYSILIO,1
Cylch Meithrin Gellionnen,Childrens Day Care,Full Day Care,,Ysgol Gynradd Gymraeg Gellionen,Gellionen Road Clydach,Swansea,SA6 5HE,Swansea,20,07971805018,contact@cmgellionnen.co.uk,www.cmgellionnen.co.uk,Cylch Meithrin Gellionnen,1
Cylch Meithrin Glan y Fferi,Childrens Day Care,Full Day Care,,Ysgol Glan Y Fferi,Heol Caerfyrddin,Sir Gaerfyrddin,SA17 5TB,Carmarthenshire,19,,,https://meithrin.cymru/cylchs/glan-y-fferi/?lang=en,Cylch Meithrin a Ti a Fi Glan Y Fferi,1
Cylch Meithrin Glan-y-Mor,Childrens Day Care,Full Day Care,,The Cabin,Ysgol Gynradd Wirfoddol Myfenydd,Llanrhystud,SY23 5DW,Ceredigion,26,01974202869,glanymor20@yahoo.com,,Cylch Meithrin Glan y Mor,1
Cylch Meithrin Glanrafon,Childrens Day Care,Full Day Care,,Ysgol Glanrafon,Lon Bryn Coch,Yr Wyddgrug,CH7 1PN,Flintshire,45,07548217315,post@cylchglanrafon.cymru,,Cylch Meithrin Glanrafon,1
Cylch Meithrin Glantwymyn,Childrens Day Care,Full Day Care,,Community Centre,Glantwymyn Glantwymyn,Machynlleth,SY20 8LX,Powys,19,01650511387,cylchglantwymyn@icloud.com,,Ysgol Feithrin a Ti a Fi Glantwymyn,1
Cylch Meithrin Grangetown a'r Bae,Childrens Day Care,Full Day Care,,Ysgol Gymraeg Hamadryad,Heol Hamadryad,Caerdydd,CF10 5UY,Cardiff,27,07719084977,cylchmgb@gmail.com,www.cylchmeithringrangetown.org,Cylch Meithrin Cyfansawdd Grangetown a'r Bae,1
Cylch Meithrin Groes-wen,Childrens Day Care,Full Day Care,,"Cylch Meithrin Groes-wen, Ysgol Gynradd Groes-wen Primary School,","Rhodfa Plasdwr,","Cardiff,",CF5 2FG,Cardiff,96,07958299994,cylchmeithrin.groeswen@gmail.com,,Cylch Meithrin Groes-wen,1
Cylch Meithrin Groeslon,Childrens Day Care,Sessional Day Care,,Neuadd Y Pentref,,Groeslon,LL54 7DG,Gwynedd,24,07999881614,cylchmeithringroeslon@hotmail.co.uk,,Cylch Meithrin Y Groeslon,1
Cylch Meithrin Gwalchmai,Childrens Day Care,Full Day Care,,Gwalchmai Primary School,Gwalchmai,Caergybi,LL65 4SG,Isle of Anglesey,19,07770791705,cylchgwalchmai@outlook.com,,Cylch Meithrin Gwalchmai,1
Cylch Meithrin Hadau'r Nant,Childrens Day Care,Full Day Care,,Ysgol Twm O'r Nant,Rhyl Road,Denbigh,LL16 3DP,Denbighshire,60,01745812261,,,Cylch Meithrin Hadau'r Nant,1
Cylch Meithrin Harlech,Childrens Day Care,Full Day Care,,Tan Y Castell Primary School,,Harlech,LL46 2UE,Gwynedd,18,01766780454,cylchmeithrinharlech@aol.co.uk,,Cylch Meithrin Harlech,1
Cylch Meithrin Henllan,Childrens Day Care,Full Day Care,,Henllan Cp School,Denbigh Street Henllan,Denbigh,LL16 5AW,Denbighshire,16,01745812959,cmhenllan@gmail.com,,Cylch Meithrin Henllan,1
Cylch Meithrin Hermon,Childrens Day Care,Full Day Care,,Hermon Community Resource Centre,Hermon,Glogue,SA36 0DT,Pembrokeshire,20,07805514441,cmhermon@icloud.com,,Cylch Meithrin Hermon,1
Cylch Meithrin Hywel Dda,Childrens Day Care,Full Day Care,,Ysgol Llys Hywel,Market Street,Whitland,SA34 0QB,Carmarthenshire,19,07988726615,cylchhyweldda@icloud.com,,Cylch Meithrin Hywel Dda,1
Cylch Meithrin ID Hooson,Childrens Day Care,Full Day Care,,Ysgol I D Hooson,Heol Caradoc Rhosllanerchrugog,Wrexham,LL14 2DX,Wrexham,48,01978832950,mailbox@hooson-pri.wrexham.sch.uk,,Cylch Meithrin ID Hooson,1
Cylch Meithrin Ifor Bach,Childrens Day Care,Full Day Care,,Ysgol Ifor Bach,Windsor Way,Caerphilly,CF83 4AB,Caerphilly,24,07958143460,cmiforbach@gmail.com,,Cylch Meithrin Ifor Bach,1
Cylch Meithrin Llanarth,Childrens Day Care,Full Day Care,,Cylch Meithrin Llanarth,Llanarth,Ceredigion,SA47 0PA,Ceredigion,19,07470463608,Llanarth.cylch@outlook.com,,Cylch Meithrin Llanarth,1
Cylch Meithrin Llanbedr,Childrens Day Care,Full Day Care,,Neuadd Bentref,,Llanbedr,LL45 2NW,Gwynedd,16,01341241997,cylchmeithrinllanbedr@outlook.com,,Cylch Meithrin Llanbedr,1
Cylch Meithrin Llanbedrog,Childrens Day Care,Full Day Care,,Neuadd Y Pentref,Llanbedrog,Pwllhei,LL53 7NY,Gwynedd,19,,cylchllanbedrog@aol.com,,Cylch Meithrin Llanbedrog,1
Cylch Meithrin Llanbrynmair,Childrens Day Care,Sessional Day Care,,The Community Centre,,Llanbrynmair,SY19 7AB,Powys,14,07707548145,cylchllanbrynmair@gmail.com,,Cylch Meithrin Llanbrynmair,1
Cylch Meithrin Llanddarog a Drefach,Childrens Day Care,Full Day Care,,Gwendraeth Valley Comprehensive School,Drefach,Llanelli,SA14 7AB,Carmarthenshire,40,07577648443,cylchmeithrin@hotmail.com,,Cylch Meithrin Llanddarog a Drefach,1
Cylch Meithrin Llandegfan,Childrens Day Care,Full Day Care,,Ysgol Gynradd Llandegfan,Llandegfan,Menai Bridge,LL59 5UW,Isle of Anglesey,24,07513053294,cylchmeithrinllandegfan@gmail.com,,Cylch Meithrin Llandegfan,1
Cylch Meithrin Llandybie a Chlwb ar ôl Ysgol,Childrens Day Care,Full Day Care,,Llandybie Cp School,Llandeilo Road Llandybie,Ammanford,SA18 3JB,Carmarthenshire,24,01269850243,rhian.pritchard@llandybie.ysgolccc.cymru,,Cylch Meithrin Llandybie a chlwb ar ol ysgol,1
Cylch Meithrin Llandysilio,Childrens Day Care,Full Day Care,,Llandissilio Village Hall,Llandissilio,Clynderwen,SA66 7SY,Pembrokeshire,24,07760135392,cmllandysilio@outlook.com,,CYLCH MEITHRIN FFYNNONWEN a LLANDYSILIO,2
Cylch Meithrin Llanelwy,Childrens Day Care,Full Day Care,,Cylch Meithrin Llanelwy,Canolfan Iaith,St. Asaph,LL17 0RP,Denbighshire,19,07775455375,cmllanelwy@gmail.com,,Cylch Meithrin Llanelwy,1
Cylch Meithrin Llanerch,Childrens Day Care,Full Day Care,,Neuadd Llanerch,Heol Nant Y Felin,Llanelli,SA15 3PA,Carmarthenshire,19,07487414802,cylchmeithrinllanerch@gmail.com,,Cylch Meithrin Ti a Fi Llanerch,1
Cylch Meithrin Llanerchymedd,Childrens Day Care,Full Day Care,,Ysgol Gymuned Llanerchymedd,Wellington Street,Llannerch-y-medd,LL71 8DP,Isle of Anglesey,30,,cylchmeithrinllannerchymedd@gmail.com,,Cylch Meithrin Llanerchymedd,1
Cylch Meithrin Llanfair Caereinion,Childrens Day Care,Full Day Care,,Old School,Mount Road,Welshpool,SY21 0AT,Powys,18,01938811134,cmlc@hotmail.co.uk,,Cylch Meithrin Llanfair Caereinion,1
Cylch Meithrin Llanfairpwll,Childrens Day Care,Full Day Care,,Y Gorlan,Trem Eryri,Llanfairpwllgwyngyll,LL61 5JF,Isle of Anglesey,44,01248716823,cmllpwll@aol.com,,Cylch Meithrin Llanfairpwll,1
Cylch Meithrin Llanfarian,Childrens Day Care,Full Day Care,,Llanfarian Primary School,Llanfarian,Aberystwyth,SY23 4DA,Ceredigion,19,,cylchmeithrinllanfarian@outlook.com,,Cylch Meithrin Llanfarian,1
Cylch Meithrin Llanfyllin,Childrens Day Care,Full Day Care,,Ysgol Llanfyllin,,Llanfyllin,SY22 5BJ,Powys,21,07903016549,cmllanfyllin@gmail.com,,Cylch Meithrin Llanfyllin,1
Cylch Meithrin Llangadog,Childrens Day Care,Full Day Care,,Llangadog Cp School,,Llangadog,SA19 9HP,Carmarthenshire,19,07801271667,PwyllgorCylchMeithrinLlangadog@outlook.com,,Cylch Meithrin Llangadog,1
Cylch Meithrin Llangeitho,Childrens Day Care,Full Day Care,,Ysgol Rhos Helyg Campws Llangeitho,Llangeitho,Tregaron,SY25 6TR,Ceredigion,19,,cylchmeithrinllangeitho@gmail.com,,Cylch Meithrin Llangeitho,1
Cylch Meithrin Llangelynnin,Childrens Day Care,Sessional Day Care,,Cylch Meithrin Llangelynnin,Henryd Community Hall,Henryd,LL32 8YB,Conwy,15,01492596195,cmllangelynnin@outlook.com,,Cylch Meithrin Llangelynnin,1
Cylch Meithrin Llangennech,Childrens Day Care,Full Day Care,,Cylch Meithrin Llangennech,Park Pavillion,Llangennech,SA14 8UB,Carmarthenshire,19,07534638213,cylchmeithrinllangennech@ymail.com,,Cylch Meithrin Llangennech,1
Cylch Meithrin Llangennech - Y Caban,Childrens Day Care,Full Day Care,,Llangennech Infants School,Llangennech,Llanelli,SA14 8YB,Carmarthenshire,30,07949208949,cmllangennech.ycaban@gmail.com,,Cylch Meithrin Llangennech,2
Cylch Meithrin Llangollen,Childrens Day Care,Full Day Care,,Penllyn Chapel,Brook Street,Llangollen,LL20 8LS,Denbighshire,30,,cylchmeithrinllangollen@outlook.com,,CYLCH MEITHRIN LLANGOLLEN,1
Cylch Meithrin Llangollen @ Ysgol Gwernant,Childrens Day Care,Full Day Care,,Ysgol Gymraeg Y Gwernant,,Llangollen,LL20 8AR,Denbighshire,19,07956883447,cylchmeithrinllangollen@outlook.com,,CYLCH MEITHRIN LLANGOLLEN,2
Cylch Meithrin Llangybi,Childrens Day Care,Sessional Day Care,,Llangybi Primary School,Llangybi,Pwllheli,LL53 6DQ,Gwynedd,16,07351405839,cylchmeithrinllangybi@gmail.com,,Cylch Meithrin Llangybi,1
Cylch Meithrin Llangynnwr,Childrens Day Care,Full Day Care,,Llangunnor Cp School,Penymorfa Lane,Carmarthen,SA31 2NN,Carmarthenshire,18,01267237841,post@cylchmeithrinllangynnwr.onmicrosoft.com,www.cylchmeithrinllangynnwr.com,Cylch Meithrin Llangynnwr,1
Cylch Meithrin Llanilar,Childrens Day Care,Full Day Care,,Llanilar Cp School,Llanilar,Aberystwyth,SY23 4PA,Ceredigion,19,07772090144,cmllanilar@outlook.com,,Cylch Meithrin Llanilar,1
Cylch Meithrin Llanilltud Fawr,Childrens Day Care,Full Day Care,,Ysgol Dewi Sant,Ham Lane East,Llantwit Major,CF61 1TQ,Vale of Glamorgan,30,01446 792233,cylchmeithrinllanilltudfawr@gmail.com,,Cylch Meithrin Llanilltud Fawr,1
Cylch Meithrin Llanllwni,Childrens Day Care,Full Day Care,,Llanllwni School,Llanllwni,Pencader,SA39 9DX,Carmarthenshire,9,07506351065,cylchmeithrinllanllwni@yahoo.co.uk,,Cylch Meithrin Llanllwni,1
Cylch Meithrin Llannon,Childrens Day Care,Sessional Day Care,,Llanon Cp School,Heol Y Nant Llannon,Llanelli,SA14 6AE,Carmarthenshire,8,07961067723,cylchmeithrinllannon4@gmail.com,,Cylch Meithrin Llannon,1
Cylch Meithrin Llanrhaeadr,Childrens Day Care,Full Day Care,,Ysgol Bro Cinmeirch,Llanrhaeadr,Denbigh,LL16 4NL,Denbighshire,15,07726929756,cylchllanrhaeadr@gmail.com,,Cylch Meithrin Llanrhaeadr,1
Cylch Meithrin Llanrhaeadr Ym Mochnant,Childrens Day Care,Full Day Care,,Ysgol Gynradd Llanrhaeadr Ym Mochnant,Llanrhaeadr Ym Mochnant,Oswestry,SY10 0LG,Powys,16,07377842939,cylch.llanrhaeadr@yahoo.co.uk,cylch.llanrhaeadrym.org,Cylch Meithrin Llanrhaeadr Ym Mochnant,1
Cylch Meithrin Llanrug,Childrens Day Care,Full Day Care,,Cylch Meithrin Llanrug,"Ysgol Gynradd Llanrug, Llanrug",Caernarfon,LL55 4AL,Gwynedd,40,01286674020,cylchmeithrinllanrug@yahoo.com,,Cylch Meithrin Llanrug,1
Cylch Meithrin Llansannan,Childrens Day Care,Full Day Care,,Canolfan Bro Aled,Llansannan,Dinbych,LL16 5HN,Conwy,19,07895508989,cylchmeithrinllansannan@yahoo.co.uk,,Cylch Meithrin Llansannan,1
Cylch Meithrin Llansawel,Childrens Day Care,Full Day Care,,Neuadd Llansawel Hall,Llansawel,Carmarthen,SA19 7JH,Carmarthenshire,17,07590273086,meithrinllansawel@gmail.com,,The Committee of Cylch Meithrin Llansawel,1
Cylch Meithrin Llechryd,Childrens Day Care,Sessional Day Care,,Ysgol Gynradd Llechryd,Llechryd,Cardigan,SA43 2NL,Ceredigion,14,01239682474,cylchmeithrinllechryd@gmail.com,,Cylch Meithrin Llechryd,1
Cylch Meithrin Llyn y Forwyn,Childrens Day Care,Full Day Care,,Ysgol Gynradd Gymraeg Llyn Y Forwyn,Maerdy Industrial Estate,Ferndale,CF43 4AB,Rhondda Cynon Taf,30,,cmllynyforwyn@gmail.com,,Cylch Meithrin Llyn y Forwyn,1
Cylch Meithrin Machynlleth,Childrens Day Care,Full Day Care,,Yr Asgell,Ysgol Bro Hyddgen,Machynlleth,SY20 8DR,Powys,24,07935512245,,https://sites.google.com/hwbcymru.net/cylch-meithrin-machynlleth/cartref-home,Cylch Meithrin Machynlleth,1
Cylch Meithrin Maenclochog,Childrens Day Care,Sessional Day Care,,Neuadd Gymunedol,,Clynderwen,SA66 7LA,Pembrokeshire,15,07950363845,,,Cylch Meithrin Maenclochog,1
Cylch Meithrin Maes y Morfa,Childrens Day Care,Full Day Care,,The Caretakers Lodge,76 Stacey Road,Cardiff,CF24 1DW,Cardiff,17,07579016466,cylchmeithrinmaesymorfa@hotmail.com,,Cylch Meithrin Maes y Morfa,1
Cylch Meithrin Maesincla,Childrens Day Care,Full Day Care,,Maesincla Primary School,,Caernarfon,LL55 1DF,Gwynedd,26,01286 662442,cylchmaesinclanicola.jones@yahoo.com,,Cylch Meithrin Maesincla,1
Cylch Meithrin Meini Bach (Bon-y-Maen),Childrens Day Care,Full Day Care,,Ysgol Gymraeg Y Cwm,Jersey Road Bonymaen,Abertawe,SA1 7DL,Swansea,16,07395136474,cmmeinibach@gmail.com,,Ti a Fi a Cylch Meithrin Meini Bach,1
Cylch Meithrin Min y Ddol,Childrens Day Care,Full Day Care,,Ysgol Min-y-ddol,Plas Kynaston Lane Cefn Mawr,Wrexham,LL14 3PY,Wrexham,32,07707470152,cylchmeithrinminyddol@outlook.com,,Cylch Meithrin Min y Ddol,1
Cylch Meithrin Moelfre,Childrens Day Care,Full Day Care,,Cylch Meithrin Moelfre,Ysgol Moelfre,Moelfre,LL72 8NA,Isle of Anglesey,22,01248410546,cylchmeithrinmoelfre@gmail.com,,Cylch Meithrin Moelfre,1
Cylch Meithrin Morfa Rhianedd,Childrens Day Care,Sessional Day Care,,Ysgol Morfa Rhianedd,Cwm Road,Llandudno,LL30 1EG,Conwy,26,07712346706,cylchmeithrinmorfarhianedd@outlook.com,,Cylch Meithrin Morfa Rhianedd,1
Cylch Meithrin Mwy Abergele,Childrens Day Care,Full Day Care,,Canolfan Y Morfa,Ffordd Y Morfa,Abergele,LL22 7NU,Conwy,32,07707749063,,,Cylch Meithrin Mwy Abergele,1
Cylch Meithrin Mynydd Bychan,Childrens Day Care,Full Day Care,,Cylch Meithrin Mynydd Bychan,Ysgol Mynydd Bychan,Cardiff,CF14 3QE,Cardiff,26,07852433027,cylchmeithrinmynyddbychan@gmail.com,,Cylch Meithrin Mynydd Bychan,1
Cylch Meithrin Mynyddygarreg,Childrens Day Care,Sessional Day Care,,Mynyddygarreg Primary School,Mynyddygarreg,Kidwelly,SA17 4RL,Carmarthenshire,18,07957089317,meithrin.mynyddygarreg@outlook.com,,CYLCH MEITHRIN MYNYDDYGARREG,1
Cylch Meithrin Nant Lleucu,Childrens Day Care,Sessional Day Care,,Roath Church House,Waterloo Road,Cardiff,CF23 5AD,Cardiff,24,07890899559,,,Cylch Meithrin Nant Lleucu,1
Cylch Meithrin Nantgaredig a'r Fro,Childrens Day Care,Sessional Day Care,,Felingwm Communinty Centre,Felingwm Old Schhol,Carmarthen,SA32 7PR,Carmarthenshire,16,07873388033,meithrinnantgaredigarfro@gmail.com,,Cylch Meithrin Nantgaredig a'r Fro,1
Cylch Meithrin Nawmor (Cenarth),Childrens Day Care,Full Day Care,,Cenarth School,Cenarth,Newcastle Emlyn,SA38 9JP,Ceredigion,18,01970604274,cylchmeithrinnawmor@gmail.com,,Cylch Meithrin Nawmor (Cenarth),1
Cylch Meithrin Nefyn,Childrens Day Care,Full Day Care,,Ysgol Gynradd Nefyn,Ffordd Dewi Sant Nefyn,Pwllheli,LL53 6EA,Gwynedd,23,07586327264,cylchmeithrinnefyn@gmail.com,,Cylch Meithrin Nefyn,1
Cylch Meithrin Nelson,Childrens Day Care,Full Day Care,,21a Commercial Street,Nelson,Treharris,CF46 6NF,Caerphilly,19,07534180277,post@cylchmeithrinneslon.org,https://www.meithrin.cymru/find-a-cylch/c/800/nelson/,Cylch Meithrin Nelson,1
Cylch Meithrin Parc Y Bont,Childrens Day Care,Full Day Care,,Ysgol Parc Y Bont,Llanddaniel,Gaerwen,LL60 6HB,Isle of Anglesey,19,07836302824,cylchmeithrinparcybont@gmail.com,,Cylch Meithrin Parc y Bont,1
Cylch Meithrin Parc y Werin,Childrens Day Care,Full Day Care,,City & County Of Swansea,Parc Y Werin Pavilion,Swansea,SA4 4UX,Swansea,25,(01792) 343542,cylchparcywerin@hotmail.com,,Cylch Meithrin Parc yWerin,1
Cylch Meithrin Pen-y-Garth,Childrens Day Care,Sessional Day Care,,Ysgol Pen Y Garth,Redlands Road,Penarth,CF64 2QN,Vale of Glamorgan,18,,CylchMeithrinPYG@gmail.com,,Cylch Meithrin Dinas Powys,1
Cylch Meithrin Pencader,Childrens Day Care,Full Day Care,,Ysgol Cae`r Felin,,Carmarthen,SA39 9AA,Carmarthenshire,17,01559389151,cylchmeithrinpencader151@gmail.com,,Cylch Meithrin Pencader,1
Cylch Meithrin Pencoed,Childrens Day Care,Sessional Day Care,,Cylch Meithrin,The Old Clinic,Bridgend,CF35 6SS,Bridgend,36,07973429373,pencoedmeithrin@yahoo.com,,Cylch Meithrin Pencoed,1
Cylch Meithrin Penderyn,Childrens Day Care,Full Day Care,,Penderyn Community Centre,Pontpren,Aberdare,CF44 9UX,Rhondda Cynon Taf,19,07879644310,,meithrin-penderyn.com,Cylch Meithrin Penderyn C.I.C,1
Cylch Meithrin Penllwyn,Childrens Day Care,Full Day Care,,Ysgol Penllwyn - Caban,Capel Bangor,Aberystwyth,SY23 3LP,Ceredigion,19,07528052163,cmpenllwyn@gmail.com,,Cylch Meithrin Penllwyn,1
Cylch Meithrin Penmaenmawr,Childrens Day Care,Full Day Care,,Pencae School,Graiglwyd Road,Penmaenmawr,LL34 6YG,Conwy,30,,elliso20@hwbcymru.net,,Cylch Meithrin Penmaenmawr,1
Cylch Meithrin Penparc,Childrens Day Care,Full Day Care,,Ysgol Gynradd Gymunedol Penparc,,Cardigan,SA43 1SQ,Ceredigion,25,01239810343,meithrinpenparc@gmail.com,,Cylch Meithrin Penparc,1
Cylch Meithrin Penrhyndeudraeth,Childrens Day Care,Full Day Care,,Cylch Meithrin Penrhyndeudraeth,Ysgol Cefn Coch,Penrhyndeudraeth,LL48 6AE,Gwynedd,40,07745276052,cylchmeithrinpenrhyn@hotmail.co.uk,,Cylch Meithrin Penrhyndeudraeth,1
Cylch Meithrin Pentraeth,Childrens Day Care,Sessional Day Care,,Ysgol Gynradd Pentraeth,,Pentraeth,LL75 8UP,Isle of Anglesey,16,01248 450315,cylchmeithrinpentraeth@gmail.com,,Cylch Meithrin Pentraeth,1
Cylch Meithrin Pentre Bach,Childrens Day Care,Sessional Day Care,,Cwm Golau Integrated Childrens Centre,Duffryn Road Pentrebach,Merthyr Tydfil,CF48 4BJ,Merthyr Tydfil,19,07506715186,meithrinpentrebach@hotmail.com,,Cylch Meithrin Pentrebach,1
Cylch Meithrin Pentrefoelas,Childrens Day Care,Sessional Day Care,,Ysgol Gynradd Pentrefoelas,Pentrefoelas,Betws-y-coed,LL24 0LE,Conwy,19,,meithrinpentre@hotmail.com,,Ysgol Feithrin Cylch Ti a Fi Pentrefoelas,1
Cylch Meithrin Pentreuchaf,Childrens Day Care,Full Day Care,,Ysgol Gynradd Pentreuchaf,,Pwllheli,LL53 8DZ,Gwynedd,19,01758 750600,pentreuchafcylchmeithrin@gmail.com,,Cylch Meithrin Pentreuchaf,1
Cylch Meithrin Penybont Fawr,Childrens Day Care,Full Day Care,,Cylch Meithrin Penybont Fawr,Caban Cylch Meithrin,Penybontfawr,SY10 0NT,Powys,19,,cylchmpenybontfawr@gmail.com,https://www.ysgolpennant.cymru/about-1,Cylch Meithrin Pen y Bont Fawr,1
Cylch Meithrin Penygroes,Childrens Day Care,Full Day Care,,Y Caban,Safle Ysgol Bro Lleu,Penygroes,LL54 6RL,Gwynedd,64,07950442392,Plantynant2025@gmail.com,,Plant Y Nant,1
Cylch Meithrin Penygroes sir Gar,Childrens Day Care,Sessional Day Care,,Penygros Memorial Hall,Waterloo Road Penygroes,Llanelli,SA14 7NP,Carmarthenshire,17,,cylchpenygroes@hotmail.com,,Cylch Meithrin Penygroes Sir Gar,1
Cylch Meithrin Pili Pala,Childrens Day Care,Full Day Care,,Rumney R F C,Hartland Road Llanrumney,Cardiff,CF3 4JL,Cardiff,30,07754 622168,,,Cylch Meithrin Pili Pala,1
Cylch Meithrin Plant Bach Sarn,Childrens Day Care,Sessional Day Care,,Sarn Life Long Learning Centre,Merfield Close,Bridgend,CF32 9SW,Bridgend,22,07747314094,cylchmeithrinsarn@gmail.com,,Cylch Meithrin Plant Bach Sarn,1
Cylch Meithrin Plas Coch,Childrens Day Care,Full Day Care,,Plas Coch Primary School,Stansty Road,Wrexham,LL11 2BU,Wrexham,19,01978318906,cylchplascoch@gmail.com,,Cylch Meithrin Plas Coch,1
CYLCH MEITHRIN PLAS PAWB,Childrens Day Care,Full Day Care,,Maesincla Primary School,,Caernarfon,LL55 1DF,Gwynedd,24,01286662442,cylchmaesinclanicola.jones@yahoo.com,,Cylch Meithrin Maesincla,2
Cylch Meithrin Pont Pedr,Childrens Day Care,Full Day Care,,Ysgol Bro Pedr School,Peterwell Terrace,Lampeter,SA48 7BX,Ceredigion,18,07990499498,CMpontpedr@gmail.com,,Cylch Meithrin Pont Pedr,1
Cylch Meithrin Pont y Gof,Childrens Day Care,Full Day Care,,Ysgol Pont Y Gof,Botwnnog,Pwllheli,LL53 8RA,Gwynedd,17,07534021947,cylchpontygof@gmail.com,www.cylchmeithrinpontygof.cymru,Cylch Meithrin Pont y Gof,1
Cylch Meithrin Pontarddulais,Childrens Day Care,Full Day Care,,Bont Elim Community Church,Alltiago Road Pontarddulais,Swansea,SA4 8HU,Swansea,19,07807425473,cylch.pontarddulais@gmail.com,,Cylch Chwarae Pontarddulais,1
Cylch Meithrin Ponthenri,Childrens Day Care,Full Day Care,,Ponthenry Community Hall,Ponthenry,Llanelli,SA15 5PP,Carmarthenshire,16,07386374375,meithrinponthenri@icloud.com,,Cylch Meithrin Ponthenri,1
Cylch Meithrin Pontllanfraith,Childrens Day Care,Sessional Day Care,,Bryn Pavilion,Bryn Estate,Blackwood,NP12 2GB,Caerphilly,13,01495227738,cmpontllanfraith@hotmail.co.uk,,Cylch Meithrin Pontllanfraith,1
Cylch Meithrin Pontrhydfendigaid,Childrens Day Care,Full Day Care,,Neuadd Pantyfedwen Village Hall,Pontrhydfendigaid,Ystrad Meurig,SY25 6BB,Ceredigion,16,07362709413,cylchmeithrinbont@hotmail.com,https://meithrin.cymru/cylchs/pontrhydfendigaid/,Cylch Meithrin Pontrhydfendigaid,1
Cylch Meithrin Pontrobert,Childrens Day Care,Full Day Care,,Neuadd Pontrobert,Pontrobert,Powys,SY22 6JN,Powys,18,07572749925,pontrobertcylch@gmail.com,https://www.cylchmeithrinpontrobert.com/,Cylch Meithrin Pontrobert,1
Cylch Meithrin Pontyberem,Childrens Day Care,Full Day Care,,Pontyberem Primary School,Heol Y Felin Pontyberem,Llanelli,SA15 5EB,Carmarthenshire,26,07572991982,cylchmeithrinpontyberem18@gmail.com,,Cylch Meithrin Pontyberem,1
Cylch Meithrin Porth Tywyn,Childrens Day Care,Full Day Care,,Memorial Hall & Institute,Parc Y Minos Street,Burry Port,SA16 0BN,Carmarthenshire,19,07738154771,cylchmeithrinporthtywyn@hotmail.co.uk,,Cylch Meithrin Porth Tywyn,1
Cylch Meithrin Porthmadog,Childrens Day Care,Full Day Care,,Ysgol Eifion Wyn,,Porthmadog,LL49 9NU,Gwynedd,20,01766513286,pwyllgorcylchporthmadog@outlook.com,https://www.ysgoleifionwyn.cymru/cy/cylch-meithrin,Cylch Meithrin Porthmadog,1
Cylch Meithrin Prion,Childrens Day Care,Sessional Day Care,,Ysgol Pant Pastynog,Prion,Dinbych,LL16 4SG,Denbighshire,17,01745890331,cylchprion@outlook.com,,Cylch Meithrin Prion,1
Cylch Meithrin Pum Heol,Childrens Day Care,Full Day Care,,Five Roads School,Five Roads,Llanelli,SA15 5EZ,Carmarthenshire,19,07938098240,,,Cylch Meithrin Pum Heol,1
Cylch Meithrin Pwll Coch,Childrens Day Care,Full Day Care,,Ysgol Gymraeg Pwll Coch,Lawrenny Avenue,Cardiff,CF11 8BR,Cardiff,40,02920 373453,dewi.rees2@caerdydd.gov.uk,www.ygpc.cymru/newydd-new-cylch-meithrin-nursery-2020/,Cylch Meithrin Pwll Coch,1
Cylch Meithrin Pwllheli,Childrens Day Care,Full Day Care,,Cymerau School,Ffordd Mela,Pwllheli,LL53 5AR,Gwynedd,19,01758612001,cylch.meithrin.pwllheli@gmail.com,,Cylch Meithrin Pwllheli,1
Cylch Meithrin Rhaeadr,Childrens Day Care,Full Day Care,,Rhayader Church in Wales Primary School,Bryntirion,Rhayader,LD6 5LT,Powys,24,07723058179,cylchrhaeadr@outlook.com,,Cylch Meithrin Rhaeadr,1
Cylch Meithrin Rhiwbeina,Childrens Day Care,Sessional Day Care,,Bethel Rhiwbina Methodist Church,Maes-y-deri,Cardiff,CF14 6JJ,Cardiff,24,02920521270,cylchmeithrinrhiwbeina@gmail.com,,Cylch Meithrin Rhiwbeina,1
Cylch Meithrin Rhoscolyn,Childrens Day Care,Sessional Day Care,,Ysgol Rhoscolyn,Rhoscolyn,Ynys Mon,LL65 2DX,Isle of Anglesey,24,01407728652,,,Cylch Meithrin Rhoscolyn,1
Cylch Meithrin Rhosneigr,Childrens Day Care,Full Day Care,,Ysgol Gynradd Rhosneigr,,Rhosneigr,LL64 5XA,Isle of Anglesey,12,,cylchmeithrinrhosneigr@gmail.com,,Cylch Meithrin Rhosneigr,1
Cylch Meithrin Rhostryfan,Childrens Day Care,Sessional Day Care,,Ysgol Gynradd Rhostryfan,Rhostryfan,Caernarfon,LL54 7LR,Gwynedd,26,07904454086,cylchrhos1@gmail.com,,Cylch Meithrin Rhostryfan,1
Cylch Meithrin Rhosybol,Childrens Day Care,Full Day Care,,Ysgol Gymuned Rhosybol,Rhosybol,Amlwch,LL68 9PP,Isle of Anglesey,15,,,,Cylch Meithrin Rhosybol,1
Cylch Meithrin Rhuthun,Childrens Day Care,Full Day Care,,Cylch Meithrin Rhuthun,Lon Parcwr Industrial Estate,Ruthin,LL15 1NJ,Denbighshire,19,07480610753,cylchmeithrinrhuthun@gmail.com,https://www.cylchmeithrinrhuthun.co.uk,Cylch Meithrin Rhuthun,1
Cylch Meithrin Rhyd y Llan,Childrens Day Care,Full Day Care,,Ysgol Rhyd Y Llan,Llanfaethlu,Holyhead,LL65 4PQ,Isle of Anglesey,19,07470151840,cylchrhydyllan@mail.com,,Cylch Meithrin Rhyd y Llan,1
Cylch Meithrin Rhydypennau,Childrens Day Care,Full Day Care,,Cylch Meithrin Rhydypennau,Ysgol Rhydypennau,Bow Street,SY24 5AD,Ceredigion,18,07956072128,cylchmeithrinrhyd@gmail.com,,Cylch Meithrin Rhydypennau,1
Cylch Meithrin Rhymni,Childrens Day Care,Sessional Day Care,,St David's Community Centre,High Street,Tredegar,NP22 5NB,Caerphilly,16,07950591289,swsarahwilliams@aol.com,,Cylch Meithrin Rhymni,1
Cylch Meithrin Saron and Hendre,Childrens Day Care,Full Day Care,,Y Festri Capel Saron,Saron Road,Ammanford,SA18 3LN,Carmarthenshire,30,07843913072,cylchmeithrinsaronarhendre@gmail.com,,CYLCH MEITHRIN SARON A'R HENDRE,1
Cylch Meithrin Seiont a Pheblig,Childrens Day Care,Sessional Day Care,,Canolfan Noddfa,Cil Peblig,Caernarfon,LL55 2RS,Gwynedd,26,07780112956,seiont.apheblig@yahoo.com,,Cylch Meithrin Seiont a Pheblig,1
Cylch Meithrin Seren Fach,Childrens Day Care,Full Day Care,,Ty Harri Webb,Dyffryn Road,Mountain Ash,CF45 4DA,Rhondda Cynon Taf,40,01443520020,cylchmeithrinserenfach@outlook.com,,Cylch Meithrin Seren Fach,2
Cylch Meithrin Tal y Bont & Llandygai,Childrens Day Care,Full Day Care,,Ysgol Llandygai,,Bangor,LL57 4HU,Gwynedd,19,07754829662,cylchmeithrinllandygai@hotmail.co.uk,,Cylch Meithrin Tal y Bont & Llandygai,1
Cylch Meithrin Talgarreg,Childrens Day Care,Full Day Care,,Neuadd Goffa,Talgarreg,Llandysul,SA44 4ER,Ceredigion,16,01545590647,cylchtalgarreg@outlook.com,,Cylch Meithrin Talgarreg,1
Cylch Meithrin Talhaiarn,Childrens Day Care,Full Day Care,,Ysgol Talhaiarn,Church Street Llanfairtalhaiarn,Abergele,LL22 8SD,Conwy,30,07503284477,CMTalhaiarn@gmail.com,,Cylch Meithrin Talhaiarn,1
Cylch Meithrin Talwrn,Childrens Day Care,Sessional Day Care,,Neuadd Y Pentref A Siop Gymunedol Talwrn,Tai Lon Goch Talwrn,Llangefni,LL77 7ST,Isle of Anglesey,20,,cylchmeithrintalwrn@gmail.com,,Cylch meithrin Talwrn,1
Cylch Meithrin Talybont,Childrens Day Care,Full Day Care,,Talybont C P School,,Talybont,SY24 5HE,Ceredigion,19,07704780442,cylchmeithrintal-y-bont@hotmail.co.uk,,Cylch Meithrin Talybont,1
Cylch Meithrin Talysarn,Childrens Day Care,Full Day Care,,Y Caban,Canolfan Gymunedol,Caernarfon,LL54 6HL,Gwynedd,24,01286880302,cylchtalysarn@yahoo.co.uk,,Cylch Meithrin Talysarn,1
Cylch Meithrin Tedi Twt,Childrens Day Care,Sessional Day Care,,Ysgol Gymraeg Gilfach Fargoed,Commercial Street,Bargoed,CF81 8JG,Caerphilly,47,07847248430,post@cmteditwt.co.uk,www.cmteditwt.co.uk,Cylch Meithrin Tedi Twt,1
Cylch Meithrin Teifi,Childrens Day Care,Full Day Care,,Ysgol Y Ddwylan,New Road,Newcastle Emlyn,SA38 9BA,Carmarthenshire,19,07565187992,teifiadpar@gmail.com,,Cylch Meithrin Teifi,1
Cylch Meithrin Terrig,Childrens Day Care,Full Day Care,,Ysgol Terrig,Ffordd Y Llan Treuddyn,Mold,CH7 4LN,Flintshire,28,01352770235,cylchmeithrintreuddyn@gmail.com,,Cylch Meithrin Terrig,1
Cylch Meithrin Teulu'r Tyle,Childrens Day Care,Full Day Care,,Ysgol Tyle'r Ynn,"41, Llansawel Crescent",Castell-nedd,SA11 2UN,Neath Port Talbot,24,07519462292,cmteulrtyle@gmail.com,,Cylch Meithrin Teulu'r Tyle,1
Cylch Meithrin Tonnau Bach,Childrens Day Care,Full Day Care,,Ysgol Hafan y Môr,Lôn Heywood Lane,Dinbych Y Pysgod / Tenby,SA70 8BZ,Pembrokeshire,19,01834843248,cylchmeithrintonnaubach@outlook.com,,Cylch Meithrin Tonnau Bach,1
Cylch Meithrin Tonyfelin,Childrens Day Care,Sessional Day Care,,Tonyfelin Baptist Chapel,Bedwas Road,Caerphilly,CF83 1PA,Caerphilly,40,07425608501,cylch.meithrin.tonyfelin01@gmail.com,,Cylch Meithrin Tonyfelin,1
Cylch Meithrin Traed Bech Twymyn,Childrens Day Care,Full Day Care,,Neuadd Cemaes,Cemaes,Machynlleth,SY20 9PR,Powys,12,,trysoryddtbt@gmail.com,https://www.traedbechtwymyn.cymru/,Cylch Meithrin Traed Bech Twymyn,1
Cylch Meithrin Trannon,Childrens Day Care,Full Day Care,,Ysgol Dyffryn Trannon,Trefeglwys,Caersws,SY17 5PH,Powys,40,01686430644,cylchmeithrintrannon@gmail.com,www.cylchmeithrintrannon.co.uk,Cylch Meithrin Trannon,1
Cylch Meithrin Trawsfynydd,Childrens Day Care,Full Day Care,,Ymca,Cefn Gwyn,Trawsfynydd,LL41 4SG,Gwynedd,20,07960627307,Cylchmeithrintraws@gmail.com,,Cylch Meithrin Trawsfynydd,1
Cylch Meithrin Tre Ficer,Childrens Day Care,Full Day Care,,Ysgol Rhys Prichard,Block 4,Llandovery,SA20 0DY,Carmarthenshire,24,07854300781,treficer16@gmail.com,,Cylch Meithrin Tre Ficer,1
Cylch Meithrin Treboeth a Tirdeunaw,Childrens Day Care,Sessional Day Care,,City & County Of Swansea,South Penlan Community Centre,Swansea,SA5 7AH,Swansea,20,07979333529,kierajay96@gmail.com,,Cylch Meithrin Treboeth a Tirdeunaw,1
Cylch Meithrin Trefeurig,Childrens Day Care,Full Day Care,,Ysgol Gynradd Penrhyncoch,Penrhyncoch,Aberystwyth,SY23 3EH,Ceredigion,24,07527035190,cmtrefeurig@gmail.com,www.cylchmeithrintrefeurig.co.uk,Cylch Meithrin Trefeurig,1
Cylch Meithrin Tregaron,Childrens Day Care,Full Day Care,,Ysgol Henry Richard,Lampeter Road,Tregaron,SY25 6HG,Ceredigion,19,,eirijoppa@gmail.com,,Cylch Meithrin Tregaron,1
Cylch Meithrin Tregarth,Childrens Day Care,Sessional Day Care,,Canolfan Gymunedol Tregarth,Tanrhiw Road Tregarth,Bangor,LL57 4AW,Gwynedd,24,,cylchmeithrintregarth@yahoo.co.uk,,Cylch Meithrin Tregarth,1
Cylch Meithrin Treharris,Childrens Day Care,Full Day Care,,21 Perrott Street,,Treharris,CF46 5ER,Merthyr Tydfil,30,07931098650,kidzden1@hotmail.co.uk,,Cylch Meithrin Treharris,1
Cylch Meithrin Trelai,Childrens Day Care,Full Day Care,,Cylch Meithrin Trelai,Mill Road Bowling Pavilion,Cardiff,CF5 4DD,Cardiff,44,02920576805,cylchmeithrintrelai@hotmail.com,www.cylchmeithrintrelai-caerau.co.uk,Cylch Meithrin Trelai,1
Cylch Meithrin Trelech,Childrens Day Care,Sessional Day Care,,Ysgol Feithrin,Trelech,Carmarthen,SA33 6RU,Carmarthenshire,16,01994484677,unigolyncylchmeithrintrelech@gmail.com,,Cylch Meithrin Trelech,1
Cylch Meithrin Treletert,Childrens Day Care,Full Day Care,,Ysgol Ger Y Llan,St. Davids Road Letterston,Haverfordwest,SA62 5SL,Pembrokeshire,16,07510444869,cmtreletert21@gmail.com,,Cylch Meithrin Treletert,1
Cylch Meithrin Tremeirchion,Childrens Day Care,Full Day Care,,Hen Ysgol,Tremeirchion,Llanelwy,LL17 0UN,Denbighshire,19,07592384222,cylchmeithrintremeirchion@gmail.com,,Cylch Meithrin Tremeirchion,1
Cylch Meithrin Twtil,Childrens Day Care,Full Day Care,,St. Helens School,Twthill East,Caernarfon,LL55 1PF,Gwynedd,7,01286674856,cylchmeithrintwtil@gmail.com,,Cylch Meithrin Twtil,1
Cylch Meithrin TY Mabon Tywyn,Childrens Day Care,Full Day Care,,Cylch Meithrin Tywyn,Ty Mabon,Tywyn,LL36 9ET,Gwynedd,30,07588012166,cylchtywyn@outlook.com,,Cylch Meithrin TY Mabon Tywyn,1
Cylch Meithrin Ty Mair Glannau Dyfrdwy,Childrens Day Care,Full Day Care,,Ysgol Croes Atti Glannau Dyfrdwy,Plymouth Street Shotton,Deeside,CH5 1JD,Flintshire,19,07950716432,cylchtymair@outlook.com,,Cylch Meithrin Ty Mair,2
Cylch Meithrin Tycroes,Childrens Day Care,Full Day Care,,Neuadd St Edmunds,Ammanford Road,Ammanford,SA18 3QJ,Carmarthenshire,19,07761666068,cmeithrintycroes@gmail.com,www.cmeithrintycroes.com,Cylch Meithrin Tycroes,1
Cylch Meithrin Y Bont Faen,Childrens Day Care,Full Day Care,,Clych Meithrin Y Bontfaen,The Broad Shoard,Cowbridge,CF71 7DA,Vale of Glamorgan,30,01446776250,cylchmeithrin@btconnect.com,,Cylch Meithrin Y Bont Faen,1
Cylch Meithrin Y Borth,Childrens Day Care,Full Day Care,,Ysgol Y Borth,Tyddyn Mostyn Estate,Menai Bridge,LL59 5DS,Isle of Anglesey,24,01248 713000,cylchmeithrinyborth@gmail.com,,Cylch Meithrin Y Borth,1
Cylch Meithrin Y Delyn,Childrens Day Care,Full Day Care,,Capel Crescent,,Newport,NP20 2FT,Newport,24,,,,Cylch Meithrin Y Delyn,1
Cylch Meithrin y Drenewydd,Childrens Day Care,Full Day Care,,Safle Ysgol Dafydd Llwyd,Lon Y Blanhigfa,Y Drenewydd,SY16 1JE,Powys,56,01686611014,meithrin@gmail.com,,Cylch Meithrin y Drenewydd,1
Cylch Meithrin Y Felinheli,Childrens Day Care,Full Day Care,,Caban,Ysgol Y Felinheli,Y Felinheli,LL56 4TZ,Gwynedd,19,07735749799,cylchmeithrin.felinheli@outlook.com,cylchmeithrinfelinheli.org,Cylch Meithrin Y Felinheli,1
Cylch Meithrin Y Fenni,Childrens Day Care,Full Day Care,,Ysgol Y Fenni,St. Davids Road,Abergavenny,NP7 6HF,Monmouthshire,28,07960683006,cylchmeithrinyfenni@hotmail.co.uk,https://cylchmeithrinyfenni.wixsite.com/hafan,Cylch Meithrin Y Fenni,1
Cylch Meithrin Y Ffôr,Childrens Day Care,Full Day Care,,Y Ganolfan Cymdeithasol,Safle Ysgol Bro Plenydd,Pwllheli,LL53 6UP,Gwynedd,24,07500452087,cmyffor@icloud.com,,Cylch Meithrin Y Ffôr,1
Cylch Meithrin Y Fro,Childrens Day Care,Full Day Care,,Llangyndeyrn Cp School,Llangyndeyrn,Kidwelly,SA17 5BW,Carmarthenshire,10,01269870573,meithrinllangyndeyrn@hotmail.com,,Cylch Meithrin Llangyndeyrn,1
Cylch Meithrin y Garnedd a Clwb Ffrindiau Y Garnedd,Childrens Day Care,Full Day Care,,Ysgol Y Garnedd,Ffordd Penrhos,Bangor,LL57 2LX,Gwynedd,97,01248352534,cylchgarnedd@ffalabalam.co.uk,,Meithrinfa Ffalabalam Cyf,1
Cylch Meithrin Y Garth,Childrens Day Care,Full Day Care,,Ty Rhiw Community Centre,Abbey Close Taffs Well,Cardiff,CF15 7RS,Rhondda Cynon Taf,19,07445238716,cylchmeithrinygarth@gmail.com,,Cylch Meithrin Y Garth,1
Cylch Meithrin y Gelli,Childrens Day Care,Full Day Care,,Safle'r Gelli,Bethel Road,Caernarfon,LL55 1DU,Gwynedd,26,01286673043,cylcygelli@yahoo.co.uk,,Cylch Meithrin y Gelli,1
Cylch Meithrin Y Gorlan Fach,Childrens Day Care,Full Day Care,,Ysgol Y Gorlan,Tremadog,Porthmadog,LL49 9RN,Gwynedd,16,01766513458,,,Cylch Meithrin Tremadog,1
Cylch Meithrin y Gromlech,Childrens Day Care,Full Day Care,,Ysgol Dyffryn Ardudwy,,Dyffryn Ardudwy,LL44 2EP,Gwynedd,24,01341242554,cylchmeithrinygromlech@hotmail.co.uk,,Cylch Meithrin y Gromlech,1
Cylch Meithrin Y Gurnos,Childrens Day Care,Full Day Care,,Gurnos Nursery,Cedar Way,Merthyr Tudful,CF47 9PA,Merthyr Tydfil,19,07507690863,cylchmeithrinygyrnos@outlook.com,,Cylch Meithrin Y Gurnos,1
Cylch Meithrin Y Llewod Bach,Childrens Day Care,Full Day Care,,Ysgol T Llew Jones,Brynhoffnant,Llandysul,SA44 6EA,Ceredigion,14,01239654553,yllewodbach@outlook.com,,Cylch Meithrin Y Llewod Bach,1
Cylch Meithrin Y Parc,Childrens Day Care,Sessional Day Care,,Cardiff Volleyball,Victoria Park,Cardiff,CF5 1EY,Cardiff,19,07905403338,cylch-y-parc@hotmail.co.uk,cylchyparc.cymru,Cych Meithrin Y Parc  Management Committee,1
Cylch Meithrin Y Pysgod Bach,Childrens Day Care,Full Day Care,,St. Dogmaels Memorial Hall,Maeshyfryd St. Dogmaels,Cardigan,SA43 3ES,Pembrokeshire,14,07454276173,cmypysgodbach@gmail.com,,Cylch Meithrin Y Pysgod Bach,1
Cylch meithrin Y Tonnau,Childrens Day Care,Full Day Care,,Pavilion Leisure Centre,The Promenade,Barmouth,LL42 1NF,Gwynedd,24,01341388088,cylchmeithrinybermo@gmail.com,,Cylch Meithrin Y Tonnau,1
Cylch Meithrin yr Eglwys Newydd,Childrens Day Care,Full Day Care,,Ysgol Melin Gruffydd,Glan-y-nant Road,Cardiff,CF14 1AP,Cardiff,32,07594915376,committeecylchyreglwysnewydd@gmail.com,www.cylchyreglwysnewydd.cymru,Cylch Meithrin Eglwys Newydd,1
Cylch Meithrin Yr Enfys,Childrens Day Care,Sessional Day Care,,Ystrad Mynach Boys and Girls Club,Lisburn Road,Hengoed,CF82 7AS,Caerphilly,20,07903368454,cylchmeithrinyrenfys@gmail.com,https://www.meithrin.cymru/find-a-cylch/c/637/yr-enfys-caerffili-bore/,Cylch Meithrin Yr Enfys,1
Cylch Meithrin Ysgol Dewi Sant,Childrens Day Care,Full Day Care,,Ysgol Dewi Sant,Rhuddlan Road,Rhyl,LL18 2RE,Denbighshire,40,07743497294,cmysgoldewisant@gmail.com,,Cylch Meithrin Ysgol Dewi Sant,1
Cylch Meithrin Ysgol Glan Morfa,Childrens Day Care,Full Day Care,,Ysgol Glan Morfa,Lewis Road,Cardiff,CF24 5EB,Cardiff,16,07940401281,cylchglanmorfa@gmail.com,,Cylch Meithrin Ysgol Glan Morfa,1
Cylch Meithrin Ysgol Mornant,Childrens Day Care,Full Day Care,,Ysgol Gymraeg Mornant,Picton Road Penyffordd,Holywell,CH8 9JQ,Flintshire,28,07510441119,cylchmeithrinmornant@outlook.com,,Cylch Meithrin Ysgol Mornant,1
Cylch Meithrin Ysgol Pentrecelyn,Childrens Day Care,Sessional Day Care,,Ysgol Pentrecelyn,,Rhuthun,LL15 2HG,Denbighshire,19,01978790288,cylchmeithrinpentrecelyn@gmail.com,,Cylch Meithrin Ysgol Pentrecelyn,1
Cylch Meithrin Ysgol Sarn Bach,Childrens Day Care,Sessional Day Care,,Sarn Bach Primary School,Sarn Bach,Pwllheli,LL53 7LF,Gwynedd,12,,,,CYLCH MEITHRIN YSGOL SARN BACH,1
Cylch Meithrin Ysgol Y Bedol,Childrens Day Care,Full Day Care,,Ysgol Y Bedol,Heol Ffoland,Rhydaman,SA18 2GB,Carmarthenshire,32,01269826443,cylchybedol@aol.com,,Cylch Meithrin Ysgol Y Bedol,1
Cylch Meithrin Ysgol y Llys,Childrens Day Care,Full Day Care,,Ysgol Y Llys,Princes Avenue,Prestatyn,LL19 8RP,Denbighshire,60,01745798210,helengilmoremeithrin@yahoo.co.uk,,Cylch Meithrin y Llys,1
Cylch Meithrin Ysgol Yr Hendy,Childrens Day Care,Sessional Day Care,,Hendy County Primary School,Iscoed Road Pontarddulais,Swansea,SA4 0XD,Carmarthenshire,16,07813449307,cylchmeithrinhendy@icloud.com,,Cylch Meithrin Ysgol Yr Hendy,1
Cylch Ty Mair,Childrens Day Care,Full Day Care,,Ysgol Croes Atti Fflint,Fford Dewi,Fflint,CH6 5WU,Flintshire,40,01352733335,cylchtymair@outlook.com,,Cylch Meithrin Ty Mair,1
Cylch Y Coed,Childrens Day Care,Sessional Day Care,,Cyncoed Methodist Church,Westminster Crescent,Cardiff,CF23 6SE,Cardiff,20,07396391144,cylchycoed@gmail.com,,Cylch Y Coed,1
Cylch yn yr Ysgol,Childrens Day Care,Sessional Day Care,,Builth Wells CP School,Hospital Road,Builth Wells,LD2 3GA,Powys,24,07849835235,llymcylchcommittee@gmail.com,www.builth.powys.sch.uk,Cylch yn yr Ysgol,1
Cylch Ysgol Feithrin Llanrwst,Childrens Day Care,Sessional Day Care,,Ysgol Bro Gwydir,Heol Watling,Llanrwst,LL26 0EY,Conwy,24,07990841988,carol.salmond28@gmail.com,,Ysgol Meithrin Llanrwst,1
Cymer Ofal,Childrens Day Care,Out of School Care,,Ysgol Treganna,Sanatorium Road,Cardiff,CF11 8DG,Cardiff,104,07943991007,,www.cymerofal.co.uk,Clwb Cymer Ofal Cyf,1
Cynfran Pre-School,Childrens Day Care,Full Day Care,,Ysgol Cynfran,Dolwen Road,Llysfaen,LL29 8SS,Conwy,19,07821120933,Cynfranpreschool@hotmail.com,www.cynfranplaygroup.org.uk,Cynfran Pre-school,1
Cynllun Gofal Melin Gruffydd,Childrens Day Care,Out of School Care,,Ysgol Gymraeg Melin Gruffydd,Glan y Nant Road,Caerdydd,CF14 1AP,Cardiff,55,02920689888,,www.mentercaerdydd.cymru,Menter Caerdydd,2
Cynllun Treganna,Childrens Day Care,Out of School Care,,Ysgol Treganna,Sanatorium Road,Cardiff,CF11 8DG,Cardiff,55,02920689888,,www.mentercaerdydd.cymru,Menter Caerdydd,3
Cysgod Y Coed Ltd,Care Home Service,Adults Without Nursing,Personal care for adults,Cysgod Y Coed Residential Home,Llanilar,Aberystwyth,SY23 4NR,Ceredigion,15,01974241475,cysgodycoed1@yahoo.co.uk,,Cysgod Y Coed Ltd,1
Cywion Bach,Childrens Day Care,Full Day Care,,Meithrinfa Cywion Bach Nursery,Idole,Carmarthen,SA32 8DG,Carmarthenshire,54,01267234322,helo@cywionbach.co.uk,www.cywionbach.co.uk,Cywion Bach Cyf,1
D&S Care Homes Ltd - Ty Cwmafan,Care Home Service,Childrens Home,Personal care for children,,,Port Talbot,,Neath Port Talbot,3,01639766354,suzanne@dscarehomes.co.uk,http://www.dscarehomes.co.uk/,D&S Care Homes Ltd,1
D&S Care Homes Ltd - Ty Nedd,Care Home Service,Childrens Home,Personal care for children,,,Neath,,Neath Port Talbot,4,01639633357,suzanne@dscarehomes.co.uk,http://www.dscarehomes.co.uk/,D&S Care Homes Ltd,2
Daffodil House,Care Home Service,Childrens Home,"Personal care for children, Learning disability",,,Cardiff,,Cardiff,2,02920890361,daniel.grainger@salutemcare.com,salutemcareandeducation.com,Salutem LD BidCo IV Limited,1
Daisy Chain,Care Home Service,Childrens Home,"Personal care for children, Learning disability",,,Treharris,,Merthyr Tydfil,3,02030511054,director@pathways-2-the-future.co.uk,https://pathways-2-the-future.co.uk,Pathway 2 The Future Ltd,2
Daisy Chains Nursery,Childrens Day Care,Full Day Care,,53 Marine Road,,Prestatyn,LL19 7HA,Denbighshire,37,01745887931,office@daisychainsprestatyn.co.uk,www.daisychainsprestatyn.co.uk,Daisy Chains Prestatyn Limited,1
Daisy Day Nursery - Barry,Childrens Day Care,Full Day Care,,Daisy Day Nurseries,Sully Moors Road,Penarth,CF64 5RP,Vale of Glamorgan,77,01446724949,ceri@daisydaynursery.com,www.daisydaynursery.com,Daisy Day Nurseries Ltd,2
Daisy Day Nursery - Llanishen,Childrens Day Care,Full Day Care,,Unit 35-37,Cardiff Business Park Lambourne Crescent,Cardiff,CF14 5GG,Cardiff,116,02920752051,hello@daisydaynursery.com,www.daisydaynursery.com,Daisy Day Nurseries Ltd,3
Dan Y Bryn,Care Home Service,Adults Without Nursing,"Personal care for adults, Mental health",84 Brecon Road Pontardawe,,Swansea,SA8 4PD,Neath Port Talbot,40,01792869729,Care.Quality@codigroup.co.uk,www.codigroup.co.uk,Codi Care and Support Limited,5
Dan Y Garreg,Care Home Service,Childrens Home,Personal care for children,,,Merthyr Tydfil,,Merthyr Tydfil,4,01685268592,dan-y-garreg@hafansaff.co.uk,www.hafansaff.co.uk,Hafan Saff Cyf,1
Dan-y-Bryn Care Home,Care Home Service,Adults Without Nursing,"Personal care for adults, Learning disability, Mental health",2 Collard Crescent,,Barry,CF62 9AN,Vale of Glamorgan,4,01446406204,n777kyf@icloud.com,,Vale Phoenix Ltd,1
Danesbrook House,Care Home Service,Adults Without Nursing,"Personal care for adults, Learning disability, Mental health",Danesbrook House,Cadoc Place,Cardiff,CF5 2QN,Cardiff,25,02920552245,admin@danesbrook.com,www.danesbrook.com,Capital Care Homes Ltd,1
Daniel House,Care Home Service,Adults Without Nursing,"Learning disability, Personal care for adults, Personal care for children",Arnold House,Pencoed Road,Abergele,LL22 8LS,Conwy,9,01492517373,enquiries@procarewales.co.uk,www.procarewales.co.uk,Procare Wales Limited,3
Danygraig Nursing Home,Care Home Service,Adults With Nursing,"Nursing care for adults, Personal care for adults",Danygraig Nursing Home,Quantock Drive,Newport,NP19 9DF,Newport,47,01633282316,danygraig@dreamscarehomes.co.uk,www.danygraignursinghome.co.uk,Dreams Care Homes (Danygraig) Limited,1
Darling Buds Nursery,Childrens Day Care,Full Day Care,,Seaway House,55 Bute Street,Cardiff,CF10 5AH,Cardiff,105,02920484646,info@darlingbudsnursery.co.uk,www.darlingbudsnursery.co.uk,Darling Buds Nursery Ltd,1
DASH Playscheme,Childrens Day Care,Out of School Care,,Ysgol Bro Sion Cwilt,Synod Inn,Llandysul,SA44 6JZ,Ceredigion,30,01545570951,gail@dashceredigion.org.uk,www.dashceredigion.org.uk,DASH,1
DASH Playscheme,Childrens Day Care,Out of School Care,,Llwyn Yr Eos Primary School,Access Road To Penparcau Primary School (Private),Aberystwyth,SY23 1SH,Ceredigion,30,01545570951,gail@dashceredigion.org.uk,www.dashceredigion.org.uk,DASH,2
Dean Close Little Trees Celtic Springs Nursery,Childrens Day Care,Full Day Care,,1 Spooner Close,,Newport,NP10 8FE,Newport,115,01633816751,celticsprings@deancloselittletrees.co.uk,www.deancloselittletrees.co.uk,Dean Close Nurseries Limited,2
Dean Close Little Trees St Arvans Nursery,Childrens Day Care,Full Day Care,,St Arvans,,Chepstow,NP16 6DN,Monmouthshire,92,01291624893,starvans@deancloselittletrees.co.uk,http://www.deancloselittletrees.co.uk,Dean Close Nurseries Limited,1
Dechrau Disglair,Childrens Day Care,Full Day Care,,Dechrau Disglair Ltd,Station Road St. Clears,Carmarthen,SA33 4DF,Carmarthenshire,35,01994232844,dechraudisglair@hotmail.co.uk,,Dechrau Disglair Ltd,1
Dee Valley Childcare,Childrens Day Care,Full Day Care,,Dee Valley Children,Garth School,Trevor,LL20 7UY,Wrexham,27,07517271548,ChildcareD5@hwbcymru.net,,Dee Valley Childcare,1
Deganwy Out of School Club,Childrens Day Care,Out of School Care,,Deganwy Play & Learning Centre,"Ysgol Deganwy, Park Drive",Deganwy,LL31 9YB,Conwy,44,07974366141,dosc2003@gmail.com,www.deganwyoutofschoolclub.co.uk,Deganwy Out of School Club Ltd,1
Deganwy Playgroup,Childrens Day Care,Full Day Care,,Ysgol Deganwy,Park Drive,Conwy,LL31 9YB,Conwy,30,07891717320,lisa@deganwyplaygroup.co.uk,www.deganwyplaygroup.co.uk,Deganwy Playgroup,1
Derw Bach,Childrens Day Care,Full Day Care,,Ysgol Calon Y Dderwen,Park Street,Newtown,SY16 1EG,Powys,32,07407542946,derwbach22@gmail.com,,Derw Bach,1
Dewi Sant,Childrens Day Care,Full Day Care,,St Davids Church,Elm Drive,Newport,NP11 6PL,Caerphilly,30,07519382508,dewi_sant@sky.com,,DEWI SANT,1
Dewis Cyfarfod,Care Home Service,Childrens Home,Personal care for children,,,Bala,,Gwynedd,4,01678530395,info@branas.co.uk,www.branas.co.uk,Branas Isaf (Holdings) Ltd,4
Discover and Do,Childrens Day Care,Out of School Care,,Ysgol Bro Carmel,Carmel Road,Holywell,CH8 8NU,Flintshire,40,01352712234,brocarmelDD@outlook.com,,Discover and Do,1
Dol Awel Residential Home,Care Home Service,Adults Without Nursing,Personal care for adults,Dol Awel Residential Home,Y Ddol,Abergele,LL22 9AW,Conwy,12,01745827140,dolawel@aracare.co.uk,https://www.aracare.co.uk/dolawel,ARA CARE SERVICE LTD,1
Dolanog,Care Home Service,Adults Without Nursing,Personal care for adults,Dolanog Residential Home,87 Russell Road,Rhyl,LL18 3DU,Denbighshire,28,01745353355,dolanog@btopenworld.com,www.dolanogresidentialhome.co.uk,DOLANOG RESIDENTIAL HOME,1
Dolwar Residential Home,Care Home Service,Adults Without Nursing,,Dolwar Residential Home,Llanbedrog,Pwllheli,LL53 7PA,Gwynedd,17,01758740923,dolwargw@yahoo.co.uK,,Dolwar Residential Home Ltd,1
Dolywern,Care Home Service,Adults With Nursing,"Nursing care for adults, Personal care for adults, Learning disability",Dolywern Pontfadog,,Llangollen,LL20 7AF,Wrexham,31,01691437002,hashimniaz@icloud.com,,Hayes Healthcare Limited,1
Doodles Childcare,Childrens Day Care,Full Day Care,,St Clements Road,Neyland,Milford Haven,SA73 1SH,Pembrokeshire,52,,DOODLESchildcare@aol.com,,Doodles Childcare,1
Dovecote Day Nursery,Childrens Day Care,Full Day Care,,"Dove Workshop, Banwen Community Centre",Roman Road,Neath,SA10 9LW,Neath Port Talbot,19,01639 700024,nursery@doveworkshop.co.uk,doveworkshop.org.uk,Dove Workshop Ltd,1
Dragonflies Out of School Playcare Limited,Childrens Day Care,Full Day Care,,Dragonflies Room,Lakeside Primary School,Cyncoed,CF23 6HB,Cardiff,76,07927586863,enquiries@dragonfliesplaycare.com,,Dragonflies Out of School Playcare Limited,1
Dragons Daycare,Childrens Day Care,Full Day Care,,The School House,Tanyfron Road,Wrexham,LL11 5SA,Wrexham,31,01978753773,,,Dragon's Daycare,1
Drymmau Hall Care Home,Care Home Service,Adults With Nursing,"Nursing care for adults, Personal care for adults, Learning disability, Mental health",Neuadd Drymmau Nursing Home,Drummau Road Skewen,Neath,SA10 6NR,Neath Port Talbot,35,01792816983,drymmaucarehome@gmail.com,www.drymmauhallcarehome.co.uk,Neuadd Drymmau Care Home Ltd,1
Duffryn Ffrwd Manor LTD,Care Home Service,Adults Without Nursing,"Nursing care for adults, Personal care for adults",Duffryn Ffrwd Manor Ltd,Old Nantgarw Road Nantgarw,Cardiff,CF15 7TE,Rhondda Cynon Taf,92,01443843005,info@dfmcarehome.co.uk,https://www.duffrynffrwdmanor.co.uk,Duffryn Ffrwd Manor Limited ,1
Duffryn House,Care Home Service,Adults Without Nursing,"Personal care for adults, Learning disability",Duffryn House,Duffryn Road,Aberdare,CF44 0BH,Rhondda Cynon Taf,4,01685647048,Sgriffiths@prospersupport.co.uk,,PROSPER CARE & SUPPORT LIMITED,1
Dunvant Primary Wraparound,Childrens Day Care,Full Day Care,,Dunvant Primary School,Dunvant Road Dunvant,Swansea,SA2 7SN,Swansea,70,01792207336,DunvantPrimarySchool@dunvant-pri.swansea.sch.uk,dunvantprimary.org.uk/wraparound-facility/,Dunvant Primary Wraparound,1
Dwylo Bach Preschool,Childrens Day Care,Full Day Care,,Dowlais Primary School,High Street Caeharris,Merthyr Tydfil,CF48 3HB,Merthyr Tydfil,19,01685816480,dwylobach11@gmail.com,,Dwylo Bach Preschool,1
Dwylo Da,Childrens Day Care,Full Day Care,,Heol Buddug,,Caernarfon,LL54 6HD,Gwynedd,24,01286882552,dwyloda@live.co.uk,www.dwyloda.co.uk,Dwylo Da Cyf,1
Dylan's Den,Childrens Day Care,Full Day Care,,Treorchy Primary School,Glyncoli Road,Treorchy,CF42 6SA,Rhondda Cynon Taf,36,07596639616,dylansdeninfo@gmail.com,https://www.dylansden.org/,Dylan`s Den,1
Dyserth Care ,Care Home Service,Adults Without Nursing,"Personal care for adults, Mental health",The Old Manor,Waterfall Road Dyserth,Rhyl,LL18 6DB,Denbighshire,26,01745570286,dyserthcare@outlook.com,www.dyserthcare.com,Mair  Goddard,1
East Park Care Centre Limited,Care Home Service,Adults Without Nursing,"Personal care for adults, Learning disability, Mental health",Jeffreyston,,Kilgetty,SA68 0RE,Pembrokeshire,21,01646651448,eastparkcarecentre@outlook.com,www.eastparkcarecentre.com,East Park Care Centre Limited,1
Eden House,Care Home Service,Adults Without Nursing,"Personal care for adults, Learning disability, Mental health",22 De La Beche Road,Sketty,Swansea,SA2 9AR,Swansea,4,01792951975,alex.farley@arc-care.co.uk,arc-care.co.uk,Abertawe Residential Care Ltd,1
Eden Nursery,Childrens Day Care,Full Day Care,,Eden Centre Ltd,Unit 6-7 Mertons Building,Abertillery,NP13 2LN,Blaenau Gwent,66,01495212722,info@theedennursery.co.uk,https://staging.theedennursery.co.uk/index.php/why-us/,Eden Centre Ltd,2
Eden Nursery Newbridge,Childrens Day Care,Full Day Care,,4 Bridge Terrace,Newbridge,Newport,NP11 5FH,Caerphilly,76,01495212722,pete@edeneducationcentre.org,eden-nurseries.co.uk,Eden Centre Ltd,3
Efail Wen,Care Home Service,Childrens Home,Personal care for children,,,Caerphilly,,Caerphilly,2,03301358106,helen.satherley@plcl.org.uk,https://www.phoenixlearningcare.co.uk/,Phoenix Child Care Ltd,1
Eithinog Nursing Home,Care Home Service,Adults With Nursing,"Nursing care for adults, Personal care for adults, Learning disability, Mental health",Eithiniog Leonard Cheshire Home,Old Highway,Colwyn Bay,LL28 5YA,Conwy,42,01492 532404,nia.golding14@gmail.com,www.grosvenorcare.com,Grosvenor Care Ltd,1
Elan Specialist Residential Care Service,Care Home Service,Adults Without Nursing,Personal care for adults,Leicester House,Aberfan Road,Merthyr Tydfil,CF48 4QN,Merthyr Tydfil,5,01443691724,craig.jones@elan-als.com,,Elan Assisted Living Services Limited,1
Eleanor Hodson House Nursing Home,Care Home Service,Adults With Nursing,"Nursing care for adults, Personal care for adults",Eleanor Hodson House,Pillmawr Road,Newport,NP18 3QZ,Newport,32,01633 430994,care@eleanorhodsonhouse.co.uk,,Isca Care Limited,1
Elemental Outdoor Play & Learning,Childrens Day Care,Full Day Care,,Coed Blaenigau Woods,,Llandysul,SA44 5PS,Ceredigion,24,07812067949,info@elementaladventures.org,www.elementaladventures.org,The Elemental Adventures Project CIC,1
Elidyr Communities Trust,Care Home Service,Adults Without Nursing,"Personal care for adults, Learning disability",Elidyr Communities Trust,Rhandirmwyn,Llandovery,SA20 0NL,Carmarthenshire,55,01550760428,cartyfoxrobinson@elidyrct.ac.uk,www.elidyrct.ac.uk,Elidyr Communities Trust,2
Elliots Hill Care Ltd - Elliots Hill RCH,Care Home Service,Adults Without Nursing,"Personal care for adults, Learning disability, Mental health",Great Elliots Hill,Crowhill,Haverfordwest,SA62 6HT,Pembrokeshire,23,01437723778,rch@elliotshill.co.uk,www.elliotshill.co.uk,Elliots Hill Care Ltd,2
Elm House,Care Home Service,Childrens Home,,,,Cardiff,,,3,07984863562,INFO@TYDERWEN.COM,,Ty Derwen,2
Elm Villa,Care Home Service,Adults Without Nursing,Personal care for adults,Elm Villa,Wheatsheaf Lane Gwersyllt,Wrexham,LL11 4SF,Wrexham,8,01978752198,gilliansuckley.elmvilla@hotmail.co.uk,www.elmvillacarehome.co.uk,Penygelli Care Homes Ltd,2
Emerald House,Care Home Service,Childrens Home,,,,Bridgend,,Bridgend,1,07866397192,shani@serenitysandc.co.uk,,Serenity Support and Care CIC,3
EMJ & GP Ltd TA Park View Care Home,Care Home Service,Adults Without Nursing,Personal care for adults,94 Gnoll Park Road,,Neath,SA11 3DD,Neath Port Talbot,34,01639641861,manager.pvch@gmail.com,http://www.parkview-carehome.com,EMJ & GP Limited,1
Emral House Nursing Home,Care Home Service,Adults With Nursing,"Personal care for adults, Nursing care for adults",Emral House Nursing Home,11 Chester Road,Wrexham,LL11 2SA,Wrexham,45,01978361442,richard@emralhouse.co.uk,www.emralhouse.co.uk,Pinefold Limited,1
Enfys Fach Nursery,Childrens Day Care,Full Day Care,,Priory Church In Wales V A School,Pendre Close,Brecon,LD3 9EU,Powys,51,07871548765,,,Enfys Fach Nursery,1
Enfys Hapus Day Nursery,Childrens Day Care,Full Day Care,,187 Cathedral Road,,Cardiff,CF11 9PN,Cardiff,55,02920666660,enfyshapusnursery2017@outlook.com,enfyshapusnursery.co.uk,Enfys Hapus Nursery and Day Care Centre Limited,1
Engine House,Childrens Day Care,Out of School Care,,Pant & Dowlais Boys & Girls Club,Engine House,Merthyr Tydfil,CF48 3HA,Merthyr Tydfil,30,01685375318,tracy@dowlaisenginehouse.co.uk,www.dowlaisenginehouse.co.uk,The Pant and Dowlais Boys & Girls Club,1
Eriskay,Care Home Service,Adults Without Nursing,"Personal care for adults, Learning disability",Eriskay,,Chepstow,NP16 6ND,Monmouthshire,6,01600860452,joanna@eriskaycare.co.uk,,Eriskay residential Care LTD,1
Erwhir Care Home,Care Home Service,Adults Without Nursing,Personal care for adults,Erwhir Residential Home,29-30,Carmarthen,SA31 1HL,Carmarthenshire,15,01267236504,manager.erwhir@gmail.com,,Towy Haven Care Homes Ltd,1
Estuary Gardens,Care Home Service,Adults Without Nursing,Personal care for adults,Estuary Gardens,Welsh Road,Deeside,CH5 2TG,Flintshire,66,01512942618,estuarygardens.mgr@crystalcarecollection.co.uk,,Crystal Care Homes Deeside Limited,1
Ewenny View,Care Home Service,Childrens Home,Personal care for children,,,Holywell,,Flintshire,4,01352349792,ewennyview@crystalcaresolutions.co.uk,,Crystal Care Solutions,2
Faenol Playgroup Community Interest Company,Childrens Day Care,Full Day Care,,Ysgol Y Faenol,Johns Drive,Rhyl,LL18 5TG,Denbighshire,24,07867846588,,,Faenol Playgroup Community Interest Company,1
Fairfield,Care Home Service,Adults Without Nursing,"Personal care for adults, Learning disability",Fairfield,,Haverfordwest,SA62 6QH,Pembrokeshire,7,01437721997,sdavidcare@aol.com,http://www.stdavidscare.com,St. Davids Care in the Community Ltd.,3
Fairfield House,Care Home Service,Adults Without Nursing,"Personal care for adults, Learning disability",85 Ely Road,,Cardiff,CF5 2BY,Cardiff,6,01792311980,admin@perthyn.org.uk,www.perthyn.org.uk,Perthyn,1
Fairfield House Care Home,Care Home Service,Adults Without Nursing,Personal care for adults,Fairfield House Care Home,66 Brithweunydd Road,Tonypandy,CF40 2UD,Rhondda Cynon Taf,19,01443520336,manager@fairfieldhousecarehome.co.uk,www.fairfieldhousecarehome.co.uk,Fairfield House Care Home Limited,1
Fairfield nursing home ,Care Home Service,Adults With Nursing,"Nursing care for adults, Personal care for adults, Mental health",Fairfield Nursing Home,Church Road,Haverfordwest,SA62 3HE,Pembrokeshire,43,01437891668,info@fairfieldnh.co.uk,fairfieldnh.com,fairfield nursing home limited ,1
Fairhaven Care Home Ltd,Care Home Service,Adults Without Nursing,Personal care for adults,Fairhaven Care Home,14-16,Colwyn Bay,LL29 8RP,Conwy,33,01492533778,info@fairhaven-care.com,www.fairhaven-care.com,Fairhaven Care Home Ltd,1
Fairhome,Care Home Service,Adults With Nursing,"Personal care for adults, Nursing care for adults, Mental health",Fairholme Nursing Home,1-3,Wrexham,LL13 7PR,Wrexham,23,01978262379,adultcare@priorygroup.com,www.priorygroup.com,PARTNERSHIPS IN CARE LIMITED,1
Fairleigh House,Care Home Service,Adults Without Nursing,"Personal care for adults, Learning disability, Mental health",Fairleigh House,25-27,Swansea,SA2 0EU,Swansea,20,01792204169,info.manorleigh@gmail.com,,Spring Meadows Care Limited,1
Fairways Newydd Nursing and Dementia Care Centre,Care Home Service,Adults With Nursing,"Nursing care for adults, Personal care for adults",Fairways Newydd,,Llanfairpwllgwyngyll,LL61 5YR,Isle of Anglesey,77,01248716400,manager.fwn@fairways.org.uk,www.fairways.org.uk,Fairways Newydd Ltd,1
Family Support Wales,Childrens Day Care,Open Access Play Provision,,"Shaw Trust, Room F17",D'arcy Business Park,Neath,SA10 6EJ,Neath Port Talbot,40,01639899978,clive.pearce@familysupportwales.co.uk,,CHILD & ADULT SUPPORT SERVICES C.I.C,1
Fast Track Childcare Solutions Ltd - Bettws Day Nursery,Childrens Day Care,Full Day Care,,Bettws Day Nursery,Bettws Road,Bridgend,CF32 8TB,Bridgend,16,01656728715,Fastrackchildcaresolutions@live.co.uk,,Fast Track Childcare Solutions Ltd,2
Fern Bungalow Care Home,Care Home Service,Adults Without Nursing,"Personal care for adults, Learning disability",Fern Bungalow,The Avenue,Ferndale,CF43 3LN,Rhondda Cynon Taf,4,01685 658486,sgriffiths@prospersupport.co.uk,,PROSPER CARE & SUPPORT LIMITED,2
Ferns Day Nursery,Childrens Day Care,Full Day Care,,Moriah House,Bedwellty Road,Bargoed,CF81 9BA,Caerphilly,77,02920108288,fernsdaynursery@gmail.com,,Ferns Day Nursery LTD,1
Ferry House,Care Home Service,Childrens Home,Personal care for children,,,Neath,,Neath Port Talbot,3,01792 963119,ferryhouse@innovative-care.co.uk,www.innovative-care.co.uk,Innovative Care Limited,1
Ferry House,Care Home Service,Childrens Home,Personal care for children,,,Neath,,Neath Port Talbot,2,07929458387,info@lighthouseresidentialhomes.co.uk,,Lighthouse Residential Homes Ltd,2
Fforest House,Care Home Service,Childrens Home,Personal care for children,,,Swansea,,Swansea,2,01792 803918,RI@togetherstrongercare.com,www.togetherstrongercare.co.uk,Together Stronger (south wales) ltd,2
Ffrindiau Bach CIC,Childrens Day Care,Full Day Care,,Ysgol Y Park Infant School,Ruthin Road,Denbigh,LL16 3ER,Denbighshire,32,01745 812989,sarah.yparc@gmail.com,,Ffrindiau Bach CIC,1
Ffrindiau Y Fali,Childrens Day Care,Full Day Care,,Ysgol Gymuned Y Fali,Lon Spencer,Holyhead,LL65 3EU,Isle of Anglesey,50,07934986833,cylchmeithrinyfali@gmail.com,,Ffrindiau Y Fali,1
Ffynnone Care Home,Care Home Service,Adults Without Nursing,"Personal care for adults, Learning disability",Ffynone,Llanboidy Road,Carmarthen,SA33 5QZ,Carmarthenshire,10,01994230183,mike@ffynnone.co.uk,www.ffynnone.co.uk,Ffynnone Care Home,1
Fieldbay Ty Newydd Ltd,Care Home Service,Adults With Nursing,"Nursing care for adults, Personal care for adults, Learning disability, Mental health",Fieldbay Ty Newydd Ltd,Crown Road,Maesteg,CF34 0LN,Bridgend,16,01656339655,kayleigh.boswell@ivolve.care,www.ivolve.care,ivolve Ty Newydd Ltd,1
First Foundations Day Nursery (Camau Tirion),Childrens Day Care,Full Day Care,,Meithrinfa Camau Tirion,First Foundations,Llanelli,SA15 3EJ,Carmarthenshire,40,01554770660,camautirion@btinternet.com,,First Foundations Nursery Ltd,1
First Steps Day Nursery (Rhos on Sea) Limited,Childrens Day Care,Full Day Care,,1 Llandudno Road,Rhos on Sea,Colwyn Bay,LL28 4TR,Conwy,56,01492541946,firststeps8@yahoo.co.uk,,First Steps Day Nursery (Rhos on Sea) Ltd,1
First Steps Day Nursery Ltd,Childrens Day Care,Full Day Care,,The Croft,Alltami Road,Buckley,CH7 3PG,Flintshire,51,01244 547990,firststepsltd@yahoo.co.uk,,First Steps Day Nursery Ltd,1
Five Oaks,Care Home Service,Adults Without Nursing,Personal care for adults,Five Oaks,,Abergavenny,NP7 9LD,Monmouthshire,6,01873858691,ben@f-care.co.uk,,Five Oaks Care Ltd,1
Flintshire Crèche Service – Aston,Childrens Day Care,Creche,,Aston Family Centre,Larch Avenue,Higher Shotton,CH5 1NF,Flintshire,34,01244823234,,,Flintshire Crèche and Childcare Service,2
Flintshire Crèche Service – Westwood,Childrens Day Care,Creche,,Westwood Early Years Centre,Tabernacle Street,Buckley,CH7 2JT,Flintshire,24,07775221310,,,Flintshire Crèche and Childcare Service,3
Florence Justice Christian Home,Care Home Service,Adults Without Nursing,Personal care for adults,Florence Justice Residential Home,19 Stow Park Circle,Newport,NP20 4HF,Newport,27,01633221800,info@florencejustice.co.uk,carehome.co.uk,Martin Phelps,1
Flowering Shrubs Nursery Cyncoed,Childrens Day Care,Full Day Care,,277 Cyncoed Road,,Cardiff,CF23 6PA,Cardiff,21,07958129385,jane@floweringshrubs.co.uk,floweringshrubs.co.uk,Flowering Shrubs Nursery Limited,1
Flowering Shrubs Trelai,Childrens Day Care,Sessional Day Care,,Trelai Primary School,Bishopston Road,Cardiff,CF5 5DY,Cardiff,28,07815204202,jane@floweringshrubs.co.uk,,Flowering Shrubs Nursery Limited,2
Flowering Shrubs Windsor Clive,Childrens Day Care,Sessional Day Care,,Windsor Clive Primary School,Grand Avenue,Cardiff,CF5 4HX,Cardiff,22,07815204202,jane@floweringshrubs.co.uk,,Flowering Shrubs Nursery Limited,3
Foel Farm Care Home,Care Home Service,Adults Without Nursing,"Personal care for adults, Learning disability",Foel Farm,,Newcastle Emlyn,SA38 9RH,Carmarthenshire,6,01239710970,lukie@foelfarm.uk,https://www.foelfarm.com,Foel Farm Care Home,1
Footsteps Nursery,Childrens Day Care,Full Day Care,,The Old Police Station,,Caerphilly,CF83 3LF,Caerphilly,47,02920880077,info@footstepsdaynursery.co.uk,www.footstepsdaynursery.co.uk,Footsteps Nurseries (Wales) Ltd,1
Forden Pre-School,Childrens Day Care,Sessional Day Care,,Forden Community Centre,Forden,Welshpool,SY21 8NE,Powys,20,07947540432,fordenplaygroup@outlook.com,,Forden Pre-School Playgroup Association,1
Forest House Residential Care Home for Adults with Learning Difficulties,Care Home Service,Adults Without Nursing,"Personal care for adults, Learning disability",2 Hafod Tudor Terrace,Wattsville,Newport,NP11 7QQ,Caerphilly,3,01495272782,dhunt4@sky.com,,Dean Hunt,1
Forest school,Childrens Day Care,Out of School Care,,Coed Parc Y Moch,Bethesda,Bangor,LL57 3DN,Gwynedd,30,,PARCYMOCH@GMAIL.COM,,Parc Coed Moch CIC,1
Forest School Holiday Club,Childrens Day Care,Out of School Care,,Seed + Root Nature School Cic,Dinefwr Park,Llandeilo,SA19 6RT,Carmarthenshire,12,,seedandrootnatureschool@gmail.com,www.seedandroot.co.uk,Seed And Root Nature School CIC,1
Forest View,Care Home Service,Adults Without Nursing,"Personal care for adults, Learning disability, Mental health",Forest View,Roch Street,Abertillery,NP13 1HF,Blaenau Gwent,3,01495321980,riverwoodhousingltd@yahoo.co.uk,,Riverwood Housing Ltd,1
Foxhunters Care Community,Care Home Service,Adults With Nursing,"Nursing care for adults, Personal care for adults",Foxhunters Care Community,Iberis Road Llanfoist,Abergavenny,NP7 9LQ,Monmouthshire,70,01873739276,leah.mort@foxhunterscc.co.uk,dormycare.co.uk,Dormy Care Communities Ltd,1
Foxtroy House,Care Home Service,Adults Without Nursing,Personal care for adults,Foxtroy House Residential Home,25 Derllwyn Road Tondu,Bridgend,CF32 9HD,Bridgend,31,01656722988,admin@foxtroyhouse.com,www.foxtroyhouse.com,Foxtroy Limited,1
Frederick House,Care Home Service,Adults Without Nursing,"Personal care for adults, Mental health",The Frederick Residential Home,Park Terrace,Merthyr Tydfil,CF47 8RF,Merthyr Tydfil,12,01685371804,hazel@livingincomfortcarehome.co.uk,www.frederickhouse.com,Kestrel Care Ltd,1
Fronhaul,Care Home Service,Adults Without Nursing,"Personal care for adults, Mental health",Fronhaul,Station Road,Carmarthen,SA33 4BQ,Carmarthenshire,16,01994230986,celine@fronhaul.uk,,Fronhaul and Brookfield Care Home Ltd,1
Fronheulog Care Home,Care Home Service,Adults Without Nursing,Personal care for adults,Fronheulog,Ithon Road,Llandrindod Wells,LD1 6AS,Powys,25,01792816600,hafal@hafal.org,www.hafal.org,Hafal,1
Fun Days Day Nursery,Childrens Day Care,Full Day Care,,2 Seabank Road,,Rhyl,LL18 1EA,Denbighshire,32,01745 350903,fundaysnursery20@gmail.com,,North Wales Childcare Ltd,1
Fun Foundations at St Illtyd School,Childrens Day Care,Full Day Care,,St. Illtyds Primary School & Nursery Unit,Station Road,Llantwit Major,CF61 1ST,Vale of Glamorgan,73,01446677900,stilltyd@funfoundations.wales,https://www.funfoundations.wales/,Fun Foundations Day Nursery Ltd,1
Fun Foundations Day Nursery,Childrens Day Care,Full Day Care,,Vale Forge,North Road,Cowbridge,CF71 7DF,Vale of Glamorgan,81,01446771117,cowbridge@funfoundations.wales,https://www.funfoundations.wales/,Fun Foundations Day Nursery Ltd,2
Fun Time Club,Childrens Day Care,Sessional Day Care,,Rofft Primary School,Wynnstay Lane Marford,Wrexham,LL12 8LA,Wrexham,24,07933201731,tempsrofft@gmail.com,https://tempsrofft.co.uk/,TEMPS,1
Funky Footsteps Day Nursery Hospital Site,Childrens Day Care,Full Day Care,,Neath Port Talbot Hospital,Baglan Way,Port Talbot,SA12 7BX,Neath Port Talbot,49,,funkyfootsteps@live.co.uk,,Funky Footsteps Day Nursery Limited,1
Funky Footsteps Saint Joseph's Catholic School Provison,Childrens Day Care,Full Day Care,,St. Joseph's Rc Infants School,Water Street,Port Talbot,SA12 6LF,Neath Port Talbot,32,01639898902,funkyfootsteps@live.co.uk,,Funky Footsteps Day Nursery Limited,2
Funtazia Day Nursery (Cwm Golau),Childrens Day Care,Full Day Care,,"Cwm Golau, Integratered Children`s Centre",Duffryn Road,Merthyr Tydfil,CF48 4BJ,Merthyr Tydfil,52,01443692222,funtazia2@btconnect.com,www.funtaziadaynursery.co.uk,Funtazia Day Nursery Ltd,2
Funtazia Day Nursery Prince Charles Hospital,Childrens Day Care,Full Day Care,,Prince Charles Hospital,,Merthyr Tydfil,CF47 9DT,Merthyr Tydfil,48,01685728557,funtazia@btconnect.com,www.funtaziadaynursery.co.uk,Funtazia Day Nursery Ltd,1
Future Stars Coaching at Coryton Primary School,Childrens Day Care,Full Day Care,,Coryton Cp School,Hollybush Estate,Cardiff,CF14 7DS,Cardiff,45,,harley.foley@futurestarscoaching.co.uk,www.futurestarscoaching.co.uk,FUTURE STARS COACHING CARDIFF LTD,2
Future Stars Coaching at Tongwynlais Primary School,Childrens Day Care,Full Day Care,,Tongwynlais Primary School,Merthyr Road Tongwynlais,Cardiff,CF15 7LF,Cardiff,45,07931905386,info@futurestarscoaching.co.uk,https://www.futurestarscoaching.co.uk/,FUTURE STARS COACHING CARDIFF LTD,1
Galltfaenan Hall,Care Home Service,Adults Without Nursing,"Personal care for adults, Learning disability, Mental health",Galltfaenan Hall,Trefnant,Denbigh,LL16 5AG,Denbighshire,32,01745730077,info@galltfaenanhall.co.uk,www.galltfaenanhall.co.uk,GALLTFAENAN HALL LTD,1
Garden City Childcare,Childrens Day Care,Sessional Day Care,,Sealand Youth Centre,Sandy Lane Garden City,Deeside,CH5 2JH,Flintshire,19,07775221449,gardencitychildcare@flintshire.gov.uk,,Flintshire Crèche and Childcare Service,1
Garden Village Childcare,Childrens Day Care,Full Day Care,,Young Persons Centre,Wats Dyke Way,Wrexham,LL11 2TE,Wrexham,50,01978363600,,,Lot 3 Ltd,1
Gardens Care Home,Care Home Service,Adults Without Nursing,"Personal care for adults, Learning disability",42 Victoria Gardens,,Neath,SA11 3BH,Neath Port Talbot,4,01639760275,garethwilliams@gardenscarehome.co.uk,,Gardens Care Limited,2
Garn Bach Tryweryn,Childrens Day Care,Full Day Care,,Ysgol Bro Tryweryn,Frongoch,Gwynedd,LL23 7NT,Gwynedd,19,07487524730,garnbachtryweryn@gmail.com,,Garn Bach Tryweryn,1
Garnant House LLP,Care Home Service,Adults Without Nursing,"Personal care for adults, Mental health",75 Cwmamman Road,Garnant,Ammanford,SA18 1ND,Carmarthenshire,21,01269825705,garnanthouse@hotmail.co.uk,garnanthouse.co.uk,Garnant House LLP,1
Garnllwyd Barns,Care Home Service,Adults Without Nursing,"Personal care for adults, Learning disability",Garnllwyd,,Barry,CF62 3AT,Vale of Glamorgan,5,01446612109,huwsparkes@elidyrct.ac.uk,elidyrct.ac.uk,Elidyr Communities Trust,1
Garth View,Care Home Service,Childrens Home,,,,Pontypridd,,Rhondda Cynon Taf,1,07301292002,megangwyer@enfyscare.co.uk,,Enfys Care Limited,2
Gelli Aur Care LTD,Care Home Service,Adults Without Nursing,"Learning disability, Mental health, Personal care for adults",Cefn Cloch,,Carmarthen,SA33 5PS,Carmarthenshire,6,01994484773,sian@gelliaurcare.onmicrosoft.com,www.gelliaurcare.co.uk,Gelli Aur Care LTD,1
Gelli Mor ,Care Home Service,Adults Without Nursing,"Personal care for adults, Learning disability, Mental health",64 Hill Mountain,,Milford Haven,SA73 1NB,Pembrokeshire,5,01646450110,colinpicton@gellimor.com,www.ty-cyfle.org.uk,Gelli Mor Ltd ,2
Gelli-Avon,Care Home Service,Childrens Home,Personal care for children,,,Pentre,,Rhondda Cynon Taf,1,07701220229,enquiries@brighterfuturescymru.com,,Brighter-Futures-Cymru ltd,2
Gibbonsdown Children`s Centre Limited,Childrens Day Care,Full Day Care,,Jubilee Hall,Ramsey Road,Barry,CF62 9DF,Vale of Glamorgan,54,01446732692,gibchildcentre@btconnect.com,,Gibbonsdown Childrens Centre Ltd,1
Gibraltar House,Care Home Service,Adults With Nursing,"Nursing care for adults, Personal care for adults, Learning disability, Mental health",Gibraltar Care Village,Gibraltar House,Monmouth,NP25 5FL,Monmouthshire,95,01600775880,ciw@gibraltarnursinghome.com,www.gibraltarnursinghome.com,Gibraltar Care Village Ltd,1
Gilfach Goch Kids R Us Playscheme,Childrens Day Care,Out of School Care,,Gilfach Goch Community Recreation Centre,Cambrian Avenue,Porth,CF39 8TG,Rhondda Cynon Taf,100,01443 675004,finance@ggca.org.uk,www.ggca.org.uk,Gilfach Goch Community Association Ltd,1
Glain House,Care Home Service,Adults With Nursing,"Nursing care for adults, Learning disability",Glain House,77-85 Newport Road,Cardiff,CF24 0AE,Cardiff,72,02920487488,heretohelp@carongroup.wales,,Glain House Ltd,1
Glais House Care Ltd ,Care Home Service,Adults With Nursing,"Nursing care for adults, Personal care for adults, Learning disability, Mental health",Glais House Care Ltd,Glais House Nursing Home,Swansea,SA7 9EN,Swansea,50,01792843915,andrea@glaishouse.com,www.glaishouse.com,GLAIS HOUSE CARE LTD ,1
"Glamorgan Care Ltd, Danygraig House",Care Home Service,Adults Without Nursing,"Personal care for adults, Mental health",Glamorgan Care Ltd,Danygraig,Porthcawl,CF36 5SR,Bridgend,48,01656788096,kerry.danygraig@mychoicehealthcare.co.uk,www.mychoicehealthcare.co.uk,Glamorgan Care Limited ,2
Glandovey Terrace,Care Home Service,Childrens Home,,,,Tredegar,,Blaenau Gwent,1,07817542785,rhodri@marblcare.co.uk,,MARBL Care LTD,2
Glanenig Residential Care Home,Care Home Service,Adults Without Nursing,Personal care for adults,Glanenig Residential Home,Bronllys Road Talgarth,Brecon,LD3 0AD,Powys,34,01874 711333,manager@glanenigcarehome.com,www.glanenigcarehome.com,Glanenig Ltd,1
Glangarnant Care Home,Care Home Service,Adults With Nursing,"Nursing care for adults, Personal care for adults",Glan Garnant,Neuadd Road,Ammanford,SA18 1UF,Neath Port Talbot,42,01269 826514,admin01@glangarnant.co.uk,www.glangarnant.co.uk,Arkash Managment  Consultants Limited,1
Glanmarlais,Care Home Service,Adults With Nursing,"Personal care for adults, Mental health",Glanmarlais Care Home,Maes Piode  Llandybie,Carmarthenshire,SA18 3YS,Carmarthenshire,74,01269839569,info.glanmarlais@paddacare.com,www.paddacare.com,PADDA CARE LTD,2
Glanmorfa Care Home Ltd,Care Home Service,Adults Without Nursing,Personal care for adults,52-54 Station Road,,Kidwelly,SA17 4UR,Carmarthenshire,24,01554890498,glanmorfacarehome@btconnect.com,www.glanmorfa.care,Glanmorfa Care Home Ltd,1
Glasallt Fawr Care Home,Care Home Service,Adults Without Nursing,"Personal care for adults, Learning disability",Glasallt Fawr,,Llangadog,SA19 9AS,Carmarthenshire,29,01550776200,info@glasllt-fawr.com,www.glasallt-fawr.com,Glasallt Fawr - Camphill Centre,1
Glascoed Ltd,Care Home Service,Adults Without Nursing,Personal care for adults,149 Conway Road,,Colwyn Bay,LL29 7NA,Conwy,10,01492533737,,,Glascoed Residential Care Home Limited,1
Glasfryn (L'Arche),Care Home Service,Adults Without Nursing,"Personal care for adults, Learning disability",Glasfryn House,Bailihelig Road,Brecon,LD3 8EB,Powys,6,01874610136,M.Pietrus@larche.org.uk,https://www.larche-brecon.org.uk/,L'Arche,1
Glasfryn House Limited,Care Home Service,Adults With Nursing,"Nursing care for adults, Personal care for adults",Glasfryn House Ltd,228-230,Swansea,SA2 0FN,Swansea,34,01792581846,manager@glasfrynhouse.co.uk,www.glasfrynhouse.co.uk,Glasfryn House Limited,1
Glasfryn Nursing & Residnential Home,Care Home Service,Adults With Nursing,"Nursing care for adults, Personal care for adults",Glasfryn Residential & Private Nursing Home,106 Felinfoel Road,Llanelli,SA15 3JS,Carmarthenshire,24,01554758049,glasfrynnh01@yahoo.co.uk,glasfrynnh01yahoo.co.uk,Glasfryn Private Nursing & Residential Home Ltd,1
Glaslyn Court Nursing Home,Care Home Service,Adults With Nursing,"Nursing care for adults, Personal care for adults, Mental health",Glaslyn Court Nursing Home,Crickhowell Road,Abergavenny,NP7 0EH,Monmouthshire,82,01873830218,vickyjenkins@glaslyncarehomes.co.uk,www.glaslyncarehomes.co.uk,Glaslyn Retirement Homes Limited,1
Glen Devon,Care Home Service,Adults Without Nursing,Personal care for adults,Glen Devon Residential Home,2-4,Rhyl,LL18 3NE,Denbighshire,30,01745341596,Amanda@glendevon-care.com,www.glendevon-care.com,SVRT Ltd,1
Glenburnie Lodge,Care Home Service,Adults With Nursing,"Nursing care for adults, Personal care for adults",Glenburnie Lodge,Port Road Wenvoe,Cardiff,CF5 6AB,Vale of Glamorgan,70,02922808445,enquiries@glenburnielodge.co.uk,glenburnielodge.co.uk,Wenvoe Opco Limited,1
Glencoe Villa,Care Home Service,Adults Without Nursing,"Personal care for adults, Learning disability",Glencoe Villa,Celyn Street,Penmaenmawr,LL34 6LP,Conwy,3,01492622644,info@glencoevilla.co.uk,https://inspiredhomesnetwork.co.uk/,Inspired Homes Network Ltd.,4
Glenmore Residential Home,Care Home Service,Adults Without Nursing,"Personal care for adults, Mental health",Glenmore Residential Home,188-190,Newport,NP20 4HB,Newport,22,01633258601,glenmore@hotmail.co.uk,,BABITA DANHAWOOR,1
Glyn Ebbw House,Care Home Service,Childrens Home,Personal care for children,,,Ebbw Vale,,Blaenau Gwent,1,01495446163,hywel.may@caloncare.co.uk,,Càlon Care Services Limited,2
Glyn Nest Trustee Company Limited,Care Home Service,Adults Without Nursing,"Personal care for adults, Mental health",Glyn Nest Residential Home,Ebenezer Street,Newcastle Emlyn,SA38 9BW,Carmarthenshire,28,01239 710950,glynnest@btinternet.com,www.glynnest.co.uk,Glyn Nest Trustee Company Limited,1
Glynbargoed Care Home,Care Home Service,Adults Without Nursing,"Personal care for adults, Mental health",Glyn Bargoed House,Glyn Bargoed Road,Treharris,CF46 6AA,Merthyr Tydfil,24,01443412905,glynbargoedhouse@btconnect.com,,Roemarsh Limited,1
Glyncornel Nursing Home,Care Home Service,Adults With Nursing,"Nursing care for adults, Personal care for adults",Glyncornel Nursing Home,Nant-y-gwyddon Road,Tonypandy,CF40 2JF,Rhondda Cynon Taf,16,01443432277,natalie.glyncornel@mychoicehealthcare.co.uk,https://www.mychoicehealthcare.co.uk,My Choice Healthcare South Wales Limited,1
Glynderwen House,Care Home Service,Adults Without Nursing,Personal care for adults,Aston Care Ltd,Glynderwen House,Swansea,SA6 5EY,Swansea,12,01792842711,glynderwen@astoncarehomes.co.uk,https://www.astoncarehomes.co.uk/care-homes/,Aston Care Ltd,2
Gnoll Nursing Home,Care Home Service,Adults With Nursing,"Nursing care for adults, Personal care for adults, Learning disability, Mental health",Gnoll Nursing Home,27 Gnoll Park Road,Neath,SA11 3BT,Neath Port Talbot,29,01639637988,gabriela@serenity-homes.org,www.serenity-homes.org,Serenity Homes Limited,1
Gofal,Childrens Day Care,Out of School Care,,Ysgol Y Berllan Deg,Circle Way East Llanedeyrn,Cardiff,CF23 9LD,Cardiff,55,07719015862,jade@mentercaerdydd.cymru,www.mentercaerdydd.cymru,Menter Caerdydd,1
Gofal Maelog,Childrens Day Care,Full Day Care,,Ysgol Pencarnisiog,Pencarnisiog,Ty Croes,LL63 5RY,Isle of Anglesey,24,01407810574,gofalmaelog@gmail.com,,Gofal Maelog,1
Gofal Plant Cwtch Childcare  Pentrebaen,Childrens Day Care,Full Day Care,,Ysgol Gymraeg Coed-y-gof,Beechley Drive,Cardiff,CF5 3SG,Cardiff,33,07954646097,pentrebaen@cwtchchildcare.co.uk,www.cwtchchildcare.co.uk,Cwtch Childcare & Nurseries Limited,1
Gofal Plant CWTCH Childcare - Fairwater,Childrens Day Care,Full Day Care,,74 Pwllmelin Road,,Cardiff,CF5 2NH,Cardiff,22,07983273135,info@cwtchchildcare.co.uk,www.cwtchcildcare.co.uk,Gofal Plant CWTCH Childcare - Fairwater Limited,1
Gofal Plant Dwylo’r Enfys,Childrens Day Care,Out of School Care,,Neuadd y Pentre,Llanbedrog,Pwllheli,LL53 7PG,Gwynedd,20,07980120833,dwylorenfys@aol.com,,Gofal Plant Dwylo’r Enfys,1
Gofal Plant Flourish Cymru Childcare,Childrens Day Care,Sessional Day Care,,Ysgol Gynradd Gymunedol Gymraeg Llantrisant,Ffordd Cefn Yr Hendy Miskin,Pontyclun,CF72 8TL,Rhondda Cynon Taf,24,,Julie.mclaughlin@flourish.cymru,,Flourish.Cymru International Ltd,3
Gofal Plant Flourish.Cymru Childcare,Childrens Day Care,Full Day Care,,Tonyrefail Primary School,Martin Crescent,Porth,CF39 8NT,Rhondda Cynon Taf,18,,,,Flourish.Cymru International Ltd,2
Gofal Plant Flourish.Cymru Childcare At Ysgol Dolau Primary School,Childrens Day Care,Full Day Care,,Dolau Primary School,Bryncae Llanharan,Pontyclun,CF72 9RP,Rhondda Cynon Taf,24,,,,Flourish.Cymru International Ltd,1
Gofal Plant Geirian Llanfechell a'r Fro,Childrens Day Care,Full Day Care,,Llanfechell Primary School,Llanfechell,Amlwch,LL68 0SA,Isle of Anglesey,18,07379707944,gofalplantgeirian@gmail.com,,Gofal Plant Geirian Llanfechell a'r Fro,1
Gofal Plant Pandy,Childrens Day Care,Full Day Care,,Ysgol Corn Hir,Ffordd Cildwrn,Llangefni,LL77 7YW,Isle of Anglesey,58,01248 572177,gofal.pandy@gmail.com,,Gofal Plant Pandy,1
Gofal Plant Tregeles,Childrens Day Care,Full Day Care,,Ysgol Gynradd Gymraeg Tregeles,St. Johns Terrace,Neath,SA10 7ND,Neath Port Talbot,20,07956199115,gofalplanttregeles@gmail.com,,Gofal Plant Tregeles ltd,1
Gofal Teg,Childrens Day Care,Full Day Care,,Ysgol Panteg,Station Road Griffithstown,Pontypool,NP4 5JH,Torfaen,40,01633873893,gofalteg@outlook.com,,Little Titans Childcare Ltd,1
Gold Stars After School Club,Childrens Day Care,Out of School Care,,Ysgol Glan Morfa,Lewis Road,Cardiff,CF24 5EB,Cardiff,40,07849632193,goldstarsafterschoolclub@outlook.com,,Gold Stars After School Club,1
Golden Grove Day Care,Childrens Day Care,Full Day Care,,Golden Grove School,Orange Way,Pembroke,SA71 4DP,Pembrokeshire,62,01646682605,Head.golden-grove@pembrokeshire.gov.uk,www.goldengroveschool.co.uk,Golden Grove Community School,1
Golden Manor Nursery,Childrens Day Care,Full Day Care,,Golden Manor Nursery,Golden Lane,Pembroke,SA71 4PR,Pembrokeshire,85,01646686829,admin@goldenmanorchildcare.co.uk,www.goldenmanornursery.com,Golden Manor Nursery Ltd,2
Golftyn After School Club,Childrens Day Care,Out of School Care,,C/O Golftyn Primary School,York Road,Flintshire,CH5 4XA,Flintshire,40,07762867388,Jonese4067@hwbcymru.net,golftyncp.wales,Golftyn Primary School,1
Golliwopsie Playgroup,Childrens Day Care,Full Day Care,,The Labour Hall,Edward Street,Pontypool,NP4 5HL,Torfaen,19,07977310314,golliwpg@hotmail.co.uk,,Golliwopsie Playgroup,1
Gower Day Nursery,Childrens Day Care,Full Day Care,,"Unit 2, Station Road",,Swansea,SA4 3XN,Swansea,37,01792851064,gowerdaynursery@gmail.com,www.gowerdaynursery.co.uk,Gower Day Nursery Ltd,1
Gower House,Care Home Service,Childrens Home,Personal care for children,,,Swansea,,Swansea,3,01792963119,gowerhouse@innovative-care.co.uk,www.innovative-care.co.uk,Innovative Care Limited,3
Grace House,Care Home Service,Childrens Home,Personal care for children,,,Shrewsbury,,Powys,4,01588650569,gracehouse@yourchapter.co.uk,yourchapter.co.uk,Your Chapter,1
Graig House ,Care Home Service,Childrens Home,Personal care for children,,,Pontyclun,,Rhondda Cynon Taf,4,07867420271,scotth@team-rainbow.co.uk,https://rainbowtherapeutic.com/,Rainbow Therapeutic Limited,3
Graig Llwyn House,Care Home Service,Childrens Home,Personal care for children,,,Cardiff,,Cardiff,4,02920753092,manager.graigllwyn@keys-group.co.uk,keys-group.co.uk,Keys NHCC Limited,4
Grange Residential Care Limited,Care Home Service,Adults Without Nursing,"Personal care for adults, Learning disability",The Grange,The Roe,St. Asaph,LL17 0LU,Denbighshire,12,01745585633,paddy@grangeresidentialcare.co.uk,https://grangeresidentialcare.co.uk/,Grange Residential Care Limited ,1
Grangelodge Residential Home Ltd,Care Home Service,Adults Without Nursing,"Personal care for adults, Mental health",Grange Lodge Residential Home Ltd,49-57 Clive Street,Cardiff,CF11 7HL,Cardiff,32,02920235414,grangelodgeltd@outlook.com,www.grangelodgeresidentialhome.com,Grangelodge Residential Home Ltd,1
Greenfield playgroup,Childrens Day Care,Sessional Day Care,,Community Centre,School Lane Greenfield,Holywell,CH8 7HR,Flintshire,25,07593864016,Greenfieldplaygroup@gmail.com,,Greenfield playgroup,1
Greenfields Nursery Blackwood,Childrens Day Care,Full Day Care,,10 Bridge Street,,Blackwood,NP12 1AX,Caerphilly,68,01495983789,blackwood@greenfields-nursery.com,www.greenfields-nursery.com,Greenfields Nursery Blackwood Limited,1
Greenfields Nursery Tir-Y-Berth,Childrens Day Care,Full Day Care,,Tir Y Berth Primary School,New Road Tir-y-berth,Hengoed,CF82 8AU,Caerphilly,17,,tir-y-berth@greenfields-nursery.com,,Roberts-Jones LTD,1
Gresford Governors' Clubs & Playgroup,Childrens Day Care,Full Day Care,,The Cedar Rooms,All Saints School,Wrexham,LL12 8RW,Wrexham,100,01978 852342,,https://www.gresfordallsaints.co.uk/page/?title=Wrap+Around+Care&pid=175,Gresford Governors' Clubs & Playgroup,1
Grianan,Care Home Service,Childrens Home,Personal care for children,,,Tredegar,,Blaenau Gwent,1,07780062870,dallen@plcl.org.uk,phoenixlearningcare.co.uk,Phoenix Child Care Ltd,4
Griffin House,Care Home Service,Childrens Home,Personal care for children,,,Ebbw Vale,,Blaenau Gwent,6,01495306332,jp.hodgkinson@sicswales.co.uk,,SICS GOFAL CYMRU cyf,2
Gwendraeth House,Care Home Service,Adults Without Nursing,"Personal care for adults, Learning disability, Mental health",14 Craig Y Llety,Upper Tumble,Llanelli,SA14 6BZ,Carmarthenshire,3,01269608947,info@tygofal.co.uk,www.tygofal.co.uk,Ty Gofal LTD ,3
Gwenfro Tots,Childrens Day Care,Sessional Day Care,,Gwenfro Portacabin,Queensway Industrial Estate,Wrexham,LL13 8UW,Wrexham,24,01978353967,Gwenfro@caiapark.org,,Caia Park Partnership Ltd,2
Gwernllwyn Care Home,Care Home Service,Adults With Nursing,"Nursing care for adults, Personal care for adults",Gwernllwyn Care Home,Llandeilo Road Cross Hands,Llanelli,SA14 6RD,Carmarthenshire,68,01269 845214,info@gwernllwyncarehome.co.uk,https://gwernllwyncarehome.co.uk/en/home/,Gwernllwyn Leisure Limited,1
Gwyddfor Residential,Care Home Service,Adults Without Nursing,,Gwyddfor Care Home,Bodedern,Holyhead,LL65 3PD,Isle of Anglesey,28,07879955919,kayode@gwyddfor.com,www.gwyddfor.com,Gwyddfor Residential Ltd,1
Gwynfa,Care Home Service,Adults Without Nursing,"Personal care for adults, Learning disability, Mental health",Gwynfa,,Llanbedr,LL45 2LE,Gwynedd,6,01341241698,gwynfa.ljc@btconnect.com,www.lewisjonescare.co.uk,Lewis Jones Care Ltd,1
Gwynfa Lodge Residential Home,Care Home Service,Adults Without Nursing,"Personal care for adults, Mental health",Gwynfa Lodge Care Home,Bontnewydd,Caernarfon,LL54 7YH,Gwynedd,20,01286830414,inspirations03@gmail.com,www.gwynfalodgecare.com,Skyline Care Ltd,2
Gwynfa Residential Home,Care Home Service,Adults Without Nursing,Personal care for adults,Gwynfa Residential Home,North Road,Caernarfon,LL55 1BE,Gwynedd,23,01286676609,inspirations03@gmail.com,www.gwynfaresidentialcare.com,Skyline Care Ltd,3
Hafan,Care Home Service,Adults Without Nursing,"Personal care for adults, Learning disability, Mental health",17 Langford Road,Johnston,Haverfordwest,SA62 3PS,Pembrokeshire,4,01437 723343,info@silverspringssupport.co.uk,,Silver Springs Support Ltd,3
Hafan Fach Abertridwr,Childrens Day Care,Full Day Care,,Cwmaber Infant School,Bryngelli Terrace Abertridwr,Caerphilly,CF83 4FF,Caerphilly,19,,,,Pitter Patter Play Ltd,4
Hafan Hael Bettws,Childrens Day Care,Full Day Care,,Nursery Building - Private Provision - Ysgol Gymraeg Ifor Hael,Meon Close Bettws,Newport,NP20 7DU,Newport,30,,hello@pitterpatterplay.co.uk,,Pitter Patter Play Ltd,1
Hafan y Coed Care Home,Care Home Service,Adults With Nursing,"Nursing care for adults, Personal care for adults",Nightingale Court,,Llanelli,SA15 1HU,Carmarthenshire,107,01554777775,HafanyCoed.GM@barchester.com,www.barchester.com,Barchester Healthcare Homes Limited,3
Hafod House Rest Home,Care Home Service,Adults Without Nursing,Personal care for adults,Hafod Ruabon,,Wrexham,LL14 6HF,Wrexham,25,01978845442,hafod.manager@surecaregroup.com,www.surecaregroup.com,Sure Care (UK) Ltd,2
Hafod Wen,Care Home Service,Childrens Home,"Nursing care for children, Personal care for children, Learning disability, Mental health",,,Merthyr Tydfil,,Merthyr Tydfil,4,01685373822,scotth@team-rainbow.co.uk,https://rainbowtherapeutic.com/,Rainbow Therapeutic Limited,1
Hafod Y Green,Care Home Service,Adults With Nursing,Nursing care for adults,Hafod Y Green Nursing Home,Trefnant,Denbigh,LL16 4UN,Denbighshire,34,01745730555,hafodmanager@select-group.co.uk,www.selecthealthcaregroup.com,Hafod Y Green Care Limited,1
Hafod y Wern Playgroup,Childrens Day Care,Sessional Day Care,,Hafod y Wern School,,Wrexham,LL13 9HD,Wrexham,56,07877707841,Hafod.FlyingStart@caiapark.org,,Caia Park Partnership Ltd,1
Halkyn Mountain Kids Club,Childrens Day Care,Out of School Care,,Rhos Helyg Cp School,Village Road,Mold,CH7 6PJ,Flintshire,40,07591239511,Halkynmountainkidsclub@gmail.com,https://www.ysgolrhoshelyg.com/halkyn-mountain-kids-afterschool-club-and-holiday-/,Halkyn Mountain Kids Club,1
Hallmark Greenhill Manor Luxury Care Home,Care Home Service,Adults With Nursing,"Nursing care for adults, Personal care for adults",Greenhill Manor Care Home,,Merthyr Tydfil,CF48 4BE,Merthyr Tydfil,120,01685721046,Greenhill.Enquiries@hallmarkcarehomes.co.uk,www.hallmarkcarehomes.co.uk,Hallmark Care Homes (Merthyr) Limited,1
Hallmark Penylan House Luxury Care Home,Care Home Service,Adults With Nursing,Nursing care for adults,Penylan House Care Home,Penylan House,Cardiff,CF23 5YG,Cardiff,75,02920 434839,Penylan.Enquiries@hallmarkcarehomes.co.uk,www.hallmarkcarehomes.co.uk,Hallmark Care Homes (Penylan House) Limited,1
Hallmark Regency House Luxury Care Home,Care Home Service,Adults With Nursing,"Nursing care for adults, Personal care for adults",Mill Road,Ely,Cardiff,CF5 4AE,Cardiff,73,02920566000,Regency.Enquiries@hallmarkcarehomes.co.uk,www.hallmarkcarehomes.co.uk,Hallmark Care Homes (Cardiff) Limited,1
Hallmark Shire Hall Luxury Care Home,Care Home Service,Adults With Nursing,"Nursing care for adults, Personal care for adults",Shire Hall Care Home,Overstone Court,Cardiff,CF10 5NT,Cardiff,99,02920537800,Shire.Enquiries@hallmarkcarehomes.co.uk,www.hallmarkcarehomes.co.uk,Hallmark Care Homes (Bute Town) Limited,1
Hallmark Ty Enfys Luxury Care Home,Care Home Service,Adults With Nursing,"Nursing care for adults, Personal care for adults",Ty Enfys,Marle Close,Cardiff,CF23 7EP,Cardiff,101,02920548920,Tyenfys.Enquiries@hallmarkcarehomes.co.uk,www.hallmarkcarehomes.co.uk,Hallmark Care Homes (Pentwyn) Limited,1
Hallmark Ty Porth Luxury Care Home,Care Home Service,Adults With Nursing,"Nursing care for adults, Personal care for adults",Ty Porth Care Home,Cemetery Road,Porth,CF39 0BH,Rhondda Cynon Taf,83,01443680011,Typorth.Enquiries@hallmarkcarehomes.co.uk,www.hallmarkcarehomes.co.uk,Hallmark Care Homes (Porth) Limited,1
Han Y Bont Residential Childrens Home,Care Home Service,Childrens Home,Personal care for children,,,Llanelli,,Carmarthenshire,3,01554897206,tomos@freshstartcare.org,www.freshstartcareltd.com,Freshstart Care Ltd,1
Hanbury House,Care Home Service,Childrens Home,Personal care for children,,,Cwmbran,,Torfaen,2,07871660252,Kerry.Wade@hanbury-care.com,hanbury-care.com,Hanbury Care LTD,2
Hanmer Playgroup Plus,Childrens Day Care,Full Day Care,,St. Chads V A School,Hanmer,Whitchurch,SY13 3DG,Wrexham,16,01948830238,playgrouphanmer@gmail.com,,Hanmer Playgroup Plus,1
Hanter House,Care Home Service,Childrens Home,Personal care for children,,,Presteigne,,Powys,4,07876791927,mike.ore@cambiangroup.com,cambiangroup.com,Cambian Childcare Ltd ,2
Happitots and Tinytots,Childrens Day Care,Sessional Day Care,,Welshpool Church In Wales Primary School,Salop Road,Welshpool,SY21 7FA,Powys,44,01938538660,office@welshpool.powys.sch.uk,https://welshpoolprimary.weebly.com/,Welshpool Church In Wales Primary School,1
Happy Bees Day Nursery,Childrens Day Care,Full Day Care,,36/37 Fox Street,Treharris,Merthyr Tydfil,CF46 5HE,Merthyr Tydfil,32,01443 709492,happybeesdaynursery@gmail.com,,Happy Bees Day Nursery Limited,1
Happy Days,Childrens Day Care,Full Day Care,,Plas Pentwyn,Castle Road Coedpoeth,Wrexham,LL11 3NU,Wrexham,32,01978722994,happydayscoedpoeth@hotmail.co.uk,,Happy Days Childcare,1
Happy Days Child Care Centre,Childrens Day Care,Full Day Care,,Building 111,Milford Marina,Milford Haven,SA73 3AA,Pembrokeshire,75,01646697575,milford@happydayschildcare.co.uk,www.happydayschildcare.co.uk,Happy Days Child Care (Wales) Ltd,1
Happy Days Childcare Rhyl Ltd,Childrens Day Care,Full Day Care,,115 Russell Road,,Rhyl,LL18 3NR,Denbighshire,104,01745332930,happydayschildcareltd@hotmail.com,,Happy Days Childcare Rhyl Ltd,1
Happy Dayz Nursery Limited,Childrens Day Care,Full Day Care,,The Old Colliers Arms Tavern,Lower Forest Level,Newtown,CF45 4HP,Rhondda Cynon Taf,45,01443474446,happydayznurseryltd@yahoo.co.uk,www.happydayznursery.co.uk,Happy Dayz Nursery Ltd,1
Happy Hedgehogs Childcare,Childrens Day Care,Full Day Care,,Ysgol Mynydd Isa,Bryn Road Bryn-y-baal,Mold,CH7 6RY,Flintshire,150,01352752714,HappyHedgehogs5@hwbcymru.net,,Happy Hedgehogs Childcare,1
Happy Little Dragons,Childrens Day Care,Full Day Care,,Brynna Community Centre,Church Street Brynna,Pontyclun,CF72 9QP,Rhondda Cynon Taf,30,07491331425,admin@happylittledragons.co.uk,www.happylittledragons.co.uk,Happy Little Dragons LTD,1
Harbour House,Care Home Service,Childrens Home,,,,Fishguard,,Pembrokeshire,1,07887781263,mikinda.hawkins@alchemy-care.co.uk,,Alchemy Care in Wales Ltd,1
Harmony House,Care Home Service,Childrens Home,"Learning disability, Mental health",,,Mold,,Flintshire,3,07561702569,kirstie@blisscareservices.co.uk,http://blisscareservices.co.uk/,Bliss Care and Support Services Ltd,1
Harvest Care Home ,Care Home Service,Adults Without Nursing,"Personal care for adults, Learning disability, Mental health",Tiers Cross,,Haverfordwest,SA62 3SB,Pembrokeshire,15,01437765368,Wwcare2005@aol.com,,West Wales Care Ltd.,1
Haulfryn Care Limited,Care Home Service,Adults Without Nursing,,Haulfryn Care Ltd,Cymau,Wrexham,LL11 5ER,Flintshire,23,01978762203,info@haulfryn-care.co.uk,http://www.haulfryn-care.co.uk/,Haulfryn Care Limited,1
Haven House Residential Care Home,Care Home Service,Adults Without Nursing,"Personal care for adults, Learning disability",2 Pentre Street,,Cardiff,CF11 6QX,Cardiff,15,02920253176,info@crscare.com,,CRS CARE LIMITED,2
Hawkesbury Pre-school Playgroup,Childrens Day Care,Full Day Care,,Hawkesbury Community Centre,Mill Lane,Buckley,CH7 3HA,Flintshire,19,01244541327,hawkesburyplaygroupbuckley@gmail.com,,Hawkesbury Pre-School Playgroup,1
Hawthorn Court Residential Care Home,Care Home Service,Adults Without Nursing,"Personal care for adults, Mental health",Hawthorn Court Care Home,12 Bayswater Road Sketty,Swansea,SA2 9HA,Swansea,24,01792201427,teri.hawthorncourt@mychoicehealthcare.co.uk,www.mychoicehealthcare.co.uk,Hawthorn Court Care Ltd,1
Hayes Healthcare Limited (Trading as Conifers Care Home),Care Home Service,Adults Without Nursing,Personal care for adults,Stryt Las,Ruabon,Wrexham,LL14 6RB,Wrexham,27,01978447470,saqibhashim@hotmail.com,,Hayes Healthcare Limited,2
Hazelhurst Nursing Home,Care Home Service,Adults With Nursing,"Nursing care for adults, Personal care for adults, Learning disability, Mental health",Sully Road,,Penarth,CF64 2TP,Vale of Glamorgan,41,02920704808,info@broadwaycare.co.uk,broadwaycare.wales,HAZELHURST NURSING HOME (PENARTH) LTD,1
Heath House Residential Home,Care Home Service,Childrens Home,Personal care for children,,,Cardiff,,Cardiff,4,02920 761425,alex.bartley@basesupport.co.uk,,BASE Support Services Ltd,3
Heatherslade residential home,Care Home Service,Adults Without Nursing,"Personal care for adults, Mental health",Heatherslade Residential Home,1 West Cliff Southgate,Swansea,SA3 2AN,Swansea,20,01792233328,sharon@theheatherslade.co.uk,theheatherslade.co.uk,Heatherslade Hotel Ltd,1
Heathfield Lodge Ltd,Care Home Service,Adults Without Nursing,"Personal care for adults, Learning disability, Mental health",Heathfield Lodge,35 Heathfield,Swansea,SA1 6EJ,Swansea,16,01792646840,Heather.Carr@ivolve.care,www.ivolve.care,Heathfield Lodge Limited,1
Heathfields Residential Home,Care Home Service,Adults Without Nursing,"Personal care for adults, Mental health",27 Merthyr Mawr Road,,Bridgend,CF31 3NN,Bridgend,22,01656668586,manager@heathfields.uk,www.heathfields.uk,Heathfields Residential Homes Ltd,1
Heddfan,Care Home Service,Adults Without Nursing,"Personal care for adults, Learning disability",Heddfan,,Whitland,SA34 0NN,Pembrokeshire,5,01834831411,admin@carninglitrust.org,https://www.carninglitrust.org/,CARNINGLI TRUST (THE),2
Heddfan residential Home,Care Home Service,Adults Without Nursing,"Learning disability, Personal care for adults",Heddfan Residential Home,101a,Merthyr Tydfil,CF48 1TD,Merthyr Tydfil,5,07734105237,Ruthparkertb@gmail.com,heddfancarehome.co.uk,Marilyn Murray,1
Hendy Day Care,Childrens Day Care,Out of School Care,,Hendy County Primary School,Iscoed Road Pontarddulais,Swansea,SA4 0XD,Carmarthenshire,40,,derya_warrington@hotmail.co.uk,,Hendy Day Care,1
Hengoed Court Care Home,Care Home Service,Adults With Nursing,"Nursing care for adults, Personal care for adults, Mental health",Vitrose Ltd,Cefn Hengoed Road Winch Wen,Swansea,SA1 7LQ,Swansea,114,01792 797265,management@hengoedcourt.co.uk,www.hengoedcourt.co.uk,Hengoed Court Care Home Limited,1
Hengoed Park Care Home,Care Home Service,Adults Without Nursing,"Personal care for adults, Mental health",Hengoed Park Care Home,Cefn Hengoed Road Winch Wen,Swansea,SA1 7LQ,Swansea,149,01792 797245,management@hengoedcourt.co.uk,www.hengoedcare.co.uk,Hengoed Park (Swansea) Ltd,1
Henllys,Care Home Service,Childrens Home,Personal care for children,,,Colwyn Bay,,Conwy,4,07834353991,timrepin@astarsupportservices.co.uk,www.astarsupportgroup.co.uk,Puffin House Residential Ltd,1
Heol Don Care Home,Care Home Service,Adults With Nursing,Nursing care for adults,Heol Don Care Home,Heol Don,Cardiff,CF14 2AU,Cardiff,78,02920528060,Keyly.scott@bupa.com,www.bupa.co.uk/care-services/care-homes/heol-don-cardiff,Bupa Care Homes (ANS) Limited,1
Here We Grow,Childrens Day Care,Full Day Care,,The College Merthyr Tydfil,,Merthyr Tydfil,CF48 1AR,Merthyr Tydfil,72,01685 726116,a.park@merthyr.ac.uk,www.merthyr.ac.uk,Merthyr Tydfil College Limited,1
Hermitage House Care Home Limited,Care Home Service,Adults Without Nursing,"Personal care for adults, Mental health",The Hermitage,Salop Road,Welshpool,SY21 7EP,Powys,33,01938 554324,Info@hermitagehome.co.uk,www.hermitagehome.co.uk,Hermitage House Care Home Limited ,1
High Flyers,Childrens Day Care,Sessional Day Care,,Dafen CP School,Lon Yr Ysgol,Llanelli,SA14 8LL,Carmarthenshire,10,07519366007,camautirion@btinternet.com,,First Foundations Nursery Ltd,3
High Pastures Nursing Home,Care Home Service,Adults With Nursing,Nursing care for adults,High Pastures Nursing Home,Pentywyn Road Deganwy,Conwy,LL31 9YT,Conwy,44,01492581402,sarah.zahid@highpastures.co.uk,,High Pastures Nursing Home limited,1
Highfields Nursing Home,Care Home Service,Adults With Nursing,"Nursing care for adults, Personal care for adults",Highfield Nursing Home,Highfields Lane,Blackwood,NP12 1SG,Caerphilly,39,01495225221,mrkhan.highfields@yahoo.co.uk,https://www.highfieldscarehomewales.co.uk/,Hartpark Ltd,1
Highgate Day Nursery,Childrens Day Care,Full Day Care,,Highgate Day Nursery,55 Glanmor Road Uplands,Swansea,SA2 0QA,Swansea,62,01792298080,info@highgatedaynursery.co.uk,www.highgatedaynursery.co.uk,Julie Llewellyn Limited,1
Highgate Day Nursery - Morriston,Childrens Day Care,Full Day Care,,Hospital Drive,Heol Maes Eglwys,Swansea,SA6 6NN,Swansea,124,01792310404,info@highgatedaynursery.co.uk,www.highgatedaynursery.co.uk,Julie Llewellyn Limited,2
Highgrove Residential Home,Care Home Service,Adults Without Nursing,"Personal care for adults, Learning disability, Mental health",Highgrove,Hawthorn Rise,Haverfordwest,SA61 2BA,Pembrokeshire,30,07976536926,Highgrove.residential@yahoo.com,,Highgrove Residential Care Ltd,1
Highway Playdays Nursery,Childrens Day Care,Full Day Care,,Highway Methodist Community Rooms,The Highway,Deeside,CH5 3DN,Flintshire,19,01244520259,highwayplaydays@gmail.com,,Highway Playdays Nursery,1
Hill Top,Care Home Service,Childrens Home,Personal care for children,,,Llanelli,,Carmarthenshire,4,07976879874,lee@progressus-care.com,,Progressus Care LTD,1
Hill Tots House Nursery,Childrens Day Care,Full Day Care,,Enterprise Centre,Blast Road,Wrexham,LL11 5BT,Wrexham,36,07886278738,nursery.manager@btrt.co.uk,,Brymbo and Tanyfron Regeneration Trust,1
Hill View Care Home Ltd,Care Home Service,Adults Without Nursing,Personal care for adults,Hill View Care Home,Commercial Street,Bargoed,CF81 9BU,Caerphilly,34,01443803493,admin@hillviewcarehome.co.uk,,HILL VIEW CARE HOME LIMITED,1
Hillcroft Residential Care Home,Care Home Service,Adults Without Nursing,Personal care for adults,Hillcroft Residential Home,9-11,Cardiff,CF5 2AJ,Cardiff,25,02920563669,hillcroft@farringtoncare.com,farringtoncare.com,Hillcroft Residential Care Home Limited,1
Hillsboro Residential Care Home,Care Home Service,Adults Without Nursing,Personal care for adults,Hillsboro Residential Home,Neptune Road,Tywyn,LL36 9ET,Gwynedd,5,01654712170,hillsborocarehome@yahoo.com,,Megan Bartlett,1
Hillside,Care Home Service,Adults Without Nursing,"Personal care for adults, Mental health",15 Graigwen Place,,Pontypridd,CF37 2HU,Rhondda Cynon Taf,6,01443400885,info@ucancare.com,https://www.ucancare.com,Ucan Care Limited,2
Hillside Care Home,Care Home Service,Adults With Nursing,"Nursing care for adults, Personal care for adults",Hillside Carehome,Ffynone Road,Swansea,SA1 6DE,Swansea,58,01792989200,enquiries@jupitercare.com,www.jupitercare.com,Jupiter Care Ltd,1
Hillside Holiday Hub,Childrens Day Care,Out of School Care,,Penygloddfa Cp School,School Lane,Newtown,SY16 2DF,Powys,35,,,,Hillside Holiday Hub Ltd,1
Hillstone House,Care Home Service,Adults Without Nursing,"Personal care for adults, Learning disability, Mental health",59 Colcot Road,,Barry,CF62 8HL,Vale of Glamorgan,8,01446742281,office@ahcare.co.uk,https://amethysthealthcare.co.uk,Amethyst Healthcare Ltd,4
Hiraddug Childcare,Childrens Day Care,Full Day Care,,Ysgol Hiraddug,Thomas Avenue,Dyserth,LL18 6AN,Denbighshire,75,07500461306,hiraddug.playgroup@gmail.com,www.hiraddugplaygroup.co.uk,Hiraddug Childcare,1
Hiraeth House,Care Home Service,Adults Without Nursing,Mental health,77 Mansel Street,,Swansea,SA1 5TW,Swansea,6,01792921150,hiraethmanager@empowersupport.co.uk,www.empowersupport.co.uk,Empower Support Limited,1
Holland Street,Care Home Service,Childrens Home,Personal care for children,,,Ebbw Vale,,Blaenau Gwent,3,01495 444310,rhodri@marblcare.co.uk,,MARBL Care LTD,1
Hollies Care Home,Care Home Service,Adults With Nursing,"Nursing care for adults, Personal care for adults",The Hollies Care Home,98 Merthyr Road,Pontypridd,CF37 4DG,Rhondda Cynon Taf,44,01443400644,holliesoffice@silvercrestcare.co.uk,www.silvercrestcare.co.uk,Silvercrown Care Homes (Pontypridd) LTD,1
Hollybank Care Home,Care Home Service,Adults Without Nursing,Personal care for adults,Hollybank Home Care,Shotton Lane Shotton,Deeside,CH5 1QS,Flintshire,22,01244 811329,enquiries@hollybankcarehome.co.uk,https://www.hollybankcarehome.co.uk/,HOLLYBANK RESIDENTIAL CARE HOME LTD,1
Hollybank Care Home Ltd,Care Home Service,Adults Without Nursing,"Personal care for adults, Mental health",121 Saxon Street,,Wrexham,LL13 7BB,Wrexham,21,01978350035,sarah.evans@hollybankwrexham.co.uk,,HOLLYBANK CARE HOME LTD,1
Hollylodge Residential Home,Care Home Service,Adults Without Nursing,"Personal care for adults, Mental health",Hollylodge Residential Home,1 Ton Road,Cwmbran,NP44 7LF,Torfaen,29,01633866326,hollylodge@virgocarehomes.com,www.virgocarehomes.com,Virgo Care Homes Ltd,2
Holt Cool Cats Out Of School Club,Childrens Day Care,Out of School Care,,Holt Cp School,Chapel Street Holt,Wrexham,LL13 9DJ,Wrexham,24,,,,Holt Cool Cats Out of School Club,1
Holt Under Fives Playgroup and Toddlers,Childrens Day Care,Full Day Care,,Chapel Street,,Holt,LL13 9DJ,Wrexham,19,07803045024,holtunderfivesplaygroup@gmail.com,,Holt Under Fives Playgroup & Toddlers,1
Holywell Child Care Ltd,Childrens Day Care,Full Day Care,,Old Bagillt Road,,Holywell,CH6 6JB,Flintshire,45,01352713929,holywellchildcareltd@gmail.com,www.holywellchildcare.co.uk,Holywell Child Care Ltd,1
Home Address Ltd,Care Home Service,Adults Without Nursing,"Personal care for adults, Learning disability",7 Vergam Terrace,,Fishguard,SA65 9DD,Pembrokeshire,6,01348 874056,Amybvergamterrace@hotmail.com,www.vergamterrace.cymru,Home Address Ltd,2
Home From Home Children`s Day Nursery Ltd,Childrens Day Care,Full Day Care,,Bethlehem Chapel,Mount Pleasant,Rhondda,CF39 0DF,Rhondda Cynon Taf,68,07967753308,info@homefromhomechildrensdaynursery.co.uk,www.homefromhomechildrensdaynursery.co.uk,Home From Home Children`s Day Nursery Ltd,1
Honeyhome,Care Home Service,Adults Without Nursing,"Personal care for adults, Learning disability",Honeyhome,,Milford Haven,SA73 3UF,Pembrokeshire,5,01646698063,sharonlozz@btinternet.com,www.honeyhome.co.uk,sharon davies,1
Hoots Before and After School Club Ltd,Childrens Day Care,Full Day Care,,Hoots Childcare Centre,Alltwen Primary School,Pontardawe,SA8 3AB,Neath Port Talbot,19,07990 653708,,,Hoots Before and After School Club Ltd,1
Hope After School Club and Holiday Club,Childrens Day Care,Out of School Care,,Ysgol Estyn,Hawarden Road,Wrexham,LL12 9NL,Flintshire,40,01978761819,abcgwastad@gmail.com,hopeholidayclub.co.uk,ABC  Daycare Nursery Ltd,2
Hope Day Nursery,Childrens Day Care,Full Day Care,,Hope Church,Dolfor Road,Newtown,SY16 1JD,Powys,49,01686626255,nursery@hopenewtown.org,,Hope Day Nursery C.I.C,1
Hope Pre-School Playgroup,Childrens Day Care,Sessional Day Care,,Ysgol Estyn Community School,Hawarden Road,Hope,LL12 9NL,Flintshire,25,,,,Hope Pre-School Playgroup,1
Hopscotch House,Care Home Service,Childrens Home,"Personal care for children, Learning disability",,,"Blackwood, Caerphilly",,Caerphilly,4,02030511054,Director@pathways-2-the-future.co.uk,https://pathways-2-the-future.co.uk/,Pathway 2 The Future Ltd,1
Hopscotch Nursery,Childrens Day Care,Full Day Care,,Gilwern Primary School,Cae Meldon Gilwern,Abergavenny,NP7 0AY,Monmouthshire,30,07935335663,hopscotchnursery@gmail.com,,Hopscotch Nursery,1
Howells Prep School,Childrens Day Care,Out of School Care,,Howells School,Cardiff Road,Cardiff,CF5 2YD,Cardiff,70,02920562019,nicola.tummon@how.gdst.net,www.howells-cardiff.gdst.net,The Girls' Day School Trust,1
Hub Wildlings,Childrens Day Care,Full Day Care,,Coed Llwynonn,,Llanfairpwllgwyngyll,LL61 6DQ,Isle of Anglesey,18,07482790247,hub-wildlings@outlook.com,,Calon Y Coed Community Hub CIC,1
Hullah Farm,Care Home Service,Adults Without Nursing,"Personal care for adults, Learning disability",Hullah Farm,Cefn Road Abenbury,Wrexham,LL13 9TT,Wrexham,10,03309121680,ryansandick@fairparkcare.com,www.fairparkcare.com,Fairpark Care Limited,1
Hwyl a Sbri Meithrinfa Ddydd Ddwy Ieuthog Bilingual Day Nursery,Childrens Day Care,Full Day Care,,17 New Road,,Llanelli,SA15 3DP,Carmarthenshire,32,01554752580,hwylasbri17@yahoo.com,infohwylasbri.com,Hwyl a Sbri Ltd,1
Hyland Residential Home Ltd ,Care Home Service,Adults Without Nursing,"Personal care for adults, Learning disability",Hyland,Druid Road,Menai Bridge,LL59 5BY,Isle of Anglesey,5,01248858338,hylands@me.com,hylandresidentialhome.uk,Hyland Residential Home Ltd ,1
Ingleside,Care Home Service,Childrens Home,"Personal care for children, Learning disability, Mental health",,,Colwyn Bay,,Conwy,4,01492 530381,tnhutchinson@rydalpenrhos.com,www.mountcareresidential.com,Mountcare Residential Limited,1
Innovate Trust Respite Service(Short Stay Service),Care Home Service,Adults Without Nursing,"Personal care for adults, Learning disability",66 Hamilton Street,,Cardiff,CF11 9BQ,Cardiff,4,02920212516,info@innovate-trust.org.uk,https://innovate-trust.org.uk,Innovate Trust Ltd,3
Interplay @ Crug-Glas,Childrens Day Care,Out of School Care,,Ysgol Crug Glas,Croft Street,Swansea,SA1 1QA,Swansea,70,01792561119,info@interplay.org.uk,https://www.interplay.org.uk/interplay-projects,Interplay (Intergrated Play and Leisure),2
Interplay @ The Play Hwb,Childrens Day Care,Out of School Care,,Interplay Intergrated Play & Leisure,7 Llangwm Penlan,Swansea,SA5 7JT,Swansea,25,01792561119,info@interplay.org.uk,,Interplay (Intergrated Play and Leisure),1
Isgoed,Care Home Service,Childrens Home,Personal care for children,,,Cardiff,,Cardiff,4,07885397269,manager.isgoed@keys-group.co.uk,,Keys NHCC Limited,1
Jah Jireh Charity Homes (Wales),Care Home Service,Adults Without Nursing,Personal care for adults,Jah Jireh Care Home,Llwydcoed,Aberdare,CF44 0LX,Merthyr Tydfil,51,01685 384444,Merthyr@jah-jireh.org,www.jah-jireh.org,Jah Jireh Charity Homes,1
James House,Care Home Service,Adults Without Nursing,"Personal care for adults, Learning disability, Mental health",Heathcliffe Social Club,93 Heathfield,Swansea,SA1 6EL,Swansea,11,07762193355,jay.bailey@arc-care.co.uk,arc-care.co.uk,Abertawe Residential Care Ltd,3
James Street Bungalow,Care Home Service,Adults Without Nursing,"Personal care for adults, Learning disability",76 James Street,Markham,Blackwood,NP12 0QP,Caerphilly,3,07388 445902,sgriffiths@prospersupport.co.uk,,PROSPER CARE & SUPPORT LIMITED,3
Jeffreyston Playstation,Childrens Day Care,Full Day Care,,St Oswalds Community Centre,The Rectory Field,Kilgetty,SA68 0SG,Pembrokeshire,16,01646 651530,jeffreystonplay@gmail.com,,Jeffreyston Playstation,1
Jellitotz Day Nursery,Childrens Day Care,Sessional Day Care,,Morfa Primary School,Olive Street,Llanelli,SA15 2AP,Carmarthenshire,20,,,,Connecting Youth Children's Adults,1
Jigsaw Afterschool CIC,Childrens Day Care,Out of School Care,,Sandycroft Cp School,Leaches Lane Mancot,Deeside,CH5 2EH,Flintshire,40,01244532083,,https://www.ysgolsandycroftschool.co.uk/jigsaw-after-school-cic/,Jigsaw Afterschool CIC,1
Jigsaw Pre School Playgroup Ltd,Childrens Day Care,Full Day Care,,Bryn Deva School,Linden Avenue,Connah`s Quay,CH5 4SN,Flintshire,50,01244830080,,,Jigsaw Pre School Playgroup Ltd,1
Jigsaw Preschool,Childrens Day Care,Full Day Care,,New Life Church,St. Johns Offices Fiveways,Llandrindod Wells,LD1 5ES,Powys,40,01597822592,jigsawpreschool@gmail.com,,Life Link Llandrindod,1
Jigsaw Wrexham Ltd,Childrens Day Care,Full Day Care,,Black Lane Cp School,Long Lane Pentre Broughton,Wrexham,LL11 6BT,Wrexham,19,07805882428,jigsawwrexham@yahoo.com,,Jigsaw Wrexham LTD,1
Joio Casllwchwr,Childrens Day Care,Full Day Care,,Casllwchwr Primary School,Castle Street Loughor,Swansea,SA4 6TU,Swansea,60,,joiocasllwchwr@gmail.com,,Meithrinfa Joio Day Nursery Ltd,2
Jubilee Playgroup,Childrens Day Care,Sessional Day Care,,Jubilee Hall,Smithies Avenue,Penarth,CF64 5SS,Vale of Glamorgan,32,07521820232,jubileeplaygroup1@icloud.com,www.jubileeplaygroup.co.uk,Jubilee Playgroup,1
Jumping Jacks,Childrens Day Care,Out of School Care,,Ysgol Rhiwabon,Pont Adam Ruabon,Wrexham,LL14 6BT,Wrexham,32,07543455965,Jumpingjacks2024@outlook.com,,Jumping Jacks,1
Kate's Day Nursery Ltd,Childrens Day Care,Full Day Care,,115 Mold Road,Mynydd Isa,Mold,CH7 6TG,Flintshire,37,01352751195,admin@katesdaynursery.com,,Kate's Day Nursery Ltd,1
Kellis,Care Home Service,Adults Without Nursing,Learning disability,Berllanlwyd Street,,Hengoed,CF82 8DE,Caerphilly,3,01443 821164,shanepocock@partnershipofcare.co.uk,www.partnershipofcare.co.uk,Partnership of Care Ltd,3
Kelsterton under 5’s,Childrens Day Care,Full Day Care,,Golftyn Cp School,York Road Connah's Quay,Deeside,CH5 4XA,Flintshire,30,07590288566,kdix337@btinternet.com,,Kelsterton Under 5's,1
Kerry Playgroup,Childrens Day Care,Full Day Care,,St Michael's School,Kerry,Newtown,SY16 4NU,Powys,15,07766450123,kerryplaygroup@gmail.com,,Kerry Playgroup,1
Kiddies World,Childrens Day Care,Full Day Care,,Clwyd County Council,Acrefair County Primary & Junior School,Wrexham,LL14 3SH,Wrexham,40,01978810242,kiddiesworld7@gmail.com,,Kiddies World playgroup,1
Kidz Den Afterschool Club,Childrens Day Care,Out of School Care,,Little Lambs Day Nursery,21 Perrott Street,Treharris,CF46 5ER,Merthyr Tydfil,30,07496774813,kidzden1@hotmail.co.uk,,Kidz Den Afterschool Club,1
Kingsland House Care Home,Care Home Service,Adults Without Nursing,"Personal care for adults, Learning disability, Mental health",69 Kingsland Crescent,,Barry,CF63 4JS,Vale of Glamorgan,5,01446627191,admin@forwardwalesltd.co.uk,,Forward (Wales) Ltd,1
Kinmel Lodge,Care Home Service,Adults Without Nursing,Personal care for adults,Kinmel Lodge Residential Home,2 Betws Avenue,Rhyl,LL18 5BN,Conwy,28,01745337886,office@kinmel-lodge.co.uk,www.kinmel-lodge.co.uk,Kinmel Lodge Limited,1
Kinnerton Little Acorns,Childrens Day Care,Full Day Care,,Ysgol Derwen,Main Road,Higher Kinnerton,CH4 9AJ,Flintshire,40,07594265652,Office@KinnertonLittleAcorns.co.uk,www.kinnertonlittleacorns.co.uk,Kinnerton Little Acorns,1
Ladybirds at Llanvihangel Limited,Childrens Day Care,Full Day Care,,c/o Llanvihangel Crucorney Primary School,,Abergavenny,NP7 8DL,Monmouthshire,20,01873890610,ladybirds.llanvihangel@hotmail.co.uk,,Ladybirds at Llanvihangel Ltd,2
Ladybirds at OLSM,Childrens Day Care,Full Day Care,,Our Lady and St Michaels Roman Catholic Primary School,14 Pen Y Pound,Abergavenny,NP7 5UD,Monmouthshire,38,07903582101,ladybirds.olsm@hotmail.com,,Ladybirds at Llanvihangel Ltd,1
Ladybirds Childcare,Childrens Day Care,Full Day Care,,Ladybirds Childcare,Elm Community Church,Bargoed,CF81 9RG,Caerphilly,19,07460249144,Ladybirdschildcare123@gmail.com,https://www.facebook.com/share/12FDnzrJw7Z/,Ladybirds Childcare Ltd,1
Ladybirds Day Nursery Limited,Childrens Day Care,Full Day Care,,Radyr Court,Rachel Close,Cardiff,CF5 2SH,Cardiff,120,02920564445,info@ladybirds-daynursery.co.uk,,Ladybirds Day Nursery Limited,1
Lafs Club,Childrens Day Care,Out of School Care,,Lixwm Primary School,Lixwm,Holywell,CH8 8NQ,Flintshire,32,07908898982,,,Lafs Club,1
Lakeside Day Nursery,Childrens Day Care,Full Day Care,,Lakeside Day Nursery,Cormorant House,Swansea,SA6 8RH,Swansea,137,01792781010,lakesidedaynursery@btconnect.com,www.lakesidedaynursery.com,Lakeside Day Nursery Limited,1
Lakeside House Nursing Home,Care Home Service,Adults With Nursing,Nursing care for adults,Lakeside House Nursing Home,37 Wedal Road,Cardiff,CF14 3QX,Cardiff,69,02920628625,hello@lakesidecare.co.uk,www.lakesidecare.co.uk,Lakeside Homes Limited,1
Lamphey Playgroup,Childrens Day Care,Full Day Care,,Lamphey Primary School,Lamphey,Pembroke,SA71 5NW,Pembrokeshire,19,01646672249,head.lamphey@pembrokeshire.gov.uk,https://www.lampheyschool.co.uk/,The Governing Body of Lamphey Primary School,1
Langton Hall Care Home,Care Home Service,Adults Without Nursing,Personal care for adults,Langton Hall Residential Home,Dwrbach,Fishguard,SA65 9RH,Pembrokeshire,24,01348873238,kellie@sunsetwest.co.uk,,Mavalon Care Ltd,1
Laurel Park,Care Home Service,Childrens Home,Personal care for children,,,Wrexham,,Wrexham,3,07795677251,KimLeigh@Aspris.com,https://www.aspris.com,ASPRIS HOMES LIMITED,1
Laybourne House,Care Home Service,Childrens Home,Personal care for children,,,Cwmbran,,Torfaen,1,01633967106,laybourne@nurt.co.uk,www.nurt.co.uk,Nurture Cymru Gofal Ltd,2
LCDP Explorers,Childrens Day Care,Full Day Care,,23a Bridgend Road,,Pontyclun,CF72 9RD,Rhondda Cynon Taf,40,01443 229723,info@lcdp.org.uk,www.lcdp.org.uk,Llanharan Community Development Project Ltd,1
Leadon Court Nursing Home,Care Home Service,Adults With Nursing,"Nursing care for adults, Personal care for adults",Leadon Court Nursing Home,Leadon Court,Cwmbran,NP44 5TZ,Torfaen,34,01633877492,leadoncourt@summerhillgroup.co.uk,,Clearwater Care (Leadon Court) Limited,1
Leeswood Under Fives Playgroup,Childrens Day Care,Full Day Care,,Ysgol Derwenfa Cp School,Queen Street Leeswood,Mold,CH7 4RQ,Flintshire,19,07851975198,,,Leeswood Under Fives Playgroup,1
Les Tous Childcare,Childrens Day Care,Full Day Care,,29 Park Road,,Barry,CF62 6NX,Vale of Glamorgan,19,07841788450,lestousgrands@gmail.com,www.lestousgrands.com,LES TOUS GRANDS Ltd,1
Lewis Martin Court,Care Home Service,Adults With Nursing,"Personal care for adults, Nursing care for adults",Unit 3 Lewis Martin Court,,Cardiff,CF11 8AW,Cardiff,17,02920232203,sarah.davies@salutemcare.com,https://www.salutemcareandeducation.co.uk/service/lewis-martin-court/,Salutem LD BidCo IV Limited,2
Lexham Green Care Home,Care Home Service,Adults Without Nursing,Personal care for adults,Lexham Green Rest Home,50 Brunswick Road,Buckley,CH7 2EP,Flintshire,28,01244547019,lexhamgreen@gmail.com,lexhamgreen.uk,Lexham Green Limited,1
Li'l Angels Day Nursery and Pre school,Childrens Day Care,Full Day Care,,Lil Angels,Rowleys Park Evans Way Shotton,Deeside,CH5 1QJ,Flintshire,50,01244811880,lilangelsdaynursery@hotmail.com,,Li'l Angels day nursery and pre school limited,1
Liberty House,Care Home Service,Childrens Home,"Personal care for children, Learning disability",,,Swansea,,Swansea,2,01792927863,daniel.goddard@salus.wales,,Salus Care Wales Ltd,1
Liberty House,Care Home Service,Childrens Home,"Nursing care for children, Personal care for children",,,Porthcawl,,Bridgend,6,01656784419,js@libertyplacements.co.uk,www.libertyplacements.co.uk,Liberty Placements Ltd,1
Lighthouse Nursery,Childrens Day Care,Full Day Care,,Thornhill Church Centre,Excalibur Drive,Cardiff,CF14 9GA,Cardiff,24,02920759995,lighthouse.nursery@thornhillchurch.org.uk,http://www.thornhillchurch.org.uk/lighthouse/,Thornhill Church Trust,1
Lilliput Day Nursery - Neath Campus,Childrens Day Care,Full Day Care,,Neath Port Talbot College,Dwr Y Felin Road,Neath,SA10 7RF,Neath Port Talbot,71,03308188039,andrea.tregoning@nptcgroup.ac.uk,www.nptcgroup.ac.uk,Neath Port Talbot College,1
Lindan House Care Home Ltd,Care Home Service,Adults Without Nursing,"Personal care for adults, Mental health",Lindan House Residential Home,Percy Road,Wrexham,LL13 7EA,Wrexham,21,01978361883,sandramatthias@lindanhousewrexham.co.uk,lindanhousewrexham.com,LINDAN HOUSE LTD,1
Little Acorns,Childrens Day Care,Full Day Care,,Crossgates,,Llandrindod Wells,LD1 6RE,Powys,24,07756873370,managerlittleacorns@gmail.com,,"Little Acorns, Crossgates",1
Little Acorns - Mes Bach,Childrens Day Care,Full Day Care,,Cross Hands Public Hall & Cinema,10 Carmarthen Road Cross Hands,Llanelli,SA14 6SU,Carmarthenshire,20,07825759149,littleacorn.mesbach@gmail.com,,Mes Bach Ltd,1
Little Acorns @ Ysgol-Y-Graig,Childrens Day Care,Full Day Care,,Ysgol Y Graig Primary School,Pontycapel Road Cefn Coed,Merthyr Tydfil,CF48 2RD,Merthyr Tydfil,19,07456513211,trefechantoddlers@gmail.com,,Little Acorns @ Ysgol-Y-Graig,1
Little Acorns Day Care Ltd,Childrens Day Care,Full Day Care,,Ysgol Bryn Clwyd,Llandyrnog,Denbigh,LL16 4HG,Denbighshire,19,07776796020,Littleacornsltd@outlook.com,,Little Acorns Day Care Ltd,1
Little Acorns Day Care Nursery Ltd,Childrens Day Care,Full Day Care,,Llynfi Enterprise Park,Heol Ty Gwyn Industrial Estate,Maesteg,CF34 0BQ,Bridgend,57,01656812797,sarahste07@aol.com,www.littleacornsnurseryltd.com,Little Acorns Day Care Nursery Limited,1
Little Acorns Day Care Nursery Ltd,Childrens Day Care,Full Day Care,,Pyle Enterprise Centre,Village Farm Industrial Estate,Bridgend,CF33 6BL,Bridgend,55,01656744739,sarahste07@aol.com,https://littleacornsnurseryltd.com/,Little Acorns Day Care Nursery Limited,2
Little Acorns Day Nursery,Childrens Day Care,Full Day Care,,Welshpool Youth Centre,Howell Drive,Welshpool,SY21 7AT,Powys,39,01938552743,littleacornswelshpool@gmail.com,https://littleacornswelshpool.weebly.com/,Little Acorns Children's Daycare Ltd,1
Little Acorns Playgroup,Childrens Day Care,Sessional Day Care,,Hubberston & Hakin Community Centre,Church Road Hubberston,Milford Haven,SA73 3PL,Pembrokeshire,30,07900 616784,littleacornspembs@gmail.com,,Little Acorns Playgroup Pembrokeshire,1
Little Acorns Preschool (Caerphilly) Ltd,Childrens Day Care,Full Day Care,,Derwendeg Primary School,Hengoed Road,Hengoed,CF82 7HP,Caerphilly,28,01443 813138,clairegreenway1@gmail.com,,Little Acorns Preschool (Caerphilly) Ltd,1
Little Acorns Ruthin,Childrens Day Care,Full Day Care,,Rhos Street C P School,Ffordd Glasdir,Ruthin,LL15 1QQ,Denbighshire,45,07776796020,Littleacornsltd@outlook.com,,Little Acorns Day Care Ltd,2
Little Angels Playgroup,Childrens Day Care,Full Day Care,,St. Gabriels Rc School,Ringland Circle,Newport,NP19 9PQ,Newport,24,07821618329,angelsnursery1970@hotmail.co.uk,,Little Angels Playgroup,1
Little Butterflies,Childrens Day Care,Full Day Care,,292 Cowbridge Road East,,Cardiff,CF5 1HB,Cardiff,40,,littlebutterflies123@outlook.com,,Little Butterflies Nursery LTD,1
Little Cherubs Day Nursery,Childrens Day Care,Full Day Care,,Little Cherubs Day Care Nursery Ltd,12 Penlline Road,Cardiff,CF14 2AD,Cardiff,53,02920521007,nursery@littlecherubs-nursery.co.uk,www.littlecherubs-nursery.co.uk,Little Cherubs Day Care Nursery Limited,1
Little Chicks Nursery Plus,Childrens Day Care,Sessional Day Care,,Gwersyllt Community Primary School,Dodds Lane,Wrexham,LL11 4NT,Wrexham,32,07352 103070,Littlechicksnurseryplus@outlook.com,www.littlechicksnurseryplus.com,Little Chicks Nursery Plus,1
Little Chums Day Nursery,Childrens Day Care,Full Day Care,,Court Farm,,Pontypool,NP4 0JB,Torfaen,83,01495 767 878,enquiries@littlechums.co.uk,https://www.littlechums.co.uk,Little Chums Day Nurseries Ltd,1
Little Cross,Care Home Service,Childrens Home,"Personal care for children, Learning disability, Mental health",,,Usk,,Monmouthshire,2,01291497975,Kirsty.aitken@nurtureone.co.uk,,Nurture One UK Ltd,1
Little Deer's Day Nursery Limited,Childrens Day Care,Full Day Care,,Station Buildings,Treborth,"Gwynedd, Wales",LL57 2NX,Gwynedd,43,01248371242,busybsdaynursery@outlook.com,https://www.busybsbangor.com,Little Deers Day Nursery Limited,1
Little Disciples Nursery Plus,Childrens Day Care,Sessional Day Care,,St. John The Baptist V A School,Chester Road Penymynydd,Chester,CH4 0EN,Flintshire,15,01244 478920,office@littlediscipleschildcare.org,,Little Disciples Childcare,2
Little Disciples Out of School & Holiday Club,Childrens Day Care,Out of School Care,,St. John The Baptist V A School,Chester Road Penymynydd,Chester,CH4 0EN,Flintshire,38,01244478920,office@littlediscipleschildcare.org,,Little Disciples Childcare,1
Little Dragons’ Den,Childrens Day Care,Full Day Care,,Ysgol Maes-y-llan Cp School,Maes Y Llan Lane Ruabon,Wrexham,LL14 6AE,Wrexham,30,01978820991,mailbox@maesyllan-pri.wrexham.sch.uk,https://maesyllan-pri.wrexham.sch.uk/,Little Dragons' Den,1
Little Dreamers Day Nursery Limited,Childrens Day Care,Full Day Care,,Old School Village Hall,Pontardulais Road,Swansea,SA4 9AY,Swansea,29,,,,Little Dreamers Swansea Limited,1
Little Einstein`s Day Care Limited,Childrens Day Care,Full Day Care,,Westbury House,Dixton Road,Monmouth,NP25 3PR,Monmouthshire,50,01600772220,yourchildsfuture@aol.com,littleeinsteinsdaycaremonmouth.co.uk,Little Einstein`s Day Care Limited,1
Little Einsteins Academy Limited,Childrens Day Care,Full Day Care,,Britannia Enterprise Centre,Britannia,Blackwood,NP12 3SP,Caerphilly,49,01443879750,ian@littleeinsteinsacademy.com,www.littleeinsteinsacademy.com,Little Einsteins Academy Limited,2
Little Einsteins Academy Limited - New Tredegar,Childrens Day Care,Full Day Care,,White Rose Primary School,School Street Elliots Town,New Tredegar,NP24 6DW,Caerphilly,30,01443828069,stacy@littleeinsteinsacademy.com,,Little Einsteins Academy Limited,1
Little Explorers,Childrens Day Care,Full Day Care,,Llanedeyrn Primary School,Wellwood Llanedeyrn,Cardiff,CF23 9JN,Cardiff,40,07990323348,littleexplorerscardiff@outlook.com,,Little Explorers in the Park Ltd,1
Little Explorers,Childrens Day Care,Full Day Care,,16a Maryport Street,,Usk,NP15 1AB,Monmouthshire,19,07966180494,,littleexplorersusk.co.uk,Little Explorers Nursery,1
Little Explorers at the Park,Childrens Day Care,Full Day Care,,Llwynfedw Gardens Park,Llwynfedw Gardens,Cardiff,CF14 4NW,Cardiff,40,07760391925,Littleexplorerscardiff@outlook.com,www.littleexplorerscardiff.co.uk,Little Explorers in the Park Ltd,2
Little Explorers Pre-school,Childrens Day Care,Full Day Care,,Tots Corner,13 Dyserth Road,Rhyl,LL18 4DW,Denbighshire,43,01745 334211,littleexplorerspre-school@outlook.com,,Early Learners Ltd,1
Little Footsteps nursery at Blakedown house,Childrens Day Care,Full Day Care,,Heol Mostyn,Village Farm Industrial Estate,Bridgend,CF33 6BJ,Bridgend,75,01656 740954,littlefootstepsnursery@hotmail.com,www.littlefootstepsnursery.co.uk,Little Footsteps (Porthcawl) Ltd,1
Little Friends Nursery,Childrens Day Care,Full Day Care,,Ffynnon Taf Primary School,Cardiff Road,Taffs Well,CF15 7PR,Rhondda Cynon Taf,30,07825163605,littlefriends123@hotmail.com,littlefriends-nursery.co.uk,LITTLE FRIENDS CHILDCARE LTD,1
Little Gems,Childrens Day Care,Full Day Care,,Durand Junior & Infants School,Alianore Road,Caldicot,NP26 5DF,Monmouthshire,40,07368263579,k.goremdn@gmail.com,,Monmouth Day Nursery Limited,2
Little Haven Nursery,Childrens Day Care,Full Day Care,,Rhydlafar Drive,St. Fagans,Cardiff,CF5 6HH,Cardiff,36,02920891825,fiona@parachuteschildcare.co.uk,www.littlehavennursery.co.uk,Parachutes Childcare Ltd,1
Little Haven Nursery  -  Pentrych,Childrens Day Care,Full Day Care,,Pentyrch Primary School,Bronllwyn Pentyrch,Cardiff,CF15 9QL,Cardiff,24,,fiona@parachuteschildcare.co.uk,www.littlehavennursery.co.uk,Little Haven Nurseries Limited,1
Little Haven Nursery - Park Road,Childrens Day Care,Full Day Care,,Radyr & Morganstown Community Council,Old Church Rooms,Cardiff,CF15 8DF,Cardiff,28,07411063756,learn@littlehavennursery.co.uk,www.littlehavennursery.co.uk,Little Haven Nurseries Limited,2
Little Heroes Nursery Ltd,Childrens Day Care,Full Day Care,,Little Heroes Nursery,Eastgate Street,Llanidloes,SY18 6HD,Powys,30,01686 411061,littleheroesnursery@gmail.com,,Little Heroes Nursery Ltd,1
Little Ladybirds@ Bro Famau,Childrens Day Care,Full Day Care,,Ysgol Bro Famau,Llanferres Unit,Llanferres,CH7 5SP,Denbighshire,40,01352810242,bro.famau@denbighshire.gov.uk,www.ysgolbrofamau.co.uk,Little Ladybirds@Bro Famau,1
Little Learners Nursery & Forest School,Childrens Day Care,Full Day Care,,Total Fitness Ltd,Stansty Road,Wrexham,LL11 2BU,Wrexham,65,01978 801405,wrexham@littlelearnersnursery.com,https://littlelearnersnursery.com/,LITTLE LEARNERS WREXHAM LTD,1
Little Learners- Pantysgallog,Childrens Day Care,Sessional Day Care,,Pant Primary School,Pant,Merthyr Tydfil,CF48 2AD,Merthyr Tydfil,20,07470207131,littlelearnersnursery1@outlook.com,,Little Learners- Pantysgallog ltd,1
Little Moons Bilingual Pre School,Childrens Day Care,Sessional Day Care,,Old Guides Hall,Bowls Terrace,Caerphilly,CF83 2RD,Caerphilly,26,07305458406,Littlemoons.preschool@gmail.com,,Little Moons Bilingual Pre-School,1
Little Oaks Full Day Care,Childrens Day Care,Full Day Care,,Alexandra C P School,Park Avenue,Wrexham,LL12 7AZ,Wrexham,24,,,,Active Childcare Ltd,1
Little people@Oakfield,Childrens Day Care,Full Day Care,,Oakfield Primary School,Ferntree Drive St. Mellons,Cardiff,CF3 0AA,Cardiff,30,02920799396,littlepeopleoakfield@gmail.com,,LITTLE PEOPLE PLAYGROUP@OAKFIELD LIMITED,1
Little Rascals Pre-School,Childrens Day Care,Full Day Care,,Intregrated Children`s Centre,Duffryn Road,Merthyr Tydfil,CF48 4BJ,Merthyr Tydfil,45,07760227106,littlerascalspreschool@live.co.uk,,Little Rascals Pre-School,1
Little Rays Early Years Hub,Childrens Day Care,Full Day Care,,The Cabin,Southdown Primary School,Buckley,CH7 2NP,Flintshire,24,07985427588,sunshineclub10@outlook.com,,Little Rays Early Years Hub,1
Little Scholars Nursery,Childrens Day Care,Full Day Care,,"The Centre for Child, Family & Society",Glyndwr University,Wrexham,LL11 2AW,Wrexham,91,01978314912,Littlescholars@activechildcare.co.uk,www.activechildcare.co.uk,Active Childcare Ltd,3
Little Sparks,Childrens Day Care,Full Day Care,,Llangattock C In W School,Llangattock,Crickhowell,NP8 1PH,Powys,16,01873810608,littlesparks@llangattock.powys.sch.uk,www.llangattock.powys.sch.uk,Llangattock School Board of Governors,1
Little Sprouts Day Nursery,Childrens Day Care,Full Day Care,,Little Sprouts Day Nursery,119 London Road,Neath,SA11 1LF,Neath Port Talbot,56,07872327529,littlesproutsneath@gmail.com,,Goal Enterprise (Neath) Ltd,1
Little Stars (Deeside) Ltd,Childrens Day Care,Full Day Care,,Little Stars (deeside) Ltd,Unit 69,Deeside,CH5 2LA,Flintshire,75,01244280020,littlestarsdeesideltd@googlemail.com,www.littlestarsdeeside.com,Little Stars (Deeside) Ltd,1
Little Stars Mamhilad Limited,Childrens Day Care,Full Day Care,,Little Stars Nursery,Mamhilad Park Estate,Pontypool,NP4 0HZ,Torfaen,65,01495 755566,,,Little Stars Mamhilad Limited,1
Little Stars Nursery,Childrens Day Care,Full Day Care,,Strand Annealing Lane,,Ebbw Vale,NP23 6AN,Blaenau Gwent,73,01495 369527,littlestarsnurseryebbwfawr@gmail.com,none,Little Stars Nursery LLP,2
Little Stars Nursery Ebbw Fawr Ltd,Childrens Day Care,Full Day Care,,Little Stars Nursery Ebbw Fawr,Strand Annealing Lane,Ebbw Vale,NP23 6AN,Blaenau Gwent,73,01495369527,littlestarsnurseryebbwfawr@gmail.com,,Little Stars Nursery Ebbw Fawr Ltd,1
Little Stars Nursery LLP,Childrens Day Care,Full Day Care,,Little Stars Nursery,Monmouth House,Pontypool,NP4 0HZ,Torfaen,65,01495755566,emmamatthews2006@yahoo.com,,Little Stars Nursery LLP,1
Little stars Penarth,Childrens Day Care,Out of School Care,,Unit 13,Llandough Trading Estate,Cardiff,CF11 8RR,Vale of Glamorgan,30,02922337709,becky.littlestars@gmail.com,www.littlestarscardiff.co.uk,Little Stars Childcare (Cardiff) Limited,1
Little Stars Under 5's,Childrens Day Care,Full Day Care,,Caldicot Leisure Centre,Mill Lane,Caldicot,NP26 4BN,Monmouthshire,19,07368324675,littlestarscaldicot@outlook.com,,Little Stars Under 5's,1
Little Steps Childcare Centre Ltd,Childrens Day Care,Full Day Care,,Bro Tawe,Ffordd Yr Afon,Ystradgynlais,SA9 1BU,Powys,61,01639846003,ystradgynlais@littlestepschildcare.co.uk,www.littlestepschildcare.co.uk,Little Steps Childcare Centre Limited,1
Little Steps Childcare Centre Ltd,Childrens Day Care,Full Day Care,,1a Herbert Street,,Swansea,SA8 4EB,Neath Port Talbot,46,01792869494,pontardawe@littlestepschildcare.co.uk,www.littlestepschildcare.co.uk,Little Steps Childcare Centre Limited,2
Little Sunbeams Playgroup,Childrens Day Care,Full Day Care,,The Scout Hall,The Highway,Pontypool,NP4 0PH,Torfaen,19,07788120998,littlesunbeamsplaygroup@hotmail.co.uk,www.littlesunbeams.co.uk,Little Sunbeams Playgroup,1
Little Sunflowers - LSCC,Childrens Day Care,Full Day Care,,Plas Madoc Opportunities Centre,The Opportunity Centre,Wrexham,LL14 3US,Wrexham,24,07922288252,Littlesunflowersplasmadoc@outlook.com,,Little Sunflowers,1
Little Teddy Playgroup,Childrens Day Care,Full Day Care,,Deighton Primary School,,Tredegar,NP22 3ES,Blaenau Gwent,20,07949743757,littleteddyplaygroup@gmail.com,,BUSY FEET (GILFACH) LTD,3
Little Unicorns Daycare,Childrens Day Care,Full Day Care,,Nyddfa Yard,Pengam,Blackwood,NP12 3UZ,Caerphilly,40,01443520192,littleunicornsdaycare@gmail.com,,Little Unicorns Daycare Limited,1
Little Westbourne Nursery,Childrens Day Care,Full Day Care,,Westbourne Nursery,12 Westbourne Road,Penarth,CF64 3HE,Vale of Glamorgan,25,02920712681,louisedwyer@westbourneschool.com,,Montague Place (W1) Ltd,1
Little Wings Playgroup - Croeserw,Childrens Day Care,Full Day Care,,Croeserw Primary School,Bryn Siriol,Port Talbot,SA13 3PL,Neath Port Talbot,16,07583594127,,,LW Community Services,2
Little Wings Playgroup - Glyncorrwg,Childrens Day Care,Full Day Care,,Glyncorrwg Primary School,Bridge Street Glyncorrwg,Port Talbot,SA13 3BB,Neath Port Talbot,19,07852525497,,,LW Community Services,1
Llandaff City Busy Bees,Childrens Day Care,Out of School Care,,Llandaff Church In Wales Primary School,Hendre Close,Cardiff,CF5 2HT,Cardiff,96,02920202437,teambusy@outlook.com,llandaffcitybusybees.co.uk,Llandaff City Busy Bees LTD,2
Llandaff City Busy Bees - The Hive,Childrens Day Care,Full Day Care,,School House,Hendre Close,Cardiff,CF5 2HT,Cardiff,19,02920 202437,teambusy@outlook.com,www.llandaffcitybusybees.co.uk,Llandaff City Busy Bees LTD,1
Llandaff House Care Home,Care Home Service,Adults Without Nursing,Personal care for adults,6 Mwrwg Road,Llangennech,Llanelli,SA14 8UA,Carmarthenshire,21,01554821689,llandaffhousemanager@aol.com,www.llandaffhouse.co.uk,Cathedral Care Limited,1
Llanddulas Playgroup Nursery,Childrens Day Care,Sessional Day Care,,Llanddulas School,Minffordd Road Llanddulas,Abergele,LL22 8EW,Conwy,28,01492518399,contact@llanddulasplaygroup.co.uk,www.llanddulasplaygroup.co.uk,Llanddulas Playgroup Nursery,1
Llandudno Junction Playgroup,Childrens Day Care,Sessional Day Care,,Ysgol Awel Y Mynydd,Sarn Mynach,Llandudno Junction,LL31 9RT,Conwy,24,07943622615,llandudnojunctionplaygroup@gmail.com,,Llandudno Junction Playgroup,1
Llandudno Nursery and Pre-School,Childrens Day Care,Full Day Care,,35 Bryniau Road,,Llandudno,LL30 2EZ,Conwy,38,01492 485 927,hello@llnps.com,,LLANDUDNO NURSERY AND PRE-SCHOOL LTD,1
Llanelli Children's Open Access,Childrens Day Care,Open Access Play Provision,,Coleshill Social Centre,Coleshill Terrace,Llanelli,SA15 3BT,Carmarthenshire,30,01554714362,,,People Support Ltd,1
Llanelwedd Little Learners,Childrens Day Care,Full Day Care,,Llanelwedd Church In Wales Primary School,Llanelwedd,Builth Wells,LD2 3TY,Powys,20,01982552616,,www.llanelwedd.powys.sch.uk,Llanelwedd Church In Wales Primary School Board of Governors,1
Llanerchrugog Hall,Care Home Service,Adults Without Nursing,"Personal care for adults, Learning disability, Mental health",Llanerchrugog Hall,Hall Lane Rhosllanerchrugog,Wrexham,LL14 1TG,Wrexham,15,01978840186,oliver.greenwood@llanerchrugoghall.co.uk,www.llanerchrugoghall.co.uk,Life Long Learning 4 Living Ltd,1
Llanfaes Little Steps - Llanfaes Camau Bach,Childrens Day Care,Full Day Care,,LLanfaes Tots,Llanfaes CP School Beilihelig Road,Brecon,LD3 8EB,Powys,21,01874623326,office@llanfaes.powys.sch.uk,www.llanfaes.powys.sch.uk,Llanfaes CP School,1
Llanfair Grange,Care Home Service,Adults Without Nursing,"Personal care for adults, Learning disability, Mental health",Llanfair Hill,,Llandovery,SA20 0YF,Carmarthenshire,34,01550720495,pricemondl@aol.com,llanfairgrange.com,Parkmore Healthcare Ltd,1
Llanfairfechan Playgroup,Childrens Day Care,Sessional Day Care,,Ysgol Babanod Llanfairfechan,Village Road,Llanfairfechan,LL33 0AA,Conwy,28,07834191525,lffpgroup@aol.com,,Llanfairfechan Playgroup,1
Llanfyllin Preschool Playgroup,Childrens Day Care,Full Day Care,,Llanfyllin Primary School,,Llanfyllin,SY22 5BJ,Powys,19,01691648207,Llanfyllinpp@gmail.com,,Llanfyllin Preschool Playgroup,1
Llangan Childcare,Childrens Day Care,Sessional Day Care,,Llangan Primary School,Llangan,Bridgend,CF35 5DR,Vale of Glamorgan,20,01446 772403,Office@llanganschool.org.uk,,Llangan Primary School,1
Llangollen Fechan,Care Home Service,Adults With Nursing,"Personal care for adults, Mental health",Llangollen Fechan Residential Home,Holyhead Road,Llangollen,LL20 7PR,Denbighshire,87,01978861551,llanfechan@robertshomes.co.uk,carehomenorthwales.co.uk,Roberts Homes North Wales Ltd,1
Llangynidr Pre-School,Childrens Day Care,Full Day Care,,Llangynidr Cp School,Church Close Llangynidr,Crickhowell,NP8 1NY,Powys,19,01874 730681,llangynidrpreschool@outlook.com,,Llangynidr Pre-school,1
Llanover Day Nursery,Childrens Day Care,Full Day Care,,Llanover Day Nursery,Llanover,Abergavenny,NP7 9EY,Monmouthshire,50,01873880772,Llanoverdaynursery@outlook.com,llanoverdaynursery.com,llanover day nursery ltd,1
Llanover little ones,Childrens Day Care,Full Day Care,,Unit 5 Hall House,Llanover Business Centre,Abergavenny,NP7 9HA,Monmouthshire,40,01873880772,llanoverdaynursery@outlook.com,,llanover day nursery ltd,2
Llanrhaeadr Hall,Care Home Service,Adults Without Nursing,"Personal care for adults, Mental health",Llanrhaeadr Hall,Llanrhaeadr,Denbigh,LL16 4NL,Denbighshire,39,01745890313,llanhall@robertshomes.co.uk,carehomenorthwales.co.uk,Roberts Homes North Wales Ltd,3
Llansannor Child Care,Childrens Day Care,Sessional Day Care,,Llansannor & Llanharry Junior & Infant School,Ystradowen,Cowbridge,CF71 7SZ,Vale of Glamorgan,28,01443223545,,,Llansannor CiW Primary,1
Llantarnam Lodge ,Care Home Service,Adults Without Nursing,"Nursing care for adults, Personal care for adults",Llantarnam Lodge Care Home,Pentre Lane,Cwmbran,NP44 3AP,Torfaen,30,01633 484337,care@llantarnamlodge.co.uk,,Llantarnam Care Limited,1
Llanthewy House ,Care Home Service,Adults Without Nursing,Mental health,47 Llanthewy Road,,Newport,NP20 4JZ,Newport,7,01633660425,,,llanthewy care services ltd,1
Llantrisant Care Home,Care Home Service,Adults With Nursing,"Nursing care for adults, Personal care for adults",Llantrisant Care Home,Llantrisant,Pontyclun,CF72 8LQ,Rhondda Cynon Taf,38,01443239001,enquiries@llantrisantcarehome.co.uk,www.llantrisantcarehome.co.uk,Abraham Nursing Homes Limited,1
Llanyrafon Nursery,Childrens Day Care,Full Day Care,,Llanyrafon Nursery,Llanyrafon Social Club,Cwmbran,NP44 8HT,Torfaen,26,07930025146,Llanyrafonplaygroup@outlook.com,,Llanyrafon Nursery,1
Lle Hyfryd,Care Home Service,Childrens Home,"Personal care for children, Learning disability",,,Welshpool,,Powys,7,07463533577,mark.lazarus@brighterfuturescymru.com,,Brighter-Futures-Cymru ltd,1
Lle'chi,Childrens Day Care,Full Day Care,,Caban Meithrin,Safle Ysgol Maenofferen,Blaenau Ffestiniog,LL41 3UL,Gwynedd,35,,,,Lle Chi,1
Lletty Coed,Care Home Service,Childrens Home,Personal care for children,,,Carmarthen,,Carmarthenshire,4,07492062514,chrisgriffiths@futurevisionchildcare.co.uk,www.futurevisionchildcare.co.uk,Future Vision Childcare LTD,4
Llety House,Care Home Service,Adults Without Nursing,"Learning disability, Mental health",7 Craig Y Llety,Upper Tumble,Llanelli,SA14 6BZ,Carmarthenshire,3,01269613281,info@tygofal.co.uk,www.tygofal.co.uk,Ty Gofal LTD ,2
Llwyndyrys Residential Home,Care Home Service,Adults Without Nursing,"Personal care for adults, Mental health",Llwyndyrys Residential Home,Llechryd,Cardigan,SA43 2QP,Ceredigion,26,01239682263,llwyndyryshome@aol.com,www.llwyndyryscarehome.co.uk,Llwyndyrys Residential Home Ltd,1
Llwynhendy Care Home,Care Home Service,Adults With Nursing,"Nursing care for adults, Personal care for adults, Mental health",Llwynhendy Care Home,Ynys Las,Swansea,SA14 9BT,Carmarthenshire,78,01554556074,sheryl.davies@paddacare.com,,PADDA CARE LTD,1
Llys Cyncoed,Care Home Service,Adults Without Nursing,Personal care for adults,127 Cyncoed Road,,Cardiff,CF23 6AF,Cardiff,99,02920 684800,enquiries@careuk.com,www.careuk.com/care-homes/llys-cyncoed-cardiff,Care UK Care Services Limited and WELL Cardiff OPCO Limited,1
Llys Fechan Care Home,Care Home Service,Adults Without Nursing,Personal care for adults,Cartref Llys Fechan,48 Carmarthen Road,Llanelli,SA14 6SU,Carmarthenshire,18,01269 845502,llysfechan123@gmail.com,,Neuadd fach Limited,1
Llys Gwyn House Limited,Care Home Service,Adults Without Nursing,"Personal care for adults, Learning disability",Llysgwyn House Residential Home,21 Caecerrig Road Pontarddulais,Swansea,SA4 8PE,Swansea,34,01792882353,llysgwyn1@btconnect.com,,Llysgwyn House Limited ,1
Llys Gwyn Residential Home,Care Home Service,Adults Without Nursing,Personal care for adults,Llys Gwyn Residential Home,Heol Broom Maudlam,Bridgend,CF33 4PN,Bridgend,31,01656743666,contact@llysgwyn.com,https://valleycaregroup.co.uk,Grayson Enterprises Ltd,1
Llys Herbert,Care Home Service,Adults Without Nursing,Personal care for adults,Ty-draw Road,Lisvane,Cardiff,CF14 0AW,Cardiff,75,03300 583247,enquiries@careuk.com,www.careuk.com/care-homes/llys-herbert-cardiff,Care UK Care Services Limited and WELL Cardiff OPCO Limited,2
Llys Marchan,Care Home Service,Adults Without Nursing,"Learning disability, Mental health",Mwrog Street,,Ruthin,LL15 1LE,Denbighshire,10,01824705060,paula.heath@clwydalyn.co.uk,www.clwydalyn.co.uk,ClwydAlyn Housing Limited,1
Llys Meddyg,Care Home Service,Adults With Nursing,"Nursing care for adults, Personal care for adults, Mental health",Llys Meddyg,4 Station Road,Denbigh,LL16 3DA,Denbighshire,18,01745813944,ffion@llysteg.co.uk,,John Roberts,3
Llys Nant,Care Home Service,Adults Without Nursing,"Personal care for adults, Learning disability",Llys Nant,27 Park Street,Denbigh,LL16 3DE,Denbighshire,6,07467956000,ffion@llysteg.co.uk,,John Roberts,1
Llys Y Seren,Care Home Service,Adults Without Nursing,"Personal care for adults, Mental health",Llys Y Seren,Moor Road,Port Talbot,SA12 7BJ,Neath Port Talbot,60,01639825080,Care.Quality@codigroup.co.uk,www.codigroup.co.uk,Codi Care and Support Limited,3
Llys y Tywysog Care Home,Care Home Service,Adults Without Nursing,Personal care for adults,Llys-y-tywysog,Clos Pengelli Grovesend,Swansea,SA4 4JW,Swansea,54,01792896111,LlysYTywysog.GM@barchester.com,www.barchester.com,Barchester Healthcare Homes Limited,4
Llyswen Care Home,Care Home Service,Adults Without Nursing,"Personal care for adults, Learning disability",Llyswen,Mount View,Merthyr Tydfil,CF47 0UX,Merthyr Tydfil,3,01685 658486,sgriffiths@prospersupport.co.uk,,PROSPER CARE & SUPPORT LIMITED,4
Llyswen Cheeky Monkeys Out of School Club,Childrens Day Care,Out of School Care,,Archdeacon Griffiths Primary School,Llyswen,Brecon,LD3 0YB,Powys,40,07919818253,llyswencheekymonkeys.trst@gmail.com,https://m.facebook.com/profile.php?id=61552120942209,Llyswen Cheeky Monkeys Club,1
Lollipops daycare,Childrens Day Care,Full Day Care,,Lollipops Daycare,Unit 8a Coopers Court,Hengoed,CF82 7EP,Caerphilly,58,01443812724,lollipopsdaycare@hotmail.com,,K & S family leisure services ltd,1
London House,Care Home Service,Adults Without Nursing,"Personal care for adults, Mental health",Aston Care Ltd,1-2 Cadle Mill Cottages,Swansea,SA5 4PA,Swansea,19,01792580566,londonhouse@astoncarehomes.co.uk,,Aston Care Ltd,3
Lots of Tots (Canolfan Maerdy),Childrens Day Care,Full Day Care,,New Road,,Ammanford,SA18 1UP,Neath Port Talbot,52,01269 826283,lotsoftots@canolfanmaerdy.co.uk,www.canolfanmaerdy.co.uk/lotsoftots,Canolfan Maerdy,1
Lots of Tots Day Nursery,Childrens Day Care,Full Day Care,,Lots Of Tots,35 Broad Street,Port Talbot,SA13 1EW,Neath Port Talbot,40,01639 892596,info@lotsoftots.co.uk,www.lotsoftots.co.uk,Lots of Tots Childcare Ltd,3
Lots of Tots Flying Start Playgroup,Childrens Day Care,Sessional Day Care,,Awel Y Mor Primary School,Ffordd Ysgol,Port Talbot,SA12 6TP,Neath Port Talbot,28,01639875123,aym-playgroup@outlook.com,www.lotsoftots.co.uk,Lots of Tots Childcare Ltd,2
Lots of Tots Tir Morfa,Childrens Day Care,Sessional Day Care,,Lots Of Tots Tir Morfa,Marine Drive,Port Talbot,SA12 7NN,Neath Port Talbot,21,,info.lotsoftots@gmail.com,www.lotsoftots.co.uk,Lots of Tots Childcare Ltd,1
Lower Lodge,Care Home Service,Adults Without Nursing,"Learning disability, Mental health, Personal care for adults",Community Lives Consortium,Lower Lodge,Swansea,SA5 4PA,Swansea,3,01792584007,lynda.rosselli@communitylives.org,https://www.communitylives.org,Community Lives Consortium,4
Luk-ros Bungalow,Care Home Service,Adults Without Nursing,"Personal care for adults, Learning disability, Mental health",5 River Terrace,Pengam,Blackwood,NP12 3XB,Caerphilly,4,01443875706,kelly.homesofexcellence@mychoicehealthcare.co.uk,www.mychoicehealthcare.co.uk,Homes of Excellence Ltd,1
Lullaby's Day Nursery,Childrens Day Care,Full Day Care,,102 Herbert Street,Pontardawe,Swansea,SA8 4ED,Neath Port Talbot,44,01792864636,lullabysdaynursery@gmail.com,,Lullaby's Day Nursery Limited,2
Lullaby's Pre-School,Childrens Day Care,Full Day Care,,Rhos Primary School,Neath Road Pontardawe,Swansea,SA8 3EB,Neath Port Talbot,34,01792447160,lullabysdaynursery@gmail.com,,Lullaby's Day Nursery Limited,1
Lullabyz Nursery Ltd,Childrens Day Care,Full Day Care,,Lullabyz Nursery Ltd,Riverside Court,Newport,NP19 7AP,Newport,84,01633264246,hello@lullabyznursery.co.uk,www.lullabyznursery.co.uk,Lullabyz Nursery Ltd,1
Lychgate,Care Home Service,Childrens Home,Personal care for children,,,Malpas,,Wrexham,3,01948800440,emma.williams@keys-group.co.uk,https://www.keys-group.co.uk,Bryn Melyn Care Limited,1
Lyndell House Limited,Care Home Service,Adults With Nursing,"Nursing care for adults, Mental health, Personal care for adults",Lyndell House Private Nursing Home,38-40,Swansea,SA1 4QL,Swansea,23,01792472131,leonsingh@lyndellhouse.com,www.lyndellhouse.com,LYNDELL HOUSE LIMITED,1
Lynnefield care home,Care Home Service,Adults Without Nursing,Personal care for adults,Lynfield Care Home Ltd,25 Pembroke Road,Haverfordwest,SA61 1JW,Pembrokeshire,15,01437766594,office@lynnefield.com,www.lynnefield.com,Rusev Care Ltd,1
Machen After School Club,Childrens Day Care,Out of School Care,,Machen Primary School,Commercial Road,Caerphilly,CF83 8NB,Caerphilly,30,07743 576530,normancarol481@gmail.com,normancarol481gmail.com,Machen After School Club,1
Machynlleth Nursery,Childrens Day Care,Full Day Care,,Machynlleth Town Council,Y Plas,Machynlleth,SY20 8ER,Powys,9,01654702933,mandypilcher@mccp.org.uk,www.mccp.org.uk,Machynlleth Community Children`s Project Ltd,1
Machynlleth Out of School Club,Childrens Day Care,Full Day Care,,Ty Melfed,Safle`r Ysgol Gynradd,Machynlleth,SY20 8JB,Powys,35,01654702607,laura.stevens@mccp.org.uk,,Machynlleth Community Children`s Project Ltd,2
Maenor Aur,Childrens Day Care,Full Day Care,,Ysgol Bro Penfro,,Pembroke,SA71 4RJ,Pembrokeshire,33,01646233115,admin@maenoraur.co.uk,https://goldenmanornursery.com/maenor-aur/,Golden Manor Nursery Ltd,1
Maes Brith,Care Home Service,Childrens Home,Personal care for children,,,Corwen,,Denbighshire,4,01490413113,info@branas.co.uk,www.branas.co.uk,Branas Isaf (Holdings) Ltd,3
Maes Teg,Care Home Service,Adults Without Nursing,"Personal care for adults, Learning disability",Maesteg,Park Street,Denbigh,LL16 3DE,Denbighshire,5,07467956000,ffion@llysteg.co.uk,,John Roberts,2
Maes Yr Haf,Care Home Service,Childrens Home,Personal care for children,,,Cardiff,,Vale of Glamorgan,3,01446760697,manager.maesyrhaf@keys-group.co.uk,https://www.keys-group.co.uk/,Keys Care Limited,2
Maes-y-felin Care Home Ltd,Care Home Service,Adults Without Nursing,Personal care for adults,Maesyfelin Care Home,Drefach,Llanybydder,SA40 9YB,Ceredigion,19,01570480766,directors@maesyfelin.co.uk,https://maesyfelincarehome.com/,MAESYFELIN CARE HOME LTD,1
Maesglas Care Home,Care Home Service,Adults Without Nursing,Personal care for adults,Manor Park Residential Home,Green Street Holt,Wrexham,LL13 9JF,Wrexham,28,01829 270318,katie@accurocare.co.uk,www.accurocare.co.uk,Accurocare Wrexham Limited,1
Magnolia House Residential Home LTD,Care Home Service,Adults Without Nursing,"Personal care for adults, Mental health",Park Road,Rhosymedre,Wrexham,LL14 3EF,Wrexham,19,01978824445,magnoliahouse1@outlook.com,https://magnoliahouseresidentialhome.co.uk/,Magnolia House Residential Home Limited,1
Maldwyn Nursery & Family Centre,Childrens Day Care,Full Day Care,,Park Lane,,Newtown,SY16 1DE,Powys,70,01686622191,maldwyn_nursery@outlook.com,www.maldwynnursery.com,Maldwyn Nursery & Family Centre,1
Manor Lodge,Care Home Service,Adults Without Nursing,"Personal care for adults, Learning disability, Mental health",147 Stow Hill,,Newport,NP20 4FZ,Newport,7,01633262888,manager.manorlodge@accomplish-group.co.uk,https://accomplish-group.co.uk,Accomplish Group Specialist Care Limited,1
Maple House,Care Home Service,Childrens Home,,,,Wrexham,,Wrexham,1,01244 604 699,maple.house@arbourhealthcare.co.uk,,Arbour Healthcare Group Limited,2
Maple Lodge,Care Home Service,Childrens Home,"Personal care for children, Learning disability",,,Swansea,,Swansea,2,01792936320,Maplelodge@salus.wales,,Salus Care Wales Ltd,3
Marbryn Residential Home,Care Home Service,Adults Without Nursing,Personal care for adults,Marbryn Residential Home,North Road,Caernarfon,LL55 1BA,Gwynedd,18,01286673622,marbrynresidentialhome@gmail.com,https://cartrefpreswylmarbryn.co.uk/en/home,Belinda Downey,1
Marford Playgroup Little Explorers Ltd,Childrens Day Care,Full Day Care,,Marford Community Centre,Pant Lane,Marford,LL12 8SH,Wrexham,42,01978447745,traceynevitt@yahoo.co.uk,marfordlittleexplorers.co.uk,Marford Playgroup Little Explorers Ltd,1
Marine Court Psychiatric Unit Limited,Care Home Service,Adults With Nursing,"Nursing care for adults, Personal care for adults, Learning disability, Mental health",4 Marine Road,,Colwyn Bay,LL29 8PH,Conwy,23,01492534528,Marinecourt21@gmail.com,,MARINE COURT PSYCHIATRIC UNIT LIMITED,1
Markham Playgroup,Childrens Day Care,Full Day Care,,Institute Building,Abernant Road,Blackwood,NP12 0QH,Caerphilly,27,07783630085,miss-helen-williams@hotmail.com,miss-helen-williamshotmail.com,Markham Playgroup Ltd,1
Marshfield Monkeys Day Nursery Wrap Around & Holiday Club Ltd,Childrens Day Care,Full Day Care,,Castleton & District Village Hall,Marshfield Road Castleton,Cardiff,CF3 2UW,Newport,56,07874232680,enquiries@marshfieldmonkeys.co.uk,www.marshfieldmonkeys.co.uk,"Marshfield Monkeys Day Nursery, Wrap around & Holiday Club Ltd",1
Mathern Day Nursery,Childrens Day Care,Full Day Care,,The Old School,,Chepstow,NP16 6JH,Monmouthshire,48,01291622007,matherndaynursery@btconnect.com,matherndaynursery.com,Mathern Day Nursery (Childcare Services) Ltd,1
Mayals Wrap Around,Childrens Day Care,Full Day Care,,Mayals Primary School,Fairwood Road,Swansea,SA3 5JP,Swansea,30,01792402755,,,Mayals Primary School Board of Governors,1
Mayfield,Care Home Service,Childrens Home,Personal care for children,,,Corwen,,Denbighshire,4,01490412239,daniel@we-are-unique.care,https://we-are-unique.care,Unique Care Homes Ltd,5
Mayfield Care Home,Care Home Service,Adults Without Nursing,Personal care for adults,Mayfield Residential Home,41 Llanthewy Road,Newport,NP20 4JZ,Newport,20,01633215050,maxine@pellserve.com,,The fields nursing home ltd,1
Mayflower Care Home,Care Home Service,Adults Without Nursing,"Personal care for adults, Mental health",Mayflower Residential Home,Pentre Lane,Cwmbran,NP44 3AP,Torfaen,22,01633483537,mayflower@newportcarehomes.com,,The fields nursing home ltd,2
Mayflower Care Home,Care Home Service,Adults Without Nursing,"Personal care for adults, Mental health",Mayflower Care Home,Alltwen Pontardawe,Swansea,SA8 3JG,Neath Port Talbot,43,01792863845,info@mayflowercare.co.uk,www.mayflowercare.co.uk,Mayflower Care Limited,1
McClaren House,Care Home Service,Childrens Home,Personal care for children,,,Tredegar,,Caerphilly,4,07563001627,enquiries@brighterfuturescymru.com,brighterfuturescymru.com,Brighter-Futures-Cymru ltd,4
Meadowbank Day Nursery,Childrens Day Care,Full Day Care,,Unit 1,Castle Meadows Park,Abergavenny,NP7 7RZ,Monmouthshire,92,07534742619,meadowbankdaynursery@gmail.com,www.meadowbanknursery.co.uk,Meadowbank Day Nursery Limited,1
Meadows Nursing Home,Care Home Service,Adults With Nursing,"Nursing care for adults, Personal care for adults, Mental health",Meadows Emi Home,Church Road,Haverfordwest,SA62 3HE,Pembrokeshire,59,01437899327,info@meadowsnh.co.uk,meadowsnh.com,meadows nursing home Ltd ,1
Meddyg Care Dementia Home - Criccieth,Care Home Service,Adults With Nursing,"Nursing care for adults, Mental health",The Pines Care Home,Mona Terrace,Criccieth,LL52 0DE,Gwynedd,41,01766522615,criccieth@meddygcare.co.uk,www.meddygcare.co.uk,Meddyg Care (Criccieth) Ltd,1
Meddyg Care Dementia Home - Porthmadog,Care Home Service,Adults With Nursing,"Nursing care for adults, Personal care for adults, Mental health",Garth Road,,Porthmadog,LL49 9BN,Gwynedd,44,01766513513,porthmadog@meddygcare.co.uk,www.meddygcare.co.uk,Meddyg Care (Porthmadog) Ltd,1
Meddyg Care Dementia Home - Rhyl,Care Home Service,Adults Without Nursing,"Nursing care for adults, Personal care for adults, Mental health",71 Brighton Road,,Rhyl,LL18 3HL,Denbighshire,35,01745352000,rhyl@meddygcare.co.uk,www.meddygcare.co.uk,Meddyg Care (Rhyl) Ltd,1
Medhurst Care Home,Care Home Service,Adults Without Nursing,Personal care for adults,Medhurst Residential Home,1 Cromwell Road Risca,Newport,NP11 7AF,Caerphilly,27,01495368520,helenh@accurocare.co.uk,www.accurocare.co.uk,Accurocare Risca Limited,1
Medway,Care Home Service,Childrens Home,Personal care for children,,,Wrexham,,Wrexham,2,01978438081,manager.medway@keys-group.co.uk,https://www.keys-group.co.uk,Bryn Melyn Care Limited,2
Meifod & Vicarage Court,Care Home Service,Adults Without Nursing,"Personal care for adults, Learning disability, Mental health",Gardden Road,,Wrexham,LL14 2EN,Wrexham,46,01978447580,meifodmanager@hotmail.com,,Llewelyn Healthcare Group ltd,1
Meifod Pre-school,Childrens Day Care,Full Day Care,,Meifod School,,Meifod,SY22 6DF,Powys,16,07779721496,office@meifodpreschool.co.uk,www.meifodpreschool.co.uk,Meifod Pre-school,1
Meithrin Mwy Plas Coch,Childrens Day Care,Full Day Care,,Ysgol Plas Coch,Ffordd Stansti,Wrecsam,LL11 2BU,Wrexham,24,01978 318905,meithrinmwy123@outlook.com,,Meithrin Mwy Plas Coch,1
Meithrin Tredelerch,Childrens Day Care,Full Day Care,,Scouts Hall,Cemeas Crescent,Cardiff,CF3 1TA,Cardiff,30,07943205533,,,Meithrin Tredelerch Limited,1
Meithrinfa Andi Pandi's Day Nursery LTD,Childrens Day Care,Full Day Care,,Andi Pandi's Day Nursery,15-17,Ammanford,SA18 2DB,Carmarthenshire,64,01269 595757,info@andipandis.co.uk,,Meithrinfa Andi Pandi's Day Nursery LTD,1
Meithrinfa Blagur Cyf,Childrens Day Care,Full Day Care,,Hen Ysgol,Rhydyclafdy,Pwllheli,LL53 7YW,Gwynedd,37,01758740960,meithrinfablagur@outlook.com,,Meithrinfa Blagur Cyf,1
Meithrinfa Cae`r Ffair Ltd,Childrens Day Care,Full Day Care,,Meithrinfa Cae`r Ffair Nursery,2 Church Road,Llanelli,SA14 7NF,Carmarthenshire,45,01269833844,caerffair@aol.com,www.caerffair.com,Cae`r Ffair Ltd,1
Meithrinfa Chwarae Teg Day Care Nursery,Childrens Day Care,Full Day Care,,Methrinfa Chwarae Teg Nursery,2 Penrhyn Isaf Road Penrhyn Bay,Llandudno,LL30 3LT,Conwy,61,01492 543123,chwaraeteg_penrhyn@yahoo.com,https://www.chwaraetegnursery.com/,Barcallan Ltd,1
Meithrinfa Chwarae Teg Nursery Abergele,Childrens Day Care,Full Day Care,,17 Lon Kinmel,Pensarn,Abergele,LL22 7SG,Conwy,64,01745 832294,mctnursery@yahoo.co.uk,https://www.chwaraetegnursery.com/,Barcallan Ltd,2
Meithrinfa Cwtsh Plant Bach,Childrens Day Care,Full Day Care,,Play Cwtsh Chwarae,Unit 12-14,Ammanford,SA18 3SJ,Carmarthenshire,27,,cwtshplantbach25@outlook.com,,Amera-Lucas ltd,1
Meithrinfa Dechrau Disglair,Childrens Day Care,Full Day Care,,Dyffryn Y Glowyr,Heol Bethel,Swansea,SA9 2PT,Powys,30,01639846060,mdd@dyffrynyglowyr.powys.sch.uk,,Meithrinfa Dechrau Disglair Committee,1
Meithrinfa Do Re Mi Nursery,Childrens Day Care,Full Day Care,,Meithrinfa Do Re Mi Nursery,Station Road,Haverfordwest,SA62 5RY,Pembrokeshire,33,01348 840297,diane@do-re-mi.cymru,,Meithrinfa Do Re Mi Nursery Cyf,1
Meithrinfa Dydd Ser Bach Cylch Waunceirch,Childrens Day Care,Full Day Care,,Owain Glyndwr Community Centre,Llwyn Helyg,Neath,SA10 7BZ,Neath Port Talbot,19,07444252644,cylchwaunceirch@gmail.com,,Meithrinfa Dydd ser bach/ little stars day nursery,1
Meithrinfa Enfys Fach Pwllheli,Childrens Day Care,Full Day Care,,Meithrinfa Enfys Fach Pwllheli Cyf,Cardiff Road,Pwllheli,LL53 5NU,Gwynedd,35,01758472073,enfysfachpwllheli@gmail.com,,Meithrinfa Enfys Fach Cyf,1
Meithrinfa Ffalabalam Cyf,Childrens Day Care,Full Day Care,,Hafod Elfyn,,Bangor,LL57 2BX,Gwynedd,116,01248352555,swyddfa@ffalabalam.co.uk,www.ffalabalam.co.uk,Meithrinfa Ffalabalam Cyf,2
Meithrinfa Garth Olwg,Childrens Day Care,Full Day Care,,Gartholwg Community Campus,,Pontypridd,CF38 1RQ,Rhondda Cynon Taf,60,01443209120,post@meithrinfagartholwg.co.uk,,Mudiad Meithrin CYF,1
Meithrinfa Gymraeg Derwen Deg,Childrens Day Care,Full Day Care,,Derwen Deg,Broad Street,Llandudno Junction,LL31 9HL,Conwy,30,01492203398,rheolwr.derwendeg@gmail.com,https://derwendeg.cymru/,Meithrinfa Gymraeg Derwen Deg,1
Meithrinfa Hapus Dyrfa,Childrens Day Care,Full Day Care,,Hapus Dyrfa,Cambrian House,Burry Port,SA16 0NE,Carmarthenshire,58,01554835754,admin@hapusdyrfa.com,,Holutions Ltd,3
Meithrinfa Hen Felin,Childrens Day Care,Full Day Care,,Meithrinfa Hen Felin,,Porthmadog,LL49 9RN,Gwynedd,40,01766514764,mhfelin23@outlook.com,,Meithrinfa Hen Ysgol,1
Meithrinfa Hen Ysgol,Childrens Day Care,Full Day Care,,The Old School,Chapel Street,Porthmadog,LL49 9DS,Gwynedd,75,01766515909,theoldschoolnursery@hotmail.com,,Meithrinfa Hen Ysgol,3
Meithrinfa Jac-Y-Do,Childrens Day Care,Full Day Care,,Ffordd y Faenor,,Ammanford,SA18 3AP,Carmarthenshire,90,01269592226,info@jac-y-do.co.uk,meithrinfajac-y-do.co.uk,Meithrinfa Jac-Y-Do,1
Meithrinfa Joio Day Nursery,Childrens Day Care,Full Day Care,,40 St James Crescent,,Swansea,SA1 6DR,Swansea,56,01792978705,joiodaynursery@gmail.com,,Meithrinfa Joio Day Nursery Ltd,1
Meithrinfa Liliwenfach,Childrens Day Care,Full Day Care,,Meithrinfa Liliwenfach,Bolahaul Road Cwmffrwd,Carmarthen,SA31 2LP,Carmarthenshire,52,07964432699,Liliwenfach-Nursery@outlook.com,,Meithrinfa Liliwenfach Nursery,2
Meithrinfa Liliwenfach Nursery,Childrens Day Care,Full Day Care,,Building 1 Parc Dewi Sant,Job's Well Road,Carmarthen,SA31 3HB,Carmarthenshire,145,07896475947,meithrinfa-liliwenfach-nursery@hotmail.com,,Meithrinfa Liliwenfach Nursery,1
Meithrinfa o law i law,Childrens Day Care,Full Day Care,,Towyn Road Phyiotherapist,Heol Towyn,Blaenau Ffestiniog,LL41 3UR,Gwynedd,28,01766831235,olawilaw@hotmail.com,,O Law i Law cyf,1
Meithrinfa Ogwen Cyf.,Childrens Day Care,Full Day Care,,Meithrinfa Ogwen,Carneddi Bethesda,Bangor,LL57 3RU,Gwynedd,41,07824340020,post@meithrinfaogwen.co.uk,www.meithrinfaogwen.co.uk,Meithrinfa Ogwen Cyf,2
Meithrinfa Pitian Patian Llanwnda,Childrens Day Care,Full Day Care,,Ty Hen,,Caernarfon,LL54 5SD,Gwynedd,52,01286831155,swyddfa@pitianpatian.com,www.pitianpatian.com,Pitian Patian Llanwnda Cyf,2
Meithrinfa Pontnewydd,Childrens Day Care,Full Day Care,,40 Station Road,Pontnewydd,Cwmbran,NP44 1NZ,Torfaen,86,01633873893,meithrinfapontnewydd@aol.com,,Pontnewydd Child Care Ltd,1
Meithrinfa Ser Bach Cyf,Childrens Day Care,Full Day Care,,Llys Goferydd,,Llangefni,LL77 7XA,Isle of Anglesey,55,01248751454,office.serbach@gmail.com,www.meithrinfaserbach.co.uk,Meithrinfa Ser Bach Cyf,1
Meithrinfa Sêr Môr Beaumaris,Childrens Day Care,Full Day Care,,Ysgol Gynradd Beaumaris,,Beaumaris,LL58 8HL,Isle of Anglesey,19,07873345474,sermorb@gmail.com,,Meithrinfa Sêr Môr Beaumaris,1
Meithrinfa Seren Day Nursery,Childrens Day Care,Full Day Care,,University Of Wales Trinity St. David,Lampeter Campus,Lampeter,SA48 7ED,Ceredigion,36,01570423426,meithrinfaseren@yahoo.com,,Seren Day Nursery Ltd,4
Meithrinfa Seren Fach,Childrens Day Care,Full Day Care,,Meithrinfa Seren Fach,Brithdir,Dolgellau,LL40 2RW,Gwynedd,42,01341423434,meithrinfa@serenfach.cymru,,Meithrinfa Seren Fach,1
Meithrinfa Si-Lwli,Childrens Day Care,Full Day Care,,24 Park Road,,Cardiff,CF14 7BQ,Cardiff,58,02920 626720,whitchurch@silwli.co.uk,www.silwli.co.uk,Meithrinfa Silwli Nursery Ltd,1
Meithrinfa Siwgr Plwm Cyf,Childrens Day Care,Full Day Care,,Ffordd Heulog,,Llanedwen,LL61 6EQ,Isle of Anglesey,70,01248 714 700,info@siwgrplwm.com,www.siwgrplwm.co.uk,Meithrinfa Siwgr Plwm Cyf,3
Meithrinfa Siwgr Plwm Dwynwen,Childrens Day Care,Full Day Care,,Ysgol Santes Dwynwen,Lon Twnti Newborough,Llanfairpwllgwyngyll,LL61 6AE,Isle of Anglesey,25,01248714700,info@siwgrplwm.com,wwwsiwgrplwm.com,Meithrinfa Siwgr Plwm Cyf,1
Meithrinfa Siwgr Plwm Henblas,Childrens Day Care,Full Day Care,,Ysgol Henblas,Llangristiolus,Ynys Mon,LL62 5DN,Isle of Anglesey,22,07484244884,sioned68@btinternet.com,wwwsiwgrplwm.com,Meithrinfa Siwgr Plwm Cyf,2
Meithrinfa Teifi Tots Nursery,Childrens Day Care,Full Day Care,,Clydfan,New Road,Newcastle Emlyn,SA38 9BA,Carmarthenshire,30,01239711721,info@teifitots.co.uk,www.teifitots.co.uk,Teifi Tots Limited,1
Meithrinfa Traed Bach,Childrens Day Care,Full Day Care,,Yr Hen Lyfrgell,,Llanrwst,LL26 0AG,Conwy,42,01492642218,traedbach1@yahoo.co.uk,,Traed Bach Cyf,1
Meithrinfa Twt Lol,Childrens Day Care,Full Day Care,,Meithrifa Twtlol,Pentrefoelas,Betws-y-coed,LL24 0HY,Conwy,23,01690770335,Meithrinfa.twtlol@outlook.com,,Meithrinfa Twt Lol  CYF,2
Meithrinfa Twt Lol Bach CYF,Childrens Day Care,Full Day Care,,Meithrifa Twtlol,Pentrefoelas,Betws-y-coed,LL24 0HY,Conwy,12,01690770335,meithrinfa.twtlol@outlook.com,,Meithrinfa Twt Lol  CYF,1
Meithrinfa Twts Tywi Nursery,Childrens Day Care,Full Day Care,,Cwm Cudyll Fach,,Llandeilo,SA19 7BR,Carmarthenshire,36,01550779039,info@twtstywi.co.uk,,TWTS TYWI LIMITED,2
Meithrinfa Ty Bryn Nursery,Childrens Day Care,Full Day Care,,Bryn-y-Neuadd Hospital,Aber Road,Llanfairfechan,LL33 0HL,Conwy,26,01248681918,julieeverley@icloud.com,,Ty Bryn Ltd,1
Meithrinfa Ty Hapus,Childrens Day Care,Full Day Care,,Ysgol Gynradd Gymraeg Tan-y-lan,30 Hill View Crescent Clase,Swansea,SA6 7HN,Swansea,50,01792772800,info@meithrinfatyhapus.com,www.meithrinfatyhapus.com,The World of Play 2007 Limited,1
Meithrinfa Y Pelican Cyf,Childrens Day Care,Full Day Care,,St Anne`s School,Croft Street,Cardiff,CF24 3DZ,Cardiff,47,02921328842,manager@ypelican.co.uk,www.ypelican.co.uk,Meithrinfa Y Pelican CYF,1
Melbourne House Care Home ,Care Home Service,Adults Without Nursing,"Personal care for adults, Mental health",Melbourne House,22-24,Llanelli,SA14 6SP,Carmarthenshire,23,01269845404,melhouse2224@gmail.com,https://www.melbourne-house.co.uk/,Melbourne House Care Home limited,1
Melin Childcare,Childrens Day Care,Full Day Care,,Melin Primary School,Mile End Row,Neath,SA11 2ED,Neath Port Talbot,18,07542724239,melinchildcare@gmail.com,,Melin Childcare Ltd,2
Melin Flying Start,Childrens Day Care,Sessional Day Care,,Melin Infant School,Herbert Road,Neath,SA11 2DD,Neath Port Talbot,20,07504130596,melinplaygroup@gmail.com,,Melin Childcare Ltd,1
Melyn Rose House,Care Home Service,Childrens Home,Personal care for children,,,Swansea,,Swansea,4,01792936145,truefocuscareltd@outlook.com,,True Focus Care LTD,1
Mencap Cymru Respite Service Bryn Siriol,Care Home Service,Adults Without Nursing,"Personal care for adults, Learning disability",Bryn Siriol,Fifth Avenue,Aberystwyth,SY23 1QT,Ceredigion,3,01970630167,monica.jeff@mencap.org.uk,www.mencap.org.uk/cymru,Royal Mencap Society,2
Merllyn Childcare,Childrens Day Care,Full Day Care,,Merllyn Cp School,Foel Gron,Bagillt,CH6 6BB,Flintshire,19,,merllynchildcarebagillt@gmail.com,,Merllyn Childcare,1
Mes Enfants Day Nursery,Childrens Day Care,Full Day Care,,Mes Enfants,742 Mumbles Road,Swansea,SA3 4EL,Swansea,32,01792366366,hello@mesenfants.co.uk,www.mesenfants.co.uk,Mes Enfants Limited,1
Mes Llwynderw,Childrens Day Care,Full Day Care,,Ysgol Gynradd Gymraeg Llwynderw,West Cross Lane West Cross,Swansea,SA3 5LS,Swansea,60,01792407130,6702235_YGGLlwynderw@Hwbcymru.net,,Mes Llwynderw,1
Messy Monsters Day Nursery,Childrens Day Care,Full Day Care,,Gifach Goch Community Association,Cambrian Avenue,Porth,CF39 8TG,Rhondda Cynon Taf,34,01443 675 004,messymonsters@ggca.org.uk,www.ggca.org.uk,Gilfach Goch Community Association Ltd,2
Mighty Oaks Blackwood,Childrens Day Care,Full Day Care,,Blackwood Primary School,Apollo Way,Blackwood,NP12 1WA,Caerphilly,32,07480879713,MightyOaks23@hotmail.com,,Mighty Oaks Blackwood Ltd,1
Mill House,Care Home Service,Adults Without Nursing,"Mental health, Personal care for adults",Ucan Care Ltd,1 Mill Terrace,Treharris,CF46 5ED,Merthyr Tydfil,3,01443411545,info@ucancare.com,https://www.ucancare.com,Ucan Care Limited,1
Mill House Residential Care Home,Care Home Service,Adults Without Nursing,"Personal care for adults, Learning disability, Mental health",27 Pentre Street,,Cardiff,CF11 6QX,Cardiff,4,02920253176,info@crscare.com,,CRS CARE LIMITED,1
Mill Lane Childcare Garndiffaith,Childrens Day Care,Full Day Care,,The Shop,The Avenue Garndiffaith,Pontypool,NP4 7QN,Torfaen,50,01495 825317,garndiffaith@milllanechildcare.com,,Mill Lane Childcare Ltd,1
Mill Row,Care Home Service,Adults Without Nursing,"Personal care for adults, Learning disability, Mental health",7 Mill Row,Pontardawe,Swansea,SA8 3AD,Neath Port Talbot,4,01792832307,rhian.jones@ivolve.care,www.ivolve.care,Tan Yr Allt Lodge Ltd,2
Millbrook Care Home Ltd,Care Home Service,Adults Without Nursing,Personal care for adults,Millbrook Residential Home,Gelligroes Road Pontllanfraith,Blackwood,NP12 2JU,Caerphilly,50,01495225861,milbrookhome@gmail.com,,HILL VIEW CARE HOME LIMITED,2
Millheath Nursing Home,Care Home Service,Adults With Nursing,"Nursing care for adults, Personal care for adults",Mill Heath Nursing Home,Parret Road,Newport,NP20 7DQ,Newport,40,01633820964,millheath@summerhillgroup.co.uk,,FC Mill Heath LTD,1
Millview Care Home,Care Home Service,Adults With Nursing,"Nursing care for adults, Personal care for adults",Mill View Care Home,Brook Street Ystrad,Pentre,CF41 7RB,Rhondda Cynon Taf,40,01443430014,millview@silvercrestcare.co.uk,http://silvercrestcare.co.uk/our-care-homes/mill-view/,BKM LTD,1
Milsom House,Care Home Service,Adults With Nursing,"Nursing care for adults, Personal care for adults, Mental health",Milsom House Residential & Nursing Home,Rectory Road,Barry,CF62 4NY,Vale of Glamorgan,37,01446750166,louise@milsomhouse.co.uk,www.milsomhouse.co.uk,The Manor House St.Hilary Ltd,1
Min Zaman,Care Home Service,Childrens Home,Personal care for children,,,Haverfordwest,,Pembrokeshire,5,01437711176,min.zaman@genesiscte.co.uk,stdavidsasc.wales,St Davids ASC (Marlowe) Ltd,1
Minerva House,Care Home Service,Childrens Home,Personal care for children,,,Wrexham,,Wrexham,2,07733487859,minerva@omegalife.uk,https://omegalife.uk/care/,Omega Care Group Ltd,2
Mini Acorns Ltd,Childrens Day Care,Full Day Care,,Williamstown Primary School,Dinas Isaf West Williamstown,Tonypandy,CF40 1AG,Rhondda Cynon Taf,16,,miniacornsrct@gmail.com,,Mini Acorns LTD,1
Mini Heroes Ltd,Childrens Day Care,Full Day Care,,The Old Library,Mount Lane,Llanidloes,SY18 6EZ,Powys,15,01686 411061,littleheroesnursery@gmail.com,,Little Heroes Nursery Ltd,2
Mini Me Private Day Nursery,Childrens Day Care,Full Day Care,,Ground Floor Fairoak House,Bishop Street,Newport,NP19 7EJ,Newport,66,01633 262655,minimenursery@aol.com,minimeprivatedaynursery.co.uk,Mini Me Private Day Nursery Ltd,1
Mini Me's Person Bach Fel Fi Ltd,Childrens Day Care,Full Day Care,,Roseheyworth Millenium Primary School,Roseheyworth Road,Abertillery,NP13 1SR,Blaenau Gwent,23,07890165529,MUNDY_C@sky.com,,Mini Me's Person Bach Fel Fi Ltd,1
Mini Miners Centre,Childrens Day Care,Full Day Care,,Bryn Seion Chapel,Lisburn Road Ystrad Mynach,Hengoed,CF82 7AS,Caerphilly,40,01443520370,miniminersclub@gmail.com,,Mini Miners Group LTD,1
Mini Miners Club,Childrens Day Care,Full Day Care,,Cameron House,57 Commercial Street,Hengoed,CF82 7DW,Caerphilly,56,01443 520370,miniminersclub@gmail.com,,Mini Miners Group LTD,3
Mini Miners Hall,Childrens Day Care,Full Day Care,,Gospel Hall,Davies Street,Ystrad Mynach,CF82 8AD,Caerphilly,30,,mini.miners.hall@gmail.com,,Mini Miners Group LTD,2
Mini Mitres,Childrens Day Care,Out of School Care,,The Cathedral School,Cardiff Road,Cardiff,CF5 2YH,Cardiff,40,02920 563179,holidayclub@cathedral-school.co.uk,www.cathedral-school.co.uk,The Cathedral School (Llandaff) Limited,1
Minstrels,Care Home Service,Adults Without Nursing,"Personal care for adults, Learning disability",Minstrels,Backe Road,Carmarthen,SA33 4EU,Carmarthenshire,5,01994232985,admin@carninglitrust.org,https://www.carninglitrust.org/,CARNINGLI TRUST (THE),3
Miri Mawr Nursery,Childrens Day Care,Full Day Care,,Miri Mawr Nursery,19 Gabalfa Road,Cardiff,CF14 2JH,Cardiff,36,02920560109,mirimawr@meithrinfa.com,www.mirimawrmeithrinfa.com,Miri Mawr Nursery Ltd,1
Miri Morswyn (Gofal Dydd Llawn),Childrens Day Care,Full Day Care,,Miri Morswyn (gofal Dydd Llawn),Ysgol Gymraeg Morswyn,Caergybi,LL65 2PU,Isle of Anglesey,50,01407 765781,mirimorswyn@gmail.com,,Miri Morswyn (Gofal Dydd Llawn),1
Mochdre Playgroup,Childrens Day Care,Full Day Care,,Mochdre Infant School,Station Road Mochdre,Colwyn Bay,LL28 5EF,Conwy,26,01492 540 194,mochdreplaygroup@hotmail.com,,Mochdre Playgroup,1
Monkeys@High Cross Breakfast & After School Club Ltd,Childrens Day Care,Out of School Care,,High Cross Primary School,High Cross Drive Rogerstone,Newport,NP10 9AB,Newport,16,07546580031,HCbreakfastclub@marshfieldmonkeys.co.uk,,Monkeys@High Cross Breakfast & After School Club Ltd,1
Monkstone House,Care Home Service,Adults Without Nursing,Personal care for adults,Monkstone House Residential Home,1 Locks Common Road,Porthcawl,CF36 3HU,Bridgend,41,01656782701,office@mhrh.co.uk,monkstonehouse.co.uk,J & P RESIDENTIAL HOMES LIMITED,1
Monkton Priory Day Care,Childrens Day Care,Full Day Care,,Monkton Priory C P School,Monkton,Pembroke,SA71 4LS,Pembrokeshire,38,01646 685685,zoe.pannell@pembrokeshire.gov.uk,,Monkton Priory C.P. School Governing Body,1
Monmouth Day Nursery,Childrens Day Care,Full Day Care,,The Store House,Howells Place,Monmouth,NP25 3ED,Monmouthshire,52,01600772850,monmouthnursery@btconnect.com,,Monmouth Day Nursery Limited,3
Monmouth Day Nursery at HABS,Childrens Day Care,Full Day Care,,Monmouth School For Girls,Hereford Road,Monmouth,NP25 5XT,Monmouthshire,52,07888896760,shannon.monmouthday@outlook.com,,Monmouth Day Nursery Limited,1
Montrose House,Care Home Service,Childrens Home,Personal care for children,,,Swansea,,Swansea,3,01792963119,montrosehouse@innovative-care.co.uk,www.innovative-care.co.uk,Innovative Care Limited,4
Montrose Residential Home,Care Home Service,Adults Without Nursing,Personal care for adults,Montrose Rest Home,35a,Haverfordwest,SA61 1PE,Pembrokeshire,10,01437 764395,montrose35a@hotmail.co.uk,,Sarah Wilkie,1
Moorcroft Residential Care Home,Care Home Service,Adults Without Nursing,Personal care for adults,Moorcroft Residential Home,Fferm Bach Road,Llandudno,LL30 1UA,Conwy,24,01492 877050,moorcroftcare@gmail.com,www.moorcroftcare.co.uk,Moorcroft Residential Care Home Limited,1
Moorland Home,Care Home Service,Adults With Nursing,"Nursing care for adults, Personal care for adults, Learning disability, Mental health",344-346,Swansea Road,Swansea,SA5 4SQ,Swansea,42,01792 343918,diana@moorlandhome.co.uk,www.saluscare.co.uk,Moorlands Waunarlwydd Limited,1
Morel Court,Care Home Service,Adults Without Nursing,Personal care for adults,Raisdale Road,,Penarth,CF64 5BN,Vale of Glamorgan,36,02920704811,suzanne.taplin@mha.org.uk,https://mha.org.uk/care-support/care-homes/morel-court,Methodist Homes,3
Morgana Court and Lodge,Care Home Service,Adults With Nursing,"Nursing care for adults, Personal care for adults, Mental health",Morgana Court,Porthcawl Road,Bridgend,CF33 4RE,Bridgend,63,01656746887,Morgana@silvercrestcare.co.uk,http://silvercrestcare.co.uk/our-care-homes/morgana-court/,Silvercrest Care Homes LTD,1
Morgannwg House,Care Home Service,Adults With Nursing,"Learning disability, Mental health, Nursing care for adults, Personal care for adults",Morgannwg House Care Home,2 Glamorgan Street,Brecon,LD3 7DW,Powys,20,01874 610018,admin@hapuscaregroup.com,,Hapus Care Group Ltd,1
Morgans House,Care Home Service,Childrens Home,,,,Bargoed,,Caerphilly,2,07704099886,jeanpierre@serensteps.co.uk,,SEREN STEPS CARE CIC,1
Moriah Baptist Church Pre-School/Playgroup,Childrens Day Care,Sessional Day Care,,Moriah Baptist Church,Tredegar Street,Newport,NP11 6BU,Caerphilly,26,01633614319,moriahplaygroup@hotmail.com,,Moriah Baptist Church Pre-School/Playgroup,1
Morris Mouse Day Nursery Ltd,Childrens Day Care,Full Day Care,,Slate St,,Swansea,SA6 8AA,Swansea,80,07535483354,morrismousedaynursery@msn.com,www.morrismousedaynursery.info,Morris Mouse Day Nursery Ltd,1
Mother Goose Nursery,Childrens Day Care,Full Day Care,,Unit 17,Penley Industrial Estate,Wrexham,LL13 0LQ,Wrexham,35,01948830003,mothergoosepenley@gmail.com,www.mothergoosenursery.org.uk,Mother Goose (Wrexham) Ltd,2
Mount Pleasant Playgroup,Childrens Day Care,Full Day Care,,Mount Pleasant Baptist Church,Mount Pleasant,Barry,CF63 2HE,Vale of Glamorgan,24,07387633856,mountpleasantplaygroup@gmail.com,,Mount Pleasant Playgroup,1
Mountain View,Care Home Service,Childrens Home,Personal care for children,,,Bridgend,,Bridgend,2,01656507945,emma@guidedstars.co.uk,,Guidedstars LTD,2
Mountain View,Care Home Service,Childrens Home,Personal care for children,,,Aberdare,,Rhondda Cynon Taf,4,01685810439,manager.mountainview@keys-group.co.uk,,Keys Care Limited,4
Mrs Puddleducks Day Nursery,Childrens Day Care,Full Day Care,,Rassau Resource Community Centre Ltd,School Road,Ebbw Vale,NP23 5PP,Blaenau Gwent,60,01495306525,mrspuddleducks@yahoo.co.uk,,Rassau Resource Community Centre LTD,1
Muddy Puddles Forest and Coastal School,Childrens Day Care,Out of School Care,,Cefn Y Fran,,Abergele,LL22 8NH,Conwy,15,07568568623,forestandcoastalschool@gmail.com,,Muddy Puddles Forest & Coastal School Ltd.,1
Mumbles Nursing Home,Care Home Service,Adults With Nursing,"Nursing care for adults, Personal care for adults, Mental health",Mumbles Nursing Home,278 Mumbles Road West Cross,Swansea,SA3 5AB,Swansea,28,01792 405353,plasnewyddcareltd@gmail.com,http://www.plasnewydd-care-home.co.uk,Plas Newydd Care Ltd,2
Munchkins @ Ysgol Llanbedr,Childrens Day Care,Full Day Care,,Ysgol Llanbedr,Llanbedr Dyffryn Clwyd,Ruthin,LL15 1SU,Denbighshire,50,07724671343,munchkinsllanbedrcoms@gmail.com,,Munchkins @ Ysgol Llanbedr,1
My Ohana IKEA Cardiff,Childrens Day Care,Creche,,Ikea,Ferry Road,Cardiff,CF11 0XR,Cardiff,40,02920729760,,www.myohana.co.uk,Tinies U.K. Limited,1
Myrtle House Day Nursery,Childrens Day Care,Full Day Care,,Elim Pentecostal Church,"Myrtle House, 22 Myrtle Terrace",Llanelli,SA15 1LH,Carmarthenshire,97,01554744791,nursery@myrtlehouse.org.uk,www.myrtlehousenursery.org.uk,Myrtle House Ltd,1
Nannerch Under Fives,Childrens Day Care,Sessional Day Care,,Memorial Hall,Village Road,Nannerch,CH7 5RD,Flintshire,25,07737836669,NU5PG@outlook.com,,Nannerch Under Fives,1
Nant Leiros House,Care Home Service,Adults Without Nursing,Learning disability,20 Penywern Road,,Neath,SA10 7AR,Neath Port Talbot,7,01639 687841,Lee.bates@carewithoutcompromise.org.uk,www.carewithoutcompromise.org.uk,Care Without Compromise Limited,4
Nant View,Care Home Service,Childrens Home,Personal care for children,,,Mountain Ash,,Rhondda Cynon Taf,3,01443740000,manager.nantview@keys-group.co.uk,,Keys Care Limited,3
Nant Y Groes Playgroup,Childrens Day Care,Full Day Care,,Greenfield Road,,Colwyn Bay,LL29 8ET,Conwy,40,07870787192,angus-aubreyj5@hwbcymru.net,,Nant y Groes Playgroup,1
Nant-y-Cwm Steiner School,Childrens Day Care,Full Day Care,,Nant-y-cwm Rudolf Steiner School,Llanycefn,Clynderwen,SA66 7QJ,Pembrokeshire,50,01437563640,info@nant-y-cwm.co.uk,www.nant-y-cwm.co.uk,Nant-y-Cwm Steiner School,1
Nantyr View,Care Home Service,Childrens Home,"Learning disability, Personal care for children",,,Wrexham,,Wrexham,1,07747112381,l.jones@cynhenidcare.co.uk,www.cynhenidcare.co.uk,Cynhenid Care LTD,1
Nazareth House - Cardiff,Care Home Service,Adults With Nursing,"Nursing care for adults, Personal care for adults",Nazareth House,Colum Road,Cardiff,CF10 3UN,Cardiff,54,02920220943,gm.cardiffuk@nazarethcare.com,https://www.sistersofnazareth.com/region/united-kingdom-region/,Nazareth Care Charitable Trust,1
Nestlings Forest School and Nursery,Childrens Day Care,Full Day Care,,The Lodge,Glascoed Road,Wrexham,LL11 5YG,Wrexham,15,07972173102,Info@nestlingsforestschool.co.uk,https://www.nestlingsforestschool.co.uk/,Nestlings Forest School,1
Nestlings' Nursery,Childrens Day Care,Full Day Care,,5 St. Andrews Crescent,,Cardiff,CF10 3DA,Cardiff,46,02921320909,standrews@nestlingsnursery.co.uk,www.nestlingsnursery.co.uk,Nestlings' Nursery Ltd,2
Nevill Hall Creche Association,Childrens Day Care,Full Day Care,,Bron Haul,Nevill Hall Hospital,Abergavenny,NP7 7EG,Monmouthshire,53,01873732665,elaine.white@wales.nhs.uk,,NEVILL HALL CRECHE ASSOCIATION,1
New Beginnings (Rhondda) Ltd,Childrens Day Care,Full Day Care,,New Beginnings Nursery,209 Ystrad Road,Pentre,CF41 7PE,Rhondda Cynon Taf,49,01443432718,newbeginningsrct@yahoo.co.uk,www.newbeginningsrhondda.co.uk,New Beginnings (Rhondda) Ltd,1
New Broughton Full Day Child Care,Childrens Day Care,Full Day Care,,Ysgol Penrhyn New Broughton Cp School,School Lane Southsea,Wrexham,LL11 6SF,Wrexham,30,01978269923,mailbox@penrhyn-pri.wrexham.sch.uk,,New Broughton Full Day Child Care,1
New Cranford EMI Care Home,Care Home Service,Adults Without Nursing,"Personal care for adults, Mental health",The New Cranford,13 Carmen Sylva Road,Llandudno,LL30 1LZ,Conwy,22,01492877828,newcranford@outlook.com,www.newcranford.co.uk,TC60 LIMITED,1
New House,Care Home Service,Childrens Home,,,,Newtown,,Powys,1,07891991928,Richardrees1212@outlook.com,,Dyfodol Limited,3
Newry Juniors,Childrens Day Care,Full Day Care,,41-43,Market Street,Holyhead,LL65 1UN,Isle of Anglesey,94,01407764716,newryjuniors@btinternet.com,,Newry Juniors Ltd,3
Newry Juniors @ St Marys,Childrens Day Care,Full Day Care,,St. Marys School,Longford Road,Holyhead,LL65 1TR,Isle of Anglesey,30,07854995423,newryjuniors@btinternet.com,,Newry Juniors Ltd,1
Newry@Llanfawr,Childrens Day Care,Full Day Care,,The Cabin,Ysgol Llanfawr,Holyhead,LL65 2DS,Isle of Anglesey,56,07854995423,cabanllanfawr@gmail.com,,Newry Juniors Ltd,2
Newton Care Home,Care Home Service,Adults Without Nursing,"Personal care for adults, Learning disability, Mental health",Newton Care Home,280-288,Porthcawl,CF36 5PL,Bridgend,35,01656771022,newtoncare@hotmail.com,www.porthcawlcarehomes.com,breaksea residential homes ltd,1
Newton Court,Care Home Service,Adults Without Nursing,Personal care for adults,Newton Court Residential Home,Newton Court Highpool Lane Newton,Swansea,SA3 4UX,Swansea,28,07989136094,katiebrown@cch-uk.com,cch-uk.com,Christadelphian Care Homes,1
Neyland House Care Home,Care Home Service,Adults Without Nursing,"Personal care for adults, Learning disability",Neyland House,Neyland Terrace,Milford Haven,SA73 1PP,Pembrokeshire,11,01646601744,manager@waterviewcare.co.uk,www.waterviewcare.co.uk,WATERVIEW CARE LIMITED,1
Neyland Playgroup,Childrens Day Care,Sessional Day Care,,The Pembrokeshire Learning Centre,St. Clements Road Neyland,Milford Haven,SA73 1SH,Pembrokeshire,26,07532431290,,,Neyland Playgroup and Toddler Club,1
Nightingales Pre School,Childrens Day Care,Full Day Care,,15 Albert Crescent,,Penarth,CF64 1DA,Vale of Glamorgan,46,02920 701074,nightingalespreschool@gmail.com,NIGHTINGALES NURSERY . CO.UK,Nightingales Pre School Ltd,1
Nipperbout Limited,Childrens Day Care,Creche,,Venue Cymru,The Parade,Llandudno,LL30 1BB,Conwy,130,01296712658,events@nipperbout.com,www.nipperbout.com,Nipperbout Limited,1
Noah`s Ark Childcare Limited,Childrens Day Care,Full Day Care,,21 High Street,,Swansea,SA4 4BX,Swansea,31,01792894774,office@noahsarkchildcare.info,www.noahsarkchildcare.info,Noah`s Ark Childcare Ltd,1
Noah`s Ark Nursery,Childrens Day Care,Full Day Care,,Noahs Ark,Tabernacle Lane,Narberth,SA67 7DE,Pembrokeshire,67,01834869328,Info@noahsarknarberth.co.uk,www.noahsarknarberth.co.uk,Noah`s Ark Nursery (Pembrokeshire) Ltd,1
Norcot,Care Home Service,Adults Without Nursing,"Personal care for adults, Mental health",17 Palace Avenue,,Rhyl,LL18 1HS,Denbighshire,8,01745 354209,paul.wilkinson@alliancecare.org.uk,,Alliance Care and Support Limited,2
Norcote,Care Home Service,Childrens Home,Personal care for children,,,Ebbw Vale,,Blaenau Gwent,3,01495619050,danielcrandon@positifcare.co.uk,www.positifcare.co.uk,Positif Care Ltd,1
Norfolk House Nursery,Childrens Day Care,Full Day Care,,9 Caerau Crescent,,Newport,NP20 4HG,Newport,68,01633840243,info@norfolkhousenursery.co.uk,www.norfolkhousenursery.co.uk,Norfolk House Nursery Ltd,1
North Cornelly Playgroup Association,Childrens Day Care,Full Day Care,,Cornelly Integrated Childrens Centre,Greenfield Terrace,Bridgend,CF33 4LW,Bridgend,28,01656746571,libby.leyshon@bridgend.gov.uk,,North Cornelly Playgroup Association,1
Nursery Plus Ysgol Pen Y Bryn,Childrens Day Care,Full Day Care,,Nursery Plus,Ysgol Pen Y Bryn,Colwyn Bay,LL29 6DD,Conwy,50,01492531260,swyddfa@penybryn.conwy.sch.uk,http://www.ysgolpenybryn.com,The Governing Body of Ysgol Pen Y Bryn,1
Nursery Rhymes Playgroup,Childrens Day Care,Full Day Care,,Treharris Community Centre,Perrott Street,Treharris,CF46 5ER,Merthyr Tydfil,20,01685725226,nurseryrhymes1@hotmail.co.uk,,Nursery Rhymes Playgroup,1
O law i law,Childrens Day Care,Full Day Care,,Barnardos,Caban Bach,Blaenau Ffestiniog,LL41 3UA,Gwynedd,45,07493411521,olawilaw@hotmail.com,,O Law i Law cyf,2
O.J. Rocks Fun Club,Childrens Day Care,Out of School Care,,Ysgol Owen Jones,Ffordd Owen Northop,Mold,CH7 6AU,Flintshire,41,07521 360402,ojrocksfunclub@gmail.com,https://ysgolowenjones.com/,O.J. Rocks Fun Club,1
Oak House,Care Home Service,Childrens Home,,,,Wrexham,,Wrexham,2,01244 604 699,oak.house@arbourhealthcare.co.uk,,Arbour Healthcare Group Limited,3
Oak House Care Home,Care Home Service,Adults Without Nursing,"Personal care for adults, Learning disability, Mental health",Oak House Residential Home,43-47,Cardiff,CF5 1FJ,Cardiff,32,02920377778,care@oakhousecare.co.uk,,Oak House Care Limited,1
Oak View Nursing Home,Care Home Service,Adults With Nursing,"Nursing care for adults, Personal care for adults, Learning disability, Mental health",Oak View Nursing Home,Southend Terrace Pontlottyn,Bargoed,CF81 9RN,Caerphilly,16,01685707031,cerys.morris@oakviewhome.co.uk,,Oak View Pontlottyn Limited,1
Oakcroft House,Care Home Service,Childrens Home,Personal care for children,,,Wrexham,,Wrexham,6,01691772222,Laurakate@we-are-unique.care,https://we-are-unique.care,Unique Care Homes Ltd,4
Oakdale Manor,Care Home Service,Adults Without Nursing,"Personal care for adults, Mental health",Oakdale Manor Residential Home,Rhiw Syr Dafydd,Blackwood,NP12 0JJ,Caerphilly,31,01495230900,amanda@oakdalemanor.co.uk,,Forest Gate Healthcare Ltd,2
Oakfield,Care Home Service,Adults Without Nursing,,Oakfield,Bennetts Lane Hawarden,Deeside,CH5 3HG,Flintshire,9,01244 737200,info@autismpathways.co.uk,,AP Hawarden Limited,1
Oakhurst,Care Home Service,Childrens Home,,,,Wrexham,,Wrexham,3,07791204801,natalie.fletcher@qewc.co.uk,,Quality Education with Care Limited,3
Oaklands,Care Home Service,Childrens Home,Personal care for children,,,Haverfordwest,,Pembrokeshire,4,01437741699,dyan.boswell@genesiscte.co.uk,stdavidsasc.wales,St Davids ASC (Marlowe) Ltd,2
Oaklands Care Home,Care Home Service,Adults Without Nursing,"Personal care for adults, Mental health",Oaklands,Forge Road,Crickhowell,NP8 1LU,Powys,22,01874730444,sandieevans38@btinternet.com,www.oaklandshome.co.uk,Europa Care Ltd,1
Oaklea Grange,Care Home Service,Childrens Home,"Personal care for children, Learning disability, Mental health",,,Wrexham,,Flintshire,8,01978423166,info@youngfoundations.com,www.youngfoundations.com,Young Foundations Limited,1
Oakleigh,Care Home Service,Childrens Home,"Personal care for children, Learning disability, Mental health",,,Abertillery,,Blaenau Gwent,2,01495618708,timtillings@positifcare.co.uk,www.positifcare.co.uk,Positif Care Ltd,3
Oakleigh House School Out of Hours,Childrens Day Care,Out of School Care,,Oakleigh House School,38 Penlan Crescent Uplands,Swansea,SA2 0RL,Swansea,50,01792298537,info@oakleighhouseschool.co.uk,www.oakleighhouseschool.co.uk,Cognita,1
Oakley House,Care Home Service,Adults Without Nursing,"Personal care for adults, Learning disability",11 Mary Street,,Porthcawl,CF36 3YL,Bridgend,5,01656783203,oakleymanager@positivelifestylesporthcawl.com,,Positive Lifestyles (Porthcawl) Limited,2
Oakmont House,Care Home Service,Childrens Home,"Nursing care for children, Personal care for children, Learning disability, Mental health",,,Llanelli,,Carmarthenshire,3,03301741380,ben@oakmontservicesgroup.co.uk,www.oakmontservicesgroup.co.uk,Oakmont Services Group Ltd,4
Oaktree Childcare Centre,Childrens Day Care,Full Day Care,,Bistre Community Centre,Nant Mawr Road,Buckley,CH7 2PX,Flintshire,40,01244550839,oaktreecc@aol.com,,Oaktree Childcare Centre,1
Oaktree Nursery at Parkland Primary,Childrens Day Care,Full Day Care,,Parkland Primary School,Sketty Park Drive,Swansea,SA2 8NG,Swansea,54,01792205462,parkland.school@swansea-edunet.gov.uk,,Parkland Primary School Governing Body,1
Oakwood Nursing Home,Care Home Service,Adults With Nursing,"Nursing care for adults, Personal care for adults, Mental health",Oakwood Nursing Home,Hazel Drive,Aberdare,CF44 8DB,Rhondda Cynon Taf,43,01685881210,admin@oakwood-nursing-home.co.uk,www.carehome.co.uk,Cwmdare Home Ltd,1
Ocean Day Care Nursery,Childrens Day Care,Full Day Care,,Unit 5,Vanguard Way,Cardiff,CF24 5PG,Cardiff,48,02920484007,info@oceandaynursery.com,www.oceandaynursery.com,Ocean Facilities Limited - (continuing trade name of Ocean Day Care Nursery),1
Ocean Living Residential Care Home,Care Home Service,Adults Without Nursing,Personal care for adults,Ocean Living,734 Mumbles Road Mumbles,Swansea,SA3 4EL,Swansea,15,01792367766,teri.hawthorncourt@mychoicehealthcare.co.uk,www.mychoicehealthcare.co.uk,Hawthorn Court Care Ltd,2
Ochr Y Marian,Care Home Service,Childrens Home,Personal care for children,,,Rhyl,,Denbighshire,4,01745 421546,Amy@we-are-unique.care,https://we-are-unique.care,Unique Care Homes Ltd,2
Ogwr House,Care Home Service,Childrens Home,"Nursing care for children, Personal care for children, Learning disability, Mental health",,,Bridgend,,Bridgend,1,07866397192,Shani@serenitysandc.co.uk,,Serenity Support and Care CIC,1
Old Vicarage Nursing Home,Care Home Service,Adults With Nursing,"Nursing care for adults, Personal care for adults",Old Vicarage Nursing Home,Dulais Fach Road,Neath,SA11 3JW,Neath Port Talbot,42,01639 632553,huwwilliams.oldvicaragetonna@outlook.com,www.oldvicaragenursinghome.co.uk,Old Vicarage Limited (THE),1
Once Upon a Time Childcare Ltd,Childrens Day Care,Full Day Care,,Tonna Primary School,School Road,Neath,SA11 3EJ,Neath Port Talbot,19,07743379395,ouattonna@gmail.com,www.onceuponatime.co.uk,Once Upon a Time Childcare Ltd,1
Open Door Family Centre,Childrens Day Care,Sessional Day Care,,Ty Emrallt,Oldford School,Welshpool,SY21 7TE,Powys,19,01938556238,info@opendoorfamilycentre.co.uk,,Open Door Family Centre,1
OPS Childcare,Childrens Day Care,Full Day Care,,Overmonnow Primary School,Rockfield Road,Monmouth,NP25 5BA,Monmouthshire,48,07966096266,celynchildcare@gmail.com,,Celyn Childcare CIC,1
Options Llys-y-Delyn,Care Home Service,Adults Without Nursing,Personal care for adults,Llys Y Delyn,,St. Asaph,LL17 0AL,Denbighshire,4,01745562570,matthew.thomas@achievetogether.co.uk,www.achievetogether.co.uk,OA2 ADULTS LIMITED,1
Options Pen-Y-Bryn,Care Home Service,Adults Without Nursing,Personal care for adults,Bryn Celyn,,Holywell,CH8 7QF,Flintshire,4,03300021823,rachael.hawkins@achievetogether.co.uk,www.achievetogether.co.uk,OA2 ADULTS LIMITED,3
Options Phoenix House,Care Home Service,Adults Without Nursing,Personal care for adults,Bryn Celyn,,Holywell,CH8 7QF,Flintshire,4,01352716082,rachael.hawkins@achievetogether.co.uk,www.achievetogether.co.uk,OA2 ADULTS LIMITED,2
Orchard Day Nursery Penarth Ltd,Childrens Day Care,Full Day Care,,46 Clive Place,,Penarth,CF64 1AW,Vale of Glamorgan,36,02920705599,Orchardnurserypenarth@outlook.com,,Orchard Day Nursery Penarth Ltd,1
Orchard House Residential Care Home,Care Home Service,Adults Without Nursing,Personal care for adults,Orchard House Residential Home,3-7,Barry,CF62 8HJ,Vale of Glamorgan,40,01446720876,natgbsn@yahoo.co.uk,,Northcote Developments Ltd,1
Orme View Dementia Care,Care Home Service,Adults Without Nursing,Personal care for adults,Abbey Nursing Home,81 Abbey Road,Llandudno,LL30 2EH,Conwy,16,01492875993,manager@oremview.co.uk,www.ormeview.co.uk,Orme View Care Home Limited,1
Orme View Residential Care,Care Home Service,Adults Without Nursing,Personal care for adults,Orme View Care Home,6 Great Ormes Road,Llandudno,LL30 2AR,Conwy,15,01492875993,manager@ormeview.co.uk,www.ormeview.co.uk,Orme View Care Home Limited,2
Out & About Holiday play scheme for disabled children - Ysgol Tir Morfa,Childrens Day Care,Out of School Care,,Ysgol Tir Morfa,Ffordd Derwen,Rhyl,LL18 2RN,Denbighshire,20,07917584872,,www.barnardos.org.uk,Barnardo`s Child Care & Play Services,1
Overton Playcentre,Childrens Day Care,Full Day Care,,Overton Playcentre,The Playcentre,Wrexham,LL13 0ES,Wrexham,30,01978710688,overtonplaygroup@yahoo.co.uk,,Overton Playcentre,2
Pals 2015,Childrens Day Care,Out of School Care,,Llanishen Fach Primary School,Heol Uchaf,Cardiff,CF14 6SS,Cardiff,80,02920692022,palsplaycare@gmail.com,n/a,PALS 2015,1
PALS Childcare Bryncoch,Childrens Day Care,Full Day Care,,Bryncoch Church In Wales Primary School,Furzeland Drive,Neath,SA10 7UG,Neath Port Talbot,20,07936582000,palsplaygroup@aol.com,,PALS Childcare Limited,1
Panorama Bungalow,Care Home Service,Adults Without Nursing,"Personal care for adults, Learning disability, Mental health",Panorama,Leigh Road,Pontypool,NP4 8JE,Torfaen,6,01495767730,ali.cooling@expanding-horizons.co.uk,www.expanding-horizons.co.uk,Expanding Horizons Ltd,2
Pant Glas Uchaf,Care Home Service,Childrens Home,Personal care for children,,,Ruthin,,Denbighshire,7,01824710327,info@branas.co.uk,www.branas.co.uk,Branas Isaf (Holdings) Ltd,2
Pant-y-Cendy Hall,Care Home Service,Adults Without Nursing,"Personal care for adults, Learning disability, Mental health",Pantycendy Hall,,Carmarthen,SA33 5RN,Carmarthenshire,3,07850589121,admin@pant-y-cendy-hall.co.uk,,Pant-y-Cendy Ltd,1
Pantanas Care Centre,Care Home Service,Adults With Nursing,"Nursing care for adults, Personal care for adults, Learning disability, Mental health",Pantanas Care Centre,Pantanas,Treharris,CF46 5BN,Merthyr Tydfil,30,01443570346,info@broadwaycare.co.uk,broadwaycare.wales,PANTANAS CARE CENTRE LTD,1
Pantbach Avenue Residential Respite Service,Care Home Service,Adults Without Nursing,"Personal care for adults, Learning disability",18 Pantbach Avenue,,Cardiff,CF14 1UR,Cardiff,3,02920236216,PeterD@mirus-wales.org.uk,www.mirus-wales.org.uk,Mirus Wales,7
Panteg,Care Home Service,Adults Without Nursing,"Personal care for adults, Learning disability",Panteg,,Carmarthen,SA33 4JR,Carmarthenshire,5,01994231019,admin@carninglitrust.org,https://www.carninglitrust.org/,CARNINGLI TRUST (THE),1
Panteg Nursing Home,Care Home Service,Adults With Nursing,"Nursing care for adults, Personal care for adults",Panteg Nursing Home,35-37a,Pontypool,NP4 5DT,Torfaen,37,01495756472,panteg@orielhealthcaregroup.com,https://orielhealthcaregroup.com/locations/oriel-panteg-nursing-home/,FC Panteg Limited,1
Parade House Residential Home,Care Home Service,Adults Without Nursing,Personal care for adults,Parade House Residential Home,The Parade,Monmouth,NP25 3PA,Monmouthshire,20,01600 712821,claire.raddenbury@parade-house.co.uk,www.parade-house.co.uk,Parade House Ltd,1
Paradise Community Nursery,Childrens Day Care,Full Day Care,,"Phoenix Centre, Paradise Park",Powys Avenue,Swansea,SA1 6PH,Swansea,28,01792479807,creche@hcdt.co.uk,,The Hill Community Development Trust Ltd,1
Parc Wern Care Home,Care Home Service,Adults With Nursing,Nursing care for adults,Parc Wern Care Home,Parklands Road,Ammanford,SA18 3TD,Carmarthenshire,59,01269 594 279,info.pw@carongroup.wales,www.carongroup.wales,Parc Wern Ltd,1
Parc y Llyn Nursing Home,Care Home Service,Adults With Nursing,"Nursing care for adults, Personal care for adults",Parc Y Llyn Nursing Home,Ambleston,Haverfordwest,SA62 5DH,Pembrokeshire,50,01437741667,enquiries@parcyllyn.org.uk,,Van Dyk Healthcare (Dragon) Ltd,2
Park House Court Nursing Home ,Care Home Service,Adults With Nursing,"Nursing care for adults, Personal care for adults, Learning disability, Mental health",Park House Court Nursing Home,Narberth Road,Tenby,SA70 8TJ,Pembrokeshire,97,01834843955,admin.parkhousecourt@gmail.com,www.parkhousecourt.co.uk,Park House Court LTD,1
Park Lodge Residential Care Home,Care Home Service,Adults Without Nursing,Personal care for adults,M J S Care Ltd,Llannerch Park,St. Asaph,LL17 0BD,Denbighshire,17,01745730370,sanassyd@aol.com,parklodgecarehomehotmail.co.uk,MJS CARE LTD,1
Parkfield House Residential Home,Care Home Service,Adults Without Nursing,Learning disability,24 Salisbury Road,,Wrexham,LL13 7AS,Wrexham,4,01978541850,saanniemedical123@gmail.com,www.parkfieldhouse.net,PARKFIELD HOUSE RESIDENTIAL HOME LTD,1
Parkland Place,Care Home Service,Adults Without Nursing,Personal care for adults,100 Llanelian Road,Old Colwyn,Colwyn Bay,LL29 9UH,Conwy,16,01492203421,ciwnotifications@adferiad.org,www.parklandplace.co.uk,Adferiad Recovery,7
Parkland Primary After School Club,Childrens Day Care,Out of School Care,,Sketty Park Drive,Sketty Park,Swansea,SA2 8NG,Swansea,100,,,,Parkland Primary School Governing Body,2
Parkside House Residential Home,Care Home Service,Adults Without Nursing,"Personal care for adults, Learning disability",Parkside House Residential Home,1-2,Penarth,CF64 3BD,Vale of Glamorgan,38,02920710044,manager@parkside-residential.co.uk,www.parksidehousepenarth.co.uk,Llangoedmor Properties Ltd,1
Parkside Residential Home,Care Home Service,Adults Without Nursing,"Learning disability, Mental health",Parkside,Hill View Maesycwmmer,Hengoed,CF82 7QE,Caerphilly,4,01443819085,shanepocock@partnershipofcare.co.uk,https://www.partnershipofcare.co.uk/,Partnership of Care Ltd,1
Partneriaeth Cwm Elai CBC,Childrens Day Care,Full Day Care,,Martin Crescent,Tonyrefail,Porth,CF39 8NT,Rhondda Cynon Taf,24,01443670319,cmcwmelai@outlook.com,,Partneriaeth Cwm Elai C.B.C.,1
Partridge Road Residential Respite Service,Care Home Service,Adults Without Nursing,"Personal care for adults, Learning disability",71 Partridge Road,,Cardiff,CF24 3QY,Cardiff,3,02920236216,PeterD@mirus-wales.org.uk,www.mirus-wales.org.uk,Mirus Wales,8
Passport To Play Day Nursery,Childrens Day Care,Full Day Care,,Passport To Play Nursery,47 Rhoose Road Rhoose,Barry,CF62 3EQ,Vale of Glamorgan,85,01446508131,rebecca@passport2playdaynursery.com,www.passport2playdaynursery.com,Passport to Play Day Nursery Ltd,2
Passport to Play Terminal 2,Childrens Day Care,Sessional Day Care,,Celtic Way Community Centre,Celtic Way Rhoose,Barry,CF62 3FT,Vale of Glamorgan,30,07549150182,terminal2playgroup@gmail.com,,Passport to Play Day Nursery Ltd,1
Pear Tree Cottage,Care Home Service,Adults Without Nursing,Learning disability,19 Ewenny Close,,Barry,CF63 1QN,Vale of Glamorgan,4,01446 500990,tom@ahcare.co.uk,https://amethysthealthcare.co.uk,Amethyst Healthcare Ltd,2
Pebbles Day Nursery,Childrens Day Care,Full Day Care,,Campion Gardens,,Swansea,SA3 3JB,Swansea,62,01792 949555,gower@pebbles-daynursery.com,www.pebbles-daynursery.com,C.E.O Nursery Ltd,2
Pebbles Day Nursery Swansea,Childrens Day Care,Full Day Care,,Step-ahead Education Centre,Gors Avenue Townhill,Swansea,SA1 6SF,Swansea,37,,kelly@pebbles-daynursery.com,,C.E.O Nursery Ltd,1
Pembroke Care Ltd trading as Hollyland Lodge,Care Home Service,Adults Without Nursing,Personal care for adults,Pembroke Care Ltd,Hollylane Lodge Care Home,Pembroke,SA71 4BL,Pembrokeshire,14,01646682175,suebhollyland@gmail.com,www.hollyland.co.uk,Pembroke Care Ltd,1
Pembroke Dock Community School,Childrens Day Care,Full Day Care,,Pembroke Dock Community School,Bush Street,Pembroke Dock,SA72 6LQ,Pembrokeshire,130,01646684872,MorrisK111@hwbcymru.net,,Pembroke Dock Community School,1
Pembroke Haven,Care Home Service,Adults Without Nursing,Personal care for adults,Pembroke Haven Residential Home,Essex Road,Pembroke Dock,SA72 6ED,Pembrokeshire,33,01646621267,Jake@sunsetwest.co.uk,www.daleroadsgroup.co.uk,Pembroke Haven (Residential Homes) Ltd,1
Pembroke House Nursing Home,Care Home Service,Adults With Nursing,"Nursing care for adults, Personal care for adults, Mental health",Pembroke House Nursing Home,18 Coed Pella Road,Colwyn Bay,LL29 7BB,Conwy,23,01492533484,pembrokehouseandlodge@aol.com,www.pembrokecarehomes.co.uk,PEMBROKE NURSING HOMES LTD,1
Pembroke Lodge Nursing Home,Care Home Service,Adults With Nursing,"Nursing care for adults, Personal care for adults, Mental health",Pembroke Lodge,3 Pwllycrochan Avenue,Colwyn Bay,LL29 7DA,Conwy,21,01492533805,pembrokehouseandlodge@aol.com,www.pembrokecarehomes.co.uk,PEMBROKE NURSING HOMES LTD,2
Pen  Y Bont Court,Care Home Service,Adults With Nursing,"Nursing care for adults, Learning disability, Mental health, Personal care for adults",Pen Y Bont Court Nursing Home,Ewenny Road Ewenny,Bridgend,CF35 5AW,Bridgend,43,01656653897,linda.waterston@ivolve.care,www.ivolve.care,Pen-Y-Bont Court Ltd ,1
Pen -Y- Bont Care Home,Care Home Service,Adults With Nursing,"Nursing care for adults, Personal care for adults, Mental health",Victoria Street,,Abertillery,NP13 1PG,Blaenau Gwent,41,01495320444,lisa@caramgroup.co.uk,www.breconcare.co.uk,Brecon Care,2
Pen y Bryn Care Home,Care Home Service,Adults With Nursing,"Nursing care for adults, Personal care for adults, Mental health",Pen-y-bryn Care Home,26 Sketty Park Road,Swansea,SA2 9AS,Swansea,38,01792207194,carecentres@yahoo.com,,Care Centres Wales Ltd,1
Pen y Bryn Residential Home,Care Home Service,Adults Without Nursing,"Personal care for adults, Mental health",Pen Y Bryn Residential Home,Fron Deg,Bagillt,CH6 6HU,Flintshire,30,01352711243,enquiries@penybryncare.co.uk,www.penybryncare.co.uk,Pen y Bryn Emi Ltd,1
Pen y Daith,Care Home Service,Adults Without Nursing,"Personal care for adults, Learning disability",12 Millard Park,St. Davids,Haverfordwest,SA62 6QH,Pembrokeshire,10,01437721710,sdavidcare@aol.com,http://www.stdavidscare.com/,St. Davids Care in the Community Ltd.,1
Pen Y Graig,Care Home Service,Adults Without Nursing,"Personal care for adults, Learning disability",Pen Y Graig,,Brynteg,LL78 8QA,Isle of Anglesey,3,01248852843,penygraigres@hotmail.co.uk,,Pen Y Graig,1
Pen-coed Residential Care Home,Care Home Service,Adults Without Nursing,Personal care for adults,Pencoed,Wooden,Saundersfoot,SA69 9DY,Pembrokeshire,25,01834 812210,janet@sunsetwest.co.uk,www.pencoed.care,Forest Care Homes Ltd,1
Pen-y-ffordd and Fynnongroyw childcare,Childrens Day Care,Sessional Day Care,,Ysgol Bryn Garth,Maes Emlyn Penyffordd,Holywell,CH8 9JA,Flintshire,20,07434365771,Pfchildcare5@hwbcymru.net,,Pen-y-ffordd and Fynnongroyw Childcare,1
Pen-Y-Garth Care Home,Care Home Service,Adults Without Nursing,Personal care for adults,Pen Y Garth Care Homes Ltd,Pleasant Lane Brymbo,Wrexham,LL11 5DH,Wrexham,42,01978753323,pyg@caringuk.com,www.caringuk.com,Pen-Y-Garth Care Homes Limited,1
Penarlag Wrap Around Care and Holiday Club,Childrens Day Care,Full Day Care,,Penarlag Cp School,Carlines Avenue Ewloe,Deeside,CH5 3RQ,Flintshire,40,07743225161,penarlagholidayclub@outlook.com,,Penarlag Wrap Around Care and Holiday Club,1
Pencoed Farm,Care Home Service,Childrens Home,Personal care for children,,,Carmarthen,,Carmarthenshire,4,01994453593,admin@birribi.org,https://birribi.org,Birribi Limited,2
Penderyn Sports and Social Association Playscheme,Childrens Day Care,Open Access Play Provision,,Penderyn Community Centre,Pontpren,Aberdare,CF44 9UX,Rhondda Cynon Taf,30,07973917541,penderynplayscheme@hotmail.com,,Committee of Penderyn Sports and Social Association,1
Pendoylan Childcare,Childrens Day Care,Sessional Day Care,,Pendoylan Church in Wales Primary School,Pendoylan Road,Cowbridge,CF71 7UJ,Vale of Glamorgan,30,01446 760272,pendoylanps@pendoylan.com,www.pendoylan.com,Pendoylan C/W Governing Body,1
Penguin Daycare,Childrens Day Care,Full Day Care,,Ty Mes,Westwood Early Years Centre,Buckley,CH7 2JT,Flintshire,30,07955114184,penguindaycare2022@gmail.com,penguindaycare.co.uk,Penguin Daycare,1
Pengwinau Bach Ltd,Childrens Day Care,Full Day Care,,8 St. John Street,,Whitland,SA34 0AN,Carmarthenshire,16,01994 240777,,,Pengwinau Bach Ltd,1
Penley Children Club,Childrens Day Care,Out of School Care,,Madras School,Penley,Wrexham,LL13 0LU,Wrexham,32,07837350397,penleychildrenclub@gmail.com,,Mother Goose (Wrexham) Ltd,1
Penllergaer Wraparound,Childrens Day Care,Out of School Care,,Penllergaer Primary School,Pontardulais Road,Swansea,SA4 9DB,Swansea,150,01792892354,penllergaer.primary@swansea-edunet.gov.uk,https://www.penllergaerprimaryschool.co.uk/,Penllergaer Primary School Governing Body,1
Pennal View Residential Care Home Ltd,Care Home Service,Adults Without Nursing,Personal care for adults,Pennal View Residential Home,Blaenpennal,Aberystwyth,SY23 4TR,Ceredigion,16,01974251279,contact@pennalview.co.uk,,Pennal View Residential Care Home Ltd,1
Penpergwm House,Care Home Service,Adults Without Nursing,Personal care for adults,The Bryn,,Abergavenny,NP7 9AH,Monmouthshire,37,01873840267,rm@penpergwmhouse.org.uk,www.penpergwmhouse.org.uk,Penpergwm House Ltd,1
Penrhiw Lodge,Care Home Service,Adults Without Nursing,"Personal care for adults, Personal care for children, Learning disability, Mental health",14 Penrhiw Road,Morriston,Swansea,SA6 6BS,Swansea,2,02920 001804,info@meithrinsocialcare.co.uk,,MEITHRIN SOCIAL CARE LIMITED,1
Penrhiw Nursery,Childrens Day Care,Full Day Care,,Penrhiw Nursery,Penrhiw House,Blackwood,NP12 0JH,Caerphilly,109,01495226716,naomi@penrhiwnursery.co.uk,https://www.penrhiwnursery.co.uk/,Penrhiw Nursery Oakdale Limited,1
Penrhos Care Home Ltd,Care Home Service,Adults Without Nursing,"Personal care for adults, Mental health",Penrhos Care Home,Old Station Yard,Pontypridd,CF38 2LZ,Rhondda Cynon Taf,18,01443206329,manager@penrhoscarehome.com,www.penrhoscarehome.com,PENRHOS CARE HOME LTD,1
Penscynor House,Care Home Service,Adults Without Nursing,Learning disability,Penscynor House,Penscynor,Neath,SA10 8LF,Neath Port Talbot,6,01639 410641,Lee.bates@carewithoutcompromise.org.uk,www.carewithoutcompromise.org.uk,Care Without Compromise Limited,5
Pentre Bach,Care Home Service,Childrens Home,"Personal care for children, Learning disability",,,Welshpool,,Powys,2,07891991928,Richardrees1212@outlook.com,,Dyfodol Limited,2
Pentwyn House Nursing Home,Care Home Service,Adults With Nursing,Nursing care for adults,Pentwyn House Nursing,166 Marshfield Road,Cardiff,CF3 2TU,Newport,43,01633680217,admin@pentwyncare.co.uk,www.pentwyncare.co.uk,Pentwyn Care Ltd,1
Penycae Childcare,Childrens Day Care,Full Day Care,,Ysgol Penycae,Copperas Hill Penycae,Wrexham,LL14 2SD,Wrexham,40,01978840509,mailbox@penycae-pri.wrexham.sch.uk,www.ysgolgynraddpenycae.co.uk,Penycae Childcare,1
Penyffordd After School Club,Childrens Day Care,Out of School Care,,Ysgol Penyffordd After School,Park Crew,Flintshire,CH4 0HW,Flintshire,70,07581075534,Info@s4yc.co.uk,www.s4yc.co.uk,S4YC Ltd,2
Penygaer,Care Home Service,Childrens Home,Personal care for children,,,Llanelli,,Carmarthenshire,4,01554759297,NathanGreenwood@Aspriscs.co.uk,,ASPRIS CARE WEST LIMITED,2
Penygelli Hall,Care Home Service,Adults Without Nursing,Personal care for adults,Penygelli Hall,Penygelli Avenue Coedpoeth,Wrexham,LL11 3RL,Wrexham,24,01978753353,donnawoodcock.penygellihall@hotmail.com,www.penygellicarehome.co.uk,Penygelli Care Homes Ltd,1
Penywain House,Care Home Service,Childrens Home,Personal care for children,,,Pontypool,,Torfaen,3,07877705904,Kerry.wade@Hanbury-care.com,www.hanbury-care.com,Hanbury Care LTD,3
Perrots Lodge,Care Home Service,Adults Without Nursing,"Personal care for adults, Learning disability, Mental health",Perrots Lodge,Avallenau Drive,Haverfordwest,SA61 1XN,Pembrokeshire,8,01437 454242,info@elliotshill.co.uk,www.elliotshill.co.uk,Elliots Hill Care Ltd,3
Peter Pan Nursery,Childrens Day Care,Full Day Care,,Peter Pan Nursery,"Doctor's Residence, Bron Y Nant",Wrexham,LL13 7TX,Wrexham,62,01978801028,PeterPan@shap.org.uk,,SHAP Ltd,1
Phoenix House,Care Home Service,Adults Without Nursing,Personal care for adults,Phoenix House,Phoenix Street Sandycroft,Deeside,CH5 2PD,Flintshire,23,01244535333,manager@phoenixhouse-sandycroft.co.uk,,KM KAYANI LIMITED,1
Phoenix House,Care Home Service,Childrens Home,Personal care for children,,,Treharris,,Merthyr Tydfil,3,01443411866,manager.phoenixhouse@keys-group.co.uk,,Keys Care Limited,5
Pinehurst Rest Home Limited,Care Home Service,Adults Without Nursing,"Personal care for adults, Mental health",Pinehurst Rest Home,22-24,Porthcawl,CF36 3YU,Bridgend,11,01656771337,manager.pinehurstrest@gmail.com,www.pinehurstresthome.co.uk,Pinehurst Rest Home Limited,1
Pips Lodge,Care Home Service,Adults Without Nursing,"Personal care for adults, Learning disability, Mental health",Pips Lodge,George Street,Milford Haven,SA73 2AY,Pembrokeshire,5,01646694027,info@silverspringssupport.co.uk,,Silver Springs Support Ltd,1
Pitter Patter After School Club,Childrens Day Care,Out of School Care,,Ysgol Gynradd Gymraeg Bryniago,James Street,Swansea,SA4 8JA,Swansea,32,01792 883299,info@pitterpatterdaynursery.co.uk,www.pitterpatterdaynursery.co.uk,Pitter Patter Day Nursery Ltd,2
Pitter Patter Day Nursery Ltd,Childrens Day Care,Full Day Care,,2 Dulais Road,,Swansea,SA4 8RH,Swansea,73,01792883299,info@pitterpatterdaynursery.co.uk,www.pitterpatterdaynursery.co.uk,Pitter Patter Day Nursery Ltd,1
Plant Meithrin Gogerddan,Childrens Day Care,Full Day Care,,Ysgol Comins Coch,10 Brongwinau,Aberystwyth,SY23 3BQ,Ceredigion,24,01970823100,enquiries@gogerddanchildcare.co.uk,,Gogerddan Childcare Ltd,1
Plantos Limited,Childrens Day Care,Full Day Care,,Wern Fawr House,"Eastern Business Park, Wern Fawr Lane",Cardiff,CF3 5XA,Cardiff,74,02920798333,info@plantos.co.uk,https://www.plantos.co.uk,Plantos Ltd,1
Plantos Prysur,Childrens Day Care,Full Day Care,,Old Road Junior & Infant School,Old Road,Llanelli,SA15 3HW,Carmarthenshire,42,07517896055,staff@plantosprysur.org,plantosprysur.org,Gofal PLANTOS PRYSUR Childcare cyf.,1
Plas Aneurin,Care Home Service,Childrens Home,Personal care for children,,,Ebbw Vale,,Blaenau Gwent,3,07871237142,lucyevans@positifcare.co.uk,,Positif Care Ltd,5
Plas Bod Llwyd,Care Home Service,Adults With Nursing,"Nursing care for adults, Mental health",Plas Bod Llwyd Care Home,Cae Gwilym Road Newbridge,Wrexham,LL14 3JG,Wrexham,29,01978810396,info@plasbod.co.uk,,Baur Care Limited,1
Plas Bryn Rhosyn,Care Home Service,Adults Without Nursing,"Personal care for adults, Mental health",Plas Bryn Rhosyn,Heol Illtyd,Neath,SA10 7SE,Neath Port Talbot,59,01639640550,Care.Quality@codigroup.co.uk,www.codigroup.co.uk,Codi Care and Support Limited,4
Plas Cwmcynfelin Ltd,Care Home Service,Adults With Nursing,Nursing care for adults,Plas Cwmcynfelin,Clarach,Aberystwyth,SY23 3DN,Ceredigion,53,01970623783,plascwmcynfelin88@gmail.com,plascwmcynfelin.co.uk,Plas Cwmcynfelin Limited,1
Plas Derwen Nursing Home,Care Home Service,Adults With Nursing,Nursing care for adults,Penyffordd,,Holywell,CH8 9HH,Flintshire,23,01745560195,plasderwen@yahoo.co.uk,www.plasderwennursinghome.co.uk,Plas Derwen Nursing Home,1
Plas Dyffryn Residential Home,Care Home Service,Adults Without Nursing,Personal care for adults,Plas Dyffryn,Station Road,Holyhead,LL65 3EL,Isle of Anglesey,16,01407742064,jonathan@ansacareconcept.co.uk,https://ansacareconcept.co.uk/,Ansa Care Concept Ltd,1
Plas Eleri Nursing Home Denbigh Care Group Ltd,Care Home Service,Adults With Nursing,"Nursing care for adults, Personal care for adults, Mental health",Plas Eleri Care Home,Rhyl Road,Denbigh,LL16 5SU,Denbighshire,34,01745814613,manager@plaseleri.co.uk,,Denbigh Care Group Limited,1
Plas Garnedd Pentraeth,Care Home Service,Adults Without Nursing,Personal care for adults,Plas Garnedd Pentraeth,,Pentraeth,LL75 8YF,Isle of Anglesey,23,01248450464,info@plasgarnedd.co.uk,www.plasgarnedd.co.uk,PLAS GARNEDD CARE LIMITED,2
Plas Garnedd Residential Home,Care Home Service,Adults Without Nursing,Personal care for adults,Plas Garnedd Residential Home,Ffordd Penmynydd,Llanfairpwllgwyngyll,LL61 5EX,Isle of Anglesey,28,01248714640,info@plasgarnedd.co.uk,www.plasgarnedd.co.uk,PLAS GARNEDD CARE LIMITED,1
Plas Gogerddan Nursery,Childrens Day Care,Full Day Care,,Plas Gogerddan Nursery,Gogerddan,Aberystwyth,SY23 3EE,Ceredigion,58,01970823100,enquiries@gogerddanchildcare.co.uk,,Gogerddan Childcare Ltd,2
Plas Gwyn Care Home,Care Home Service,Adults Without Nursing,"Personal care for adults, Learning disability, Mental health",Plas Gwyn,,Llanrhystud,SY23 5BY,Ceredigion,16,01974202206,plas_gwyn@outlook.com,,Tilmala Healthcare Ltd,1
Plas Gwyn Nursing Home,Care Home Service,Adults With Nursing,"Nursing care for adults, Personal care for adults",Llanychan,,Ruthin,LL15 1TY,Denbighshire,30,01824702776,plasgwynnursinghome@gmail.com,www.plasgwynnursinghome.co.uk,Amrit Pelladoah,1
Plas Isaf Care Home,Care Home Service,Adults Without Nursing,Personal care for adults,30-32 Llannerch Road West,Rhos On Sea,Colwyn Bay,LL28 4AS,Conwy,32,01492556777,manager.plasisaf@rosewoodhealthcaregroup.co.uk,www.rosewoodhealthcaregroup.co.uk,Elmtree Healthcare Limited,2
Plas Lorna,Care Home Service,Adults Without Nursing,"Learning disability, Personal care for adults, Personal care for children",Plas Lorna,Rhyl Road,Rhyl,LL18 2YD,Denbighshire,11,01745592559,enquiries@procarewales.co.uk,www.procarewales.co.uk,Procare Wales Limited,2
Plas Madryn Residential Home,Care Home Service,Adults Without Nursing,Personal care for adults,Plas Madryn Residential Home,Lon Uchaf Morfa Nefyn,Pwllheli,LL53 6AD,Gwynedd,20,01758720283,norma.stride@btconnect.com,,Amron Premier Care LLP,1
Plas Newydd Care Home,Care Home Service,Adults Without Nursing,"Personal care for adults, Mental health",Plas Newydd Care Home,18 New Road Treboeth,Swansea,SA5 9DA,Swansea,22,01792 799902,plasnewyddcareltd@gmail.com,http://www.plasnewydd-care-home.co.uk,Plas Newydd Care Ltd,1
Plas Uchaf,Care Home Service,Childrens Home,"Personal care for children, Learning disability, Mental health",,,Holywell,,Flintshire,4,07834353991,timrepin@astarsupportservices.co.uk,www.astarsupportgroup.co.uk,Puffin House Residential Ltd,3
Plas Y Bryn,Care Home Service,Adults With Nursing,"Nursing care for adults, Mental health",Plas Y Bryn Nursing Home,31 Tan Y Bryn Road,Colwyn Bay,LL28 4AD,Conwy,18,01492544117,james.bradford@rosewoodhealthcaregroup.co.uk,www.rosewoodhealthcaregroup.co.uk,Elmtree Healthcare Limited,1
Plas y Dderwen Care Home,Care Home Service,Adults With Nursing,"Nursing care for adults, Personal care for adults",Cilddewi Park Johnstown,,Carmarthen,SA31 3HP,Carmarthenshire,69,01267221235,PlasYDderwen.GM@barchester.com,www.barchester.com,Barchester Healthcare Homes Limited,5
Plas-y-Mor Nursing Home,Care Home Service,Adults With Nursing,"Nursing care for adults, Personal care for adults, Learning disability, Mental health",30-31 East Parade,,Rhyl,LL18 3AL,Denbighshire,33,01745777290,ian@robertshomes.co.uk,www.sapphirestreams.co.uk,Sapphire Streams Limited,2
Plasgwyn Nursing Home,Care Home Service,Adults With Nursing,Nursing care for adults,Plasgwyn Nursing Home,Pentrefelin,Criccieth,LL52 0PT,Gwynedd,38,01766522559,ceri@cariadcarehomes.com,www.cariadcarehomes.com,Cariad Care Homes Ltd,2
Plasnewydd Residential Home,Care Home Service,Adults Without Nursing,"Personal care for adults, Mental health",Plas Newydd Residential Home,Old Chapel Road Cefn Coed,Merthyr Tydfil,CF48 2PR,Merthyr Tydfil,37,01685382019,plas.newydd@btconnect.com,,Plasnewydd Residential Homes Ltd,1
Playmates,Childrens Day Care,Out of School Care,,Gwersyllt Community Primary School,Dodds Lane Gwersyllt,Wrexham,LL11 4NT,Wrexham,60,07511748384,Playmatesclub@outlook.com,,Playmates,1
Playtimextra (Breakfast and After School Club),Childrens Day Care,Out of School Care,,Howardian Centre,Hammond Way,Cardiff,CF23 9NB,Cardiff,40,07547079196,lesley@playtimextra.com,playtimextra.com,Playtimextra Community Interest Company,1
Playworks Early Days Nursery Bedwas Limited,Childrens Day Care,Full Day Care,,Unit 15C,Greenway,Caerphilly,CF83 8DW,Caerphilly,71,02920884828,sarah@playworks-childcare.co.uk,www.playworksearlydays.co.uk,Playworks Early Days Nursery Bedwas Limited,1
Pobl Bach Early Learning Centre,Childrens Day Care,Full Day Care,,Merlin Building,Llangunnor Road,Carmarthen,SA31 2BL,Carmarthenshire,49,01267233244,llangunnor@poblbach.co.uk,www.poblbach.co.uk,Pobl Bach Ltd,3
Pobl Bach Johnstown,Childrens Day Care,Full Day Care,,Pobl Bach,20 Pondside Johnstown,Carmarthen,SA31 3HU,Carmarthenshire,51,01267 234900,johnstown@poblbach.co.uk,www.poblbach.co.uk,Pobl Bach Ltd,1
Pobl Bach LTD,Childrens Day Care,Full Day Care,,Penymorfa House,Penymorfa Lane,Carmarthen,SA31 2NW,Carmarthenshire,38,01267233244,llangunnor@poblbachco.uk,www.poblbach.co.uk,Pobl Bach Ltd,2
Pobl Bach South Wales CIC,Childrens Day Care,Full Day Care,,Flying Start Sirhowy Hub,Former Sirhowy Infants School Site,Sirhowy,NP22 4PG,Blaenau Gwent,25,01495369733,poblbachsouthwales@gmail.com,,Pobl Bach South Wales C.I.C.,1
Polka Dots Childcare,Childrens Day Care,Full Day Care,,Our Lady of Lourdes Catholic Church,Heol Pencarreg,Cardiff,CF14 2QQ,Cardiff,30,07564076847,polkadotschildcare@outlook.com,,Polka Dots Childcare Ltd,1
Polka Dots Childcare Afterschool,Childrens Day Care,Out of School Care,,Our Lady Of Lourdes Church Hall,Gabalfa Avenue,Cardiff,CF14 2QQ,Cardiff,30,07739377911,Polkadotschildcare@outlook.com,,Polka Dots Childcare Afterschool Ltd,1
PONTCANNA HOUSE,Care Home Service,Adults Without Nursing,"Personal care for adults, Mental health",Pontcanna House Residential Care Home,128-132,Cardiff,CF11 9PW,Cardiff,27,07932949300,info@danicocare.co.uk,,DANICO CARE LTD,1
Poppies Day Nursery Limited,Childrens Day Care,Full Day Care,,Maesderwen House,Maesderwen Road,Pontypool,NP4 5LE,Torfaen,48,01495764675,themanager@poppiesdaynursery.co.uk,www.poppiesdaynursery.co.uk,Poppies Day Nursery Ltd,1
Portman House,Care Home Service,Childrens Home,"Personal care for children, Learning disability, Mental health",,,Burry Port,,Carmarthenshire,3,03301741381,ben@oakmontservicesgroup.co.uk,www.oakmontservicesgroup.co.uk,Oakmont Services Group Ltd,1
Poseidon House,Care Home Service,Childrens Home,Personal care for children,,,Colwyn Bay,,Conwy,4,01492685998,poseidon@omegalife.uk,,Omega Care Group Ltd,1
Pren Gwyllt,Care Home Service,Childrens Home,Personal care for children,,,Pontypridd,,Rhondda Cynon Taf,2,03301358135,bnicholas@plcl.org.uk,https://phoenixlearningcare.co.uk/,Phoenix Child Care Ltd,3
Presteigne Little People,Childrens Day Care,Full Day Care,,The Primary School,Slough Road,Presteigne,LD8 2NH,Powys,48,01544 262130,info@presteigneplaygroup.co.uk,www.presteigneplaygroup.co.uk,Presteigne Little People`s Playgroup,1
Preswylfa Nursing Home,Care Home Service,Adults With Nursing,"Personal care for adults, Nursing care for adults",Preswylfa Nursing Home,20 Russell Road,Rhyl,LL18 3DD,Denbighshire,68,01745356258,preswylfa@akaricare.co.uk,www.akaricare.co.uk,Akari Care Cymru Limited,3
Pride in Care ltd Glandovery house,Care Home Service,Adults Without Nursing,"Personal care for adults, Learning disability",Glandovey House,Oliver Jones Crescent,Tredegar,NP22 3BJ,Blaenau Gwent,5,01495221666,nigel@prideincare.com,prideincare.com,pride in care ltd,2
Pride in Care Residential Home,Care Home Service,Adults Without Nursing,"Personal care for adults, Learning disability",Pride In Care Ltd,Newport House,Tredegar,NP22 5AE,Caerphilly,5,01685652640,claire@prideincare.com,prideincare.com,pride in care ltd,4
Primrose Cottage,Care Home Service,Adults Without Nursing,"Personal care for adults, Learning disability, Mental health",27 Pencoedtre Road,,Barry,CF63 1SD,Vale of Glamorgan,3,01446 502551,sian@ahcare.co.uk,https://amethysthealthcare.co.uk,Amethyst Healthcare Ltd,1
Princess Road ASC,Childrens Day Care,Out of School Care,,Warehouse Building,Back Cadwgan Road,Old Colwyn,LL29 9PS,Conwy,70,01492512418,princessroadschool1@gmail.com,www.princessroadschool.co.uk,Princess Road After School Club Ltd.,1
Priory House Care Home,Care Home Service,Adults Without Nursing,Personal care for adults,Priory House Home Care Ltd,61-63,Prestatyn,LL19 9LU,Denbighshire,29,01745852650,frances@prioryhousecare.co.uk,prioryhousecarehome.co.uk,Priory House Care Home Ltd.,1
Priory House Care Home,Care Home Service,Adults Without Nursing,"Personal care for adults, Learning disability, Mental health",Priory House,,Milford Haven,SA73 3UA,Pembrokeshire,9,01646690119,info@priory-house.org,priory-house.org,Priory Project Ltd,1
Priory Mount Eveswell,Care Home Service,Adults With Nursing,"Nursing care for adults, Personal care for adults",Mount Eveswell Nursing Home,22 Eveswell Park Road,Newport,NP19 8GS,Newport,16,01633271784,mounteveswell@priorygroup.com,www.priorygroup.com,HELDEN HOMES LIMITED,1
Priory Residential and Nursing Home,Care Home Service,Adults With Nursing,"Nursing care for adults, Personal care for adults",The Priory Nursing & Convalescent Home,Llandogo,Monmouth,NP25 4TP,Monmouthshire,57,07765122783,Scott@priorycarehome.com,www.priorycarehome.com,Adriana Ltd,1
Puddle Ducks (South Wales) Limited,Childrens Day Care,Full Day Care,,Puddle Ducks Nursery,Station Road Raglan,Usk,NP15 2EP,Monmouthshire,150,01291690065,contact@puddleducks.net,www.puddleducks.net,Puddle Ducks (South Wales) Ltd,1
Puddleducks All Day Care,Childrens Day Care,Full Day Care,,Trefnant School,Henllan Road,Denbigh,LL16 5UF,Denbighshire,19,01745730276,puddleduckstrefnant@gmail.com,puddleduckstrefnantgmail.com,Puddleducks All Day Care,1
Puddleducks Playgroup,Childrens Day Care,Sessional Day Care,,Plasyfelin Primary School,Lewis Drive,Caerphilly,CF83 3FT,Caerphilly,17,02920861958,puddleducks.play@yahoo.com,,Puddleducks Playgroup,1
Puffin House Residential,Care Home Service,Childrens Home,Personal care for children,,,Colwyn Bay,,Conwy,4,01492555251,sam.williams@astarsupportservices.co.uk,www.astarsupportgroup.co.uk,Puffin House Residential Ltd,2
Pufflings Daycare,Childrens Day Care,Full Day Care,,Stepaside Cp School,Carmarthen Road,Kilgetty,SA68 0UG,Pembrokeshire,19,07881707670,pufflings2022@gmail.com,https://kilgetty.cylex-uk.co.uk/company/pufflings-daycare-at-stepaside-community-primary-school-27952549.html,Pufflings Daycare,1
Pysgodyn Bach,Childrens Day Care,Full Day Care,,Hook Cp School,Newtown Road Hook,Haverfordwest,SA62 4ND,Pembrokeshire,20,01437890343,pysgodynbach@gmail.com,,The Governing Body at Hook C. P. School,1
Quality Care (Wales) Limited,Care Home Service,Adults With Nursing,"Nursing care for adults, Personal care for adults, Learning disability",Quality Care (Wales) Ltd,Glan Rhos,Llanfairpwllgwyngyll,LL61 6TZ,Isle of Anglesey,52,01248430607,helen@glanrhos.co.uk,www.glanrhos.co.uk,Quality Care (Wales) Limited,1
Queen Elizabeth Court,Care Home Service,Adults With Nursing,"Personal care for adults, Nursing care for adults",Queen Elizabeth Court,Clarence Drive,Llandudno,LL30 1TR,Conwy,62,01492877276,queeneliz@rmbi.care,www.rmbi.org.uk,The Royal Masonic Benevolent Institution Care Company,2
Queens Care Home,Care Home Service,Adults Without Nursing,Mental health,The Queens,Queen Street,Port Talbot,SA13 3BL,Neath Port Talbot,4,01639 850512,david.kwei@rushcliffehospitals.co.uk,,Rushcliffe Independent Hospitals (Aberavon) Limited,1
Rabbit Hill Daycare,Childrens Day Care,Full Day Care,,Forest Family centre,Tredegar Park Primary School,Newport,NP10 8WP,Newport,38,01633816774,paulaharris@duffryncomlink.org.uk,www.duffryncomlink.org.uk,Duffryn Community Link,1
Rachael's Playhouse Aberdare,Childrens Day Care,Full Day Care,,5 Dean Street,,Aberdare,CF44 7BN,Rhondda Cynon Taf,30,07805777706,Rachaelsplayhouseaberdare@gmail.com,,Rachael's Playhouse Limited,1
Rachael's Playhouse Hirwaun Primary,Childrens Day Care,Full Day Care,,Hirwaun Primary School,Glanant Street Hirwaun,Aberdare,CF44 9NF,Rhondda Cynon Taf,30,07983505037,rachaelsplayhousehirwaun@gmail.com,,Rachael's Playhouse Limited,2
Rachel Kathryn Residential Home,Care Home Service,Adults Without Nursing,Personal care for adults,Bridge Farm,High Street,Blackwood,NP12 0HG,Caerphilly,4,01495426671,claire@prideincare.com,,Dawn Hobbs,1
Radyr Scout Hall Breakfast & After School Club,Childrens Day Care,Out of School Care,,First Radyr Scout Group Hall,Heol Isaf,Cardiff,CF15 8AF,Cardiff,40,07990504858,info@go2play.co.uk,www.go2play.co.uk,Go 2 Play Limited,1
RAFAKidz Valley,Childrens Day Care,Full Day Care,,Royal Air Force,Valley,Holyhead,LL65 3NY,Isle of Anglesey,68,01407885000,valley@rafakidz.org.uk,www.rafakidz.org.uk,RAFAKidz Limited,1
Rainbow Creche,Childrens Day Care,Creche,,Ely Centre,Aberthaw Road,Cardiff,CF5 4HB,Cardiff,20,02920 595 557,Ray.Saunders@salvationarmy.org.uk,,The Salvation Army,1
Rainbow Reef Daycare,Childrens Day Care,Full Day Care,,Unit 6 Johnston Business Park,Station Road,Haverfordwest,SA62 3PL,Pembrokeshire,51,01437891511,info@rainbowreefdaycare.co.uk,,Rainbow Reef Daycare Ltd,1
Rainbows Afterschool Club,Childrens Day Care,Out of School Care,,Ysgol Y Waun,Chapel Lane Chirk,Wrexham,LL14 5NF,Wrexham,24,01691 770530,mailbox@ywaun-pri.wrexham.sch.uk,,Rainbows Nursery Plus and Afterschool Club,2
Rainbows Nursery Plus,Childrens Day Care,Sessional Day Care,,Ysgol Y Waun,Lloyd's Lane Chirk,Wrexham,LL14 5NH,Wrexham,24,,rachelheyward@yahoo.co.uk,,Rainbows Nursery Plus and Afterschool Club,1
Rainbows Private Nursery,Childrens Day Care,Full Day Care,,Somerton Lane,,Newport,NP19 0HZ,Newport,55,01633270900,rainbowsnursery95@gmail.com,,Rainbow Childrens Club Limited,1
Rascals ASC,Childrens Day Care,Out of School Care,,Raglan Primary School,Chepstow Road Raglan,Usk,NP15 2EN,Monmouthshire,30,07922862826,raglanrascals@live.co.uk,,Rascals After School Club,1
Red Balwn Coch,Childrens Day Care,Full Day Care,,Circle Way East,,Cardiff,CF23 9PZ,Cardiff,51,02920733829,redbalwncoch18@gmail.com,http://redbalwncoch.com/,Red Balloon Day Nursery Ltd,1
Red Robins Nursery,Childrens Day Care,Full Day Care,,Castle Park Primary School,Church Road,Caldicot,NP26 4HN,Monmouthshire,26,07544583121,redrobinsnursery@gmail.com,,Committee of Red Robins,1
Red Rose Care Home,Care Home Service,Adults With Nursing,"Nursing care for adults, Personal care for adults",Red Rose Nursing Home,Park Road Victoria,Ebbw Vale,NP23 8UP,Blaenau Gwent,32,01495352559,banyancarehomes@hotmail.com,www.banyancarehomes.net,BANYAN CARE HOMES 2 LIMITED,1
Redbrook Day Nursery,Childrens Day Care,Full Day Care,,Redbrook Day Nursery,Bryn Lane Wrexham Industrial Estate,Wrexham,LL13 9UT,Wrexham,73,01978664374,Admin@redbrook-nursery.co.uk,www.redbrookdaynursery.co.uk,Redbrook Day nursery Ltd,1
Redcroft Care Home,Care Home Service,Adults Without Nursing,Personal care for adults,Redcroft Residential Home,1-3,Colwyn Bay,LL29 7YB,Conwy,14,01493532920,redcroft@argba.co.uk,https://www.redcrofthome.co.uk,ARG BUSINESS ASSOCIATES LIMITED,1
Redhill Holiday Club,Childrens Day Care,Out of School Care,,Redhill Preparatory School,The Garth,Haverfordwest,SA61 2UR,Pembrokeshire,48,01437762472,office@redhillprepschool.co.uk,www.redhillprepschool.co.uk,Redhill (Haverfordwest) Limited,2
Redhill Montessori Nursery,Childrens Day Care,Full Day Care,,Redhill Preparatory School,The Garth,Haverfordwest,SA61 2UR,Pembrokeshire,50,01437779834,nursery@redhillprepschool.co.uk,www.redhillprepschool.co.uk,Redhill (Haverfordwest) Limited,1
Redlands,Care Home Service,Adults Without Nursing,"Personal care for adults, Learning disability, Mental health",639 Chepstow Road,,Newport,NP19 9BN,Newport,7,01633764788,legalandcompliancehelpdesk@priorygroup.com,www.priorygroup.com,HEDDFAN CARE LIMITED,1
Reene House,Care Home Service,Adults With Nursing,"Nursing care for adults, Personal care for adults, Mental health",Reene House,Reene Court,Newport,NP19 0RJ,Newport,16,01633666828,egle.kavaliunaite2@elysiumhealthcare.co.uk,www.elysiumhealthcare.co.uk,Elysium Healthcare No. 3 Limited,1
Regency House Residential Home,Care Home Service,Adults Without Nursing,"Personal care for adults, Mental health",Regency House Residential Home,Parkes Lane Tranch,Pontypool,NP4 6BA,Torfaen,52,01495763597,enquiries@regencyhousecarehome.com,,Regency House Residential Home Ltd,1
Resolven Building Blocks,Childrens Day Care,Full Day Care,,Resolven Integrated Centre,,Neath,SA11 4AB,Neath Port Talbot,63,01639710076,childcare@buildingblocksfamilycentre.co.uk,www.buildingblocksfamilycentre.co.uk,Resolven Building Blocks,1
Rhayader Community Day Nursery,Childrens Day Care,Full Day Care,,Rhayader Community Nursery,,Rhayader,LD6 5LT,Powys,19,01597810619,nursery.manager@rdcs.org.uk,www.rhayadernursery.co.uk,Rhayader and District Community Support,1
Rhayader Under Fives Pre School,Childrens Day Care,Full Day Care,,Rhayader Primary School,Rhayader Under Fives,Rhayader,LD6 5LT,Powys,24,07967286251,rhayaderunder5s@aol.com,,Rhayader Under 5's Pre-School,1
Rhiwbina Baptist Church Nursery,Childrens Day Care,Sessional Day Care,,Rhiwbina Baptist Church,Lon Ucha,Cardiff,CF14 6HL,Cardiff,30,02920614644,kids@rbc.ac,,Rhiwbina Baptist Church,1
Rhiwlas Care Home,Care Home Service,Adults Without Nursing,Personal care for adults,Rhiwlas Care Home,Northop Road,Flint,CH6 5LH,Flintshire,66,01352 733687,rhiwlas@lovett-care.com,www.lovettcare.co.uk,Rhiwlas Care Ltd,1
Rhos Care Home,Care Home Service,Adults Without Nursing,Personal care for adults,Maltraeth,,Bodorgan,LL62 5AE,Isle of Anglesey,36,01407840182,info@rhoscyf.co.uk,,Rhos Cyf,1
Rhos Methodist Playgroup,Childrens Day Care,Sessional Day Care,,Scout HQ,Church Road Rhos On Sea,Colwyn Bay,LL28 4DJ,Conwy,30,07403359439,rhosplaygroup@gmail.com,,Rhos Methodist Playgroup,1
Rhos Y Fedwen,Care Home Service,Childrens Home,"Nursing care for children, Learning disability, Mental health",,,Wrexham,,Wrexham,3,07916436246,rachel@parallelcaresolutions.co.uk,,Parallel Care Solutions Limited,2
Rhosbrook Care Home,Care Home Service,Adults Without Nursing,"Personal care for adults, Learning disability, Mental health",44 Kenilworth Road,,Barry,CF63 2HB,Vale of Glamorgan,4,01446722453,valebrookcarehomes@hotmail.com,https://valebrookcarehomes.co.uk,Valebrook Care Homes Ltd,1
Rhoslan Care Home,Care Home Service,Adults Without Nursing,"Personal care for adults, Mental health",Rhoslan Residential Care Home,52-56,Colwyn Bay,LL28 4HA,Conwy,34,01492548159,james.bradford@rosewoodhealthcaregroup.co.uk,www.rosewoodhealthcaregroup.co.uk,Oaktree Healthcare Limited,1
Rhosllyn Residential Home,Care Home Service,Adults Without Nursing,"Personal care for adults, Learning disability",Rhosllyn,,Montgomery,SY15 6JY,Powys,9,01686630639,rhosllyn2018@gmail.com,https://www.manorhousechatburn.co.uk/rhosllyn,Blue Ocean Bidco 2 Ltd,1
Rhostyllen Childcare Hwb,Childrens Day Care,Full Day Care,,Ysgol Rhostyllen Childcare Unit,Henblas Road,Wrexham,LL14 4AD,Wrexham,32,,abcgwastad@gmail.com,,ABC  Daycare Nursery Ltd,1
Rhosyn Melyn,Care Home Service,Adults With Nursing,"Nursing care for adults, Personal care for adults, Mental health",Plas Rhosnesni Nursing Home,Cefn Road,Wrexham,LL13 9NH,Wrexham,66,01978364557,rhosynmelyn@hartfordcare.co.uk,hartfordcare.co.uk,Plas Rhosnesni ltd,1
Ribbons Preschool,Childrens Day Care,Full Day Care,,Cardiff Road,,Dinas Powys,CF64 4JT,Vale of Glamorgan,50,07710681385,ribbonspreschool@gmail.com,www.ribbonspreschool.com,Ribbons Preschool,1
Rickeston Mill Care Home,Care Home Service,Adults With Nursing,"Nursing care for adults, Personal care for adults, Learning disability, Mental health",Rickeston Mill Nursing Home,Rickeston Bridge,Haverfordwest,SA62 3DJ,Pembrokeshire,28,01646695142,enquiries@sricares.co.uk,,Rickeston Care Home ltd,1
Rise and Shine Day Nursery Ltd,Childrens Day Care,Full Day Care,,Rise & Shine Day Nursery,Bridge Road Pentre Maelor,Wrexham,LL13 9FZ,Wrexham,69,01978660006,riseandshinewrexham@gmail.com,www.riseandshinechildcare.co.uk,Rise and Shine Day Nursery Ltd,2
Rise and Shine Day Nursery- Mold,Childrens Day Care,Full Day Care,,Brookvale,Wrexham Road,Mold,CH7 1HT,Flintshire,50,01352756432,riseandshinemold@gmail.com,www.riseandshinechildcare.co.uk,Rise and Shine Day Nursery Ltd,1
Rivers House,Care Home Service,Childrens Home,"Personal care for children, Learning disability, Mental health",,,Llanelli,,Carmarthenshire,4,03301741383,ben@oakmontservicesgroup.co.uk,www.oakmontservicesgroup.co.uk,Oakmont Services Group Ltd,3
Riverside House ,Care Home Service,Adults Without Nursing,"Personal care for adults, Learning disability, Mental health",357 Clydach Road,Morriston,Swansea,SA6 6QJ,Swansea,3,07718823747,info@horizonsupportservices.co.uk,www.horizonsupportservices.co.uk,Horizon Support Services Ltd,1
Riverside Nursery School,Childrens Day Care,Full Day Care,,Regent House,Regent Way,Chepstow,NP16 5BY,Monmouthshire,89,01291645771,regenthouse16@gmail.com,www.riversidenurserieschepstow.co.uk,Sunnybank Childrens Nursery (Chepstow) Ltd,1
Rivulet House,Care Home Service,Childrens Home,Personal care for children,,,Wrexham,,Wrexham,3,01978281881,David.Norman@Educate-Group.co.uk,https://www.educatecare.co.uk/,Educate Care Ltd,2
Romilly Nursing Home,Care Home Service,Adults With Nursing,"Nursing care for adults, Personal care for adults, Learning disability, Mental health",Romilly Nursing Home,9 Romilly Road,Cardiff,CF5 1FH,Cardiff,73,02920231903,care@romillynursinghome.co.uk,,Oakville Care Limited,1
Rompers Day Nursery,Childrens Day Care,Full Day Care,,Glynneath Training Centre,72 High Street Glynneath,Neath,SA11 5DA,Neath Port Talbot,29,01639729902,rompers@glynneathtc.org.uk,www.glynneathtc.org.uk,View (Glynneath) Ltd,1
Roots and Wings Child Day Care Ltd,Childrens Day Care,Full Day Care,,The Old School House,Halkyn Street,Holywell,CH8 7TX,Flintshire,72,07955125778,rootsandwingscdc@gmail.com,,Roots and Wings Child Day Care Ltd,1
Roseland Childcare,Childrens Day Care,Full Day Care,,1 Lombard Street,,Barry,CF62 8DP,Vale of Glamorgan,18,07583569830,tara@roselandchildcare.co.uk,https://www.roselandchildcare.co.uk/,Roseland Childcare Ltd,1
Rossett House Nursery,Childrens Day Care,Full Day Care,,Rossett House,Llay Road,Wrexham,LL12 0HT,Wrexham,68,01244571872,Rossetthouse@activechildcare.co.uk,www.rossetthousenursery.co.uk,Active Childcare Ltd,2
Rostley Care Home Limited,Care Home Service,Adults Without Nursing,,Rostley Residential Home,29 Castle Pill Crescent Steynton,Milford Haven,SA73 1HD,Pembrokeshire,14,07877893834,robinappa@hotmail.com,,ROSTLEY CARE HOME LIMITED,1
Rowan House Care Home,Care Home Service,Adults With Nursing,"Nursing care for adults, Personal care for adults",Commercial Street,Griffithstown,Pontypool,NP4 5JE,Torfaen,38,01495756861,rowan@summerhillgroup.co.uk,www.summerhillgroup.co.uk,FC Summerhill NH LTD,1
Rozelle Nursing Home,Care Home Service,Adults With Nursing,"Nursing care for adults, Mental health, Personal care for adults",Rozelle Nursing Home,93 Brecon Road,Abergavenny,NP7 7RE,Monmouthshire,24,01873854047,info@rozellenursinghome.co.uk,www.rozellenursinghome.co.uk,SKM MEDICAL LIMITED ,1
Rustic Roots Nursery Limited,Childrens Day Care,Full Day Care,,Old School Hall,Church Lane,Barry,CF62 4PL,Vale of Glamorgan,33,,rusticrootsnursery@outlook.com,,Rustic Roots Nursery Limited,1
Rydal Penrhos Pre School,Childrens Day Care,Full Day Care,,Rydal Penrhos,Pwllycrochan Avenue,Colwyn Bay,LL29 7BT,Conwy,140,01492530155,,www.rydalpenrhos.com,Rydal Penrhos Ltd,1
S4YC @ Brambles Day Nursery,Childrens Day Care,Full Day Care,,Yew Tree House,Rogers Lane,Wrexham,LL11 4SG,Wrexham,55,07734705559,info@s4yc.co.uk,,S4YC Ltd,1
S4YC @ Kingfisher House Day Nursery,Childrens Day Care,Full Day Care,,Kingfisher House Day Nursery,Hawarden Industrial Park Hawarden,Deeside,CH5 3QZ,Flintshire,75,01244 530198,info@s4yc.co.uk,www.s4yc.co.uk,S4YC Ltd,4
S4YC @ Rocking Horse Day Nursery,Childrens Day Care,Full Day Care,,Rocking Horse Day Nursery,21 Main Road Broughton,Chester,CH4 0NP,Flintshire,70,07960189165,info@s4yc.co.uk,www.s4yc.co.uk,S4YC Ltd,3
Sadie & Frank's Out of School St Brides,Childrens Day Care,Out of School Care,,St. Brides Major C In W Primary School,Heol Yr Ysgol,Bridgend,CF32 0TB,Vale of Glamorgan,24,01656 645444,,www.sadieandfranksnursery.co.uk,Sadie and Franks Nursery Ltd,1
Sadie and Franks Nursery Ltd,Childrens Day Care,Full Day Care,,Unit 3,Kingswood Court,Bridgend,CF35 5BP,Vale of Glamorgan,66,01656645444,,www.sadieandfranksnursery.co.uk,Sadie and Franks Nursery Ltd,2
Safe hands Respite Hotel,Care Home Service,Adults Without Nursing,Personal care for adults,The Old Rectory,Henllan Road,Denbigh,LL16 5UF,Denbighshire,4,07444716876,newcombeellen2@gmail.com,,Ellen Newcombe,1
Safe Haven Care and Lodges Ltd,Care Home Service,Adults Without Nursing,"Personal care for adults, Learning disability, Mental health",Safe Haven Care Lodges Ltd,Ty Hafod Tudor,Newport,NP11 7QQ,Caerphilly,5,01495271012,shanepocock@partnershipofcare.co.uk,https://www.partnershipofcare.co.uk/,Safe Haven Care Home and Lodges Ltd,1
Sageston Community Primary School Playgroup,Childrens Day Care,Full Day Care,,Sageston Cp School,Bird's Lane Sageston,Tenby,SA70 8SH,Pembrokeshire,18,01646651471,head.sageston@pembrokeshire.gov.uk,https://sites.google.com/hwbcymru.net/sageston-cp-school/about-us/playgroup-daycare,The Governing Body of Sageston Community Primary School,1
Saltney Small Steps,Childrens Day Care,Full Day Care,,Saltney Ferry Primary School,Saltney Ferry Road Saltney Ferry,Chester,CH4 0BN,Flintshire,19,,,,Saltney Small Steps,1
San Joseff Bach,Childrens Day Care,Sessional Day Care,,St. Josephs Catholic Primary School,70 Pontardawe Road Clydach,Swansea,SA6 5NX,Swansea,28,,,www.stjosephscatholicps-swansea.co.uk,San Joseff Bach,1
Sandford,Care Home Service,Adults Without Nursing,Personal care for adults,50 Gronant Road,,Prestatyn,LL19 9ND,Denbighshire,40,01745855193,sandford@pearlcare.co.uk,www.pearlcare.co.uk,Pearlcare(Sandford)Ltd,1
Sandy Feet Day Nursery,Childrens Day Care,Full Day Care,,Dew Road,,Port Talbot,SA12 7HE,Neath Port Talbot,27,07834537061,sandyfeetdaynursery@gmail.com,,Sandy Feet Day Nursery Limited,1
Sandycroft Pre School CIC,Childrens Day Care,Full Day Care,,Sandycroft Cp School,Leaches Lane Mancot,Deeside,CH5 2EH,Flintshire,30,01244532083,scmail@hwbmail.net,www.ysgolsandycroftschool.co.uk,Sandycroft Pre School CIC,1
Saplings Children`s Nursery,Childrens Day Care,Full Day Care,,Saplings Childrens Nursery,Wrexham Technology Park,Wrexham,LL13 7YP,Wrexham,71,01978312444,nickie@saplings4kids.co.uk,www.saplings4kids.co.uk,Saplings (Wrexham) Ltd,1
Saplings Out of School Care,Childrens Day Care,Out of School Care,,Evenlode Primary School,Evenlode Avenue,Penarth,CF64 3PD,Vale of Glamorgan,90,07983835953,deGreyS5@Hwbcymru.net,www.evenlodeschool.co.uk,The Commitee of Saplings Out of School Care,1
Sapphire House,Care Home Service,Childrens Home,"Personal care for children, Learning disability, Mental health",,,Bridgend,,Bridgend,1,01656713420,Shani@serenitysandc.co.uk,,Serenity Support and Care CIC,2
Saundersfoot Playgroup and Day Care,Childrens Day Care,Full Day Care,,Saundersfoot Junior School,Frances Lane,Saundersfoot,SA69 9HB,Pembrokeshire,18,07984756288,Saundersfootplaygroup@qualityservice.com,,Saundersfoot Playgroup and Daycare,1
Schoolhouse Day Nursery,Childrens Day Care,Full Day Care,,Princess Of Wales Hospital,Coity Road,Bridgend,CF31 1RQ,Bridgend,50,01656753957,pow@schoolhouse-daycare.co.uk,www.schoolhouse-daycare.co.uk,Schoolhouse Daycare Limited,1
Schoollane Pre-School,Childrens Day Care,Full Day Care,,Church Walks,,Llandudno,LL30 2HL,Conwy,52,01492577861,schoollaneplaygroup@conwy.gov.uk,schoollanepreschool.co.uk,Schoollane Pre-School,1
Sea Breeze,Care Home Service,Childrens Home,Personal care for children,,,Swansea,,Swansea,4,01792969164,Ri@togetherstrongercare.com,www.togetherstrongercare.co.uk,Together Stronger (south wales) ltd,1
Selca Day Nursery - Bridgend Road,Childrens Day Care,Full Day Care,,Welfare Hall,Bridgend Road Llanharan,Pontyclun,CF72 9RA,Rhondda Cynon Taf,40,07732398921,admin@selcadaynursery.co.uk,www.selcadaynursery.co.uk,Selca Ltd,1
Selca Day Nursery - Llanharan,Childrens Day Care,Full Day Care,,The Old Gospel Hall,Rose Terrace,Pontyclun,CF72 9RH,Rhondda Cynon Taf,38,01443266582,admin@selcadaynursery.co.uk,www.selcadaynursery.co.uk,Selca Ltd,5
Selca Day Nursery - Pencoed,Childrens Day Care,Full Day Care,,Welfare Hall,Heol-y-groes Pencoed,Bridgend,CF35 5PE,Bridgend,30,07594470611,admin@selcadaynursery.co.uk,www.selcadaynursery.co.uk,Selca Ltd,2
Selca Day Nursery - Treforest,Childrens Day Care,Full Day Care,,"Unit D16,  Old Bank Buildings",Main Avenue,Pontypridd,CF37 5UR,Rhondda Cynon Taf,49,01443267036,admin@selcadaynursery.co.uk,www.selcadaynursery.co.uk,Selca Ltd,4
Selca School Clubs,Childrens Day Care,Out of School Care,,Llanharan Oap Hall,Llanharry Road,Llanharan,CF72 9RL,Rhondda Cynon Taf,40,07716127890,admin@selcadaynursery.co.uk,www.selcadaynursery.co.uk,Selca Ltd,3
Sensory Sessions,Childrens Day Care,Out of School Care,,Ysgol Tir Morfa,Ffordd Derwen,Rhyl,LL18 2RN,Denbighshire,10,,,,TRAIN4ALN CIC,1
Seren Fach Day Nursery,Childrens Day Care,Full Day Care,,Above The Bakery,Gors Avenue,Swansea,SA1 6RH,Swansea,35,07904213644,,,Seren Fach Ltd,1
Seren Fach Nursery,Childrens Day Care,Full Day Care,,Seren Fach Nursery,School Close,Newport,NP18 1GA,Torfaen,95,01633431300,nursery@serenfach.co.uk,www.serenfach.com,Seren Fach Childcare Ltd,1
Seren Super Stars Preschool,Childrens Day Care,Sessional Day Care,,Ysgol Ffordd Dyffryn,Dyffryn Road,Llandudno,LL30 2LZ,Conwy,24,01492874129,Serensuperstars@yahoo.com,serensuperstars.co.uk,Seren Super Stars Pre-School,1
Serenbrook Care Home,Care Home Service,Adults Without Nursing,"Personal care for adults, Learning disability, Mental health",30 Coldbrook Road East,,Barry,CF63 1NG,Vale of Glamorgan,3,01446721906,valebrookcarehomes@hotmail.com,https://valebrookcarehomes.co.uk,Valebrook Care Homes Ltd,3
Serenissima Care Home,Care Home Service,Childrens Home,"Nursing care for children, Personal care for children, Learning disability, Mental health",,,Ammanford,,Carmarthenshire,2,07980238219,ben@safestepscare.org,www.safestepscare.org,Safe Steps Care Limited,1
Severn Care Club,Childrens Day Care,Full Day Care,,Severn Primary School,Severn Road,Cardiff,CF11 9DZ,Cardiff,34,02920387507,karen.gunning@cardiff.gov.uk,www.severnprimaryschool.co.uk,Severn Care Club,1
Shaftesbury Brodawel,Care Home Service,Adults Without Nursing,"Personal care for adults, Learning disability",1 Hafan Y Coed,Lluest,Aberystwyth,SY23 3AU,Ceredigion,4,01970611188,Bchukwu@shaftesburygroup.org,www.Shaftesburygroup.org,Livability,3
Shaftesbury Hafan y Coed,Care Home Service,Adults Without Nursing,"Personal care for adults, Learning disability",1 Lluest Mews,Lluest,Aberystwyth,SY23 3AU,Ceredigion,7,01970611188,Bchukwu@shaftesburygroup.org,www.Shaftesburygroup.org,Livability,2
Shaping Futures,Childrens Day Care,Full Day Care,,10,Earlswood Road,Cardiff,CF14 5GH,Cardiff,40,07745524520,shapingfuturesabcltd@gmail.com,www.shapingfutures.uk,Shaping Futures ABC Limited,1
Shillings Care,Care Home Service,Adults Without Nursing,"Learning disability, Mental health",20 Coedcae Street,,Cardiff,CF11 7AA,Cardiff,4,07808580510,shillingscare@gmail.com,www.shillingscare.co.uk,Shillings Care Limited,1
Shining Stars Cardiff CIC,Childrens Day Care,Sessional Day Care,,2-4 Leckwith Avenue,,Cardiff,CF11 8HQ,Cardiff,14,07812459535,shiningstarscardiff@gmail.com,http://www.shiningstarscardiff.co.uk,Shining Stars Cardiff CIC,1
Singleton Day Nursery,Childrens Day Care,Full Day Care,,Singleton Day Nursery,45 De La Beche Road,Swansea,SA2 9EA,Swansea,118,01792202900,sing@schoolhouse-daycare.co.uk,www.schoolhouse-daycare.co.uk,Schoolhouse Daycare Limited,2
Sketty House Care Home,Care Home Service,Adults Without Nursing,"Personal care for adults, Mental health",St. Camillus Care Homes,244 Gower Road Sketty,Swansea,SA2 9JL,Swansea,35,01792290565,charlotte.evans@oxfordcarehomes.co.uk,https://biracarehomes.co.uk/sketty-house-care-home/,St Camillus Limited,1
Skybound Plas Seren,Care Home Service,Childrens Home,"Personal care for children, Learning disability",,,Haverfordwest,,Pembrokeshire,2,01437751261,Risca.solomon@skyboundtherapies.co.uk,,Skybound Therapies Ltd,1
SNAP Specialist Play,Childrens Day Care,Full Day Care,,Child Health Dept,Withybush Hospital,Haverfordwest,SA61 2PZ,Pembrokeshire,8,07990875081,contact@snapspecialistplay.org.uk,www.snapspecialistplay.org.uk,SNAP Specialist Play,1
Snowdon Care Home,Care Home Service,Adults Without Nursing,"Personal care for adults, Mental health",Snowdon Care Home,Llanberis,Caernarfon,LL55 4LF,Gwynedd,27,01286870391,snowdoncarehome@outlook.com,www.snowdoncarehome.com,Plas Garnedd Llanberis Limited,1
Southern House Nursing Home,Care Home Service,Adults Without Nursing,"Nursing care for adults, Personal care for adults",Southern House Nursing Home,18 Water Street,Abergele,LL22 7SH,Conwy,35,01745833600,manager@southernhouse.co.uk,,Chestnut House Healthcare Limited,2
Spa Residential Home Ltd,Care Home Service,Adults Without Nursing,"Personal care for adults, Mental health",Spa Residential Home,Temple Street,Llandrindod Wells,LD1 5HG,Powys,40,01597822020,info@sparesidentialhome.co.uk,www.sparesidentialhome.co.uk,Spa Residential Home Ltd,1
Sparkles Day Nursery,Childrens Day Care,Full Day Care,,Sparkles Day Nursery,Prince Charles Road,Wrexham,LL13 8TH,Wrexham,76,01978 290067,jayne.wright@caiapark.org,https://sparklesdaynursery.co.uk,Caia Park Partnership Ltd,3
Spittal School Playgroup,Childrens Day Care,Sessional Day Care,,Spittal C I W V C School,Spittal,Haverfordwest,SA62 5QR,Pembrokeshire,21,01437 741652,admin.spittal@pembrokeshire.gov.uk,,Spittal CIW VC School Governing Body,1
Spring Gardens,Care Home Service,Adults Without Nursing,"Personal care for adults, Learning disability",29 High Street,St. Davids,Haverfordwest,SA62 6SB,Pembrokeshire,6,01437720882,sdavidcare@aol.com,http://www.stdavidscare.com,St. Davids Care in the Community Ltd.,2
Spring Meadows (Care) Ltd,Care Home Service,Adults Without Nursing,Learning disability,Manorleigh Spring Meadows Care Ltd,66-68,Swansea,SA5 8QH,Swansea,8,01792466728,manager.manorleigh@gmail.com,www.manorleigh.co.uk,SPRING MEADOWS (CARE) LTD,1
Springbank Care Home,Care Home Service,Adults With Nursing,"Nursing care for adults, Personal care for adults",Springbank Nursing Home,College Road,Barry,CF62 8HS,Vale of Glamorgan,62,01446740190,heretohelp@carongroup.wales,www.carongroup.wales,Springbank Care Home Limited,1
Springboard Education and Care - Brynmorgan Villa,Care Home Service,Childrens Home,Personal care for children,,,Swansea,,Neath Port Talbot,4,07807046711,rlbyng@icloud.com,WWW.SPRINGBOARDEDUCATIONANDCARE.CO.UK,Springboard Education and Care Ltd,1
Springfield Care Home,Care Home Service,Adults Without Nursing,"Personal care for adults, Learning disability",Springfield House,Gwerthonor Road Gilfach,Bargoed,CF81 8JR,Caerphilly,6,01443833600,claire.springfield@mychoicehealthcare.co.uk,www.mychoicehealthcare.co.uk,My Choice Healthcare South Wales Limited,2
Springholme Care Anglesey Ltd,Care Home Service,Adults Without Nursing,Personal care for adults,Springholme,Red Wharf Bay,Pentraeth,LL75 8EX,Isle of Anglesey,45,01248 450555,Carol.Tomkins@springholme.co.uk,www.springholme.co.uk,SPRINGHOLME CARE ANGLESEY LTD,1
Sprouts Arabic Montessori Nursery,Childrens Day Care,Full Day Care,,Butetown Community Centre,Loudoun Square,Cardiff,CF10 5JA,Cardiff,14,07927798620,,,Sprouts Arabic,1
St Albans Nursing Home,Care Home Service,Adults With Nursing,"Nursing care for adults, Personal care for adults, Learning disability, Mental health",St. Albans Care Home,Swinton Street,Cardiff,CF24 2NT,Cardiff,40,02920472161,Rodreck.Chipezeze@ivolve.care,www.ivolve.care,ivolve CMC Ltd,2
St Anne's Nursing Home,Care Home Service,Adults With Nursing,Nursing care for adults,St. Anne's Nursing Home Ltd,Welsh Street,Chepstow,NP16 5LX,Monmouthshire,45,01291 622050,manager@stannescare.co.uk,www.stannescare.co.uk,St Annes Nursing Home Ltd,1
St Antonios,Care Home Service,Childrens Home,Personal care for children,,,Llanelli,,Carmarthenshire,4,07492062514,chrisgriffiths@futurevisionchildcare.co.uk,www.futurevisionchildcare.co.uk,Future Vision Childcare LTD,3
St Asaph Community Playgroup,Childrens Day Care,Full Day Care,,St. Asaph Vp School,Upper Denbigh Road,St. Asaph,LL17 0RL,Denbighshire,19,07745944402,edwardstracey22@yahoo.co.uk,,St Asaph Community Playgroup,1
St Brelades,Care Home Service,Adults With Nursing,"Nursing care for adults, Personal care for adults",The Hollins,,Neath,SA11 3BQ,Neath Port Talbot,45,01639865777,admin@stbrelades.uk,www.stbrelades.uk,St Brelade LTD,1
St Chamond's,Care Home Service,Adults With Nursing,"Nursing care for adults, Personal care for adults",St. Chamonds Care Home,Hillside,Prestatyn,LL19 9PW,Denbighshire,20,01745854130,admin@stchamonds.co.uk,stchamonds.co.uk,St Chamond's,1
St David's Residential Home,Care Home Service,Adults Without Nursing,Personal care for adults,St. Davids Residential Home,36 East Parade,Rhyl,LL18 3AN,Denbighshire,52,01745353621,admin@saintdavidscare.com,www.saintdavidscare.com,St Davids Care Limited,1
St Donats Nursery - Llantwit Major,Childrens Day Care,Full Day Care,,United World College Of The Atlantic Ltd,St. Donats Castle,Llantwit Major,CF61 1WF,Vale of Glamorgan,22,07402536412,stdonatsnursery@gmail.com,www.stdonatsnurserywales.com,St Donats Nursery Ltd,1
St Gwynan's Pre-school,Childrens Day Care,Sessional Day Care,,Early Years Unit (Ysgol Capelulo),Treforris Road,Penmaenmawr,LL34 6RA,Conwy,26,07902190349,stgwynansplaygroup@gmail.com,stgwynanspreschool.co.uk,St Gwynan's Pre-school,1
St Illtyd's Wraparound,Childrens Day Care,Sessional Day Care,,St. Illtyds Rc Primary School,Jersey Road Bonymaen,Swansea,SA1 7DG,Swansea,20,01792 462104,st.illtyds.school@swansea-edunet.gov.uk,,St Illtyd's Wraparound,1
St Johns House,Care Home Service,Adults Without Nursing,Personal care for adults,6 St. Johns Crescent,Canton,Cardiff,CF5 1NX,Cardiff,5,02920758109,haydn.osborne@reactsupportservices.co.uk,www.reactsupportservices.co.uk,React Support Services Ltd,4
St Joseph's Cathedral Wraparound,Childrens Day Care,Sessional Day Care,,St. Josephs Cathedral Primary School,Caepistyll Street,Swansea,SA1 2BE,Swansea,40,01792653609,stjosephscathedralprimary@swansea-edunet.gov.uk,www.stjosephscathedralprimary.swansea.sch.uk,The Governing body of St Joseph's Cathedral Primary School,1
St Mark's Court,Care Home Service,Adults With Nursing,Nursing care for adults,St. Marks Court Nursing Home,Park Terrace,Swansea,SA1 2BY,Swansea,38,01792 644 445,info.sm@carongroup.wales,www.carongroup.wales,St Mark's Court Ltd,1
St Martin's,Care Home Service,Childrens Home,,,,Tredegar,,Blaenau Gwent,1,07593 555417,peternorris@nextgenpathways.co.uk,,NextGen Pathways Ltd,1
St Mary's Little Rainbows,Childrens Day Care,Full Day Care,,St. Mary's Primary School,Ael Y Bryn Brymbo,Wrexham,LL11 5DA,Wrexham,20,01978722970,stmaryslittlerainbows@gmail.co.uk,,St Mary's Little Rainbows,1
St Marys Out of School Club,Childrens Day Care,Out of School Care,,School Lane,Overton-on-dee,Wrexham,LL13 0ES,Wrexham,48,01978710688,overtonplaygroup@yahoo.co.uk,,Overton Playcentre,1
St Marys Pre-School,Childrens Day Care,Full Day Care,,Wrexham District Scout H Q,Station Approach,Wrexham,LL11 2AA,Wrexham,40,07810373720,stmaryspreschoolwrexham@hotmail.com,www.stmaryspreschoolwrexham.com,St Mary's Pre School,1
St Mathews Residential Home,Care Home Service,Adults Without Nursing,"Personal care for adults, Learning disability",St Mathews Bungalow,Surgery Hill,Rhymney,NP22 5LR,Caerphilly,5,01495221666,nigel@prideincare.com,prideincare.com,pride in care ltd,1
St Nicholas House Care Home,Care Home Service,Adults With Nursing,"Nursing care for adults, Personal care for adults, Learning disability, Mental health",St. Nicholas House,Church Stoke,Montgomery,SY15 6AF,Powys,49,01588620613,vasilica.iovu@rdcpcare.com,www.rdcpcare.com,St Nicholas House Ltd,1
St Padarn's Playgroup,Childrens Day Care,Sessional Day Care,,St. Padarns Primary School,Llanbadarn Road,Aberystwyth,SY23 1EZ,Ceredigion,19,01970623289,stpadarnsplaygroup@hotmail.com,,St Padarn's Playgroup,1
St Paul's,Care Home Service,Childrens Home,Personal care for children,,,Barry,,Vale of Glamorgan,2,07770 424371,amyjones2@llamau.org.uk,,Llamau Limited,1
St Paul's Family Centre Nursery,Childrens Day Care,Sessional Day Care,,St. Pauls Family Centre,Ger Y Llan,Llanelli,SA15 1DP,Carmarthenshire,20,01554775338,sarahwstpauls@plantdewi.co.uk,,St Pauls Family Centre,1
St Peter's Out of School Care Limited,Childrens Day Care,Out of School Care,,St. Peters Primary School,Southey Street,Cardiff,CF24 3SP,Cardiff,50,07872588534,stpeterosc@gmail.com,www.stpetersosc.wales,St Peter's Out of School Care Limited,1
St Peter's Playscheme,Childrens Day Care,Full Day Care,,St. Peters School,Chapel Lane Rossett,Wrexham,LL12 0EE,Wrexham,56,01244570594,playscheme381@gmail.com,,St Peter's Playscheme,1
St Peters House,Care Home Service,Childrens Home,Personal care for children,,,Carmarthen,,Carmarthenshire,4,01267233110,chrisgriffiths@futurevisionchildcare.co.uk,www.futurevisionchildcare.co.uk,Future Vision Childcare LTD,1
St Saviours Nursing Home,Care Home Service,Adults With Nursing,"Nursing care for adults, Personal care for adults, Learning disability, Mental health",115 Splott Road,,Cardiff,CF24 2BY,Cardiff,29,02920484588,julie.counsell@ivolve.care,www.ivolve.care,ivolve CMC Ltd,1
St. Mark's Little Lions,Childrens Day Care,Sessional Day Care,,St. Marks V A School,St. Issells Avenue,Haverfordwest,SA61 1JX,Pembrokeshire,26,01437767623,admin.stmarks@pembrokeshire.gov.uk,,Governing Body of St Mark’s Church in Wales V.A. Primary,1
St. Winefride's Preschool,Childrens Day Care,Full Day Care,,St. Winefride's Catholic Primary School,Whitford Street,Flintshire,CH8 7NJ,Flintshire,19,07938061871,stwinefridesplaygroup@outlook.com,,St. Winefride's Preschool,1
Stanley Villa,Care Home Service,Adults Without Nursing,Personal care for adults,1 Stanley Street,,Wrexham,LL13 8NU,Wrexham,9,01978312120,admin@openmindsrehab.com,www.openmindsrehab.com,A C Counselling Ltd ,1
Startrite Nursery,Childrens Day Care,Full Day Care,,Startrite Nursery,5 Ashgrove Terrace Nelson,Treharris,CF46 6LR,Caerphilly,20,01443 450551,annstartrite@yahoo.co.uk,,Startrite Nurseries Ltd,1
Station House Residential Care,Care Home Service,Adults Without Nursing,"Personal care for adults, Learning disability, Mental health",Station House,Station Road,Holywell,CH8 7EL,Flintshire,8,01352 710929,diane.roberts16@btinternet.com,www.stationshouse.com,DIANE ROBERTS,1
Step By Step,Childrens Day Care,Full Day Care,,St. Davids Rc School,St. Davids Lane,Mold,CH7 1LH,Flintshire,26,07766627615,stdavidsplaygroupmold@gmail.com,,St David's Playgroup,1
Step By Step Llanrumney Hall,Childrens Day Care,Full Day Care,,Ball Road,Llanrumney,Cardiff,CF3 4JJ,Cardiff,40,07837798509,office@stepbystepchildcare.uk,,Step By Step Childcare Limited,1
Stepping Stones 4 School Out of School & Holiday Club,Childrens Day Care,Out of School Care,,Llys Faen Primary School,Rowan Way,Cardiff,CF14 0TB,Cardiff,64,07468461646,info@steppingstones4schools.com,www.steppingstoneschildcare.rocks,Stepping Stones 4 Schools LLP,3
Stepping Stones 4 Schools Out of School & Holiday Club,Childrens Day Care,Out of School Care,,Thornhill Primary School,,Thornhill,CF14 9LA,Cardiff,40,07468461646,info@steppingstones4schools.com,www.steppingstoneschildcare.rocks,Stepping Stones 4 Schools LLP,2
Stepping Stones 4 Schools Out of School and Holiday Club,Childrens Day Care,Out of School Care,,Christ the King Primary School,Everest Avenue,Cardiff,CF14 5AS,Cardiff,50,07468461646,info@steppingstones4schools.com,www.steppingstoneschildcare.rocks,Stepping Stones 4 Schools LLP,1
Stepping Stones 4 Schools Out of School Breakfast Afterschool and Holiday Club,Childrens Day Care,Out of School Care,,Rhyd Y Penau Primary School,Rhyd Y Penau Road,Cardiff,CF14 0NX,Cardiff,50,07468461646,info@steppingstones4schools.com,www.steppingstoneschildcare.rocks,Stepping Stones 4 Schools LLP,5
Stepping Stones Little Nippers Day Care,Childrens Day Care,Full Day Care,,Golden Gate,Ty Glas Avenue,Cardiff,CF14 5DX,Cardiff,50,07468461646,info@steppingstones4schools.com,www.steppingstoneschildcare.rocks,Stepping Stones 4 Schools LLP,4
Stepping Stones Magor,Childrens Day Care,Full Day Care,,Magor Church In Wales Primary School,Magor,Caldicot,NP26 3EG,Monmouthshire,48,07851829532,stepping.stones01@yahoo.co.uk,,Stepping Stones Magor Limited,1
Stepping Stones Nursery Aberdare,Childrens Day Care,Full Day Care,,Stepping Stones Creche,Robertstown Industrial Estate,Aberdare,CF44 8HD,Rhondda Cynon Taf,100,01685884447,steppingstonesoffice54@gmail.com,steppingstonesnursery.uk,Jameswell Ltd,1
Stepping Stones Playgroup C.I.C.,Childrens Day Care,Full Day Care,,Libanus Primary School,Libanus Road,Blackwood,NP12 1EH,Caerphilly,24,07310842388,playgroupsteppingstones@gmail.com,,Stepping Stones Playgroup C.I.C.,1
Sterling Bach,Care Home Service,Childrens Home,Personal care for children,,,Welshpool,,Powys,2,01938570143,manager.sterlingbach@keys-group.co.uk,,Keys Education Limited,2
Stockton Way Bungalow,Care Home Service,Adults Without Nursing,,38 Stockton Way,,Tredegar,NP22 3EN,Blaenau Gwent,2,07388445902,sgriffiths@prospersupport.co.uk,,PROSPER CARE & SUPPORT LIMITED,6
Stow Park Nursing Home,Care Home Service,Adults With Nursing,"Nursing care for adults, Personal care for adults, Learning disability, Mental health",Stow Park Nursing Home,31 Stow Park Avenue,Newport,NP20 4FN,Newport,31,01633212262,manager@stowpark.co.uk,www.stowpark.co.uk,Ogwr Care Ltd,1
Stradey Park House,Care Home Service,Adults Without Nursing,"Personal care for adults, Learning disability, Mental health",61 New Road,,Llanelli,SA15 3DP,Carmarthenshire,8,01554755725,james@stradeyparkcarehomes.co.uk,,STRADEY PARK CARE HOMES LTD,1
Summerhouse Out of School Club Ltd,Childrens Day Care,Full Day Care,,85 Dyserth Road,,Rhyl,LL18 4DT,Denbighshire,34,07469652851,summerhouse85@yahoo.co.uk,www.summerhouseoutofschoolclub.com,Sumerhouse  Out of School Club Ltd,1
Sunbeams playgroup + Gwernaffield,Childrens Day Care,Full Day Care,,Community Room Ysgol Y Waun,Y Waen Gwernaffield,Mold,CH7 5DP,Flintshire,30,07584168425,sunbeams171@outlook.com,,Sunbeams playgroup + Gwernaffield,1
Sundale,Care Home Service,Adults Without Nursing,"Personal care for adults, Learning disability",Sundale,India Row,Pembroke,SA71 4JH,Pembrokeshire,2,01646661284,shangrilacareservices@yahoo.co.uk,,Shangri-La Chapel Hill Ltd ,1
Sunflower Day Nursery,Childrens Day Care,Full Day Care,,Sunflower Day Nursery (cardiff) Ltd,Brunel House,Cardiff,CF24 0EB,Cardiff,50,02920 480845,sunflowernurserydirector@yahoo.com,sunflowerdaynursery.wales,Sunflower Day Nursery (Cardiff) Ltd,1
Sunny Bank,Care Home Service,Childrens Home,Personal care for children,,,Merthyr Tydfil,,Merthyr Tydfil,4,07867420271,scotth@team-rainbow.co.uk,https://rainbowtherapeutic.com/,Rainbow Therapeutic Limited,2
Sunnybank Care Home,Care Home Service,Adults Without Nursing,"Personal care for adults, Learning disability, Mental health",Sunny Bank,,Newport,SA42 0XD,Pembrokeshire,5,01348811369,sunnybankcarehome@gmail.com,www.sunnybankcarehome.co.uk,Brynhaulog Limited,1
Sunnybank Childrens Nursery Limited,Childrens Day Care,Full Day Care,,Sunnybank Nursery,3 Stow Park Avenue,Newport,NP20 4FH,Newport,83,01633 244032,manager@sunnybanknursery.co.uk,www.sunnybanknursery.co.uk,Sunnybank Childrens Nursery Ltd,1
Sunnybank Dementia Residential Home,Care Home Service,Adults Without Nursing,"Personal care for adults, Mental health",Sunnybank Road Griffithstown,,Pontypool,NP4 5LN,Torfaen,25,01495758142,sunnybank@virgocarehomes.com,www.virgocarehomes.com,Virgo Care Homes Ltd,3
Sunray Day Care Ltd,Childrens Day Care,Full Day Care,,The Long Barn,Waen Farm,Mold,CH7 4EW,Flintshire,159,01352700329,office@sunraydaycare.co.uk,www.sunraydaycare.co.uk,Sunray Day Care Nursery Ltd,1
Sunshine's Pre-School,Childrens Day Care,Sessional Day Care,,Llanfoist Fawr Primary School,School Way,Abergavenny,NP7 9FD,Monmouthshire,26,01873737110,,,The Committee of Sunshines Pre-School,1
Swallow Playgroup,Childrens Day Care,Full Day Care,,West Camp Community Centre,Rook Close,Vale Of Glamorgan,CF62 4NA,Vale of Glamorgan,35,01446 793981,Swallownursery@outlook.com,,Swallow Playgroup Charity,1
Swansea Living Solutions Ltd,Care Home Service,Adults Without Nursing,"Personal care for adults, Learning disability, Mental health",Calon Fawr Nursing Home Ltd,Lon Masarn Sketty,Swansea,SA2 9EX,Swansea,8,01792204141,swansealivingsolutions@hotmail.com,www.swansealivingsolutions.co.uk,Calon Fawr Nursing Home Limited trading as Swansea Living Solutions,1
Swansea Students' Union,Childrens Day Care,Full Day Care,,Swansea University,Singleton Park,Swansea,SA2 8PP,Swansea,38,01792513151,nursery@swansea-union.co.uk,https://www.swansea-union.co.uk/,Swansea University Students' Union,1
Sweet Pea (Heath),Childrens Day Care,Full Day Care,,39 St Isan Road,,Cardiff,CF14 4LW,Cardiff,45,02920613991,heath@sweet-p.co.uk,www.sweet-p.co.uk,Sweet P Childcare Ltd,2
Sweet Pea Daycare,Childrens Day Care,Full Day Care,,Sweet Pea Day Care,64-66,Cardiff,CF14 4AF,Cardiff,45,02920 619519,info@sweet-p.co.uk,www.sweet-p.co.uk,Sweet P Childcare Ltd,1
Sweet Peas Nursery,Childrens Day Care,Full Day Care,,Charleston House 44-46,High Street,Bargoed,CF81 8RD,Caerphilly,55,01443566700,cf81nursery@gmail.com,,BARGOED NURSERY LTD,1
Swn y Don Playgroup,Childrens Day Care,Full Day Care,,Ysgol Swn Y Don,Ffordd Swn Y Don,Old Colwyn,LL29 9LL,Conwy,15,01492577290,swyddfa@swnydon.conwy.sch.uk,,Swn Y Don Playgroup,1
Sŵn Y Môr,Care Home Service,Adults Without Nursing,Learning disability,Tan Y Marian,Morfa'r Garreg,Pwllheli,LL53 5BB,Gwynedd,4,07789 220813,swnymor@cartrefi.coop,www.cartrefi.coop,Cartrefi Cymru Co-operative Ltd,1
Swn-y-Gan,Care Home Service,Adults With Nursing,"Nursing care for adults, Personal care for adults, Mental health",Swn Y Gan Nursing Home,Banc Bach Penclawdd,Swansea,SA4 3FN,Swansea,28,01792850123,kirsty@swn-y-gan.com,www.swn-y-gan.com,SWN-Y-GAN LTD,1
Swn-y-Mor Care Centre,Care Home Service,Adults With Nursing,"Nursing care for adults, Personal care for adults",Swn-y-mor Care Centre,Scarlet Avenue,Port Talbot,SA12 7PH,Neath Port Talbot,91,01639894533,swn-y-mor.manager@handsale.co.uk,http://www.swn-y-mor.com/,Speed 9395 Limited,1
Sycamore Lodge Residential Care Home,Care Home Service,Adults Without Nursing,Personal care for adults,Sycamore Lodge Residential Home,110 Wood Lane Hawarden,Deeside,CH5 3JE,Flintshire,17,01244533769,campval769@aol.com,,Sycamore Lodge (North Wales) Ltd,1
Sychdyn Playgroup,Childrens Day Care,Full Day Care,,Sychdyn Cp School,Vownog Road Sychdyn,Mold,CH7 6ED,Flintshire,19,07508952847,sychdynplaygroup@gmail.com,,Sychdyn Playgroup,1
Talbot Court Care Home,Care Home Service,Adults With Nursing,"Nursing care for adults, Personal care for adults",Talbot Court Care Home,Talbot Road,Port Talbot,SA13 1DR,Neath Port Talbot,30,01639887975,info@talbotcourtcare.co.uk,www.talbotcourtcare.co.uk,Carehart Ltd,1
Taliesin Residential Home,Care Home Service,Adults Without Nursing,Personal care for adults,Taliesin Residential Home,Bridge Street,Tonypandy,CF40 2TU,Rhondda Cynon Taf,18,01443436666,Admin@taliesinresidentialhome.com,www.taliesinresidentialhome.co.uk,Taliesin Residential Home Limited,1
Tan y Bryn Care Home,Care Home Service,Adults Without Nursing,Personal care for adults,Tan Y Bryn Residential Home,20 Tan Y Bryn Road,Llandudno,LL30 1UU,Conwy,26,01492875162,tyb.1@yahoo.com,,Eterna Care Ltd ,1
Tan Yr Allt House Ltd,Care Home Service,Adults With Nursing,"Nursing care for adults, Personal care for adults, Learning disability, Mental health",Tan Yr Allt House Ltd,16 Alltwen Hill,Swansea,SA8 3AB,Neath Port Talbot,16,01792863137,vicki.travers@ivolve.care,www.ivolve.care,Tan-Yr-Allt House Ltd,1
Tan Yr Allt Lodge Ltd,Care Home Service,Adults With Nursing,"Nursing care for adults, Learning disability, Mental health, Personal care for adults",Tan Yr Allt Lodge,14 Alltwen Hill,Swansea,SA8 3AB,Neath Port Talbot,26,01792869374,victoria.hole@ivolve.care,www.ivolve.care,Tan Yr Allt Lodge Ltd,1
Tavernspite Playgroup,Childrens Day Care,Sessional Day Care,,Tavernspite Village Hall,Tavernspite,Whitland,SA34 0NL,Pembrokeshire,28,07845980559,tavernspiteplaygroup@icloud.com,,Tavernspite Playgroup,1
Tawelwch,Care Home Service,Childrens Home,,,,Neath,,Neath Port Talbot,2,07980238219,ben@safestepscare.org,,Safe Steps Care Limited,2
Tea Timers Wrap Around and Holiday Club,Childrens Day Care,Full Day Care,,Springwood Junior & Infants School,Pennsylvania Llanedeyrn,Cardiff,CF23 9LS,Cardiff,50,07899995377,teatimersafterschoolclub@outlook.com,,TEA TIMERS Limited,1
Teddy Bear Nursery,Childrens Day Care,Full Day Care,,University Hospital Of Wales Healthcare Nhs Trust,"Hr Directorate, Lakeside, Heath Park",Cardiff,CF14 4XW,Cardiff,60,02921842550,Arfana.Ashraf@wales.nhs.uk,www.cardiffandvale.co.uk,Cardiff and Vale UHB,1
Teddy Bear Nursery,Childrens Day Care,Full Day Care,,Llandough Hospital,Penlan Road,Penarth,CF64 2XX,Vale of Glamorgan,33,02921 825697,Kelly.Lovell@wales.nhs.uk,www.cardiffandvale.co.uk,Cardiff and Vale UHB,2
Teddy Bear Towers Limited,Childrens Day Care,Full Day Care,,Trelawney Towers,Chester Road,Flint,CH6 5DU,Flintshire,49,01352 763089,teddybeartowers@talktalk.net,www.teddybeartowers.co.uk,Teddy Bear Towers Day Nursery Ltd,1
Tedi Bach,Childrens Day Care,Sessional Day Care,,Ysgol Pen Rhos County Primary School,Copperworks Road,Llanelli,SA15 2NG,Carmarthenshire,20,01554742279,,www.cycaonline.org,Connecting Youth Children's Adults,2
Teigrod Terrig After School Club,Childrens Day Care,Out of School Care,,Teigrod Terrig After School Club,Ysgol Terrig,Mold,CH7 4LN,Flintshire,32,01352770235,postterrig@hwbmail.net,,Teigrod Terrig,1
Teilo Tots,Childrens Day Care,Full Day Care,,St. Teilos Rc Primary School,Greenhill Road,Tenby,SA70 7LJ,Pembrokeshire,19,01834 843995,head.stteilos@pembrokeshire.gov.uk,,The Federation of Mary Immaculate and St Teilos Catholic Schools,1
Teilo's Tots Daycare,Childrens Day Care,Full Day Care,,Teilos Community Cwtch,62 Cheriton Crescent Portmead,Swansea,SA5 5LA,Swansea,41,01792 425281,TT@schoolhouse-daycare.co.uk,www.schoolhouse-daycare.co.uk,Teilo’s Tots CIC,1
TEMPS Out of School Club,Childrens Day Care,Out of School Care,,The Rofft School,Wynnstay Lane,Wrexham,LL12 8LA,Wrexham,52,07933201731,tempsrofft@gmail.com,tempsroff.co.uk,TEMPS,2
Teresa House,Care Home Service,Childrens Home,Personal care for children,,,Pwllheli,,Gwynedd,4,01758701921,teresahouse@yourchapter.co.uk,www.yourchapter.co.uk,Your Chapter,2
Teulu Bach,Care Home Service,Adults Without Nursing,Learning disability,5 Park Terrace,,Merthyr Tydfil,CF47 8RF,Merthyr Tydfil,4,07734105237,Ruthparkertb@gmail.com,teulubachcarehome.co.uk,Ruth Parker,1
The Alphabet Tree,Childrens Day Care,Full Day Care,,The Alphabet Tree Day Nursery,Unit 6 Block D Varlin Court,Caerphilly,CF83 1BQ,Caerphilly,81,02920807777,thealphabettree@hotmail.co.uk,www.thealphabettree.co.uk,The Alphabet Tree Ltd,2
The Alphabet Tree @ Cwrt Rawlin,Childrens Day Care,Full Day Care,,Cwrt Rawlin Primary School,Cae Meillion,Caerphilly,CF83 1SN,Caerphilly,74,02920807777,thealphabettree@hotmail.co.uk,www.thealphabettree.co.uk,The Alphabet Tree Ltd,1
The Attic,Care Home Service,Adults Without Nursing,"Personal care for adults, Learning disability, Mental health",22 De La Beche Road,Sketty,Swansea,SA2 9AR,Swansea,3,01792 414424,jay.bailey@arc-care.co.uk,arc-care.co.uk,Abertawe Residential Care Ltd,2
The Bay Nursing Home,Care Home Service,Adults With Nursing,"Nursing care for adults, Personal care for adults",The Bay Nursing Home,Pier Road,Tywyn,LL36 0AL,Gwynedd,30,01654710251,care@thebaynursinghome.co.uk,www.thebaynursinghome.co.uk,JSB Healthcare Ltd ,1
The Baytrees,Care Home Service,Adults Without Nursing,"Learning disability, Personal care for adults",Baytrees,,Kilgetty,SA68 0RN,Pembrokeshire,5,01834811024,jayne.saunders.rookery@gmail.com,,Bramble Bay Ltd,3
The Beeches,Care Home Service,Adults Without Nursing,Mental health,The Beeches,Western Road,Swansea,SA6 5DY,Swansea,10,01792 844132,lee.bates@carewithoutcompromise.org.uk,,Care Without Compromise Limited,1
The Beeches,Care Home Service,Adults Without Nursing,Learning disability,Doridale Ltd,The Beeches,Wrexham,LL13 7BG,Wrexham,12,01978352100,carol@doridale.co.uk,,Doridale  Ltd,1
The Beeches Care Home,Care Home Service,Adults With Nursing,Nursing care for adults,The Beeches Nursing Home,1 Bethuel Street,Aberdare,CF44 7HJ,Rhondda Cynon Taf,46,01685 870 616,info.be@carongroup.wales,www.carongroup.wales,Bryn Davan Care Ltd,1
The Brambles,Care Home Service,Adults Without Nursing,"Learning disability, Personal care for adults",The Brambles,,Kilgetty,SA68 0RY,Pembrokeshire,8,01834811024,jayne.saunders.rookery@gmail.com,,Bramble Bay Ltd,1
The Burrows Daycare Nursery (Porthcawl) Ltd,Childrens Day Care,Full Day Care,,The Burrows Day Care Nursery,1 Rowan Drive,Porthcawl,CF36 5AT,Bridgend,61,01656 771285,theburrowsnursery@yahoo.co.uk,www.theburrowsnursery.com,The Burrows Daycare Nursery (Porthcawl) Ltd,1
The Byre,Care Home Service,Adults Without Nursing,"Learning disability, Personal care for adults, Personal care for children",The Byre,Park Road,Hengoed,CF82 8FU,Caerphilly,4,01443719969,Shanepocock@partnershipofcare.co.uk,www.partnershipofcare.co.uk,Partnership of Care Ltd,4
The Children`s Day Nursery (Preschool),Childrens Day Care,Full Day Care,,The Childrens Day Nursery Pre School,Unit C12,Bridgend,CF31 3RT,Bridgend,100,01656651690,enquiries@thechildrensdaynursery.co.uk,www.thechildrensdaynursery.co.uk,The Children`s Day Nursery Limited,2
The Childrens Day Nursery,Childrens Day Care,Full Day Care,,The Childrens Day Nursery,George Street Bridgend Industrial Estate,Bridgend,CF31 3TS,Bridgend,59,01656658520,enquiries@thechildrensdaynursery.co.uk,www.thechildrensdaynursery.co.uk,The Children`s Day Nursery Limited,1
The Childrens Room,Childrens Day Care,Full Day Care,,The Childrens Room,13 St. James Gardens,Swansea,SA1 6DY,Swansea,52,01792535919,liz@the-childrens-room.co.uk,www.the-childrens-room.co.uk,Pendine Consultancy Ltd,1
The Conifers Care Home,Care Home Service,Adults Without Nursing,"Personal care for adults, Learning disability",9 Church Road,Rhos On Sea,Colwyn Bay,LL28 4DJ,Conwy,5,01492545073,info@coniferscarehome.co.uk,https://inspiredhomesnetwork.co.uk/,Inspired Homes Network Ltd.,2
The Cottage Care Home,Care Home Service,Adults Without Nursing,Personal care for adults,54 Hendy Road,,Mold,CH7 1QS,Flintshire,47,01352 250228,manager.cottage@rosewoodhealthcaregroup.co.uk,www.rosewoodhealthcaregroup.co.uk,Willowtree Healthcare limited,1
The Court Care Home,Care Home Service,Adults With Nursing,"Personal care for adults, Nursing care for adults",Ely Court Care Home,Michaelston Road St. Fagans,Cardiff,CF5 6XD,Cardiff,60,02920597915,heretohelp@carongroup.wales,www.carongroup.wales,The Court Care Home Limited,1
The Croft Playgroup,Childrens Day Care,Full Day Care,,The Aston Family Centre,Larch Avenue Shotton,Deeside,CH5 1NF,Flintshire,19,07946318902,croftplaygroup2015@aol.co.uk,,The Croft Playgroup,1
The Den,Childrens Day Care,Sessional Day Care,,Ysgol Deiniol Cp School,The Ridgeway Marchwiel,Wrexham,LL13 0SB,Wrexham,28,07754 852817,,www.ysgoldeiniol.co.uk,The Den,1
The Drive Residential Care home,Care Home Service,Adults Without Nursing,"Personal care for adults, Learning disability",The Drive,Whitehall Gardens,Caldicot,NP26 3EW,Monmouthshire,4,01633882942,driveresidential@hotmail.com,thedrivecarehome.co.uk,Terry Vers,1
The Eden Nursery Tredegar,Childrens Day Care,Full Day Care,,Unit J & K,Crown Business Park Dukestown,Tredegar,NP22 4EF,Blaenau Gwent,66,07531859785,,www.theedennursery.co.uk,Eden Centre Ltd,1
The Fields Care Home,Care Home Service,Adults With Nursing,"Nursing care for adults, Personal care for adults, Learning disability, Mental health",The Fields Nursing Home,29 Fields Road,Newport,NP20 4PJ,Newport,34,01633265523,enquiries@fieldscarehome.com,fieldscarehome.com,Shiva Nursing Home Ltd,1
The Firs,Care Home Service,Adults Without Nursing,"Personal care for adults, Learning disability, Mental health",The Firs,Newport Road,Cwmbran,NP44 3EU,Torfaen,6,01633877556,sarah.bladen@enable-care.co.uk,www.expanding-horizons.co.uk,Enable Care Services (South Wales) Ltd,1
The Flowers Day Nursery,Childrens Day Care,Full Day Care,,145 St. Helens Road,,Swansea,SA1 4DE,Swansea,32,01792464445,francesca.austin@theflowersdaynursery.com,www.theflowersdaynursery.com,The Flowers Day Nursery Limited,1
The Forge Care Centre,Care Home Service,Adults With Nursing,"Nursing care for adults, Personal care for adults",The Forge Care Centre,287 Cowbridge Road West,Cardiff,CF5 5TD,Cardiff,76,02920672000,forgecare@summerhillgroup.co.uk,,Forge Care Homes Limited,1
The Fun Club at Ysgol Maes y Felin,Childrens Day Care,Full Day Care,,Ysgol Maes-y-felin,Pen-y-maes Road,Holywell,CH8 7EN,Flintshire,26,07871068462,thefunclub1@outlook.com,,The Fun Club at Ysgol Maes y Felin,1
The Fun Five Club,Childrens Day Care,Out of School Care,,St John Lloyd R.C. Primary School,Brynbala Way,Cardiff,CF3 1TA,Cardiff,16,02920777690,,www.stjohnlloydrcprimary.co.uk,St John Lloyd R.C. Primary School Governing Body,1
The Fun Hub,Childrens Day Care,Sessional Day Care,,Canol Y Bryn,Heol Tai Mawr,Merthyr Tydfil,CF48 1ND,Merthyr Tydfil,24,01685383929,,,Gellideg Foundation Community Association,1
The Gables Care Home,Care Home Service,Adults Without Nursing,"Personal care for adults, Learning disability",The Gables Care Home,Conway Old Road,Penmaenmawr,LL34 6YB,Conwy,21,01492622438,info@thegablesemi.co.uk,https://inspiredhomesnetwork.co.uk/,Inspired Homes Network Ltd.,1
The Gingerbread House Day Nursery (RCT) Ltd,Childrens Day Care,Full Day Care,,The Gingerbread House (rct) Ltd,Maeshyfryd,Aberdare,CF44 0DL,Rhondda Cynon Taf,40,01685870449,gingerbread.house@aol.com,www.gingerbreadhousenursery.com,The Gingerbread House (RCT) LTD,1
The Glynne Home,Care Home Service,Adults Without Nursing,"Personal care for adults, Mental health",49 High Street,Caergwrle,Wrexham,LL12 9LH,Flintshire,21,01978762187,karen.price.sscare@hotmail.com,www.sscare.co.uk,S & S Care UK LTD ,1
The Grange,Care Home Service,Childrens Home,"Personal care for children, Learning disability, Mental health",,,Mold,,Flintshire,3,01352 961064,michael@parallelcaresolutions.co.uk,,Parallel Care Solutions Limited,4
The Graylyns,Care Home Service,Adults Without Nursing,"Personal care for adults, Mental health",The Graylyns,,Haverfordwest,SA62 5UD,Pembrokeshire,16,01348840582,thegraylynsresthome@outlook.com,https://thegraylyns.co.uk/,The Graylyns LTD,1
The Green Giraffe Day Nursery - Penarth,Childrens Day Care,Full Day Care,,8 Bradenham Place,,Penarth,CF64 2AG,Vale of Glamorgan,42,02922806641,,https://greengiraffenursery.co.uk/,The Green Giraffe Day Nursery Ltd.,1
The Green Giraffe Day Nursery- Canton,Childrens Day Care,Full Day Care,,School House,Radnor Road,Cardiff,CF5 1RB,Cardiff,21,02920341620,,https://greengiraffenursery.co.uk,The Green Giraffe Day Nursery Ltd.,3
The Green Giraffe Day Nursery- Cardiff Bay,Childrens Day Care,Full Day Care,,Unit 2,Dunleavy Drive,Cardiff,CF11 0SR,Cardiff,90,02920399397,,https://greengiraffenursery.co.uk,The Green Giraffe Day Nursery Ltd.,5
The Green Giraffe Day Nursery- Pontcanna,Childrens Day Care,Full Day Care,,Green Giraffe Day Nursery,2 Cathedral Road,Cardiff,CF11 9LJ,Cardiff,96,02920226806,,https://greengiraffenursery.co.uk/,The Green Giraffe Day Nursery Ltd.,2
The Green Giraffe Day Nursery- Roath,Childrens Day Care,Full Day Care,,44 The Parade,Roath,Cardiff,CF24 3AB,Cardiff,56,02922800909,,https://greengiraffenursery.co.uk,The Green Giraffe Day Nursery Ltd.,4
The Haven,Care Home Service,Childrens Home,"Nursing care for children, Personal care for children",,,Newport,,Newport,3,07496895643,admin@skylarkcaresolutions.org,skylarkcaresolutions.org,Skylark Care Solutions Ltd,1
The Haven,Care Home Service,Adults Without Nursing,Personal care for adults,The Haven,2a,Llanelli,SA15 2RE,Carmarthenshire,28,01554777726,Thehaven.lester@btconnect.com,,TL Care Homes Limited Liability Partnership,2
The Headlands Nursing Home ,Care Home Service,Adults With Nursing,"Nursing care for adults, Personal care for adults",The Headlands Nursing Home,Tower Road,Llangollen,LL20 8TE,Denbighshire,28,01978861592,rl@carehomegroup.uk,,Deevale Healthcare Limited ,1
The Hollies,Care Home Service,Childrens Home,Personal care for children,,,Porth,,Rhondda Cynon Taf,5,01443675497,kimleigh@aspris.com,https://www.aspris.com,ASPRIS CARE WEST LIMITED,3
The Hollies Childcare Facility,Childrens Day Care,Full Day Care,,Gwauncelyn Primary School,Heol Deg Tonteg,Pontypridd,CF38 1EU,Rhondda Cynon Taf,50,01443744374,hollieschildcarefacility@gmail.com,https://www.hollieschildcare.org.uk,The Hollies Childcare Facility,1
The Hollies Daycare Nursery,Childrens Day Care,Full Day Care,,Hollies Nursery,9 Sanatorium Road,Cardiff,CF11 8DG,Cardiff,148,02920378177,lisa@holliesnursery.co.uk,happydaysnurseries.com,The Hollies Nursery Ltd,1
The Kings Rest,Care Home Service,Adults Without Nursing,"Personal care for adults, Learning disability",The Kings Rest,,Abergavenny,NP7 8RG,Monmouthshire,3,01873821770,thekingsrest@hotmail.com,,Ferry Care Ltd,1
The Laurels,Childrens Day Care,Full Day Care,,The Laurels Day Nursery,Ty Nant Road Morganstown,Cardiff,CF15 8LB,Cardiff,77,02920814353,shireen@laurels.wales,www.laurels.wales,The Laurels Morganstown ltd,1
The Laurels Residential Care Ltd,Care Home Service,Adults Without Nursing,Personal care for adults,The Laurels Care Home,23 Meirion Street,Aberdare,CF44 8NH,Rhondda Cynon Taf,22,01685871218,care@thelaurelsaberdare.co.uk,www.thelaurelscarehomeaberdare.com,THE LAURELS RESIDENTIAL CARE LTD,1
The Learning Tree,Childrens Day Care,Full Day Care,,Ocean Park,East Moors Road,Cardiff,CF24 5XH,Cardiff,66,02920451441,info@thelearningtreecardiff.co.uk,www.thelearningtreecardiff.co.uk,The Learning Tree Day Nurseries Ltd,1
The Learning Tree Day Nursery (Newport),Childrens Day Care,Full Day Care,,Little Darlings Nursery,Chepstow Road Langstone,Newport,NP18 2LU,Newport,46,01633411043,info@thelearningtreedaynursery.co.uk,https://newport.thelearningtreedaynursery.co.uk/,Little Darlings Nursery Wales Ltd,2
The Learning Tree Day Nursery Monmouth,Childrens Day Care,Full Day Care,,Westbury House,New Dixton Road,Monmouth,NP25 3PR,Monmouthshire,50,,,https://monmouth.thelearningtreedaynursery.co.uk/,The Learning Tree (Monmouthshire) Ltd,1
The Learning Tree Explorers,Childrens Day Care,Out of School Care,,St. Peters Church,Llandevaud,Newport,NP18 2AA,Newport,20,01633411043,explorers@thelearningtreedaynursery.co.uk,https://newport.thelearningtreedaynursery.co.uk/,Little Darlings Nursery Wales Ltd,1
The Lighthouse,Care Home Service,Childrens Home,"Personal care for children, Learning disability, Mental health",,,Burry Port,,Carmarthenshire,3,01554401351,siteforuk@hotmail.com,www.siteforuk.com,SITE FOR UK LTD,1
The Lil Rascals - Magor Primary,Childrens Day Care,Out of School Care,,Magor Church In Wales Primary School,Magor,Caldicot,NP26 3EG,Monmouthshire,90,,info@thelilrascals.co.uk,,The Lil Rascals LTD,1
The Lil Rascals at The Dell,Childrens Day Care,Out of School Care,,The Dell Primary School,Welsh Street,Chepstow,NP16 5UQ,Monmouthshire,110,01633 741641,info@thelilrascals.co.uk,,The Lil Rascals LTD,2
The Lodge,Care Home Service,Adults Without Nursing,"Personal care for adults, Learning disability, Mental health",10 Station Road,Glanamman,Ammanford,SA18 1LQ,Carmarthenshire,6,01269 822390,stefan.nurse@ammancare.org.uk,www.ammancare.org.uk,Amman Care Services Ltd,2
The Manor House St.Hilary,Care Home Service,Adults With Nursing,"Nursing care for adults, Personal care for adults, Mental health",The Manor House St. Hilary Ltd,The Manor House,Cowbridge,CF71 7DP,Vale of Glamorgan,30,01446772195,susanmary.evans@manorhousesthilary.co.uk,www.manorhousesthilary.co.uk,The Manor House St.Hilary Ltd,2
The Margaret Barnard Playgroup Association,Childrens Day Care,Full Day Care,,Bryncrug Primary School,Bryncrug,Tywyn,LL36 9PR,Gwynedd,45,01654710225,margaretbarnardtrust@gmail.com,margaretbarnardtrust.com,The Margaret Barnard Playgroup Association,1
The Meads Flying Start,Childrens Day Care,Sessional Day Care,,The Meads Flying Start Centre,Priory Road,Milford Haven,SA73 2EE,Pembrokeshire,32,01646692705,,,The Meads Flying Start Centre,1
The Mill Child Care Centre Ltd,Childrens Day Care,Full Day Care,,The Mill Childcare Centre Ltd,Lon Parcwr,Ruthin,LL15 1BX,Denbighshire,118,01824 703900,millchildcarectr@aol.com,www.themillchildcarecentreblog.wordpress.com,The Mill Child Care Centre Ltd,1
The Mount Children's Care Home,Care Home Service,Childrens Home,Personal care for children,,,Usk,,Monmouthshire,4,07307789025,veronica@safehavencare.co.uk,,SAFE HEAVEN LTD,2
The Mount Day Nursery,Childrens Day Care,Full Day Care,,Mount Road,,St Asaph,LL17 0DH,Denbighshire,50,01745584332,manager@themountdaynursery.com,www.themountdaynursery.co.uk,The Mount Day Nursery Ltd,1
The Mountains,Care Home Service,Adults With Nursing,"Nursing care for adults, Personal care for adults, Learning disability, Mental health",Mountains Nursing Home,Libanus,Brecon,LD3 8EN,Powys,56,01874 624242,themountains@mychoicehealthcare.co.uk,www.mychoicehealthcare.co.uk,Glamorgan Care Limited ,1
The Nash Residential Home,Care Home Service,Adults Without Nursing,"Personal care for adults, Mental health",The Nash Residential Home,10-12,Rhyl,LL18 3NB,Denbighshire,31,01745351598,RL@carehomegroup.uk,,NASH CORPORATE SERVICES LIMITED,1
The Nest,Childrens Day Care,Full Day Care,,David Lloyd Leisure Centre,Ipswich Road,Cardiff,CF23 9AQ,Cardiff,61,07392559957,info@nestlingsnursery.co.uk,https://www.nestlingsnursery.co.uk/,Nestlings' Nursery Ltd,1
The Newton Grange ,Care Home Service,Adults Without Nursing,Personal care for adults,Langland Care Ltd,26 Southward Lane Newton,Swansea,SA3 4QD,Swansea,22,01792 368880,langlandcare@gmail.com,www.langlandcareltd.co.uk,Langland care LTD,2
The Oaklands,Care Home Service,Childrens Home,Personal care for children,,,Abertillery,,Blaenau Gwent,4,01495321119,staff@hafansaff.co.uk,www.hafansaff.co.uk,Hafan Saff Cyf,3
The Oaklands Residential Home,Care Home Service,Adults Without Nursing,"Personal care for adults, Mental health",The Oaklands Residential Home,2 Oaklands Drive,Bridgend,CF31 4SH,Bridgend,18,01656665459,louise@oaklandsemail.co.uk,www.oaklandswebsite.co.uk,The Oaklands Residential Home,1
The Oaks,Care Home Service,Adults Without Nursing,"Personal care for adults, Learning disability, Mental health",Larch Avenue,Shotton,Shotton,CH5 1NF,Flintshire,26,01244987203,ianroberts@sapphirestreams.co.uk,www.sapphirestreams.co.uk,Sapphire Streams Limited,1
The Oaks,Care Home Service,Adults With Nursing,"Nursing care for adults, Personal care for adults",Llanidloes Road,,Newtown,SY16 1HL,Powys,73,07368559870,admin@oaksnewtown.co.uk,www.oaksnewtown.co.uk,The Oaks (Newtown Ltd.),1
The Oaks Day Nursery,Childrens Day Care,Full Day Care,,The Oaks Day Nursery,289 Chester Road Oakenholt,Flint,CH6 5SE,Flintshire,49,01352 761598,oaksdaynursery1@gmail.com,,S G Childcare Ltd,1
The Oaks Residential Home,Care Home Service,Adults Without Nursing,Personal care for adults,The Oaks Residential Home,Great Oak,Newport,NP10 9FX,Newport,30,01633893665,manager@theoaksresidentialhome.com,www.theoaksresidentialhome.com,Brooks Healthcare (Newport) Limited,1
The Oaks Respite Services,Care Home Service,Adults Without Nursing,"Personal care for adults, Learning disability",The Oaks,Ty R Eglwys,Port Talbot,SA12 9BD,Neath Port Talbot,4,01639 410904,oaks@shinecymru.co.uk,https://shinecymru.co.uk/respite-services,The Oaks Respite Services Ltd,1
The Old Church Rooms After School Club,Childrens Day Care,Out of School Care,,Old Church Rooms,Park Road,Cardiff,CF15 8DF,Cardiff,70,07990504858,info@go2play.co.uk,www.go2play.co.uk,Go 2 Play Limited,2
The Old Deanery,Care Home Service,Adults Without Nursing,Personal care for adults,The Olde Deanery Rest Home,Deans Walk,St. Asaph,LL17 0NE,Denbighshire,23,01745584109,theolddeanery@aol.com,,the old deanery ltd,1
The Old Vicarage Llangollen,Care Home Service,Adults Without Nursing,"Personal care for adults, Mental health",Vicarage Road,,Llangollen,LL20 8HF,Denbighshire,17,01978861866,Bethan@theoldvicllan.co.uk,www.facebook.com/theoldvicllan,The Old Vicarage Registered Care Home LTD,1
The Old Vicarage Private Nursing Home,Care Home Service,Adults With Nursing,"Nursing care for adults, Personal care for adults",Marina United Ltd,53 Sketty Park Road Sketty,Swansea,SA2 9AS,Swansea,47,01792202100,lyndsey@oldvicaragenursinghome.com,lyndseyoldvicaragenursinghome.com,Marina United Ltd,1
The Penylan Residential Hotel,Care Home Service,Adults Without Nursing,Personal care for adults,Penylan Residential Hotel,82 Pen-y-lan Road,Cardiff,CF23 5HX,Cardiff,15,02920496444,penylanhotel@aol.com,www.penylancarehome.com,The Penylan Residential Hotel,1
The Pines Children’s Home,Care Home Service,Childrens Home,"Personal care for children, Learning disability",,,Port Talbot,,Neath Port Talbot,9,07368352084,Beth.davies@vals-place.co.uk,https://valscommunity.co.uk/,Vals Place Limited,1
The Pontygof Playhouse,Childrens Day Care,Full Day Care,,Bridgend Hotel,Pontygof,Ebbw Vale,NP23 5AZ,Blaenau Gwent,83,,thepontygofplayhouse@gmail.com,,The Pont-Y-Gof Playhouse Limited,1
The Rhallt Care Home,Care Home Service,Adults With Nursing,"Nursing care for adults, Personal care for adults",The Rhallt Care Home,Salop Road,Welshpool,SY21 7DJ,Powys,91,01938 555504,rhallt@lovett-care.com,www.lovettcare.co.uk,The Rhallt Care Ltd,1
The Rookery,Care Home Service,Adults Without Nursing,"Learning disability, Mental health, Personal care for adults",The Rookery,School Hill,Newcastle Emlyn,SA38 9LL,Carmarthenshire,9,01239711038,AMYD.OFFICE@GMAIL.COM,,Bramble Bay Ltd,2
The Rookery Care Home,Care Home Service,Adults Without Nursing,,Queens Square,,Ebbw Vale,NP23 6EF,Blaenau Gwent,41,01895 622500,raam.joshi@carongroup.wales,,EBBW VALE CARE LTD,1
The Rose Garden Day Nursery,Childrens Day Care,Full Day Care,,3 Uplands Terrace,,Swansea,SA2 0GU,Swansea,42,01792465424,manager@rosegardendaynursery.co.uk,www.rosegardendaynursery.co.uk,The Rose Garden Day Nursery Ltd,1
The School House Wraparound Childcare,Childrens Day Care,Full Day Care,,4 Bangor Road,Johnstown,Wrexham,LL14 2SW,Wrexham,35,01978840463,SchoolHouse@yrhafodjohnstown-pri.wrexham.sch.uk,,The School House Wraparound Childcare,1
The Towers Day Nursery Ltd,Childrens Day Care,Full Day Care,,Llangollen Road,,Wrexham,LL14 3SG,Wrexham,23,01978822446,ruth831@btinternet.com,,The Towers Day Nursey Ltd,1
The Treehouse Daycare Maesteg Limited,Childrens Day Care,Full Day Care,,53 Commercial Street,,Maesteg,CF34 9HJ,Bridgend,32,07415493765,Info@thetreehousedaycare.co.uk,https://www.thetreehousedaycare.co.uk/,The Treehouse Daycare Maesteg Limited,1
The Vale Nursery & Creche,Childrens Day Care,Full Day Care,,The Vale of Glamorgan Hotel,Hensol Park,Pontyclun,CF72 8JY,Vale of Glamorgan,45,01443 665 841,leighan.davies@valeresort.com,www.valeresort.com,The Vale of Glamorgan Hotel Ltd,1
The Venture,Childrens Day Care,Open Access Play Provision,,The Venture,Garner Road,Wrexham,LL13 8SF,Wrexham,200,01978 355761,linda.platt@theventure.wales,www.theventurewrexham.com,The Venture (Wrexham) Ltd,2
The Venture Wrexham Ltd,Childrens Day Care,Sessional Day Care,,The Venture,Garner Road,Wrexham,LL13 8SF,Wrexham,26,01978 340708,karen@theventure.wales,www.theventurewrexham.com,The Venture (Wrexham) Ltd,1
The Waverley Care Centre,Care Home Service,Adults With Nursing,"Nursing care for adults, Personal care for adults, Mental health",Waverley Care Centre,122-124,Penarth,CF64 5DN,Vale of Glamorgan,129,02920705282,manager@waverleycarecentre.com,www.bellavistanursinghome.com,The Waverley Care Centre Ltd,1
The White House,Care Home Service,Adults Without Nursing,"Personal care for adults, Learning disability",The White House,Briary Way,Bridgend,CF31 2PT,Bridgend,7,01656647616,manager.whitehouse@accomplish-group.co.uk,https://accomplish-group.co.uk/,Homestyle Care Limited,1
The Willows,Care Home Service,Adults Without Nursing,"Personal care for adults, Learning disability, Mental health",28 The Willows,Brackla,Bridgend,CF31 2HD,Bridgend,4,01656659933,tom@ahcare.co.uk,,Amethyst Healthcare Ltd,3
Thistle Court Nursing Home ,Care Home Service,Adults With Nursing,"Nursing care for adults, Personal care for adults, Mental health",Thistle Court Nursing Home,Thistle Court Ty Canol,Cwmbran,NP44 6JD,Torfaen,37,01633 877572,info@thistlecourtcarehome.com,www.thistlecourtcarehome.com,Thistle Court Ops Ltd.,1
Thistle Lodge,Care Home Service,Childrens Home,,,,Swansea,,Neath Port Talbot,3,07969546220,kyle@progressus-care.com,,Progressus Care LTD,2
Thomas Gabrielle General Nursing & Dementia Residential Home ,Care Home Service,Adults With Nursing,"Nursing care for adults, Personal care for adults, Mental health",Victoria Street,,Cwmbran,NP44 3JP,Torfaen,73,01633 868241,mark@virgocarehomes.com,www.virgocarehomes.com,Virgo Care Homes Ltd,1
Three Cliffs Care Home,Care Home Service,Adults With Nursing,"Nursing care for adults, Personal care for adults, Mental health",Three Cliffs Care Home,Penmaen,Swansea,SA3 2HQ,Swansea,51,01792371500,heretohelp@carongroup.wales,www.carongroup.wales,Heart of Wales Care Ltd,1
Three Little Chums Ltd,Childrens Day Care,Full Day Care,,Panteg Methodist Church,The Highway,Pontypool,NP4 0PH,Torfaen,36,07947278173,enquiries@3littlechums.co.uk,,Three Little Chums LTD,1
Through Their Eyes Care Ltd,Care Home Service,Childrens Home,"Personal care for children, Learning disability, Mental health",,,Cwmbran,,Torfaen,2,01633 226431,rachel@throughtheireyescare.co.uk,www.throughtheireyescare.co.uk,Through Their Eyes Care ltd,2
Through Their Eyes Care Ltd Bowleaze,Care Home Service,Childrens Home,"Personal care for children, Learning disability, Mental health",,,Cwmbran,,Torfaen,2,01633226431,rachel@throughtheireyescare.co.uk,,Through Their Eyes Care ltd,3
Through Their Eyes Care Ltd Hawkes Ridge,Care Home Service,Childrens Home,"Personal care for children, Learning disability, Mental health",,,Cwmbran,,Torfaen,1,01633287911,rachel@throughtheireyescare.co.uk,www.throughtheireyescare.co.uk,Through Their Eyes Care ltd,1
Tiddlers Wraparound,Childrens Day Care,Full Day Care,,Tiddlers Wraparound,Heol Yr Ysgol Trethomas,Caerphilly,CF83 8FL,Caerphilly,39,07783026617,tiddlerswraparound@gmail.com,https://tiddlerswraparound.org/,TIDDLERS WRAPAROUND AND LUNCH CLUB CARE,1
Tiddlywinks Childcare Centre,Childrens Day Care,Full Day Care,,Tiddlywinks,38 Commercial Street Ystalyfera,Swansea,SA9 2HR,Neath Port Talbot,43,01639842022,coordinator@tiddlywinkscyf.org,www.tiddlywinkscyf.org,Canolfan Gofal Plant Tiddlywinks Childcare Centre Cyfyngedig,2
Tiny T's ltd,Childrens Day Care,Full Day Care,,Abercarn County Primary School,Chapel-of-ease Abercarn,Newport,NP11 5LH,Caerphilly,20,07907546365,tinytsabercarn@gmail.com,,Tiny T's Ltd,1
Tiny Tots,Childrens Day Care,Sessional Day Care,,Ysgol Rhos Helyg,,Mold,CH7 6PJ,Flintshire,15,01352780265,rhplaygroup@gmail.com,,Tiny Tots,1
Tiny Tots Clytha Square,Childrens Day Care,Full Day Care,,Tiny Tots,1-3,Newport,NP20 2FF,Newport,60,01633 222832,clythasquare@tinytots.biz,www.tinytots.biz,Tiny Tots Premier Childcare Services Ltd,1
Tiny Tots Day Care Nursery - Malpas,Childrens Day Care,Full Day Care,,440 Malpas Road,,Newport,NP20 6WE,Newport,64,01633857979,malpasroad@tinytots.biz,www.tinytots.biz,Tiny Tots Premier Childcare Services Ltd,2
Tiny Tots Premier Childcare Services Ltd,Childrens Day Care,Full Day Care,,Talybont Cottage,Llanellen Road,Abergavenny,NP7 9NF,Monmouthshire,29,01873856257,llanfoist@tinytots.biz,www.tinytots.biz,Tiny Tots Premier Childcare Services Ltd,3
Tiny Treasures Day Care,Childrens Day Care,Full Day Care,,Tenby Church in Wales Primary School,Heywood Lane,Tenby,SA70 8BZ,Pembrokeshire,19,01834843241,admin.tenbyvc@pembrokeshire.gov.uk,www.tenbyprimary.co.uk,Tiny Treasures Day Care,1
Tiny Treasures Day Nursery,Childrens Day Care,Full Day Care,,13 Commercial Road,,Port Talbot,SA13 1LN,Neath Port Talbot,35,01639 887468,tinytreasurestaibach@outlook.com,tinytreasurestaibach.co.uk,Tiny Treasures Taibach Limited,1
Tiny Turrets Childcare - Flint,Childrens Day Care,Sessional Day Care,,Gwynedd C.P. School,Prince of Wales Avenue,Flint,CH6 5DL,Flintshire,21,07775221310,,,Flintshire Crèche and Childcare Service,4
Tir na n-Og Daycare and Child Research Centre,Childrens Day Care,Full Day Care,,Safle Normal,,Bangor,LL57 2PZ,Gwynedd,50,01248 388383,tirnanog@bangor.ac.uk,http://tir-na-nog.bangor.ac.uk/,Bangor University,1
Tirionfa Residential Care,Care Home Service,Adults Without Nursing,Personal care for adults,Llandderfel,,Bala,LL23 7HG,Gwynedd,11,01678530335,foulkes305@btinternet.com,,Tirionfa Residential Care Home,1
Toadhall Montessori Out of School Academy,Childrens Day Care,Out of School Care,,110 Station Road,Llandaff North,Cardiff,CF14 2FH,Cardiff,38,,office@toadhallmontessorinurseries.co.uk,toadhallmontessorinurseries.co.uk,Toadhall Montessori Out of School Academy Limited,1
Tongwynlais Around School Group,Childrens Day Care,Out of School Care,,Tongwynlais Primary School,Merthyr Road Tongwynlais,Cardiff,CF15 7LF,Cardiff,48,07354 378472,,,The Committee of Tongwynlais Around School Group,1
Tongwynlais Around School Group,Childrens Day Care,Sessional Day Care,,Village Hall,Merthyr Road,Cardiff,CF15 7LH,Cardiff,32,07354 378472,tag.asc@hotmail.com,,The Committee of Tongwynlais Around School Group,2
Tons of Fun Ton-Yr-Ywen Primary School,Childrens Day Care,Out of School Care,,Ton-Yr-Ywen Primary School,Maes-Y-Coed Road,Cardiff,CF14 4HG,Cardiff,80,07553283145,rspencertonsoffun@gmail.com,,Tons of Fun Ton-Yr-Ywen,1
Torestin Care Home,Care Home Service,Adults Without Nursing,Personal care for adults,Torestin Home,Tiers Cross,Haverfordwest,SA62 3DB,Pembrokeshire,44,01437 891373,Angela@sunsetwest.co.uk,www.daleroadsgroup.co.uk,Cherrywood Care Ltd,1
Towy Castle Care Home,Care Home Service,Adults Without Nursing,Personal care for adults,Towy Castle Residential Home,Uplands,Carmarthen,SA32 8DY,Carmarthenshire,61,01267234594,joanna.mosses@mychoicehealthcare.co.uk,www.mychoicehealthcare.co.uk,Carmarthen Care Limited,1
Towy House,Care Home Service,Childrens Home,Personal care for children,,,Carmarthen,,Carmarthenshire,4,01267290257,towy@hafansaff.co.uk,www.hafansaff.co.uk,Hafan Saff Cyf,4
Towyn Capel Residential Home,Care Home Service,Adults Without Nursing,Personal care for adults,Towyn Capel Retirement Home,Lon Towyn Capel Trearddur Bay,Holyhead,LL65 2TY,Isle of Anglesey,30,01407860227,inspirations03@gmail.com,,Skyline Care Ltd,4
Toybox Day Nursery,Childrens Day Care,Full Day Care,,Coleg Cambria,Kelsterton Road Connah's Quay,Deeside,CH5 4BR,Flintshire,106,01978267159,toybox@cambria.ac.uk,www.cambria.ac.uk,Coleg Cambria,1
Traed Bach Tywyn,Childrens Day Care,Full Day Care,,Ysgol Y Tywyn,,Llanfihangel Yn Nhowyn,LL65 3LW,Isle of Anglesey,19,,Traedbachtywyn@gmail.com,,Traed Bach Tywyn,1
Treasure Chest,Childrens Day Care,Full Day Care,,Park C P School Llay,School Road Llay,Wrexham,LL12 0TR,Wrexham,80,07565313055,owene392@hwbcymru.net,,Treasure Chest,1
Tree Tops,Care Home Service,Childrens Home,Personal care for children,,,Ebbw Vale,,Blaenau Gwent,4,01495308801,jp.hodgkinson@sicswales.co.uk,,SICS GOFAL CYMRU cyf,1
Treetops Playgroup,Childrens Day Care,Full Day Care,,Treetops Playgroup,The Scout Hall,Cardiff,CF14 0SR,Cardiff,23,07763917724,treetopstree@outlook.com,,Treetops Playgroup,1
Treetops Residential Care Home,Care Home Service,Adults Without Nursing,"Personal care for adults, Mental health",Treetops Care Home,Llangeinor Road Brynmenyn,Bridgend,CF32 9LY,Bridgend,33,01656 720283,heretohelp@carongroup.wales,www.carongroup.wales,Treetops Care Home Ltd,1
Treflys Care Home,Care Home Service,Adults With Nursing,"Nursing care for adults, Personal care for adults",Treflys Nursing Home,Gloddaeth Avenue,Llandudno,LL30 2DN,Conwy,29,01492877893,treflyscarehome@aol.com,,Bhusan Ramnath,2
Treforys Care Home,Care Home Service,Adults With Nursing,"Nursing care for adults, Personal care for adults",Treforys Care Home,School Road,Swansea,SA6 6HZ,Swansea,38,01792961995,info.treforys@paddacare.com,www.paddacare.com,Padda Care Homes Ltd,1
Treforys Tiny Tots Day Nursery,Childrens Day Care,Full Day Care,,Unit D1,Rainbow Business Centre,Swansea,SA7 9FP,Swansea,106,01792796198,info@treforys-tinytots.co.uk,,treforys tiny tots ltd,1
Tregwilym Lodge Nursing and Residential Home,Care Home Service,Adults With Nursing,"Nursing care for adults, Personal care for adults",Tregwilym Lodge Residential Home,146-150,Newport,NP10 9YJ,Newport,71,01633896100,enquiries@tregwilymlodge.co.uk,www.tregwilymlodge.org.uk,Tregwilym Lodge Limited,1
Trelawnyd Little Learners,Childrens Day Care,Sessional Day Care,,Trelawnyd V A School,London Road Trelawnyd,Rhyl,LL18 6DL,Flintshire,26,01745570171,TrelawnydLittleLearners@gmail.com,,Trelawnyd Little Learners,1
Trelewis Playgroup,Childrens Day Care,Full Day Care,,Trelewis Community Centre,Mackintosh Terrace Trelewis,Treharris,CF46 6DA,Merthyr Tydfil,20,07977714195,Trelewisplaygroup@hotmail.com,,Trelewis Playgroup,1
Tremora Cottage,Care Home Service,Adults Without Nursing,"Personal care for adults, Learning disability, Mental health",Tremora Cottage,,Barmouth,LL42 1AJ,Gwynedd,3,01341 280775,enquiries@trehernecaregroup.com,www.trehernecaregroup.co.uk,Treherne Care and Consultancy Ltd,3
Treuddyn Under 5's Playgroup,Childrens Day Care,Full Day Care,,Treuddyn Under 5's Playgroup,Ysgol Parc Y Llan,Treuddyn,CH7 4LN,Flintshire,19,01352770304,Treuddynu5playgroup@gmail.com,,Treuddyn Under 5's Playgroup,1
Trinity Childcare and Family Centre Ltd,Childrens Day Care,Out of School Care,,Trinity Child & Family Centre,Aberfan,Merthyr Tydfil,CF48 4NT,Merthyr Tydfil,52,01443693777,Info@trinitychildcare.wales,www.trinitychildcare.wales,Trinity Childcare and Family Centre Limited,1
Trinity Fields Leisure Services,Childrens Day Care,Out of School Care,,Trinity Fields School and Resource Centre,Caerphilly Road,Hengoed,CF82 7XW,Caerphilly,40,01443866000,,www.trinityfieldsschoolandresourcecentre.co.uk,The Management Committee of Trinity Fields Leisure Services,1
Troedyrhiw Early Days Support (TEDS),Childrens Day Care,Sessional Day Care,,The Willows Centre Troedyrhiw,The Willows,Merthyr Tydfil,CF48 4DX,Merthyr Tydfil,19,07552020588,teds1907@gmail.com,,Troedyrhiw Early Days Support (TEDS),1
Trosnant Residential Home,Care Home Service,Adults Without Nursing,Personal care for adults,Park Road,,Ruthin,LL15 1NB,Denbighshire,12,01824719247,admin@trosnantcarehome.co.uk,trosnantcarehome.co.uk,Anna Jones,1
True Reflection,Care Home Service,Childrens Home,Personal care for children,,,Cwmbran,,Torfaen,2,07877434298,truereflectionsri@outlook.com,truereflections.net,True Reflections,1
Trusting Hands Day Nursery,Childrens Day Care,Full Day Care,,Canolfan Gorseinon Centre,Millers Drive,Swansea,SA4 4QN,Swansea,86,01792222670,nursery.manager@gdt.org.uk,,The Gorseinon Development Trust Ltd,1
Trycelyn Court,Care Home Service,Adults Without Nursing,"Personal care for adults, Learning disability, Mental health",Trecelyn Residential Home,Trecelyn Court,Newport,NP11 4NF,Caerphilly,51,01495243540,mazhar.ali@wellcomecarehomes.com,www.wellcomecarehomes.com,Wellcome Care Homes Ltd,3
Tudno Playschool,Childrens Day Care,Full Day Care,,Ysgol Tudno,Trinity Avenue,Llandudno,LL30 2SJ,Conwy,26,07784590383,tudnoplayschool@outlook.com,,Tudno Playschool,1
Tweenie Tots Playschool Ltd,Childrens Day Care,Full Day Care,,Hilltop Recreation Ground,,Ebbw Vale,NP23 6ND,Blaenau Gwent,30,07783053940,tweenietots28@gmail.com,,Tweenie Tots Playschool Limited,1
Two Counties Creche CIC,Childrens Day Care,Full Day Care,,The Old School,The Highway,Cwmbran,NP44 2HF,Torfaen,39,01633489966,two-counties@outlook.com,twocountiesnursery.co.uk,Two Counties Creche CIC,1
Twts Y Castell,Childrens Day Care,Sessional Day Care,,Ysgol Y Castell,Priory Street,Kidwelly,SA17 4TR,Carmarthenshire,16,07735643089,twtsycastell@gmail.com,,CYLCH MEITHRIN MYNYDDYGARREG,2
Twyn Out of Schoolclub / Holiday Club,Childrens Day Care,Out of School Care,,Twyn Primary School,Southern Street,Caerphilly,CF83 1UT,Caerphilly,31,07773350149,twynoutofschoolclub@gmail.com,,Twyn Out of School / Holiday Club,1
Ty Aberdafen,Care Home Service,Adults Without Nursing,Personal care for adults,The Brain Injury Rehabilitation Centre,The Avenue Morfa,Llanelli,SA15 2DP,Carmarthenshire,24,01554740720,TyAberdafen@thedtgroup.org,www.thedtgroup.org,The Disabilities Trust,1
Ty Afon,Care Home Service,Adults Without Nursing,"Personal care for adults, Learning disability, Mental health",10 Fords Road,Fleur De Lis,Blackwood,NP12 3XS,Caerphilly,3,01443820379,riverwoodhousingltd@yahoo.co.uk,,Riverwood Housing Ltd,2
Tŷ Afon,Care Home Service,Childrens Home,,,,Corwen,,Gwynedd,4,07883389752,emily.weeks@brighterfuturescymru.com,,Brighter-Futures-Cymru ltd,5
Ty Alarch,Care Home Service,Adults Without Nursing,Mental health,Ty Alarch,Park Terrace,Merthyr Tydfil,CF47 8UY,Merthyr Tydfil,6,01685 846972,Paulaevans@cygnethealth.co.uk,https://www.cygnetgroup.com/locations/ty-alarch/,Cygnet Behavioural Health Limited,1
Ty Alban,Care Home Service,Childrens Home,"Personal care for children, Learning disability, Mental health",,,Neath,,Powys,3,01639413673,jade.hill@silverliningcare.co.uk,,Silver Lining Care Limited,1
Ty Anwen,Care Home Service,Adults Without Nursing,"Personal care for adults, Mental health",Ty Anwen,The Bryn Trethomas,Caerphilly,CF83 8GL,Caerphilly,16,02920849480,Care.Quality@codigroup.co.uk,www.codigroup.co.uk,Codi Care and Support Limited,6
Ty Brian,Care Home Service,Adults Without Nursing,"Personal care for adults, Mental health",Ty Brian,Salop Road,Wrexham,LL13 7AF,Wrexham,6,01978357613,bethan@summit-care-services.com,https://summit-care-services.com,Summit Care Services Ltd.,1
Ty Bryn,Care Home Service,Childrens Home,,,,Neath,,Neath Port Talbot,2,07592134955,danielle@alphalivingwales.com,,Alpha1 Living Ltd,1
Ty Bryn Residential Care Home,Care Home Service,Adults Without Nursing,"Personal care for adults, Learning disability, Mental health",Ty Bryn Residential Home,Old Lane Abersychan,Pontypool,NP4 7DG,Torfaen,30,01495772761,CARE@TYBRYN.ORG,www.tybryn.org,Amaranth care ltd,1
Ty Caer,Care Home Service,Childrens Home,Personal care for children,,,Wrexham,,Wrexham,3,01978280288,David.Norman@Educatecare.co.uk,https://www.educatecare.co.uk/,Educate Care Ltd,1
Ty Cerrig Care Home,Care Home Service,Adults Without Nursing,"Personal care for adults, Mental health",26-27 High Street,,Wrexham,LL12 9EU,Flintshire,22,01978760555,karen.price.sscare@hotmail.com,www.sscare.co.uk,S & S Care UK LTD ,2
Ty Chwarae Glyncoed,Childrens Day Care,Full Day Care,,Ty Chwarae Glyncoed,Badminton Grove,Ebbw Vale,NP23 5UL,Blaenau Gwent,58,01633226831,tychwaraeglyncoed@gmail.com,,Ty Chwarae Glyncoed Limited,1
Ty Clyd,Care Home Service,Adults Without Nursing,,Belle Vue Care Home,207-211,Cardiff,CF24 1AJ,Cardiff,39,07932949300,danicocarenewportltd@gmail.com,,DANICO CARE (NEW PORT) LTD,1
Ty Coch Care Home,Care Home Service,Adults With Nursing,"Nursing care for adults, Mental health",Ty Coch Nursing Home,105 Station Road Llanishen,Cardiff,CF14 5UW,Cardiff,61,01923609609,centralsupport@amayacarehomes.co.uk,,Amaya Care Homes (Ty Coch) Limited,1
Ty Cribyn,Care Home Service,Childrens Home,Personal care for children,,,Swansea,,Powys,4,01639 381721,tycribyn@fairways.co,fairways.co,Fair Ways Community Benefit Society.,2
Ty Crud-Y-Gan,Care Home Service,Childrens Home,"Personal care for children, Learning disability",,,Newport,,Newport,4,01495441484,chris@unitedcaresolutions.co.uk,,United Care Solutions Ltd,2
Ty Cwm Gwendraeth,Care Home Service,Adults With Nursing,"Nursing care for adults, Personal care for adults, Learning disability, Mental health",Ty Cwm Gwendraeth,Llannon Road,Llanelli,SA14 6BU,Carmarthenshire,49,01269508540,sue.lewis-ball@ivolve.care,www.ivolve.care,TY CWM GWENDRAETH LIMITED,1
Ty Cwtch,Care Home Service,Childrens Home,Personal care for children,,,Cardiff,,Cardiff,16,02920890361,amanda.perkins@salutemsharedservices.co.uk,https://www.salutemcareandeducation.co.uk/our-services/childrens-services/childrens-services-wales/,Salutem LD BidCo IV Limited,3
Ty Cysgu ,Care Home Service,Adults Without Nursing,"Personal care for adults, Learning disability",153 Hendre Road,Pencoed,Bridgend,CF35 6TN,Bridgend,3,01656 722769,info@tyteulu.co.uk,,Ty Cysgu Limited,3
Ty Derwen,Care Home Service,Adults Without Nursing,Personal care for adults,Ty Derwen Residential Home,Kendon Road Crumlin,Newport,NP11 4PN,Caerphilly,28,01495243028,Andrew.lester27@btinternet.com,,TL Care Homes Limited Liability Partnership,1
Ty Draw Lodge,Care Home Service,Adults Without Nursing,"Personal care for adults, Learning disability, Mental health",Ty Draw Lodge Residential Home,36-37 Tydraw Road,Cardiff,CF23 5HB,Cardiff,32,02920493632,toby@thelodgescardiff.co.uk,https://thelodgescardiff.co.uk/,Ty Draw & Wentworth Lodge Limited,1
Ty Efa,Care Home Service,Childrens Home,"Learning disability, Mental health",,,Flint,,Flintshire,4,07916436499,julie@parallelcaresolutions.co.uk,,Parallel Care Solutions Limited,3
Ty Eirin,Care Home Service,Adults With Nursing,"Personal care for adults, Nursing care for adults",Ty Eirin Care Home,Thomastown,Porth,CF39 8EE,Rhondda Cynon Taf,90,01443675010,ty.eirin.manager@harbourhealthcare.co.uk,www.harbourhealthcare.co.uk,Harbour Healthcare SW Limited,1
Ty Enfys,Childrens Day Care,Full Day Care,,St Clements Church Hall,Neath Road,Neath,SA11 2BX,Neath Port Talbot,25,07377404978,tyenfysnursery@gmail.com,,Ty Enfys Limited,1
Ty Enfys,Childrens Day Care,Full Day Care,,Unit 3,Crucible Park Central Business Park,Swansea,SA7 0AR,Swansea,41,07377404978,tyenfysnursery@gmail.com,,Ty Enfys Limited,2
Ty Fach,Care Home Service,Adults Without Nursing,"Personal care for adults, Learning disability, Mental health",1 Heol Fach,Llangyfelach,Swansea,SA5 7JH,Swansea,2,01269613281,info@tygofal.co.uk,,Ty Gofal LTD ,1
Ty Felin Children's Home,Care Home Service,Childrens Home,Personal care for children,,,Buckley,,Flintshire,5,01978760034,enquiries@qewc.co.uk,www.qewc.co.uk,Quality Education with Care Limited,2
Ty Ffynnon Childcare,Childrens Day Care,Full Day Care,,King George Street,,Shotton,CH5 1HX,Flintshire,29,01244 830018,tfmail@hwbcymru.net,tyffynnonprimary.weebly.com,Ysgol Ty Ffynnon Childcare,1
Ty Garn,Care Home Service,Childrens Home,,,,Ebbw Vale,,Blaenau Gwent,2,07791658355,hywel.may@caloncare.co.uk,,Càlon Care Services Limited,5
Ty Glas,Care Home Service,Childrens Home,Personal care for children,,,Cardiff,,Cardiff,4,02920789925,alex.bartley@basesupport.co.uk,,BASE Support Services Ltd,1
Ty Golff,Care Home Service,Adults Without Nursing,Personal care for adults,New Options Holywell School,Kinsale Hall,Holywell,CH8 9DX,Flintshire,4,01745562500,matthew.thomas@achievetogether.co.uk,www.achievetogether.co.uk,OA2 ADULTS LIMITED,5
Ty Groeso,Care Home Service,Childrens Home,"Personal care for children, Learning disability, Mental health",,,Newport,,Newport,4,01633846811,tygroeso@unitedcaresolutions.co.uk,,United Care Solutions Ltd,1
Ty Gwair Children’s Home,Care Home Service,Childrens Home,Personal care for children,,,Abergavenny,,Monmouthshire,3,07307789025,Veronica@safehavecare.co.uk,,SAFE HEAVEN LTD,1
Ty Gwernen,Care Home Service,Adults Without Nursing,"Personal care for adults, Learning disability, Mental health",Ty-gwernen,Sunnyview,Blackwood,NP12 0AL,Caerphilly,7,01495226492,teresa.matthews@enable-care.co.uk,www.expanding-horizons.co.uk,Enable Care Services (South Wales) Ltd,3
Ty Gwyn,Care Home Service,Adults With Nursing,Nursing care for adults,Ty Gwyn,21-23 Stanwell Road,Penarth,CF64 2EZ,Vale of Glamorgan,45,02920703600,valentina.stan@mha.org.uk,https://mha.org.uk/care-support/care-homes/ty-gwyn,Methodist Homes,2
Ty Gwyn Holiday Play Scheme,Childrens Day Care,Out of School Care,,Ty Gwyn School,Vincent Road,Cardiff,CF5 5AQ,Cardiff,40,,,,Pili-Pala Holiday Club,1
Ty Gwyn Mawr,Care Home Service,Childrens Home,Personal care for children,,,Swansea,,Swansea,4,01792581104,niaharwood@tygwynmawr.co.uk,www.tygwynmawr.co.uk,Parc Care Limited,1
Ty Gwynno,Care Home Service,Adults With Nursing,"Personal care for adults, Nursing care for adults",Ty Gwynno,Hafod Lane,Pontypridd,CF37 2SD,Rhondda Cynon Taf,46,01443408848,ty.gwynno.manager@harbourhealthcare.co.uk,www.harbourhealthcare.co.uk,Harbour Healthcare SW Limited,2
Ty Hafod,Care Home Service,Adults With Nursing,"Nursing care for adults, Personal care for adults, Mental health",Ty Hafod,Llantrisant Road,Cardiff,CF5 6JR,Cardiff,27,02920892266,donna@danesbrook.com,https://www.tyhafod.co.uk/,Ty Hafod Ltd,1
Ty Hapus Day Nursery,Childrens Day Care,Full Day Care,,"Unit 16, Cwmdu Industrial Estate",Carmarthen Road,Swansea,SA5 8JF,Swansea,80,01792587519,tyhapusnursery@yahoo.com,www.tyhapusnursery.co.uk,The World of Play 2007 Limited,2
Ty Howie,Care Home Service,Childrens Home,Personal care for children,,,Cwmbran,,Torfaen,3,07877705904,Kerry.wade@hanbury-care.com,https://www.hanbury-care.com,Hanbury Care LTD,4
Ty Hywel,Care Home Service,Childrens Home,Personal care for children,,,Treorchy,,Rhondda Cynon Taf,2,07799117848,Lydia@noblefutureschildcare.co.uk,www.noblefutureschildcare.com,Noble Futures Childcare Ltd,2
Ty Llandaff Care Home,Care Home Service,Adults With Nursing,"Nursing care for adults, Personal care for adults, Learning disability, Mental health",Conway Road,,Cardiff,CF11 9NT,Cardiff,70,02920600100,manager@tyllandaffcare.com,www.tyllandaffcare.com,Ty Llandaff Care Home Ltd,1
Ty Mawr Care Home,Care Home Service,Adults With Nursing,"Nursing care for adults, Personal care for adults, Mental health",Ty Mawr Nursing Home,Caehopkin Abercrave,Swansea,SA9 1TP,Powys,54,01639730687,manager@tymawr-carehome.co.uk,www.tymawr-carehome.co.uk,Mawr Care Ltd,1
Ty Melin Residential Home for the Elderly,Care Home Service,Adults Without Nursing,Personal care for adults,Ty Melin Residential Home,412-420,Cardiff,CF5 1JL,Cardiff,34,02920230657,tymelinresidentialhome@live.com,www.tymelinresidential.co.uk,Mary Griffiths,1
Ty Melyn,Care Home Service,Childrens Home,"Personal care for children, Learning disability, Mental health",,,Narberth,,Pembrokeshire,4,01834891720,admin@birribi.org,https://Birribi.org,Birribi Limited,3
Ty Mesen,Care Home Service,Childrens Home,Personal care for children,,,Rhyl,,Denbighshire,4,01745770760,linda@harbourchildrensservices.co.uk,harbourchildrensservices.co.uk,Harbour Children's Services Ltd.,1
Ty Morwydden,Care Home Service,Adults Without Nursing,"Personal care for adults, Personal care for children, Learning disability",Ty Morwydden,,Crymych,SA41 3QN,Pembrokeshire,3,07813234680,jamie.smith@plasdwbl.rmt.org,https://rmt.org/coleg-plas-dwbl/,Transform Residential Limited,2
Ty Nant Care Home,Care Home Service,Adults With Nursing,"Nursing care for adults, Personal care for adults, Mental health",53 Brook Street,,Tonypandy,CF40 1RE,Rhondda Cynon Taf,33,01443442276,tynant@silvercrestcare.co.uk,www.silvercrestcare.co.uk,Newcore Healthcare LTD,1
Ty Nant Care Home,Care Home Service,Adults With Nursing,"Nursing care for adults, Personal care for adults, Learning disability",Tynant Nursing Home,Viaduct Road,Port Talbot,SA13 3NR,Neath Port Talbot,61,01639851852,manager@tynantcarehome.com,www.tynantcarehome.co.uk,GLASSLIGHTS LIMITED,1
Ty Newydd,Care Home Service,Childrens Home,"Personal care for children, Learning disability, Mental health",,,Swansea ,,Swansea,4,03301741382,ben@oakmontservicesgroup.co.uk,www.oakmontservicesgroup.co.uk,Oakmont Services Group Ltd,2
Ty Newydd,Care Home Service,Adults Without Nursing,"Personal care for adults, Learning disability, Mental health",186 Bassaleg Road,,Newport,NP20 3PX,Newport,6,01633892519,manager.tynewydd@accomplish-group.co.uk,https://accomplish-group.co.uk,Accomplish Group Care Limited ,1
Ty Parc,Care Home Service,Adults Without Nursing,"Personal care for adults, Learning disability, Mental health",Ty Parc,Cardiff Road,Bargoed,CF81 8NN,Caerphilly,12,01443838535,neil.edwards@parchouse.wales,,Parc House Ltd,1
Ty Parc,Care Home Service,Childrens Home,Personal care for children,,,Usk,,Monmouthshire,4,01291673270,staff.typarc@keys-group.co.uk,,Keys NHCC Limited,2
Ty Pentwyn Care Home,Care Home Service,Adults With Nursing,,Ty Pentwyn Nursing Home,Pentwyn Road,Treorchy,CF42 6HD,Rhondda Cynon Taf,35,01443 778010,managertypentwyn@outlook.com,,ATI2UDE CARE LIMITED,1
Ty Penybanc,Care Home Service,Adults Without Nursing,"Personal care for adults, Learning disability, Mental health",Ty Penybanc,Black Lion Road,Llanelli,SA14 6RU,Carmarthenshire,8,07480 964352,becca@caedu.wales,www.caedu.wales,Caedu Limited,1
Ty Plant Community Nursery,Childrens Day Care,Full Day Care,,Cilffriw Primary School,Penscynor Cilfrew,Neath,SA10 8LF,Neath Port Talbot,76,01639865494,Typlantcommunitynursery@gmail.com,,Tŷ Plant Community Nursery LTD,1
Tŷ Plant Community Nursery,Childrens Day Care,Full Day Care,,Gilgal Christian,Ritson Street,Neath,SA11 2RN,Neath Port Talbot,19,01639865494,Typlantcommunitynursery@gmail.com,www.typlantcommunitynursery.com,Tŷ Plant Community Nursery LTD,2
Ty Rhos Bach,Care Home Service,Childrens Home,Personal care for children,,,Brecon,,Powys,3,01874638052,tyrhosbach@fairways.co,fairways.co,Fair Ways Community Benefit Society.,3
Ty Ross Care Home,Care Home Service,Adults Without Nursing,"Personal care for adults, Mental health",Ty Ross Nursing Home,Ninian Street,Treorchy,CF42 5RD,Rhondda Cynon Taf,38,01443778305,gail@tyross.co.uk,www.oakwoodcaregroup.co.uk,Forest Gate Healthcare Ltd,1
Ty Seren,Care Home Service,Adults Without Nursing,Personal care for adults,Ty Seren,Cefn Stylle Road,Swansea,SA4 3QS,Swansea,7,01792343134,melanie.heaher@orbis-group.co.uk,www.orbis-group.co.uk,Gower Lodge (Swansea) Limited,1
Ty Victoria Nursing Homes ,Care Home Service,Adults With Nursing,"Nursing care for adults, Personal care for adults, Mental health",97 Victoria Road,Waunarlwydd,Swansea,SA5 4TB,Swansea,22,01792 874306,nirmala.simkhada@tyvictoria.co.uk,www.tyvictoria.co.uk,Aura Care Homes Limited ,1
Ty-Heddfan,Care Home Service,Childrens Home,"Personal care for children, Learning disability",,,Ammanford,,Neath Port Talbot,1,07950470569,jade.hill@silverliningcare.co.uk,,Silver Lining Care Limited,2
Ty-Mawr,Care Home Service,Childrens Home,Personal care for children,,,Ebbw Vale,,Blaenau Gwent,3,07468670447,leestingemore@positifcare.co.uk,www.positifcare.co.uk,Positif Care Ltd,4
Ty-Seren,Care Home Service,Childrens Home,"Learning disability, Mental health",,,Swansea,,Powys,1,07950470569,admin@silverliningcare.co.uk,,Silver Lining Care Limited,3
Ty'r Bont,Care Home Service,Childrens Home,Personal care for children,,,Ruthin,,Denbighshire,5,01824710333,Laura@we-are-unique.care,https://we-are-unique.care,Unique Care Homes Ltd,1
Ty'r Eithin Cottage,Care Home Service,Adults Without Nursing,"Personal care for adults, Personal care for children, Learning disability",Tyr Eithin Cottage,,Llanelli,SA15 5BR,Carmarthenshire,4,07812321233,Leanne.Owen@plasdwbl.rmt.org,,Transform Residential Limited,3
Tydfil House,Care Home Service,Adults Without Nursing,"Personal care for adults, Mental health",46 Merthyr Road,,Abergavenny,NP7 5BY,Monmouthshire,4,01873777199,chris.williams@elysiumhealthcare.co.uk,www.elysiumhealthcare.co.uk,Elysium Healthcare No. 3 Limited,2
Tyfu gyda Tiddlywinks,Childrens Day Care,Full Day Care,,Ysgol Gymraeg Ystalyfera,Ynysydarren Road Ystalyfera,Swansea,SA9 2DY,Neath Port Talbot,24,01639842022,manager@tiddlywinkscyf.org,,Canolfan Gofal Plant Tiddlywinks Childcare Centre Cyfyngedig,1
Tyn Y Coed Residential Home,Care Home Service,Adults Without Nursing,"Personal care for adults, Learning disability, Mental health",Big House,Front Street,Milford Haven,SA73 1JT,Pembrokeshire,9,01646602514,debbiehanney@tyccare.co.uk,www.tynycoedcare.co.uk,Tyn Y Coed Care Limited,1
Tynewydd House,Care Home Service,Childrens Home,Personal care for children,,,Treorchy,,Rhondda Cynon Taf,1,07701220229,abbie.meredith@brighterfuturescymru.com,,Brighter-Futures-Cymru ltd,3
Tyr Garn,Care Home Service,Adults Without Nursing,"Personal care for adults, Personal care for children, Learning disability",Tyr Garn,,Llanelli,SA15 5BB,Carmarthenshire,3,07812321233,Leanne.owen@plasdwbl.rmt.org,,Transform Residential Limited,4
University of South Wales Early Intervention Service,Childrens Day Care,Full Day Care,,University Of South Wales,Early Intervention Service (elaine Morgan),Pontypridd,CF37 4BD,Rhondda Cynon Taf,10,07786 461618,earlyinterventionservice@southwales.ac.uk,,University of South Wales,1
Upsa Daisy Day Nursery Limited,Childrens Day Care,Full Day Care,,The Old School Building,Stanley Street,Cwmfelinfach,NP11 7HF,Caerphilly,44,01495200522,upsa-daisydaynursery@hotmail.co.uk,www.upsa-daisydaynursery.co.uk,Upsa Daisy Day Nursery Ltd,1
Usk House,Care Home Service,Childrens Home,Personal care for children,,,Abertillery,,Blaenau Gwent,1,01495 787853,alexis.redwood@hanbury-care.com,www.hanbury-care.com,Hanbury Care LTD,1
Usk View,Care Home Service,Childrens Home,"Personal care for children, Learning disability",,,Newport,,Newport,1,01633287990,nathanthomas@enfyscare.co.uk,www.enfyscare.co.uk,Enfys Care Limited,1
Vale Play Limited,Childrens Day Care,Full Day Care,,Llanfair Primary School,The Herberts,Cowbridge,CF71 7LT,Vale of Glamorgan,23,01446 772089,llanfair@valeplay.co.uk,,Vale Play Limited,1
Vale View Residential Care Home,Care Home Service,Adults Without Nursing,Personal care for adults,Vale View Nursing Home,55 Vale Street,Denbigh,LL16 3AP,Denbighshire,10,01745812044,valeviewltd@gmail.com,,Vale View Ltd,1
Valebrook Care Home,Care Home Service,Adults Without Nursing,"Personal care for adults, Learning disability, Mental health",95 Coldbrook Road East,,Barry,CF63 1NG,Vale of Glamorgan,3,01446738282,valebrookcarehomes@hotmail.com,https://valebrookcarehomes.co.uk,Valebrook Care Homes Ltd,2
Valley Lodge,Care Home Service,Adults With Nursing,"Nursing care for adults, Personal care for adults, Mental health",Llanarmon Road,Llanferres,Mold,CH7 5TA,Denbighshire,34,01824780641,valleylodge@robertshomes.co.uk,carehomenorthwales.co.uk,Roberts Homes North Wales Ltd,2
Valley View,Care Home Service,Childrens Home,Personal care for children,,,Abertillery,,Blaenau Gwent,1,07791658355,hywel.may@caloncare.co.uk,,Càlon Care Services Limited,4
Valley View Care Home,Care Home Service,Adults With Nursing,"Nursing care for adults, Personal care for adults, Mental health",Dan-y-coed,Cefn Hengoed,Cardiff,CF82 7LP,Caerphilly,64,01443862217,info.vv@carongroup.wales,www.carongroup.wales,View Care Home Ltd,1
"Victoria Gems, Jewels and Treasures",Childrens Day Care,Full Day Care,,Victoria C. P. School,Poyser Street,Wrexham,LL13 7RP,Wrexham,30,01978 360068,LloydJ61@Hwbcymru.net,,"Victoria Gems, Jewels and Treasures",1
Victoria House,Care Home Service,Childrens Home,Personal care for children,,,Tredegar,,Caerphilly,2,07791658355,hywel.may@caloncare.co.uk,www.caloncare.co.uk,Càlon Care Services Limited,3
Victoria House,Care Home Service,Adults Without Nursing,"Personal care for adults, Learning disability, Mental health",Victoria House,Gordon Road,Blackwood,NP12 1DS,Caerphilly,3,01495220836,kelly.homesofexcellence@mychoicehealthcare.co.uk,www.mychoicehealthcare.co.uk,Homes of Excellence Ltd,2
Victoria House Care Home ,Care Home Service,Adults Without Nursing,"Personal care for adults, Learning disability",Church Street,,Llangadog,SA19 9AA,Carmarthenshire,10,01550777553,kellywoodall@elidyrct.ac.uk,www.elidyrct.com,Elidyr Communities Trust,3
Victoria Out of School Clubs,Childrens Day Care,Out of School Care,,Victoria Out Of School Clubs,Victoria CP School,Wrexham,LL13 7RP,Wrexham,43,01978367629,victoriawrexosc@gmail.com,,Victoria Out of School Clubs,1
Vyrnwy Nursing Home,Care Home Service,Adults With Nursing,"Nursing care for adults, Personal care for adults",Vyrnwy Nursing Home,,Llansantffraid,SY22 6AU,Powys,39,01691828626,vyrnwy.manager@surecaregroup.com,www.surecaregroup.com,Sure Care (UK) Ltd,1
Wales 1 Day Nursery Limited,Childrens Day Care,Full Day Care,,Wales 1 Day Nursery,Wales 1 Business Park Newport Road Magor,Caldicot,NP26 3DG,Monmouthshire,74,01633889298,wales1@appletreenurseries.co.uk,www.appletreenurseries.co.uk,Wales 1 Day Nursery Limited,1
Walker Road,Care Home Service,Adults Without Nursing,,44 Walker Road,,Cardiff,CF24 2EL,Cardiff,3,02920218957,cerysrobins@hotmail.com,,cerys  robins,1
Walls Residential Care Home Ltd,Care Home Service,Adults Without Nursing,"Personal care for adults, Mental health",Walls Residential Care Home Ltd,30 Vaughan Street,Llandudno,LL30 1AB,Conwy,10,01492876309,wallscarehome@gmail.com,wallsresidentialcarehome.co.uk,Walls Residential Care Home Ltd,1
Walshaw House ,Care Home Service,Adults Without Nursing,"Personal care for adults, Mental health",2 Churton Road,,Rhyl,LL18 3NB,Denbighshire,18,01745334095,walcare@aol.com,www.walshawcarehomes.co.uk,Walshaw Care Homes,1
Walshaw Lodge,Care Home Service,Adults Without Nursing,"Personal care for adults, Mental health",35 The Avenue,,Prestatyn,LL19 9RD,Denbighshire,14,01745853347,walcare@aol.com,www.walshawcarehomes.co.uk,Walshaw Care Homes,2
WAM Care Homes Ltd.,Care Home Service,Adults With Nursing,"Nursing care for adults, Personal care for adults",Ty Mair Care Home,12 Pen Y Gaer Cottages,Llanelli,SA14 8AG,Carmarthenshire,82,01554754711,tymairhome@aol.com,www.tymair.co.uk,WAM Care Homes Ltd,1
Warrendale Cottage Ltd,Care Home Service,Adults Without Nursing,Personal care for adults,Warren Dale Cottage,Old Warren,Chester,CH4 0EG,Flintshire,29,01244537318,enquiries@warrendale-cottage.co.uk,https://www.warrendale-cottage.co.uk,WARRENDALE COTTAGE LTD,1
Waungron Mansion Residential Care Home,Care Home Service,Adults Without Nursing,Personal care for adults,Waungron Mansion,,Whitland,SA34 0QX,Pembrokeshire,15,01994240232,bainwaungron@aol.com,waungroncarehome.co.uk,joanne bain,1
Wellfield Rest Home,Care Home Service,Adults Without Nursing,Personal care for adults,Wellfield Rest Home,1 Wood Lane Hawarden,Deeside,CH5 3JD,Flintshire,30,01244536465,manager.wellfield@pearlcare.co.uk,www.pearlcare.co.uk,Pearlcare(Wellfield)Ltd,1
Wentworth Lodge,Care Home Service,Adults Without Nursing,"Personal care for adults, Learning disability, Mental health",Wentworth Lodge Residential Home,9 Ty Draw Road,Cardiff,CF23 5HA,Cardiff,14,02920488598,toby@thelodgescardiff.co.uk,https://thelodgescardiff.co.uk/,Ty Draw & Wentworth Lodge Limited,2
Wenvoe Playgroup CIO,Childrens Day Care,Full Day Care,,Wenvoe Village Hall,Station Road West,Cardiff,CF5 6AG,Vale of Glamorgan,30,07859907976,wenvoeplaygroup@btinternet.com,www.wenvoeplaygroup.co.uk,Wenvoe Playgroup CIO,1
Wepre Villa Homes Ltd,Care Home Service,Adults With Nursing,"Nursing care for adults, Personal care for adults",Wepre Villa Care Home,36 Hall Lane Connah's Quay,Deeside,CH5 4LX,Flintshire,32,01244822619,manager@weprevilla.co.uk,weprevilla.co.uk,Wepre Villa Homes Limited,1
West Roedin,Care Home Service,Childrens Home,,,,Cwmbran,,Torfaen,2,01633287911,rachel@throughtheireyescare.co.uk,,Through Their Eyes Care ltd,4
Westhaven Nursing Home,Care Home Service,Adults With Nursing,"Nursing care for adults, Mental health, Personal care for adults",9 Francis Avenue,Rhos On Sea,Colwyn Bay,LL28 4DW,Conwy,19,01492540201,manager.westhaven@gmail.com,westhavennursinghome.co.uk,JA Care Ltd,1
Westmont House,Care Home Service,Childrens Home,"Learning disability, Mental health, Personal care for children",,,Kidwelly,,Carmarthenshire,4,03300164514,ben@oakmontservicesgroup.co.uk,www.oakmontservicesgroup.co.uk,Oakmont Services Group Ltd,5
Whitchurch House,Care Home Service,Adults Without Nursing,"Personal care for adults, Learning disability, Mental health",30 Erw Las,,Cardiff,CF14 1NL,Cardiff,1,02920538943,cjames@ioscare.co.uk,www.ioscare.wales,ios recruitment and training services limited ,1
White House Residential Home,Care Home Service,Adults Without Nursing,Personal care for adults,The White House Residential Home For The Elderly,5-7,Wrexham,LL11 1DY,Wrexham,37,01978358925,manager@whitehousewxm.co.uk,www.chestnuthousecarehome.co.uk,Chestnut House Healthcare Limited,1
White Rose Care Home,Care Home Service,Adults Without Nursing,Personal care for adults,White Rose Care Centre,White Rose Way,New Tredegar,NP24 6DF,Caerphilly,32,01443837183,shah@banyancarehomes.net,www.banyancarehomes.net,BANYAN CARE HOMES LIMITED,1
Whitford Playgroup,Childrens Day Care,Full Day Care,,Ysgol Y Llan,Whitford,Holywell,CH8 9AN,Flintshire,19,01745560431,whitfordp5@hwbcymru.net,,Whitford Playgroup,1
Wibli Wobli Cardiff,Childrens Day Care,Full Day Care,,53 The Parade,Roath,Cardiff,CF24 3AB,Cardiff,69,02922973722,cardiff@wibliwobli.co.uk,,Wibli Wobli Nursery Ltd,2
Wibli Wobli Nursery,Childrens Day Care,Full Day Care,,Unit 1,Oak House,Newport,NP10 8BD,Newport,100,01633328970,post@wibliwobli.co.uk,www.wibliwobli.co.uk,Wibli Wobli Nursery Ltd,1
Wick and District Playgroup,Childrens Day Care,Sessional Day Care,,Wick & Monknash Village Hall,Church Street Wick,Cowbridge,CF71 7QE,Vale of Glamorgan,28,07754896920,wickplaygroup@gmail.com,,Wick and District Playgroup,1
Wilbury House Limited,Care Home Service,Adults Without Nursing,"Personal care for adults, Learning disability",Wilberry House,Stanner,Kington,HR5 3NP,Powys,3,01544239074,wilburyhouseltd@outlook.com,,Wilbury House Limited,1
Wild Child Forest Play,Childrens Day Care,Out of School Care,,Bryn Collen Cp School,Pengwern,Llangollen,LL20 8AR,Denbighshire,32,,Wildchildnatureplay@gmail.com,,Wild Child Nature Play Ltd,1
Williamston Nursing Home,Care Home Service,Adults With Nursing,"Nursing care for adults, Personal care for adults",Williamston Nursing Home,Houghton,Milford Haven,SA73 1NL,Pembrokeshire,34,01646600222,nikki@williamston.org.uk,www.oakwoodcaregroup.co.uk,Williamston Nursing Home LTD,1
Willow Daycare Ltd,Childrens Day Care,Full Day Care,,Glangwili General Hospital,Dolgwili Road,Carmarthen,SA31 2AF,Carmarthenshire,53,07375023731,willowdaycare12@gmail.com,,Willow Daycare Limited,1
Willow Hall Residential Care Home limited,Care Home Service,Adults Without Nursing,Personal care for adults,Willow Hall Residential Home,North Road,Caernarfon,LL55 1BA,Gwynedd,24,01286672103,willowhall66@yahoo.co.uk,,WILLOW HALL RESIDENTIAL CARE HOME LIMITED,1
Willow House,Care Home Service,Childrens Home,"Personal care for children, Learning disability",,,Cardiff,,Cardiff,4,02922 417065,info@tyderwen.com,www.tyderwen.com,Ty Derwen,1
Willow Tree Nursery,Childrens Day Care,Full Day Care,,190 Llantarnam Road Llantarnam,,Cwmbran,NP44 3BH,Torfaen,50,01633863312,willowtreenurserycwmbran@outlook.com,www.willowtreenurseries.co.uk,Willow Tree Nursery,1
Willowbrook House Nursing Home,Care Home Service,Adults With Nursing,"Nursing care for adults, Personal care for adults",Willowbrook House Nursing Home,St. Arvans Crescent St. Mellons,Cardiff,CF3 0FD,Cardiff,110,02920790760,alex.cornford@willowbrookhouse.co.uk,www.willowbrookhouse.co.uk,Beatrice Rose Care Group Limited,1
Willowdale Care Home,Care Home Service,Adults Without Nursing,Personal care for adults,Willowdale Residential Home Ltd,112 Chester Road,Buckley,CH7 3AH,Flintshire,28,01244 547266,diane.davies@willowdalecarehome.co.uk,www.yourhealthgroup.co.uk,Willowdale Residential Homes Limited,1
Willowdene,Care Home Service,Childrens Home,Personal care for children,,,Colwyn Bay,,Conwy,4,01492203646,ian@newhorizonsnorthwales.com,www.newhorizonsnorthwales.com,New Horizons North Wales Ltd,1
Willows Day Care Brecon,Childrens Day Care,Full Day Care,,Bishop Bevan Hall,11 Lion Street,Brecon,LD3 7HY,Powys,30,07572 572194,admin@willowsbrecon.co.uk,www.willowsbrecon.co.uk,Willows Day Care Brecon Ltd,1
Wimsly Care Home,Care Home Service,Adults Without Nursing,Personal care for adults,9 St. Davids Road,,Llandudno,LL30 2UL,Conwy,19,01492877761,wimslycarehome@hotmail.co.uk,,Bhusan Ramnath,1
Windsor Street,Care Home Service,Adults Without Nursing,"Personal care for adults, Learning disability",The Old Police Houses,Windsor Street,Aberdare,CF44 8LN,Rhondda Cynon Taf,4,01685884555,admin@pressltd.org,www.pressltd.org,Planned Support Services Ltd,4
Withybush Creche,Childrens Day Care,Full Day Care,,Withybush Hospital,Fishguard Road,Haverfordwest,SA61 2PZ,Pembrokeshire,22,01437773732,,,Hywel Dda University Health Board,1
Woffington House,Care Home Service,Adults Without Nursing,"Personal care for adults, Mental health",Forestgate Healthcare Ltd,Rear Earl Street,Tredegar,NP22 3QW,Blaenau Gwent,36,01495717667,laima@woffington.co.uk,www.oakwoodcaregroup.co.uk,Forest Gate Healthcare Ltd,3
Woodcroft Care Home Ltd,Care Home Service,Adults Without Nursing,Personal care for adults,Woodcroft Care Home,216 Abergele Road Old Colwyn,Colwyn Bay,LL29 8AS,Conwy,22,01492515763,woodcroftcare@aol.com,woodcroftcarehome.com,WOODCROFT CARE HOME LTD,1
Woodfield Care Home (Nursing),Care Home Service,Adults With Nursing,"Nursing care for adults, Personal care for adults, Learning disability, Mental health",Woodfield,,Narberth,SA67 8EH,Pembrokeshire,24,01834861301,Jake@sunsetwest.co.uk,www.daleroadsgroup.co.uk,Woodhill Care Ltd,1
Woodland Lodge,Care Home Service,Adults Without Nursing,"Personal care for adults, Learning disability, Mental health",Woodland Lodge Residential Home,Warne Street Fleur De Lis,Blackwood,NP12 3RS,Caerphilly,4,01443830480,Clare@cartreficwtchltd.co.uk,,Cartrefi Cwtch Ltd,1
Woodland Lodge Care Home,Care Home Service,Adults Without Nursing,"Personal care for adults, Learning disability",Woodland Lodge,,Tenby,SA70 8RA,Pembrokeshire,19,01834843440,sue.marchant@sunsetwest.co.uk,www.daleroadsgroup.co.uk,Woodhill Care Ltd,2
Woodland View,Care Home Service,Childrens Home,Personal care for children,,,Usk,,Monmouthshire,4,01291673262,info@stepaside.uk.com,www.stepasidecare.com,Step-A-Side Company Limited,1
Woodlands,Care Home Service,Adults Without Nursing,"Personal care for adults, Mental health",The Woodlands,Cadle Mill,Swansea,SA5 4PA,Swansea,9,01792588122,woodlands@astoncarehomes.co.uk,,Aston Care Ltd,1
Woodlands Childcare Centre Ltd,Childrens Day Care,Full Day Care,,Waunceirch Primary School,Dwr Y Felin Road,Neath,SA10 7RW,Neath Port Talbot,32,07549923834,woodlandschildcare2@gmail.com,,Woodlands Childcare Centre Ltd,1
Woodlands Croeshowell Cottage,Care Home Service,Childrens Home,Personal care for children,,,Wrexham,,Wrexham,3,01978 262777,info@woodlandslimited.com,www.woodlandslimited.com,Woodlands Children's Development Centre Ltd,5
Woodlands Old School House,Care Home Service,Childrens Home,Personal care for children,,,Llangollen,,Wrexham,6,01978 262777,info@woodlandslimited.com,www.woodlandslimited.com,Woodlands Children's Development Centre Ltd,2
Woodlands Station Cottage,Care Home Service,Childrens Home,Personal care for children,,,Wrexham,,Wrexham,3,01978 262777,info@woodlandslimited.com,www.woodlandslimited.com,Woodlands Children's Development Centre Ltd,1
Woodlands Terrace,Care Home Service,Childrens Home,"Learning disability, Personal care for children",,,Swansea,,Swansea,4,01792927651,Naomi@salus.wales,,Salus Care Wales Ltd,2
Woodlands Ty Coed,Care Home Service,Childrens Home,Personal care for children,,,Wrexham,,Flintshire,6,01978 262777,info@woodlandslimited.com,www.woodlandslimited.com,Woodlands Children's Development Centre Ltd,4
Woodlands Ty Pont,Care Home Service,Childrens Home,Personal care for children,,,Wrexham,,Wrexham,3,01978 262777,info@woodlandslimited.com,www.woodlandslimited.com,Woodlands Children's Development Centre Ltd,3
Woodpeckers Out of Hours Club,Childrens Day Care,Out of School Care,,Whitchurch Primary School,Erw Las,Cardiff,CF14 1NL,Cardiff,106,07786908242,Woodpeckersclub@gmail.com,,Whitchurch Out of School Association,1
Woodside & Elms,Care Home Service,Adults Without Nursing,Personal care for adults,Bettws,,Newport,NP20 7AE,Newport,8,01633858642,manager.woodsideelms@accomplish-group.co.uk,https://accomplish-group.co.uk,Accomplish Group Specialist Care Limited,2
Woodside Grange Care Home,Care Home Service,Adults Without Nursing,Personal care for adults,Woodside Grange Care Home,45 Tan Y Bryn Road,Colwyn Bay,LL28 4AD,Conwy,35,01492548364,woodsidecare@aol.com,woodsidegrangecare.co.uk,Woodside Grange care Home,1
Woodside House Residential Home,Care Home Service,Adults Without Nursing,Personal care for adults,Woodside House Nursing & Residential Home,Penrhiwgoch Baglan,Port Talbot,SA12 8LN,Neath Port Talbot,22,01639821452,mishaelcarehome@aol.co.uk,https://woodsidehousecarehome.co.uk/,Mishael Care Home Ltd,1
Woody Wrap Around,Childrens Day Care,Full Day Care,,Wood Memorial Cp School,Learners Way,Chester,CH4 8BT,Flintshire,19,01244671807,woodywraparound@gmail.com,,Woody Wrap Around,1
Wynne Crest Care Home,Care Home Service,Adults Without Nursing,Personal care for adults,Wynne Crest,23-25,Colwyn Bay,LL29 9RE,Conwy,21,01492516755,manager@wynnecrest.co.uk,www.wynnecrest.co.uk,Wynne Crest Limited,1
XLWales Holiday Club,Childrens Day Care,Out of School Care,,Oystermouth Primary School,Newton Road,Swansea,SA3 4BE,Swansea,64,01792324060,holidayclub@xlwales.org.uk,www.xlwales.org.uk,XLWales,1
Xplore! Nature Holiday Club,Childrens Day Care,Out of School Care,,Wrexham Glyndwr University Northop Campus,Holywell Road,Northop,CH7 6AA,Flintshire,18,01978293400,nature@xplorescience.co.uk,www.xplorescience.co.uk,North Wales Science,1
Y Bont Caerphilly,Childrens Day Care,Full Day Care,,The Twyn School,East View,Caerphilly,CF83 1UT,Caerphilly,60,07723278362,hello@pitterpatterplay.co.uk,www.pitterpatterplay.co.uk,Pitter Patter Play Ltd,2
Y Bont Faen Child Care,Childrens Day Care,Sessional Day Care,,Y Bont Faen Primary School,Borough Close,Cowbridge,CF71 7BN,Vale of Glamorgan,47,01446772374,ybontfaenps@valeofglamorgan.gov.uk,www.ybontfaen.school.com,Y Bont Faen Childcare,1
Y Bont Nursery,Childrens Day Care,Full Day Care,,Y Bont,Ewenny Road,Bridgend,CF31 3HT,Bridgend,28,01656646013,admin@ybont.com,www.ybont.com,Bridgend & District Resource for Children with Disabilities,1
Y Delyn Pillgwenlli,Childrens Day Care,Full Day Care,,Pillgwenlly Flying Start,Capel Crescent,Newport,NP20 2FT,Newport,27,07831798287,hello@pitterpatterplay.co.uk,www.pitterpatterplay.co.uk,Pitter Patter Play Ltd,3
Y Garreg Lwyd Care Home,Care Home Service,Adults Without Nursing,Personal care for adults,Y Garreg Llwyd Home For The Elderly,Salem Road St. Clears,Carmarthen,SA33 4DH,Carmarthenshire,16,01994 230855,ygarreglwyd@hotmail.co.uk,ygl.wales,INVICTA CARE HOMES LTD,1
Y Gelli,Care Home Service,Adults Without Nursing,"Personal care for adults, Mental health",Vale Of Clwyd Mind,Y Gelli,Denbigh,LL16 3AP,Denbighshire,10,01745813558,m.lane@valeofclwydmind.org.uk,www.vocmind.co.uk,Vale of Clwyd Mind Association,1
Y Plas EMI Care Home,Care Home Service,Adults With Nursing,"Nursing care for adults, Personal care for adults, Mental health",Y Plas E M I Nursing Home,619 Llangyfelach Road,Swansea,SA5 9EN,Swansea,37,01792772304,yplasendlesscare@yahoo.co.uk,yplasendlesscare.com,Endless Care Ltd,1
Y-Benarth,Care Home Service,Childrens Home,Personal care for children,,,Llanfairfechan,,Conwy,4,01248 298706,y-benarth@crystalcaresolutions.co.uk,,Crystal Care Solutions,1
Yellow Bunnies Daycare Ltd,Childrens Day Care,Full Day Care,,Lysaght Institute,Orb Drive,Newport,NP19 0RA,Newport,26,07591665729,yellowbunniesdaycare@gmail.com,,Yellow Bunnies Daycare,1
Ymestyn,Childrens Day Care,Open Access Play Provision,,Unit 2 Mellyn Mair Business Centre,Lamby Industrial Park Wentloog Avenue,Cardiff,CF3 2EX,Cardiff,10,07563207515,enquiries@ymestyn.org.uk,https://ymestyn.org.uk/,Ymestyn,1
Ymyl Y Ffordd,Care Home Service,Childrens Home,Personal care for children,,,Pontypridd,,Rhondda Cynon Taf,5,01443799023,kimleigh@aspris.com,https://www.aspris.com,ASPRIS CARE WEST LIMITED,1
Ynys Hywel,Care Home Service,Childrens Home,Personal care for children,,,Newport,,Caerphilly,5,07871237142,lucyevans@positifcare.co.uk,,Positif Care Ltd,2
Ynysddu Nursing Home,Care Home Service,Adults With Nursing,"Nursing care for adults, Personal care for adults",Ynysddu Nursing Home,Mount Pleasant,Newport,NP11 7JQ,Caerphilly,30,01495200061,tash@dreamscarehomes.co.uk,www.dreamscarehomes.co.uk,Dreams Care Homes (Ynysddu) Limited,1
Yr Hafan Nursing Home,Care Home Service,Adults With Nursing,"Nursing care for adults, Personal care for adults",Yr Hafan Nursing Home,27 Bolgoed Road Pontarddulais,Swansea,SA4 8JE,Swansea,26,01792883518,plasnewyddcareltd@gmail.com,http://www.plasnewydd-care-home.co.uk,Plas Newydd Care Ltd,3
Yr Hen Rheithordy,Care Home Service,Adults Without Nursing,"Personal care for adults, Learning disability",Old Rectory,,Amlwch,LL68 0PY,Isle of Anglesey,5,01407711487,bangor.enquiries@cartrefi.coop,www.cartrefi.coop,Cartrefi Cymru Co-operative Ltd,10
Yr Ysgol Ltd,Care Home Service,Adults With Nursing,"Nursing care for adults, Learning disability, Mental health, Personal care for adults",Yr Ysgol,Heol Giedd,Powys,SA9 1LQ,Powys,16,01639841391,Paul.Fermandel@ivolve.care,www.ivolve.care,Yr Ysgol Limited,1
Ysgol Acrefair After School Club (Diddy Dragons),Childrens Day Care,Out of School Care,,Clwyd County Council,Acrefair County Primary & Junior School,Wrexham,LL14 3SH,Wrexham,30,01978820616,mailbox@acrefair-pri.wrexham.sch.uk,,Ysgol Acrefair After School Club (Diddy Dragons),1
Ysgol Eifion Wyn  Clwb Cwl,Childrens Day Care,Out of School Care,,Ysgol Eifion Wyn,10 Church Street,Porthmadog,LL49 9HW,Gwynedd,60,01766515909,theoldschoolnursery@hotmail.com,,Meithrinfa Hen Ysgol,2
Ysgol Feithrin Abertridwr,Childrens Day Care,Full Day Care,,Ysgol Feithrin Abertridwr,King Street,Caerphilly,CF83 4BE,Caerphilly,19,02920831492,ysgolfeithrinabertridwr@gmail.com,none,Ysgol Feithrin Abertridwr,1
Ysgol Feithrin Conwy,Childrens Day Care,Full Day Care,,Ffordd Llanrwst,,Conwy,LL32 8FZ,Conwy,18,07596564565,YsgolFeitherin2022@gmail.com,,Ysgol Feithrin Conwy,1
Ysgol Feithrin Glan Conwy,Childrens Day Care,Sessional Day Care,,Y Caban,Ysgol Glan Conwy,Colwyn Bay,LL28 5NA,Conwy,19,07563651892,ysgolfeithringlanconwy@outlook.com,none,Ysgol Feithrin Glan Conwy,1
Ysgol Feithrin Pontypwl,Childrens Day Care,Full Day Care,,St. James Hall,St. James Field,Pont-y-pwl,NP4 6JT,Torfaen,19,01495755616,hgglynebwy@gmail.com,,YSGOL FEITHRIN PONTYPWL,1
Ysgol Feithrin Y Trallwng,Childrens Day Care,Full Day Care,,Ysgol Feithrin Y Trallwng Ltd (based At Ysgol Gymraeg Y Trallwng),Howell Drive,Welshpool,SY21 7AT,Powys,24,07718703680,ysgol.feithrin.y.trallwng@gmail.com,www.ysgolfeithrinytrallwng.co.uk,Ysgol Feithrin Y Trallwng,1
Ysgol Llandrillo yn Rhos daycare,Childrens Day Care,Full Day Care,,Ysgol Llandrillo Yn Rhos,Elwy Road Rhos On Sea,Colwyn Bay,LL28 4LX,Conwy,88,01492577033,lyrd5@hwbcymru.net,www.llandrillo.conwy.sch.uk,Ysgol Llandrillo Yn Rhos Day Care,1
Ysgol Y Foel Out of School Club,Childrens Day Care,Full Day Care,,Ysgol Y Foel,Ffordd Y Llan,Flintshire,CH7 5NW,Flintshire,16,01352740197,yfmail@hwbcymru.net,,Ysgol Y Foel Out of School Club,1
Ysguborwen Care Home ,Care Home Service,Adults With Nursing,"Nursing care for adults, Personal care for adults, Learning disability",Ysguborwen Care Home,Ysguborwen,Aberdare,CF44 0AX,Rhondda Cynon Taf,80,01685872606,debbie@ysguborwen.cymru,www.ysguborwen.cymru,OSBORNE CARE HOMES LTD,1
Zoar Care Home,Care Home Service,Adults Without Nursing,Personal care for adults,Zoar Residential Home,Marian Street,Tonypandy,CF40 2DL,Rhondda Cynon Taf,30,01443432262,info@accurocare.co.uk,www.accurocare.co.uk,Accurocare Zoar Care Home Limited,1
