Email Address,SITE,LOCALAUTH,SITECOUNT
6702235_yggllwynderw@hwbcymru.net,Mes Llwynderw,Swansea,1
a.park@merthyr.ac.uk,Here We Grow,Merthyr Tydfil,1
abbeychildcareltd@gmail.com,Abbey Childcare,Neath Port Talbot,1
abbie.meredith@brighterfuturescymru.com,Tynewydd House,Rhondda Cynon Taf,1
abc@allborncurious.co.uk,All Born Curious Limited,Neath Port Talbot,1
abcgwastad@gmail.com,ABC Day Nursery Ltd and 3 other services you run,Wrexham,4
aberporthplaygroup@gmail.com,Aberporth Bilingual Playgroup,Ceredigion,1
abrightstartnurseryrumney@live.co.uk,A Bright Start Nursery Rumney,Cardiff,1
acorns_playgroup@live.co.uk,Acorns Playgroup,Wrexham,1
acornsholidayclubwelshpool@gmail.com,Acorns Holiday Club,Powys,1
actonchildcare@outlook.com,Acton Wraparound Care,Wrexham,1
admin.parkhousecourt@gmail.com,Park House Court Nursing Home ,Pembrokeshire,1
admin.spittal@pembrokeshire.gov.uk,Spittal School Playgroup,Pembrokeshire,1
admin.stmarks@pembrokeshire.gov.uk,St. Mark's Little Lions,Pembrokeshire,1
admin.tenbyvc@pembrokeshire.gov.uk,Tiny Treasures Day Care,Pembrokeshire,1
admin01@glangarnant.co.uk,Glangarnant Care Home,Neath Port Talbot,1
admin@ael-y-bryn.com,Ael-y-Bryn,Swansea,1
admin@affalon-house.co.uk,Caeffair Ltd Affalon house nursing home ,Carmarthenshire,1
admin@ashdale.care,Ashdale Nursing Home,Pembrokeshire,1
admin@balmoralcare.com,Balmoral House - Skyline Care Ltd ,Denbighshire,1
admin@bethshan.uk,Bethshan Sheltered Housing Association,Powys,1
admin@birribi.org,Brynteg and 2 other services you run,Pembrokeshire,3
admin@campfantastic.co.uk,Camp Fantastic,Newport,1
admin@carmarthen-breakthro.co.uk,Carmarthen Breakthro,Carmarthenshire,1
admin@carninglitrust.org,Clayford and 3 other services you run,Pembrokeshire,4
admin@danesbrook.com,Danesbrook House,Cardiff,1
admin@forwardwalesltd.co.uk,Kingsland House Care Home,Vale of Glamorgan,1
admin@foxtroyhouse.com,Foxtroy House,Bridgend,1
admin@goldenmanorchildcare.co.uk,Golden Manor Nursery,Pembrokeshire,1
admin@happylittledragons.co.uk,Happy Little Dragons,Rhondda Cynon Taf,1
admin@hapuscaregroup.com,Morgannwg House,Powys,1
admin@hapusdyrfa.com,Clwb Goleudy and 2 other services you run,Carmarthenshire,3
admin@hillviewcarehome.co.uk,Hill View Care Home Ltd,Caerphilly,1
admin@katesdaynursery.com,Kate's Day Nursery Ltd,Flintshire,1
admin@maenoraur.co.uk,Maenor Aur,Pembrokeshire,1
admin@oaksnewtown.co.uk,The Oaks,Powys,1
admin@oakwood-nursing-home.co.uk,Oakwood Nursing Home,Rhondda Cynon Taf,1
admin@openmindsrehab.com,Stanley Villa,Wrexham,1
admin@pant-y-cendy-hall.co.uk,Pant-y-Cendy Hall,Carmarthenshire,1
admin@pentwyncare.co.uk,Pentwyn House Nursing Home,Newport,1
admin@perthyn.org.uk,Fairfield House,Cardiff,1
admin@pressltd.org,3 Woodside and 2 other services you run,Caerphilly,3
admin@redbrook-nursery.co.uk,Redbrook Day Nursery,Wrexham,1
admin@saintdavidscare.com,St David's Residential Home,Denbighshire,1
admin@selcadaynursery.co.uk,Selca Day Nursery - Bridgend Road and 4 other services you run,Rhondda Cynon Taf,5
admin@silverliningcare.co.uk,Ty-Seren,Powys,1
admin@skylarkcaresolutions.org,The Haven,Newport,1
admin@stbrelades.uk,St Brelades,Neath Port Talbot,1
admin@stchamonds.co.uk,St Chamond's,Denbighshire,1
admin@taliesinresidentialhome.com,Taliesin Residential Home,Rhondda Cynon Taf,1
admin@trosnantcarehome.co.uk,Trosnant Residential Home,Denbighshire,1
admin@willowsbrecon.co.uk,Willows Day Care Brecon,Powys,1
admin@ybont.com,Y Bont Nursery,Bridgend,1
adultcare@priorygroup.com,Fairhome,Wrexham,1
aepow_admin@rmbi.care,Albert Edward Prince of Wales Court,Bridgend,1
afterschoolclubarw@gmail.com,Archbishop Rowan Williams After School Club,Monmouthshire,1
aingarth-manager@outlook.com,Aingarth Rest Home Ltd,Conwy,1
alex.bartley@basesupport.co.uk,Connaught Rd and 2 other services you run,Cardiff,3
alex.cornford@willowbrookhouse.co.uk,Willowbrook House Nursing Home,Cardiff,1
alex.farley@arc-care.co.uk,Eden House,Swansea,1
alexandratywyn@gmail.com,Alexandra Nursing Home,Gwynedd,1
alexis.redwood@hanbury-care.com,Usk House,Blaenau Gwent,1
ali.cooling@expanding-horizons.co.uk,Panorama Bungalow,Torfaen,1
allaboutkidsgronant@gmail.com,All About Kids Childcare,Flintshire,1
allison.brown@wellcomecarehomes.com,Annedd ,Carmarthenshire,1
allsorts.pg@gmail.com,Allsorts Nursery,Powys,1
alphabetplaygroup@gmail.com,Alphabet Playgroup Limited,Monmouthshire,1
amanda.littler@sferacare.co.uk,Bay Tree House (WXM) Limited,Wrexham,1
amanda.perkins@salutemsharedservices.co.uk,Ty Cwtch,Cardiff,1
amanda@glendevon-care.com,Glen Devon,Denbighshire,1
amanda@oakdalemanor.co.uk,Oakdale Manor,Caerphilly,1
amlwchpreschoolplaygroup@gmail.com,Amlwch Pre-School Playgroup,Isle of Anglesey,1
ammanhouse@innovative-care.co.uk,Amman House,Carmarthenshire,1
amy@we-are-unique.care,Ochr Y Marian,Denbighshire,1
amybvergamterrace@hotmail.com,Home Address Ltd,Pembrokeshire,1
amyd.office@gmail.com,The Rookery,Carmarthenshire,1
amyjones2@llamau.org.uk,St Paul's,Vale of Glamorgan,1
andrea.tregoning@nptcgroup.ac.uk,Lilliput Day Nursery - Neath Campus,Neath Port Talbot,1
andrea@glaishouse.com,Glais House Care Ltd ,Swansea,1
andrew.lester27@btinternet.com,Ty Derwen,Caerphilly,1
angela@sunsetwest.co.uk,Torestin Care Home,Pembrokeshire,1
angelsnursery1970@hotmail.co.uk,Little Angels Playgroup,Newport,1
angus-aubreyj5@hwbcymru.net,Nant Y Groes Playgroup,Conwy,1
annstartrite@yahoo.co.uk,Startrite Nursery,Caerphilly,1
applebestcare21@gmail.com,Apple Residential Care,Conwy,1
appletreedaynursery@hotmail.co.uk,Appletree Day Nursery (WALES) Redwick Ltd,Newport,1
aran.admin@senadgroup.com,Aran Hall School Ltd,Gwynedd,1
areamanager.apleylodge@gmail.com,Apley Lodge Residential Home,Pembrokeshire,1
areamanager.brynilltyd@gmail.com,Bryn Illytdd ( Care by Morris ltd ),Carmarthenshire,1
arfana.ashraf@wales.nhs.uk,Teddy Bear Nursery,Cardiff,1
argoedplaygroup@gmail.com,Argoed Playgroup,Flintshire,1
arweinydd@cylchcarmel.cymru,Cylch Meithrin Carmel,Gwynedd,1
ash.house@arbourhealthcare.co.uk,Ash House,Wrexham,1
awelymor.gm@barchester.com,Awel y Mor Care Centre,Swansea,1
aym-playgroup@outlook.com,Lots of Tots Flying Start Playgroup,Neath Port Talbot,1
b.jones@omegacaregroup.org,Athena  House,Wrexham,1
babanodbach25@gmail.com,Babanod Bach,Powys,1
babinogionmenai@hotmail.co.uk,Babinogion Menai Cyf,Isle of Anglesey,1
bainwaungron@aol.com,Waungron Mansion Residential Care Home,Pembrokeshire,1
bal@caerleonhouse.co.uk,Caerleon House Nursing Home,Newport,1
bangor.enquiries@cartrefi.coop,Brookfield   and Yr Hen Rheithordy,Gwynedd,2
banyancarehomes@hotmail.com,Red Rose Care Home,Blaenau Gwent,1
barmouthoasisnursery@gmail.com,Barmouth Oasis Nursery,Gwynedd,1
barnabycunningham@cygnethealth.co.uk,Bryn y Wawr and Clynsaer House,Carmarthenshire,2
bchukwu@shaftesburygroup.org,Shaftesbury Brodawel and Shaftesbury Hafan y Coed,Ceredigion,2
bcryouth@hotmail.com,Blaenllechau Youth Project,Rhondda Cynon Taf,1
becca@caedu.wales,Ty Penybanc,Carmarthenshire,1
becky.littlestars@gmail.com,Little stars Penarth,Vale of Glamorgan,1
bedwelltyparkcarehome@yahoo.com,Bedwellty Park Residential Home Limited,Blaenau Gwent,1
beechtreeclub@outlook.com,Beech Tree Before and After School Club,Flintshire,1
belmontcourt@hotmail.co.uk,Belmont Court,Pembrokeshire,1
belmonthouse@aracare.co.uk,Belmont House,Denbighshire,1
belmonthouseresidentialhome@outlook.com,Belmont Residential Care Home,Monmouthshire,1
belvederehouserch@yahoo.co.uk,Belvedere House Residential Care Home,Pembrokeshire,1
ben@f-care.co.uk,Five Oaks,Monmouthshire,1
ben@oakmontservicesgroup.co.uk,Oakmont House and 4 other services you run,Carmarthenshire,5
ben@safestepscare.org,Serenissima Care Home and Tawelwch,Carmarthenshire,2
benllechplaygroup733@gmail.com,Benllech Playgroup,Isle of Anglesey,1
benroberts@astarsupportservices.co.uk,Clock House Residential,Flintshire,1
berriewplaygroup16@gmail.com,Berriew Pre-school,Powys,1
berwyn@nurt.co.uk,Berwyn House,Torfaen,1
beth.davies@vals-place.co.uk,The Pines Children’s Home,Neath Port Talbot,1
bethan@summit-care-services.com,Ty Brian,Wrexham,1
bethan@theoldvicllan.co.uk,The Old Vicarage Llangollen,Denbighshire,1
bethelcare@hebronhall.org,Bethel House Care Home,Vale of Glamorgan,1
bethfaye1@yahoo.co.uk,Clwb Ysgol Glan Conwy CIO,Conwy,1
betterdayscare@yahoo.com,Better Days Care,,1
birchgrove@fairways.co,Birch Grove,Powys,1
bishopstonplayassociation@gmail.com,Bishopston Playscheme,Swansea,1
bizzidaynursery@hotmail.co.uk,BIZZI Day Nurseries Ltd,Rhondda Cynon Taf,1
bizzidaynurserypencoed@hotmail.co.uk,Bizzi Day Nurseries Limited Pencoed,Bridgend,1
blackwood@greenfields-nursery.com,Greenfields Nursery Blackwood,Caerphilly,1
blaenmarlais@outlook.com,Blaenmarlais Care Home,Pembrokeshire,1
blessedwilliamdaviesplaygroup@aol.com,Blessed William Davies Playclub,Conwy,1
bloomfieldnursery@outlook.com,Bloomfield Nursery,Pembrokeshire,1
blossom1earlyyears@gmail.com,Blossom at Ysgol Afon Wen and 2 other services you run,Rhondda Cynon Taf,3
blossomtreenursery@outlook.com,Blossom Tree Nursery,Cardiff,1
bnicholas@plcl.org.uk,Pren Gwyllt,Rhondda Cynon Taf,1
bodelwyddan1@btconnect.com,Bodelwyddan Residential Care Limited,Isle of Anglesey,1
bodhyfryd@lovett-care.com,Bod Hyfyrd Care Home,Flintshire,1
borrasfulldaycare5@hwbcymru.net,Borras Park Full Day Care Provision,Wrexham,1
borthyn.bunnies@outlook.com,Borthyn Bunnies and BB Club,Denbighshire,1
bradleyplaygroup@outlook.com,Bradley Playgroup,Wrexham,1
breakseacare@hotmail.com,Breaksea Care Home,Bridgend,1
brecon.enquiries@cartrefi.coop,Beacons Park Short Stay,Powys,1
briarswood@hotmail.com,Briarswood Residential Home,Carmarthenshire,1
bridgend.centredirector@busybees.com,Busy Bees at Bridgend,Bridgend,1
brigadooncarehome@gmail.com,Brigadoon Care Home,Conwy,1
bro.famau@denbighshire.gov.uk,Little Ladybirds@ Bro Famau,Denbighshire,1
broadhavenplaygroup@outlook.com,Broad Haven Playgroup,Pembrokeshire,1
brocarmeldd@outlook.com,Discover and Do,Flintshire,1
brocarmelplaygroup@hotmail.co.uk,Carmel Preschool Playgroup,Flintshire,1
bromptonlodge@gmx.co.uk,Brompton Lodge limited,Conwy,1
bronafallenmanager@gmail.com,Bronafallen  Care Home Ltd,Conwy,1
bronlodge@yahoo.co.uk,Brondesbury Lodge,Ceredigion,1
broughtonsplaybuddies@gmail.com,Broughton Primaries Play Buddies,Flintshire,1
bryn.collen@denbighshire.gov.uk,Bryn Collen Playgroup,Denbighshire,1
bryncochclub@bryncoch.wales,Bryn Coch Club,Flintshire,1
brynderwenhome@btinternet.com,Bryn Derwen St Asaph Ltd,Denbighshire,1
brynedwin@amber-group.co.uk,Bryn Edwin Hall Residential Home,Flintshire,1
brynestyn85@mail.com,Bryn Estyn,Denbighshire,1
bryngwaliafunclub@gmail.com,Bryn Gwalia CP School,Flintshire,1
brynhelyg.manager@gmail.com,Brynhelyg Care Home,Carmarthenshire,1
brynivorlodge.gm@barchester.com,Bryn Ivor Lodge,Newport,1
brynmeddygcarehomeltd@gmail.com,Bryn Meddyg Care Home Ltd,Gwynedd,1
brynyrhaul@rosewoodhealthcaregroup.co.uk,Bryn Yr Haul ,Flintshire,1
budstoblossoms@outlook.com,Buds to Blossoms Cwm and Buds to Blossoms Day Nursery,Blaenau Gwent,2
buildingblocksnurseryrgh@gmail.com,Building Blocks Nursery,Rhondda Cynon Taf,1
bumblebees.bronington@live.co.uk,Bronington Children's Club,Wrexham,1
busybeesblvn@aol.com,Busy Bees Blaenavon @ BICC,Torfaen,1
busybeesblvn@gmail.com,Busy Bees Blaenavon @ Park Street,Torfaen,1
busybsdaynursery@outlook.com,Little Deer's Day Nursery Limited,Gwynedd,1
busyfeetgelligaer24@gmail.com,Busy Feet Gelligaer,Caerphilly,1
butterfliesofdeganwy@outlook.com,Butterflies Day Nursery (Conwy),Conwy,1
buttingtontrewernplaygroup@gmail.com,Buttington Trewern Playgroup,Powys,1
buttonsandbowsdaynursery@gmail.com,Button's and Bow's Day Nursery Ltd,Cardiff,1
bwlchgwyncabincrew@hotmail.co.uk,Bwlchgwyn Cabin Crew,Wrexham,1
c.b.y.e@hotmail.co.uk,Cartref Bryn yr Eglwys,Conwy,1
c.m.b.b-2018@outlook.com,Cylch Meithrin Bysedd Bach,Rhondda Cynon Taf,1
caban.hirael@gmail.com,Cylch Meithrin Caban Hirael,Gwynedd,1
cabancegin@hotmail.com,Caban Cegin,Gwynedd,1
cabanenfys@gmail.com,Caban Enfys,Isle of Anglesey,1
cabanllanfawr@gmail.com,Newry@Llanfawr,Isle of Anglesey,1
cabanogwen@meithrinfaogwen.co.uk,Caban Ogwen,Gwynedd,1
cabansupervisor@live.co.uk,Caban Y Faenol Cyf,Gwynedd,1
cadwganplaygroup63@outlook.com,Cadwgan Playgroup,Conwy,1
caeglas.home@gmail.com,Caeglas Residential Home Ltd,Carmarthenshire,1
caerffair@aol.com,Meithrinfa Cae`r Ffair Ltd,Carmarthenshire,1
camautirion@btinternet.com,Camau Tirion Llwynhendy and 2 other services you run,Carmarthenshire,3
campval769@aol.com,Sycamore Lodge Residential Care Home,Flintshire,1
camroseandrochplaygroup@gmail.com,Camrose and Roch Playgroup,Pembrokeshire,1
canterbury@akaricare.co.uk,Canterbury House,Denbighshire,1
carco@menteriaith.cymru,Clwb Carco a Cynllun Chwarae Awel Taf,Rhondda Cynon Taf,1
cardiff@wibliwobli.co.uk,Wibli Wobli Cardiff,Cardiff,1
cardiffgate.centredirector@busybees.com,Busy Bees at Cardiff Gate,Cardiff,1
care.quality@codigroup.co.uk,Dan Y Bryn and 3 other services you run,Neath Port Talbot,4
care@eleanorhodsonhouse.co.uk,Eleanor Hodson House Nursing Home,Newport,1
care@llantarnamlodge.co.uk,Llantarnam Lodge ,Torfaen,1
care@oakhousecare.co.uk,Oak House Care Home,Cardiff,1
care@romillynursinghome.co.uk,Romilly Nursing Home,Cardiff,1
care@thebaynursinghome.co.uk,The Bay Nursing Home,Gwynedd,1
care@thelaurelsaberdare.co.uk,The Laurels Residential Care Ltd,Rhondda Cynon Taf,1
care@tybryn.org,Ty Bryn Residential Care Home,Torfaen,1
carecentres@yahoo.com,Pen y Bryn Care Home,Swansea,1
carla.house@yourchapter.co.uk,Carla House,Wrexham,1
carol.salmond28@gmail.com,Cylch Ysgol Feithrin Llanrwst,Conwy,1
carol.tomkins@springholme.co.uk,Springholme Care Anglesey Ltd,Isle of Anglesey,1
carol202@btinternet.com,Abbey Dingle Care Home,Denbighshire,1
carol@doridale.co.uk,The Beeches,Wrexham,1
caroline@connersplace.co.uk,Conner's Place and Conner's Place Ltd.,Conwy,2
carrie.williams@sferacare.co.uk,Cherry Tree Care Home Limited,Wrexham,1
cartrefhome@outlook.com,Cartref Care Home Ltd,Ceredigion,1
cartrefle@akaricare.co.uk,Cartrefle Residential Home,Conwy,1
cartrefyborth@akaricare.co.uk,Cartref y Borth Residential Home,Conwy,1
cartyfoxrobinson@elidyrct.ac.uk,Elidyr Communities Trust,Carmarthenshire,1
carysjones81@hotmail.co.uk,Cylch Meithrin Bodawen,Denbighshire,1
castlecareltd@aol.com,Castlecare Specialist Services Limited,Rhondda Cynon Taf,1
catherine.parker@ivolve.care,Cwmgelli Lodge Ltd,Caerphilly,1
cefnclwb@gmail.com,Clwb Cefn,Denbighshire,1
cefnfaes@hotmail.com,Cylch Meithrin Cefnfaes,Gwynedd,1
cefnplaygroup@gmail.com,Cefn Mawr Playgroup and Cefn Mawr Playgroup Bright Stars Playgroup,Wrexham,2
celine@fronhaul.uk,Fronhaul,Carmarthenshire,1
celticsprings@deancloselittletrees.co.uk,Dean Close Little Trees Celtic Springs Nursery,Newport,1
celynchildcare@gmail.com,OPS Childcare,Monmouthshire,1
centralsupport@amayacarehomes.co.uk,Ty Coch Care Home,Cardiff,1
centralsurgergerynursing@yahoo.com,Central Surgery Nursing Home Limited,Blaenau Gwent,1
ceri@camp-coconuts.com,Camp Coconuts,Vale of Glamorgan,1
ceri@cariadcarehomes.com,Bodawen Nursing Home and Plasgwyn Nursing Home,Gwynedd,2
ceri@daisydaynursery.com,Daisy Day Nursery - Barry,Vale of Glamorgan,1
cerys.morris@oakviewhome.co.uk,Oak View Nursing Home,Caerphilly,1
cerys@clwbcarco.com,Clwb Carco Pencae,Cardiff,1
cerysrobins@hotmail.com,Walker Road,Cardiff,1
cf81nursery@gmail.com,Sweet Peas Nursery,Caerphilly,1
charlotte.evans@oxfordcarehomes.co.uk,Sketty House Care Home,Swansea,1
charlottewood28@yahoo.co.uk,Charlie's Childcare,Powys,1
cherryblossomsmainoffice@gmail.com,Cherry Blossoms,Caerphilly,1
cherryhillnursery@yahoo.com,Cherry Hill Children`s Day Nursery,Wrexham,1
cherrytree@dreamscarehomes.co.uk,Cherry Tree Luxury Care Home,Monmouthshire,1
chiefexecutive@llamau.org.uk,Burley Place,Vale of Glamorgan,1
childcare@aberavonicc.org.uk,Aberavon Integrated Children`s Centre,Neath Port Talbot,1
childcare@buildingblocksfamilycentre.co.uk,Resolven Building Blocks,Neath Port Talbot,1
childcared5@hwbcymru.net,Dee Valley Childcare,Wrexham,1
childsplayswansea@outlook.com,Child's Play at Penclawdd,Swansea,1
chloe.curiositycubs@gmail.com,Curiosity Cubs Ltd,Merthyr Tydfil,1
chris.williams@elysiumhealthcare.co.uk,Tydfil House,Monmouthshire,1
chris@unitedcaresolutions.co.uk,Ty Crud-Y-Gan,Newport,1
chrisgriffiths@futurevisionchildcare.co.uk,Compton House and 3 other services you run,Carmarthenshire,4
churchstokepg@gmail.com,Churchstoke Little Explorers and after school club,Powys,1
chwaraeteg_penrhyn@yahoo.com,Meithrinfa Chwarae Teg Day Care Nursery,Conwy,1
cillian@fronhaul.uk,Brookfield House,Carmarthenshire,1
cityview@guidedstars.co.uk,CityView Guided stars,Swansea,1
ciw@gibraltarnursinghome.com,Gibraltar House,Monmouthshire,1
ciwnotifications@adferiad.org,Parkland Place,Conwy,1
cjames@ioscare.co.uk,Whitchurch House,Cardiff,1
claire.raddenbury@parade-house.co.uk,Parade House Residential Home,Monmouthshire,1
claire.springfield@mychoicehealthcare.co.uk,Springfield Care Home,Caerphilly,1
claire@prideincare.com,Pride in Care Residential Home and Rachel Kathryn Residential Home,Caerphilly,2
clairegreenway1@gmail.com,Little Acorns Preschool (Caerphilly) Ltd,Caerphilly,1
clare@cartreficwtchltd.co.uk,Woodland Lodge,Caerphilly,1
clarianhope@gmail.com,Clarian Hope Bryncoch Residential Care ,Neath Port Talbot,1
clive.pearce@familysupportwales.co.uk,Family Support Wales,Neath Port Talbot,1
clwb@cymerofal.co.uk,Clwb Cymer Ofal,Cardiff,1
clwbaeron@yahoo.com,Clwb Y Dyffryn,Ceredigion,1
clwbbwthynbach@gmail.com,Clwb Bwthyn Bach,Flintshire,1
clwbcaredig@hotmail.co.uk,Clwb Caredig,Carmarthenshire,1
clwbdyffrynnantlle@gmail.com,Clwb Plant Dyffryn Nantlle,Gwynedd,1
clwbeinharglwyddes@outlook.com,Clwb Ein Harglwyddes,Gwynedd,1
clwbhwyl@stmarysflint.wales,Clwb Hwyl @ St Mary's,Flintshire,1
clwbllys@outlook.com,Clwb Llawen y Llys,Denbighshire,1
clwbplantbodafon@outlook.com,Clwb Plant Bodafon,Conwy,1
clwbplantbrynaman@yahoo.com,Clwb Plant Brynaman Kids Club,Carmarthenshire,1
clwbplantllandegfan@outlook.com,Clwb Plant Llandegfan Kids Club,Isle of Anglesey,1
clwbteifi@hotmail.com,Clwb Teifi,Ceredigion,1
clwbtwm@outlook.com,Clwb Twm,Denbighshire,1
clwbymorfa123@gmail.com,Clwb y Morfa C.B.C,Conwy,1
clythasquare@tinytots.biz,Tiny Tots Clytha Square,Newport,1
cmarberthri@hotmail.com,Cylch Meithrin Arberth CIO,Pembrokeshire,1
cmb.tiafi@gmail.com,Cylch Meithrin a Ti-a-Fi Cwarter Bach,Carmarthenshire,1
cmblodaubach@outlook.com,Cylch Meithrin Blodau Bach,Caerphilly,1
cmcrymych@outlook.com,Cylch Meithrin Crymych,Pembrokeshire,1
cmcwmderwen@outlook.com,Cylch Meithrin Cwm Derwen,Caerphilly,1
cmcwmelai@outlook.com,Partneriaeth Cwm Elai CBC,Rhondda Cynon Taf,1
cmdinbychucha@outlook.com,Cylch Dinbych Uchaf,Denbighshire,1
cmdolau@gmail.com,Cylch Meithrin Dolau,Powys,1
cmdyffrynyrenfys@gmail.com,Cylch Meithrin Dyffryn yr Enfys,Conwy,1
cmeithrintycroes@gmail.com,Cylch Meithrin Tycroes,Carmarthenshire,1
cmfelinfoel@gmail.com,Cylch Meithrin Felinfoel,Carmarthenshire,1
cmffynnonwen@outlook.com,Cylch Meithrin Ffynnonwen,Carmarthenshire,1
cmhenllan@gmail.com,Cylch Meithrin Henllan,Denbighshire,1
cmhermon@icloud.com,Cylch Meithrin Hermon,Pembrokeshire,1
cmiforbach@gmail.com,Cylch Meithrin Ifor Bach,Caerphilly,1
cmlc@hotmail.co.uk,Cylch Meithrin Llanfair Caereinion,Powys,1
cmllandysilio@outlook.com,Cylch Meithrin Llandysilio,Pembrokeshire,1
cmllanelwy@gmail.com,Cylch Meithrin Llanelwy,Denbighshire,1
cmllanfyllin@gmail.com,Cylch Meithrin Llanfyllin,Powys,1
cmllangelynnin@outlook.com,Cylch Meithrin Llangelynnin,Conwy,1
cmllangennech.ycaban@gmail.com,Cylch Meithrin Llangennech - Y Caban,Carmarthenshire,1
cmllanilar@outlook.com,Cylch Meithrin Llanilar,Ceredigion,1
cmllpwll@aol.com,Cylch Meithrin Llanfairpwll,Isle of Anglesey,1
cmllynyforwyn@gmail.com,Cylch Meithrin Llyn y Forwyn,Rhondda Cynon Taf,1
cmmeinibach@gmail.com,Cylch Meithrin Meini Bach (Bon-y-Maen),Swansea,1
cmpenllwyn@gmail.com,Cylch Meithrin Penllwyn,Ceredigion,1
cmpontllanfraith@hotmail.co.uk,Cylch Meithrin Pontllanfraith,Caerphilly,1
cmpontpedr@gmail.com,Cylch Meithrin Pont Pedr,Ceredigion,1
cmtalhaiarn@gmail.com,Cylch Meithrin Talhaiarn,Conwy,1
cmteulrtyle@gmail.com,Cylch Meithrin Teulu'r Tyle,Neath Port Talbot,1
cmtrefeurig@gmail.com,Cylch Meithrin Trefeurig,Ceredigion,1
cmtreletert21@gmail.com,Cylch Meithrin Treletert,Pembrokeshire,1
cmyffor@icloud.com,Cylch Meithrin Y Ffôr,Gwynedd,1
cmypysgodbach@gmail.com,Cylch Meithrin Y Pysgod Bach,Pembrokeshire,1
cmysgoldewisant@gmail.com,Cylch Meithrin Ysgol Dewi Sant,Denbighshire,1
coalbrook@reflecteducation.co.uk,Coalbrook Care,Carmarthenshire,1
coedevadaycare@torfaen.gov.uk,Codi Serennau,Torfaen,1
colinpicton@gellimor.com,Gelli Mor ,Pembrokeshire,1
committeecylchyreglwysnewydd@gmail.com,Cylch Meithrin yr Eglwys Newydd,Cardiff,1
contact@ashvillecare.co.uk,Ashville Residential Home,Caerphilly,1
contact@bethanyhome.co.uk,Bethany Residential Home LTD,Monmouthshire,1
contact@brynawelhouse.org,Brynawel House Alcohol and Drug Rehabilitation Centre Ltd,Rhondda Cynon Taf,1
contact@cmgellionnen.co.uk,Cylch Meithrin Gellionnen,Swansea,1
contact@llanddulasplaygroup.co.uk,Llanddulas Playgroup Nursery,Conwy,1
contact@llysgwyn.com,Llys Gwyn Residential Home,Bridgend,1
contact@newhorizonschildrenshomes.com,Bramble House,Bridgend,1
contact@pennalview.co.uk,Pennal View Residential Care Home Ltd,Ceredigion,1
contact@puddleducks.net,Puddle Ducks (South Wales) Limited,Monmouthshire,1
contact@snapspecialistplay.org.uk,SNAP Specialist Play,Pembrokeshire,1
contactus@bluedoornursery.net,Blue Door Nursery,Cardiff,1
contactus@bluedooroutofschoolcare.co.uk,Blue Door Out of School Childcare,Cardiff,1
coolcatsclub@rocketmail.com,Cool Cats Club,Denbighshire,1
coordinator@tiddlywinkscyf.org,Tiddlywinks Childcare Centre,Neath Port Talbot,1
countrykidsbuilthwells@mail.com,Country Kids Childcare (Builth Wells) Limited.,Powys,1
countychildcareglanllyn@gmail.com,County Childcare Glan Llyn,Newport,1
countychildcarepadrepio@gmail.com,County Childcare Padre Pio,Torfaen,1
countychildcarestdavidsrc@gmail.com,County Child Care St Davids RC CYF,Torfaen,1
cowbridge@funfoundations.wales,Fun Foundations Day Nursery,Vale of Glamorgan,1
cpsegontiwm@gmail.com,Clwb Plant Segontiwm Cyf.,Gwynedd,1
craig.jones@elan-als.com,Elan Specialist Residential Care Service,Merthyr Tydfil,1
craigydonplayschool@gmail.com,Craig y Don Playschool,Conwy,1
creche@hcdt.co.uk,Paradise Community Nursery,Swansea,1
criccieth@meddygcare.co.uk,Meddyg Care Dementia Home - Criccieth,Gwynedd,1
crocsstaff@gmail.com,Croco-doco-dile Playgroup,Powys,1
croftplaygroup2015@aol.co.uk,The Croft Playgroup,Flintshire,1
crosswaynursery@gmail.com,Crossway Nursery,Monmouthshire,1
crosswayparknursery@gmail.com,Crossway Park Nursery,Monmouthshire,1
crosswaytownnursery@gmail.com,Crossway Town Nursery,Monmouthshire,1
cubscornerpre-schoolnursery@hotmail.com,Cubs Corner Pre-School Nursery,Pembrokeshire,1
cwmffrwdoerprimarycwtch@outlook.com,Cwmffrwdoer Cwtch,Torfaen,1
cwmlai.afterschool.club@gmail.com,Cwmlai After School Club,Rhondda Cynon Taf,1
cwmllynfellcm@outlook.com,Cylch Meithrin Cwmllynfell,Neath Port Talbot,1
cwrtenfys@silvercrestcare.co.uk,Cwrt Enfys Care Home,Powys,1
cwtchcymraegltd@gmail.com,Cwtch Cymraeg Ltd,Carmarthenshire,1
cwtsh.nursery@gmail.com,Cwtsh Nursery Limited,Caerphilly,1
cwtshplantbach25@outlook.com,Meithrinfa Cwtsh Plant Bach,Carmarthenshire,1
cylch-y-parc@hotmail.co.uk,Cylch Meithrin Y Parc,Cardiff,1
cylch.llanrhaeadr@yahoo.co.uk,Cylch Meithrin Llanrhaeadr Ym Mochnant,Powys,1
cylch.meithrin.pwllheli@gmail.com,Cylch Meithrin Pwllheli,Gwynedd,1
cylch.meithrin.tonyfelin01@gmail.com,Cylch Meithrin Tonyfelin,Caerphilly,1
cylch.pontarddulais@gmail.com,Cylch Meithrin Pontarddulais,Swansea,1
cylch@caetop.com,Cylch Meithrin Cae Top,Gwynedd,1
cylchaber@gmail.com,Cylch Meithrin Abersychan CIO,Torfaen,1
cylchabergwaun@hotmail.co.uk,Cylch Meithrin Abergwaun,Pembrokeshire,1
cylchbodalaw@outlook.com,Cylch Bod Alaw,Conwy,1
cylchbodhyfryd@gmail.com,Cylch Bodhyfryd,Wrexham,1
cylchbontnewydd@btinternet.com,Cylch Meithrin Bontnewydd,Gwynedd,1
cylchbrocernyw@hotmail.com,Cylch Meithrin Bro Cernyw,Conwy,1
cylchbrynglas@gmail.com,Cylch Meithrin Brynglas,Newport,1
cylchcarno@outlook.com,Cylch Meithrin Carno,Powys,1
cylchcefngorslas@icloud.com,Cylch Meithrin Cefneithin Gorslas,Carmarthenshire,1
cylchcroesgoch25@outlook.com,Cylch Meithrin Croesgoch,Pembrokeshire,1
cylchdeiniolen@outlook.com,Cylch Meithrin Deiniolen,Gwynedd,1
cylchdolbadarn@gmail.com,Cylch Meithrin Dolbadarn,Gwynedd,1
cylchdolgellau@gmail.com,Cylch Meithrin Dolgellau,Gwynedd,1
cylchevanjames@outlook.com,Cylch Meithrin Evan James,Rhondda Cynon Taf,1
cylchffestiniog@outlook.com,Cylch Meithrin Ffestiniog,Gwynedd,1
cylchgarnedd@ffalabalam.co.uk,Cylch Meithrin y Garnedd a Clwb Ffrindiau Y Garnedd,Gwynedd,1
cylchglanmorfa@gmail.com,Cylch Meithrin Ysgol Glan Morfa,Cardiff,1
cylchglantwymyn@icloud.com,Cylch Meithrin Glantwymyn,Powys,1
cylchgwalchmai@outlook.com,Cylch Meithrin Gwalchmai,Isle of Anglesey,1
cylchhyweldda@icloud.com,Cylch Meithrin Hywel Dda,Carmarthenshire,1
cylchllanbedrog@aol.com,Cylch Meithrin Llanbedrog,Gwynedd,1
cylchllanbrynmair@gmail.com,Cylch Meithrin Llanbrynmair,Powys,1
cylchllanrhaeadr@gmail.com,Cylch Meithrin Llanrhaeadr,Denbighshire,1
cylchllanypwll@outlook.com,Cylch Meithrin a Ti a Fi Llan-y-pwll,Wrexham,1
cylchmaesinclanicola.jones@yahoo.com,Cylch Meithrin Maesincla and CYLCH MEITHRIN PLAS PAWB,Gwynedd,2
cylchmeithrin-cwmbran@outlook.com,Cylch Meithrin Cwmbran,Torfaen,1
cylchmeithrin.aberbargoed@gmail.com,Cylch Meithrin Aberbargoed,Caerphilly,1
cylchmeithrin.broalun@outlook.com,Cylch Meithrin Bro Alun,Wrexham,1
cylchmeithrin.felinheli@outlook.com,Cylch Meithrin Y Felinheli,Gwynedd,1
cylchmeithrin.groeswen@gmail.com,Cylch Meithrin Groes-wen,Cardiff,1
cylchmeithrin@btconnect.com,Cylch Meithrin Y Bont Faen,Vale of Glamorgan,1
cylchmeithrin@hotmail.com,Cylch Meithrin Llanddarog a Drefach,Carmarthenshire,1
cylchmeithrinabercynon@gmail.com,Cylch Meithrin Abercynon,Rhondda Cynon Taf,1
cylchmeithrinaberdar@outlook.com,Cylch Meithrin Aberdar,Rhondda Cynon Taf,1
cylchmeithrinaberdaron@outlook.com,Cylch Meithrin Aberdaron,Gwynedd,1
cylchmeithrinaberystwyth@gmail.com,Cylch Meithrin Aberystwyth,Ceredigion,1
cylchmeithrinalltcafan@gmail.com,Cylch Meithrin Alltcafan,Carmarthenshire,1
cylchmeithrinamlwch@aol.co.uk,Cylch Meithrin Amlwch,Isle of Anglesey,1
cylchmeithrinawelymynydd@yahoo.com,Cylch Meithrin Awel y Mynydd,Conwy,1
cylchmeithrinbaepenrhyn@outlook.com,Cylch Meithrin Bae Penrhyn,Conwy,1
cylchmeithrinbeddau@outlook.com,Cylch Meithrin Beddau,Rhondda Cynon Taf,1
cylchmeithrinbodffordd@hotmail.com,Cylch Meithrin Bodffordd,Isle of Anglesey,1
cylchmeithrinbont@hotmail.com,Cylch Meithrin Pontrhydfendigaid,Ceredigion,1
cylchmeithrinbrodyfrdwy@outlook.com,Cylch Meithrin Bro Dyfrdwy,Denbighshire,1
cylchmeithrinbrodysynni@gmail.com,Cylch Meithrin Bro Dysynni,Gwynedd,1
cylchmeithrinbronllwyn@yahoo.co.uk,Cylch Meithrin Bronllwyn,Rhondda Cynon Taf,1
cylchmeithrincemaes@gmail.com,Cylch Meithrin Cemaes,Isle of Anglesey,1
cylchmeithrincg@outlook.com,Cylch Meithrin Cwm Gwyddon,Caerphilly,1
cylchmeithrinchwilog@gmail.com,Cylch Meithrin Chwilog,Gwynedd,1
cylchmeithrincilycoed@gmail.com,Cylch Meithrin Cil y Coed,Monmouthshire,1
cylchmeithrinclocaenog@gmail.com,Cylch Meithrin Clocaenog,Denbighshire,1
cylchmeithrincorris@hotmail.co.uk,Cylch Meithrin Corris,Gwynedd,1
cylchmeithrincriccieth@yahoo.co.uk,Cylch Meithrin Criccieth,Gwynedd,1
cylchmeithrincwmdar@gmail.com,Cylch Meithrin Cwmdar,Rhondda Cynon Taf,1
cylchmeithrincybi@gmail.com,Cylch Meithrin Cybi,Isle of Anglesey,1
cylchmeithrinedern@outlook.com,Cylch Meithrin Edern,Gwynedd,1
cylchmeithringroeslon@hotmail.co.uk,Cylch Meithrin Groeslon,Gwynedd,1
cylchmeithringwyddelwern@gmail.com,Cylch a Ti a Fi Gwyddelwern,Denbighshire,1
cylchmeithrinharlech@aol.co.uk,Cylch Meithrin Harlech,Gwynedd,1
cylchmeithrinhendy@icloud.com,Cylch Meithrin Ysgol Yr Hendy,Carmarthenshire,1
cylchmeithrinllanbedr@outlook.com,Cylch Meithrin Llanbedr,Gwynedd,1
cylchmeithrinllandegfan@gmail.com,Cylch Meithrin Llandegfan,Isle of Anglesey,1
cylchmeithrinllandygai@hotmail.co.uk,Cylch Meithrin Tal y Bont & Llandygai,Gwynedd,1
cylchmeithrinllanerch@gmail.com,Cylch Meithrin Llanerch,Carmarthenshire,1
cylchmeithrinllanfarian@outlook.com,Cylch Meithrin Llanfarian,Ceredigion,1
cylchmeithrinllangeitho@gmail.com,Cylch Meithrin Llangeitho,Ceredigion,1
cylchmeithrinllangennech@ymail.com,Cylch Meithrin Llangennech,Carmarthenshire,1
cylchmeithrinllangollen@outlook.com,Cylch Meithrin Llangollen and Cylch Meithrin Llangollen @ Ysgol Gwernant,Denbighshire,2
cylchmeithrinllangybi@gmail.com,Cylch Meithrin Llangybi,Gwynedd,1
cylchmeithrinllanilltudfawr@gmail.com,Cylch Meithrin Llanilltud Fawr,Vale of Glamorgan,1
cylchmeithrinllanllwni@yahoo.co.uk,Cylch Meithrin Llanllwni,Carmarthenshire,1
cylchmeithrinllannerchymedd@gmail.com,Cylch Meithrin Llanerchymedd,Isle of Anglesey,1
cylchmeithrinllannon4@gmail.com,Cylch Meithrin Llannon,Carmarthenshire,1
cylchmeithrinllanrug@yahoo.com,Cylch Meithrin Llanrug,Gwynedd,1
cylchmeithrinllansannan@yahoo.co.uk,Cylch Meithrin Llansannan,Conwy,1
cylchmeithrinllanuwchllyn@hotmail.com,Criw Eirys,Gwynedd,1
cylchmeithrinllechryd@gmail.com,Cylch Meithrin Llechryd,Ceredigion,1
cylchmeithrinmaesymorfa@hotmail.com,Cylch Meithrin Maes y Morfa,Cardiff,1
cylchmeithrinminyddol@outlook.com,Cylch Meithrin Min y Ddol,Wrexham,1
cylchmeithrinmoelfre@gmail.com,Cylch Meithrin Moelfre,Isle of Anglesey,1
cylchmeithrinmorfarhianedd@outlook.com,Cylch Meithrin Morfa Rhianedd,Conwy,1
cylchmeithrinmornant@outlook.com,Cylch Meithrin Ysgol Mornant,Flintshire,1
cylchmeithrinmynyddbychan@gmail.com,Cylch Meithrin Mynydd Bychan,Cardiff,1
cylchmeithrinnawmor@gmail.com,Cylch Meithrin Nawmor (Cenarth),Ceredigion,1
cylchmeithrinnefyn@gmail.com,Cylch Meithrin Nefyn,Gwynedd,1
cylchmeithrinparcybont@gmail.com,Cylch Meithrin Parc Y Bont,Isle of Anglesey,1
cylchmeithrinpencader151@gmail.com,Cylch Meithrin Pencader,Carmarthenshire,1
cylchmeithrinpenrhyn@hotmail.co.uk,Cylch Meithrin Penrhyndeudraeth,Gwynedd,1
cylchmeithrinpentraeth@gmail.com,Cylch Meithrin Pentraeth,Isle of Anglesey,1
cylchmeithrinpentrecelyn@gmail.com,Cylch Meithrin Ysgol Pentrecelyn,Denbighshire,1
cylchmeithrinpontyberem18@gmail.com,Cylch Meithrin Pontyberem,Carmarthenshire,1
cylchmeithrinporthtywyn@hotmail.co.uk,Cylch Meithrin Porth Tywyn,Carmarthenshire,1
cylchmeithrinpyg@gmail.com,Cylch Meithrin Pen-y-Garth,Vale of Glamorgan,1
cylchmeithrinrhiwbeina@gmail.com,Cylch Meithrin Rhiwbeina,Cardiff,1
cylchmeithrinrhosneigr@gmail.com,Cylch Meithrin Rhosneigr,Isle of Anglesey,1
cylchmeithrinrhuthun@gmail.com,Cylch Meithrin Rhuthun,Denbighshire,1
cylchmeithrinrhyd@gmail.com,Cylch Meithrin Rhydypennau,Ceredigion,1
cylchmeithrinsarn@gmail.com,Cylch Meithrin Plant Bach Sarn,Bridgend,1
cylchmeithrinsaronarhendre@gmail.com,Cylch Meithrin Saron and Hendre,Carmarthenshire,1
cylchmeithrinserenfach@outlook.com,Cylch Meithrin Seren Fach,Rhondda Cynon Taf,1
cylchmeithrintal-y-bont@hotmail.co.uk,Cylch Meithrin Talybont,Ceredigion,1
cylchmeithrintalwrn@gmail.com,Cylch Meithrin Talwrn,Isle of Anglesey,1
cylchmeithrintonnaubach@outlook.com,Cylch Meithrin Tonnau Bach,Pembrokeshire,1
cylchmeithrintrannon@gmail.com,Cylch Meithrin Trannon,Powys,1
cylchmeithrintraws@gmail.com,Cylch Meithrin Trawsfynydd,Gwynedd,1
cylchmeithrintregarth@yahoo.co.uk,Cylch Meithrin Tregarth,Gwynedd,1
cylchmeithrintrelai@hotmail.com,Cylch Meithrin Trelai,Cardiff,1
cylchmeithrintremeirchion@gmail.com,Cylch Meithrin Tremeirchion,Denbighshire,1
cylchmeithrintreuddyn@gmail.com,Cylch Meithrin Terrig,Flintshire,1
cylchmeithrintwtil@gmail.com,Cylch Meithrin Twtil,Gwynedd,1
cylchmeithrinwaunfawr@gmail.com,Cylch Meithrin a Grwp Ti a Fi Waunfawr,Gwynedd,1
cylchmeithrinybermo@gmail.com,Cylch meithrin Y Tonnau,Gwynedd,1
cylchmeithrinyborth@gmail.com,Cylch Meithrin Y Borth,Isle of Anglesey,1
cylchmeithrinyfali@gmail.com,Ffrindiau Y Fali,Isle of Anglesey,1
cylchmeithrinyfenni@hotmail.co.uk,Cylch Meithrin Y Fenni,Monmouthshire,1
cylchmeithrinygarth@gmail.com,Cylch Meithrin Y Garth,Rhondda Cynon Taf,1
cylchmeithrinygraig@gmail.com,Cylch Meithrin  y Graig,Denbighshire,1
cylchmeithrinygromlech@hotmail.co.uk,Cylch Meithrin y Gromlech,Gwynedd,1
cylchmeithrinygyrnos@outlook.com,Cylch Meithrin Y Gurnos,Merthyr Tydfil,1
cylchmeithrinyrenfys@gmail.com,Cylch Meithrin Yr Enfys,Caerphilly,1
cylchmgb@gmail.com,Cylch Meithrin Grangetown a'r Bae,Cardiff,1
cylchmpenybontfawr@gmail.com,Cylch Meithrin Penybont Fawr,Powys,1
cylchparcywerin@hotmail.com,Cylch Meithrin Parc y Werin,Swansea,1
cylchpenygroes@hotmail.com,Cylch Meithrin Penygroes sir Gar,Carmarthenshire,1
cylchplascoch@gmail.com,Cylch Meithrin Plas Coch,Wrexham,1
cylchpontygof@gmail.com,Cylch Meithrin Pont y Gof,Gwynedd,1
cylchprion@outlook.com,Cylch Meithrin Prion,Denbighshire,1
cylchrhaeadr@outlook.com,Cylch Meithrin Rhaeadr,Powys,1
cylchrhos1@gmail.com,Cylch Meithrin Rhostryfan,Gwynedd,1
cylchrhydyllan@mail.com,Cylch Meithrin Rhyd y Llan,Isle of Anglesey,1
cylchtalgarreg@outlook.com,Cylch Meithrin Talgarreg,Ceredigion,1
cylchtalysarn@yahoo.co.uk,Cylch Meithrin Talysarn,Gwynedd,1
cylchtreffynnon@outlook.com,Cylch Chwarae Treffynnon,Flintshire,1
cylchtymair@outlook.com,Cylch Meithrin Ty Mair Glannau Dyfrdwy and Cylch Ty Mair,Flintshire,2
cylchtywyn@outlook.com,Cylch Meithrin TY Mabon Tywyn,Gwynedd,1
cylchwaunceirch@gmail.com,Meithrinfa Dydd Ser Bach Cylch Waunceirch,Neath Port Talbot,1
cylchybedol@aol.com,Cylch Meithrin Ysgol Y Bedol,Carmarthenshire,1
cylchycoed@gmail.com,Cylch Y Coed,Cardiff,1
cylcygelli@yahoo.co.uk,Cylch Meithrin y Gelli,Gwynedd,1
cynfranpreschool@hotmail.com,Cynfran Pre-School,Conwy,1
cysgodycoed1@yahoo.co.uk,Cysgod Y Coed Ltd,Ceredigion,1
dallen@plcl.org.uk,Grianan,Blaenau Gwent,1
dan-y-garreg@hafansaff.co.uk,Dan Y Garreg,Merthyr Tydfil,1
danicocarenewportltd@gmail.com,Ty Clyd,Cardiff,1
daniel.goddard@salus.wales,Liberty House,Swansea,1
daniel.grainger@salutemcare.com,Daffodil House,Cardiff,1
daniel@we-are-unique.care,Mayfield,Denbighshire,1
danielcrandon@positifcare.co.uk,Norcote,Blaenau Gwent,1
danielle@alphalivingwales.com,Ty Bryn,Neath Port Talbot,1
danygraig@dreamscarehomes.co.uk,Danygraig Nursing Home,Newport,1
david.farnsworth@wales.nhs.uk,Cottage View,Powys,1
david.kwei@rushcliffehospitals.co.uk,Queens Care Home,Neath Port Talbot,1
david.norman@educate-group.co.uk,Rivulet House,Wrexham,1
david.norman@educatecare.co.uk,Ty Caer,Wrexham,1
debbie@ysguborwen.cymru,Ysguborwen Care Home ,Rhondda Cynon Taf,1
debbiehanney@tyccare.co.uk,Tyn Y Coed Residential Home,Pembrokeshire,1
dechraudisglair@hotmail.co.uk,Dechrau Disglair,Carmarthenshire,1
degreys5@hwbcymru.net,Saplings Out of School Care,Vale of Glamorgan,1
derwbach22@gmail.com,Derw Bach,Powys,1
derya_warrington@hotmail.co.uk,Hendy Day Care,Carmarthenshire,1
dewi.rees2@caerdydd.gov.uk,Cylch Meithrin Pwll Coch,Cardiff,1
dewi_sant@sky.com,Dewi Sant,Caerphilly,1
dhunt4@sky.com,Forest House Residential Care Home for Adults with Learning Difficulties,Caerphilly,1
diana@moorlandhome.co.uk,Moorland Home,Swansea,1
diane.davies@willowdalecarehome.co.uk,Willowdale Care Home,Flintshire,1
diane.roberts16@btinternet.com,Station House Residential Care,Flintshire,1
diane@do-re-mi.cymru,Meithrinfa Do Re Mi Nursery,Pembrokeshire,1
director@pathways-2-the-future.co.uk,Daisy Chain and Hopscotch House,Merthyr Tydfil,2
directors@maesyfelin.co.uk,Maes-y-felin Care Home Ltd,Ceredigion,1
djames@plcl.org.uk,Bryn Heulog,Merthyr Tydfil,1
dolanog@btopenworld.com,Dolanog,Denbighshire,1
dolawel@aracare.co.uk,Dol Awel Residential Home,Conwy,1
dolwargw@yahoo.co.uk,Dolwar Residential Home,Gwynedd,1
dolwerdd-cylchmeithrin@outlook.com,Cylch Meithrin Dolwerdd,Torfaen,1
dom.morse@bluestonewales.com,Acorns Day Nursery Mini Adventures,Pembrokeshire,1
donna@danesbrook.com,Ty Hafod,Cardiff,1
donnawoodcock.penygellihall@hotmail.com,Penygelli Hall,Wrexham,1
doodleschildcare@aol.com,Doodles Childcare,Pembrokeshire,1
dosc2003@gmail.com,Deganwy Out of School Club,Conwy,1
driveresidential@hotmail.com,The Drive Residential Care home,Monmouthshire,1
drymmaucarehome@gmail.com,Drymmau Hall Care Home,Neath Port Talbot,1
dunvantprimaryschool@dunvant-pri.swansea.sch.uk,Dunvant Primary Wraparound,Swansea,1
dwylobach11@gmail.com,Dwylo Bach Preschool,Merthyr Tydfil,1
dwyloda@live.co.uk,Dwylo Da,Gwynedd,1
dwylorenfys@aol.com,Gofal Plant Dwylo’r Enfys,Gwynedd,1
dyan.boswell@genesiscte.co.uk,Oaklands,Pembrokeshire,1
dyffrynbanw@icloud.com,Cylch Meithrin Dyffryn Banw,Powys,1
dylansdeninfo@gmail.com,Dylan's Den,Rhondda Cynon Taf,1
dyserthcare@outlook.com,Dyserth Care ,Denbighshire,1
earlyinterventionservice@southwales.ac.uk,University of South Wales Early Intervention Service,Rhondda Cynon Taf,1
eastparkcarecentre@outlook.com,East Park Care Centre Limited,Pembrokeshire,1
edwardstracey22@yahoo.co.uk,St Asaph Community Playgroup,Denbighshire,1
eechirkw5@hwbcymru.net,Chirk Pre School Playgroup,Wrexham,1
egle.kavaliunaite2@elysiumhealthcare.co.uk,Reene House,Newport,1
eirijoppa@gmail.com,Cylch Meithrin Tregaron,Ceredigion,1
elaine.white@wales.nhs.uk,Nevill Hall Creche Association,Monmouthshire,1
elliso20@hwbcymru.net,Cylch Meithrin Penmaenmawr,Conwy,1
embracecarehomesltd@gmail.com,Abbey Dale House,Conwy,1
emily.weeks@brighterfuturescymru.com,Tŷ Afon,Gwynedd,1
emma.morris@croesocare.co.uk,Cartref Croeso Ltd,Carmarthenshire,1
emma.roberts@keys-group.co.uk,Baruc House,Vale of Glamorgan,1
emma.williams@keys-group.co.uk,Lychgate,Wrexham,1
emma@guidedstars.co.uk,Mountain View,Bridgend,1
emmamatthews2006@yahoo.com,Little Stars Nursery LLP,Torfaen,1
enfysfachpwllheli@gmail.com,Meithrinfa Enfys Fach Pwllheli,Gwynedd,1
enfyshapusnursery2017@outlook.com,Enfys Hapus Day Nursery,Cardiff,1
enquiries.channelview@outlook.com,Channel View Residential Care Home,Vale of Glamorgan,1
enquiries@3littlechums.co.uk,Three Little Chums Ltd,Torfaen,1
enquiries@abergavennynursery.co.uk,Abergavenny Nursery and Abergavenny Nursery Too,Monmouthshire,2
enquiries@asdrainbows.co.uk,ASD Rainbows,Rhondda Cynon Taf,1
enquiries@bearpak.co.uk,Bear Pak Wrap Around Centre,Vale of Glamorgan,1
enquiries@birribi.org,Brynsiriol,Carmarthenshire,1
enquiries@brighterfuturescymru.com,Gelli-Avon and McClaren House,Rhondda Cynon Taf,2
enquiries@britanniadaynursery.co.uk,Britannia Day Nursery Ltd,Caerphilly,1
enquiries@buttercupsdaynurseryltd.co.uk,Buttercups Day Nursery,Cardiff,1
enquiries@caldeygrangecare.co.uk,Caldey Grange Care Home,Pembrokeshire,1
enquiries@careuk.com,Llys Cyncoed and Llys Herbert,Cardiff,2
enquiries@croesodaynursery.co.uk,Croeso Day Nursery,Neath Port Talbot,1
enquiries@cyfeillionbach.co.uk,Cyfeillion Bach,Torfaen,1
enquiries@dragonfliesplaycare.com,Dragonflies Out of School Playcare Limited,Cardiff,1
enquiries@fairparkcare.com,59 Beechley Road,Wrexham,1
enquiries@fieldscarehome.com,The Fields Care Home,Newport,1
enquiries@glenburnielodge.co.uk,Glenburnie Lodge,Vale of Glamorgan,1
enquiries@gogerddanchildcare.co.uk,Clwb Gogerddan and 2 other services you run,Ceredigion,3
enquiries@hollybankcarehome.co.uk,Hollybank Care Home,Flintshire,1
enquiries@jupitercare.com,Hillside Care Home,Swansea,1
enquiries@littlechums.co.uk,Little Chums Day Nursery,Torfaen,1
enquiries@llantrisantcarehome.co.uk,Llantrisant Care Home,Rhondda Cynon Taf,1
enquiries@lot3.co.uk,Acton Childcare,Wrexham,1
enquiries@marshfieldmonkeys.co.uk,Marshfield Monkeys Day Nursery Wrap Around & Holiday Club Ltd,Newport,1
enquiries@parcyllyn.org.uk,Parc y Llyn Nursing Home,Pembrokeshire,1
enquiries@penybryncare.co.uk,Pen y Bryn Residential Home,Flintshire,1
enquiries@principalitycare.com,102 Cefn Road and 106 Thompson Avenue,Newport,2
enquiries@procarewales.co.uk,Daniel House and Plas Lorna,Conwy,2
enquiries@qewc.co.uk,Bryn Tirion Hall and Ty Felin Children's Home,Flintshire,2
enquiries@regencyhousecarehome.com,Regency House Residential Home,Torfaen,1
enquiries@sricares.co.uk,Rickeston Mill Care Home,Pembrokeshire,1
enquiries@thechildrensdaynursery.co.uk,The Children`s Day Nursery (Preschool) and The Childrens Day Nursery,Bridgend,2
enquiries@tregwilymlodge.co.uk,Tregwilym Lodge Nursing and Residential Home,Newport,1
enquiries@trehernecaregroup.com,Tremora Cottage,Gwynedd,1
enquiries@warrendale-cottage.co.uk,Warrendale Cottage Ltd,Flintshire,1
enquiries@ymestyn.org.uk,Ymestyn,Cardiff,1
eryl.pellow@btinternet.com,Brynderwen Catre,Carmarthenshire,1
estuarygardens.mgr@crystalcarecollection.co.uk,Estuary Gardens,Flintshire,1
etsportscymru@hotmail.com,Clwb Carco Ysgol Y wern,Cardiff,1
events@nipperbout.com,Nipperbout Limited,Conwy,1
ewennyview@crystalcaresolutions.co.uk,Ewenny View,Flintshire,1
explorers@thelearningtreedaynursery.co.uk,The Learning Tree Explorers,Newport,1
fastrackchildcaresolutions@live.co.uk,Cefn Glas Playgroup and Fast Track Childcare Solutions Ltd - Bettws Day Nursery,Bridgend,2
fay@carrholm.co.uk,Carr Holm,Denbighshire,1
felicity.mctigue@hartfordcare.co.uk,Broughton Hall,Wrexham,1
fernsdaynursery@gmail.com,Ferns Day Nursery,Caerphilly,1
ferryhouse@innovative-care.co.uk,Ferry House,Neath Port Talbot,1
ffion@llysteg.co.uk,Llys Meddyg and 2 other services you run,Denbighshire,3
finance@ggca.org.uk,Gilfach Goch Kids R Us Playscheme,Rhondda Cynon Taf,1
fiona@parachuteschildcare.co.uk,Little Haven Nursery and Little Haven Nursery  -  Pentrych,Cardiff,2
firststeps8@yahoo.co.uk,First Steps Day Nursery (Rhos on Sea) Limited,Conwy,1
firststepsltd@yahoo.co.uk,First Steps Day Nursery Ltd,Flintshire,1
fordenplaygroup@outlook.com,Forden Pre-School,Powys,1
forestandcoastalschool@gmail.com,Muddy Puddles Forest and Coastal School,Conwy,1
forgecare@summerhillgroup.co.uk,The Forge Care Centre,Cardiff,1
foulkes305@btinternet.com,Tirionfa Residential Care,Gwynedd,1
frances@prioryhousecare.co.uk,Priory House Care Home,Denbighshire,1
francesca.austin@theflowersdaynursery.com,The Flowers Day Nursery,Swansea,1
fundaysnursery20@gmail.com,Fun Days Day Nursery,Denbighshire,1
funkyfootsteps@live.co.uk,Funky Footsteps Day Nursery Hospital Site and Funky Footsteps Saint Joseph's Catholic School Provison,Neath Port Talbot,2
funtazia2@btconnect.com,Funtazia Day Nursery (Cwm Golau),Merthyr Tydfil,1
funtazia@btconnect.com,Funtazia Day Nursery Prince Charles Hospital,Merthyr Tydfil,1
gabriela@serenity-homes.org,Gnoll Nursing Home,Neath Port Talbot,1
gail@dashceredigion.org.uk,DASH Playscheme,Ceredigion,2
gail@tyross.co.uk,Ty Ross Care Home,Rhondda Cynon Taf,1
gardencitychildcare@flintshire.gov.uk,Garden City Childcare,Flintshire,1
garethwilliams@gardenscarehome.co.uk,Gardens Care Home,Neath Port Talbot,1
garnanthouse@hotmail.co.uk,Garnant House LLP,Carmarthenshire,1
garnbachtryweryn@gmail.com,Garn Bach Tryweryn,Gwynedd,1
garndiffaith@milllanechildcare.com,Mill Lane Childcare Garndiffaith,Torfaen,1
gary.dodd@hartfordcare.co.uk,Ashgrove and Ashleigh Court,Wrexham,2
gellifor@denbighshire.gov.uk,Cylch Chwarae Gellifor,Denbighshire,1
gibchildcentre@btconnect.com,Cylch Meithrin Dechrau Dysgu and Gibbonsdown Children`s Centre Limited,Vale of Glamorgan,2
gillian.tawfik@brynymor.co.uk,Bryn y Mor Ltd,Isle of Anglesey,1
gillianbruford@bryncynonstrategy.org.uk,Bryncynon Growing Together Playgroup,Rhondda Cynon Taf,1
gilliansuckley.elmvilla@hotmail.co.uk,Elm Villa,Wrexham,1
gingerbread.house@aol.com,The Gingerbread House Day Nursery (RCT) Ltd,Rhondda Cynon Taf,1
glanmorfacarehome@btconnect.com,Glanmorfa Care Home Ltd,Carmarthenshire,1
glanymor20@yahoo.com,Cylch Meithrin Glan-y-Mor,Ceredigion,1
glasfrynnh01@yahoo.co.uk,Glasfryn Nursing & Residnential Home,Carmarthenshire,1
glenmore@hotmail.co.uk,Glenmore Residential Home,Newport,1
glynbargoedhouse@btconnect.com,Glynbargoed Care Home,Merthyr Tydfil,1
glynderwen@astoncarehomes.co.uk,Glynderwen House,Swansea,1
glynnest@btinternet.com,Glyn Nest Trustee Company Limited,Carmarthenshire,1
gm.cardiffuk@nazarethcare.com,Nazareth House - Cardiff,Cardiff,1
gofal.pandy@gmail.com,Gofal Plant Pandy,Isle of Anglesey,1
gofalmaelog@gmail.com,Gofal Maelog,Isle of Anglesey,1
gofalplantgeirian@gmail.com,Gofal Plant Geirian Llanfechell a'r Fro,Isle of Anglesey,1
gofalplanttregeles@gmail.com,Gofal Plant Tregeles,Neath Port Talbot,1
gofalteg@outlook.com,Gofal Teg,Torfaen,1
goldstarsafterschoolclub@outlook.com,Gold Stars After School Club,Cardiff,1
golliwpg@hotmail.co.uk,Golliwopsie Playgroup,Torfaen,1
gower@pebbles-daynursery.com,Pebbles Day Nursery,Swansea,1
gowerdaynursery@gmail.com,Gower Day Nursery,Swansea,1
gowerhouse@innovative-care.co.uk,Gower House,Swansea,1
gracehouse@yourchapter.co.uk,Grace House,Powys,1
grangelodgeltd@outlook.com,Grangelodge Residential Home Ltd,Cardiff,1
greenfieldplaygroup@gmail.com,Greenfield playgroup,Flintshire,1
greenhill.enquiries@hallmarkcarehomes.co.uk,Hallmark Greenhill Manor Luxury Care Home,Merthyr Tydfil,1
gwenfro@caiapark.org,Gwenfro Tots,Wrexham,1
gwynfa.ljc@btconnect.com,Gwynfa,Gwynedd,1
hafal@hafal.org,Fronheulog Care Home,Powys,1
hafanycoed.gm@barchester.com,Hafan y Coed Care Home,Carmarthenshire,1
hafod.flyingstart@caiapark.org,Hafod y Wern Playgroup,Wrexham,1
hafod.manager@surecaregroup.com,Hafod House Rest Home,Wrexham,1
hafodmanager@select-group.co.uk,Hafod Y Green,Denbighshire,1
halkynmountainkidsclub@gmail.com,Halkyn Mountain Kids Club,Flintshire,1
happybeesdaynursery@gmail.com,Happy Bees Day Nursery,Merthyr Tydfil,1
happydayschildcareltd@hotmail.com,Happy Days Childcare Rhyl Ltd,Denbighshire,1
happydayscoedpoeth@hotmail.co.uk,Happy Days,Wrexham,1
happydayznurseryltd@yahoo.co.uk,Happy Dayz Nursery Limited,Rhondda Cynon Taf,1
happyhedgehogs5@hwbcymru.net,Happy Hedgehogs Childcare,Flintshire,1
harley.foley@futurestarscoaching.co.uk,Future Stars Coaching at Coryton Primary School,Cardiff,1
hashimniaz@icloud.com,Dolywern,Wrexham,1
hawkesburyplaygroupbuckley@gmail.com,Hawkesbury Pre-school Playgroup,Flintshire,1
haydn.osborne@reactsupportservices.co.uk,Cadoc House Service and 4 other services you run,Cardiff,5
hazel@livingincomfortcarehome.co.uk,Frederick House,Merthyr Tydfil,1
hcbreakfastclub@marshfieldmonkeys.co.uk,Monkeys@High Cross Breakfast & After School Club Ltd,Newport,1
hdundas@cavc.ac.uk,Cardiff and Vale College Nursery (Barry),Vale of Glamorgan,1
head.coastlands@pembrokeshire.gov.uk,Coastlands CP School Club,Pembrokeshire,1
head.golden-grove@pembrokeshire.gov.uk,Golden Grove Day Care,Pembrokeshire,1
head.lamphey@pembrokeshire.gov.uk,Lamphey Playgroup,Pembrokeshire,1
head.sageston@pembrokeshire.gov.uk,Sageston Community Primary School Playgroup,Pembrokeshire,1
head.stteilos@pembrokeshire.gov.uk,Teilo Tots,Pembrokeshire,1
head@brynhafren.powys.sch.uk,Brynhafren Bright Stars,Powys,1
heath@sweet-p.co.uk,Sweet Pea (Heath),Cardiff,1
heather.carr@ivolve.care,Heathfield Lodge Ltd,Swansea,1
helen.satherley@plcl.org.uk,Efail Wen,Caerphilly,1
helen@clwbcarco.com,Clwb Carco,Cardiff,1
helen@glanrhos.co.uk,Quality Care (Wales) Limited,Isle of Anglesey,1
helengilmoremeithrin@yahoo.co.uk,Cylch Meithrin Ysgol y Llys,Denbighshire,1
helenh@accurocare.co.uk,Medhurst Care Home,Caerphilly,1
hello@bijou-nursery.com,Bijou Day Nursery and Creche,Vale of Glamorgan,1
hello@childsplayswansea.co.uk,Child's Play and Child's Play at Crwys,Swansea,2
hello@crickcarehome.com,Crick Care Home,Monmouthshire,1
hello@daisydaynursery.com,Daisy Day Nursery - Llanishen,Cardiff,1
hello@lakesidecare.co.uk,Lakeside House Nursing Home,Cardiff,1
hello@llnps.com,Llandudno Nursery and Pre-School,Conwy,1
hello@lullabyznursery.co.uk,Lullabyz Nursery Ltd,Newport,1
hello@mesenfants.co.uk,Mes Enfants Day Nursery,Swansea,1
hello@pitterpatterplay.co.uk,Hafan Hael Bettws and 2 other services you run,Newport,3
helo@cywionbach.co.uk,Cywion Bach,Carmarthenshire,1
heretohelp@carongroup.wales,Anwen Care Home and 10 other services you run,Bridgend,11
hgglynebwy@gmail.com,Ysgol Feithrin Pontypwl,Torfaen,1
highgrove.residential@yahoo.com,Highgrove Residential Home,Pembrokeshire,1
highwayplaydays@gmail.com,Highway Playdays Nursery,Flintshire,1
hillcroft@farringtoncare.com,Hillcroft Residential Care Home,Cardiff,1
hillsborocarehome@yahoo.com,Hillsboro Residential Care Home,Gwynedd,1
hiraddug.playgroup@gmail.com,Hiraddug Childcare,Denbighshire,1
hiraethmanager@empowersupport.co.uk,Hiraeth House,Swansea,1
holidayclub@canolfanbeaumaris.org.uk,Canolfan Holiday Club,,1
holidayclub@cathedral-school.co.uk,Mini Mitres,Cardiff,1
holidayclub@xlwales.org.uk,XLWales Holiday Club,Swansea,1
hollieschildcarefacility@gmail.com,The Hollies Childcare Facility,Rhondda Cynon Taf,1
holliesoffice@silvercrestcare.co.uk,Hollies Care Home,Rhondda Cynon Taf,1
hollyardentowers@gmail.com,Arden Towers Care Home,Conwy,1
hollylodge@virgocarehomes.com,Hollylodge Residential Home,Torfaen,1
holtunderfivesplaygroup@gmail.com,Holt Under Fives Playgroup and Toddlers,Wrexham,1
holywellchildcareltd@gmail.com,Holywell Child Care Ltd,Flintshire,1
honi@brookfieldchildcare.co.uk,Brookfield Day Nursery,Powys,1
hopscotchnursery@gmail.com,Hopscotch Nursery,Monmouthshire,1
hub-wildlings@outlook.com,Hub Wildlings,Isle of Anglesey,1
huw@baglanlodge.co.uk,Baglan Lodge Care Home,Neath Port Talbot,1
huwsparkes@elidyrct.ac.uk,Garnllwyd Barns,Vale of Glamorgan,1
huwwilliams.oldvicaragetonna@outlook.com,Old Vicarage Nursing Home,Neath Port Talbot,1
hwylasbri17@yahoo.com,Hwyl a Sbri Meithrinfa Ddydd Ddwy Ieuthog Bilingual Day Nursery,Carmarthenshire,1
hylands@me.com,Hyland Residential Home Ltd ,Isle of Anglesey,1
hywel.may@caloncare.co.uk,Alexandra House and 4 other services you run,Caerphilly,5
ian@littleeinsteinsacademy.com,Little Einsteins Academy Limited,Caerphilly,1
ian@newhorizonsnorthwales.com,Willowdene,Conwy,1
ian@robertshomes.co.uk,Plas-y-Mor Nursing Home,Denbighshire,1
ianroberts@sapphirestreams.co.uk,The Oaks,Flintshire,1
info.ab@carongroup.wales,Abergarw Manor,Bridgend,1
info.be@carongroup.wales,The Beeches Care Home,Rhondda Cynon Taf,1
info.ca@carongroup.wales,Cartref Annwyl Fan Care Home,Carmarthenshire,1
info.glanmarlais@paddacare.com,Glanmarlais,Carmarthenshire,1
info.glanyrafoncarehome@gmail.com,Comfort Care Homes (Glan Yr Afon) Ltd,Caerphilly,1
info.lotsoftots@gmail.com,Lots of Tots Tir Morfa,Neath Port Talbot,1
info.manorleigh@gmail.com,Fairleigh House,Swansea,1
info.pw@carongroup.wales,Parc Wern Care Home,Carmarthenshire,1
info.sm@carongroup.wales,St Mark's Court,Swansea,1
info.treforys@paddacare.com,Treforys Care Home,Swansea,1
info.vv@carongroup.wales,Valley View Care Home,Caerphilly,1
info@abacusdaynurseries.co.uk,Abacus Day Nursery,Swansea,1
info@accurocare.co.uk,Zoar Care Home,Rhondda Cynon Taf,1
info@alexandrahouse-supportservices.co.uk,Alexandra House  and Alexandra House Residential Denbigh,Denbighshire,2
info@andipandis.co.uk,Meithrinfa Andi Pandi's Day Nursery LTD,Carmarthenshire,1
info@ariacarehome.com,Aria Care Home,Newport,1
info@ashleycourtcare.com,Ashley Court Care,Carmarthenshire,1
info@ashtonparkcarehome.co.uk,Ashton Park Care Home,Newport,1
info@autismpathways.co.uk,Oakfield,Flintshire,1
info@avenueroadnursinghome.co.uk,Avenue Road Nursing Home,Monmouthshire,1
info@bananamoon-bridgend.co.uk,Banana Moon Day Nursery Bridgend and Banana Moon Holiday & After School Club,Bridgend,2
info@bananamoon-coity.co.uk,Banana Moon Coity,Bridgend,1
info@bangorondeechildcare.co.uk,Bangor on Dee Childcare,Wrexham,1
info@barleybind.co.uk,Cartref Ael Y Bryn,Carmarthenshire,1
info@bevancollege.org,Bevan College,Bridgend,1
info@bloomfieldcare.co.uk,Bloomfield Care Home,Swansea,1
info@blueberrybears.co.uk,Blueberry Bears Nursery & Pre School,Cardiff,1
info@branas.co.uk,Bythnod & Hendre Llwyd and 3 other services you run,Denbighshire,4
info@brighterminds.uk,Brighter Minds Childcare Ltd and Brighter Minds Ty Isaf,Caerphilly,2
info@broadwaycare.co.uk,Hazelhurst Nursing Home and Pantanas Care Centre,Vale of Glamorgan,2
info@brooklandshome.co.uk,Brooklands Rest Home Ltd,Pembrokeshire,1
info@brynawelon.com,Bryn Awelon Care Home Limited,Gwynedd,1
info@brynsiriol.com,Brynsiriol Care Home,Neath Port Talbot,1
info@burrowshall.co.uk,Burrows Hall,Swansea,1
info@busybeehivenursery.co.uk,Busy Beehive,Pembrokeshire,1
info@buttercupsdaynursery.com,Buttercups Day Nursery,Flintshire,1
info@caemelyn.com,Cae Melyn Care Home,Powys,1
info@caerleoncardiff.co.uk,Caerleon Child Care,Cardiff,1
info@chunkymonkeysnursery.com,Chunky Monkeys Day Nursery,Bridgend,1
info@coedcariad.org,Coed Cariad,Carmarthenshire,1
info@coedmor.co.uk,Coed Mor Residential Care Home,Conwy,1
info@coniferscarehome.co.uk,The Conifers Care Home,Conwy,1
info@crscare.com,Haven House Residential Care Home and Mill House Residential Care Home,Cardiff,2
info@cupcakes-dinosaurs.co.uk,Cupcakes 'n' Dinosaurs Private Day Care Nursery,Torfaen,1
info@cwtch.ltd,Cwtch Childrens Services Ltd and Cwtch’s Children’s Services Ltd Ddraig Cottage,Monmouthshire,2
info@cwtchchildcare.co.uk,Gofal Plant CWTCH Childcare - Fairwater,Cardiff,1
info@danicocare.co.uk,PONTCANNA HOUSE,Cardiff,1
info@darlingbudsnursery.co.uk,Darling Buds Nursery,Cardiff,1
info@dfmcarehome.co.uk,Duffryn Ffrwd Manor LTD,Rhondda Cynon Taf,1
info@elementaladventures.org,Elemental Outdoor Play & Learning,Ceredigion,1
info@elliotshill.co.uk,Perrots Lodge,Pembrokeshire,1
info@fairfieldnh.co.uk,Fairfield nursing home ,Pembrokeshire,1
info@fairhaven-care.com,Fairhaven Care Home Ltd,Conwy,1
info@florencejustice.co.uk,Florence Justice Christian Home,Newport,1
info@footstepsdaynursery.co.uk,Footsteps Nursery,Caerphilly,1
info@futurestarscoaching.co.uk,Future Stars Coaching at Tongwynlais Primary School,Cardiff,1
info@galltfaenanhall.co.uk,Galltfaenan Hall,Denbighshire,1
info@glasllt-fawr.com,Glasallt Fawr Care Home,Carmarthenshire,1
info@glencoevilla.co.uk,Glencoe Villa,Conwy,1
info@go2play.co.uk,Radyr Scout Hall Breakfast & After School Club and The Old Church Rooms After School Club,Cardiff,2
info@gwernllwyncarehome.co.uk,Gwernllwyn Care Home,Carmarthenshire,1
info@haulfryn-care.co.uk,Haulfryn Care Limited,Flintshire,1
info@hermitagehome.co.uk,Hermitage House Care Home Limited,Powys,1
info@highgatedaynursery.co.uk,Highgate Day Nursery and Highgate Day Nursery - Morriston,Swansea,2
info@homefromhomechildrensdaynursery.co.uk,Home From Home Children`s Day Nursery Ltd,Rhondda Cynon Taf,1
info@horizonsupportservices.co.uk,Riverside House ,Swansea,1
info@innovate-trust.org.uk,Innovate Trust Respite Service(Short Stay Service),Cardiff,1
info@interplay.org.uk,Interplay @ Crug-Glas and Interplay @ The Play Hwb,Swansea,2
info@jac-y-do.co.uk,Meithrinfa Jac-Y-Do,Carmarthenshire,1
info@ladybirds-daynursery.co.uk,Ladybirds Day Nursery Limited,Cardiff,1
info@lcdp.org.uk,LCDP Explorers,Rhondda Cynon Taf,1
info@lighthouseresidentialhomes.co.uk,Beach House and 2 other services you run,Neath Port Talbot,3
info@lotsoftots.co.uk,Lots of Tots Day Nursery,Neath Port Talbot,1
info@mayflowercare.co.uk,Mayflower Care Home,Neath Port Talbot,1
info@meadowsnh.co.uk,Meadows Nursing Home,Pembrokeshire,1
info@meithrinfatyhapus.com,Meithrinfa Ty Hapus,Swansea,1
info@meithrinsocialcare.co.uk,Penrhiw Lodge,Swansea,1
info@nant-y-cwm.co.uk,Nant-y-Cwm Steiner School,Pembrokeshire,1
info@nestlingsforestschool.co.uk,Nestlings Forest School and Nursery,Wrexham,1
info@nestlingsnursery.co.uk,The Nest,Cardiff,1
info@noahsarknarberth.co.uk,Noah`s Ark Nursery,Pembrokeshire,1
info@noblefutureschildcare.co.uk,Brychan House,Merthyr Tydfil,1
info@norfolkhousenursery.co.uk,Norfolk House Nursery,Newport,1
info@oakleighhouseschool.co.uk,Oakleigh House School Out of Hours,Swansea,1
info@oceandaynursery.com,Ocean Day Care Nursery,Cardiff,1
info@opendoorfamilycentre.co.uk,Open Door Family Centre,Powys,1
info@pitterpatterdaynursery.co.uk,Pitter Patter After School Club and Pitter Patter Day Nursery Ltd,Swansea,2
info@plantos.co.uk,Plantos Limited,Cardiff,1
info@plasbod.co.uk,Plas Bod Llwyd,Wrexham,1
info@plasdwbl.rmt.org,CPD Llwyn Piod and CTE Towy Cottage,Pembrokeshire,2
info@plasgarnedd.co.uk,Plas Garnedd Pentraeth and Plas Garnedd Residential Home,Isle of Anglesey,2
info@potens-uk.com,Calon Celtaidd and Cartref Celtaidd,Neath Port Talbot,2
info@presteigneplaygroup.co.uk,Presteigne Little People,Powys,1
info@priory-house.org,Priory House Care Home,Pembrokeshire,1
info@rainbowreefdaycare.co.uk,Rainbow Reef Daycare,Pembrokeshire,1
info@rhoscyf.co.uk,Rhos Care Home,Isle of Anglesey,1
info@rozellenursinghome.co.uk,Rozelle Nursing Home,Monmouthshire,1
info@s4yc.co.uk,Penyffordd After School Club and 3 other services you run,Flintshire,4
info@silverspringssupport.co.uk,Hafan and Pips Lodge,Pembrokeshire,2
info@siwgrplwm.com,Meithrinfa Siwgr Plwm Cyf and Meithrinfa Siwgr Plwm Dwynwen,Isle of Anglesey,2
info@sparesidentialhome.co.uk,Spa Residential Home Ltd,Powys,1
info@stepaside.uk.com,Woodland View,Monmouthshire,1
info@steppingstones4schools.com,Stepping Stones 4 School Out of School & Holiday Club and 4 other services you run,Cardiff,5
info@sweet-p.co.uk,Sweet Pea Daycare,Cardiff,1
info@talbotcourtcare.co.uk,Talbot Court Care Home,Neath Port Talbot,1
info@teifitots.co.uk,Meithrinfa Teifi Tots Nursery,Carmarthenshire,1
info@theedennursery.co.uk,Eden Nursery,Blaenau Gwent,1
info@thegablesemi.co.uk,The Gables Care Home,Conwy,1
info@thelearningtreecardiff.co.uk,The Learning Tree,Cardiff,1
info@thelearningtreedaynursery.co.uk,The Learning Tree Day Nursery (Newport),Newport,1
info@thelilrascals.co.uk,The Lil Rascals - Magor Primary and The Lil Rascals at The Dell,Monmouthshire,2
info@thetreehousedaycare.co.uk,The Treehouse Daycare Maesteg Limited,Bridgend,1
info@thistlecourtcarehome.com,Thistle Court Nursing Home ,Torfaen,1
info@treforys-tinytots.co.uk,Treforys Tiny Tots Day Nursery,Swansea,1
info@trinitychildcare.wales,Trinity Childcare and Family Centre Ltd,Merthyr Tydfil,1
info@twtstywi.co.uk,Clwb Twts Tywi and Meithrinfa Twts Tywi Nursery,Carmarthenshire,2
info@tyceiros.com,A1 Care Services trading as Ty Ceirios Nursing Home,Torfaen,1
info@tyderwen.com,Elm House and Willow House,,2
info@tygofal.co.uk,Gwendraeth House and 2 other services you run,Carmarthenshire,3
info@tyteulu.co.uk,Ty Cysgu ,Bridgend,1
info@ucancare.com,Hillside and Mill House,Rhondda Cynon Taf,2
info@woodlandslimited.com,Woodlands Croeshowell Cottage and 4 other services you run,Wrexham,5
info@youngfoundations.com,Oaklea Grange,Flintshire,1
inspirations03@gmail.com,Gwynfa Lodge Residential Home and 2 other services you run,Gwynedd,3
jacob@bellavistanursinghome.com,Bellavista Nursing Homes (Wales)  Limited,Vale of Glamorgan,1
jade.hill@silverliningcare.co.uk,Ty Alban and Ty-Heddfan,Powys,2
jade@mentercaerdydd.cymru,Gofal,Cardiff,1
jake@sunsetwest.co.uk,Pembroke Haven and Woodfield Care Home (Nursing),Pembrokeshire,2
james.bradford@rosewoodhealthcaregroup.co.uk,Plas Y Bryn and Rhoslan Care Home,Conwy,2
james@stradeyparkcarehomes.co.uk,Stradey Park House,Carmarthenshire,1
jamie.smith@plasdwbl.rmt.org,Ty Morwydden,Pembrokeshire,1
jane.humphreys@clwydalyn.co.uk,Chirk Court,Wrexham,1
jane@floweringshrubs.co.uk,Flowering Shrubs Nursery Cyncoed and 2 other services you run,Cardiff,3
janegojane@aol.com,Canterbury House Residential Home Limited,Pembrokeshire,1
janesibanda@lubacare.onmicrosoft.com,Balmoral House,Newport,1
janet.lewis@lovett-care.com,Bradshaw Manor Care Home,Denbighshire,1
janet@sunsetwest.co.uk,Pen-coed Residential Care Home,Pembrokeshire,1
janeteagles@hotmail.co.uk,Claremont Court Care Home Ltd,Newport,1
jay.bailey@arc-care.co.uk,James House and The Attic,Swansea,2
jayne.saunders.rookery@gmail.com,The Baytrees and The Brambles,Pembrokeshire,2
jayne.wright@caiapark.org,Sparkles Day Nursery,Wrexham,1
jeanpierre@serensteps.co.uk,Morgans House,Caerphilly,1
jeffreystonplay@gmail.com,Jeffreyston Playstation,Pembrokeshire,1
jigsawpreschool@gmail.com,Jigsaw Preschool,Powys,1
jigsawwrexham@yahoo.com,Jigsaw Wrexham Ltd,Wrexham,1
jo21370@live.co.uk,Bumble Bees Playgroup,Denbighshire,1
joanna.mosses@mychoicehealthcare.co.uk,Towy Castle Care Home,Carmarthenshire,1
joanna@eriskaycare.co.uk,Eriskay,Monmouthshire,1
john.catlow@genesiscte.co.uk,Bryn y Mor,Pembrokeshire,1
johnstown@poblbach.co.uk,Pobl Bach Johnstown,Carmarthenshire,1
joiocasllwchwr@gmail.com,Joio Casllwchwr,Swansea,1
joiodaynursery@gmail.com,Meithrinfa Joio Day Nursery,Swansea,1
jolene@bryngwy.co.uk,Bryngwy,Powys,1
jonathan@ansacareconcept.co.uk,Plas Dyffryn Residential Home,Isle of Anglesey,1
jonese4067@hwbcymru.net,Golftyn After School Club,Flintshire,1
jp.hodgkinson@sicswales.co.uk,Griffin House and Tree Tops,Blaenau Gwent,2
js@libertyplacements.co.uk,Liberty House,Bridgend,1
jubileeplaygroup1@icloud.com,Jubilee Playgroup,Vale of Glamorgan,1
julie.counsell@ivolve.care,St Saviours Nursing Home,Cardiff,1
julie.mclaughlin@flourish.cymru,Gofal Plant Flourish Cymru Childcare,Rhondda Cynon Taf,1
julie@parallelcaresolutions.co.uk,Ty Efa,Flintshire,1
julieeverley@icloud.com,Clwb Enfys at Ysgol Glan Gele and 4 other services you run,Conwy,5
jumpingjacks2024@outlook.com,Jumping Jacks,Wrexham,1
k.goremdn@gmail.com,Little Gems,Monmouthshire,1
karen.gunning@cardiff.gov.uk,Severn Care Club,Cardiff,1
karen.price.sscare@hotmail.com,The Glynne Home and Ty Cerrig Care Home,Flintshire,2
karen.stanley@mha.org.uk,Coed Craig,Conwy,1
karen@theventure.wales,The Venture Wrexham Ltd,Wrexham,1
karencydasc@aol.com,Craig Y Don OSC,Conwy,1
karengregory@drive-wales.org.uk,Brynsadler Short Term Care,Rhondda Cynon Taf,1
katie@accurocare.co.uk,Maesglas Care Home,Wrexham,1
katiebrown@cch-uk.com,Newton Court,Swansea,1
kay@awelonhealthcare.com,Awelon Healthcare Parkview House ,Swansea,1
kayleigh.boswell@ivolve.care,Fieldbay Ty Newydd Ltd,Bridgend,1
kayode@gwyddfor.com,Gwyddfor Residential,Isle of Anglesey,1
kdix337@btinternet.com,Kelsterton under 5’s,Flintshire,1
kellie@sunsetwest.co.uk,Langton Hall Care Home,Pembrokeshire,1
kelly.homesofexcellence@mychoicehealthcare.co.uk,Luk-ros Bungalow and Victoria House,Caerphilly,2
kelly.lovell@wales.nhs.uk,Teddy Bear Nursery,Vale of Glamorgan,1
kelly@pebbles-daynursery.com,Pebbles Day Nursery Swansea,Swansea,1
kellywoodall@elidyrct.ac.uk,Victoria House Care Home ,Carmarthenshire,1
kerry.danygraig@mychoicehealthcare.co.uk,"Glamorgan Care Ltd, Danygraig House",Bridgend,1
kerry.wade@hanbury-care.com,Hanbury House and 2 other services you run,Torfaen,3
kerryplaygroup@gmail.com,Kerry Playgroup,Powys,1
kevin.jones@brynmarl.co.uk,Bryn Marl Nursing Home,Conwy,1
keyly.scott@bupa.com,Heol Don Care Home,Cardiff,1
kiddiesworld7@gmail.com,Kiddies World,Wrexham,1
kids@rbc.ac,Rhiwbina Baptist Church Nursery,Cardiff,1
kidzden1@hotmail.co.uk,Cylch Meithrin Treharris and Kidz Den Afterschool Club,Merthyr Tydfil,2
kierajay96@gmail.com,Cylch Meithrin Treboeth a Tirdeunaw,Swansea,1
kimleigh@aspris.com,Laurel Park and 2 other services you run,Wrexham,3
kirstie@blisscareservices.co.uk,Harmony House,Flintshire,1
kirsty.aitken@nurtureone.co.uk,Little Cross,Monmouthshire,1
kirsty@swn-y-gan.com,Swn-y-Gan,Swansea,1
kristin.oatley@keys-group.co.uk,Coed Duon,Caerphilly,1
kyle@progressus-care.com,Thistle Lodge,Neath Port Talbot,1
kylee@we-are-unique.care,Braich y Cwm,Denbighshire,1
l.jones@cynhenidcare.co.uk,Nantyr View,Wrexham,1
ladybirds.llanvihangel@hotmail.co.uk,Ladybirds at Llanvihangel Limited,Monmouthshire,1
ladybirds.olsm@hotmail.com,Ladybirds at OLSM,Monmouthshire,1
ladybirdschildcare123@gmail.com,Ladybirds Childcare,Caerphilly,1
laima@woffington.co.uk,Woffington House,Blaenau Gwent,1
lakesidedaynursery@btconnect.com,Lakeside Day Nursery,Swansea,1
langlandcare@gmail.com,Brynfield Manor  and The Newton Grange ,Swansea,2
laura.stevens@mccp.org.uk,Machynlleth Out of School Club,Powys,1
laura@we-are-unique.care,Ty'r Bont,Denbighshire,1
laurakate@we-are-unique.care,Oakcroft House,Wrexham,1
laybourne@nurt.co.uk,Laybourne House,Torfaen,1
leadoncourt@summerhillgroup.co.uk,Leadon Court Nursing Home,Torfaen,1
leah.mort@foxhunterscc.co.uk,Foxhunters Care Community,Monmouthshire,1
leanne.owen@plasdwbl.rmt.org,Ty'r Eithin Cottage and Tyr Garn,Carmarthenshire,2
leannedrane2019@gmail.com,Brambly Hill Day Nursery and Early Years Academy,Carmarthenshire,1
learn@littlehavennursery.co.uk,Little Haven Nursery - Park Road,Cardiff,1
lee.bates@carewithoutcompromise.org.uk,Bwthyn Talbot and 4 other services you run,Carmarthenshire,5
lee@progressus-care.com,Hill Top,Carmarthenshire,1
leestingemore@positifcare.co.uk,Ty-Mawr,Blaenau Gwent,1
legalandcompliancehelpdesk@priorygroup.com,Redlands,Newport,1
leighan.davies@valeresort.com,The Vale Nursery & Creche,Vale of Glamorgan,1
leonsingh@lyndellhouse.com,Lyndell House Limited,Swansea,1
lesley@playtimextra.com,Playtimextra (Breakfast and After School Club),Cardiff,1
lestousgrands@gmail.com,Les Tous Childcare,Vale of Glamorgan,1
lexhamgreen@gmail.com,Lexham Green Care Home,Flintshire,1
lffpgroup@aol.com,Llanfairfechan Playgroup,Conwy,1
liamgeorge23@aol.com,Claremont Care Home,Bridgend,1
libby.leyshon@bridgend.gov.uk,North Cornelly Playgroup Association,Bridgend,1
lighthouse.nursery@thornhillchurch.org.uk,Lighthouse Nursery,Cardiff,1
lilangelsdaynursery@hotmail.com,Li'l Angels Day Nursery and Pre school,Flintshire,1
liliwenfach-nursery@outlook.com,Meithrinfa Liliwenfach,Carmarthenshire,1
linda.platt@theventure.wales,The Venture,Wrexham,1
linda.waterston@ivolve.care,Pen  Y Bont Court,Bridgend,1
linda@harbourchildrensservices.co.uk,Ty Mesen,Denbighshire,1
lis.bielak@ivolve.care,Cwm Gwendraeth,Carmarthenshire,1
lisa@caramgroup.co.uk,Pen -Y- Bont Care Home,Blaenau Gwent,1
lisa@chuckles.wales,Chuckles Day Care Wales Ltd,Newport,1
lisa@deganwyplaygroup.co.uk,Deganwy Playgroup,Conwy,1
lisa@holliesnursery.co.uk,The Hollies Daycare Nursery,Cardiff,1
littleacorn.mesbach@gmail.com,Little Acorns - Mes Bach,Carmarthenshire,1
littleacornsdaynurseryswansea@aol.co.uk,Acorn Nursery Ltd trading as Little Acorns Day Nursery,Swansea,1
littleacornsltd@outlook.com,Little Acorns Day Care Ltd and Little Acorns Ruthin,Denbighshire,2
littleacornspembs@gmail.com,Little Acorns Playgroup,Pembrokeshire,1
littleacornswelshpool@gmail.com,Little Acorns Day Nursery,Powys,1
littlebutterflies123@outlook.com,Little Butterflies,Cardiff,1
littlechicksnurseryplus@outlook.com,Little Chicks Nursery Plus,Wrexham,1
littleexplorerscardiff@outlook.com,Little Explorers and Little Explorers at the Park,Cardiff,2
littleexplorerspre-school@outlook.com,Little Explorers Pre-school,Denbighshire,1
littlefootstepsnursery@hotmail.com,Little Footsteps nursery at Blakedown house,Bridgend,1
littlefriends123@hotmail.com,Little Friends Nursery,Rhondda Cynon Taf,1
littleheroesnursery@gmail.com,Little Heroes Nursery Ltd and Mini Heroes Ltd,Powys,2
littlelearnersnursery1@outlook.com,Little Learners- Pantysgallog,Merthyr Tydfil,1
littlemoons.preschool@gmail.com,Little Moons Bilingual Pre School,Caerphilly,1
littlepeopleoakfield@gmail.com,Little people@Oakfield,Cardiff,1
littlerascalspreschool@live.co.uk,Little Rascals Pre-School,Merthyr Tydfil,1
littlescholars@activechildcare.co.uk,Little Scholars Nursery,Wrexham,1
littlescholarsnursery@cardiff.ac.uk,Cardiff University Little Scholars Nursery,Cardiff,1
littlesparks@llangattock.powys.sch.uk,Little Sparks,Powys,1
littlesproutsneath@gmail.com,Little Sprouts Day Nursery,Neath Port Talbot,1
littlestarscaldicot@outlook.com,Little Stars Under 5's,Monmouthshire,1
littlestarsdeesideltd@googlemail.com,Little Stars (Deeside) Ltd,Flintshire,1
littlestarsnurseryebbwfawr@gmail.com,Little Stars Nursery and Little Stars Nursery Ebbw Fawr Ltd,Blaenau Gwent,2
littlesunbeamsplaygroup@hotmail.co.uk,Little Sunbeams Playgroup,Torfaen,1
littlesunflowersplasmadoc@outlook.com,Little Sunflowers - LSCC,Wrexham,1
littleteddyplaygroup@gmail.com,Little Teddy Playgroup,Blaenau Gwent,1
littleunicornsdaycare@gmail.com,Little Unicorns Daycare,Caerphilly,1
liz@the-childrens-room.co.uk,The Childrens Room,Swansea,1
llanarth.cylch@outlook.com,Cylch Meithrin Llanarth,Ceredigion,1
llandaffhousemanager@aol.com,Llandaff House Care Home,Carmarthenshire,1
llandrindod.enquiries@cartrefi.coop,Churchstoke Short Stay,Powys,1
llandudnojunctionplaygroup@gmail.com,Llandudno Junction Playgroup,Conwy,1
llanfair@valeplay.co.uk,Vale Play Limited,Vale of Glamorgan,1
llanfechan@robertshomes.co.uk,Llangollen Fechan,Denbighshire,1
llanfoist@tinytots.biz,Tiny Tots Premier Childcare Services Ltd,Monmouthshire,1
llanfyllinpp@gmail.com,Llanfyllin Preschool Playgroup,Powys,1
llangunnor@poblbach.co.uk,Pobl Bach Early Learning Centre,Carmarthenshire,1
llangunnor@poblbachco.uk,Pobl Bach LTD,Carmarthenshire,1
llangynidrpreschool@outlook.com,Llangynidr Pre-School,Powys,1
llanhall@robertshomes.co.uk,Llanrhaeadr Hall,Denbighshire,1
llanishen@appletreenurseries.co.uk,Appletree Nursery,Cardiff,1
llanoverdaynursery@outlook.com,Llanover Day Nursery and Llanover little ones,Monmouthshire,2
llanyrafonplaygroup@outlook.com,Llanyrafon Nursery,Torfaen,1
lloydj61@hwbcymru.net,"Victoria Gems, Jewels and Treasures",Wrexham,1
llwyndyryshome@aol.com,Llwyndyrys Residential Home,Ceredigion,1
llymcylchcommittee@gmail.com,Cylch yn yr Ysgol,Powys,1
llysfechan123@gmail.com,Llys Fechan Care Home,Carmarthenshire,1
llysgwyn1@btconnect.com,Llys Gwyn House Limited,Swansea,1
llyswencheekymonkeys.trst@gmail.com,Llyswen Cheeky Monkeys Out of School Club,Powys,1
llysytywysog.gm@barchester.com,Llys y Tywysog Care Home,Swansea,1
lollipopsdaycare@hotmail.com,Lollipops daycare,Caerphilly,1
londonhouse@astoncarehomes.co.uk,London House,Swansea,1
lotsoftots@canolfanmaerdy.co.uk,Lots of Tots (Canolfan Maerdy),Neath Port Talbot,1
louise@milsomhouse.co.uk,Milsom House,Vale of Glamorgan,1
louise@oaklandsemail.co.uk,The Oaklands Residential Home,Bridgend,1
louisedwyer@westbourneschool.com,Little Westbourne Nursery,Vale of Glamorgan,1
lucyevans@positifcare.co.uk,Plas Aneurin and Ynys Hywel,Blaenau Gwent,2
lukie@foelfarm.uk,Foel Farm Care Home,Carmarthenshire,1
lullabysdaynursery@gmail.com,Lullaby's Day Nursery and Lullaby's Pre-School,Neath Port Talbot,2
lydia@noblefutureschildcare.co.uk,Ty Hywel,Rhondda Cynon Taf,1
lynda.rosselli@communitylives.org,22 Tal y Wern and 2 other services you run,Neath Port Talbot,3
lyndsey@oldvicaragenursinghome.com,The Old Vicarage Private Nursing Home,Swansea,1
lyrd5@hwbcymru.net,Ysgol Llandrillo yn Rhos daycare,Conwy,1
m.lane@valeofclwydmind.org.uk,Y Gelli,Denbighshire,1
m.pietrus@larche.org.uk,Glasfryn (L'Arche),Powys,1
magnoliahouse1@outlook.com,Magnolia House Residential Home LTD,Wrexham,1
mailbox@acrefair-pri.wrexham.sch.uk,Ysgol Acrefair After School Club (Diddy Dragons),Wrexham,1
mailbox@barkerslane-pri.wrexham.sch.uk,Barker's Lane Wraparound Care Club,Wrexham,1
mailbox@brynteg-pri.wrexham.sch.uk,Brynteg Tigers Out of Hours School Club,Wrexham,1
mailbox@hooson-pri.wrexham.sch.uk,Cylch Meithrin ID Hooson,Wrexham,1
mailbox@maesyllan-pri.wrexham.sch.uk,Little Dragons’ Den,Wrexham,1
mailbox@penrhyn-pri.wrexham.sch.uk,New Broughton Full Day Child Care,Wrexham,1
mailbox@penycae-pri.wrexham.sch.uk,Penycae Childcare,Wrexham,1
mailbox@ywaun-pri.wrexham.sch.uk,Rainbows Afterschool Club,Wrexham,1
maldwyn_nursery@outlook.com,Maldwyn Nursery & Family Centre,Powys,1
malpasroad@tinytots.biz,Tiny Tots Day Care Nursery - Malpas,Newport,1
management@beachcourtcare.co.uk,Beach Court Care Home,Denbighshire,1
management@cantrefcarehome.com,Cantref Care Home,Monmouthshire,1
management@castlegraig.com,Castle Graig Nursing Home,Swansea,1
management@cwmaman.care,Cwmaman Care Home,Rhondda Cynon Taf,1
management@hengoedcourt.co.uk,Hengoed Court Care Home and Hengoed Park Care Home,Swansea,2
manager.active8@keys-group.co.uk,Active 8,Isle of Anglesey,1
manager.arthog@keys-group.co.uk,Arthog,Gwynedd,1
manager.cottage@rosewoodhealthcaregroup.co.uk,The Cottage Care Home,Flintshire,1
manager.erwhir@gmail.com,Erwhir Care Home,Carmarthenshire,1
manager.fwn@fairways.org.uk,Fairways Newydd Nursing and Dementia Care Centre,Isle of Anglesey,1
manager.graigllwyn@keys-group.co.uk,Graig Llwyn House,Cardiff,1
manager.isgoed@keys-group.co.uk,Isgoed,Cardiff,1
manager.maesyrhaf@keys-group.co.uk,Maes Yr Haf,Vale of Glamorgan,1
manager.manorleigh@gmail.com,Spring Meadows (Care) Ltd,Swansea,1
manager.manorlodge@accomplish-group.co.uk,Manor Lodge,Newport,1
manager.medway@keys-group.co.uk,Medway,Wrexham,1
manager.mountainview@keys-group.co.uk,Mountain View,Rhondda Cynon Taf,1
manager.nantview@keys-group.co.uk,Nant View,Rhondda Cynon Taf,1
manager.phoenixhouse@keys-group.co.uk,Phoenix House,Merthyr Tydfil,1
manager.pinehurstrest@gmail.com,Pinehurst Rest Home Limited,Bridgend,1
manager.plasisaf@rosewoodhealthcaregroup.co.uk,Plas Isaf Care Home,Conwy,1
manager.pvch@gmail.com,EMJ & GP Ltd TA Park View Care Home,Neath Port Talbot,1
manager.sterlingbach@keys-group.co.uk,Sterling Bach,Powys,1
manager.tynewydd@accomplish-group.co.uk,Ty Newydd,Newport,1
manager.wellfield@pearlcare.co.uk,Wellfield Rest Home,Flintshire,1
manager.westhaven@gmail.com,Westhaven Nursing Home,Conwy,1
manager.whitehouse@accomplish-group.co.uk,The White House,Bridgend,1
manager.woodsideelms@accomplish-group.co.uk,Woodside & Elms,Newport,1
manager@abigailsdaynursery.co.uk,Abigail's Day Nursery,Caerphilly,1
manager@afongoch.co.uk,Afon Goch,Gwynedd,1
manager@aspenhousecarehome.co.uk,Aspen House Care Home,Rhondda Cynon Taf,1
manager@baltimorecarehome.com,Baltimore Care Ltd,Vale of Glamorgan,1
manager@bargoedcare.co.uk,Bargoed Care Home,Caerphilly,1
manager@bellavistanursinghome.com,Bellavista Care Cardiff Limited,Cardiff,1
manager@bistrecarehome.co.uk,Bistre Nursing Home,Flintshire,1
manager@brightsidemanor.org.uk,Brightside Manor,Cardiff,1
manager@bryneithin.com,Bryn Eithin Residential Care Ltd,Conwy,1
manager@cabanaur.co.uk,Caban Aur,Isle of Anglesey,1
manager@campioncare.co.uk,Campion Gardens Care Home,Swansea,1
manager@castlecourt.co.uk,Castle Court Residential Home,Monmouthshire,1
manager@chestnuthousecarehome.co.uk,Chestnut House Care Home,Flintshire,1
manager@childsplaynursery.net,ChildsPlay Private Nursery,Newport,1
manager@fairfieldhousecarehome.co.uk,Fairfield House Care Home,Rhondda Cynon Taf,1
manager@glanenigcarehome.com,Glanenig Residential Care Home,Powys,1
manager@glasfrynhouse.co.uk,Glasfryn House Limited,Swansea,1
manager@heathfields.uk,Heathfields Residential Home,Bridgend,1
manager@oldconventnursinghome.com,"Colwyn Bay Old Convent Nursing Home, Ltd",Conwy,1
manager@oremview.co.uk,Orme View Dementia Care,Conwy,1
manager@ormeview.co.uk,Orme View Residential Care,Conwy,1
manager@parkside-residential.co.uk,Parkside House Residential Home,Vale of Glamorgan,1
manager@penrhoscarehome.com,Penrhos Care Home Ltd,Rhondda Cynon Taf,1
manager@phoenixhouse-sandycroft.co.uk,Phoenix House,Flintshire,1
manager@plaseleri.co.uk,Plas Eleri Nursing Home Denbigh Care Group Ltd,Denbighshire,1
manager@resicare.co.uk,Cerrig yr Afon nursing home,Gwynedd,1
manager@rosegardendaynursery.co.uk,The Rose Garden Day Nursery,Swansea,1
manager@southernhouse.co.uk,Southern House Nursing Home,Conwy,1
manager@stannescare.co.uk,St Anne's Nursing Home,Monmouthshire,1
manager@stowpark.co.uk,Stow Park Nursing Home,Newport,1
manager@sunnybanknursery.co.uk,Sunnybank Childrens Nursery Limited,Newport,1
manager@themountdaynursery.com,The Mount Day Nursery,Denbighshire,1
manager@theoaksresidentialhome.com,The Oaks Residential Home,Newport,1
manager@tiddlywinkscyf.org,Tyfu gyda Tiddlywinks,Neath Port Talbot,1
manager@tyllandaffcare.com,Ty Llandaff Care Home,Cardiff,1
manager@tymawr-carehome.co.uk,Ty Mawr Care Home,Powys,1
manager@tynantcarehome.com,Ty Nant Care Home,Neath Port Talbot,1
manager@waterviewcare.co.uk,Neyland House Care Home,Pembrokeshire,1
manager@waverleycarecentre.com,The Waverley Care Centre,Vale of Glamorgan,1
manager@weprevilla.co.uk,Wepre Villa Homes Ltd,Flintshire,1
manager@whitehousewxm.co.uk,White House Residential Home,Wrexham,1
manager@wynnecrest.co.uk,Wynne Crest Care Home,Conwy,1
manager@ypelican.co.uk,Meithrinfa Y Pelican Cyf,Cardiff,1
manageraym@ashberry.net,Allt Y Mynydd,Carmarthenshire,1
managerblaenoshouse@ashberry.net,Blaenos House Care Home,Carmarthenshire,1
managerlittleacorns@gmail.com,Little Acorns,Powys,1
managertypentwyn@outlook.com,Ty Pentwyn Care Home,Rhondda Cynon Taf,1
mandypilcher@mccp.org.uk,Machynlleth Nursery,Powys,1
maple.house@arbourhealthcare.co.uk,Maple House,Wrexham,1
maplelodge@salus.wales,Maple Lodge,Swansea,1
marbrynresidentialhome@gmail.com,Marbryn Residential Home,Gwynedd,1
margaretbarnardtrust@gmail.com,The Margaret Barnard Playgroup Association,Gwynedd,1
marinecourt21@gmail.com,Marine Court Psychiatric Unit Limited,Conwy,1
marion@eraliving.co.uk,Cefn Manor,Carmarthenshire,1
mark.lazarus@brighterfuturescymru.com,Lle Hyfryd,Powys,1
mark@virgocarehomes.com,Thomas Gabrielle General Nursing & Dementia Residential Home ,Torfaen,1
markbevanr@aol.com,Bevans House and Caseys Lodge,Neath Port Talbot,2
matherndaynursery@btconnect.com,Caerwent Day Nursery and Mathern Day Nursery,Monmouthshire,2
matthew.penpraze@serendipitycare.com,Bellwave House,Bridgend,1
matthew.thomas@achievetogether.co.uk,Options Llys-y-Delyn and Ty Golff,Denbighshire,2
maxine@pellserve.com,Mayfield Care Home,Newport,1
mayflower@newportcarehomes.com,Mayflower Care Home,Torfaen,1
mazhar.ali@wellcomecarehomes.com,Blaendyffryn Hall Nursing Home and Trycelyn Court,Ceredigion,2
mcbridec1@hwbcymru.net,AllStars,Wrexham,1
mctnursery@yahoo.co.uk,Meithrinfa Chwarae Teg Nursery Abergele,Conwy,1
mdd@dyffrynyglowyr.powys.sch.uk,Meithrinfa Dechrau Disglair,Powys,1
meadowbankdaynursery@gmail.com,Meadowbank Day Nursery,Monmouthshire,1
megangwyer@enfyscare.co.uk,Garth View,Rhondda Cynon Taf,1
meifodmanager@hotmail.com,Meifod & Vicarage Court,Wrexham,1
meithrin.mynyddygarreg@outlook.com,Cylch Meithrin Mynyddygarreg,Carmarthenshire,1
meithrin@gmail.com,Cylch Meithrin y Drenewydd,Powys,1
meithrincarwe@gmail.com,Cylch Meithrin Carwe cio,Carmarthenshire,1
meithrinch@icloud.com,Cylch Meithrin Carreg Hirfaen CIO,Carmarthenshire,1
meithrinderibach@gmail.com,Cylch Meithrin Deri Bach,Ceredigion,1
meithrinfa-liliwenfach-nursery@hotmail.com,Meithrinfa Liliwenfach Nursery,Carmarthenshire,1
meithrinfa.twtlol@outlook.com,Meithrinfa Twt Lol and Meithrinfa Twt Lol Bach CYF,Conwy,2
meithrinfa@serenfach.cymru,Meithrinfa Seren Fach,Gwynedd,1
meithrinfablagur@outlook.com,Meithrinfa Blagur Cyf,Gwynedd,1
meithrinfapontnewydd@aol.com,Meithrinfa Pontnewydd,Torfaen,1
meithrinfaseren@yahoo.com,Clwb Seren and Meithrinfa Seren Day Nursery,Carmarthenshire,2
meithrinffairfach@gmail.com,Cylch Meithrin Ffairfach,Carmarthenshire,1
meithrinllangyndeyrn@hotmail.com,Cylch Meithrin Y Fro,Carmarthenshire,1
meithrinllansawel@gmail.com,Cylch Meithrin Llansawel,Carmarthenshire,1
meithrinmwy123@outlook.com,Meithrin Mwy Plas Coch,Wrexham,1
meithrinnantgaredigarfro@gmail.com,Cylch Meithrin Nantgaredig a'r Fro,Carmarthenshire,1
meithrinpenparc@gmail.com,Cylch Meithrin Penparc,Ceredigion,1
meithrinpentre@hotmail.com,Cylch Meithrin Pentrefoelas,Conwy,1
meithrinpentrebach@hotmail.com,Cylch Meithrin Pentre Bach,Merthyr Tydfil,1
meithrinponthenri@icloud.com,Cylch Meithrin Ponthenri,Carmarthenshire,1
melanie.heaher@orbis-group.co.uk,Ty Seren,Swansea,1
melhouse2224@gmail.com,Melbourne House Care Home ,Carmarthenshire,1
melinchildcare@gmail.com,Melin Childcare,Neath Port Talbot,1
melinplaygroup@gmail.com,Melin Flying Start,Neath Port Talbot,1
mererid.morgan929@btinternet.com,Clwb y Ddwylan,Carmarthenshire,1
merllynchildcarebagillt@gmail.com,Merllyn Childcare,Flintshire,1
merthyr@jah-jireh.org,Jah Jireh Charity Homes (Wales),Merthyr Tydfil,1
messymonsters@ggca.org.uk,Messy Monsters Day Nursery,Rhondda Cynon Taf,1
mhfelin23@outlook.com,Meithrinfa Hen Felin,Gwynedd,1
michael.shirley@hafansaff.co.uk,Aberogwen Farmhouse,Vale of Glamorgan,1
michael@parallelcaresolutions.co.uk,The Grange,Flintshire,1
michelle@crownhousedaynursery.com,Crown House Day Nursery,Cardiff,1
mightyoaks23@hotmail.com,Mighty Oaks Blackwood,Caerphilly,1
mike.ore@cambiangroup.com,Burfa House and Hanter House,Powys,2
mike@ffynnone.co.uk,Ffynnone Care Home,Carmarthenshire,1
mikinda.hawkins@alchemy-care.co.uk,Harbour House,Pembrokeshire,1
milbrookhome@gmail.com,Millbrook Care Home Ltd,Caerphilly,1
milford@happydayschildcare.co.uk,Happy Days Child Care Centre,Pembrokeshire,1
millchildcarectr@aol.com,The Mill Child Care Centre Ltd,Denbighshire,1
millheath@summerhillgroup.co.uk,Millheath Nursing Home,Newport,1
millview@silvercrestcare.co.uk,Millview Care Home,Rhondda Cynon Taf,1
min.zaman@genesiscte.co.uk,Min Zaman,Pembrokeshire,1
minerva@omegalife.uk,Minerva House,Wrexham,1
mini.miners.hall@gmail.com,Mini Miners Hall,Caerphilly,1
miniacornsrct@gmail.com,Mini Acorns Ltd,Rhondda Cynon Taf,1
minimenursery@aol.com,Mini Me Private Day Nursery,Newport,1
miniminersclub@gmail.com,Mini Miners Centre and Mini Miners Club,Caerphilly,2
miranda.knight@cardiffsteiner.org.uk,Cardiff Steiner School Early Years and Wraparound Care,Cardiff,1
mirela.matei@bankhousecare.com,Bankhouse Care Home,Blaenau Gwent,1
mirimawr@meithrinfa.com,Miri Mawr Nursery,Cardiff,1
mirimorswyn@gmail.com,Miri Morswyn (Gofal Dydd Llawn),Isle of Anglesey,1
mishaelcarehome@aol.co.uk,Woodside House Residential Home,Neath Port Talbot,1
miss-helen-williams@hotmail.com,Markham Playgroup,Caerphilly,1
mochdreplaygroup@hotmail.com,Mochdre Playgroup,Conwy,1
monica.jeff@mencap.org.uk,Mencap Cymru Respite Service Bryn Siriol,Ceredigion,1
monica@coedisaf.co.uk,Coed Isaf Nursing Home,Conwy,1
monmouthnursery@btconnect.com,Monmouth Day Nursery,Monmouthshire,1
montrose35a@hotmail.co.uk,Montrose Residential Home,Pembrokeshire,1
montrosehouse@innovative-care.co.uk,Montrose House,Swansea,1
moorcroftcare@gmail.com,Moorcroft Residential Care Home,Conwy,1
morgan@cartreficwtchltd.co.uk,Crown Lodge,Caerphilly,1
morgana@silvercrestcare.co.uk,Morgana Court and Lodge,Bridgend,1
moriahplaygroup@hotmail.com,Moriah Baptist Church Pre-School/Playgroup,Caerphilly,1
morrisk111@hwbcymru.net,Pembroke Dock Community School,Pembrokeshire,1
morrismousedaynursery@msn.com,Morris Mouse Day Nursery Ltd,Swansea,1
mothergoosepenley@gmail.com,Mother Goose Nursery,Wrexham,1
mounteveswell@priorygroup.com,Priory Mount Eveswell,Newport,1
mountpleasantplaygroup@gmail.com,Mount Pleasant Playgroup,Vale of Glamorgan,1
mrk@alastairhouse.com,Alastair House,Conwy,1
mrkhan.highfields@yahoo.co.uk,Highfields Nursing Home,Caerphilly,1
mrspuddleducks@yahoo.co.uk,Mrs Puddleducks Day Nursery,Blaenau Gwent,1
munchkinsllanbedrcoms@gmail.com,Munchkins @ Ysgol Llanbedr,Denbighshire,1
mundy_c@sky.com,Mini Me's Person Bach Fel Fi Ltd,Blaenau Gwent,1
n777kyf@icloud.com,Dan-y-Bryn Care Home,Vale of Glamorgan,1
naomi@penrhiwnursery.co.uk,Penrhiw Nursery,Caerphilly,1
naomi@salus.wales,Woodlands Terrace,Swansea,1
natalie.fletcher@qewc.co.uk,Oakhurst,Wrexham,1
natalie.glyncornel@mychoicehealthcare.co.uk,Glyncornel Nursing Home,Rhondda Cynon Taf,1
natalie.jenkins@oxfordcarehomes.co.uk,Cefn Lodge Care Home,Neath Port Talbot,1
natgbsn@yahoo.co.uk,Orchard House Residential Care Home,Vale of Glamorgan,1
nathangreenwood@aspriscs.co.uk,Penygaer,Carmarthenshire,1
nathanthomas@enfyscare.co.uk,Usk View,Newport,1
nature@xplorescience.co.uk,Xplore! Nature Holiday Club,Flintshire,1
neena@amayacarehomes.co.uk,Bryn Celyn Care Home and Capel Grange Care Home,Bridgend,2
neil.edwards@parchouse.wales,Ty Parc,Caerphilly,1
newbeginningsrct@yahoo.co.uk,New Beginnings (Rhondda) Ltd,Rhondda Cynon Taf,1
newcombeellen2@gmail.com,Safe hands Respite Hotel,Denbighshire,1
newcranford@outlook.com,New Cranford EMI Care Home,Conwy,1
newryjuniors@btinternet.com,Newry Juniors and Newry Juniors @ St Marys,Isle of Anglesey,2
newtoncare@hotmail.com,Newton Care Home,Bridgend,1
nia.golding14@gmail.com,Eithinog Nursing Home,Conwy,1
niaharwood@tygwynmawr.co.uk,Ty Gwyn Mawr,Swansea,1
nic@bellevuenursery.co.uk,Belle Vue Nursery Ltd,Torfaen,1
nickie@saplings4kids.co.uk,Saplings Children`s Nursery,Wrexham,1
nicola.tummon@how.gdst.net,Howells Prep School,Cardiff,1
nigel@prideincare.com,Pride in Care ltd Glandovery house and St Mathews Residential Home,Blaenau Gwent,2
nightingalespreschool@gmail.com,Nightingales Pre School,Vale of Glamorgan,1
nikki@williamston.org.uk,Williamston Nursing Home,Pembrokeshire,1
nirmala.simkhada@tyvictoria.co.uk,Ty Victoria Nursing Homes ,Swansea,1
norma.stride@btconnect.com,Plas Madryn Residential Home,Gwynedd,1
normancarol481@gmail.com,Machen After School Club,Caerphilly,1
nu5pg@outlook.com,Nannerch Under Fives,Flintshire,1
nursery.manager@btrt.co.uk,Hill Tots House Nursery,Wrexham,1
nursery.manager@gdt.org.uk,Trusting Hands Day Nursery,Swansea,1
nursery.manager@rdcs.org.uk,Rhayader Community Day Nursery,Powys,1
nursery@doveworkshop.co.uk,Dovecote Day Nursery,Neath Port Talbot,1
nursery@hopenewtown.org,Hope Day Nursery,Powys,1
nursery@littlecherubs-nursery.co.uk,Little Cherubs Day Nursery,Cardiff,1
nursery@myrtlehouse.org.uk,Myrtle House Day Nursery,Carmarthenshire,1
nursery@redhillprepschool.co.uk,Redhill Montessori Nursery,Pembrokeshire,1
nursery@serenfach.co.uk,Seren Fach Nursery,Torfaen,1
nursery@swansea-union.co.uk,Swansea Students' Union,Swansea,1
nurseryrhymes1@hotmail.co.uk,Nursery Rhymes Playgroup,Merthyr Tydfil,1
oak.house@arbourhealthcare.co.uk,Oak House,Wrexham,1
oakleymanager@positivelifestylesporthcawl.com,Oakley House,Bridgend,1
oaks@shinecymru.co.uk,The Oaks Respite Services,Neath Port Talbot,1
oaksdaynursery1@gmail.com,The Oaks Day Nursery,Flintshire,1
oaktreecc@aol.com,Oaktree Childcare Centre,Flintshire,1
office.serbach@gmail.com,Meithrinfa Ser Bach Cyf,Isle of Anglesey,1
office@ahcare.co.uk,Hillstone House,Vale of Glamorgan,1
office@brogabach.co.uk,Broga Bach Day Nursery,Caerphilly,1
office@churchmanorcarehome.co.uk,Church Manor Care Home,Conwy,1
office@daisychainsprestatyn.co.uk,Daisy Chains Nursery,Denbighshire,1
office@kinmel-lodge.co.uk,Kinmel Lodge,Conwy,1
office@kinnertonlittleacorns.co.uk,Kinnerton Little Acorns,Flintshire,1
office@littlediscipleschildcare.org,Little Disciples Nursery Plus and Little Disciples Out of School & Holiday Club,Flintshire,2
office@llanfaes.powys.sch.uk,Llanfaes Little Steps - Llanfaes Camau Bach,Powys,1
office@llanganschool.org.uk,Llangan Childcare,Vale of Glamorgan,1
office@lynnefield.com,Lynnefield care home,Pembrokeshire,1
office@meifodpreschool.co.uk,Meifod Pre-school,Powys,1
office@mhrh.co.uk,Monkstone House,Bridgend,1
office@noahsarkchildcare.info,Noah`s Ark Childcare Limited,Swansea,1
office@redhillprepschool.co.uk,Redhill Holiday Club,Pembrokeshire,1
office@stdavidscwprimaryschool.co.uk,Colwinston Childcare,Vale of Glamorgan,1
office@stepbystepchildcare.uk,Step By Step Llanrumney Hall,Cardiff,1
office@sunraydaycare.co.uk,Sunray Day Care Ltd,Flintshire,1
office@toadhallmontessorinurseries.co.uk,Toadhall Montessori Out of School Academy,Cardiff,1
office@welshpool.powys.sch.uk,Happitots and Tinytots,Powys,1
ojrocksfunclub@gmail.com,O.J. Rocks Fun Club,Flintshire,1
olawilaw@hotmail.com,Meithrinfa o law i law and O law i law,Gwynedd,2
oliver.greenwood@llanerchrugoghall.co.uk,Llanerchrugog Hall,Wrexham,1
olwen@tenderlovingcare.org.uk,Chaseley House Residential home,Conwy,1
orchardnurserypenarth@outlook.com,Orchard Day Nursery Penarth Ltd,Vale of Glamorgan,1
ouattonna@gmail.com,Once Upon a Time Childcare Ltd,Neath Port Talbot,1
overtonplaygroup@yahoo.co.uk,Overton Playcentre and St Marys Out of School Club,Wrexham,2
owene392@hwbcymru.net,Treasure Chest,Wrexham,1
paddy@grangeresidentialcare.co.uk,Grange Residential Care Limited,Denbighshire,1
palsplaycare@gmail.com,Pals 2015,Cardiff,1
palsplaygroup@aol.com,PALS Childcare Bryncoch,Neath Port Talbot,1
panteg@orielhealthcaregroup.com,Panteg Nursing Home,Torfaen,1
parcymoch@gmail.com,Forest school,Gwynedd,1
parkland.school@swansea-edunet.gov.uk,Oaktree Nursery at Parkland Primary,Swansea,1
paul.fermandel@ivolve.care,Yr Ysgol Ltd,Powys,1
paul.wilkinson@alliancecare.org.uk,Blenheim and Norcot,Denbighshire,2
paula.heath@clwydalyn.co.uk,Llys Marchan,Denbighshire,1
paulaevans@cygnethealth.co.uk,Ty Alarch,Merthyr Tydfil,1
paulaharris@duffryncomlink.org.uk,Rabbit Hill Daycare,Newport,1
pembrokehouseandlodge@aol.com,Pembroke House Nursing Home and Pembroke Lodge Nursing Home,Conwy,2
penarlagholidayclub@outlook.com,Penarlag Wrap Around Care and Holiday Club,Flintshire,1
pencoedmeithrin@yahoo.com,Cylch Meithrin Pencoed,Bridgend,1
penderynplayscheme@hotmail.com,Penderyn Sports and Social Association Playscheme,Rhondda Cynon Taf,1
pendoylanps@pendoylan.com,Pendoylan Childcare,Vale of Glamorgan,1
penguindaycare2022@gmail.com,Penguin Daycare,Flintshire,1
penleychildrenclub@gmail.com,Penley Children Club,Wrexham,1
penllergaer.primary@swansea-edunet.gov.uk,Penllergaer Wraparound,Swansea,1
pentrebaen@cwtchchildcare.co.uk,Gofal Plant Cwtch Childcare  Pentrebaen,Cardiff,1
pentreuchafcylchmeithrin@gmail.com,Cylch Meithrin Pentreuchaf,Gwynedd,1
penygraigres@hotmail.co.uk,Pen Y Graig,Isle of Anglesey,1
penylan.enquiries@hallmarkcarehomes.co.uk,Hallmark Penylan House Luxury Care Home,Cardiff,1
penylanhotel@aol.com,The Penylan Residential Hotel,Cardiff,1
pete@edeneducationcentre.org,Eden Nursery Newbridge,Caerphilly,1
peterd@mirus-wales.org.uk,Pantbach Avenue Residential Respite Service and Partridge Road Residential Respite Service,Cardiff,2
peternorris@nextgenpathways.co.uk,St Martin's,Blaenau Gwent,1
peterpan@shap.org.uk,Peter Pan Nursery,Wrexham,1
pfchildcare5@hwbcymru.net,Pen-y-ffordd and Fynnongroyw childcare,Flintshire,1
plantmeithrindrefach@gmail.com,Cylch Meithrin Drefach Felindre,Carmarthenshire,1
plantynant2025@gmail.com,Cylch Meithrin Penygroes,Gwynedd,1
plas.newydd@btconnect.com,Plasnewydd Residential Home,Merthyr Tydfil,1
plas_gwyn@outlook.com,Plas Gwyn Care Home,Ceredigion,1
plascwmcynfelin88@gmail.com,Plas Cwmcynfelin Ltd,Ceredigion,1
plasderwen@yahoo.co.uk,Plas Derwen Nursing Home,Flintshire,1
plasgwynnursinghome@gmail.com,Plas Gwyn Nursing Home,Denbighshire,1
plasnewyddcareltd@gmail.com,Brynhyfryd House Nursing Home and 3 other services you run,Swansea,4
plasydderwen.gm@barchester.com,Plas y Dderwen Care Home,Carmarthenshire,1
playgroup@christchurchunitedcardiff.org.uk,Christchurch Llanedeyrn Playgroup,Cardiff,1
playgrouphanmer@gmail.com,Hanmer Playgroup Plus,Wrexham,1
playgroupsteppingstones@gmail.com,Stepping Stones Playgroup C.I.C.,Caerphilly,1
playmatesclub@outlook.com,Playmates,Wrexham,1
playscheme381@gmail.com,St Peter's Playscheme,Wrexham,1
poblbachsouthwales@gmail.com,Pobl Bach South Wales CIC,Blaenau Gwent,1
polkadotschildcare@outlook.com,Polka Dots Childcare and Polka Dots Childcare Afterschool,Cardiff,2
pontardawe@littlestepschildcare.co.uk,Little Steps Childcare Centre Ltd,Neath Port Talbot,1
pontrobertcylch@gmail.com,Cylch Meithrin Pontrobert,Powys,1
porthmadog@meddygcare.co.uk,Meddyg Care Dementia Home - Porthmadog,Gwynedd,1
poseidon@omegalife.uk,Poseidon House,Conwy,1
post@cmteditwt.co.uk,Cylch Meithrin Tedi Twt,Caerphilly,1
post@cylchglanrafon.cymru,Cylch Meithrin Glanrafon,Flintshire,1
post@cylchmeithrinllangynnwr.onmicrosoft.com,Cylch Meithrin Llangynnwr,Carmarthenshire,1
post@cylchmeithrinneslon.org,Cylch Meithrin Nelson,Caerphilly,1
post@gofalplant.cymru,Clwb Gofal Tywi,Carmarthenshire,1
post@meithrinfagartholwg.co.uk,Meithrinfa Garth Olwg,Rhondda Cynon Taf,1
post@meithrinfaogwen.co.uk,Cylch Bodfeurig and Meithrinfa Ogwen Cyf.,Gwynedd,2
post@wibliwobli.co.uk,Wibli Wobli Nursery,Newport,1
postterrig@hwbmail.net,Teigrod Terrig After School Club,Flintshire,1
pow@schoolhouse-daycare.co.uk,Schoolhouse Day Nursery,Bridgend,1
preswylfa@akaricare.co.uk,Preswylfa Nursing Home,Denbighshire,1
pricemondl@aol.com,Llanfair Grange,Carmarthenshire,1
prif@dyffryncledlyn.ceredigion.sch.uk,Cylch Meithrin a Chlwb ar ôl Ysgol Cledlyn,Ceredigion,1
prif@ysgolgynraddaberaeron.ceredigion.sch.uk,Cregyn Aeron,Ceredigion,1
princessroadschool1@gmail.com,Princess Road ASC,Conwy,1
puddleducks.play@yahoo.com,Puddleducks Playgroup,Caerphilly,1
puddleduckstrefnant@gmail.com,Puddleducks All Day Care,Denbighshire,1
pufflings2022@gmail.com,Pufflings Daycare,Pembrokeshire,1
pwyllgor.cylchhwlffordd@gmail.com,Cylch Meithrin Caer Elen (Hwlffordd),Pembrokeshire,1
pwyllgorcylchmeithrinbodedern27@gmail.com,Cylch Meithrin Bodedern,Isle of Anglesey,1
pwyllgorcylchmeithrinllangadog@outlook.com,Cylch Meithrin Llangadog,Carmarthenshire,1
pwyllgorcylchporthmadog@outlook.com,Cylch Meithrin Porthmadog,Gwynedd,1
pwyllgorynysplantfelinfach@gmail.com,Cylch Meithrin Dyffryn Aeron,Ceredigion,1
pyg@caringuk.com,Pen-Y-Garth Care Home,Wrexham,1
pysgodynbach@gmail.com,Pysgodyn Bach,Pembrokeshire,1
queeneliz@rmbi.care,Queen Elizabeth Court,Conwy,1
raam.joshi@carongroup.wales,The Rookery Care Home,Blaenau Gwent,1
rachael.hawkins@achievetogether.co.uk,Arrow House and 2 other services you run,Wrexham,3
rachaelsplayhouseaberdare@gmail.com,Rachael's Playhouse Aberdare,Rhondda Cynon Taf,1
rachaelsplayhousehirwaun@gmail.com,Rachael's Playhouse Hirwaun Primary,Rhondda Cynon Taf,1
rachel.newman@iriscaregroup.co.uk,Beechwood Court,Vale of Glamorgan,1
rachel@parallelcaresolutions.co.uk,Rhos Y Fedwen,Wrexham,1
rachel@throughtheireyescare.co.uk,Through Their Eyes Care Ltd and 3 other services you run,Torfaen,4
rachelheyward@yahoo.co.uk,Rainbows Nursery Plus,Wrexham,1
raglanrascals@live.co.uk,Rascals ASC,Monmouthshire,1
rainbowsnursery95@gmail.com,Rainbows Private Nursery,Newport,1
ray.saunders@salvationarmy.org.uk,Rainbow Creche,Cardiff,1
rch@elliotshill.co.uk,Elliots Hill Care Ltd - Elliots Hill RCH,Pembrokeshire,1
rebecca@passport2playdaynursery.com,Passport To Play Day Nursery,Vale of Glamorgan,1
reception@cfnh.wales,College Fields Nursing Home,Vale of Glamorgan,1
redbalwncoch18@gmail.com,Red Balwn Coch,Cardiff,1
redcroft@argba.co.uk,Redcroft Care Home,Conwy,1
redrobinsnursery@gmail.com,Red Robins Nursery,Monmouthshire,1
referrals@amberleighcare.co.uk,Amberleigh Care - Golfa Hall,Powys,1
regency.enquiries@hallmarkcarehomes.co.uk,Hallmark Regency House Luxury Care Home,Cardiff,1
regenthouse16@gmail.com,Riverside Nursery School,Monmouthshire,1
rhallt@lovett-care.com,The Rhallt Care Home,Powys,1
rhayaderunder5s@aol.com,Rhayader Under Fives Pre School,Powys,1
rheolwr.derwendeg@gmail.com,Meithrinfa Gymraeg Derwen Deg,Conwy,1
rheolwr@canolfandeuluybala.onmicrosoft.com,Canolfan Deulu y Bala,Gwynedd,1
rhian.jones@ivolve.care,Mill Row,Neath Port Talbot,1
rhian.pritchard@llandybie.ysgolccc.cymru,Cylch Meithrin Llandybie a Chlwb ar ôl Ysgol,Carmarthenshire,1
rhiwlas@lovett-care.com,Rhiwlas Care Home,Flintshire,1
rhodri@marblcare.co.uk,Glandovey Terrace and Holland Street,Blaenau Gwent,2
rhosllyn2018@gmail.com,Rhosllyn Residential Home,Powys,1
rhosplaygroup@gmail.com,Rhos Methodist Playgroup,Conwy,1
rhosynmelyn@hartfordcare.co.uk,Rhosyn Melyn,Wrexham,1
rhplaygroup@gmail.com,Tiny Tots,Flintshire,1
rhyl@meddygcare.co.uk,Meddyg Care Dementia Home - Rhyl,Denbighshire,1
ri@togetherstrongercare.com,Fforest House and Sea Breeze,Swansea,2
ribbonspreschool@gmail.com,Ribbons Preschool,Vale of Glamorgan,1
richard.byng@springboardeducationandcare.co.uk,Banwen,Neath Port Talbot,1
richard.rees@dyfodol.uk,BrynHeulog,Powys,1
richard@emralhouse.co.uk,Emral House Nursing Home,Wrexham,1
richardrees1212@outlook.com,New House and Pentre Bach,Powys,2
risca.solomon@skyboundtherapies.co.uk,Skybound Plas Seren,Pembrokeshire,1
riseandshinemold@gmail.com,Rise and Shine Day Nursery- Mold,Flintshire,1
riseandshinewrexham@gmail.com,Rise and Shine Day Nursery Ltd,Wrexham,1
risingstarschildcare19@gmail.com,Cefn Fforest Rising Stars Childcare Ltd and Cwmcarn Rising Stars Childcare,Caerphilly,2
risingstarschildcare22@gmail.com,Bedwas Rising Stars at Willow Tree Cottage,Caerphilly,1
riverwoodhousingltd@yahoo.co.uk,Cwm Coed and 2 other services you run,Blaenau Gwent,3
rl@carehomegroup.uk,Allerton Lodge  and 2 other services you run,Flintshire,3
rlbyng@icloud.com,Springboard Education and Care - Brynmorgan Villa,Neath Port Talbot,1
rm@penpergwmhouse.org.uk,Penpergwm House,Monmouthshire,1
robinappa@hotmail.com,Bush House Pembroke Limited and Rostley Care Home Limited,Pembrokeshire,2
rodreck.chipezeze@ivolve.care,St Albans Nursing Home,Cardiff,1
rompers@glynneathtc.org.uk,Rompers Day Nursery,Neath Port Talbot,1
rootsandwingscdc@gmail.com,Roots and Wings Child Day Care Ltd,Flintshire,1
rossetthouse@activechildcare.co.uk,Rossett House Nursery,Wrexham,1
rowan@summerhillgroup.co.uk,Rowan House Care Home,Torfaen,1
rspencertonsoffun@gmail.com,Tons of Fun Ton-Yr-Ywen Primary School,Cardiff,1
rusticrootsnursery@outlook.com,Rustic Roots Nursery Limited,Vale of Glamorgan,1
ruth831@btinternet.com,The Towers Day Nursery Ltd,Wrexham,1
ruthparkertb@gmail.com,Heddfan residential Home and Teulu Bach,Merthyr Tydfil,2
ryansandick@fairparkcare.com,Hullah Farm,Wrexham,1
saanniemedical123@gmail.com,Parkfield House Residential Home,Wrexham,1
sam.williams@astarsupportservices.co.uk,Puffin House Residential,Conwy,1
sanassyd@aol.com,Park Lodge Residential Care Home,Denbighshire,1
sandford@pearlcare.co.uk,Sandford,Denbighshire,1
sandieevans38@btinternet.com,Oaklands Care Home,Powys,1
sandramatthias@lindanhousewrexham.co.uk,Lindan House Care Home Ltd,Wrexham,1
sandyfeetdaynursery@gmail.com,Sandy Feet Day Nursery,Neath Port Talbot,1
saqibhashim@hotmail.com,Hayes Healthcare Limited (Trading as Conifers Care Home),Wrexham,1
sarah.bladen@enable-care.co.uk,Brynheulog Bungalow and The Firs,Torfaen,2
sarah.bromley@bridgehouse.wales,Bridge House,Blaenau Gwent,1
sarah.davies@salutemcare.com,Lewis Martin Court,Cardiff,1
sarah.evans@hollybankwrexham.co.uk,Hollybank Care Home Ltd,Wrexham,1
sarah.yparc@gmail.com,Ffrindiau Bach CIC,Denbighshire,1
sarah.zahid@highpastures.co.uk,High Pastures Nursing Home,Conwy,1
sarah@playworks-childcare.co.uk,Playworks Early Days Nursery Bedwas Limited,Caerphilly,1
sarahste07@aol.com,Little Acorns Day Care Nursery Ltd,Bridgend,2
sarahwstpauls@plantdewi.co.uk,St Paul's Family Centre Nursery,Carmarthenshire,1
saundersfootplaygroup@qualityservice.com,Saundersfoot Playgroup and Day Care,Pembrokeshire,1
schoolhouse@yrhafodjohnstown-pri.wrexham.sch.uk,The School House Wraparound Childcare,Wrexham,1
schoollaneplaygroup@conwy.gov.uk,Schoollane Pre-School,Conwy,1
scmail@hwbmail.net,Sandycroft Pre School CIC,Flintshire,1
scott@priorycarehome.com,Priory Residential and Nursing Home,Monmouthshire,1
scotth@team-rainbow.co.uk,Bryncoed and 3 other services you run,Caerphilly,4
sdavidcare@aol.com,Fairfield and 2 other services you run,Pembrokeshire,3
seedandrootnatureschool@gmail.com,Forest School Holiday Club,Carmarthenshire,1
seiont.apheblig@yahoo.com,Cylch Meithrin Seiont a Pheblig,Gwynedd,1
serensuperstars@yahoo.com,Seren Super Stars Preschool,Conwy,1
sermorb@gmail.com,Meithrinfa Sêr Môr Beaumaris,Isle of Anglesey,1
sgriffiths@prospersupport.co.uk,Duffryn House and 4 other services you run,Rhondda Cynon Taf,5
shah@banyancarehomes.net,White Rose Care Home,Caerphilly,1
shane@little-lanterns.co.uk,Bluebell House,Pembrokeshire,1
shanepocock@partnershipofcare.co.uk,Kellis and 3 other services you run,Caerphilly,4
shangrilacareservices@yahoo.co.uk,Chapel Hill Farmhouse and Sundale,Pembrokeshire,2
shani@serenitysandc.co.uk,Emerald House and 2 other services you run,Bridgend,3
shannon.monmouthday@outlook.com,Monmouth Day Nursery at HABS,Monmouthshire,1
shapingfuturesabcltd@gmail.com,Shaping Futures,Cardiff,1
sharon@theheatherslade.co.uk,Heatherslade residential home,Swansea,1
sharonlozz@btinternet.com,Honeyhome,Pembrokeshire,1
sheryl.davies@paddacare.com,Llwynhendy Care Home,Carmarthenshire,1
shillingscare@gmail.com,Shillings Care,Cardiff,1
shiningstarscardiff@gmail.com,Shining Stars Cardiff CIC,Cardiff,1
shire.enquiries@hallmarkcarehomes.co.uk,Hallmark Shire Hall Luxury Care Home,Cardiff,1
shireen@laurels.wales,The Laurels,Cardiff,1
sian@ahcare.co.uk,Bluebell House and Primrose Cottage,Vale of Glamorgan,2
sian@gelliaurcare.onmicrosoft.com,Gelli Aur Care LTD,Carmarthenshire,1
simon@pilipalacare.co.uk,52 Narberth Road,Cardiff,1
sing@schoolhouse-daycare.co.uk,Singleton Day Nursery,Swansea,1
sioned68@btinternet.com,Meithrinfa Siwgr Plwm Henblas,Isle of Anglesey,1
siteforuk@hotmail.com,The Lighthouse,Carmarthenshire,1
skycarewalesltd@gmail.com,Bron Haul Care Home,Denbighshire,1
snowdoncarehome@outlook.com,Snowdon Care Home,Gwynedd,1
spectrumhealthcare@rocketmail.com,Brookside Care Home,Powys,1
st.illtyds.school@swansea-edunet.gov.uk,St Illtyd's Wraparound,Swansea,1
stacy@littleeinsteinsacademy.com,Little Einsteins Academy Limited - New Tredegar,Caerphilly,1
staff.typarc@keys-group.co.uk,Ty Parc,Monmouthshire,1
staff@hafansaff.co.uk,The Oaklands,Blaenau Gwent,1
staff@plantosprysur.org,Plantos Prysur,Carmarthenshire,1
standrews@nestlingsnursery.co.uk,Nestlings' Nursery,Cardiff,1
starvans@deancloselittletrees.co.uk,Dean Close Little Trees St Arvans Nursery,Monmouthshire,1
stdavids@busybees.com,Busy Bees St David`s Park Day Nursery,Flintshire,1
stdavidsplaygroupmold@gmail.com,Step By Step,Flintshire,1
stdonatsnursery@gmail.com,St Donats Nursery - Llantwit Major,Vale of Glamorgan,1
stefan.nurse@ammancare.org.uk,The Lodge,Carmarthenshire,1
steff_lewis@hotmail.com,Carlton House Residential Care Home,Ceredigion,1
stepping.stones01@yahoo.co.uk,Stepping Stones Magor,Monmouthshire,1
steppingstonesoffice54@gmail.com,Stepping Stones Nursery Aberdare,Rhondda Cynon Taf,1
stgwynansplaygroup@gmail.com,St Gwynan's Pre-school,Conwy,1
stilltyd@funfoundations.wales,Fun Foundations at St Illtyd School,Vale of Glamorgan,1
stjosephscathedralprimary@swansea-edunet.gov.uk,St Joseph's Cathedral Wraparound,Swansea,1
stmaryslittlerainbows@gmail.co.uk,St Mary's Little Rainbows,Wrexham,1
stmaryspreschoolwrexham@hotmail.com,St Marys Pre-School,Wrexham,1
stpadarnsplaygroup@hotmail.com,St Padarn's Playgroup,Ceredigion,1
stpeterosc@gmail.com,St Peter's Out of School Care Limited,Cardiff,1
stwinefridesplaygroup@outlook.com,St. Winefride's Preschool,Flintshire,1
sue.lewis-ball@ivolve.care,Ty Cwm Gwendraeth,Carmarthenshire,1
sue.marchant@sunsetwest.co.uk,Woodland Lodge Care Home,Pembrokeshire,1
suebhollyland@gmail.com,Pembroke Care Ltd trading as Hollyland Lodge,Pembrokeshire,1
summerhouse85@yahoo.co.uk,Summerhouse Out of School Club Ltd,Denbighshire,1
sunbeams171@outlook.com,Sunbeams playgroup + Gwernaffield,Flintshire,1
sunflowernurserydirector@yahoo.com,Sunflower Day Nursery,Cardiff,1
sunita.ri@astonhallcarehome.org.uk,Aston Hall Care Limited,Flintshire,1
sunnybank@virgocarehomes.com,Sunnybank Dementia Residential Home,Torfaen,1
sunnybankcarehome@gmail.com,Sunnybank Care Home,Pembrokeshire,1
sunshineclub10@outlook.com,Little Rays Early Years Hub,Flintshire,1
susanmary.evans@manorhousesthilary.co.uk,The Manor House St.Hilary,Vale of Glamorgan,1
suzanne.taplin@mha.org.uk,Morel Court,Vale of Glamorgan,1
suzanne@dscarehomes.co.uk,D&S Care Homes Ltd - Ty Cwmafan and D&S Care Homes Ltd - Ty Nedd,Neath Port Talbot,2
swallownursery@outlook.com,Swallow Playgroup,Vale of Glamorgan,1
swansea@appletreenurseries.co.uk,Appletree Nursery,Swansea,1
swansealivingsolutions@hotmail.com,Swansea Living Solutions Ltd,Swansea,1
swn-y-mor.manager@handsale.co.uk,Swn-y-Mor Care Centre,Neath Port Talbot,1
swnymor@cartrefi.coop,Sŵn Y Môr,Gwynedd,1
swsarahwilliams@aol.com,Cylch Meithrin Rhymni,Caerphilly,1
swyddfa@ffalabalam.co.uk,Meithrinfa Ffalabalam Cyf,Gwynedd,1
swyddfa@penybryn.conwy.sch.uk,Nursery Plus Ysgol Pen Y Bryn,Conwy,1
swyddfa@pitianpatian.com,Clwb Cwl Pitian Patian and Meithrinfa Pitian Patian Llanwnda,Gwynedd,2
swyddfa@swnydon.conwy.sch.uk,Swn y Don Playgroup,Conwy,1
sychdynplaygroup@gmail.com,Sychdyn Playgroup,Flintshire,1
tag.asc@hotmail.com,Tongwynlais Around School Group,Cardiff,1
tara@roselandchildcare.co.uk,Roseland Childcare,Vale of Glamorgan,1
tash@dreamscarehomes.co.uk,Ynysddu Nursing Home,Caerphilly,1
tavernspiteplaygroup@icloud.com,Tavernspite Playgroup,Pembrokeshire,1
teambusy@outlook.com,Llandaff City Busy Bees and Llandaff City Busy Bees - The Hive,Cardiff,2
teatimersafterschoolclub@outlook.com,Tea Timers Wrap Around and Holiday Club,Cardiff,1
teddybeartowers@talktalk.net,Teddy Bear Towers Limited,Flintshire,1
tedibachnursery@gmail.com,Busy Feet Gilfach Ltd,Caerphilly,1
teds1907@gmail.com,Troedyrhiw Early Days Support (TEDS),Merthyr Tydfil,1
teifiadpar@gmail.com,Cylch Meithrin Teifi,Carmarthenshire,1
tempsrofft@gmail.com,Fun Time Club and TEMPS Out of School Club,Wrexham,2
teresa.matthews@enable-care.co.uk,Ty Gwernen,Caerphilly,1
teresahouse@yourchapter.co.uk,Teresa House,Gwynedd,1
teri.hawthorncourt@mychoicehealthcare.co.uk,Hawthorn Court Residential Care Home and Ocean Living Residential Care Home,Swansea,2
terminal2playgroup@gmail.com,Passport to Play Terminal 2,Vale of Glamorgan,1
tfmail@hwbcymru.net,Ty Ffynnon Childcare,Flintshire,1
thealphabettree@hotmail.co.uk,The Alphabet Tree and The Alphabet Tree @ Cwrt Rawlin,Caerphilly,2
theburrowsnursery@yahoo.co.uk,The Burrows Daycare Nursery (Porthcawl) Ltd,Bridgend,1
thefunclub1@outlook.com,The Fun Club at Ysgol Maes y Felin,Flintshire,1
thegraylynsresthome@outlook.com,The Graylyns,Pembrokeshire,1
thehaven.lester@btconnect.com,The Haven,Carmarthenshire,1
thekingsrest@hotmail.com,The Kings Rest,Monmouthshire,1
themanager@poppiesdaynursery.co.uk,Poppies Day Nursery Limited,Torfaen,1
themountains@mychoicehealthcare.co.uk,The Mountains,Powys,1
theolddeanery@aol.com,The Old Deanery,Denbighshire,1
theoldschoolnursery@hotmail.com,Meithrinfa Hen Ysgol and Ysgol Eifion Wyn  Clwb Cwl,Gwynedd,2
thepontygofplayhouse@gmail.com,The Pontygof Playhouse,Blaenau Gwent,1
thewendyhouse72@outlook.com,Clwb Ty Wendy Abercaseg,Gwynedd,1
tiddlerswraparound@gmail.com,Tiddlers Wraparound,Caerphilly,1
timrepin@astarsupportservices.co.uk,Henllys and Plas Uchaf,Conwy,2
timtillings@positifcare.co.uk,Oakleigh,Blaenau Gwent,1
tinytreasurestaibach@outlook.com,Tiny Treasures Day Nursery,Neath Port Talbot,1
tinytsabercarn@gmail.com,Tiny T's ltd,Caerphilly,1
tir-y-berth@greenfields-nursery.com,Greenfields Nursery Tir-Y-Berth,Caerphilly,1
tirnanog@bangor.ac.uk,Tir na n-Og Daycare and Child Research Centre,Gwynedd,1
tnhutchinson@rydalpenrhos.com,Ingleside,Conwy,1
toby@thelodgescardiff.co.uk,Ty Draw Lodge and Wentworth Lodge,Cardiff,2
tom@ahcare.co.uk,Pear Tree Cottage and The Willows,Vale of Glamorgan,2
tomos@freshstartcare.org,Han Y Bont Residential Childrens Home,Carmarthenshire,1
towy@hafansaff.co.uk,Towy House,Carmarthenshire,1
toybox@cambria.ac.uk,Toybox Day Nursery,Flintshire,1
tracey@parallelcaresolutions.co.uk,Bank Lane Cottage,Flintshire,1
traceynevitt@yahoo.co.uk,Marford Playgroup Little Explorers Ltd,Wrexham,1
tracy@dowlaisenginehouse.co.uk,Engine House,Merthyr Tydfil,1
traedbach1@yahoo.co.uk,Clwb Ar Ol Ysgol Traed Bach and Meithrinfa Traed Bach,Conwy,2
traedbachtywyn@gmail.com,Traed Bach Tywyn,Isle of Anglesey,1
treetopstree@outlook.com,Treetops Playgroup,Cardiff,1
trefechantoddlers@gmail.com,Little Acorns @ Ysgol-Y-Graig,Merthyr Tydfil,1
treficer16@gmail.com,Cylch Meithrin Tre Ficer,Carmarthenshire,1
treflyscarehome@aol.com,Treflys Care Home,Conwy,1
tregarth@meithrinfaogwen.co.uk,Caban Ogwen Tregarth,Gwynedd,1
trelawnydlittlelearners@gmail.com,Trelawnyd Little Learners,Flintshire,1
trelewisplaygroup@hotmail.com,Trelewis Playgroup,Merthyr Tydfil,1
treuddynu5playgroup@gmail.com,Treuddyn Under 5's Playgroup,Flintshire,1
truefocuscareltd@outlook.com,Melyn Rose House,Swansea,1
truereflectionsri@outlook.com,True Reflection,Torfaen,1
trysoryddtbt@gmail.com,Cylch Meithrin Traed Bech Twymyn,Powys,1
trystan@clwbcarco.com,Clwb Carco Melin Gruffydd,Cardiff,1
tt@schoolhouse-daycare.co.uk,Teilo's Tots Daycare,Swansea,1
tudnoplayschool@outlook.com,Tudno Playschool,Conwy,1
tweenietots28@gmail.com,Tweenie Tots Playschool Ltd,Blaenau Gwent,1
two-counties@outlook.com,Two Counties Creche CIC,Torfaen,1
twtsycastell@gmail.com,Twts Y Castell,Carmarthenshire,1
twynoutofschoolclub@gmail.com,Twyn Out of Schoolclub / Holiday Club,Caerphilly,1
ty.eirin.manager@harbourhealthcare.co.uk,Ty Eirin,Rhondda Cynon Taf,1
ty.gwynno.manager@harbourhealthcare.co.uk,Ty Gwynno,Rhondda Cynon Taf,1
tyaberdafen@thedtgroup.org,Ty Aberdafen,Carmarthenshire,1
tyb.1@yahoo.com,Tan y Bryn Care Home,Conwy,1
tychwaraeglyncoed@gmail.com,Ty Chwarae Glyncoed,Blaenau Gwent,1
tycribyn@fairways.co,Ty Cribyn,Powys,1
tyenfys.enquiries@hallmarkcarehomes.co.uk,Hallmark Ty Enfys Luxury Care Home,Cardiff,1
tyenfysnursery@gmail.com,Ty Enfys,Neath Port Talbot,2
tygroeso@unitedcaresolutions.co.uk,Ty Groeso,Newport,1
tyhapusnursery@yahoo.com,Ty Hapus Day Nursery,Swansea,1
tymairhome@aol.com,WAM Care Homes Ltd.,Carmarthenshire,1
tymelinresidentialhome@live.com,Ty Melin Residential Home for the Elderly,Cardiff,1
tynant@silvercrestcare.co.uk,Ty Nant Care Home,Rhondda Cynon Taf,1
typlantcommunitynursery@gmail.com,Ty Plant Community Nursery and Tŷ Plant Community Nursery,Neath Port Talbot,2
typorth.enquiries@hallmarkcarehomes.co.uk,Hallmark Ty Porth Luxury Care Home,Rhondda Cynon Taf,1
tyrhosbach@fairways.co,Ty Rhos Bach,Powys,1
unigolyncylchmeithrintrelech@gmail.com,Cylch Meithrin Trelech,Carmarthenshire,1
upsa-daisydaynursery@hotmail.co.uk,Upsa Daisy Day Nursery Limited,Caerphilly,1
valebrookcarehomes@hotmail.com,Celynbrook Care Home and 3 other services you run,Vale of Glamorgan,4
valentina.stan@mha.org.uk,Ty Gwyn,Vale of Glamorgan,1
valeviewltd@gmail.com,Vale View Residential Care Home,Denbighshire,1
valley@rafakidz.org.uk,RAFAKidz Valley,Isle of Anglesey,1
valleylodge@robertshomes.co.uk,Valley Lodge,Denbighshire,1
vasilica.iovu@rdcpcare.com,St Nicholas House Care Home,Powys,1
veronica@safehavecare.co.uk,Ty Gwair Children’s Home,Monmouthshire,1
veronica@safehavencare.co.uk,The Mount Children's Care Home,Monmouthshire,1
vicki.travers@ivolve.care,Tan Yr Allt House Ltd,Neath Port Talbot,1
vicky.cilymaenllwyd@hotmail.com,Cilymaenllwyd care home,Carmarthenshire,1
vickyjenkins@glaslyncarehomes.co.uk,Chilton Place and Glaslyn Court Nursing Home,Blaenau Gwent,2
victoria.hole@ivolve.care,Tan Yr Allt Lodge Ltd,Neath Port Talbot,1
victoriawrexosc@gmail.com,Victoria Out of School Clubs,Wrexham,1
vikki.keenan@cambiangroup.com,Cambian Pengwern College - Bryn Dedwydd and 3 other services you run,Denbighshire,4
vyrnwy.manager@surecaregroup.com,Vyrnwy Nursing Home,Powys,1
walcare@aol.com,Walshaw House  and Walshaw Lodge,Denbighshire,2
wales1@appletreenurseries.co.uk,Wales 1 Day Nursery Limited,Monmouthshire,1
wales@centrepeacehomes.co.uk,Clyffard House,Newport,1
wallscarehome@gmail.com,Walls Residential Care Home Ltd,Conwy,1
wendy.gloster@abbeyambitions.co.uk,Abbey Lodge and Beechlea,Caerphilly,2
wenvoeplaygroup@btinternet.com,Wenvoe Playgroup CIO,Vale of Glamorgan,1
whitchurch@silwli.co.uk,Meithrinfa Si-Lwli,Cardiff,1
whitfordp5@hwbcymru.net,Whitford Playgroup,Flintshire,1
wickplaygroup@gmail.com,Wick and District Playgroup,Vale of Glamorgan,1
wilburyhouseltd@outlook.com,Wilbury House Limited,Powys,1
wildchildnatureplay@gmail.com,Wild Child Forest Play,Denbighshire,1
wilkinson.clare@rocketmail.com,Bobl Bach Clare Trinant Ltd,Caerphilly,1
willowdaycare12@gmail.com,Willow Daycare Ltd,Carmarthenshire,1
willowhall66@yahoo.co.uk,Willow Hall Residential Care Home limited,Gwynedd,1
willowtreenurserycwmbran@outlook.com,Willow Tree Nursery,Torfaen,1
wimslycarehome@hotmail.co.uk,Wimsly Care Home,Conwy,1
woodcroftcare@aol.com,Woodcroft Care Home Ltd,Conwy,1
woodlands@astoncarehomes.co.uk,Woodlands,Swansea,1
woodlandschildcare2@gmail.com,Woodlands Childcare Centre Ltd,Neath Port Talbot,1
woodpeckersclub@gmail.com,Woodpeckers Out of Hours Club,Cardiff,1
woodsidecare@aol.com,Woodside Grange Care Home,Conwy,1
woodywraparound@gmail.com,Woody Wrap Around,Flintshire,1
wrexham@littlelearnersnursery.com,Little Learners Nursery & Forest School,Wrexham,1
wwcare2005@aol.com,Harvest Care Home ,Pembrokeshire,1
y-benarth@crystalcaresolutions.co.uk,Y-Benarth,Conwy,1
ybontfaenps@valeofglamorgan.gov.uk,Y Bont Faen Child Care,Vale of Glamorgan,1
yellowbunniesdaycare@gmail.com,Yellow Bunnies Daycare Ltd,Newport,1
yfmail@hwbcymru.net,Ysgol Y Foel Out of School Club,Flintshire,1
ygarreglwyd@hotmail.co.uk,Y Garreg Lwyd Care Home,Carmarthenshire,1
ygg.brynymor@swansea-edunet.gov.uk,Clwb Gofal Bryn y Mor,Swansea,1
yllewodbach@outlook.com,Cylch Meithrin Y Llewod Bach,Ceredigion,1
yourchildsfuture@aol.com,Little Einstein`s Day Care Limited,Monmouthshire,1
yplasendlesscare@yahoo.co.uk,Y Plas EMI Care Home,Swansea,1
ysgol.bodfari@denbighshire.gov.uk,Busy Bods @ Ysgol Bodfari,Denbighshire,1
ysgol.feithrin.y.trallwng@gmail.com,Ysgol Feithrin Y Trallwng,Powys,1
ysgolfeitherin2022@gmail.com,Ysgol Feithrin Conwy,Conwy,1
ysgolfeithrinabertridwr@gmail.com,Ysgol Feithrin Abertridwr,Caerphilly,1
ysgolfeithringlanconwy@outlook.com,Ysgol Feithrin Glan Conwy,Conwy,1
ystradgynlais@littlestepschildcare.co.uk,Little Steps Childcare Centre Ltd,Powys,1
zoe.pannell@pembrokeshire.gov.uk,Monkton Priory Day Care,Pembrokeshire,1
