Town,Name,Address,Phone,Website
London,Prezzo,"31-32 Northumberland Ave, London WC2N 5BW, UK",020 3910 9777,https://www.prezzo.co.uk/restaurants/london-northumberland-avenue/
London,Las Iguanas - London - Royal Festival Hall,"Festival Terrace, Southbank Centre, Belvedere Rd, London SE1 8XX, UK",020 8629 6921,https://www.iguanas.co.uk/restaurants/london-royal-festival-hall/?utm_source=google&utm_medium=organic&utm_campaign=google_lpm_lasiguanas_london_royalfestivalhall
Birmingham,Turtle Bay Brindleyplace Birmingham,"10 Brindley Pl, Birmingham B1 2JB, UK",0121 630 3415,https://turtlebay.co.uk/restaurants/brindley-place
Birmingham,Turtle Bay Birmingham,"81-91 John Bright St, Birmingham B1 1BL, UK",0121 643 1303,https://turtlebay.co.uk/restaurants/birmingham
Birmingham,Banana Tree Birmingham Bullring,"Unit SU744, Upper Mall West, Birmingham B5 4BG, UK",0121 272 8445,https://bananatree.co.uk/restaurants/birmingham-bullring/?utm_source=google&utm_medium=organic&utm_campaign=google_lpm_bananatree_birminghambullring
Birmingham,Las Iguanas - Birmingham - Temple Street,"Somerset House, 39-40 Temple St, Birmingham B2 5DP, UK",0121 803 4883,https://www.iguanas.co.uk/restaurants/birmingham-templest/?utm_source=google&utm_medium=organic&utm_campaign=google_lpm_lasiguanas_birmingham_templestreet
Birmingham,Las Iguanas - Birmingham - Arcadian Centre,"Arcadian Centre, Hurst St, Birmingham B5 4TD, UK",0121 827 9594,https://www.iguanas.co.uk/restaurants/birmingham-arcadian-centre/?utm_source=google&utm_medium=organic&utm_campaign=google_lpm_lasiguanas_birmingham_arcadiancentre
Birmingham,Las Iguanas - Birmingham - Brindley Place,"10G The Waters Edge, Birmingham B1 2HJ, UK",0121 827 9977,https://www.iguanas.co.uk/restaurants/birmingham-brindley-place/?utm_source=google&utm_medium=organic&utm_campaign=google_lpm_lasiguanas_birmingham_brindleyplace
Leeds,Cosy Club,"53 Albion St, Leeds LS1 5AA, UK",0113 209 3838,https://cosyclub.co.uk/location/leeds/
Leeds,Gaucho Leeds,"Gaucho, 21-22 Park Row, Leeds LS1 5JF, UK",0113 246 1777,https://gauchorestaurants.com/restaurants/leeds/
Leeds,Turtle Bay Leeds,"14, The Light, The Headrow, Leeds LS1 8TL, UK",0113 242 6000,https://turtlebay.co.uk/restaurants/leeds
Leeds,The Ivy Asia Leeds,"55 Vicar Ln, Leeds LS1 6BA, UK",0113 531 7990,https://theivyasia.com/asian-food-near-me/asian-restaurants-yorkshire/the-ivy-asia-leeds/
Leeds,Prezzo,"16 18, The Light, The Headrow, Leeds LS1 8TL, UK",0113 887 9460,https://www.prezzo.co.uk/restaurants/leeds-the-light/
Leeds,Las Iguanas - Leeds,"Unit 3 Cloth Hall St, Leeds LS1 2HD, UK",0113 518 9315,https://www.iguanas.co.uk/restaurants/leeds/?utm_source=google&utm_medium=organic&utm_campaign=google_lpm_lasiguanas_leeds
Leeds,Miller & Carter Leeds Light,"56-58 The Headrow, Leeds LS1 8TL, UK",0113 244 3583,https://www.millerandcarter.co.uk/restaurants/yorkshire-and-the-humber/millerandcarterleedslight?utm_source=google&utm_medium=organic&utm_campaign=gmb-homepage
Sheffield,Miller & Carter Sheffield City,"51-55 Surrey St, Sheffield City Centre, Sheffield S1 2LG, UK",0114 308 2720,https://www.millerandcarter.co.uk/restaurants/yorkshire-and-the-humber/millerandcartersheffieldcitycentre?utm_source=google&utm_medium=organic&utm_campaign=gmb-homepage
Sheffield,Turtle Bay Sheffield,"Unit 2, NUM Building, 18 Holly St, Sheffield City Centre, Sheffield S1 2GT, UK",0114 312 2730,https://turtlebay.co.uk/restaurants/sheffield
Sheffield,Mama’s & Leonies,"111-115 Norfolk St, Sheffield City Centre, Sheffield S1 2JE, UK",0114 272 0490,http://mamasandleonies.co.uk/
Sheffield,wagamama sheffield city centre,"2 Leopold Sq, Sheffield City Centre, Sheffield S1 2JG, UK",0114 272 3615,https://www.wagamama.com/restaurants/sheffield/sheffield-city-centre
Manchester,Turtle Bay Manchester Northern Quarter,"46-50 Oldham St, Manchester M4 1LE, UK",0161 235 8411,https://turtlebay.co.uk/restaurants/manchester-nq
Manchester,The Ivy Asia Manchester,"Byrom St, Manchester M3 3HG, UK",0161 503 3222,https://theivyasia.com/asian-food-near-me/asian-restaurants-north-west/the-ivy-asia-spinningfields-manchester/
Liverpool,Gaucho Liverpool,"7 Water St, Liverpool L2 0RD, UK",0151 702 9000,http://www.gauchorestaurants.com/restaurants/liverpool/
Liverpool,Turtle Bay Liverpool Victoria St,"Produce Exchange, 6A Victoria St, Liverpool L2 6QE, UK",0151 236 7333,https://turtlebay.co.uk/restaurants/liverpool-victoria-st
Liverpool,The Ivy Asia Liverpool,"31 Castle St, Liverpool L2 4TA, UK",0151 808 1383,https://theivyasia.com/asian-food-near-me/asian-restaurants-north-west/the-ivy-asia-liverpool/
Liverpool,Bella Italia - Liverpool,"39 Ranelagh St, Liverpool L1 1JP, UK",0151 459 8133,https://www.bellaitalia.co.uk/restaurants/liverpool/ranelagh-street/?utm_source=google&utm_medium=organic&utm_campaign=google_lpm_bellaitalia_liverpool
Bristol,Cosy Club,"31 Corn St, Bristol BS1 1HT, UK",0117 253 0997,https://cosyclub.co.uk/location/bristol/
Bristol,Turtle Bay Bristol Broad Quay,"8 Broad Quay, Bristol BS1 4DA, UK",0117 929 0209,https://turtlebay.co.uk/restaurants/bristol-broad-quay
Bristol,Miller & Carter Bristol City Centre,"Marriott Royal, College Green, Bristol BS1 5TA, UK",0117 456 9606,https://www.millerandcarter.co.uk/restaurants/south-west/millerandcarterbristolcitycentre?utm_source=google&utm_medium=organic&utm_campaign=gmb-homepage
Leicester,Las Iguanas - Leicester,"13-15 Belvoir St, Leicester LE1 6SL, UK",0116 497 7261,https://www.iguanas.co.uk/restaurants/leicester/?utm_source=google&utm_medium=organic&utm_campaign=google_lpm_lasiguanas_leicester
Leicester,Mitsuki,"109 London Rd, Leicester LE2 0PF, UK",0116 255 4805,
Leicester,wagamama leicester highcross,"unit r15, 6 Highcross St, Highcross Ln, Leicester LE1 4SD, UK",0116 253 0046,https://www.wagamama.com/restaurants/leicester/leicester
Leicester,Chiquito,"Meridian Leisure Centre, Leicester LE19 1JZ, UK",0116 263 9900,https://www.chiquito.co.uk/restaurants/leicester?utm_source=google&utm_medium=organic&utm_campaign=google_lpm_chiquito_leicester
Bradford,"Napoleons Casino & Restaurant, Bradford","37 Bolton Rd, Bradford BD1 4DR, UK",01274 391820,https://napoleons-casinos.co.uk/the-casinos/bradford/
Bradford,Zizzi - Bradford,"10 Charles St, Broadway, Bradford BD1 1US, UK",01274 013664,https://www.zizzi.co.uk/italian-restaurants/north-west/bradford?utm_source=google&utm_medium=knowledgepanel&utm_campaign=GMB
Bradford,Nando's Bradford - Centenary Square,"Unit E, Centenary Square, Aldermanbury, Bradford BD1 1SD, UK",01274 307441,https://www.nandos.co.uk/restaurants/bradford-centenary-square?utm_campaign=websitecta_NA&utm_content=Multi-Chan_GB_NA_NA_NA_all_NA_NA_bradford-centenary-square&utm_medium=mybusiness&utm_source=google&utm_term=Local
Coventry,Turtle Bay Coventry,"Unit 9, Cathedral Lanes Shopping Centre, Coventry CV1 1LL, UK",024 7775 2442,https://turtlebay.co.uk/restaurants/coventry
Coventry,Cosy Club,"Cathedral Lanes Shopping Centre, Broadgate, Coventry CV1 1LL, UK",024 7652 5441,https://cosyclub.co.uk/location/coventry/
Coventry,Las Iguanas - Coventry,"4, Cathedral Lanes Shopping Centre, Broadgate, Coventry CV1 1LL, UK",024 7526 3327,https://www.iguanas.co.uk/restaurants/coventry/?utm_source=google&utm_medium=organic&utm_campaign=google_lpm_lasiguanas_coventry
Coventry,Harvester Elms Coventry,"Birmingham Rd, Allesley, Coventry CV5 9TZ, UK",024 7640 7550,https://www.harvester.co.uk/restaurants/eastandwestmidlands/theelmscoventry?utm_source=google&utm_medium=organic&utm_campaign=gmb-homepage
Coventry,Bella Italia - Coventry,"Unit 1 4, Belgrade Plaza, Upper Well St, Coventry CV1 4BF, UK",024 7526 3326,https://www.bellaitalia.co.uk/restaurants/coventry/upper-well-street/?utm_source=google&utm_medium=organic&utm_campaign=google_lpm_bellaitalia_coventry
Coventry,Zizzi - Coventry,"Cathedral Lanes Shopping Centre, Broadgate, Coventry CV1 1LL, UK",024 7711 0047,https://www.zizzi.co.uk/italian-restaurants/midlands/coventry?utm_source=google&utm_medium=knowledgepanel&utm_campaign=GMB
Coventry,Nando's Coventry - City,"1-6, Ribbon Factory, Trinity St, Coventry CV1 1FE, UK",024 7663 4992,https://www.nandos.co.uk/restaurants/coventry-city?utm_campaign=websitecta_NA&utm_content=Multi-Chan_GB_NA_NA_NA_all_NA_NA_coventry-city&utm_medium=mybusiness&utm_source=google&utm_term=Local
Coventry,wagamama coventry central,"Cathedral Lanes Shopping Centre, Coventry CV1 1LL, UK",024 7509 1251,https://www.wagamama.com/restaurants/coventry/coventry
Nottingham,Turtle Bay Nottingham,"The Cornerhouse, 12 Trinity Sq, Nottingham NG1 4DB, UK",0115 947 5600,https://turtlebay.co.uk/restaurants/nottingham
Nottingham,Bella Italia - Nottingham Cornerhouse,"G4-6, The Cornerhouse, Forman St, Nottingham NG1 4DB, UK",0115 671 2753,https://www.bellaitalia.co.uk/restaurants/nottingham/cornerhouse/?utm_source=google&utm_medium=organic&utm_campaign=google_lpm_bellaitalia_nottinghamcornerhouse
Nottingham,Las Iguanas - Nottingham,"4, Chapel Quarter Chapel Bar, Chapel Bar, Nottingham NG1 6JS, UK",0115 671 2596,https://www.iguanas.co.uk/restaurants/nottingham/?utm_source=google&utm_medium=organic&utm_campaign=google_lpm_lasiguanas_nottingham
Nottingham,Prezzo,"21-23 Forman St, Nottingham NG1 4AA, UK",0115 671 3729,https://www.prezzo.co.uk/restaurants/nottingham/
Nottingham,Zizzi - Nottingham,"12 King St, Nottingham NG1 2AS, UK",0115 837 4035,https://www.zizzi.co.uk/italian-restaurants/midlands/nottingham?utm_source=google&utm_medium=knowledgepanel&utm_campaign=GMB
Nottingham,wagamama nottingham,"The Cornerhouse, Burton St, Nottingham NG1 4DB, UK",0115 924 1797,https://www.wagamama.com/restaurants/nottingham/nottingham
Newcastle upon Tyne,Gaucho Newcastle,"2, 6 Market St, Newcastle upon Tyne NE1 6JF, UK",0191 260 3600,https://gauchorestaurants.com/restaurants/newcastle/
Newcastle upon Tyne,Turtle Bay Newcastle,"117 Newgate St, Newcastle upon Tyne NE1 5RZ, UK",0191 230 4002,https://turtlebay.co.uk/restaurants/newcastle
Newcastle upon Tyne,Las Iguanas - Newcastle,"62-74 Grey St, Newcastle upon Tyne NE1 6AF, UK",0191 933 9199,https://www.iguanas.co.uk/restaurants/newcastle/?utm_source=google&utm_medium=organic&utm_campaign=google_lpm_lasiguanas_newcastle
Newcastle upon Tyne,Miller & Carter Newcastle,"26 Mosley St, Newcastle upon Tyne NE1 1DF, UK",0191 261 2028,https://www.millerandcarter.co.uk/restaurants/north-east/millerandcarternewcastle?utm_source=google&utm_medium=organic&utm_campaign=gmb-homepage
Newcastle upon Tyne,Bella Italia - Newcastle Eldon Square,"Greys Quarter, Intu Eldon Square, Newcastle upon Tyne NE1 7AP, UK",0191 933 8887,https://www.bellaitalia.co.uk/restaurants/newcastle/eldon-square/?utm_source=google&utm_medium=organic&utm_campaign=google_lpm_bellaitalia_newcastleeldonsquare
Sunderland,Miller & Carter Sunderland,"Newcastle Rd, Sunderland SR5 1JT, UK",0191 548 0922,https://www.millerandcarter.co.uk/restaurants/north-east/millerandcartersunderland?utm_source=google&utm_medium=organic&utm_campaign=gmb-homepage
Sunderland,Nando's Sunderland,"Unit 2A, 118 High St W, Sunderland SR1 1TX, UK",0191 565 5542,https://www.nandos.co.uk/restaurants/sunderland?utm_campaign=websitecta_NA&utm_content=Multi-Chan_GB_NA_NA_NA_all_NA_NA_sunderland&utm_medium=mybusiness&utm_source=google&utm_term=Local
Brighton,The Ivy Asia Brighton,"51 Ship St, Brighton and Hove, Brighton BN1 1AF, UK",01273 752222,https://theivyasia.com/asian-food-near-me/asian-restaurants-south-east/the-ivy-asia-brighton/
Brighton,Bella Italia - Brighton Market Street,"24 Market St, Brighton and Hove, Brighton BN1 1HH, UK",01273 021959,https://www.bellaitalia.co.uk/restaurants/brighton/market-street/?utm_source=google&utm_medium=organic&utm_campaign=google_lpm_bellaitalia_brightonmarketstreet
Brighton,Las Iguanas - Brighton,"7-8 Jubilee St, Brighton and Hove, Brighton BN1 1GE, UK",01273 063264,https://www.iguanas.co.uk/restaurants/brighton/?utm_source=google&utm_medium=organic&utm_campaign=google_lpm_lasiguanas_brighton
Plymouth,Cosy Club,"Unit 3, 11 Bretonside, Plymouth PL4 0FE, UK",01752 643985,https://cosyclub.co.uk/location/plymouth
Plymouth,Turtle Bay Plymouth,"5 St Andrews Cross Roundabout, Plymouth PL1 1AB, UK",01752 221243,https://turtlebay.co.uk/restaurants/plymouth
Plymouth,Las Iguanas - Plymouth,"11 Bretonside, Plymouth PL4 0FE, UK",01752 982798,https://www.iguanas.co.uk/restaurants/plymouth/?utm_source=google&utm_medium=organic&utm_campaign=google_lpm_lasiguanas_plymouth_comingsoon
Plymouth,Miller & Carter Plymouth,"Sutton Rd, Plymouth PL4 0HJ, UK",01752 661592,https://www.millerandcarter.co.uk/restaurants/south-west/millerandcarterplymouth?utm_source=google&utm_medium=organic&utm_campaign=gmb-homepage
Plymouth,Zizzi - Plymouth,"Unit 4, 11 Bretonside, Plymouth PL4 0FE, UK",01752 263127,https://www.zizzi.co.uk/italian-restaurants/south-west/plymouth?utm_source=google&utm_medium=knowledgepanel&utm_campaign=GMB
Hull,"Napoleons Casino & Restaurant, Hull","193-203 George St, Hull HU1 3BS, UK",01482 221133,https://napoleons-casinos.co.uk/the-casinos/hull/
Hull,Prezzo Italian Restaurant Hull,"Unit 41, St. Stephens, 110 Ferensway, Hull HU2 8LN, UK",01482 529386,https://www.prezzo.co.uk/restaurants/hull/
Hull,ASK Italian - Hull,"Warehouse, 6 Princes Dock St, Hull HU1 2LX, UK",01482 210565,https://www.askitalian.co.uk/italian/restaurants/hull?utm_source=google&utm_medium=knowledgepanel&utm_campaign=GMB
Hull,Zizzi - Hull,"50a, 110 Ferensway, Hull HU2 8LN, UK",01482 215770,https://www.zizzi.co.uk/italian-restaurants/north-east/hull?utm_source=google&utm_medium=knowledgepanel&utm_campaign=GMB
Hull,Nando's Hull - Princes Quay,"Unit CU5, Princes Quay, Waterhouse Ln, Hull HU1 2PQ, UK",01482 219447,https://www.nandos.co.uk/restaurants/hull-princes-quay?utm_campaign=websitecta_NA&utm_content=Multi-Chan_GB_NA_NA_NA_all_NA_NA_hull-princes-quay&utm_medium=mybusiness&utm_source=google&utm_term=Local
Derby,Cosy Club,"Royal Bldg, Victoria St, Derby DE1 1ES, UK",01332 631004,https://cosyclub.co.uk/location/derby
Derby,Turtle Bay Derby,"1-5 Wardwick, Derby DE1 1HA, UK",01332 344100,https://turtlebay.co.uk/restaurants/derby
Derby,Harvester Pride Park Derby,"Roundhouse Rd, Derby DE24 8JE, UK",01332 371471,https://www.harvester.co.uk/restaurants/eastandwestmidlands/harvesterprideparkderby?utm_source=google&utm_medium=organic&utm_campaign=gmb-homepage
Derby,Carluccio's,"Derbion, West Mall, Derby DE1 2PL, UK",01332 410762,http://www.carluccios.com/restaurants/derby
Derby,wagamama derby,"level two, London Rd, Derby DE1 2PQ, UK",01332 347556,https://www.wagamama.com/restaurants/derby/derby
Derby,Zizzi - Derby,"2nd Floor, West Mall, Derbion Shopping Centre, Derby DE1 2PL, UK",01332 970303,https://www.zizzi.co.uk/italian-restaurants/midlands/derby?utm_source=google&utm_medium=knowledgepanel&utm_campaign=GMB
Southampton,Turtle Bay Southampton,"1 Guildhall Sq, Southampton SO14 7FP, UK",023 8063 9568,https://turtlebay.co.uk/restaurants/southampton
Southampton,Las Iguanas - Southampton,"West Quay Shopping Centre, 23 Harbour Parade, Southampton SO15 1QF, UK",023 8214 5522,https://www.iguanas.co.uk/restaurants/southampton/?utm_source=google&utm_medium=organic&utm_campaign=google_lpm_lasiguanas_southampton
Southampton,Carluccio's,"Unit SU55/56, westquay, Shopping Centre, Southampton SO15 1QF, UK",023 8254 2932,https://www.carluccios.com/restaurants/southampton
Southampton,Zizzi - Southampton,"Unit WM19, Level 2, West Quay South, Southampton SO15 1DE, UK",023 9217 5056,https://www.zizzi.co.uk/italian-restaurants/south-east/southampton?utm_source=google&utm_medium=knowledgepanel&utm_campaign=GMB
Southampton,Bella Italia - Southampton Hanover,"19 Hanover Buildings, Southampton SO14 1JX, UK",023 8254 3796,https://www.bellaitalia.co.uk/restaurants/southampton/hanover/?utm_source=google&utm_medium=organic&utm_campaign=google_lpm_bellaitalia_southamptonhanover
Southampton,Franco Manca Southampton,"Unit WM09, W Quay Rd, Southampton SO15 1QF, UK",023 8111 2035,https://www.francomanca.co.uk/restaurants/southampton
Southampton,Wingstop Southampton,"West Quay, Unit WM17, Harbour Parade, Southampton SO15 1QF, UK",023 8098 5956,https://www.wingstop.co.uk/?y_source=1_MTAxMDY0MTQzNC03MTUtbG9jYXRpb24ud2Vic2l0ZQ%3D%3D
Southampton,TGI Fridays - Southampton Retail Park,"3 Harbour Parade, Southampton SO15 1BA, UK",0330 175 9243,https://www.tgifridays.co.uk/locations/southampton-retail-park/?utm_source=localGMB&utm_medium=organic&utm_campaign=643
Stoke-on-Trent,Harvester Trentham Lakes Stoke,"Trentham Lakes, Stanley Matthews Way, Stoke-on-Trent ST4 4TL, UK",01782 331234,https://www.harvester.co.uk/restaurants/eastandwestmidlands/harvestertrenthamlakesstokeontrent?utm_source=google&utm_medium=organic&utm_campaign=gmb-homepage
Stoke-on-Trent,Harvester Poachers Cottage Stoke,"Stone Rd, Stoke-on-Trent ST4 8AA, UK",01782 657115,https://www.harvester.co.uk/restaurants/eastandwestmidlands/thepoacherscottagestokeontrent?utm_source=google&utm_medium=organic&utm_campaign=gmb-homepage
Stoke-on-Trent,wagamama stoke,"unit 1, junction leisure park, Etruria Rd, Hanley, Stoke-on-Trent ST1 5NS, UK",01782 444159,https://www.wagamama.com/restaurants/stoke-on-trent/stoke
Stoke-on-Trent,Toby Carvery Festival Park,"National Festival Park, Marina Way, Stoke-on-Trent ST1 5PA, UK",01782 260199,https://www.tobycarvery.co.uk/restaurants/midlands/festivalparkstokeontrent?utm_source=google&utm_medium=organic&utm_campaign=gmb-homepage
Stoke-on-Trent,Nando's Stoke - Potteries Centre,"Unit 1, Intu potteries, Bryan St, Hanley, Stoke-on-Trent ST1 1PS, UK",01782 267460,https://www.nandos.co.uk/restaurants/stoke-potteries-centre?utm_campaign=websitecta_NA&utm_content=Multi-Chan_GB_NA_NA_NA_all_NA_NA_stoke-potteries-centre&utm_medium=mybusiness&utm_source=google&utm_term=Local
Stoke-on-Trent,Nando's Stoke - Etruria Mills,"Unit 2, Etruria Mills, Etruria Rd, Hanley, Stoke-on-Trent ST1 5NS, UK",01782 274413,https://www.nandos.co.uk/restaurants/stoke-etruria-mills?utm_campaign=websitecta_NA&utm_content=Multi-Chan_GB_NA_NA_NA_all_NA_NA_stoke-etruria-mills&utm_medium=mybusiness&utm_source=google&utm_term=Local
Stoke-on-Trent,Toby Carvery Trentham Village,"206 Longton Rd, Stoke-on-Trent ST4 8BU, UK",01782 644448,https://www.tobycarvery.co.uk/restaurants/midlands/trenthamvillagestokeontrent?utm_source=google&utm_medium=organic&utm_campaign=gmb-homepage
Wolverhampton,Miller & Carter Penn,"Stourbridge Rd, Wolverhampton WV4 5NG, UK",01902 896264,https://www.millerandcarter.co.uk/restaurants/east-and-west-midlands/millerandcarterpenn?utm_source=google&utm_medium=organic&utm_campaign=gmb-homepage
Wolverhampton,Nando's Wolverhampton - Queen Street,"23-24 Queen St, Wolverhampton WV1 3JW, UK",01902 312745,https://www.nandos.co.uk/restaurants/wolverhampton-queen-street?utm_campaign=websitecta_NA&utm_content=Multi-Chan_GB_NA_NA_NA_all_NA_NA_wolverhampton-queen-street&utm_medium=mybusiness&utm_source=google&utm_term=Local
Wolverhampton,wagamama wolverhampton bentley bridge,"Unit 2A, Bentley Bridge Leisure Park, Wolverhampton WV11 1BP, UK",01902 240494,https://wagamama.com/restaurants/wolverhampton/bentley-bridge
Milton Keynes,Cosy Club,"Unit 3/5, Silbury Arcade, Milton Keynes MK9 3AG, UK",01908 752703,https://cosyclub.co.uk/location/milton-keynes/
Milton Keynes,Brasserie Blanc Milton Keynes,"301 Avebury Blvd, Milton Keynes MK9 2GA, UK",01908 546590,https://brasserieblanc.com/brasseries/milton-keynes/?utm_source=google&utm_medium=organic&utm_campaign=google_business_profile
Milton Keynes,Las Iguanas - Milton Keynes,"The Hub, Witan Gate, Milton Keynes MK9 2FB, UK",01908 953302,https://www.iguanas.co.uk/restaurants/milton-keynes/?utm_source=google&utm_medium=organic&utm_campaign=google_lpm_lasiguanas_miltonkeynes
Milton Keynes,Turtle Bay Milton Keynes,"5 Mortimer Square, Milton Keynes MK9 2FB, UK",01908 397888,https://turtlebay.co.uk/restaurants/milton-keynes
Milton Keynes,Banana Tree Milton Keynes,"2-10 Brooklyn, Holkham Walk, Milton Keynes MK9 2FS, UK",01908 676993,https://bananatree.co.uk/restaurants/milton-keynes/?utm_source=google&utm_medium=organic&utm_campaign=google_lpm_bananatree_miltonkeynes
Milton Keynes,The Barn Beefeater,"Secklow Gate W, Milton Keynes MK9 3BZ, UK",01908 663388,https://www.beefeater.co.uk/en-gb/locations/buckinghamshire/the-barn?cid=GLBC_40010645
Milton Keynes,Harvester Fountain Milton Keynes,"London Rd, Loughton, Milton Keynes MK5 8AF, UK",01908 666203,https://www.harvester.co.uk/restaurants/southeast/thefountainmiltonkeynes?utm_source=google&utm_medium=organic&utm_campaign=gmb-homepage
Milton Keynes,ASK Italian - Milton Keynes,"Unit 23, The Centre:Mk, 25 Eagle Walk, Milton Keynes MK9 3EP, UK",01908 417677,https://www.askitalian.co.uk/italian/restaurants/milton-keynes-centre-mk?utm_source=google&utm_medium=knowledgepanel&utm_campaign=GMB
Milton Keynes,Bella Italia - Milton Keynes,"12 Savoy Cres, Milton Keynes MK9 3PU, UK",01908 104647,https://www.bellaitalia.co.uk/restaurants/milton-keynes/savoy-crescent/?utm_source=google&utm_medium=organic&utm_campaign=google_lpm_bellaitalia_miltonkeynes
Milton Keynes,TGI Fridays - Milton Keynes Theatre,"4 Savoy Cres, Milton Keynes MK9 3PU, UK",0330 175 9241,https://www.tgifridays.co.uk/locations/milton-keynes/?utm_source=localGMB&utm_medium=organic&utm_campaign=653
Milton Keynes,"Zizzi - Milton Keynes, The Hub","The Hub, Milton Keynes MK9 2HP, UK",01908 609980,https://www.zizzi.co.uk/italian-restaurants/south-east/milton-keynes-the-hub?utm_source=google&utm_medium=knowledgepanel&utm_campaign=GMB
Milton Keynes,Prezzo Italian Restaurant Milton Keynes Stadium,"7 Stadium Way W, Bletchley, Milton Keynes MK1 1ST, UK",01908 733008,https://www.prezzo.co.uk/restaurants/milton-keynes-stadium/
Milton Keynes,Chaiiwala,"Unit 4F, 45 Silbury Blvd, Milton Keynes MK9 3AG, UK",01908 893690,https://www.chaiiwala.co.uk/
Milton Keynes,wagamama milton keynes,"7, Sunset Walk, Milton Keynes MK9 3PD, UK",01908 238341,https://www.wagamama.com/restaurants/milton-keynes/milton-keynes
Milton Keynes,Popeyes Louisiana Chicken,"Unit 2 Midsummer Blvd, Milton Keynes MK9 3GA, UK",0330 175 8760,https://popeyesuk.com/restaurants/milton-keynes
Milton Keynes,Nando's Milton Keynes - The Centre,"Unit D4, Queens Court, The Centre: MK, Silbury Blvd, Milton Keynes MK9 3ES, UK",01908 395542,https://www.nandos.co.uk/restaurants/milton-keynes-the-centre?utm_campaign=websitecta_NA&utm_content=Multi-Chan_GB_NA_NA_NA_all_NA_NA_milton-keynes-the-centre&utm_medium=mybusiness&utm_source=google&utm_term=Local
Milton Keynes,Wingstop Milton Keynes,"Unit 3, Midsummer Place Shopping Centre, 86-88 Midsummer Blvd, Milton Keynes MK9 3GB, UK",01908 041796,https://www.wingstop.co.uk/?y_source=1_MTA2MDkyOTYyMy03MTUtbG9jYXRpb24ud2Vic2l0ZQ%3D%3D
Reading,Las Iguanas - Reading,"Riverside, The Oracle, Reading RG1 2AG, UK",0118 907 1980,https://www.iguanas.co.uk/restaurants/reading/?utm_source=google&utm_medium=organic&utm_campaign=google_lpm_lasiguanas_reading
Reading,Carluccio's,"Unit 1, Davidson House, Reading RG1 3EY, UK",0118 214 7089,https://www.carluccios.com/restaurants/reading
Reading,Bella Italia - Reading Oracle,"Unit 11A, Oracle, Reading RG1 2AT, UK",0118 467 0867,https://www.bellaitalia.co.uk/restaurants/reading/the-oracle/?utm_source=google&utm_medium=organic&utm_campaign=google_lpm_bellaitalia_readingoracle
Reading,Miller & Carter Oracle,"Unit 5, Berkshire, The Oracle Centre, Reading RG1 2AG, UK",0118 950 9961,https://www.millerandcarter.co.uk/restaurants/south-east/millerandcarteroracle?utm_source=google&utm_medium=organic&utm_campaign=gmb-homepage
Reading,Wingstop Reading,"The Oracle Shopping Center, Unit No. 24a First Floor, Riverside Rd, Reading RG1 2AH, UK",0118 321 2699,https://www.wingstop.co.uk/?y_source=1_NTk5NDE4NjYtNzE1LWxvY2F0aW9uLndlYnNpdGU%3D
Reading,Zizzi - Reading Oracle,"20 The Riverside, The Oracle, Reading RG1 2AG, UK",0118 996 2111,https://www.zizzi.co.uk/italian-restaurants/south-east/reading-oracle?utm_source=google&utm_medium=knowledgepanel&utm_campaign=GMB
Reading,Prezzo Italian Restaurant Reading,"10-12 King St, Reading RG1 2HE, UK",0118 338 3951,https://www.prezzo.co.uk/restaurants/reading/
Reading,wagamama reading,"Bridge St, Reading RG1 2AG, UK",0118 951 1599,https://www.wagamama.com/restaurants/reading/reading
Northampton,Turtle Bay Northampton,"2-6 Gold St, Northampton NN1 1RS, UK",01604 635137,https://turtlebay.co.uk/restaurants/northampton
Northampton,Prezzo,"Unit B, 3 Wood Hill, Northampton NN1 2DA, UK",01604 261775,https://www.prezzo.co.uk/restaurants/northampton/
Northampton,Bella Italia - Northampton,"Sixfields Tavern, Walter Tull Way, Sixfields, Northampton NN5 5QJ, UK",01604 979009,https://www.bellaitalia.co.uk/restaurants/northampton/sixfields/?utm_source=google&utm_medium=organic&utm_campaign=google_lpm_bellaitalia_northampton
Northampton,Miller & Carter Northampton,"Talavera Way, Northampton NN3 8RN, UK",01604 494241,https://www.millerandcarter.co.uk/restaurants/east-and-west-midlands/millerandcarternorthampton?utm_source=google&utm_medium=organic&utm_campaign=gmb-homepage
Northampton,Harvester Nene Valley - Northampton,"Marquee Drive, Riverside Retail Park, Northampton NN3 9HU, UK",01604 412365,https://www.harvester.co.uk/restaurants/eastandwestmidlands/harvesterriversidenorthampton?utm_source=google&utm_medium=organic&utm_campaign=gmb-homepage
Northampton,wagamama northampton,"Walter Tull Way, Northampton, sixfields NN5 5QJ, UK",01604 918884,https://www.wagamama.com/restaurants/sixfields/northampton
Luton,The Brache Beefeater,"Osborne Rd, Luton LU1 3HJ, UK",01582 420208,https://www.beefeater.co.uk/en-gb/locations/bedfordshire/the-brache?cid=GBC_40011080
Luton,Nando's Luton,"Unit A, The Galaxy Centre, Bridge St, Luton LU1 2NB, UK",01582 431808,https://www.nandos.co.uk/restaurants/luton?utm_campaign=websitecta_NA&utm_content=Multi-Chan_GB_NA_NA_NA_all_NA_NA_luton&utm_medium=mybusiness&utm_source=google&utm_term=Local
Luton,Chaiiwala,"210, The Mall, St George's Square, Luton LU1 2LJ, UK",01582 353666,https://www.chaiiwala.co.uk/
Portsmouth,Brasserie Blanc Portsmouth,"113-114, 1 Gunwharf Rd, Portsmouth PO1 3FR, UK",023 9289 1320,https://brasserieblanc.com/brasseries/portsmouth/?utm_source=google&utm_medium=organic&utm_campaign=google_business_profile
Portsmouth,Las Iguanas - Portsmouth - Gunwharf Quays,"108-111, East Side Plaza Gunwharf Quays, Portsmouth PO1 3SY, UK",023 9431 8964,https://www.iguanas.co.uk/restaurants/portsmouth/?utm_source=google&utm_medium=organic&utm_campaign=google_lpm_lasiguanas_portsmouth_gunwharfquays
Portsmouth,Carluccio's,"Unit R20, Blake House, Portsmouth PO1 3TH, UK",023 9283 3787,https://www.carluccios.com/restaurants/portsmouth
Portsmouth,Zizzi - Portsmouth,"Gunwharf Quays, Portsmouth PO1 3TA, UK",023 9217 5111,https://www.zizzi.co.uk/italian-restaurants/south-east/portsmouth?utm_source=google&utm_medium=knowledgepanel&utm_campaign=GMB
Portsmouth,Bella Italia - Portsmouth Gunwharf Quays,"Unit R10, Waterfront, Portsmouth PO1 3TA, UK",023 9431 8950,https://www.bellaitalia.co.uk/restaurants/portsmouth/gunwharf-quays/?utm_source=google&utm_medium=organic&utm_campaign=google_lpm_bellaitalia_portsmouthgunwharfquays
Portsmouth,Chiquito,"Central Bldg, Portsmouth PO1 3TU, UK",023 9289 9760,https://www.chiquito.co.uk/restaurants/portsmouth-gunwharf-quay?utm_source=google&utm_medium=organic&utm_campaign=google_lpm_chiquito_portsmouth
Portsmouth,Nando's Portsmouth,"Unit L018, First Floor, Central Bldg Gunwharf Quays, Park Rd, Portsmouth PO1 3TR, UK",023 9275 3360,https://www.nandos.co.uk/restaurants/portsmouth?utm_campaign=websitecta_NA&utm_content=Multi-Chan_GB_NA_NA_NA_all_NA_NA_portsmouth&utm_medium=mybusiness&utm_source=google&utm_term=Local
Portsmouth,Harbour Lights Beefeater,"1 Southampton Rd, Cosham, North Harbour, Portsmouth PO6 4SA, UK",023 9232 1122,https://www.beefeater.co.uk/en-gb/locations/hampshire/harbour-lights?cid=GLBC_40013405
Portsmouth,Harvester,"15 The Boardwalk, Portsmouth PO6 4TP, UK",023 9220 1012,https://www.harvester.co.uk/restaurants/southeast/harvesterportsolentportsmouth?utm_source=google&utm_medium=organic&utm_campaign=gmb-homepage
Peterborough,Turtle Bay Peterborough,"46, Queensgate Shopping Centre, Peterborough PE1 1NH, UK",01733 344818,https://turtlebay.co.uk/restaurants/peterborough
Peterborough,Bella Italia - Peterborough,"Cygnet Park, Phorpres Way, Hampton, Peterborough PE7 8FD, UK",01733 972144,https://www.bellaitalia.co.uk/restaurants/peterborough/cygnet-park/?utm_source=google&utm_medium=organic&utm_campaign=google_lpm_bellaitalia_peterborough
Peterborough,Las Iguanas - Peterborough,"7-8 Church St, Peterborough PE1 1XB, UK",01733 300220,https://www.iguanas.co.uk/restaurants/peterborough/?utm_source=google&utm_medium=organic&utm_campaign=google_lpm_lasiguanas_peterborough
Peterborough,Harvester Pavillions West Peterborough,"Cambridgeshire, Unit 4, Cygnet Park, Pavilions West, Hampton, Peterborough PE7 8FD, UK",01733 340753,https://www.harvester.co.uk/restaurants/eastofengland/harvesterpavilionspeterborough?utm_source=google&utm_medium=organic&utm_campaign=gmb-homepage
Peterborough,Toby Carvery Peterborough,"Ashbourne Rd, Hampton, Peterborough PE7 8BT, UK",01733 565392,https://www.tobycarvery.co.uk/restaurants/east-of-england/peterboroughhampton?utm_source=google&utm_medium=organic&utm_campaign=gmb-homepage
Peterborough,Prezzo Italian Restaurant Peterborough,"2 Cowgate, Peterborough PE1 1NA, UK",01733 666157,https://www.prezzo.co.uk/restaurants/peterborough/
Peterborough,Wingstop Peterborough,"Unit 2, 1-4 Long Causeway, Peterborough PE1 1YD, UK",01733 809580,https://www.wingstop.co.uk/?y_source=1_MjAxNDk3MjExOS03MTUtbG9jYXRpb24ud2Vic2l0ZQ%3D%3D
Peterborough,Nando's Peterborough,"4, Cathedral Square, Church St, Peterborough PE1 1XH, UK",01733 551222,https://www.nandos.co.uk/restaurants/peterborough?utm_campaign=websitecta_NA&utm_content=Multi-Chan_GB_NA_NA_NA_all_NA_NA_peterborough&utm_medium=mybusiness&utm_source=google&utm_term=Local
Peterborough,wagamama peterborough,"37-39 Long Causeway, Peterborough PE1 1YJ, UK",01733 889851,https://www.wagamama.com/restaurants/peterborough/peterborough
Bolton,Bella Italia - Bolton,"Middle Brook Retail Park, Unit 23 The Linkway, Horwich, Bolton BL6 6JA, UK",01204 938946,https://www.bellaitalia.co.uk/restaurants/bolton/the-linkway/?utm_source=google&utm_medium=organic&utm_campaign=google_lpm_bellaitalia_bolton
Bolton,TGI Fridays - Bolton,"Middle Brook Retail Park, Unit 6a The Linkway, Horwich, Bolton BL6 6JA, UK",0330 175 9232,https://www.tgifridays.co.uk/locations/bolton/?utm_source=localGMB&utm_medium=organic&utm_campaign=617
Bolton,Toby Carvery Bolton,"Crompton Way, Bolton BL1 8TJ, UK",01204 591798,https://www.tobycarvery.co.uk/restaurants/north-west/boltonlancashire?utm_source=google&utm_medium=organic&utm_campaign=gmb-homepage
Bolton,Nando's Bolton Vaults,"Market Place Bolton, Knowsley St Bolton, Greater, Bolton, Manchester BL1 2AL, UK",01204 371788,https://www.nandos.co.uk/restaurants/bolton-vaults?utm_campaign=websitecta_NA&utm_content=Multi-Chan_GB_NA_NA_NA_all_NA_NA_bolton-vaults&utm_medium=mybusiness&utm_source=google&utm_term=Local
Dudley,Bella Italia - Dudley,"De Vere Village, Castlegate Park, Birmingham Rd, Dudley DY1 4TB, UK",01384 958310,https://www.bellaitalia.co.uk/restaurants/dudley/castlegate-park/?utm_source=google&utm_medium=organic&utm_campaign=google_lpm_bellaitalia_dudley
Dudley,Castlegate Harvester,"Castlegate Way, Tipton Rd, Dudley DY1 4TA, UK",01384 240856,https://www.harvester.co.uk/restaurants/eastandwestmidlands/harvestercastlegate?utm_source=google&utm_medium=organic&utm_campaign=gmb-homepage
Dudley,Chiquito,"Castlegate Way, Dudley DY1 4TA, UK",01384 215130,https://www.chiquito.co.uk/restaurants/dudley?utm_source=google&utm_medium=organic&utm_campaign=google_lpm_chiquito_dudley
Dudley,Chaiiwala,"50 High St, Dudley DY1 1PS, UK",01384 880522,https://www.chaiiwala.co.uk/
Dudley,Nando's Dudley,"Unit 2, Castlegate Park, Birmingham Rd, Dudley DY1 4TB, UK",01384 254018,https://www.nandos.co.uk/restaurants/dudley?utm_campaign=websitecta_NA&utm_content=Multi-Chan_GB_NA_NA_NA_all_NA_NA_dudley&utm_medium=mybusiness&utm_source=google&utm_term=Local
Dudley,Toby Carvery Burnt Tree Island,"Dudley, Burnt Tree Island, Tipton, Dudley DY4 7UF, UK",0121 520 2100,https://www.tobycarvery.co.uk/restaurants/midlands/burnttreeislanddudley?utm_source=google&utm_medium=organic&utm_campaign=gmb-homepage
Dudley,Harvester Summerhill House Dudley,"Swindon Rd, Kingswinford DY6 9XA, UK",01384 295254,https://www.harvester.co.uk/restaurants/eastandwestmidlands/thesummerhillkingswinford?utm_source=google&utm_medium=organic&utm_campaign=gmb-homepage
Dudley,Wingstop Merry Hill,"Unit 29, Shopping Centre, 31 Upper Mall, Merry Hill, Brierley Hill DY5 1SP, UK",01384 466595,https://www.wingstop.co.uk/?y_source=1_MTA0ODgxNTgwOS03MTUtbG9jYXRpb24ud2Vic2l0ZQ%3D%3D
Norwich,Turtle Bay Norwich,"8 Swan Ln, Norwich NR2 1HZ, UK",01603 305300,https://turtlebay.co.uk/restaurants/norwich
Norwich,Cosy Club,"45-51 London St, Norwich NR2 1HX, UK",01603 358640,https://cosyclub.co.uk/location/norwich
Norwich,TGI Fridays - Norwich,"Riverside Leisure Park, Wherry Rd, Norwich NR1 1WX, UK",0330 175 9266,https://www.tgifridays.co.uk/locations/norwich/?utm_source=localGMB&utm_medium=organic&utm_campaign=692
Norwich,wagamama norwich chapel field,"408 chapelfield plain, Chapel Field E, Norwich NR2 1SZ, UK",01603 305985,https://www.wagamama.com/restaurants/norwich/norwich
Norwich,ASK Italian - Norwich,"Unit 405 Chapelfield Plain, Norwich NR2 1SZ, UK",01603 393305,https://www.askitalian.co.uk/italian/restaurants/norwich?utm_source=google&utm_medium=knowledgepanel&utm_campaign=GMB
Norwich,Zizzi - Norwich,"25 Tombland, Norwich NR3 1RF, UK",01603 291227,https://www.zizzi.co.uk/italian-restaurants/east-anglia/norwich?utm_source=google&utm_medium=knowledgepanel&utm_campaign=GMB
Swindon,Swindon Harvester,"Latham Road, Thamesdown Dr, Blunsdon St Andrew, Swindon SN25 4DL, UK",01793 702631,https://www.harvester.co.uk/restaurants/southwest/harvesterswindonwiltshire?utm_source=google&utm_medium=organic&utm_campaign=gmb-homepage
Swindon,Miller & Carter Swindon,"164 Drove Rd, Swindon SN1 3AG, UK",01793 521028,https://www.millerandcarter.co.uk/restaurants/south-west/millerandcarterswindon?utm_source=google&utm_medium=organic&utm_campaign=gmb-homepage
Swindon,wagamama swindon designer outlet,"designer outlet, Kemble Dr, Swindon SN2 2DY, UK",01793 847894,https://www.wagamama.com/restaurants/swindon/swindon
Swindon,Nando's Swindon - Regent Circus,"Unit 2 Regent Circus, Crombey St, Swindon SN1 1FA, UK",01793 480769,https://www.nandos.co.uk/restaurants/swindon-regent-circus?utm_campaign=websitecta_NA&utm_content=Multi-Chan_GB_NA_NA_NA_all_NA_NA_swindon-regent-circus&utm_medium=mybusiness&utm_source=google&utm_term=Local
Swindon,The Lydiard Beefeater,"Lydiard Fields, Great Western Way, Swindon SN5 8UB, UK",01793 881490,https://www.beefeater.co.uk/en-gb/locations/wiltshire/the-lydiard?cid=GLBC_40014660
Swindon,Slim Chickens,"Unit 100, The Designer Outlet Centre, Unit 100 Kemble Dr, Swindon SN2 2DY, UK",01793 640440,https://www.slimchickens.co.uk/
Croydon,Toby Carvery South Croydon,"415 Brighton Rd, South Croydon CR2 6ES, UK",020 8680 4559,https://www.tobycarvery.co.uk/restaurants/south-east/southcroydongreaterlondon?utm_source=google&utm_medium=organic&utm_campaign=gmb-homepage
Croydon,Harvester Cricketers Croydon,"36 Addington Village Rd, Croydon CR0 5AQ, UK",01689 842057,https://www.harvester.co.uk/restaurants/southeast/thecricketerscroydon?utm_source=google&utm_medium=organic&utm_campaign=gmb-homepage
Croydon,Nando's Croydon - High Street,"26, High St Croydon, Greater, London CR0 1GT, UK",020 8681 3505,https://www.nandos.co.uk/restaurants/croydon-high-street?utm_campaign=websitecta_NA&utm_content=Multi-Chan_GB_NA_NA_NA_all_NA_NA_croydon-high-street&utm_medium=mybusiness&utm_source=google&utm_term=Local
Croydon,wagamama croydon,"4 Park Ln, London CR0 1JA, UK",020 8760 9260,https://www.wagamama.com/restaurants/london/croydon
Croydon,Popeyes Louisiana Chicken,"43 George St, Croydon CR0 1LB, UK",0330 175 8760,https://popeyesuk.com/restaurants/croydon
Croydon,Nando's East Croydon,"95 George St, Croydon CR9 2NS, UK",020 3955 6869,https://www.nandos.co.uk/restaurants/east-croydon?utm_campaign=websitecta_NA&utm_content=Multi-Chan_GB_NA_NA_NA_all_NA_NA_east-croydon&utm_medium=mybusiness&utm_source=google&utm_term=Local
Bournemouth,Turtle Bay Bournemouth,"The Citrus Building, Bournemouth BH1 1NL, UK",01202 551162,https://turtlebay.co.uk/restaurants/bournemouth
Bournemouth,Brasserie Blanc - Bournemouth,"105 St Michael's Rd, W Cliff Rd, Bournemouth BH2 5DU, UK",01202 200899,https://brasserieblanc.com/brasseries/bournemouth/?utm_source=google&utm_medium=organic&utm_campaign=google_business_profile
Bournemouth,Cosy Club,"34 Old Christchurch Rd, Bournemouth BH1 1LG, UK",01202 509723,https://cosyclub.co.uk/location/bournemouth/
Bournemouth,Harvester Cooper Dean Bournemouth,"Dorset, 700 Castle Ln W, Bournemouth BH8 9UQ, UK",01202 397927,https://www.harvester.co.uk/restaurants/southwest/thecooperdeanbournemouth?utm_source=google&utm_medium=organic&utm_campaign=gmb-homepage
Bournemouth,Miller & Carter Bournemouth,"UG7-UG8, Exeter Rd, Bournemouth BH2 5AF, UK",01202 023565,https://www.millerandcarter.co.uk/restaurants/south-west/millerandcarterbournemouth?utm_source=google&utm_medium=organic&utm_campaign=gmb-homepage
Bournemouth,Zizzi - Bournemouth,"5, The Square, Bournemouth BH2 6HE, UK",01202 073120,https://www.zizzi.co.uk/italian-restaurants/south-west/bournemouth?utm_source=google&utm_medium=knowledgepanel&utm_campaign=GMB
Bournemouth,Harvester Durley Inn Bournemouth,"Dorset, W Undercliff Promenade, Durley Chine, Westbourne, Bournemouth BH2 5JF, UK",01202 290480,https://www.harvester.co.uk/restaurants/southwest/thedurleyinnbournemouth?utm_source=google&utm_medium=organic&utm_campaign=gmb-homepage
Bournemouth,ASK Italian - Bournemouth,"Unit Ug4, Bh2, Exeter Cres, Bournemouth BH2 5AU, UK",01202 295583,https://www.askitalian.co.uk/italian/restaurants/bournemouth-bh2?utm_source=google&utm_medium=knowledgepanel&utm_campaign=GMB
Bournemouth,Prezzo Italian Restaurant Bournemouth West Central,"UG9 West Central Leisure Complex, Bournemouth BH2 5DD, UK",01202 059229,https://www.prezzo.co.uk/restaurants/bournemouth-west-central/
Bournemouth,Prezzo Italian Restaurant Bournemouth Westover Road,"58 Westover Rd, Bournemouth BH1 2BZ, UK",01202 059224,https://www.prezzo.co.uk/restaurants/bournemouth-westover-road/
Bournemouth,wagamama bournemouth,"31-32 Westover Rd, Bournemouth BH1 2BZ, UK",01202 296850,https://www.wagamama.com/restaurants/bournemouth/bournemouth
Bournemouth,Harvester Neptune Bournemouth,"Beach House, Boscombe, Bournemouth BH5 1BN, UK",01202 399987,https://www.harvester.co.uk/restaurants/southwest/theneptuneboscombe?utm_source=google&utm_medium=organic&utm_campaign=gmb-homepage
Southend-on-Sea,Strawberry Field Beefeater,"Off Thanet Grange, Prince Ave, Southend-on-Sea SS2 6GB, UK",01702 341175,https://www.beefeater.co.uk/en-gb/locations/essex/strawberry-field?cid=GLBC_41017465
Southend-on-Sea,wagamama southend,"5-6, The Broadway, London Rd, Southend-on-Sea SS1 1TJ, UK",01702 412947,https://www.wagamama.com/restaurants/southend-on-sea/southend-on-sea
Southend-on-Sea,ASK Italian Southend,"Unit 7/8, The Broadway, London Rd, Southend-on-Sea SS1 1TJ, UK",01702 433974,https://www.askitalian.co.uk/italian/restaurants/southend-on-sea?utm_source=google&utm_medium=knowledgepanel&utm_campaign=GMB
Walsall,Bella Italia - Walsall,"6 Waterfront Way, Walsall WS2 8DH, UK",01922 929499,https://www.bellaitalia.co.uk/restaurants/walsall/waterfront/?utm_source=google&utm_medium=organic&utm_campaign=google_lpm_bellaitalia_walsall
Walsall,Harvester George Stephenson,"Stephenson Ave, Walsall WS2 7EU, UK",01922 630458,https://www.harvester.co.uk/restaurants/eastandwestmidlands/thegeorgestephensonwalsall?utm_source=google&utm_medium=organic&utm_campaign=gmb-homepage
Walsall,Toby Carvery Walsall Broadway,"Broadway N, Walsall WS1 2QA, UK",01922 626899,https://www.tobycarvery.co.uk/restaurants/midlands/walsallbroadwaywalsall?utm_source=google&utm_medium=organic&utm_campaign=gmb-homepage
Walsall,Bentley Green Beefeater,"Bentley Rd N, Walsall WS2 0WB, UK",01922 724485,https://www.beefeater.co.uk/en-gb/locations/west-midlands/bentley-green?cid=GLBC_41510835
Walsall,Nando's Walsall,"Crown Wharf Shopping Park, Wolverhampton St, Walsall WS2 8LR, UK",01922 724286,https://www.nandos.co.uk/restaurants/walsall?utm_campaign=websitecta_NA&utm_content=Multi-Chan_GB_NA_NA_NA_all_NA_NA_walsall&utm_medium=mybusiness&utm_source=google&utm_term=Local
Walsall,Chaiiwala,"26 Caldmore Grn, Walsall WS1 3RL, UK",01922 662226,https://www.chaiiwala.co.uk/
Warrington,ASK Italian - Warrington,"12-14, The Old Town House, Old Mkt Pl, Warrington WA1 1QB, UK",01925 382626,https://www.askitalian.co.uk/italian/restaurants/warrington?utm_source=google&utm_medium=knowledgepanel&utm_campaign=GMB
Warrington,Harvester Apollo - Warrington,"Gemini 8, Apollo Park, Westbrook, Burtonwood, Cheshire, Warrington WA5 7YA, UK",01925 712345,https://www.harvester.co.uk/restaurants/northwest/harvesterapollowarrington?utm_source=google&utm_medium=organic&utm_campaign=gmb-homepage
Warrington,Miller And Carter Warrington,"Gemini Retail Park, Westbrook, Cheshire, Warrington WA5 8WF, UK",01925 712173,https://www.millerandcarter.co.uk/restaurants/north-west/millerandcarterwarrington?utm_source=google&utm_medium=organic&utm_campaign=gmb-homepage
Slough,Harvester Montague Arms Slough,"Berkshire, 374 London Rd, Langley, Slough SL3 7HX, UK",01753 543009,https://www.harvester.co.uk/restaurants/southeast/themontaguarmsslough?utm_source=google&utm_medium=organic&utm_campaign=gmb-homepage
Slough,Nando's Slough - High Street,"258 High St, Slough SL1 1JU, UK",01753 694222,https://www.nandos.co.uk/restaurants/slough-high-street?utm_campaign=websitecta_NA&utm_content=Multi-Chan_GB_NA_NA_NA_all_NA_NA_slough-high-street&utm_medium=mybusiness&utm_source=google&utm_term=Local
Huddersfield,Nando's Huddersfield,"1-9 John William St, Huddersfield HD1 1BR, UK",01484 544094,https://www.nandos.co.uk/restaurants/huddersfield?utm_campaign=websitecta_NA&utm_content=Multi-Chan_GB_NA_NA_NA_all_NA_NA_huddersfield&utm_medium=mybusiness&utm_source=google&utm_term=Local
Huddersfield,Toby Carvery Huddersfield,"Brighouse Rd, Elland, Huddersfield HD2 2LB, UK",01422 374360,https://www.tobycarvery.co.uk/restaurants/yorkshire/ainleytophuddersfield?utm_source=google&utm_medium=organic&utm_campaign=gmb-homepage
Telford,Bella Italia - Telford,"Unit 4 Southwater Way, Telford TF3 4JG, UK",01952 987885,https://www.bellaitalia.co.uk/restaurants/telford/southwater-square/?utm_source=google&utm_medium=organic&utm_campaign=google_lpm_bellaitalia_telford
Telford,Miller & Carter Telford,"Unit 2a Southwater Way, Telford TF3 4JG, UK",01952 200345,https://www.millerandcarter.co.uk/restaurants/east-and-west-midlands/millerandcartertelford?utm_source=google&utm_medium=organic&utm_campaign=gmb-homepage
Telford,Zizzi - Telford,"Southwater Leisure Hub, Telford TF3 4JG, UK",01952 763355,https://www.zizzi.co.uk/italian-restaurants/midlands/telford?utm_source=google&utm_medium=knowledgepanel&utm_campaign=GMB
Telford,wagamama telford,"unit 7 Southwater Way, Telford TF3 4EJ, UK",01952 797665,https://www.wagamama.com/restaurants/telford/telford
Telford,Euston Way Beefeater,"Euston Way, Overdale, Telford TF3 4LY, UK",01952 201075,https://www.beefeater.co.uk/en-gb/locations/shropshire/euston-way?cid=GLBC_40012660
Telford,Nando's Telford,"Unit 6, Southwater Square, St Quentin Gate, Telford TF3 4EJ, UK",01952 290629,https://www.nandos.co.uk/restaurants/telford?utm_campaign=websitecta_NA&utm_content=Multi-Chan_GB_NA_NA_NA_all_NA_NA_telford&utm_medium=mybusiness&utm_source=google&utm_term=Local
Telford,Toby Carvery Telford,"Shropshire, Telford TF1 3QA, UK",01952 222828,https://www.tobycarvery.co.uk/restaurants/midlands/telfordshropshire?utm_source=google&utm_medium=organic&utm_campaign=gmb-homepage
Oxford,Brasserie Blanc Oxford,"71-72 Walton St, Oxford OX2 6AG, UK",01865 510999,http://brasserieblanc.com/brasseries/oxford/?utm_source=google&utm_medium=organic&utm_campaign=google_business_profile
Oxford,Turtle Bay Oxford,"12 Friars Entry, Oxford OX1 2BY, UK",01865 242141,https://turtlebay.co.uk/restaurants/oxford
Oxford,Banana Tree Oxford,"63 George St, Oxford OX1 2BQ, UK",01865 200685,https://bananatree.co.uk/restaurants/oxford/?utm_source=google&utm_medium=organic&utm_campaign=google_lpm_bananatree_oxford
Oxford,Bella Italia - Oxford,"14-16 George St, Oxford OX1 2AF, UK",01865 509729,https://www.bellaitalia.co.uk/restaurants/oxford/george-street/?utm_source=google&utm_medium=organic&utm_campaign=google_lpm_bellaitalia_oxford
Poole,Miller & Carter Poole,"553 Wallisdown Rd, Parkstone, Poole BH12 5AD, UK",01202 510278,https://www.millerandcarter.co.uk/restaurants/south-west/millerandcarterpoole?utm_source=google&utm_medium=organic&utm_campaign=gmb-homepage
Poole,wagamama poole,"unit 2b Tower Pk, Yarrow Rd, Poole BH12 4NY, UK",01202 138951,https://www.wagamama.com/restaurants/poole/poole
Poole,Toby Carvery Poole,"Fleets Corner, Poole BH15 3EH, UK",01202 673607,https://www.tobycarvery.co.uk/restaurants/south-west/thefleetsbridgepoole?utm_source=google&utm_medium=organic&utm_campaign=gmb-homepage
Cambridge,Las Iguanas - Cambridge,"Quayside, Bridge St, Cambridge CB5 8AB, UK",01223 608897,https://www.iguanas.co.uk/restaurants/cambridge/?utm_source=google&utm_medium=organic&utm_campaign=google_lpm_lasiguanas_cambridge
Cambridge,"Zizzi - Cambridge, Bene't Street","16 Bene't St, Cambridge CB2 3QN, UK",01223 665566,https://www.zizzi.co.uk/italian-restaurants/east-anglia/cambridge/cambridge-benet-street?utm_source=google&utm_medium=knowledgepanel&utm_campaign=GMB
York,Cosy Club,"19-22 Fossgate, York YO1 9TA, UK",01904 395056,https://cosyclub.co.uk/location/york/
York,Bella Italia - York,"89 Low Petergate, York YO1 2HY, UK",01904 949898,https://www.bellaitalia.co.uk/restaurants/york/low-petergate/?utm_source=google&utm_medium=organic&utm_campaign=google_lpm_bellaitalia_york
York,Las Iguanas - York,"21 Back Swinegate, York YO1 8AD, UK",01904 948849,https://www.iguanas.co.uk/restaurants/york?utm_source=google&utm_medium=organic&utm_campaign=google_lpm_lasiguanas_york
York,Prezzo,"1 Clifford St, York YO1 9RD, UK",01904 221703,https://www.prezzo.co.uk/restaurants/york-clifford-street/
York,El Gaucho Steakhouse,"48 Walmgate, York YO1 9TJ, UK",01904 674848,http://www.elgauchoyork.co.uk/
Blackpool,Turtle Bay Blackpool,"Unit 1 Promenade, Market St, Blackpool FY1 1ET, UK",01253 272580,https://turtlebay.co.uk/restaurants/blackpool
Ipswich,Miller & Carter Ipswich,"Felixstowe Rd, Nacton, Ipswich IP10 0DF, UK",01473 659210,https://www.millerandcarter.co.uk/restaurants/east-of-england/millerandcarteripswich?utm_source=google&utm_medium=organic&utm_campaign=gmb-homepage
Ipswich,Harvester Ravenswood Ipswich,"Suffolk, 1 Edith Cook Way, Nacton Rd, Ipswich IP3 9GF, UK",01473 723021,https://www.harvester.co.uk/restaurants/eastofengland/harvesterravenswoodipswich?utm_source=google&utm_medium=organic&utm_campaign=gmb-homepage
Ipswich,Prezzo Italian Restaurant Ipswich,"Unit A3, 2 Buttermarket Shopping Centre, Ipswich IP1 1DT, UK",01473 351799,https://www.prezzo.co.uk/restaurants/ipswich/
Ipswich,ASK Italian - Ipswich,"Cardinal Park, 23 Grafton Way, Ipswich IP1 1AX, UK",01473 210443,https://www.askitalian.co.uk/italian/restaurants/ipswich?utm_source=google&utm_medium=knowledgepanel&utm_campaign=GMB
Ipswich,wagamama ipswich,"Unit a3, 6 Buttermarket, Ipswich IP1 1DT, UK",01473 557598,https://www.wagamama.com/restaurants/ipswich/ipswich
Ipswich,Nando's Ipswich - Euro Retail Park,"Unit 1, Euro Retail Park, The Sandlings, Ipswich IP3 9SN, UK",01473 720595,https://www.nandos.co.uk/restaurants/ipswich-euro-retail-park?utm_campaign=websitecta_NA&utm_content=Multi-Chan_GB_NA_NA_NA_all_NA_NA_ipswich-euro-retail-park&utm_medium=mybusiness&utm_source=google&utm_term=Local
Ipswich,Nando's Ipswich - Cardinal Park,"Unit 3, Cardinal Park, 19 Grafton Way, Ipswich IP1 1AX, UK",01473 211668,https://www.nandos.co.uk/restaurants/ipswich-cardinal-park?utm_campaign=websitecta_NA&utm_content=Multi-Chan_GB_NA_NA_NA_all_NA_NA_ipswich-cardinal-park&utm_medium=mybusiness&utm_source=google&utm_term=Local
Middlesbrough,Turtle Bay Middlesbrough,"32 Corporation Rd, Middlesbrough TS1 2RX, UK",01642 246070,https://turtlebay.co.uk/restaurants/middlesbrough
Middlesbrough,Miller & Carter,"21 Cotcliffe Way, Nunthorpe, Middlesbrough TS7 0RS, UK",01642 915221,https://www.millerandcarter.co.uk/
Middlesbrough,Nando's Middlesbrough,"Unit 1, Leisure Park, Marton Rd, Middlesbrough TS4 2AG, UK",01642 250007,https://www.nandos.co.uk/restaurants/middlesbrough?utm_campaign=websitecta_NA&utm_content=Multi-Chan_GB_NA_NA_NA_all_NA_NA_middlesbrough&utm_medium=mybusiness&utm_source=google&utm_term=Local
Middlesbrough,Toby Carvery,"Marton Rd, Middlesbrough TS4 3BS, UK",01642 817651,https://www.tobycarvery.co.uk/restaurants/north-east/martonmiddlesbrough?utm_source=google&utm_medium=organic&utm_campaign=gmb-homepage
Gloucester,Zizzi - Gloucester Quays,"Gloucester Quays Designer Outlet, Centre, Gloucester GL1 5SH, UK",01452 245432,https://www.zizzi.co.uk/italian-restaurants/south-west/gloucester-quays?utm_source=google&utm_medium=knowledgepanel&utm_campaign=GMB
Gloucester,Miller & Carter Gloucester,"Olympus Park, Quedgeley, Gloucester GL2 4NF, UK",01452 725062,https://www.millerandcarter.co.uk/restaurants/south-west/millerandcartergloucester?utm_source=google&utm_medium=organic&utm_campaign=gmb-homepage
Gloucester,wagamama gloucester quays,"Quays, Unit 5 Merchants' Rd, Gloucester GL1 5SH, UK",01452 764267,https://www.wagamama.com/restaurants/gloucester/gloucester-quays
Gloucester,Popeyes Louisiana Chicken,"St Oswalds Retail Park, St Oswalds Rd, Gloucester GL1 2SR, UK",0330 175 8760,https://www.popeyesuk.com/restaurants/gloucester
Gloucester,Toby Carvery Highnam,"Over Farm Market, Over, Highnam, Gloucester GL2 8DE, UK",01452 521191,https://www.tobycarvery.co.uk/restaurants/south-west/highnamgloucestershire?utm_source=google&utm_medium=organic&utm_campaign=gmb-homepage
Exeter,Cosy Club,"1 Southernhay Gardens, Exeter EX1 1SG, UK",01392 848744,https://cosyclub.co.uk/location/exeter/
Exeter,Turtle Bay Exeter,"Guildhall Shopping Centre, Exeter EX4 3HP, UK",01392 425928,https://turtlebay.co.uk/restaurants/exeter
Exeter,Miller & Carter Exeter,"Business Park, Guardian Rd, Exeter EX1 3PE, UK",01392 449011,https://www.millerandcarter.co.uk/restaurants/south-west/millerandcarterexeter?utm_source=google&utm_medium=organic&utm_campaign=gmb-homepage
Exeter,Bella Italia - Exeter,"92 Queen St, Exeter EX4 3RP, UK",01392 531900,https://www.bellaitalia.co.uk/restaurants/exeter/queen-street/?utm_source=google&utm_medium=organic&utm_campaign=google_lpm_bellaitalia_exeter
Exeter,wagamama exeter central,"16 Bedford St, Exeter EX1 1LL, UK",01392 274810,https://www.wagamama.com/restaurants/exeter/exeter
Exeter,Franco Manca Exeter,"Unit 13, The, Guildhall Shopping Centre, Queen St, Exeter, Dining EX4 3EB, UK",01392 982195,https://www.francomanca.co.uk/restaurants/exeter/
Exeter,Zizzi - Exeter,"21 Gandy St, Exeter EX4 3LS, UK",01392 920606,https://www.zizzi.co.uk/italian-restaurants/south-west/exeter?utm_source=google&utm_medium=knowledgepanel&utm_campaign=GMB
Solihull,Turtle Bay Solihull,"36-38 Station Rd, Solihull B91 3SB, UK",0121 711 3311,https://turtlebay.co.uk/restaurants/solihull
Solihull,Prezzo Italian Restaurant Solihull,"46 Upper Jubilee Walk, Touchwood, Solihull B91 3QW, UK",0121 227 5625,https://www.prezzo.co.uk/restaurants/solihull/
Solihull,Carluccio's,"159-161 High St, Solihull B91 3SR, UK",0121 803 5978,https://www.carluccios.com/restaurants/solihull
Solihull,Zizzi - Solihull,"10 Poplar Rd, Solihull B91 3AB, UK",0121 704 5030,https://www.zizzi.co.uk/italian-restaurants/midlands/solihull?utm_source=google&utm_medium=knowledgepanel&utm_campaign=GMB
Solihull,wagamama solihull,"level 1, Touchwood Shopping Centre, 43 Mill Ln, Solihull B91 3GS, UK",0121 711 7075,https://www.wagamama.com/restaurants/solihull/solihull
Solihull,Miller & Carter Solihull,"Tanworth Lane, Shirley, Solihull B90 4EA, UK",0121 744 1905,https://www.millerandcarter.co.uk/restaurants/east-and-west-midlands/millerandcartersolihull?utm_source=google&utm_medium=organic&utm_campaign=gmb-homepage
Solihull,Nando's Solihull,"SU49A Arcade (Upper, Touchwood Shopping Centre, 42 Mill Ln, Solihull B91 3GS, UK",0121 711 2505,https://www.nandos.co.uk/restaurants/solihull?utm_campaign=websitecta_NA&utm_content=Multi-Chan_GB_NA_NA_NA_all_NA_NA_solihull&utm_medium=mybusiness&utm_source=google&utm_term=Local
Colchester,Turtle Bay Colchester,"High St, Colchester CO1 1YJ, UK",01206 560555,https://turtlebay.co.uk/restaurants/colchester
Colchester,Harvester Stanway Colchester,"186 London Rd, Colchester CO3 8NZ, UK",01206 575456,https://www.harvester.co.uk/restaurants/eastofengland/harvesterstanwaycolchester?utm_source=google&utm_medium=organic&utm_campaign=gmb-homepage
Colchester,Carluccio's,"152 High St, Fenwick, Colchester CO1 1PN, UK",01206 699223,http://www.carluccios.com/restaurants/colchester
Colchester,wagamama colchester,"141, 142 High St, Colchester CO1 1PG, UK",01206 911041,https://www.wagamama.com/restaurants/colchester/colchester
Colchester,ASK Italian - Colchester,"16 North Hill, Colchester CO1 1DZ, UK",01206 366379,https://www.askitalian.co.uk/italian/restaurants/colchester?utm_source=google&utm_medium=knowledgepanel&utm_campaign=GMB
Colchester,Zizzi - Colchester,"12 Headgate, Colchester CO3 3BT, UK",01206 370303,https://www.zizzi.co.uk/italian-restaurants/east-anglia/colchester?utm_source=google&utm_medium=knowledgepanel&utm_campaign=GMB
Colchester,PizzaExpress,"1 St Runwald St, Colchester CO1 1HP, UK",01206 760680,https://www.pizzaexpress.com/colchester-st-runwald-street?utm_source=GMB&utm_medium=Website&utm_campaign=GMB-WEB-541
Colchester,Nando's Colchester - Head Street,"11-13 Head St, Colchester CO1 1NX, UK",01206 760344,https://www.nandos.co.uk/restaurants/colchester-head-street?utm_campaign=websitecta_NA&utm_content=Multi-Chan_GB_NA_NA_NA_all_NA_NA_colchester-head-street&utm_medium=mybusiness&utm_source=google&utm_term=Local
Colchester,Chaiiwala,"136-137 High St, Colchester CO1 1SP, UK",01206 443887,https://www.chaiiwala.co.uk/
Cheltenham,Cosy Club,"Cupola Tower, High St, Cheltenham GL50 3FF, UK",01242 644088,https://cosyclub.co.uk/location/cheltenham
Cheltenham,Turtle Bay Cheltenham,"Corner of Pittville &, Albion St, Cheltenham GL52 2LJ, UK",01242 529923,https://turtlebay.co.uk/restaurants/cheltenham
Cheltenham,Brasserie Blanc Cheltenham,"Promenade, Cheltenham GL50 1NN, UK",01242 266800,http://brasserieblanc.com/brasseries/cheltenham/?utm_source=google&utm_medium=organic&utm_campaign=google_business_profile
Cheltenham,Prezzo Italian Restaurant Cheltenham Brewery,"Unit 1, Cupola Tower, Henrietta St, Cheltenham GL50 4FA, UK",01242 903677,https://www.prezzo.co.uk/restaurants/cheltenham-brewery/
Gateshead,"Bella Italia - Gateshead, intu Metrocentre","Unit R10, 43a Garden Walk, Metrocentre, Gateshead NE11 9XZ, UK",0191 933 8440,"https://www.bellaitalia.co.uk/restaurants/gateshead/metrocentre/?utm_source=google&utm_medium=organic&utm_campaign=google_lpm_bellaitalia_gateshead,intumetrocentre"
Gateshead,Nando's Gateshead,"Unit G101b, Trinity Square, High St, Gateshead NE8 1AG, UK",0191 477 9664,https://www.nandos.co.uk/restaurants/gateshead?utm_campaign=websitecta_NA&utm_content=Multi-Chan_GB_NA_NA_NA_all_NA_NA_gateshead&utm_medium=mybusiness&utm_source=google&utm_term=Local
Gateshead,Chiquito,"51 Garden Walk Intu, Metrocentre, Gateshead NE11 9XZ, UK",0191 460 6488,https://www.chiquito.co.uk/restaurants/gateshead/metrocentre?utm_source=google&utm_medium=organic&utm_campaign=google_lpm_chiquito_gateshead
Gateshead,TGI Fridays - Gateshead Metrocentre,"R11, Qube 2, Metrocentre, Gateshead NE11 9YG, UK",0330 175 9263,https://www.tgifridays.co.uk/locations/metro-centre-gateshead/?utm_source=localGMB&utm_medium=organic&utm_campaign=691
High Wycombe,Harvester Blacksmiths Arms High Wycombe,"Old, Marlow Rd, Handy Cross Roundabout, High Wycombe HP10 9QD, UK",01494 525323,https://www.harvester.co.uk/restaurants/southeast/theblacksmitharmshighwycombe?utm_source=google&utm_medium=organic&utm_campaign=gmb-homepage
High Wycombe,TGI Fridays - High Wycombe,"Crest Rd, High Wycombe HP11 1UA, UK",0330 175 9255,https://www.tgifridays.co.uk/locations/high-wycombe/?utm_source=localGMB&utm_medium=organic&utm_campaign=642
High Wycombe,Zizzi - High Wycombe,"7 Denmark St, High Wycombe HP11 2DB, UK",01494 445387,https://www.zizzi.co.uk/italian-restaurants/south-east/high-wycombe?utm_source=google&utm_medium=knowledgepanel&utm_campaign=GMB
High Wycombe,wagamama high wycombe,"the old market, Shopping Centre, Eden Walk, High Wycombe HP11 2DB, UK",01494 511302,https://www.wagamama.com/restaurants/high-wycombe/high-wycombe
High Wycombe,Nando's High Wycombe,"Unit R3, Eden Shopping Centre, Denmark St, High Wycombe HP11 2DB, UK",01494 473249,https://www.nandos.co.uk/restaurants/high-wycombe?utm_campaign=websitecta_NA&utm_content=Multi-Chan_GB_NA_NA_NA_all_NA_NA_high-wycombe&utm_medium=mybusiness&utm_source=google&utm_term=Local
High Wycombe,Chaiiwala,"30 White Hart St, High Wycombe HP11 2HL, UK",01494 950096,https://www.chaiiwala.co.uk/
High Wycombe,PizzaExpress,"Unit R2, The, Eden Centre, Denmark St, High Wycombe HP11 2DB, UK",01494 535191,https://www.pizzaexpress.com/high-wycombe-eden-shopping-centre?utm_source=GMB&utm_medium=Website&utm_campaign=GMB-WEB-3395
Blackburn,Chaiiwala,"97 Whalley Range, Blackburn BB1 6EE, UK",01254 674812,https://www.chaiiwala.co.uk/
Maidstone,Miller & Carter Maidstone,"Sandling Rd, Maidstone ME14 2RF, UK",01622 692212,https://www.millerandcarter.co.uk/restaurants/south-east/millerandcartermaidstone?utm_source=google&utm_medium=organic&utm_campaign=gmb-homepage
Maidstone,Harvester Running Horse Maidstone,"Chatham Rd, Maidstone ME14 3AG, UK",01622 752975,https://www.harvester.co.uk/restaurants/southeast/therunninghorsemaidstone?utm_source=google&utm_medium=organic&utm_campaign=gmb-homepage
Maidstone,Zizzi - Maidstone,"46 Earl St, Maidstone ME14 1PS, UK",01622 297732,https://www.zizzi.co.uk/italian-restaurants/south-east/maidstone?utm_source=google&utm_medium=knowledgepanel&utm_campaign=GMB
Maidstone,wagamama maidstone,"19 Earl St, Maidstone ME14 1PL, UK",01622 753507,https://www.wagamama.com/restaurants/maidstone/maidstone
Maidstone,PizzaExpress,"58 Earl St, Maidstone ME14 1PS, UK",01622 250220,https://www.pizzaexpress.com/maidstone-earl-street?utm_source=GMB&utm_medium=Website&utm_campaign=GMB-WEB-3471
Maidstone,Malta Inn Beefeater,"Sandling, Allington Lock, Maidstone ME14 3AS, UK",01622 717251,https://www.beefeater.co.uk/en-gb/locations/kent/malta-inn?cid=GLBC_40014740
Maidstone,"Toby Carvery, Maidstone","Langley Park Centre, Laight Rd, Maidstone ME17 3FU, UK",01622 397089,https://www.tobycarvery.co.uk/restaurants/south-east/maidstone?utm_source=google&utm_medium=organic&utm_campaign=gmb-homepage
Maidstone,Nando's Maidstone,"29 Earl St, Maidstone ME14 1PF, UK",01622 620540,https://www.nandos.co.uk/restaurants/maidstone?utm_campaign=websitecta_NA&utm_content=Multi-Chan_GB_NA_NA_NA_all_NA_NA_maidstone&utm_medium=mybusiness&utm_source=google&utm_term=Local
Basingstoke,Cosy Club,"Festival Place, Basingstoke RG21 7BA, UK",01256 212825,https://cosyclub.co.uk/location/basingstoke
Basingstoke,Las Iguanas - Basingstoke,"Festival Place, Basingstoke RG21 7BB, UK",01256 585968,https://www.iguanas.co.uk/restaurants/basingstoke/?utm_source=google&utm_medium=organic&utm_campaign=google_lpm_lasiguanas_basingstoke
Basingstoke,Harvester Stag & Hounds Basingstoke,"Winchester Rd, Basingstoke RG22 6HN, UK",01256 359983,https://www.harvester.co.uk/restaurants/southeast/thestagandhoundsbasingstoke?utm_source=google&utm_medium=organic&utm_campaign=gmb-homepage
Basingstoke,Popeyes Louisiana Chicken,"Mayfair House Uni 1-2, Basingstoke RG21 7JY, UK",0330 175 8760,https://popeyesuk.com/restaurants/basingstoke
Basingstoke,Miller & Carter Basingstoke,"Down Grange Lodge, Winchester Rd, Basingstoke RG22 4ET, UK",01256 461149,https://www.millerandcarter.co.uk/restaurants/south-east/millerandcarterbasingstoke?utm_source=google&utm_medium=organic&utm_campaign=gmb-homepage
Basingstoke,ASK Italian - Basingstoke,"Unit 5 Festival Way, Basingstoke RG21 7BB, UK",01256 212628,https://www.askitalian.co.uk/italian/restaurants/basingstoke?utm_source=google&utm_medium=knowledgepanel&utm_campaign=GMB
Basingstoke,Zizzi - Basingstoke,"1 London St, Basingstoke RG21 7NT, UK",01256 212835,https://www.zizzi.co.uk/italian-restaurants/south-east/basingstoke?utm_source=google&utm_medium=knowledgepanel&utm_campaign=GMB
Basingstoke,Spruce Goose Beefeater,"Basingstoke Leisure Park, Worting Rd, Basingstoke RG22 6PG, UK",01256 811477,https://www.beefeater.co.uk/en-gb/locations/hampshire/spruce-goose?cid=GLBC_40017270
Basingstoke,wagamama basingstoke,"r10, Festival Place, lower ground, Basingstoke RG21 7BE, UK",01256 869665,https://wagamama.com/restaurants/basingstoke/basingstoke
Basingstoke,Slim Chickens,"Unit 17b, Festival Place, Basingstoke RG21 7BA, UK",01256 831676,https://www.slimchickens.co.uk/
Basingstoke,Nando's Basingstoke - Festival Place,"Unit R4, Festival Place, Festival Way, Basingstoke RG21 7BB, UK",01256 335477,https://www.nandos.co.uk/restaurants/basingstoke-festival-place?utm_campaign=websitecta_NA&utm_content=Multi-Chan_GB_NA_NA_NA_all_NA_NA_basingstoke-festival-place&utm_medium=mybusiness&utm_source=google&utm_term=Local
Basingstoke,Nando's Basingstoke - St Michael's,"Unit 8, St Michael's Retail Park, The Harrow Way, Basingstoke RG22 4AN, UK",01256 364492,https://www.nandos.co.uk/restaurants/basingstoke-st-michaels?utm_campaign=websitecta_NA&utm_content=Multi-Chan_GB_NA_NA_NA_all_NA_NA_basingstoke-st-michaels&utm_medium=mybusiness&utm_source=google&utm_term=Local
Crawley,Turtle Bay Crawley,"100 High St, Crawley RH10 1BZ, UK",01293 541101,https://turtlebay.co.uk/restaurants/crawley
Crawley,wagamama crawley,"unit 9, Crawley Leisure Park, Crawley RH10 8LR, UK",01293 699085,https://www.wagamama.com/restaurants/crawley/crawley
Crawley,Toby Carvery Langley Green,"Vancouver Dr, Crawley RH11 7UR, UK",01293 515558,https://www.tobycarvery.co.uk/restaurants/south-east/langleygreencrawley?utm_source=google&utm_medium=organic&utm_campaign=gmb-homepage
Crawley,Nando's Crawley,"Unit 10, Crawley Leisure Park, London Rd, Crawley RH10 8LR, UK",01293 537898,https://www.nandos.co.uk/restaurants/crawley?utm_campaign=websitecta_NA&utm_content=Multi-Chan_GB_NA_NA_NA_all_NA_NA_crawley&utm_medium=mybusiness&utm_source=google&utm_term=Local
Crawley,Five Guys Burgers and Fries Crawley,"Unit 4A, Crawley Leisure Park, Crawley RH10 8LR, UK",01293 222648,https://restaurants.fiveguys.co.uk/south-east/unit-4a
Chelmsford,Turtle Bay Chelmsford,"22-24 The, Barrow at High Chelmer Shop Exchange Way, Chelmsford CM1 1XB, UK",01245 263444,https://turtlebay.co.uk/restaurants/chelmsford
Chelmsford,Cosy Club,"24 Springfield Rd, Chelmsford CM2 6JX, UK",01245 698781,https://cosyclub.co.uk/location/chelmsford
Chelmsford,Las Iguanas - Chelmsford,"First Floor, 123-125 Bond St, Chelmsford CM1 1GD, UK",01245 206209,https://www.iguanas.co.uk/restaurants/chelmsford/?utm_source=google&utm_medium=organic&utm_campaign=google_lpm_lasiguanas_chelmsford
Chelmsford,Banana Tree Chelmsford,"25-27, Barrow at High Chelmer Shop Exchange Way, Chelmsford CM1 1XD, UK",01245 931343,https://bananatree.co.uk/restaurants/chelmsford/?utm_source=google&utm_medium=organic&utm_campaign=google_lpm_bananatree_chelmsford
Chelmsford,Miller & Carter Chelmsford,"Barnes Mill Rd, Chelmsford CM2 6NL, UK",01245 495336,https://www.millerandcarter.co.uk/restaurants/east-of-england/millerandcarterchelmsford?utm_source=google&utm_medium=organic&utm_campaign=gmb-homepage
Chelmsford,Prezzo Italian Restaurant Chelmsford,"113 Bond St, Chelmsford CM1 1GD, UK",01245 678748,https://www.prezzo.co.uk/restaurants/chelmsford/
Chelmsford,Harvester Plough Chelmsford,"Essex, 306 Springfield Rd, Springfield, Chelmsford CM2 6BA, UK",01245 353375,https://www.harvester.co.uk/restaurants/eastofengland/theploughchelmsford?utm_source=google&utm_medium=organic&utm_campaign=gmb-homepage
Chelmsford,ASK Italian - Chelmsford,"Unit 4h Phase, 2 Bond St, Chelmsford CM1 1GD, UK",01245 931255,https://www.askitalian.co.uk/italian/restaurants/chelmsford?utm_source=google&utm_medium=knowledgepanel&utm_campaign=GMB
Chelmsford,wagamama chelmsford,"unti 4 j, 127-129 Bond St, Chelmsford CM1 1GD, UK",01245 408595,https://www.wagamama.com/restaurants/chelmsford/chelmsford
Chelmsford,Zizzi - Chelmsford,"1-5 Grays, Brewery Yard, Springfield Rd, Chelmsford CM2 6QR, UK",01245 697450,https://www.zizzi.co.uk/italian-restaurants/south-east/chelmsford?utm_source=google&utm_medium=knowledgepanel&utm_campaign=GMB
Preston,Turtle Bay Preston,"Crystal House, Birley St, Preston PR1 2AQ, UK",01772 824800,https://turtlebay.co.uk/restaurants/preston
Preston,ASK Italian - Preston,"3, Animate, Tenterfield St, Preston PR1 2BL, UK",01772 737395,http://www.askitalian.co.uk/italian/restaurants/preston?utm_source=google&utm_medium=knowledgepanel&utm_campaign=GMB
Preston,wagamama preston,"Tenterfield St, Preston PR1 2BL, UK",01772 269114,https://www.wagamama.com/restaurants/preston/preston
Preston,Nando's Preston - Market Place,"30-31 Cheapside, Preston PR1 2AP, UK",01772 881749,https://www.nandos.co.uk/restaurants/preston-market-place?utm_campaign=websitecta_NA&utm_content=Multi-Chan_GB_NA_NA_NA_all_NA_NA_preston-market-place&utm_medium=mybusiness&utm_source=google&utm_term=Local
Walthamstow,Turtle Bay Walthamstow,"The Scene, Cleveland Place, 269 High St, London E17 7FD, UK",020 8520 7839,https://turtlebay.co.uk/restaurants/walthamstow
Walthamstow,Chaiiwala,"Hoe St, 225 E17 9PP, UK",020 8521 0203,https://www.chaiiwala.co.uk/
Walthamstow,Wingstop Walthamstow,"234 Hoe St, London E17 3AY, UK",020 3642 4593,https://www.wingstop.co.uk/?y_source=1_MTA4OTk4NjkzNC03MTUtbG9jYXRpb24ud2Vic2l0ZQ%3D%3D
Walthamstow,Nando's Walthamstow,"1 The Scene, 261 High St Walthamstow, Greater, London E17 7FD, UK",020 8521 6458,https://www.nandos.co.uk/restaurants/walthamstow?utm_campaign=websitecta_NA&utm_content=Multi-Chan_GB_NA_NA_NA_all_NA_NA_walthamstow&utm_medium=mybusiness&utm_source=google&utm_term=Local
Walthamstow,Popeyes Lousiana Chicken,"259 High St, London E17 7BH, UK",0330 175 8760,https://popeyesuk.com/restaurants/Walthamstow
Basildon,Harvester Five Bells Vange Basildon,"London Rd, Basildon SS16 5LD, UK",01268 553162,https://www.harvester.co.uk/restaurants/eastofengland/thefivebellsbasildon?utm_source=google&utm_medium=organic&utm_campaign=gmb-homepage
Basildon,TGI Fridays - Basildon,"Festival Leisure Park, 4 Festival Link, Basildon SS14 3WD, UK",0330 175 9264,https://www.tgifridays.co.uk/locations/basildon/?utm_source=localGMB&utm_medium=organic&utm_campaign=644
Basildon,Bella Italia - Basildon,"Unit 2 Festival Way, Basildon SS14 3WB, UK",01268 439209,https://www.bellaitalia.co.uk/restaurants/basildon/festival-leisure-park/?utm_source=google&utm_medium=organic&utm_campaign=google_lpm_bellaitalia_basildon
Basildon,Harvester Honey Pot Basildon,"Essex, Festival Leisure Park, Cranes Farm Rd, Basildon SS14 3TJ, UK",01268 524113,https://www.harvester.co.uk/restaurants/eastofengland/thehoneypotbasildon?utm_source=google&utm_medium=organic&utm_campaign=gmb-homepage
Basildon,Wingstop Basildon,"Unit 11, Festival Leisure Park, Festival Way, Basildon SS14 3WB, UK",01268 859535,https://www.wingstop.co.uk/?y_source=1_MjAyMTA0NzE2MS03MTUtbG9jYXRpb24ud2Vic2l0ZQ%3D%3D
Basildon,wagamama basildon,"unit 10, Festival Leisure Park, Basildon SS14 3WB, UK",01268 385000,https://wagamama.com/restaurants/basildon/basildon-essex
Basildon,The Watermill Beefeater,"Felmores, E Mayne, Basildon SS13 1BW, UK",01268 522227,https://www.beefeater.co.uk/en-gb/locations/essex/the-watermill?cid=GLBC_40018090
Basildon,Toby Carvery Basildon,"Unit 5, Essex, Festival Leisure Park, Festival Way, Basildon SS14 3WB, UK",01268 521371,https://www.tobycarvery.co.uk/restaurants/east-of-england/basildonessex?utm_source=google&utm_medium=organic&utm_campaign=gmb-homepage
Basildon,Miller & Carter Langdon Hills,"High Rd, Langdon Hills, Basildon SS16 6HU, UK",01268 544714,https://www.millerandcarter.co.uk/restaurants/east-of-england/millerandcarterlangdonhills?utm_source=google&utm_medium=organic&utm_campaign=gmb-homepage
Basildon,Nando's Basildon - East Square,"1 East Sq, Basildon SS14 1HS, UK",01268 201573,https://www.nandos.co.uk/restaurants/basildon-east-square?utm_campaign=websitecta_NA&utm_content=Multi-Chan_GB_NA_NA_NA_all_NA_NA_basildon-east-square&utm_medium=mybusiness&utm_source=google&utm_term=Local
Basildon,Nando's Basildon - Mayflower Retail Park,"Unit 10, Mayflower Shopping Park, 14 Gardiners Link, Basildon SS14 3HZ, UK",01268 285240,https://www.nandos.co.uk/restaurants/basildon-mayflower-retail-park?utm_campaign=websitecta_NA&utm_content=Multi-Chan_GB_NA_NA_NA_all_NA_NA_basildon-mayflower-retail-park&utm_medium=mybusiness&utm_source=google&utm_term=Local
Basildon,Nando's Basildon - Festival Leisure,"Unit 17, Festival Leisure Park, Festival Way, Basildon SS14 3WB, UK",01268 530228,https://www.nandos.co.uk/restaurants/basildon-festival-leisure?utm_campaign=websitecta_NA&utm_content=Multi-Chan_GB_NA_NA_NA_all_NA_NA_basildon-festival-leisure&utm_medium=mybusiness&utm_source=google&utm_term=Local
Basildon,PizzaExpress,"Festival Leisure Park, Unit 2 Carnival Cl, Cranes Farm Rd, Basildon SS14 3WE, UK",01268 526622,https://www.pizzaexpress.com/basildon-festival-leisure-park?utm_source=GMB&utm_medium=Website&utm_campaign=GMB-WEB-3319
Basildon,KFC Basildon Eastgate Centre,"FT1 Southernhay FT1, Eastgate Centre, Basildon SS14 1EB, UK",020 3038 1964,https://www.kfc.co.uk/kfc-near-me/Basildon-Eastgate-Centre
Basildon,Slim Chickens,"Unit 8b, Festival Leisure Park, Basildon SS14 3WB, UK",01268 225000,https://www.slimchickens.co.uk/
Dartford,Miller & Carter Dartford,"Princes Rd, Dartford DA2 6NQ, UK",01322 287766,https://www.millerandcarter.co.uk/restaurants/london/millerandcarterdartford?utm_source=google&utm_medium=organic&utm_campaign=gmb-homepage
Dartford,The Beacon Beefeater,"Halcrow Ave, Dartford DA1 5PR, UK",01322 629022,https://www.beefeater.co.uk/en-gb/locations/kent/the-beacon?cid=GLBC_40534365
Dartford,Harvester Rising Sun Dartford,"Kent, 105 Dartford Rd, Dartford DA1 3EP, UK",01322 220063,https://www.harvester.co.uk/restaurants/southeast/therisingsundartford?utm_source=google&utm_medium=organic&utm_campaign=gmb-homepage
Dartford,Popeyes Louisiana Chicken,"4 Prospect Way, Dartford DA1 1DY, UK",0330 175 8760,https://popeyesuk.com/menu
Dartford,Bella Italia - Bluewater,"Unit LO47, Lower Thames Walk, Bluewater Shopping Centre, The Plz, Dartford, Greenhithe DA9 9SJ, UK",01322 479024,https://www.bellaitalia.co.uk/restaurants/greenhithe/bluewater
Dartford,Zizzi - Bluewater,"West Village, Dartford, Bluewater DA9 9SE, UK",01322 723149,https://www.zizzi.co.uk/italian-restaurants/south-east/bluewater?utm_source=google&utm_medium=knowledgepanel&utm_campaign=GMB
Dartford,Miller & Carter Bexley,"Jaccobean Barn, Bourne Rd, Dartford DA5 1PQ, UK",01322 552748,https://www.millerandcarter.co.uk/restaurants/london/millerandcarterbexley?utm_source=google&utm_medium=organic&utm_campaign=gmb-homepage
Dartford,TGI Fridays - Bluewater,"Bluewater Shopping Centre, Bluewater Pkwy, Dartford, Greenhithe DA9 9SG, UK",0330 175 9246,https://www.tgifridays.co.uk/locations/bluewater/?utm_source=localGMB&utm_medium=organic&utm_campaign=652
Dartford,Carluccio's,"West Village, BluewaterShoppingCenter, Dartford, Greenhithe DA9 9SE, UK",01322 921322,http://www.carluccios.com/restaurants/bluewater
Bedford,Harvester Orchard Bedford,"Bedfordshire, 1 Riverfield Dr, Bedford MK41 0UE, UK",01234 271339,https://www.harvester.co.uk/restaurants/eastofengland/theorchardbedford?utm_source=google&utm_medium=organic&utm_campaign=gmb-homepage
Bedford,Miller & Carter Bedford,"Unit 4C, River St, Bedford MK40 1AS, UK",01234 608010,https://www.millerandcarter.co.uk/restaurants/east-of-england/millerandcarterbedford?utm_source=google&utm_medium=organic&utm_campaign=gmb-homepage
Bedford,Zizzi - Bedford,"Unit 3A Merchant Pl, Riverside Cl, Bedford MK40 1AS, UK",01234 217108,https://www.zizzi.co.uk/italian-restaurants/south-east/bedford?utm_source=google&utm_medium=knowledgepanel&utm_campaign=GMB
Bedford,wagamama bedford,"unit 3c Merchant Pl, riverside square, Bedford MK40 1AS, UK",01234 331346,https://www.wagamama.com/restaurants/bedford/bedford
Doncaster,wagamama doncaster,"dome leisure point, Herten Way, Doncaster DN4 7NW, UK",01302 245401,https://www.wagamama.com/restaurants/doncaster/doncaster
Doncaster,The Lakeside Beefeater,"South Entry Drive, White Rose Way, Doncaster DN4 5PJ, UK",01302 361134,https://www.beefeater.co.uk/en-gb/locations/south-yorkshire/the-lakeside?cid=yext_40014335
Doncaster,Nando's Doncaster - York Road,"Unit 9, Danum Retail Park, Newcomen Rd, Doncaster DN5 8AS, UK",01302 495759,https://www.nandos.co.uk/restaurants/doncaster-york-road?utm_campaign=websitecta_NA&utm_content=Multi-Chan_GB_NA_NA_NA_all_NA_NA_doncaster-york-road&utm_medium=mybusiness&utm_source=google&utm_term=Local
Doncaster,Nando's Doncaster,"Unit 07 Herten Triangle, Herten Way, Doncaster DN4 7NW, UK",01302 534275,https://www.nandos.co.uk/restaurants/doncaster?utm_campaign=websitecta_NA&utm_content=Multi-Chan_GB_NA_NA_NA_all_NA_NA_doncaster&utm_medium=mybusiness&utm_source=google&utm_term=Local
Worthing,Toby Carvery Worthing,"39 Goring Rd, Heene, Worthing BN12 4AS, UK",01903 247226,https://www.tobycarvery.co.uk/restaurants/south-east/thegeorgeworthing?utm_source=google&utm_medium=organic&utm_campaign=gmb-homepage
Worthing,Toby Carvery Downlands,"123 Upper Brighton Rd, Worthing BN14 9JN, UK",01903 234085,https://www.tobycarvery.co.uk/restaurants/south-east/downlandsworthing?utm_source=google&utm_medium=organic&utm_campaign=gmb-homepage
Rotherham,The Brecks Beefeater,"Wickersley Rd, Rotherham S65 3JB, UK",01709 543216,https://www.beefeater.co.uk/en-gb/locations/south-yorkshire/the-brecks?cid=GLBC_40011160
Rotherham,Frankie & Benny's,"Parkgate Shopping Centre, Stadium Way, Parkgate, Rotherham S60 1TG, UK",01709 780044,https://www.frankieandbennys.com/restaurants/rotherham?utm_source=google&utm_medium=organic&utm_campaign=google_lpm_frankie_and_bennys_rotherham
Rotherham,Toby Carvery Rotherham,"Eastwood Trading Estate, Sycamore Rd, Eastwood Trading Estate, Rotherham S65 1EN, UK",01709 369925,https://www.tobycarvery.co.uk/restaurants/yorkshire/rotherhamsouthyorkshire?utm_source=google&utm_medium=organic&utm_campaign=gmb-homepage
Rotherham,Chaiiwala,"Riverside way services, Sheffield Rd, Rotherham S60 1DS, UK",01709 223086,https://www.chaiiwala.co.uk/
Mansfield,Bella Italia - Mansfield,"Unit 2, Mansfield Leisure Park, Park Ln, Nottingham Rd, Mansfield NG18 1BU, UK",01623 579791,https://www.bellaitalia.co.uk/restaurants/mansfield/nottingham-road/?utm_source=google&utm_medium=organic&utm_campaign=google_lpm_bellaitalia_mansfield
Mansfield,Nando's Mansfield,"Unit 1, Mansfield Leisure Park, Nottingham Rd, Mansfield NG18 1BU, UK",01623 429403,https://www.nandos.co.uk/restaurants/mansfield?utm_campaign=websitecta_NA&utm_content=Multi-Chan_GB_NA_NA_NA_all_NA_NA_mansfield&utm_medium=mybusiness&utm_source=google&utm_term=Local
Mansfield,Toby Carvery Watermill,"Coxmoor Rd, Sutton-in-Ashfield, Nottingham NG17 4NE, UK",01623 516413,https://www.tobycarvery.co.uk/restaurants/midlands/thewatermillmansfield?utm_source=google&utm_medium=organic&utm_campaign=gmb-homepage
Eastbourne,Harvester Sovereign Harbour Eastbourne,"Sovereign Harbour, 29 The Waterfront, Eastbourne BN23 5UZ, UK",01323 470074,https://www.harvester.co.uk/restaurants/southeast/thesovereignharboureastbourne?utm_source=google&utm_medium=organic&utm_campaign=gmb-homepage
Oldham,Nando's Oldham - Old Town Hall,"Unit 2, The Old Town Hall, Yorkshire St Oldham, Greater, Oldham, Manchester OL1 1RA, UK",0161 633 3350,https://www.nandos.co.uk/restaurants/oldham-old-town-hall?utm_campaign=websitecta_NA&utm_content=Multi-Chan_GB_NA_NA_NA_all_NA_NA_oldham-old-town-hall&utm_medium=mybusiness&utm_source=google&utm_term=Local
Oldham,Chaiiwala,"66 George St, Oldham OL1 1LS, UK",0161 523 8808,https://www.chaiiwala.co.uk/
Oldham,Toby Carvery Chadderton Park,"Burnley Ln, Chadderton, Oldham OL1 2QS, UK",0161 627 3883,https://www.tobycarvery.co.uk/restaurants/north-west/chaddertonparkoldham?utm_source=google&utm_medium=organic&utm_campaign=gmb-homepage
Wigan,The Moon Under Water - JD Wetherspoon,"5, 7a Market Pl, Wigan WN1 1PE, UK",01942 323437,https://www.jdwetherspoon.com/pubs/all-pubs/england/greater-manchester/the-moon-under-water-wigan
Wigan,Miller & Carter Parbold,"Parbold Hill, Parbold, Wigan WN8 7TG, UK",01257 462318,https://www.millerandcarter.co.uk/restaurants/north-west/millerandcarterparbold?utm_source=google&utm_medium=organic&utm_campaign=gmb-homepage
Sutton Coldfield,Miller & Carter Sutton Park,"Sutton Park, Boldmere Gate, The Royal Town of Sutton Coldfield, Birmingham, Sutton Coldfield B73 6LH, UK",0121 355 6919,https://www.millerandcarter.co.uk/restaurants/east-and-west-midlands/millerandcartersuttonpark?utm_source=google&utm_medium=organic&utm_campaign=gmb-homepage
Sutton Coldfield,Harvester Bassetts Pole Sutton Coldfield,"London Rd, Bassetts Pole, The Royal Town of Sutton Coldfield, Sutton Coldfield B75 5SA, UK",0121 308 0987,https://www.harvester.co.uk/restaurants/eastandwestmidlands/harvesterbassettspolesuttoncoldfield?utm_source=google&utm_medium=organic&utm_campaign=gmb-homepage
Sutton Coldfield,Harvester Boldmere Sutton Coldfield,"Boldmere Rd, The Royal Town of Sutton Coldfield, Birmingham, Sutton Coldfield B73 5UP, UK",0121 354 3533,https://www.harvester.co.uk/restaurants/eastandwestmidlands/harvesterboldmeresuttoncoldfield?utm_source=google&utm_medium=organic&utm_campaign=gmb-homepage
Lincoln,Cosy Club,"Unit 4, Corn Exchange Building, The Cornhill Quarter, Sincil St, Lincoln LN5 7ET, UK",01522 401157,https://cosyclub.co.uk/location/lincoln
Lincoln,Popeyes Louisiana Chicken,"297 High St, Lincoln LN2 1AF, UK",0330 175 8760,https://popeyesuk.com/restaurants/lincoln
Lincoln,Turtle Bay Lincoln,"Central Market, Sincil St, Lincoln LN5 7ET, UK",01522 396219,https://turtlebay.co.uk/restaurants/lincoln
Lincoln,Harvester Brayford Wharf Lincoln,"Brayford Wharf N, Lincoln LN1 1YW, UK",01522 787588,https://www.harvester.co.uk/restaurants/eastandwestmidlands/thebrayfordwharflincoln?utm_source=google&utm_medium=organic&utm_campaign=gmb-homepage
Lincoln,ASK Italian - Lincoln,"Brayford Wharf N, Lincoln LN1 1YW, UK",01522 545321,https://www.askitalian.co.uk/italian/restaurants/lincoln?utm_source=google&utm_medium=knowledgepanel&utm_campaign=GMB
Lincoln,Prezzo Italian Restaurant Lincoln,"8 Brayford Wharf N, Lincoln LN1 1YX, UK",01522 309926,https://www.prezzo.co.uk/restaurants/lincoln/
Lincoln,Zizzi - Lincoln,"Unit 3 Brayford Wharf N, Lincoln LN1 1YW, UK",01522 425454,https://www.zizzi.co.uk/italian-restaurants/midlands/lincoln?utm_source=google&utm_medium=knowledgepanel&utm_campaign=GMB
Lincoln,wagamama lincoln,"Brayford Wharf N, Lincoln LN1 1YX, UK",01522 530798,https://www.wagamama.com/restaurants/lincoln/lincoln
Lincoln,Nando's Lincoln,"Unit B Brayford Wharf N, Lincoln LN1 1YX, UK",01522 511966,https://www.nandos.co.uk/restaurants/lincoln?utm_campaign=websitecta_NA&utm_content=Multi-Chan_GB_NA_NA_NA_all_NA_NA_lincoln&utm_medium=mybusiness&utm_source=google&utm_term=Local
Worcester,Miller & Carter Worcester,"Cathedral Square, Cathedral Square, Worcester WR1 2LU, UK",01905 670015,https://www.millerandcarter.co.uk/restaurants/east-and-west-midlands/millerandcarterworcester?utm_source=google&utm_medium=organic&utm_campaign=gmb-homepage
Worcester,Harvester Timberdine Worcester,"Bath Rd, Broomhall Ln, Worcester WR5 3HP, UK",01905 359294,https://www.harvester.co.uk/restaurants/eastandwestmidlands/thetimberdineworcester?utm_source=google&utm_medium=organic&utm_campaign=gmb-homepage
Worcester,Popeyes Louisiana Chicken,"8 High St, Worcester WR1 2QL, UK",0330 175 8760,https://popeyesuk.com/restaurants/worcester
Worcester,ASK Italian - Worcester,"2 High St, Cathedral Square, Worcester WR1 2QE, UK",01905 22730,https://www.askitalian.co.uk/italian/restaurants/worcester?utm_source=google&utm_medium=knowledgepanel&utm_campaign=GMB
Worcester,Zizzi - Worcester,"106 High St, Worcester WR1 2HW, UK",01905 936865,https://www.zizzi.co.uk/italian-restaurants/midlands/worcester?utm_source=google&utm_medium=knowledgepanel&utm_campaign=GMB
Salford,Turtle Bay Salford Quays,"Unit 39, The Quays, Salford M50 3AH, UK",0161 710 2470,https://turtlebay.co.uk/restaurants/salford-quays
Salford,Banana Tree Salford Quays,"Unit G40B, The Lowry Outlet Mall, Salford M50 3AZ, UK",0161 241 1087,https://bananatree.co.uk/restaurants/salford-quays?utm_source=google&utm_medium=organic&utm_campaign=google_lpm_bananatree_salford_quays
Salford,Harvester Quayside Mediacityuk,"G2a Quayside Media City UK The Quays Salford, Greater, Salford, Manchester M50 3AG, UK",0161 877 3952,https://www.harvester.co.uk/restaurants/northwest/harvesterthelowrymanchester?utm_source=google&utm_medium=organic&utm_campaign=gmb-homepage
Salford,Prezzo Italian Restaurant Manchester Media City,"101-110 Broadway, Orange, Salford M50 2HQ, UK",0161 509 6722,https://www.prezzo.co.uk/restaurants/manchester-media-city/
Salford,Quay House Beefeater,"Quays, The Quays, Salford M50 3SQ, UK",0161 872 4026,https://www.beefeater.co.uk/en-gb/locations/lancashire/quay-house?cid=GLBC_40016345
Salford,Bella Italia - Salford Quays,"Unit G40a, Lowry Centre, Salford, Manchester M50 3AZ, UK",0161 549 2144,https://www.bellaitalia.co.uk/restaurants/manchester/salford-quays/?utm_source=google&utm_medium=organic&utm_campaign=google_lpm_bellaitalia_salfordquays
Salford,wagamama manchester media city,"unit 2 orange tower media city, Salford M50 2EQ, UK",0161 713 3747,https://www.wagamama.com/restaurants/salford/salford-media-city
Salford,Nando's Salford Quays,"Unit 2, Digital World Centre, Lowry Plaza, The Quays Salford, Greater, Salford, Manchester M50 3UB, UK",0161 872 9244,https://www.nandos.co.uk/restaurants/salford-quays?utm_campaign=websitecta_NA&utm_content=Multi-Chan_GB_NA_NA_NA_all_NA_NA_salford-quays&utm_medium=mybusiness&utm_source=google&utm_term=Local
St Helens,Toby Carvery Waterside,"E Lancashire Rd, St Helens, Saint Helens WA11 7LX, UK",01744 23333,https://www.tobycarvery.co.uk/restaurants/north-west/watersidesthelens?utm_source=google&utm_medium=organic&utm_campaign=gmb-homepage
St Helens,Nando's St Helens,"St Helen's Leisure Park, Chalon Way W, St Helens, Saint Helens WA10 1BF, UK",01744 739255,https://www.nandos.co.uk/restaurants/st-helens?utm_campaign=websitecta_NA&utm_content=Multi-Chan_GB_NA_NA_NA_all_NA_NA_st-helens&utm_medium=mybusiness&utm_source=google&utm_term=Local
Wembley,Las Iguanas - London - Wembley,"Unit 97, London Designer Outlet, London, Wembley HA9 0FD, UK",020 8629 8886,https://www.iguanas.co.uk/restaurants/london-wembley/?utm_source=google&utm_medium=organic&utm_campaign=google_lpm_lasiguanas_london_wembley
Wembley,Frankie & Benny's,"London, Designer Outlet Centre, Wembley Park, Wembley HA9 0FD, UK",020 8903 7824,https://www.frankieandbennys.com/restaurants/london-wembley?utm_source=google&utm_medium=organic&utm_campaign=google_lpm_frankie_and_bennys_wembley
Wembley,Nando's Wembley - Designer Outlet,"Unit 101, London Designer Outlet, Wembley Park Blvd Wembley, Greater, London HA9 0PA, UK",020 8902 7388,https://www.nandos.co.uk/restaurants/wembley-designer-outlet?utm_campaign=websitecta_NA&utm_content=Multi-Chan_GB_NA_NA_NA_all_NA_NA_wembley-designer-outlet&utm_medium=mybusiness&utm_source=google&utm_term=Local
Wembley,Zizzi - Wembley,"London, Designer Outlet, Wembley Park, Wembley HA9 0FD, UK",020 3802 6676,https://www.zizzi.co.uk/italian-restaurants/greater-london/london/wembley?utm_source=google&utm_medium=knowledgepanel&utm_campaign=GMB
Wembley,wagamama wembley,"designer outlet, 104 Wembley Park Blvd, london HA9 0FD, UK",020 8795 2597,https://www.wagamama.com/restaurants/london/wembley
Wembley,TGI Fridays - Wembley,"1 Wembley Park Blvd, Wembley Park, Wembley HA9 0TG, UK",0330 175 9280,https://www.tgifridays.co.uk/locations/wembley/?utm_source=localGMB&utm_medium=organic&utm_campaign=679
Wembley,itsu - Wembley,"18 Wembley Park Blvd, Wembley Park, Wembley HA9 0HP, UK",020 8191 1879,https://www.itsu.com/
Hemel Hempstead,Prezzo Italian Restaurant Hemel Hempstead,"Unit 12, Jarman square, Jarman Way, Hemel Hempstead HP2 4JS, UK",01442 505893,https://www.prezzo.co.uk/restaurants/hemel-hempstead/
Hemel Hempstead,Harvester Mallard Hemel Hempstead,"507 London Rd, Boxmoor, Hemel Hempstead HP3 9BQ, UK",01442 260515,https://www.harvester.co.uk/restaurants/eastofengland/themallardhemelhempstead?utm_source=google&utm_medium=organic&utm_campaign=gmb-homepage
Hemel Hempstead,Toby Carvery Hemel Hempstead,"Kier Park, Maylands Ave, Hemel Hempstead HP2 4SQ, UK",01442 214125,https://www.tobycarvery.co.uk/restaurants/east-of-england/hemelhempsteadhertfordshire?utm_source=google&utm_medium=organic&utm_campaign=gmb-homepage
Hemel Hempstead,Nando's Hemel Hempstead,"Unit 8, Jarman square, Jarman Way, Hemel Hempstead HP2 4JW, UK",01442 249562,https://www.nandos.co.uk/restaurants/hemel-hempstead?utm_campaign=websitecta_NA&utm_content=Multi-Chan_GB_NA_NA_NA_all_NA_NA_hemel-hempstead&utm_medium=mybusiness&utm_source=google&utm_term=Local
Hemel Hempstead,PizzaExpress,"Unit A3, Riverside, Hemel Hempstead HP1 1BT, UK",01442 256131,https://www.pizzaexpress.com/hemel-hempstead-riverside?utm_source=GMB&utm_medium=Website&utm_campaign=GMB-WEB-3233
Hemel Hempstead,Five Guys Burgers and Fries Hemel Hempstead,"Unit 9, Jarman Leisure Park, Hemel Hempstead HP2 4JS, UK",01442 503344,https://restaurants.fiveguys.co.uk/south-east/unit-9
Watford,Las Iguanas - Watford,"61-63 High St, Watford WD17 2DJ, UK",01923 953996,https://www.iguanas.co.uk/restaurants/watford/?utm_source=google&utm_medium=organic&utm_campaign=google_lpm_lasiguanas_watford
Watford,wagamama watford central,"met quarter, King St, Watford WD17 2EN, UK",01923 252530,https://www.wagamama.com/restaurants/watford/watford
Watford,TGI Fridays - Watford Central,"Restaurant, 3, 45-47, High St, Watford WD17 2DJ, UK",0330 175 9277,https://www.tgifridays.co.uk/restaurant/watford-central?utm_source=local+GMB&utm_medium=organic&utm_campaign=Google&utm_id=n001
Watford,Nando's Watford - High Street,"42 The Parade, Watford WD17 1AZ, UK",01923 831702,https://www.nandos.co.uk/restaurants/watford-high-street?utm_campaign=websitecta_NA&utm_content=Multi-Chan_GB_NA_NA_NA_all_NA_NA_watford-high-street&utm_medium=mybusiness&utm_source=google&utm_term=Local
Watford,Harvester Garston Watford,"St Albans Rd, Watford WD25 0LL, UK",01923 672061,https://www.harvester.co.uk/restaurants/eastofengland/harvestergarstonwatford?utm_source=google&utm_medium=organic&utm_campaign=gmb-homepage
Watford,Wingstop Watford,"The Former, Post Office, 1 Market St, Watford WD18 0LG, UK",01923 889631,https://www.wingstop.co.uk/?y_source=1_MTAzODAzNzM3NC03MTUtbG9jYXRpb24ud2Vic2l0ZQ%3D%3D
Watford,Chaiiwala,"Unit 177b, The Harlequin, Watford WD17 2TQ, UK",01923 981060,https://www.chaiiwala.co.uk/
Watford,PizzaExpress,"137 High St, Watford WD17 2ER, UK",01923 213991,https://www.pizzaexpress.com/watford-high-street?utm_source=GMB&utm_medium=Website&utm_campaign=GMB-WEB-1351
Watford,Toby Carvery Watford,"3 Hartspring Ln, Watford WD25 8AD, UK",01923 225826,https://www.tobycarvery.co.uk/restaurants/east-of-england/aldenhamwatford?utm_source=google&utm_medium=organic&utm_campaign=gmb-homepage
Watford,wagamama watford woodside,"Unit 3 (restaurant, 1 Woodside Leisure Pk, Watford WD25 7JZ, UK",01923 589995,https://www.wagamama.com/restaurants/watford/watfordwoodside
Watford,Harvester Croxley Green Watford,"253 Watford Rd, Croxley Green, Rickmansworth WD3 3RX, UK",01923 236784,https://www.harvester.co.uk/restaurants/eastofengland/harvestercroxleygreenrickmansworth?utm_source=google&utm_medium=organic&utm_campaign=gmb-homepage
Stockport,Nando's Stockport,"Peel Centre, Great Portwood St Stockport, Greater, Stockport, Manchester SK1 2HH, UK",0161 480 2430,https://www.nandos.co.uk/restaurants/stockport?utm_campaign=websitecta_NA&utm_content=Multi-Chan_GB_NA_NA_NA_all_NA_NA_stockport&utm_medium=mybusiness&utm_source=google&utm_term=Local
Stockport,Miller & Carter Heaton Chapel,"271 Wellington Rd N, Stockport SK4 5BP, UK",0161 432 2753,https://www.millerandcarter.co.uk/restaurants/north-west/millerandcarterheatonchapel?utm_source=google&utm_medium=organic&utm_campaign=gmb-homepage
Stockport,Zizzi - Stockport,"4, REDROCK, Bridgefield St, Stockport SK1 1SA, UK",0161 459 4040,https://www.zizzi.co.uk/italian-restaurants/north-west/stockport?utm_source=google&utm_medium=knowledgepanel&utm_campaign=GMB
Rochdale,Harvester Sir Winston Churchill Rochdale,"710 Bury Rd, Rochdale OL11 5HW, UK",01706 360530,https://www.harvester.co.uk/restaurants/northwest/thesirwinstonchurchillrochdale?utm_source=google&utm_medium=organic&utm_campaign=gmb-homepage
Rochdale,Chaiiwala,"35 Milkstone Rd, Rochdale OL11 1EB, UK",01706 313155,https://www.chaiiwala.co.uk/
Ilford,Harvester Beehive Ilford,"147 Beehive Ln, Ilford IG4 5DR, UK",020 8550 3361,https://www.harvester.co.uk/restaurants/london/thebeehiveilford?utm_source=google&utm_medium=organic&utm_campaign=gmb-homepage
Ilford,Nando's Ilford,"Unit 1A, I Scene, Clements Rd Ilford, Greater, London IG1 1BP, UK",020 8514 6012,https://www.nandos.co.uk/restaurants/ilford?utm_campaign=websitecta_NA&utm_content=Multi-Chan_GB_NA_NA_NA_all_NA_NA_ilford&utm_medium=mybusiness&utm_source=google&utm_term=Local
Ilford,Popeyes Louisiana Chicken,"109 High Rd, Ilford IG1 1DE, UK",0330 175 8760,https://popeyesuk.com/restaurants/Ilford
Barnsley,Toby Carvery Dodworth Valley,"Castle View, Dodworth, Barnsley S75 3LF, UK",01226 291333,https://www.tobycarvery.co.uk/restaurants/yorkshire/dodworthvalleybarnsley?utm_source=google&utm_medium=organic&utm_campaign=gmb-homepage
Darlington,Morton Park Beefeater,"Morton Pk Wy, Darlington DL1 4PJ, UK",01325 373340,https://www.beefeater.co.uk/en-gb/locations/county-durham/morton-park?cid=GLBC_40012230
Darlington,Nando's Darlington,"Unit 2, Feethams, Feethams Darlington, County, Darlington, Durham DL1 5RD, UK",01325 463243,https://www.nandos.co.uk/restaurants/darlington?utm_campaign=websitecta_NA&utm_content=Multi-Chan_GB_NA_NA_NA_all_NA_NA_darlington&utm_medium=mybusiness&utm_source=google&utm_term=Local
Darlington,Toby Carvery,"Yarm Rd, Barrington Way, Darlington DL1 4WF, UK",01325 489438,https://www.tobycarvery.co.uk/restaurants/north-east/darlingtoncountydurham?utm_source=google&utm_medium=organic&utm_campaign=gmb-homepage
Birkenhead,Toby Carvery Arrowe,"Arrowe Park Rd, Birkenhead, Wirral CH49 5LW, UK",0151 604 1241,https://www.tobycarvery.co.uk/restaurants/north-west/arroweparkwirral?utm_source=google&utm_medium=organic&utm_campaign=gmb-homepage
Bath,Cosy Club,"Unit R4, Southgate Pl, Bath BA1 1AP, UK",01225 464161,https://cosyclub.co.uk/location/bath
Bath,Turtle Bay Bath,"11 Bridge St, Bath BA2 4AS, UK",01225 444052,https://turtlebay.co.uk/restaurants/bath
Stevenage,Banana Tree Stevenage,"Unit 13, leisure park, Stevenage SG1 2UA, UK",01438 318137,https://bananatree.co.uk/restaurants/stevenage/?utm_source=google&utm_medium=organic&utm_campaign=google_lpm_bananatree_portsmouth
Stevenage,Prezzo,"Unit 9, Kings Way, Stevenage SG1 2UA, UK",01438 908174,https://www.prezzo.co.uk/restaurants/stevenage-leisure-park/
Stevenage,Toby Carvery Old Forge,"London Rd, Stevenage SG2 8DT, UK",01438 351854,https://www.tobycarvery.co.uk/restaurants/east-of-england/theoldforgestevenage?utm_source=google&utm_medium=organic&utm_campaign=gmb-homepage
Stevenage,Miller & Carter,"Roaring Meg Retail Park, London Rd, Stevenage SG1 1XN, UK",01438 743391,https://www.millerandcarter.co.uk/restaurants/east-of-england/millerandcarterstevenage?utm_source=google&utm_medium=organic&utm_campaign=gmb-homepage
Stevenage,Nando's Stevenage - Leisure Park,"Unit 11, Leisure Park, Kings Way, Stevenage SG1 2UA, UK",01438 742209,https://www.nandos.co.uk/restaurants/stevenage-leisure-park?utm_campaign=websitecta_NA&utm_content=Multi-Chan_GB_NA_NA_NA_all_NA_NA_stevenage-leisure-park&utm_medium=mybusiness&utm_source=google&utm_term=Local
Stevenage,Bella Italia - Stevenage,"Unit 12, Leisure Park, Kings Way, Stevenage SG1 2UA, UK",01438 352700,https://www.bellaitalia.co.uk/restaurants/stevenage
Stevenage,wagamama stevenage,"unit 8, leisure park, Stevenage SG1 2UA, UK",01438 576829,https://www.wagamama.com/restaurants/stevenage/stevenage
Stevenage,Nando's Stevenage Roaring Meg - Retail Park,"Roaring Meg Retail Park, Great N Rd, Stevenage SG1 1XN, UK",01483 340287,https://www.nandos.co.uk/restaurants/stevenage-roaring-meg-retail-park?utm_campaign=websitecta_NA&utm_content=Multi-Chan_GB_NA_NA_NA_all_NA_NA_stevenage-roaring-meg-retail-park&utm_medium=mybusiness&utm_source=google&utm_term=Local
Stevenage,Five Guys Burgers and Fries Stevenage,"Unit 10, Leisure Park, Stevenage SG1 2AU, UK",01438 904486,https://restaurants.fiveguys.co.uk/south-east/unit-10
Grimsby,Miller & Carter Grimsby,"Weelsby Rd, Grimsby DN32 9RT, UK",01472 341767,https://www.millerandcarter.co.uk/restaurants/yorkshire-and-the-humber/millerandcartergrimsby?utm_source=google&utm_medium=organic&utm_campaign=gmb-homepage
Southport,Prezzo Italian Restaurant Southport,"128 Lord St, Southport PR8 1AA, UK",01704 795008,https://www.prezzo.co.uk/restaurants/southport/
Southport,Miller & Carter Ainsdale,"537 Liverpool Rd, Ainsdale, Southport PR8 3BJ, UK",01704 574161,https://www.millerandcarter.co.uk/restaurants/north-west/millerandcarterainsdale#/
Halifax,Halifax Beefeater,"Broad St Plaza, Halifax HX1 1YA, UK",01422 386531,https://www.beefeater.co.uk/en-gb/locations/west-yorkshire/halifax?cid=GLBC_40535535
Eltham,Harvester Falcon Eltham,"Lingfield Cres, London SE9 2RN, UK",020 8850 3663,https://www.harvester.co.uk/restaurants/london/thefalconeltham?utm_source=google&utm_medium=organic&utm_campaign=gmb-homepage
Eltham,PizzaExpress,"Unit 1, 168-176 Eltham High St, London SE9 1BJ, UK",020 8104 0324,https://www.pizzaexpress.com/eltham-high-street?utm_source=GMB&utm_medium=Website&utm_campaign=GMB-WEB-3465
Eltham,Nando's Eltham,"Unit 2, 168-176 Eltham High St Eltham, Greater, London SE9 1BJ, UK",020 3984 2020,https://www.nandos.co.uk/restaurants/eltham?utm_campaign=websitecta_NA&utm_content=Multi-Chan_GB_NA_NA_NA_all_NA_NA_eltham&utm_medium=mybusiness&utm_source=google&utm_term=Local
Eltham,Popeyes Louisiana Chicken,"65 Eltham High St, London SE9 1YS, UK",0330 175 8760,https://popeyesuk.com/
Hounslow,Popeyes Louisiana Chicken,"182-186 High St, Hounslow TW3 1HL, UK",,https://popeyesuk.com/restaurants/hounslow
Hounslow,Nando's Hounslow,"1-1a, High St Hounslow, Greater, London TW3 1RH, UK",020 8570 5881,https://www.nandos.co.uk/restaurants/hounslow?utm_campaign=websitecta_NA&utm_content=Multi-Chan_GB_NA_NA_NA_all_NA_NA_hounslow&utm_medium=mybusiness&utm_source=google&utm_term=Local
Hounslow,Wingstop Hounslow,"Unit 2 Smithy Ln, High St, Quarter, Hounslow TW3 1NL, UK",020 3627 0958,https://www.wingstop.co.uk/?y_source=1_MTAzNDA2NTQ1Ni03MTUtbG9jYXRpb24ud2Vic2l0ZQ%3D%3D
Bromley,Harvester Crooked Billet Bromley,"286 Southborough Ln, Bromley BR2 8AA, UK",020 8467 1124,https://www.harvester.co.uk/restaurants/london/thecrookedbilletbromley?utm_source=google&utm_medium=organic&utm_campaign=gmb-homepage
Bromley,Zizzi - Bromley,"11 Widmore Rd, Bromley BR1 1RL, UK",020 3092 2146,https://www.zizzi.co.uk/italian-restaurants/greater-london/bromley?utm_source=google&utm_medium=knowledgepanel&utm_campaign=GMB
Bromley,wagamama bromley,"intu shopping centre, High St, Bromley BR1 1DN, UK",020 3793 5937,https://www.wagamama.com/restaurants/bromley/bromley
Bromley,Toby Carvery Crown,"155 Bromley Common, Bromley BR2 9RJ, UK",020 8460 1472,https://www.tobycarvery.co.uk/restaurants/south-east/thecrownbromley?utm_source=google&utm_medium=organic&utm_campaign=gmb-homepage
Bromley,Miller & Carter Bromley,"Pickhurst Ln, West Wickham BR4 0HH, UK",020 8462 1876,https://www.millerandcarter.co.uk/restaurants/london/millerandcarterbromley?utm_source=google&utm_medium=organic&utm_campaign=gmb-homepage
Bromley,Wingstop Bromley,"4, 6 Market Square, Bromley BR1 1NA, UK",020 3411 6992,https://www.wingstop.co.uk/?y_source=1_NTk5NDE4NzMtNzE1LWxvY2F0aW9uLndlYnNpdGU%3D
Nuneaton,Harvester Yeoman Nuneaton,"St Nicolas Park Dr, Nuneaton CV11 6EN, UK",024 7634 0301,https://www.harvester.co.uk/restaurants/eastandwestmidlands/theyeomannuneaton?utm_source=google&utm_medium=organic&utm_campaign=gmb-homepage
Nuneaton,The Griff House Beefeater,"Coventry Rd, Griff, Nuneaton CV10 7PJ, UK",024 7634 3584,https://www.beefeater.co.uk/en-gb/locations/warwickshire/griff-house?cid=GLBC_40013280
Nuneaton,Leonardo's Coffee Bar,"24 Newdegate St, Nuneaton CV11 4EU, UK",024 7634 7887,https://leonardoscoffeebar.co.uk/
Redditch,Redditch Beefeater,"Bordesley Ln, Redditch B97 6AQ, UK",01527 590916,https://www.beefeater.co.uk/en-gb/locations/west-midlands/redditch?cid=GLBC_40536385
Redditch,Harvester Dog Redditch,"Henley Rd, Studley B80 7DR, UK",01527 852230,https://www.harvester.co.uk/restaurants/eastandwestmidlands/thedogstudley?utm_source=google&utm_medium=organic&utm_campaign=gmb-homepage
Redditch,Nando's Redditch,"4, Kingfisher Shopping Centre, Plymouth Rd, Redditch B97 4HA, UK",01527 64387,https://www.nandos.co.uk/restaurants/redditch?utm_campaign=websitecta_NA&utm_content=Multi-Chan_GB_NA_NA_NA_all_NA_NA_redditch&utm_medium=mybusiness&utm_source=google&utm_term=Local
Harlow,Miller & Carter Harlow,"London Road, Harlow CM17 9NG, UK",01279 424495,https://www.millerandcarter.co.uk/restaurants/east-of-england/millerandcarterharlow?utm_source=google&utm_medium=organic&utm_campaign=gmb-homepage
Harlow,Wingstop Harlow,"3, THE WATER GARDENS, S Gate, Harlow CM20 1AB, UK",01279 881209,https://www.wingstop.co.uk/?y_source=1_MjA1NzIxNTAzOC03MTUtbG9jYXRpb24ud2Vic2l0ZQ%3D%3D
Harlow,Harlow Mill Beefeater,"Cambridge Rd, Old, Harlow CM20 2EP, UK",01279 217535,https://www.beefeater.co.uk/en-gb/locations/essex/harlow-mill?cid=GLBC_40013420
Harlow,wagamama harlow,"unit 4, THE WATER GARDENS, S Gate, Harlow CM20 1AB, UK",01279 214234,https://www.wagamama.com/restaurants/harlow/harlow
Harlow,Toby Carvery Harlow,"Edinburgh Gate, Harlow CM20 2LQ, UK",01279 442151,https://www.tobycarvery.co.uk/restaurants/east-of-england/harlowessex?utm_source=google&utm_medium=organic&utm_campaign=gmb-homepage
Harlow,PizzaExpress,"1, THE WATER GARDENS, Harlow CM20 1AN, UK",01279 453380,https://www.pizzaexpress.com/harlow-water-gardens?utm_source=GMB&utm_medium=Website&utm_campaign=GMB-WEB-3396
Harlow,Nando's Harlow,"Unit A3.3, THE WATER GARDENS, Third Ave, Harlow CM20 1AN, UK",01279 639509,https://www.nandos.co.uk/restaurants/harlow?utm_campaign=websitecta_NA&utm_content=Multi-Chan_GB_NA_NA_NA_all_NA_NA_harlow&utm_medium=mybusiness&utm_source=google&utm_term=Local
Harrow,Prezzo Italian Restaurant Harrow St George's,"Unit 26, St George's Shopping Centre, St. Anns Rd, Harrow HA1 1HS, UK",020 3911 1116,https://www.prezzo.co.uk/restaurants/harrow/
Harrow,Chaiiwala,"6, Manor Parade, Sheepcote Rd, Harrow HA1 2JN, UK",020 3410 2248,https://www.chaiiwala.co.uk/
Harrow,Miller & Carter Harrow,"Brockhurst Corner, Uxbridge Rd, Stanmore, Harrow HA3 6DL, UK",020 8954 6781,https://www.millerandcarter.co.uk/restaurants/london/millerandcarterharrow?utm_source=google&utm_medium=organic&utm_campaign=gmb-homepage
Harrow,Nando's Harrow - St George,"Unit 101-11,17, St. George's Shopping Centre, St Anns Rd Harrow, Greater, London HA1 1HS, UK",020 8427 8773,https://www.nandos.co.uk/restaurants/harrow-st-george?utm_campaign=websitecta_NA&utm_content=Multi-Chan_GB_NA_NA_NA_all_NA_NA_harrow-st-george&utm_medium=mybusiness&utm_source=google&utm_term=Local
Harrow,Nando's Harrow - Station Road,"300-302, Station Rd Harrow, Greater, London HA1 2DX, UK",020 8427 5581,https://www.nandos.co.uk/restaurants/harrow-station-road?utm_campaign=websitecta_NA&utm_content=Multi-Chan_GB_NA_NA_NA_all_NA_NA_harrow-station-road&utm_medium=mybusiness&utm_source=google&utm_term=Local
Harrow,Travellers Rest Beefeater,"Kenton Rd, Harrow HA3 8AT, UK",020 8907 1671,https://www.beefeater.co.uk/en-gb/locations/greater-london/travellers-rest?cid=GLBC_40017860
Harrow,PizzaExpress,"1st Floor, St Georges Centre, Harrow HA1 1HS, UK",020 8427 0982,https://www.pizzaexpress.com/harrow-st-georges-shopping-centre?utm_source=GMB&utm_medium=Website&utm_campaign=GMB-WEB-3389
St Albans,Cosy Club,"15 Christopher Pl, Upper Dagnall St, St Albans AL3 5DQ, UK",01727 519436,https://cosyclub.co.uk/location/st-albans
St Albans,Harvester Ancient Briton St Albans,"46 Harpenden Rd, Beech Btm, St Albans AL3 5AH, UK",01727 855053,https://www.harvester.co.uk/restaurants/eastofengland/theancientbritonstalbans?utm_source=google&utm_medium=organic&utm_campaign=gmb-homepage
St Albans,Miller & Carter St Albans,"11 Victoria St, St Albans AL1 3JJ, UK",01727 834086,https://www.millerandcarter.co.uk/restaurants/east-of-england/millerandcarterstalbans?utm_source=google&utm_medium=organic&utm_campaign=gmb-homepage
Stockton-on-Tees,The Talpore Beefeater,"Whitewater Wy, Thornaby, Stockton-on-Tees TS17 6QB, UK",01642 671573,https://www.beefeater.co.uk/en-gb/locations/county-durham/the-talpore?cid=GLBC_40017695
Gosport,The Star - JD Wetherspoon,"28-29 High St, Gosport PO12 1DF, UK",023 9251 2130,https://www.jdwetherspoon.com/pubs/all-pubs/england/hampshire/the-star-gosport
Gosport,Cosy Club,"28-29, North Bldg, Portsmouth PO1 3TT, UK",023 9239 5804,https://cosyclub.co.uk/location/portsmouth
Scunthorpe,Miller & Carter Scunthorpe,"Messingham Rd, Scunthorpe DN17 2QZ, UK",01724 842952,https://www.millerandcarter.co.uk/restaurants/yorkshire-and-the-humber/millerandcarterscunthorpe?utm_source=google&utm_medium=organic&utm_campaign=gmb-homepage
Scunthorpe,The Anchor Beefeater,"Lakeside Pkwy, Scunthorpe DN16 3UA, UK",01724 870030,https://www.beefeater.co.uk/en-gb/locations/lincolnshire/the-anchor?cid=GLBC_40010330
Chesterfield,Alma Park Harvester,"Alma Leisure Park, Derby Rd, Chesterfield S40 2EZ, UK",01246 540518,https://www.harvester.co.uk/restaurants/eastandwestmidlands/harvesterchesterfieldalmaleisurepark?utm_source=google&utm_medium=organic&utm_campaign=gmb-homepage
Chesterfield,The Galleon Restaurant,"48 St Mary's Gate, Chesterfield S41 7TH, UK",01246 559065,https://thegalleonrestaurant.co.uk/
Chesterfield,Nando's Chesterfield,"Alma Leisure Park, Derby Rd, Chesterfield S40 2EZ, UK",01246 277548,https://www.nandos.co.uk/restaurants/chesterfield?utm_campaign=websitecta_NA&utm_content=Multi-Chan_GB_NA_NA_NA_all_NA_NA_chesterfield&utm_medium=mybusiness&utm_source=google&utm_term=Local
Chesterfield,Harvester Treble Bob Barlborough,"Tallys End, Barlborough, Chesterfield S43 4TX, UK",01246 813005,https://www.harvester.co.uk/restaurants/eastandwestmidlands/harvestertreblebobchesterfield?utm_source=google&utm_medium=organic&utm_campaign=gmb-homepage
Ashford,Harvester Bybrook Barn Ashford Kent,"Bybrook Barn, Canterbury Rd, Kennington, Ashford TN24 8QQ, UK",01233 663634,https://www.harvester.co.uk/restaurants/southeast/thebybrookbarnashford?utm_source=google&utm_medium=organic&utm_campaign=gmb-homepage
Ashford,wagamama ashford designer outlet,"Ashford Designer Outlet, 47-48 Kimberley Way, Ashford TN24 0SD, UK",01233 631319,https://www.wagamama.com/restaurants/ashford/ashford
Ashford,Eureka Park Beefeater,"Eureka Leisure Park, Ashford TN25 4BN, UK",01233 739282,https://www.beefeater.co.uk/en-gb/locations/kent/eureka-park?cid=GLBC_40022570
Ashford,Beefeater The Woolpack,"Maidstone Road, Hothfield Common, Ram Lane, Ashford TN26 1AP, UK",01233 713000,https://www.beefeater.co.uk/en-gb/locations/kent/the-woolpack?cid=GLBC_40018555
Ashford,Frankie & Benny's,"Unit 3, Eureka Leisure Park, Rutherford Rd, Ashford TN25 4BN, UK",01233 662814,https://www.frankieandbennys.com/restaurants/ashford?utm_source=google&utm_medium=organic&utm_campaign=google_lpm_frankie_and_bennys_ashford
Ashford,Slim Chickens,"Unit 161/163, Ashford Designer Outlet, Kimberley Way, Ashford TN24 0SD, UK",01233 800052,https://www.slimchickens.co.uk/locations/ashford
Ashford,Nando's Ashford Designer Outlet,"Unit 156 , Ashford Designer Outlet Village, Kimberley Way, Ashford TN24 0SD, UK",01233 225103,https://www.nandos.co.uk/restaurants/ashford-designer-outlet?utm_campaign=websitecta_NA&utm_content=Multi-Chan_GB_NA_NA_NA_all_NA_NA_ashford-designer-outlet&utm_medium=mybusiness&utm_source=google&utm_term=Local
Ashford,Nando's Ashford,"Unit 5a, Eureka Entertainment, Rutherford Rd, Ashford TN25 4BN, UK",01233 665011,https://www.nandos.co.uk/restaurants/ashford?utm_campaign=websitecta_NA&utm_content=Multi-Chan_GB_NA_NA_NA_all_NA_NA_ashford&utm_medium=mybusiness&utm_source=google&utm_term=Local
Ashford,PizzaExpress,"Unit 85-86, The Designer Outlet Centre, Kimberley Way, Ashford TN24 0SD, UK",01233 637044,https://www.pizzaexpress.com/ashford-designer-outlet?utm_source=GMB&utm_medium=Website&utm_campaign=GMB-WEB-3356
Guildford,The Ivy Asia Guildford,"23 Tunsgate, Guildford GU1 3QY, UK",01483 958880,https://theivyasia.com/asian-food-near-me/asian-restaurants-south-east/the-ivy-asia-guildford/
Guildford,Turtle Bay Guildford,"Dolphin House, 1 North St, Guildford GU1 4AA, UK",01483 300307,https://turtlebay.co.uk/restaurants/guildford
Guildford,Cosy Club,"14 Tunsgate, Quarter, Guildford GU1 3QY, UK",01483 369072,https://cosyclub.co.uk/location/guildford
Guildford,Zizzi - Guildford,"274 High St, Guildford GU1 3JL, UK",01483 664207,https://www.zizzi.co.uk/italian-restaurants/south-east/guildford?utm_source=google&utm_medium=knowledgepanel&utm_campaign=GMB
Guildford,wagamama guildford high st,"25-29 High St, Guildford GU1 3DY, UK",01483 457779,https://www.wagamama.com/restaurants/guildford/guildford
Guildford,The Parkway Beefeater,"Parkway, Guildford GU1 1UP, UK",01483 304932,https://www.beefeater.co.uk/en-gb/locations/surrey/the-parkway?cid=GLBC_41015900
Guildford,Franco Manca Guildford,"Unit 24 Friary St, Guildford GU1 4EH, UK",01483 904102,https://www.francomanca.co.uk/restaurants/guildford
Guildford,Nando's Guildford,"11-12 Friary St, Guildford GU1 4EH, UK",01483 568083,https://www.nandos.co.uk/restaurants/guildford?utm_campaign=websitecta_NA&utm_content=Multi-Chan_GB_NA_NA_NA_all_NA_NA_guildford&utm_medium=mybusiness&utm_source=google&utm_term=Local
Lewisham,Popeyes Louisiana Chicken,"Unit 1, The, Lewisham Centre, London SE13 7EP, UK",0330 175 8760,https://popeyesuk.com/restaurants/lewisham
Lewisham,Nando's Lewisham,"16 Lee High Rd, London SE13 5LQ, UK",020 8463 0119,https://www.nandos.co.uk/restaurants/lewisham?utm_campaign=websitecta_NA&utm_content=Multi-Chan_GB_NA_NA_NA_all_NA_NA_lewisham&utm_medium=mybusiness&utm_source=google&utm_term=Local
Woolwich,London Woolwich Beefeater,"Beresford St, London SE18 6BF, UK",020 3004 2238,https://www.beefeater.co.uk/en-gb/locations/greater-london/london-woolwich?cid=GLBC_40037455
Woolwich,Nando's Woolwich,"50 Powis St, London SE18 6LQ, UK",020 8854 7506,https://www.nandos.co.uk/restaurants/woolwich?utm_campaign=websitecta_NA&utm_content=Multi-Chan_GB_NA_NA_NA_all_NA_NA_woolwich&utm_medium=mybusiness&utm_source=google&utm_term=Local
Woolwich,Popeyes Louisiana Chicken,"47-49 Powis St, London SE18 6HZ, UK",0330 175 8760,https://popeyesuk.com/
Weston-super-Mare,Miller & Carter Weston Gateway,"Yew Tree Dr, Weston-super-Mare BS22 6DB, UK",01934 521235,https://www.millerandcarter.co.uk/restaurants/south-west/millerandcarterwestongateway?utm_source=google&utm_medium=organic&utm_campaign=gmb-homepage
Weston-super-Mare,The Pavilion Beefeater,"Hutton Moor Rd, Weston-super-Mare BS22 8LY, UK",01934 622625,https://www.beefeater.co.uk/en-gb/locations/somerset/the-pavilion?cid=GLBC_40015925
Weston-super-Mare,Nando's Weston-super-Mare,"1 Central Walk, Weston-super-Mare BS23 1FF, UK",01934 416532,https://www.nandos.co.uk/restaurants/weston-super-mare?utm_campaign=websitecta_NA&utm_content=Multi-Chan_GB_NA_NA_NA_all_NA_NA_weston-super-mare&utm_medium=mybusiness&utm_source=google&utm_term=Local
West Bromwich,Nando's West Bromwich,"Unit 5A New Sq, Walsall St, West Bromwich B70 7PP, UK",0121 553 4569,https://www.nandos.co.uk/restaurants/west-bromwich?utm_campaign=websitecta_NA&utm_content=Multi-Chan_GB_NA_NA_NA_all_NA_NA_west-bromwich&utm_medium=mybusiness&utm_source=google&utm_term=Local
Edgware,Nando's Edgware,"137-139 , Station Rd Edgware, Greater, London HA8 7JG, UK",020 8952 3400,https://www.nandos.co.uk/restaurants/edgware?utm_campaign=websitecta_NA&utm_content=Multi-Chan_GB_NA_NA_NA_all_NA_NA_edgware&utm_medium=mybusiness&utm_source=google&utm_term=Local
Bury,Miller & Carter Greenmount,"1A Brandlesholme Rd, Greenmount, Bury BL8 4DS, UK",01204 882021,https://www.millerandcarter.co.uk/restaurants/north-west/millerandcartergreenmount?utm_source=google&utm_medium=organic&utm_campaign=gmb-homepage
Bury,Nando's Bury,"The Rock, Rochdale Rd Bury, Greater, Bury, Manchester BL9 0ND, UK",0161 762 0409,https://www.nandos.co.uk/restaurants/bury?utm_campaign=websitecta_NA&utm_content=Multi-Chan_GB_NA_NA_NA_all_NA_NA_bury&utm_medium=mybusiness&utm_source=google&utm_term=Local
Bury,PizzaExpress,"Unit F23, 1 Rock Pl, Bury BL9 0JX, UK",0161 763 3655,https://www.pizzaexpress.com/bury-the-rock-shopping-centre?utm_source=GMB&utm_medium=Website&utm_campaign=GMB-WEB-3317
Bury,Toby Carvery Ainsworth,"465 Bury and Bolton Rd, Radcliffe, Manchester M26 4LJ, UK",0161 764 1405,https://www.tobycarvery.co.uk/restaurants/north-west/ainsworthmanchester?utm_source=google&utm_medium=organic&utm_campaign=gmb-homepage
Tamworth,The Ladybridge Beefeater,"Bonehill Rd, Tamworth B78 3HE, UK",01827 54414,https://www.beefeater.co.uk/en-gb/locations/staffordshire/the-ladybridge?cid=GLBC_40014310
Tamworth,Nando's Tamworth,"Unit 1, Ventura Retail Park, Ventura Park Rd, Tamworth B78 3HD, UK",01827 305490,https://www.nandos.co.uk/restaurants/tamworth?utm_campaign=websitecta_NA&utm_content=Multi-Chan_GB_NA_NA_NA_all_NA_NA_tamworth&utm_medium=mybusiness&utm_source=google&utm_term=Local
Chatham,Zizzi - Chatham,"Unit GU03, Maritime, Chatham ME4 4LL, UK",01634 963353,https://www.zizzi.co.uk/italian-restaurants/south-east/chatham?utm_source=google&utm_medium=knowledgepanel&utm_campaign=GMB
Chatham,wagamama chatham maritime,"Unit 2, Maritime, Chatham ME4 4LL, UK",01634 558082,https://www.wagamama.com/restaurants/chatham/chathammaritime
Chatham,Nando's Chatham,"Unit GU06, Dickens World, 4 Leviathan Way, Chatham ME4 4LL, UK",01634 890357,https://www.nandos.co.uk/restaurants/chatham?utm_campaign=websitecta_NA&utm_content=Multi-Chan_GB_NA_NA_NA_all_NA_NA_chatham&utm_medium=mybusiness&utm_source=google&utm_term=Local
Carlisle,Toby Carvery Carlisle,"491 Warwick Rd, Carlisle CA1 2SB, UK",01228 591381,https://www.tobycarvery.co.uk/restaurants/north-west/carlislecumbria?utm_source=google&utm_medium=organic&utm_campaign=gmb-homepage
Crewe,Miller & Carter Crewe,"Nantwich Rd, Cheshire, Crewe CW2 6PB, UK",01270 662326,https://www.millerandcarter.co.uk/restaurants/north-west/millerandcartercrewe?utm_source=google&utm_medium=organic&utm_campaign=gmb-homepage
Crewe,Nando's Crewe,"Grand Junction Retail Park, 114-116 Earle St, Cheshire, Crewe CW1 2AQ, UK",01270 216610,https://www.nandos.co.uk/restaurants/crewe?utm_campaign=websitecta_NA&utm_content=Multi-Chan_GB_NA_NA_NA_all_NA_NA_crewe&utm_medium=mybusiness&utm_source=google&utm_term=Local
Crewe,KFC Crewe - Grand Junction Retail Park,"Unit 11, Grand Junction Retail Park, 16 Grand Jct Way, Earle St, Crewe CW1 2RP, UK",01270 368519,https://www.kfc.co.uk/kfc-near-me/crewe-grand-junction-retail-park?utm_term=Earle-Street&utm_medium=organic&utm_source=uberall
Bootle,The Packet Steamer Beefeater,"Merseyside, Northern Perimeter Rd, Bootle L30 7PT, UK",0151 531 1497,https://www.beefeater.co.uk/en-gb/locations/merseyside/packet-steamer?cid=GLBC_40015845
Harrogate,Zizzi - Harrogate,"1 Station Parade, Harrogate HG1 1TB, UK",01423 408376,https://www.zizzi.co.uk/italian-restaurants/north-east/harrogate?utm_source=google&utm_medium=knowledgepanel&utm_campaign=GMB
Maidenhead,Toby Carvery Stafferton Lodge,"Braywick Rd, Maidenhead SL6 1BN, UK",01628 776489,https://www.tobycarvery.co.uk/restaurants/south-east/staffertonlodgemaidenhead?utm_source=google&utm_medium=organic&utm_campaign=gmb-homepage
Maidenhead,Nando's Maidenhead - King Street,"Unit A02, 57 King St, Maidenhead, Berkshire SL6 1JR, UK",01628 244103,https://www.nandos.co.uk/restaurants/maidenhead-king-street?utm_campaign=websitecta_NA&utm_content=Multi-Chan_GB_NA_NA_NA_all_NA_NA_maidenhead-king-street&utm_medium=mybusiness&utm_source=google&utm_term=Local
Maidenhead,Miller & Carter Taplow,"Bath Rd, Taplow, Maidenhead SL6 0AJ, UK",01628 627083,https://www.millerandcarter.co.uk/restaurants/south-east/millerandcartertaplow?utm_source=google&utm_medium=organic&utm_campaign=gmb-homepage
Newcastle-under-Lyme,The Arnold Machin - JD Wetherspoon,"37 Ironmarket, Newcastle-under-Lyme, Newcastle ST5 1PB, UK",01782 557840,https://www.jdwetherspoon.com/pubs/the-arnold-machin-newcastle-under-lyme/
Burnley,Nando's Burnley - Pioneer Place,"Unit 3, Pioneer Place, Curzon St, Burnley BB11 1FB, UK",01282 502102,https://www.nandos.co.uk/restaurants/burnley-pioneer-place?utm_campaign=websitecta_NA&utm_content=Multi-Chan_GB_NA_NA_NA_all_NA_NA_burnley-pioneer-place&utm_medium=mybusiness&utm_source=google&utm_term=Local
Burnley,Chaiiwala,"54 Church St, Burnley BB11 2DL, UK",01282 942314,https://www.chaiiwala.co.uk/
Enfield,Prezzo,"26 The Town, Enfield EN2 6LU, UK",020 8176 6232,https://www.prezzo.co.uk/restaurants/enfield/
Enfield,Harvester Navigation Inn Enfield,"4 Wharf Rd, Ponders End, Enfield EN3 4XX, UK",020 8804 7788,https://www.harvester.co.uk/restaurants/london/thenavigationenfield?utm_source=google&utm_medium=organic&utm_campaign=gmb-homepage
Enfield,Toby Carvery Whitewebbs House,"Whitewebbs Ln, Enfield EN2 9HH, UK",020 8363 0542,https://www.tobycarvery.co.uk/restaurants/london/whitewebbshouseenfield?utm_source=google&utm_medium=organic&utm_campaign=gmb-homepage
Enfield,wagamama enfield southbury leisure park,"Southbury Leisure Park, Southbury Rd, Enfield EN1 1UY, UK",020 3117 5904,https://www.wagamama.com/restaurants/enfield/enfield
Enfield,Toby Carvery Enfield,"801 Great Cambridge Rd, Enfield EN1 3PN, UK",020 8367 4290,https://www.tobycarvery.co.uk/restaurants/london/thehalfwayhouseenfield?utm_source=google&utm_medium=organic&utm_campaign=gmb-homepage
Enfield,Nando's Enfield - Town,"2 , The Town Enfield, Greater, London EN2 6LE, UK",020 8366 2904,https://www.nandos.co.uk/restaurants/enfield-town?utm_campaign=websitecta_NA&utm_content=Multi-Chan_GB_NA_NA_NA_all_NA_NA_enfield-town&utm_medium=mybusiness&utm_source=google&utm_term=Local
Enfield,Five Guys Burgers and Fries Enfield,"Southbury Leisure Park, 202 Southbury Rd, London EN1 1UY, UK",020 8187 0708,https://restaurants.fiveguys.co.uk/greater-london/southbury-leisure-park
Gravesend,Harvester Gravesend,"Rochester Rd, Chalk, Gravesend DA12 4TN, UK",01474 323272,https://www.harvester.co.uk/restaurants/southeast/harvestergravesendchalk?utm_source=google&utm_medium=organic&utm_campaign=gmb-homepage
Gravesend,Toby Carvery Gravesend,"Coldharbour Rd, Northfleet, Gravesend DA11 8AB, UK",01474 535286,https://www.tobycarvery.co.uk/restaurants/south-east/gravesendkent?utm_source=google&utm_medium=organic&utm_campaign=gmb-homepage
Burton-on-Trent,Miller & Carter Burton,"Staffordshire, Centrum East, Ninth Ave, Burton upon Trent, Burton-on-Trent DE14 3JZ, UK",01283 517935,https://www.millerandcarter.co.uk/restaurants/east-and-west-midlands/millerandcarterburton?utm_source=google&utm_medium=organic&utm_campaign=gmb-homepage
Burton-on-Trent,Bella Italia - Burton upon Trent,"& Leisure Park, Middleway Retail Park, Guild St, Burton upon Trent, Burton-on-Trent DE14 1NQ, UK",01283 890185,https://www.bellaitalia.co.uk/restaurants/burton-upon-trent/middleway-retail-park/?utm_source=google&utm_medium=organic&utm_campaign=google_lpm_bellaitalia_burtonupontrent
Burton-on-Trent,Nando's Burton Upon Trent,"Unit B, Middleway Retail & Leisure Park, Guild St, Burton upon Trent, Burton-on-Trent DE14 1NQ, UK",01283 516991,https://www.nandos.co.uk/restaurants/burton-upon-trent?utm_campaign=websitecta_NA&utm_content=Multi-Chan_GB_NA_NA_NA_all_NA_NA_burton-upon-trent&utm_medium=mybusiness&utm_source=google&utm_term=Local
Burton-on-Trent,Toby Carvery Burton,"Staffordshire, Centrum East, Ninth Ave, Burton upon Trent, Burton-on-Trent DE14 2WN, UK",01283 561732,https://www.tobycarvery.co.uk/restaurants/midlands/burtonupontrentstaffordshire?utm_source=google&utm_medium=organic&utm_campaign=gmb-homepage
Shrewsbury,ASK Italian - Shrewsbury,"23 High St, Shrewsbury SY1 1SJ, UK",01743 384245,https://www.askitalian.co.uk/italian/restaurants/shrewsbury?utm_source=google&utm_medium=knowledgepanel&utm_campaign=GMB
Shrewsbury,Harvester Beaten Track,"Old Potts Way, Shrewsbury SY3 7ET, UK",01743 233941,https://www.harvester.co.uk/restaurants/eastandwestmidlands/thebeatentrackshrewsbury?utm_source=google&utm_medium=organic&utm_campaign=gmb-homepage
Shrewsbury,Nando's Shrewsbury,"Old Potts Way, Shrewsbury SY3 7ET, UK",01743 363048,https://www.nandos.co.uk/restaurants/shrewsbury?utm_campaign=websitecta_NA&utm_content=Multi-Chan_GB_NA_NA_NA_all_NA_NA_shrewsbury&utm_medium=mybusiness&utm_source=google&utm_term=Local
Rugby,Prezzo Italian,"2 Regent St, Rugby CV21 2QF, UK",01788 228468,https://www.prezzo.co.uk/restaurant/rugby/
Rugby,Harvester Bell & Barge Rugby,"Brownsover Rd, Rugby CV21 1RG, UK",01788 569466,https://www.harvester.co.uk/restaurants/eastandwestmidlands/thebellandbargerugby?utm_source=google&utm_medium=organic&utm_campaign=gmb-homepage
Rugby,Nando's Rugby,"Unit C1, Elliott's Field Retail Park, Leicester Rd, Rugby CV21 1SR, UK",01788 568956,https://www.nandos.co.uk/restaurants/rugby?utm_campaign=websitecta_NA&utm_content=Multi-Chan_GB_NA_NA_NA_all_NA_NA_rugby&utm_medium=mybusiness&utm_source=google&utm_term=Local
Rugby,PizzaExpress,"23-24 High St, Rugby CV21 3BG, UK",01788 553220,https://www.pizzaexpress.com/rugby-high-street?utm_source=GMB&utm_medium=Website&utm_campaign=GMB-WEB-3383
Stafford,Zizzi - Stafford,"Riverside, Stafford ST16 3PT, UK",01785 501898,https://www.zizzi.co.uk/italian-restaurants/midlands/stafford?utm_source=google&utm_medium=knowledgepanel&utm_campaign=GMB
Stafford,Nando's Stafford,"Unit 12a, Riverside Waterfront, Bridge St, Stafford ST16 2HQ, UK",01785 223985,https://www.nandos.co.uk/restaurants/stafford?utm_campaign=websitecta_NA&utm_content=Multi-Chan_GB_NA_NA_NA_all_NA_NA_stafford&utm_medium=mybusiness&utm_source=google&utm_term=Local
Taunton,Cosy Club,"Hunts Court, Corporation St, Taunton TA1 4AJ, UK",01823 253476,https://cosyclub.co.uk/location/taunton
Taunton,Miller & Carter Taunton,"Ilminster Rd, Taunton TA3 5LU, UK",01823 443121,https://www.millerandcarter.co.uk/restaurants/south-west/millerandcartertaunton#/
Taunton,Zizzi - Taunton,"Magdalene House, Taunton TA1 1SB, UK",01823 617199,https://www.zizzi.co.uk/italian-restaurants/south-west/taunton?utm_source=google&utm_medium=knowledgepanel&utm_campaign=GMB
Taunton,Harvester Griffin Taunton,"Somerset, Blackbrook Park Ave, Taunton TA1 2PX, UK",01823 442221,https://www.harvester.co.uk/restaurants/southwest/thegriffintaunton?utm_source=google&utm_medium=organic&utm_campaign=gmb-homepage
Taunton,ASK Italian - Taunton,"Former Post Office, 38 North St, Taunton TA1 1LW, UK",01823 771298,https://www.askitalian.co.uk/italian/restaurants/taunton?utm_source=google&utm_medium=knowledgepanel&utm_campaign=GMB
Taunton,Nando's Taunton,"1 North St, Taunton TA1 1LH, UK",01823 271828,https://www.nandos.co.uk/restaurants/taunton?utm_campaign=websitecta_NA&utm_content=Multi-Chan_GB_NA_NA_NA_all_NA_NA_taunton&utm_medium=mybusiness&utm_source=google&utm_term=Local
Taunton,Beefeater White Lodge,"81 Bridgwater Rd, Taunton TA1 2DU, UK",01823 321112,https://www.beefeater.co.uk/en-gb/locations/somerset/white-lodge?cid=GLBC_40018345
Tynemouth,Miller & Carter Preston Grange,"Preston N Rd, North Shields NE29 9DN, UK",0191 257 6821,https://www.millerandcarter.co.uk/restaurants/north-east/millerandcartertynemouth
Cannock,Miller & Carter Cannock,"Lichfield Rd, Cannock WS11 8EE, UK",01543 466770,https://www.millerandcarter.co.uk/restaurants/east-and-west-midlands/millerandcartercannock?utm_source=google&utm_medium=organic&utm_campaign=gmb-homepage
Cannock,Longford House Beefeater,"Watling St, Cannock WS11 1SJ, UK",01543 572721,https://www.beefeater.co.uk/en-gb/locations/staffordshire/longford-house?cid=GLBC_40014620
Cannock,wagamama west midlands designer outlet,"West Midlands Designer Outlet Village, Eastern Way, Cannock, birmingham WS11 7JZ, UK",01543 399654,https://www.wagamama.com/restaurants/cannock/west-midlands
Cannock,Slim Chickens,"Unit FB03, West Midlands Designer Outlet, Eastern Way, Cannock WS11 7JZ, UK",01543 398392,https://www.slimchickens.co.uk/locations/cannock
Cannock,Toby Carvery Norton Canes,"Watling St, Norton Canes, Cannock WS11 9ND, UK",01543 373292,https://www.tobycarvery.co.uk/restaurants/midlands/nortoncanescannock?utm_source=google&utm_medium=organic&utm_campaign=gmb-homepage
Cannock,M&S Foodhall,"Orbital Retail Centre, Unit 1 Voyager Dr, Norton Canes, Cannock WS11 8XP, UK",01543 408109,https://www.marksandspencer.com/stores/cannock-foodhall-1936?extid=local
Cannock,Five Guys Burgers and Fries West Midlands Designer Outlet,"Unit FB02, West Midlands Designer Outlet Village, Cannock WS11 7JZ, UK",01543 222481,https://restaurants.fiveguys.co.uk/west-midlands/unit-fb02
Farnborough,Prezzo Italian Restaurant Farnborough,"25 Kingsmead, Farnborough GU14 7SJ, UK",01252 942716,https://www.prezzo.co.uk/restaurants/farnborough/
Farnborough,Farnborough Beefeater,"3 Kingsmead, Farnborough GU14 7SJ, UK",01252 410317,https://www.beefeater.co.uk/en-gb/locations/hampshire/farnborough?cid=GLBC_40537140
Farnborough,Harvester Kings Head Frimley Green,"Guildford Rd, Frimley Green, Camberley GU16 6NR, UK",01252 835431,https://www.harvester.co.uk/restaurants/southeast/thekingsheadcamberley?utm_source=google&utm_medium=organic&utm_campaign=gmb-homepage
Torquay,Las Iguanas - Torquay,"4 Abbey Sands, Abbey Crescent, Torbay Rd, Torquay TQ2 5FB, UK",01803 308378,https://www.iguanas.co.uk/restaurants/torquay/?utm_source=google&utm_medium=organic&utm_campaign=google_lpm_lasiguanas_torquay
Torquay,Prezzo,"1 Vaughan Parade, Torquay TQ2 5EG, UK",01803 225634,https://www.prezzo.co.uk/restaurants/torquay/
Torquay,Harvester Beacon Quay Torquay,"Beacon Quay, Torquay TQ1 2RD, UK",01803 380004,https://www.harvester.co.uk/restaurants/southwest/harvesterbeaconquaytorquay?utm_source=google&utm_medium=organic&utm_campaign=gmb-homepage
Torquay,The Belgrave Beefeater,"Seafront, Belgrave Rd, Torquay TQ2 5HE, UK",01803 202282,https://www.beefeater.co.uk/en-gb/locations/devon/the-belgrave?cid=GLBC_40027175
Loughborough,Harvester Wheatsheaf Loughborough,"New Ashby Rd, Ashby Rd, Loughborough LE11 4EX, UK",01509 214165,https://www.harvester.co.uk/restaurants/eastandwestmidlands/thewheatsheafloughborough?utm_source=google&utm_medium=organic&utm_campaign=gmb-homepage
Loughborough,Toby Carvery Loughborough,"Glebe House, 190 Forest Rd, Loughborough LE11 3HU, UK",01509 214624,https://www.tobycarvery.co.uk/restaurants/midlands/loughboroughleicestershire?utm_source=google&utm_medium=organic&utm_campaign=gmb-homepage
Loughborough,Nando's Loughborough,"Unit 2 Baxter Gate, Loughborough LE11 1TH, UK",01509 239254,https://www.nandos.co.uk/restaurants/loughborough?utm_campaign=websitecta_NA&utm_content=Multi-Chan_GB_NA_NA_NA_all_NA_NA_loughborough&utm_medium=mybusiness&utm_source=google&utm_term=Local
Stourbridge,Badgers Sett Beefeater,"Birmingham Rd, Hagley, Stourbridge DY9 9JS, UK",01562 883120,https://www.beefeater.co.uk/en-gb/locations/worcestershire/badgers-sett?cid=GLBC_40010495
Ellesmere Port,Bella Italia - Cheshire Oaks,"6 Coliseum Way, Ellesmere Port CH65 9HD, UK",0151 355 1966,https://www.bellaitalia.co.uk/restaurants/cheshire-oaks
Ellesmere Port,Miller & Carter Cheshire,"10, Coliseum Way, Cheshire Oaks Way, Ellesmere Port CH65 9HD, UK",0151 355 6442,https://www.millerandcarter.co.uk/restaurants/north-west/millerandcartercheshire?utm_source=google&utm_medium=organic&utm_campaign=gmb-homepage
Ellesmere Port,Prezzo Italian Restaurant Cheshire Oaks,"Unit 2 Coliseum Way, Ellesmere Port CH65 9HD, UK",0151 318 0576,https://www.prezzo.co.uk/restaurants/cheshire-oaks/
Ellesmere Port,Chiquito,"Cheshire Oaks Outlet Village, 11 Coliseum Way, Ellesmere Port CH65 9HD, UK",0151 348 8510,https://www.chiquito.co.uk/restaurants/ellesmere-port/cheshire-oaks?utm_source=google&utm_medium=organic&utm_campaign=google_lpm_chiquito_ellesmere_port
Ellesmere Port,wagamama cheshire oaks designer outlet,"56, Cheshire Oaks Outlet Village, Kinsey Rd, Ellesmere Port CH65 9JJ, UK",0151 356 7919,https://www.wagamama.com/restaurants/ellesmere-port/cheshire-oaks
Ellesmere Port,Nando's Cheshire Oaks,"Cheshire Oaks Outlet Village, Coliseum Way, Cheshire, Ellesmere Port CH65 9HD, UK",0151 355 7198,https://www.nandos.co.uk/restaurants/cheshire-oaks?utm_campaign=websitecta_NA&utm_content=Multi-Chan_GB_NA_NA_NA_all_NA_NA_cheshire-oaks&utm_medium=mybusiness&utm_source=google&utm_term=Local
Ellesmere Port,PizzaExpress,"57, MacArthur Glen Outlet Centre, Cheshire Oaks, Ellesmere Port CH65 9JJ, UK",0151 355 6434,https://www.pizzaexpress.com/cheshire-oaks-designer-outlet?utm_source=GMB&utm_medium=Website&utm_campaign=GMB-WEB-3211
Ellesmere Port,Slim Chickens,"Unit 29, Cheshire Oaks Designer Outlet Village Kinsey Rd, Cheshire, Ellesmere Port CH65 9JJ, UK",0151 305 9711,https://www.slimchickens.co.uk/locations/cheshire-oaks
Widnes,Toby Carvery Widnes,"Earle Rd, Widnes WA8 0TA, UK",0151 257 9790,https://www.tobycarvery.co.uk/restaurants/north-west/bowersparkwidnes?utm_source=google&utm_medium=organic&utm_campaign=gmb-homepage
Widnes,Nando's Widnes,"Leisure Park, Unit 2b The Hive, Earle Rd, Cheshire, Widnes WA8 0TA, UK",0151 257 8716,https://www.nandos.co.uk/restaurants/widnes?utm_campaign=websitecta_NA&utm_content=Multi-Chan_GB_NA_NA_NA_all_NA_NA_widnes&utm_medium=mybusiness&utm_source=google&utm_term=Local
Runcorn,Preston Brook Beefeater,"Chester Rd, Murdishaw, Preston Brook, Runcorn WA7 3BB, UK",01928 716829,https://www.beefeater.co.uk/en-gb/locations/merseyside/preston-brook?cid=GLBC_41016125
Rochester,Frankie & Benny's,"Medway Valley Leisure Park, Chariot Way, Rochester ME2 2SS, UK",01634 712209,https://www.frankieandbennys.com/restaurants/rochester?utm_source=google&utm_medium=organic&utm_campaign=google_lpm_frankie_and_bennys_rochester
Rochester,PizzaExpress,"21-23 High St, Rochester ME1 1LN, UK",01634 812171,https://www.pizzaexpress.com/rochester-high-street?utm_source=GMB&utm_medium=Website&utm_campaign=GMB-WEB-3318
Twickenham,The Fountain Beefeater,"Corner Sixth Cross &, Staines Rd, Twickenham TW2 5PE, UK",020 8898 2382,https://www.beefeater.co.uk/en-gb/locations/greater-london/the-fountain?cid=GLBC_40012785
Scarborough,Chameleon Cafe & Restaurant,"19-25 Bar St, Scarborough YO11 2HT, UK",07949 893082,https://chameleonrestaurant.co.uk/
Scarborough,ASK Italian - Scarborough,"North Wharf South Bay, Sandside, Scarborough YO11 1PP, UK",01723 507575,https://www.askitalian.co.uk/italian/restaurants/scarborough?utm_source=google&utm_medium=knowledgepanel&utm_campaign=GMB
Orpington,Nando's Orpington - Walnuts Centre,"Unit R3, The Walnuts Shopping Centre, High St Orpington, Greater, London BR6 0TW, UK",01689 831716,https://www.nandos.co.uk/restaurants/orpington-walnuts-centre?utm_campaign=websitecta_NA&utm_content=Multi-Chan_GB_NA_NA_NA_all_NA_NA_orpington-walnuts-centre&utm_medium=mybusiness&utm_source=google&utm_term=Local
Orpington,Nando's Orpington - Nugent Shopping,"Unit 1A, Nugent Shopping Park, Cray Ave Orpington, Greater, London BR5 3RP, UK",01689 891467,https://www.nandos.co.uk/restaurants/orpington-nugent-shopping?utm_campaign=websitecta_NA&utm_content=Multi-Chan_GB_NA_NA_NA_all_NA_NA_orpington-nugent-shopping&utm_medium=mybusiness&utm_source=google&utm_term=Local
Wallasey,Harvester Derby Pool Wallasey,"Bayview Dr, Wallasey CH45 3QS, UK",0151 630 5370,https://www.harvester.co.uk/restaurants/northwest/thederbypoolwallasey?utm_source=google&utm_medium=organic&utm_campaign=gmb-homepage
Wallasey,Prezzo Italian Restaurant New Brighton,"3 Marine Point, King's Parade, New Brighton, Wallasey CH45 2HZ, UK",0151 556 7059,https://www.prezzo.co.uk/restaurants/new-brighton/
Hayes,Chaiiwala,"18 Station Rd, Hayes UB3 4DA, UK",020 3337 0807,https://www.chaiiwala.co.uk/
Hayes,KFC Hayes Town - Station Road,"58 Station Rd, Hayes UB3 4DF, UK",020 3038 1676,https://www.kfc.co.uk/kfc-near-me/hayes-town-station-road?utm_source=uberall&utm_medium=organic&utm_term=hayes
Aylesbury,Aylesbury Harvester,"Bicester Rd, Aylesbury HP19 8BU, UK",01296 434764,https://www.harvester.co.uk/restaurants/southeast/harvesteraylesburyaylesbury?utm_source=google&utm_medium=organic&utm_campaign=gmb-homepage
Aylesbury,Miller & Carter Aylesbury,"1 Sir Henry Lee Cres, Aylesbury HP18 0PE, UK",01296 326590,https://www.millerandcarter.co.uk/restaurants/south-east/millerandcarteraylesbury?utm_source=google&utm_medium=organic&utm_campaign=gmb-homepage
Aylesbury,Zizzi - Aylesbury,"8, The Exchange, Aylesbury HP20 1UR, UK",01296 331857,https://www.zizzi.co.uk/italian-restaurants/south-east/aylesbury?utm_source=google&utm_medium=knowledgepanel&utm_campaign=GMB
Aylesbury,wagamama aylesbury,"The Exchange, unit 3 Exchange St, Aylesbury HP20 1UR, UK",01296 331494,https://www.wagamama.com/restaurants/aylesbury/aylesbury
Aylesbury,Nando's Aylesbury,"Unit 3, The Exchange, Exchange St, Aylesbury HP20 1UR, UK",01296 481147,https://www.nandos.co.uk/restaurants/aylesbury?utm_campaign=websitecta_NA&utm_content=Multi-Chan_GB_NA_NA_NA_all_NA_NA_aylesbury&utm_medium=mybusiness&utm_source=google&utm_term=Local
Hereford,Cosy Club,"42 Widemarsh St, Hereford HR4 9EP, UK",01432 629031,https://cosyclub.co.uk/location/hereford
Hereford,Miller & Carter Hereford,"The Old Market, Hereford HR4 9HR, UK",01432 261309,https://www.millerandcarter.co.uk/restaurants/east-and-west-midlands/millerandcarterhereford?utm_source=google&utm_medium=organic&utm_campaign=gmb-homepage
Hereford,Zizzi - Hereford,"Old Market, Hereford, Street HR4 9HR, UK",01432 632228,https://www.zizzi.co.uk/italian-restaurants/midlands/hereford?utm_source=google&utm_medium=knowledgepanel&utm_campaign=GMB
Hereford,wagamama hereford,"25, shopping centre, The Old Market, Widemarsh St, Hereford HR4 9HR, UK",01432 367808,https://www.wagamama.com/restaurants/hereford/hereford
Hereford,Nando's Hereford,"Unit 26, The Old Market, Garrick Ln, Hereford HR4 9HX, UK",01432 360122,https://www.nandos.co.uk/restaurants/hereford?utm_campaign=websitecta_NA&utm_content=Multi-Chan_GB_NA_NA_NA_all_NA_NA_hereford&utm_medium=mybusiness&utm_source=google&utm_term=Local
Halesowen,Harvester Foxhunt Halesowen,"Hagley Rd, Hayley Green, Halesowen B63 1DQ, UK",0121 585 5886,https://www.harvester.co.uk/restaurants/eastandwestmidlands/thefoxhunthalesowen?utm_source=google&utm_medium=organic&utm_campaign=gmb-homepage
Halesowen,Toby Carvery Quinton,"563 Hagley Rd W, Quinton, Birmingham B32 1HP, UK",0121 423 3895,https://www.tobycarvery.co.uk/restaurants/midlands/quintonbirmingham?utm_source=google&utm_medium=organic&utm_campaign=gmb-homepage
Tunbridge Wells,wagamama tunbridge wells,"54-58 Mount Pleasant Rd, Royal Tunbridge Wells, Tunbridge Wells TN1 1RB, UK",01892 616514,https://www.wagamama.com/restaurants/royal-tunbridge-wells/tunbridge-wells
Smethwick,Chaiiwala,"46 Cape Hill, Birmingham, Smethwick B66 4PB, UK",0121 805 5599,https://www.chaiiwala.co.uk/
Smethwick,Miller & Carter Hagley Road,"26 Hagley Rd W, Smethwick B67 5EY, UK",0121 429 1082,https://www.millerandcarter.co.uk/restaurants/east-and-west-midlands/millerandcarterhagleyroad?utm_source=google&utm_medium=organic&utm_campaign=gmb-homepage
Horsham,Miller & Carter Horsham,"Unit 17, Piries Place, Horsham RH12 1EH, UK",01403 338508,https://www.millerandcarter.co.uk/restaurants/south-west/millerandcarterhorsham?utm_source=google&utm_medium=organic&utm_campaign=gmb-homepage
Horsham,ASK Italian - Horsham,"Unit 2, Olde Kings Head Hotel, Horsham RH12 1EE, UK",01403 451106,https://www.askitalian.co.uk/italian/restaurants/horsham?utm_source=google&utm_medium=knowledgepanel&utm_campaign=GMB
Horsham,wagamama horsham,"talbot house, 20-22 East St, Horsham RH12 1HL, UK",01403 275216,https://www.wagamama.com/restaurants/horsham/horsham
Horsham,Leonardslee Lakes & Gardens,"Brighton Road, Horsham RH13 6PP, UK",0330 123 5893,https://www.leonardsleegardens.co.uk/
Washington,Toby Carvery Washington,"Emerson Rd, Washington NE37 1LE, UK",0191 419 4449,https://www.tobycarvery.co.uk/restaurants/north-east/washingtontyneandwear?utm_source=google&utm_medium=organic&utm_campaign=gmb-homepage
Hornchurch,Prezzo,"189 High St, Hornchurch RM11 3XT, UK",01708 973328,https://www.prezzo.co.uk/restaurants/hornchurch/
Hornchurch,Harvester Compasses Hornchurch,"125 Abbs Cross Ln, Hornchurch RM12 4XS, UK",01708 450240,https://www.harvester.co.uk/restaurants/london/thecompasseshornchurch?utm_source=google&utm_medium=organic&utm_campaign=gmb-homepage
Hornchurch,Zizzi - Hornchurch,"41 Station Ln, Hornchurch RM12 6JT, UK",01708 397013,https://www.zizzi.co.uk/italian-restaurants/greater-london/hornchurch?utm_source=google&utm_medium=knowledgepanel&utm_campaign=GMB
Hornchurch,Nando's Hornchurch,"111-113a, High St Hornchurch, Greater, London RM11 1TX, UK",01708 449537,https://www.nandos.co.uk/restaurants/hornchurch?utm_campaign=websitecta_NA&utm_content=Multi-Chan_GB_NA_NA_NA_all_NA_NA_hornchurch&utm_medium=mybusiness&utm_source=google&utm_term=Local
Kettering,Prezzo Italian Restaurant Kettering,"Unit 2 Market Pl, Kettering NN16 0AQ, UK",01536 906629,https://www.prezzo.co.uk/restaurants/kettering/
Kettering,Miller & Carter Kettering,"Weekly, Wood Avenue, Kettering NN14 1UD, UK",01536 483289,https://www.millerandcarter.co.uk/restaurants/east-and-west-midlands/millerandcarterkettering?utm_source=google&utm_medium=organic&utm_campaign=gmb-homepage
Kettering,Nando's Kettering,"Unit B2, KETTERING RETAIL PARK, Carina Rd, Kettering NN15 6YA, UK",01536 484743,https://www.nandos.co.uk/restaurants/kettering?utm_campaign=websitecta_NA&utm_content=Multi-Chan_GB_NA_NA_NA_all_NA_NA_kettering&utm_medium=mybusiness&utm_source=google&utm_term=Local
Brierley Hill,ASK Italian - Merry Hill,"Shopping Centre, Merry Hill, Brierley Hill, U99A DY5 1SP, UK",01384 210878,https://www.askitalian.co.uk/italian/restaurants/merry-hill?utm_source=google&utm_medium=knowledgepanel&utm_campaign=GMB
Brierley Hill,Slim Chickens Merry Hill,"Unit R2, Merry Hill Shopping Centre, Pedmore Rd, Brierley Hill DY5 1SP, UK",01384 685413,https://www.slimchickens.co.uk/
Brierley Hill,wagamama merry hill,"U99, Merry Hill, Brierley Hill, birmingham DY5 1QX, UK",01384 881618,https://wagamama.com/restaurants/birmingham/merry-hill
Brierley Hill,Nando's Merry Hill,"Unit R3, The Food Court, intu merry Hill, Central Way, Merry Hill, Brierley Hill DY5 1SJ, UK",01384 261289,https://www.nandos.co.uk/restaurants/merry-hill?utm_campaign=websitecta_NA&utm_content=Multi-Chan_GB_NA_NA_NA_all_NA_NA_merry-hill&utm_medium=mybusiness&utm_source=google&utm_term=Local
Brierley Hill,Greggs Outlet,"1, The Moor Centre, Moor St, Brierley Hill DY5 3AH, UK",01384 493339,https://www.greggs.co.uk/
Corby,Oakley Hay Beefeater,"1 Little Colliers Fld, Great Oakley, Corby NN18 9TJ, UK",01536 462792,https://www.beefeater.co.uk/en-gb/locations/northamptonshire/oakley-hay?cid=GLBC_40024245
Corby,Nando's Corby,"Unit 2, Leisure Quarter, George St, Corby NN17 1QG, UK",01536 205709,https://www.nandos.co.uk/restaurants/corby?utm_campaign=websitecta_NA&utm_content=Multi-Chan_GB_NA_NA_NA_all_NA_NA_corby&utm_medium=mybusiness&utm_source=google&utm_term=Local
Bracknell,Harvester Horse & Groom Bracknell,"The Horse And Groom, Bagshot Rd, Bracknell RG12 9RB, UK",01344 422444,https://www.harvester.co.uk/restaurants/southeast/thehorseandgroombracknell?utm_source=google&utm_medium=organic&utm_campaign=gmb-homepage
Bracknell,Las Iguanas - Bracknell,"11 Eagle Ln, Bracknell RG12 1BG, UK",01344 205198,https://www.iguanas.co.uk/restaurants/bracknell/?utm_source=google&utm_medium=organic&utm_campaign=google_lpm_lasiguanas_bracknell
Bracknell,Zizzi - Bracknell,"Lexicon, Unit 6c, 9 Eagle Ln, Bracknell RG12 1GB, UK",01344 531212,https://www.zizzi.co.uk/italian-restaurants/south-east/bracknell?utm_source=google&utm_medium=knowledgepanel&utm_campaign=GMB
Bracknell,wagamama bracknell,"northern retail corner, 6 Eagle Ln, Bracknell RG12 1BG, UK",01344 379025,https://wagamama.com/restaurants/bracknell/bracknell
Bracknell,Nando's Bracknell,"Unit 6E, The Lexicon, Eagle Ln, Bracknell RG12 1BG, UK",01344 423019,https://www.nandos.co.uk/restaurants/bracknell?utm_campaign=websitecta_NA&utm_content=Multi-Chan_GB_NA_NA_NA_all_NA_NA_bracknell&utm_medium=mybusiness&utm_source=google&utm_term=Local
Bracknell,Popeyes Louisiana Chicken,"45 High St, Bracknell RG12 1EA, UK",0330 175 8760,https://popeyesuk.com/
Bracknell,PizzaExpress,"Unit 6D, The Lexicon, Eagle Ln, Bracknell RG12 1HB, UK",01344 551144,https://www.pizzaexpress.com/bracknell-the-lexicon-shopping-centre?utm_source=GMB&utm_medium=Website&utm_campaign=GMB-WEB-3409
Leamington Spa,Turtle Bay Leamington Spa,"11 Livery St, Royal Leamington Spa, Leamington Spa CV32 4NP, UK",01926 424282,https://turtlebay.co.uk/restaurants/leamington-spa
Leamington Spa,Carluccio's,"1-3, Satchwell Court, Royal Priors Shopping Centre, Royal Leamington Spa, Leamington Spa CV32 4QE, UK",01926 958733,http://www.carluccios.com/restaurants/leamington-spa
Leamington Spa,Zizzi - Leamington Spa,"6, Regent House, Royal Leamington Spa, Leamington Spa CV32 4NL, UK",01926 432532,https://www.zizzi.co.uk/italian-restaurants/midlands/leamington-spa?utm_source=google&utm_medium=knowledgepanel&utm_campaign=GMB
Kidderminster,Nando's Kidderminster,"Unit 1, 4 Riverside Walk, Exchange St, Kidderminster DY10 1BY, UK",01562 541475,https://www.nandos.co.uk/restaurants/kidderminster?utm_campaign=websitecta_NA&utm_content=Multi-Chan_GB_NA_NA_NA_all_NA_NA_kidderminster&utm_medium=mybusiness&utm_source=google&utm_term=Local
Weymouth,Harvester Spyglass Inn Weymouth,"Bowleaze Coveway, Weymouth DT3 6PN, UK",01305 833141,https://www.harvester.co.uk/restaurants/southwest/thespyglassinnweymouth?utm_source=google&utm_medium=organic&utm_campaign=gmb-homepage
Weymouth,Prezzo Italian Restaurant Weymouth,"56 St Thomas St, Weymouth DT4 8EQ, UK",01305 231469,https://www.prezzo.co.uk/restaurants/weymouth/
Canterbury,Cosy Club,"20-21 St Margaret's St, Canterbury CT1 2TH, UK",01227 387046,https://cosyclub.co.uk/location/canterbury
Canterbury,Las Iguanas - Canterbury,"Unit 3 & 5, Unit, Longmarket, Canterbury CT1 2JS, UK",01227 937072,https://www.iguanas.co.uk/restaurants/canterbury/?utm_source=google&utm_medium=organic&utm_campaign=google_lpm_lasiguanas_canterbury
Canterbury,Prezzo Italian Restaurant Canterbury,"28 High St, Canterbury CT1 2AZ, UK",01227 949133,https://www.prezzo.co.uk/restaurants/canterbury/
Canterbury,ASK Italian - Canterbury,"24 High St, Canterbury CT1 2AY, UK",01227 637176,https://www.askitalian.co.uk/italian/restaurants/canterbury?utm_source=google&utm_medium=knowledgepanel&utm_campaign=GMB
Canterbury,Zizzi - Canterbury,"53 St Peter's St, Canterbury CT1 2BE, UK",01227 634012,https://www.zizzi.co.uk/italian-restaurants/south-east/canterbury?utm_source=google&utm_medium=knowledgepanel&utm_campaign=GMB
Canterbury,Franco Manca Canterbury,"11 High St, Canterbury CT1 2JQ, UK",01227 314450,https://www.francomanca.co.uk/restaurants/canterbury/
Keighley,Toby Carvery Keighley,"Bradford Rd, Keighley BD21 4BB, UK",01535 610611,https://www.tobycarvery.co.uk/restaurants/yorkshire/keighleyyorkshire?utm_source=google&utm_medium=organic&utm_campaign=gmb-homepage
Eastleigh,Prezzo Italian Restaurant Eastleigh,"Unit L1a, The Swan Centre, Eastleigh SO50 5SF, UK",023 8254 6630,https://www.prezzo.co.uk/restaurants/eastleigh/
Eastleigh,Nando's Eastleigh,"Unit L8, The Swan Centre Wells Place, Eastleigh SO50 5SF, UK",023 8061 7732,https://www.nandos.co.uk/restaurants/eastleigh?utm_campaign=websitecta_NA&utm_content=Multi-Chan_GB_NA_NA_NA_all_NA_NA_eastleigh&utm_medium=mybusiness&utm_source=google&utm_term=Local
Eastleigh,Toby Carvery Bishopstoke (Southampton),"Fair Oak Rd, Eastleigh SO50 6LD, UK",023 8064 3106,https://www.tobycarvery.co.uk/restaurants/south-east/bishopstokeeastleigh?utm_source=google&utm_medium=organic&utm_campaign=gmb-homepage
Eastleigh,M&S Foodhall,"Coles Cl, Twyford Rd, Eastleigh SO50 4EL, UK",023 8124 2250,https://www.marksandspencer.com/stores/eastleigh-foodhall-2116?extid=local
Lancaster,Bella Italia - Lancaster,"26-28 Church St, Lancaster LA1 1LH, UK",01524 969268,https://www.bellaitalia.co.uk/restaurants/lancaster/lancaster-church-street/?utm_source=google&utm_medium=organic&utm_campaign=google_lpm_bellaitalia_lancaster
Lancaster,Zizzi - Lancaster,"Unit 2, 7-17 Market St, Lancaster LA1 1HZ, UK",01524 956444,https://www.zizzi.co.uk/italian-restaurants/north-west/lancaster?utm_source=google&utm_medium=knowledgepanel&utm_campaign=GMB
Lancaster,Nando's Lancaster,"17-19 High St, Market St, Lancaster LA1 1HZ, UK",01524 969212,https://www.nandos.co.uk/restaurants/lancaster?utm_campaign=websitecta_NA&utm_content=Multi-Chan_GB_NA_NA_NA_all_NA_NA_lancaster&utm_medium=mybusiness&utm_source=google&utm_term=Local
Macclesfield,Springwood Park Beefeater,"Tytherington Business Park, Springwood Way, Tytherington, Bollington, Macclesfield SK10 2XA, UK",01625 427809,https://www.beefeater.co.uk/en-gb/locations/cheshire/springwood-park?cid-GLBC_41014980
Macclesfield,Toby Carvery Macclesfield,"4 London Rd, Adlington, Macclesfield SK10 4NA, UK",01625 829211,https://www.tobycarvery.co.uk/restaurants/north-west/legharmsmacclesfield?utm_source=google&utm_medium=organic&utm_campaign=gmb-homepage
Cheshunt,Nando's Cheshunt Retail Park,"Brookfield Centre, Cheshunt, Waltham Cross EN8 0TA, UK",01992 661920,https://www.nandos.co.uk/restaurants/cheshunt-retail-park?utm_campaign=websitecta_NA&utm_content=Multi-Chan_GB_NA_NA_NA_all_NA_NA_cheshunt-retail-park&utm_medium=mybusiness&utm_source=google&utm_term=Local
Cheshunt,PizzaExpress,"Tesco Stores Ltd, Brookfield Centre, Cheshunt, Waltham Cross EN8 0TA, UK",01992 602600,https://www.pizzaexpress.com/cheshunt-brookfield-shopping-centre?utm_source=GMB&utm_medium=Website&utm_campaign=GMB-WEB-3803
Cheshunt,Five Guys Burgers and Fries Cheshunt,"Unit 7B, Brookfield Retail Park, Halfhide Ln, Cheshunt, Waltham Cross EN8 0QE, UK",01992 661940,https://restaurants.fiveguys.co.uk/greater-london/unit-7b-brookfield-retail-park
Wellingborough,M&S Foodhall,"London Road Castlefields Retail Park London 22, 709 Eastern Avenue, Wellingborough NN8 2DP, UK",01933 271496,https://www.marksandspencer.com/stores/wellingborough-simply-food-5345?extid=local
Wellingborough,KFC Wellingborough - Turnells Mill Lane,"Turnells Mill Ln, Wellingborough NN8 2ED, UK",020 3038 1766,https://www.kfc.co.uk/kfc-near-me/wellingborough-turnells-mill-lane?utm_term=Turnells-Mill-Lane&utm_medium=organic&utm_source=uberall
Kingston upon Thames,Prezzo Italian Restaurant Kingston,"The Malthouse, 25-29 High St, Kingston upon Thames KT1 1LL, UK",020 8051 3076,https://www.prezzo.co.uk/restaurants/kingston/
Kingston upon Thames,Franco Manca Kingston-Upon-Thames,"55 Clarence St, Kingston upon Thames KT1 1RB, UK",020 3026 8115,https://www.francomanca.co.uk/restaurants/kingston/
Kingston upon Thames,Zizzi - Kingston,"43 Market Pl, Kingston upon Thames KT1 1ET, UK",020 3417 0112,https://www.zizzi.co.uk/italian-restaurants/greater-london/kingston?utm_source=google&utm_medium=knowledgepanel&utm_campaign=GMB
Kingston upon Thames,wagamama kingston upon thames,"16-18 High St, london KT1 1EY, UK",020 8546 1117,https://wagamama.com/restaurants/london/kingston-upon-thames
Kingston upon Thames,Nando's Kingston,"37-38 High Street , 37-38 High St Kingston upon Thames, Greater, London KT1 1LQ, UK",020 8296 9540,https://www.nandos.co.uk/restaurants/kingston?utm_campaign=websitecta_NA&utm_content=Multi-Chan_GB_NA_NA_NA_all_NA_NA_kingston&utm_medium=mybusiness&utm_source=google&utm_term=Local
Kingston upon Thames,Popeyes Louisiana Chicken,"65-67 Clarence St, Kingston upon Thames KT1 1RB, UK",,https://popeyesuk.com/
Kingston upon Thames,Wingstop Kingston,"105 Clarence St, Kingston upon Thames KT1 1QL, UK",020 3815 9538,https://www.wingstop.co.uk/?y_source=1_NTk5NDE4NjctNzE1LWxvY2F0aW9uLndlYnNpdGU%3D
Andover,PizzaExpress,"2 High St, Andover SP10 1NX, UK",01264 334333,https://www.pizzaexpress.com/andover-high-street?utm_source=GMB&utm_medium=Website&utm_campaign=GMB-WEB-3442
Christchurch,The Somerford Beefeater,"Somerford Rd, Christchurch BH23 3QG, UK",01202 485376,https://www.beefeater.co.uk/en-gb/locations/dorset/the-somerford?cid=GLBC_40017150
Christchurch,Toby Carvery Hinton,"Lyndhurst Rd, Christchurch BH23 4SD, UK",01425 273202,https://www.tobycarvery.co.uk/restaurants/south-west/hintonchristchurch?utm_source=google&utm_medium=organic&utm_campaign=gmb-homepage
Romford,Turtle Bay Romford,"7a The Brewery Walk, Romford RM1 1AU, UK",01708 918510,https://turtlebay.co.uk/restaurants/romford
Romford,Harvester Gidea Park Romford,"91 Main Rd, Romford RM2 5EL, UK",01708 738811,https://www.harvester.co.uk/restaurants/london/theunicornromford?utm_source=google&utm_medium=organic&utm_campaign=gmb-homepage
Romford,Liberty Bell Beefeater,"Mercury Gardens, Romford RM1 3EN, UK",01708 760570,https://www.beefeater.co.uk/en-gb/locations/essex/liberty-bell?cid=GLBC_41014440
Romford,Zizzi - Romford,"Unit FR5, 7 The Brewery Walk, Romford RM1 1AU, UK",01708 935160,https://www.zizzi.co.uk/italian-restaurants/greater-london/romford?utm_source=google&utm_medium=knowledgepanel&utm_campaign=GMB
Romford,wagamama romford,"unit 12b The Brewery Walk, london RM1 1AU, UK",01708 202295,https://www.wagamama.com/restaurants/london/romford
Romford,PizzaExpress,"Unit FR1, The Brewery, Romford RM1 1AU, UK",01708 725690,https://www.pizzaexpress.com/romford-the-brewery-shopping-centre?utm_source=GMB&utm_medium=Website&utm_campaign=GMB-WEB-2831
Romford,Nando's Romford,"Unit FR3, The Brewery, Waterloo Rd, Romford RM1 1AU, UK",01708 733697,https://www.nandos.co.uk/restaurants/romford?utm_campaign=websitecta_NA&utm_content=Multi-Chan_GB_NA_NA_NA_all_NA_NA_romford&utm_medium=mybusiness&utm_source=google&utm_term=Local
Romford,Harvester Greyhound Romford,"900 High Rd, Romford RM6 4HU, UK",020 8599 1533,https://www.harvester.co.uk/restaurants/london/thegreyhoundromford?utm_source=google&utm_medium=organic&utm_campaign=gmb-homepage
Romford,Popeyes Louisiana Chicken,"60-62 South St, Romford RM1 1EB, UK",0330 175 8760,https://popeyesuk.com/restaurants/Romford
Barnet,Miller & Carter,"Stirling Corner, Barnet EN5 3JG, UK",020 8441 9696,https://www.millerandcarter.co.uk/restaurants/london/millerandcarterstirlingcorner?utm_source=google&utm_medium=organic&utm_campaign=gmb-homepage
Barnet,PizzaExpress,"242-248 High St, Hadley, Barnet EN5 5TD, UK",020 8449 3706,https://www.pizzaexpress.com/barnet-high-street?utm_source=GMB&utm_medium=Website&utm_campaign=GMB-WEB-1091
Barnet,Toby Carvery Oaklands,"Studio Way, Borehamwood WD6 5JY, UK",020 8905 1455,https://www.tobycarvery.co.uk/restaurants/east-of-england/theoaklandsborehamwood?utm_source=google&utm_medium=organic&utm_campaign=gmb-homepage
Barnet,Miller And Carter Muswell Hill,"87 Muswell Hill Broadway, Muswell Hill, London N10 3HA, UK",020 8883 7382,https://www.millerandcarter.co.uk/restaurants/london/millerandcartermuswellhill?utm_source=google&utm_medium=organic&utm_campaign=gmb-homepage
Paignton,White Rock Beefeater,"Long Rd, South, Paignton TQ4 7AZ, UK",01803 698931,https://www.beefeater.co.uk/en-gb/locations/devon/white-rock?cid=GLBC_40534785
Batley,Chaiiwala,"9 Market Pl, Batley WF17 5DA, UK",01924 568165,https://www.chaiiwala.co.uk/
Batley,Zizzi - Leeds Birstall,"Birstall Retail Park, Birstall, Batley WF17 9AD, UK",01924 795170,https://www.zizzi.co.uk/italian-restaurants/north-east/leeds/leeds-birstall?utm_source=google&utm_medium=knowledgepanel&utm_campaign=GMB
Yeovil,ASK Italian - Yeovil,"15 Princes St, Yeovil BA20 1EN, UK",01935 321055,https://www.askitalian.co.uk/italian/restaurants/yeovil?utm_source=google&utm_medium=knowledgepanel&utm_campaign=GMB
Yeovil,Nando's Yeovil,"Unit 3, Key Market House, Old Station Rd, Yeovil BA20 1NB, UK",01935 415782,https://www.nandos.co.uk/restaurants/yeovil?utm_campaign=websitecta_NA&utm_content=Multi-Chan_GB_NA_NA_NA_all_NA_NA_yeovil&utm_medium=mybusiness&utm_source=google&utm_term=Local
Welwyn Garden City,PizzaExpress,"40 Howardsgate, Welwyn Garden City AL8 6BJ, UK",01707 334231,https://www.pizzaexpress.com/welwyn-garden-city-howardsgate?utm_source=GMB&utm_medium=Website&utm_campaign=GMB-WEB-2171
Carlton,Cosy Club,"16, 18 Victoria St, Nottingham NG1 2EX, UK",0115 858 1787,https://cosyclub.co.uk/location/nottingham
Carlton,Toby Carvery Colwick Park,"Daleside Rd E, Nottingham NG2 4BP, UK",0115 940 1313,https://www.tobycarvery.co.uk/restaurants/midlands/colwickparknottingham?utm_source=google&utm_medium=organic&utm_campaign=gmb-homepage
West Bridgford,wagamama nottingham west bridgford,"20 Central Ave, West Bridgford, Nottingham NG2 5GR, UK",0115 671 3998,https://www.wagamama.com/restaurants/nottingham/west-bridgford
West Bridgford,Harvester Wilford Farm Nottingham,"1 Clifton Ln, Wilford, Nottingham NG11 7AT, UK",0115 981 9756,https://www.harvester.co.uk/restaurants/eastandwestmidlands/harvesterwilfordnottingham?utm_source=google&utm_medium=organic&utm_campaign=gmb-homepage
West Bridgford,PizzaExpress,"72 Bridgford Rd, West Bridgford, Nottingham NG2 6AP, UK",0115 981 4002,https://www.pizzaexpress.com/west-bridgford-bridgford-road?utm_source=GMB&utm_medium=Website&utm_campaign=GMB-WEB-3236
West Bridgford,M&S Foodhall,"Albert Road West Bridgford, Marlborough Road 3, West Bridgford, Nottingham NG2 5GS, UK",0115 981 7172,https://www.marksandspencer.com/stores/west-bridgford-sf-1371?extid=local
Beckenham,Zizzi - Beckenham,"157 High St, Beckenham BR3 1AE, UK",020 3105 7170,https://www.zizzi.co.uk/italian-restaurants/greater-london/beckenham?utm_source=google&utm_medium=knowledgepanel&utm_campaign=GMB
Beckenham,ASK Italian - Beckenham,"Ground Floor, 2 Bromley Rd, Beckenham BR3 5JE, UK",020 3802 6610,http://www.askitalian.co.uk/italian/restaurants/Beckenham?utm_source=google&utm_medium=knowledgepanel&utm_campaign=GMB
Beckenham,Toby Carvery Eden Park,"422 Upper Elmers End Rd, Beckenham BR3 3HQ, UK",020 8650 2233,https://www.tobycarvery.co.uk/restaurants/south-east/edenparkbeckenham?utm_source=google&utm_medium=organic&utm_campaign=gmb-homepage
Beckenham,PizzaExpress,"189 High St, Beckenham BR3 1AH, UK",020 8650 0593,https://www.pizzaexpress.com/beckenham-high-street?utm_source=GMB&utm_medium=Website&utm_campaign=GMB-WEB-341
Beckenham,Nando's Beckenham,"199-203, High St Beckenham, Greater, New Beckenham, London BR3 1AH, UK",020 8658 8084,https://www.nandos.co.uk/restaurants/beckenham?utm_campaign=websitecta_NA&utm_content=Multi-Chan_GB_NA_NA_NA_all_NA_NA_beckenham&utm_medium=mybusiness&utm_source=google&utm_term=Local
Sutton,Harvester Plough Sutton,"224 Sutton Common Rd, Sutton SM3 9PW, UK",020 8644 7577,https://www.harvester.co.uk/restaurants/southeast/theploughsutton?utm_source=google&utm_medium=organic&utm_campaign=gmb-homepage
Sutton,Popeyes Louisiana Chicken,"137-145 High St, Sutton SM1 1JQ, UK",0330 175 8760,https://popeyesuk.com/restaurants/sutton
Sutton,Zizzi - Sutton,"13 High St, Sutton SM1 1DF, UK",020 3092 9626,https://www.zizzi.co.uk/italian-restaurants/greater-london/sutton?utm_source=google&utm_medium=knowledgepanel&utm_campaign=GMB
Sutton,PizzaExpress,"19/21 High St, Sutton SM1 1DJ, UK",020 8104 0321,https://www.pizzaexpress.com/sutton-high-street?utm_source=GMB&utm_medium=Website&utm_campaign=GMB-WEB-3457
Sutton,Prezzo Italian Restaurant Cheam,"26 Station Way, Cheam, Sutton SM3 8SQ, UK",020 8194 1080,https://www.prezzo.co.uk/restaurants/cheam/
Sutton,Nando's Sutton,"9-11, High St Sutton, Greater, London SM1 1DF, UK",020 8770 0180,https://www.nandos.co.uk/restaurants/sutton?utm_campaign=websitecta_NA&utm_content=Multi-Chan_GB_NA_NA_NA_all_NA_NA_sutton&utm_medium=mybusiness&utm_source=google&utm_term=Local
Banbury,Miller & Carter Banbury,"Stroud Park, Ermont Way, Banbury OX16 4AE, UK",01295 276593,https://www.millerandcarter.co.uk/restaurants/south-east/millerandcarterbanbury?utm_source=google&utm_medium=organic&utm_campaign=gmb-homepage
Banbury,PizzaExpress,"Unit 6, Castle Quay, Spiceball Park Rd, Banbury OX16 2PA, UK",01295 278578,https://www.pizzaexpress.com/banbury-castle-quay-shopping-centre?utm_source=GMB&utm_medium=Website&utm_campaign=GMB-WEB-3474
Banbury,Nando's Banbury,"Unit 4, Castle Quay, Spiceball Park Rd, Banbury OX16 2PA, UK",01295 234629,https://www.nandos.co.uk/restaurants/banbury?utm_campaign=websitecta_NA&utm_content=Multi-Chan_GB_NA_NA_NA_all_NA_NA_banbury&utm_medium=mybusiness&utm_source=google&utm_term=Local
Banbury,Pizza Hut Restaurants Banbury Cross Retail Park,"Unit 15, Lockheed Close, Banbury Cross Retail Park, Banbury OX16 1LX, UK",01295 277422,https://www.pizzahut.co.uk/restaurants/store/details/BanburyCrossRetailPark?keywordutm_source=google
Winchester,Brasserie Blanc - Winchester,"19, 20 Jewry St, Winchester SO23 8RZ, UK",01962 810870,https://brasserieblanc.com/brasseries/winchester/?utm_source=google&utm_medium=organic&utm_campaign=google_business_profile
Winchester,Turtle Bay Winchester,"Unit 2 - 4, Sunley House, Winchester SO23 8BG, UK",01962 861000,https://turtlebay.co.uk/restaurants/winchester
Winchester,ASK Italian - Winchester,"God Begot House, 101 High St, Winchester SO23 9AH, UK",01962 808986,https://www.askitalian.co.uk/italian/restaurants/winchester?utm_source=google&utm_medium=knowledgepanel&utm_campaign=GMB
Winchester,Nando's Winchester,"12-15 High St, Winchester SO23 9LA, UK",01962 398321,https://www.nandos.co.uk/restaurants/winchester?utm_campaign=websitecta_NA&utm_content=Multi-Chan_GB_NA_NA_NA_all_NA_NA_winchester&utm_medium=mybusiness&utm_source=google&utm_term=Local
Winchester,wagamama winchester,"30-31 Jewry St, Winchester SO23 8RY, UK",01962 896234,https://www.wagamama.com/restaurants/winchester/winchester
Winchester,Zizzi - Winchester,"57 High St, Winchester SO23 9BL, UK",01962 809737,https://www.zizzi.co.uk/italian-restaurants/south-east/winchester?utm_source=google&utm_medium=knowledgepanel&utm_campaign=GMB
Beeston,Miller & Carter Wollaton,"Derby Rd, Wollaton Vale, Nottingham NG8 2NR, UK",0115 922 1691,https://www.millerandcarter.co.uk/restaurants/east-and-west-midlands/millerandcarterwollaton?utm_source=google&utm_medium=organic&utm_campaign=gmb-homepage
Bridgwater,Prezzo Italian Restaurant Bridgwater,"30 Cornhill, Bridgwater TA6 3BY, UK",01278 619766,https://www.prezzo.co.uk/restaurants/bridgwater/
Bridgwater,Nando's Bridgwater,"Unit 4 Northgate, Bridgwater TA6 3FQ, UK",01278 550049,https://www.nandos.co.uk/restaurants/bridgwater?utm_campaign=websitecta_NA&utm_content=Multi-Chan_GB_NA_NA_NA_all_NA_NA_bridgwater&utm_medium=mybusiness&utm_source=google&utm_term=Local
Salisbury,Harvester Old Castle Salisbury,"Old Castle Rd, Salisbury SP1 3SF, UK",01722 328703,https://www.harvester.co.uk/restaurants/southwest/theoldcastlesalisbury?utm_source=google&utm_medium=organic&utm_campaign=gmb-homepage
Salisbury,Cosy Club,"College Chambers, 49 New St, Salisbury SP1 2PH, UK",01722 334824,https://cosyclub.co.uk/location/salisbury
Salisbury,Leonardos la Piazza,"18 Minster St, Salisbury SP1 1TF, UK",01722 332352,http://leonardoslapiazza.uk/
Salisbury,Prezzo Restaurant,"52 High St, Salisbury SP1 2PF, UK",01722 444963,https://www.prezzo.co.uk/restaurants/salisbury/
Salisbury,Zizzi - Salisbury,"1/3 Castle St, Salisbury SP1 1TT, UK",01722 237474,https://www.zizzi.co.uk/italian-restaurants/south-west/salisbury?utm_source=google&utm_medium=knowledgepanel&utm_campaign=GMB
Salisbury,wagamama salisbury,"8-10 Bridge St, Salisbury SP1 2LX, UK",01722 412165,https://www.wagamama.com/restaurants/salisbury/salisbury
Havant,Harvester Staunton Arms Portsmouth,"1 Whichers Gate Rd, Portsmouth, Rowlands Castle, Rowland's Castle PO9 6BB, UK",023 9241 3761,https://www.harvester.co.uk/restaurants/southeast/thestauntonarmsportsmouth?utm_source=google&utm_medium=organic&utm_campaign=gmb-homepage
Havant,KFC Havant - Park Way,"2 Park Way, Havant PO9 1HH, UK",020 3038 1004,https://www.kfc.co.uk/kfc-near-me/havant-park-way?utm_term=2-Park-Way&utm_medium=organic&utm_source=uberall
Hinckley,Prezzo Italian Restaurant Hinckley,"Unit B4 3, The Crescent, Hinckley LE10 0QQ, UK",01455 249409,https://www.prezzo.co.uk/restaurants/hinckley/
Hinckley,Miller & Carter Hinckley,"Watling St, Burbage, Hinckley LE10 2JQ, UK",01455 615408,https://www.millerandcarter.co.uk/restaurants/east-and-west-midlands/millerandcarterhinckley?utm_source=google&utm_medium=organic&utm_campaign=gmb-homepage
Hinckley,Leonardo Hotel Hinckley Island,"Watling St, Burbage, Hinckley LE10 3JA, UK",01455 631122,https://www.leonardo-hotels.com/hinckley/leonardo-hotel-and-conference-venue-hinckley-island
Middleton,Heaton Park Beefeater,"Middleton Rd, Crumpsall, Manchester M8 4NB, UK",0161 720 6171,https://www.beefeater.co.uk/en-gb/locations/lancashire/heaton-park?cid=GLBC_40013610
Ashton-under-Lyne,Bella Italia - Ashton Under Lyne,"Fold Way, Ashton Moss Leisure Park, Ashton-under-Lyne OL7 0PG, UK",0161 549 2146,https://www.bellaitalia.co.uk/restaurants/manchester/ashton-under-lyne/?utm_source=google&utm_medium=organic&utm_campaign=google_lpm_bellaitalia_ashtonunderlyne
Ashton-under-Lyne,Chiquito,"Ashton Leisure Park, Ashton-under-Lyne OL7 0PG, UK",0161 342 1840,https://www.chiquito.co.uk/restaurants/ashton-under-lyne/ashton-moss?utm_source=google&utm_medium=organic&utm_campaign=google_lpm_chiquito_ashton_under_lyne
Ashton-under-Lyne,wagamama manchester ashton moss,"unit 2 fold way, Ashton-under-Lyne OL7 0PG, UK",0161 388 2036,https://www.wagamama.com/restaurants/ashton/unit-2-fold-way
Ashton-under-Lyne,Miller And Carter,"Fold Way, Ashton-under-Lyne OL7 0PG, UK",0161 343 6138,https://www.millerandcarter.co.uk/restaurants/north-west/millerandcarterashton?utm_source=google&utm_medium=organic&utm_campaign=gmb-homepage
Ashton-under-Lyne,Frankie & Benny's,"Fold Way, Ashton Mass Leisure Park, Ashton-under-Lyne OL7 0PG, UK",0161 308 3188,https://www.frankieandbennys.com/restaurants/ashton-under-lyne?utm_source=google&utm_medium=organic&utm_campaign=google_lpm_frankie_and_bennys_ashton_under_lyne
Ashton-under-Lyne,Nando's Ashton Moss,"Ashton Leisure Park, Fold Way Ashton-under-Lyne, Greater, Ashton-under-Lyne, Manchester OL7 0PG, UK",0161 339 9669,https://www.nandos.co.uk/restaurants/ashton-moss?utm_campaign=websitecta_NA&utm_content=Multi-Chan_GB_NA_NA_NA_all_NA_NA_ashton-moss&utm_medium=mybusiness&utm_source=google&utm_term=Local
Ashton-under-Lyne,Five Guys Burgers and Fries Ashton Under Lyne,"Ashton Mass Leisure Park, Fold Way, Ashton-under-Lyne OL7 0PG, UK",0161 537 6597,https://restaurants.fiveguys.co.uk/north-west/ashton-moss-leisure-park-fold-way
Sutton-in-Ashfield,KFC Sutton in Ashfield - Forest Street,"Forest St, Sutton-in-Ashfield NG17 2AE, UK",020 3038 1269,https://www.kfc.co.uk/kfc-near-me/Sutton-in-Ashfield-Forest-Street?utm_source=uberall&utm_medium=organic&utm_term=Forest-Street
Sutton-in-Ashfield,McDonalds,"The Broad Centre Retail Park, Station Rd, Sutton-in-Ashfield NG17 5FH, UK",0370 524 4622,https://www.mcdonalds.com/gb/en-gb/location/sutton-in-ashfield/sutton-in-ashfield---the-broad-centre/unit-b1-broad-centre-retail-park/8262586.html
Sutton-in-Ashfield,Morrisons Cafe,"Sutton Rd, Sutton-in-Ashfield, Mansfield NG17 4NX, UK",01623 655425,https://my.morrisons.com/storefinder/23
Chippenham,Prezzo Italian Restaurant Chippenham,"57-58 New Rd, Chippenham SN15 1ES, UK",01249 477992,https://www.prezzo.co.uk/restaurants/chippenham/
Lytham St Annes,Miller & Carter Lytham St Annes,"Blackpool Rd N, Lytham St Annes, Lytham Saint Annes FY8 3RU, UK",01253 723240,https://www.millerandcarter.co.uk/restaurants/north-west/millerandcarterlythamstannes?utm_source=google&utm_medium=organic&utm_campaign=gmb-homepage
Lytham St Annes,Toby Carvery Salters Wharf,"7-9 South Promenade, Lytham St Annes, Lytham Saint Annes FY8 1LS, UK",01253 713365,https://www.tobycarvery.co.uk/restaurants/north-west/salterswharflythamstannes?utm_source=google&utm_medium=organic&utm_campaign=gmb-homepage
Worksop,The Dukes Beefeater,"High Grounds Road Ryton, View, Worksop S80 3GN, UK",01909 494788,https://www.beefeater.co.uk/en-gb/locations/nottingham/the-dukes-worksop?cid=GLBC_40538230
Worksop,Morrisons Cafe,"Kilton Rd, Worksop S80 2DJ, UK",01909 521399,https://my.morrisons.com/storefinder/580
Leigh,Harvester Atherleigh Leigh,"Parsonage Way, Leigh WN7 5SJ, UK",01942 261350,https://www.harvester.co.uk/restaurants/northwest/harvesteratherleighleigh?utm_source=google&utm_medium=organic&utm_campaign=gmb-homepage
Leigh,Nando's Leigh,"Unit 3, The Loom, Derby St Leigh, Greater, Leigh, Manchester WN7 4PE, UK",01942 608465,https://www.nandos.co.uk/restaurants/leigh?utm_campaign=websitecta_NA&utm_content=Multi-Chan_GB_NA_NA_NA_all_NA_NA_leigh&utm_medium=mybusiness&utm_source=google&utm_term=Local
Leigh,The Thomas Burke - JD Wetherspoon,"20a Leigh Rd, Leigh WN7 1QR, UK",01942 685640,https://www.jdwetherspoon.com/pubs/the-thomas-burke-leigh/
Leigh,M&S Foodhall,"Parsonage Way, Station Approach, Leigh WN7 5SJ, UK",01942 672345,https://www.marksandspencer.com/stores/leigh-1269?extid=local
Altrincham,Brasserie Blanc Hale Barns,"Marriott Hotel, Hale Rd, Hale Barns, Manchester WA15 8XW, UK",0161 870 2633,https://brasserieblanc.com/brasseries/hale-barns/?utm_source=google&utm_medium=organic&utm_campaign=google_business_profile
Altrincham,Nando's Altrincham,"48-50 Stamford New Rd Altrincham, Greater, Altrincham, Manchester WA14 1EJ, UK",0161 928 7135,https://www.nandos.co.uk/restaurants/altrincham?utm_campaign=websitecta_NA&utm_content=Multi-Chan_GB_NA_NA_NA_all_NA_NA_altrincham&utm_medium=mybusiness&utm_source=google&utm_term=Local
Urmston,Popeyes Louisiana Chicken,"Trafford Retail Park, Urmston, Manchester M41 7FP, UK",0330 175 8760,https://popeyesuk.com/
Urmston,Nando's Manchester - Trafford Retail Park,"Trafford Retail Park, Barton Rd, Urmston, Manchester M41 7FP, UK",0161 748 5578,https://www.nandos.co.uk/restaurants/manchester-trafford-retail-park?utm_campaign=websitecta_NA&utm_content=Multi-Chan_GB_NA_NA_NA_all_NA_NA_manchester-trafford-retail-park&utm_medium=mybusiness&utm_source=google&utm_term=Local
Grantham,Miller & Carter Grantham,"Barrowby Rd, Grantham NG31 8SR, UK",01476 593113,https://www.millerandcarter.co.uk/restaurants/east-and-west-midlands/millerandcartergrantham?utm_source=google&utm_medium=organic&utm_campaign=gmb-homepage
Grantham,Prezzo Italian Restaurant Grantham,"34 St Peter's Hill, Grantham NG31 6QF, UK",01476 852831,https://www.prezzo.co.uk/restaurants/grantham/
Grantham,M&S Foodhall,"London Road Axletree Way 1, Grantham NG31 6EN, UK",01476 468568,https://www.marksandspencer.com/stores/grantham-simply-food-1403?extid=local
Newbury,Zizzi - Newbury,"25 Market Pl, Newbury RG14 5AA, UK",01635 635153,https://www.zizzi.co.uk/italian-restaurants/south-east/newbury?utm_source=google&utm_medium=knowledgepanel&utm_campaign=GMB
Newbury,Toby Carvery Newbury,"110 London Rd, Newbury RG14 2AJ, UK",01635 45719,https://www.tobycarvery.co.uk/restaurants/south-east/newburyberkshire?utm_source=google&utm_medium=organic&utm_campaign=gmb-homepage
Newbury,Nando's Newbury,"4, Kennet Shopping, Market St, Newbury RG14 5EN, UK",01635 524380,https://www.nandos.co.uk/restaurants/newbury?utm_campaign=websitecta_NA&utm_content=Multi-Chan_GB_NA_NA_NA_all_NA_NA_newbury&utm_medium=mybusiness&utm_source=google&utm_term=Local
Bicester,Prezzo Italian Restaurant Bicester,"B4100, Pioneer Square, Bicester OX26 6DG, UK",01869 943690,https://www.prezzo.co.uk/restaurants/bicester/
Bicester,itsu - Bicester Village,"Unit 21a, 50 Pingle Dr, Bicester OX26 6WD, UK",01869 220807,https://www.itsu.com/
Bicester,PizzaExpress,"29 Market Square, Bicester OX26 6AG, UK",01869 324941,https://www.pizzaexpress.com/bicester-market-square?utm_source=GMB&utm_medium=Website&utm_campaign=GMB-WEB-2491
Bicester,Nando's Bicester Pioneer Square,"Unit GT1, Pioneer Square, Crown Walk, Bicester OX26 6JW, UK",01869 321525,https://www.nandos.co.uk/restaurants/bicester-pioneer-square?utm_campaign=websitecta_NA&utm_content=Multi-Chan_GB_NA_NA_NA_all_NA_NA_bicester-pioneer-square&utm_medium=mybusiness&utm_source=google&utm_term=Local
Sittingbourne,Nando's Sittingbourne,"Unit 3B, St Michael's Rd, Bourne Pl, Sittingbourne, Kent ME10 3JY, UK",01795 504405,https://www.nandos.co.uk/restaurants/sittingbourne?utm_campaign=websitecta_NA&utm_content=Multi-Chan_GB_NA_NA_NA_all_NA_NA_sittingbourne&utm_medium=mybusiness&utm_source=google&utm_term=Local
Sittingbourne,M&S Foodhall,"Mill Way, Rectory Lane, Sittingbourne ME10 2XD, UK",01795 458380,https://www.marksandspencer.com/stores/sittingbourne-foodhall-1968?extid=local
Hatfield,wagamama hatfield galleria,"unit 63, The Galleria Outlet Shopping Centre, Comet Way, Hatfield AL10 0XY, UK",01992 660486,https://www.wagamama.com/restaurants/hatfield/hatfield
Hatfield,Prezzo,"71 Comet Way, Hatfield AL10 0XR, UK",01707 952129,https://www.prezzo.co.uk/restaurants/hatfield-galleria/
Hatfield,Nando's Hatfield,"Unit 66, The, Galleria Outlet Centre, Comet Way, Hatfield AL10 0XR, UK",01707 258058,https://www.nandos.co.uk/restaurants/hatfield?utm_campaign=websitecta_NA&utm_content=Multi-Chan_GB_NA_NA_NA_all_NA_NA_hatfield&utm_medium=mybusiness&utm_source=google&utm_term=Local
Hatfield,Miller & Carter Brookmans Park,"Great North Road, Brookmans Park, Hatfield AL9 6NA, UK",01707 647429,https://www.millerandcarter.co.uk/restaurants/east-of-england/millerandcarterbrookmanspark?utm_source=google&utm_medium=organic&utm_campaign=gmb-homepage
Bishop's Stortford,Prezzo Italian Restaurant Bishops Stortford,"1 North St, Bishop's Stortford CM23 2LD, UK",01279 598615,https://www.prezzo.co.uk/restaurants/bishops-stortford/
Bishop's Stortford,Nando's Bishop's Stortford,"13 - 17, Jacksons Square, Potter St, Bishop's Stortford CM23 3UH, UK",01279 969087,https://www.nandos.co.uk/restaurants/bishops-stortford?utm_campaign=websitecta_NA&utm_content=Multi-Chan_GB_NA_NA_NA_all_NA_NA_bishops-stortford&utm_medium=mybusiness&utm_source=google&utm_term=Local
Bishop's Stortford,PizzaExpress,"25 North St, Bishop's Stortford CM23 2LD, UK",01279 757677,https://www.pizzaexpress.com/bishops-stortford-north-street?utm_source=GMB&utm_medium=Website&utm_campaign=GMB-WEB-581
Wokingham,Zizzi - Wokingham,"11 Broad St, Wokingham RG40 1AU, UK",0118 327 1158,https://www.zizzi.co.uk/italian-restaurants/south-east/wokingham?utm_source=google&utm_medium=knowledgepanel&utm_campaign=GMB
Wokingham,Nando's Wokingham,"29 Market Pl, Wokingham RG40 1AP, UK",0118 977 3220,https://www.nandos.co.uk/restaurants/wokingham?utm_campaign=websitecta_NA&utm_content=Multi-Chan_GB_NA_NA_NA_all_NA_NA_wokingham&utm_medium=mybusiness&utm_source=google&utm_term=Local
Feltham,Chaiiwala,"68 The Centre, Feltham TW13 4BH, UK",020 3336 3308,https://www.chaiiwala.co.uk/
Feltham,Nando's Feltham,"Unit 1, The Centre, High St Feltham, Greater, London TW13 4BS, UK",020 8890 6783,https://www.nandos.co.uk/restaurants/feltham?utm_campaign=websitecta_NA&utm_content=Multi-Chan_GB_NA_NA_NA_all_NA_NA_feltham&utm_medium=mybusiness&utm_source=google&utm_term=Local
Farnham,Via Leone,"Lion and Lamb Way, Farnham GU9 7LL, UK",01252 597010,https://vialeone.co.uk/
Farnham,Zizzi - Farnham,"68 Castle St, Farnham GU9 7LN, UK",01483 808328,https://www.zizzi.co.uk/italian-restaurants/south-east/farnham?utm_source=google&utm_medium=knowledgepanel&utm_campaign=GMB
Farnham,Nando's Farnham - Brightwells Yard,"Unit RU5, Brightwells Yard, Old Mkt Pl, Farnham, Surrey GU9 7SF, UK",01252 228633,https://www.nandos.co.uk/restaurants/farnham-brightwells-yard?utm_campaign=websitecta_NA&utm_content=Multi-Chan_GB_NA_NA_NA_all_NA_NA_farnham-brightwells-yard&utm_medium=mybusiness&utm_source=google&utm_term=Local
Fareham,Harvester Buccaneer Fareham,"14 The Avenue, Fareham PO14 1NS, UK",01329 230800,https://www.harvester.co.uk/restaurants/southeast/thebuccaneerfareham?utm_source=google&utm_medium=organic&utm_campaign=gmb-homepage
Fareham,Oast & Squire Beefeater,"Peak Ln., The Avenue, Fareham PO14 1RJ, UK",01329 844377,https://www.beefeater.co.uk/en-gb/locations/hampshire/oast-&-squire?cid=GLBC_40015505
Fareham,Harvester Whiteley,"Unit E1-E2, Whiteley Shopping Centre, Whiteley, Fareham PO15 7LJ, UK",01489 579522,https://www.harvester.co.uk/restaurants/southeast/harvesterwhiteleyfareham?utm_source=google&utm_medium=organic&utm_campaign=gmb-homepage
Fareham,Nando's Fareham,"Vanness, Unit 5, Parade, Market Quay, Vanness Parade, Fareham PO16 0BX, UK",01329 829680,https://www.nandos.co.uk/restaurants/fareham?utm_campaign=websitecta_NA&utm_content=Multi-Chan_GB_NA_NA_NA_all_NA_NA_fareham&utm_medium=mybusiness&utm_source=google&utm_term=Local
Fareham,TGI Fridays - Fareham,"87 Southampton Rd, Park Gate, Southampton SO31 6AF, UK",0330 175 9237,https://www.tgifridays.co.uk/locations/fareham/?utm_source=localGMB&utm_medium=organic&utm_campaign=621
Fareham,Prezzo Italian Restaurant Fareham,"Whiteley Shopping Centre, Whiteley Wy, Whiteley, Fareham PO15 7PD, UK",01489 665349,https://www.prezzo.co.uk/restaurants/fareham/
Chorley,Nando's Chorley - Market Walk,"Unit 4B Market Walk, Chorley PR7 1DE, UK",01257 444207,https://www.nandos.co.uk/restaurants/chorley-market-walk?utm_campaign=websitecta_NA&utm_content=Multi-Chan_GB_NA_NA_NA_all_NA_NA_chorley-market-walk&utm_medium=mybusiness&utm_source=google&utm_term=Local
Chorley,Buckshaw Harvester,"Buckshaw Village, Chorley PR7 7EL, UK",01772 424567,https://www.harvester.co.uk/restaurants/northwest/harvesterbuckshawchorley?utm_source=google&utm_medium=organic&utm_campaign=gmb-homepage
Chorley,The Sir Henry Tate - JD Wetherspoon,"New Market St, Chorley PR7 1DB, UK",01257 248470,https://www.jdwetherspoon.com/
Castleford,Harvester Winding Wheel Castleford,"Carr Wood Rd, Colorado Way, Castleford WF10 4PS, UK",01977 603535,https://www.harvester.co.uk/restaurants/yorkshireandthehumber/thewindingwheelcastleford?utm_source=google&utm_medium=organic&utm_campaign=gmb-homepage
Castleford,Bella Italia - Castleford,"Unit 7 & Kiosk 2, Xscape, Colorado Way, Castleford WF10 4TA, UK",01977 809866,https://www.bellaitalia.co.uk/restaurants/castleford/xscape?utm_source=google&utm_medium=organic&utm_campaign=google_lpm_bellaitalia_castleford
Castleford,ASK Italian - Castleford,"Xscape, Colorado Way, Castleford WF10 4TA, UK",01977 603475,https://www.askitalian.co.uk/italian/restaurants/castleford?utm_source=google&utm_medium=knowledgepanel&utm_campaign=GMB
Castleford,TGI Fridays - Castleford,"13-15 Colorado Way, Xscape, Castleford WF10 4TA, UK",0330 175 9250,https://www.tgifridays.co.uk/locations/castleford/?utm_source=localGMB&utm_medium=organic&utm_campaign=681
Castleford,PizzaExpress,"Unit 11, Xscape, Castleford WF10 4TA, UK",01977 556800,https://www.pizzaexpress.com/castleford-xscape?utm_source=GMB&utm_medium=Website&utm_campaign=GMB-WEB-3307
Castleford,Frankie & Benny's,"Xscape, Glasshoughton, Castleford WF10 4TA, UK",01977 556136,https://www.frankieandbennys.com/restaurants/castleford?utm_source=google&utm_medium=organic&utm_campaign=google_lpm_frankie_and_bennys_castleford
Castleford,Nando's Castleford,"Unit 9, Xscape, Colorado Way, Castleford WF10 4TA, UK",01977 604174,https://www.nandos.co.uk/restaurants/castleford?utm_campaign=websitecta_NA&utm_content=Multi-Chan_GB_NA_NA_NA_all_NA_NA_castleford&utm_medium=mybusiness&utm_source=google&utm_term=Local
Castleford,"Five Guys Burgers and Fries Castleford, Xscape Yorkshire","Unit 8b, Xscape Yorkshire, Glasshoughton, Castleford WF10 4TA, UK",01977 801845,https://restaurants.fiveguys.co.uk/yorkshire-and-the-humber/unit-8b-xscape-yorkshire
Castleford,KFC Glasshoughton - Colorado Way,"Colorado Way, Glasshoughton, Castleford WF10 4TA, UK",020 3038 1702,https://www.kfc.co.uk/kfc-near-me/glasshoughton-colorado-way?utm_term=Colorado-Way&utm_medium=organic&utm_source=uberall
Ilkeston,Starbucks Coffee,"Exhibition Wy, Ilkeston DE7 4ST, UK",01332 325624,
Ilkeston,M&S Foodhall,"Waterside Retail Park, Unit 2 Station Rd, Cannon Lane, Ilkeston DE7 5LF, UK",0115 932 9181,https://www.marksandspencer.com/stores/ilkeston-simply-food-2558?extid=local
Ilkeston,Morrisons Cafe,"107 Nottingham Rd, Ilkeston DE7 5NN, UK",0115 828 1216,https://my.morrisons.com/storefinder/674
Cramlington,Nando's Cramlington,"Forum Way, Manor Walks Shopping Centre, Cramlington NE23 6UT, UK",020 3917 5163,https://www.nandos.co.uk/restaurants/cramlington?utm_campaign=websitecta_NA&utm_content=Multi-Chan_GB_NA_NA_NA_all_NA_NA_cramlington&utm_medium=mybusiness&utm_source=google&utm_term=Local
Cramlington,Miller & Carter Gosforth Park,"White House Drive, Killingworth, Newcastle upon Tyne NE12 7EZ, UK",0191 268 3005,https://www.millerandcarter.co.uk/restaurants/north-east/millerandcartergosforthpark?utm_source=google&utm_medium=organic&utm_campaign=gmb-homepage
Cramlington,M&S Foodhall,"westmorland retail park, 1A Westmorland Way, Garth Road, Cramlington NE23 6UY, UK",01670 734447,https://www.marksandspencer.com/stores/cramlington-sf-1293?extid=local
Cramlington,McDonald's,"Westmoreland Way, Forum Way, Cramlington NE23 6YD, UK",01670 730055,https://www.mcdonalds.com/gb/en-gb.html?cid=RF:YEXT:GMB:8260354:Clicks:DIRSYN:
Cramlington,Starbucks Coffee Company,"Northumbria Wy, Cramlington NE23 6NZ, UK",01670 332394,https://www.starbucks.co.uk/store-locator/68054
Cramlington,Burger King,"Unit 2c, Manor Walks Shopping Centre, Cramlington NE23 6UT, UK",01670 898072,https://locations.burgerking.co.uk/cramlington/unit-2c-manor-walks
Herne Bay,Miller & Carter Herne Bay,"Margate Rd, Herne Bay CT6 6LB, UK",01227 741344,https://www.millerandcarter.co.uk/restaurants/south-east/millerandcarterhernebay?utm_source=google&utm_medium=organic&utm_campaign=gmb-homepage
Arnold,Miller & Carter Sherwood Forest,"Mansfield Rd, Nottingham NG5 8PJ, UK",0115 926 6595,https://www.millerandcarter.co.uk/restaurants/east-and-west-midlands/millerandcartersherwoodforest?utm_source=google&utm_medium=organic&utm_campaign=gmb-homepage
Blyth,Morrisons Cafe,"Regent St, Blyth NE24 1ES, UK",01670 361688,https://my.morrisons.com/storefinder/203
Leyland,The Leyland Lion - JD Wetherspoon,"Post Office, 60 Hough Ln, Leyland PR25 2SA, UK",01772 643990,https://www.jdwetherspoon.com/pubs/the-leyland-lion-leyland/
Canvey Island,KFC Canvey Island - High Street,"53-55 High St, Canvey Island SS8 7RD, UK",020 3038 1470,https://www.kfc.co.uk/kfc-near-me/canvey-island-high-street?utm_source=uberall&utm_medium=organic&utm_term=59-64-High-Street
Canvey Island,M&S Foodhall,"Unit 5, Retail Park, Belfast Road, 75 Roscommon Way, Canvey Island SS8 0EJ, UK",01268 269898,https://www.marksandspencer.com/stores/canvey-island-foodhall-0785?extid=local
Canvey Island,Morrisons Cafe,"Northwick Rd, Canvey Island SS8 0SW, UK",01268 515451,https://my.morrisons.com/storefinder/276
Canvey Island,Harvester Tarpot South Benfleet,"London Rd, South Benfleet, Benfleet SS7 5SQ, UK",01268 793258,https://www.harvester.co.uk/restaurants/eastofengland/thetarpotbenfleet?utm_source=google&utm_medium=organic&utm_campaign=gmb-homepage
Long Eaton,McDonald's Long Eaton,"3 Waverley St, Long Eaton, Nottingham NG10 1HG, UK",0115 946 2286,http://www.mcdonalds.co.uk/
Abingdon,ASK Italian - Abingdon,"Pulpit House, 1 The Square, Abingdon OX14 5SZ, UK",01235 529699,https://www.askitalian.co.uk/italian/restaurants/abingdon?utm_source=google&utm_medium=knowledgepanel&utm_campaign=GMB
Abingdon,Miller & Carter Didcot,"4 Milton Gate, Milton, Abingdon OX14 4FP, UK",01235 831464,https://www.millerandcarter.co.uk/restaurants/south-east/millerandcarterdidcot
Abingdon,PizzaExpress,"9 Stert St, Abingdon OX14 3JF, UK",01235 536033,https://www.pizzaexpress.com/abingdon-stert-street?utm_source=GMB&utm_medium=Website&utm_campaign=GMB-WEB-981
Wednesbury,Popeyes Louisiana Chicken,"Gallagher Retail Park, Axletree Way, Wednesbury WS10 9QY, UK",,https://popeyesuk.com/
Wednesbury,Nando's Wednesbury - Junction 9,"Unit 1, Gallagher Retail Park, Axletree Way, Wednesbury WS10 9QY, UK",0121 502 2112,https://www.nandos.co.uk/restaurants/wednesbury-junction-9?utm_campaign=websitecta_NA&utm_content=Multi-Chan_GB_NA_NA_NA_all_NA_NA_wednesbury-junction-9&utm_medium=mybusiness&utm_source=google&utm_term=Local
Wednesbury,M&S Foodhall,"Unit 4C Axletree Way, Wednesbury WS10 9QY, UK",0121 227 3440,https://www.marksandspencer.com/stores/wednesbury-foodhall-1967?extid=local
Wednesbury,KFC Wednesbury - Junction 9 M6 Services,"Axletree Way Junction, 9, Wednesbury WS10 9QY, UK",020 3038 1485,https://www.kfc.co.uk/kfc-near-me/wednesbury-junction-9-m6-services?utm_term=Axletree-Way&utm_medium=organic&utm_source=uberall
Denton,Frankie & Benny's,"Crown Point North Retail Park, Worthington Way, Denton, Manchester M34 3JP, UK",0161 336 0018,https://www.frankieandbennys.com/restaurants/denton?utm_source=google&utm_medium=organic&utm_campaign=google_lpm_frankie_and_bennys_denton
Denton,Nando's Denton,"Unit 5, Crown Point, North Shopping Park, Worthington Way, Denton, Manchester M34 3JP, UK",0161 519 8569,https://www.nandos.co.uk/restaurants/denton?utm_campaign=websitecta_NA&utm_content=Multi-Chan_GB_NA_NA_NA_all_NA_NA_denton&utm_medium=mybusiness&utm_source=google&utm_term=Local
Denton,KFC Manchester - Denton Rock,"Alphagate Dr, Denton, Manchester M34 3SH, UK",020 3038 1737,https://www.kfc.co.uk/kfc-near-me/manchester-denton-rock?utm_term=Alphagate-Drive&utm_medium=organic&utm_source=uberall
Aldershot,Nando's Aldershot,"Unit 4, Westgate House, Alexandra Rd, Aldershot GU11 1NX, UK",01252 311499,https://www.nandos.co.uk/restaurants/aldershot?utm_campaign=websitecta_NA&utm_content=Multi-Chan_GB_NA_NA_NA_all_NA_NA_aldershot&utm_medium=mybusiness&utm_source=google&utm_term=Local
Aldershot,PizzaExpress,"8 Westgate, Aldershot GU11 1WF, UK",01252 330221,https://www.pizzaexpress.com/aldershot-westgate-retail-park?utm_source=GMB&utm_medium=Website&utm_campaign=GMB-WEB-3354
Exmouth,Prezzo Italian Restaurant Exmouth,"38-39 Strand, Exmouth EX8 1AH, UK",01395 204573,https://www.prezzo.co.uk/restaurants/exmouth/
Exmouth,Toby Carvery Lympstone,"Exmouth Rd, Exton, Exmouth EX8 5AJ, UK",01392 873279,https://www.tobycarvery.co.uk/restaurants/south-west/lympstoneexeter?utm_source=google&utm_medium=organic&utm_campaign=gmb-homepage
Redcar,Morrisons Cafe,"Lord St, Redcar TS10 3ER, UK",01642 485396,https://my.morrisons.com/storefinder/80
Whitley Bay,Beefeater Whitley Bay,"9, Spanish City Plaza, Whitley Bay NE26 1GB, UK",0191 500 2196,https://www.beefeater.co.uk/en-gb/locations/northumberland/whitley-bay?cid=GLBC_40537540
Amesbury,Amesbury Archer Harvester,"Mid Summer Pl, Amesbury, Salisbury SP4 7SQ, UK",01980 664790,https://www.harvester.co.uk/restaurants/southwest/theamesburyarchersalisbury?utm_source=google&utm_medium=organic&utm_campaign=gmb-homepage
Amesbury,Toby Carvery Amesbury,"Mid Summer Pl, Amesbury, Salisbury SP4 7QA, UK",01980 676746,https://www.tobycarvery.co.uk/restaurants/south-west/amesburywiltshire?utm_source=google&utm_medium=organic&utm_campaign=gmb-homepage
Amesbury,Pizza Hut Restaurants Amesbury,"Solstice Park Ave, Amesbury, Salisbury SP4 7SQ, UK",01980 676200,https://www.pizzahut.co.uk/restaurants/store/details/Amesbury?keywordutm_source=google
Amesbury,KFC Amesbury - Solstice Park,"Solstice Park Ave, Amesbury, Salisbury SP4 7SQ, UK",020 3038 1242,https://www.kfc.co.uk/kfc-near-me/amesbury-solstice-park?utm_term=Solstice-Park&utm_medium=organic&utm_source=uberall
Amesbury,Tesco Cafe,"Amesbury Distribution Park, London Rd, Amesbury, Salisbury SP4 7RT, UK",0345 677 9918,https://www.tesco.com/store-locator/salisbury/amesbury-distribution-park/cafe?sc_cmp=ref*yg*stc*6294&utm_source=yext_google&utm_campaign=local_cafe_England&utm_medium=organic
Erith,Toby Carvery Bexley Heath,"Crook Log, Bexleyheath DA6 8EQ, UK",020 8303 3337,https://www.tobycarvery.co.uk/restaurants/london/bexleyheathkent?utm_source=google&utm_medium=organic&utm_campaign=gmb-homepage
Coalville,Burger King,"Whitwick Rd, Coalville LE67 3JN, UK",,
Coalville,Morrisons Cafe,"Whitwick Rd, Coalville LE67 3JN, UK",01530 814666,https://my.morrisons.com/storefinder/54
Coalville,KFC Coalville - Thornborough Road,"Thornborough Rd, Coalville LE67 3NU, UK",020 3038 1268,https://www.kfc.co.uk/kfc-near-me/coalville-thornborough-road?utm_source=uberall&utm_medium=organic&utm_term=Thornborough-Road
Coalville,McDonald's,"Adcock Road, Coalville LE67 3NU, UK",01530 830282,https://www.mcdonalds.com/gb/en-gb.html?cid=RF:YEXT:GMB:8260511:Clicks:DIRSYN:
Hitchin,Zizzi - Hitchin,"21 Sun St, Hitchin SG5 1AH, UK",01462 440708,https://www.zizzi.co.uk/italian-restaurants/south-east/hitchin?utm_source=google&utm_medium=knowledgepanel&utm_campaign=GMB
Hitchin,PizzaExpress,"19 Market Pl, Hitchin SG5 1DT, UK",01462 450596,https://www.pizzaexpress.com/hitchin-market-place?utm_source=GMB&utm_medium=Website&utm_campaign=GMB-WEB-751
Dunstable,Halfway House Beefeater,"350 Luton Rd, Dunstable LU5 4LL, UK",01582 310172,https://www.beefeater.co.uk/en-gb/locations/bedfordshire/halfway-house?GLBC_41513360
Wickford,Toby Carvery Runwell,"Runwell Rd, Wickford SS11 7QJ, UK",01268 769671,https://www.tobycarvery.co.uk/restaurants/east-of-england/runwellessex?utm_source=google&utm_medium=organic&utm_campaign=gmb-homepage
Wickford,McDonald's Wickford,"54 High St, Wickford SS12 9AT, UK",0370 524 4622,https://www.mcdonalds.com/gb/en-gb/location/wickford/wickford---high-street/54-56-high-street/8262347.html
Beverley,Carluccio's,"1-7 Toll Gavel, Beverley HU17 9AA, UK",01482 739057,http://www.carluccios.com/restaurants/beverley
Beverley,PizzaExpress,"37 N Bar Within, Beverley HU17 8BD, UK",01482 679105,https://www.pizzaexpress.com/beverley-north-bar-within?utm_source=GMB&utm_medium=Website&utm_campaign=GMB-WEB-1921
Dover,The Plough Beefeater,"Folkestone Rd, Dover CT15 7AB, UK",01304 213339,https://www.beefeater.co.uk/en-gb/locations/kent/the-plough?cid=GLBC_41015900
Dover,The Eight Bells - JD Wetherspoon,"19 Cannon St, Dover CT16 1BZ, UK",01304 205030,https://www.jdwetherspoon.com/
Dover,Nando's Dover - St James,"Unit 4, St James Retail Park, St James St, Dover CT16 1QD, UK",01304 210991,https://www.nandos.co.uk/restaurants/dover-st-james?utm_campaign=websitecta_NA&utm_content=Multi-Chan_GB_NA_NA_NA_all_NA_NA_dover-st-james&utm_medium=mybusiness&utm_source=google&utm_term=Local
Morecambe,Toby Carvery Morecambe,"Lancaster Rd, Morecambe LA4 5TP, UK",01524 424764,https://www.tobycarvery.co.uk/restaurants/north-west/morecambelancashire?utm_source=google&utm_medium=organic&utm_campaign=gmb-homepage
Trowbridge,Prezzo Italian Restaurant Trowbridge,"Unit 5 St Stephen's Pl, Trowbridge BA14 8AH, UK",01225 430003,https://www.prezzo.co.uk/restaurants/trowbridge/
Trowbridge,Frankie & Benny's,"Leisure Park, St Stephen's Pl, Trowbridge BA14 8TQ, UK",01225 719404,https://www.frankieandbennys.com/restaurants/?utm_source=google&utm_medium=organic&utm_campaign=google_lpm_frankie_and_bennys_trowbridge
Trowbridge,wagamama trowbridge,"leisure park, St Stephen's Pl, Trowbridge BA14 8AH, UK",01225 300289,https://www.wagamama.com/restaurants/trowbridge/trowbridge
Trowbridge,Toby Carvery Trowbridge,"Cradle Bridge Retail Park, Unit 4 County Way, Trowbridge BA14 8FS, UK",01225 617409,https://www.tobycarvery.co.uk/restaurants/south-west/trowbridge?utm_source=google&utm_medium=organic&utm_campaign=gmb-homepage
Trowbridge,Nando's Trowbridge,"Unit 1 St Stephen's Pl, Trowbridge BA14 8AH, UK",01225 767206,https://www.nandos.co.uk/restaurants/trowbridge?utm_campaign=websitecta_NA&utm_content=Multi-Chan_GB_NA_NA_NA_all_NA_NA_trowbridge&utm_medium=mybusiness&utm_source=google&utm_term=Local
Sidcup,Harvester Horse & Groom Sidcup,"136 Main Rd, Sidcup DA14 6NZ, UK",020 8300 6489,https://www.harvester.co.uk/restaurants/southeast/thehorseandgroomsidcup?utm_source=google&utm_medium=organic&utm_campaign=gmb-homepage
Hyde,Starbucks Coffee Company,"24 Manchester Rd, Hyde SK14 2BD, UK",0161 669 2069,https://www.starbucks.co.uk/store-locator/78908
Billingham,Toby Carvery,"Coal Ln, Wynyard, Wolviston, Billingham TS22 5PZ, UK",01740 644222,https://www.tobycarvery.co.uk/restaurants/north-east/wolvistonbillingham?utm_source=google&utm_medium=organic&utm_campaign=gmb-homepage
Oldbury,The Court of Requests - JD Wetherspoon,"Church St, Oldbury B69 3AF, UK",0121 543 6970,https://www.jdwetherspoon.com/pubs/all-pubs/england/west-midlands/the-court-of-requests-oldbury?utm_source=google&utm_medium=maps&utm_campaign=gmb
Lichfield,ASK Italian - Lichfield,"27 Bird St, Lichfield WS13 6PW, UK",01543 742376,https://www.askitalian.co.uk/italian/restaurants/lichfield?utm_source=google&utm_medium=knowledgepanel&utm_campaign=GMB
Letchworth,Prezzo Italian Restaurant Letchworth,"29 Eastcheap, Letchworth Garden City SG6 3BY, UK",01462 547433,https://www.prezzo.co.uk/restaurants/letchworth/
Haywards Heath,Banana Tree Haywards Heath,"33 The Broadway, Haywards Heath RH16 3AS, UK",01444 220465,https://bananatree.co.uk/restaurants/haywards-heath/?utm_source=google&utm_medium=organic&utm_campaign=google_lpm_bananatree_haywardsheath
Haywards Heath,Harvester Beech Hurst Haywards Heath,"Beechurst Gardens, Butler's Green Rd, Haywards Heath RH16 4BB, UK",01444 451290,https://www.harvester.co.uk/restaurants/southeast/thebeechhursthaywardsheath?utm_source=google&utm_medium=organic&utm_campaign=gmb-homepage
Haywards Heath,Zizzi - Haywards Heath,"South Rd, Haywards Heath RH16 4LU, UK",01444 617272,https://www.zizzi.co.uk/italian-restaurants/south-east/haywards-heath?utm_source=google&utm_medium=knowledgepanel&utm_campaign=GMB
Haywards Heath,Miller & Carter Haywards Heath,"Butler's Green Rd, Haywards Heath RH16 4AH, UK",01444 413768,https://www.millerandcarter.co.uk/restaurants/south-east/millerandcarterhaywardsheath?utm_source=google&utm_medium=organic&utm_campaign=gmb-homepage
Haywards Heath,PizzaExpress,"22 The Broadway, Haywards Heath RH16 3AL, UK",01444 456627,https://www.pizzaexpress.com/haywards-heath-broadway?utm_source=GMB&utm_medium=Website&utm_campaign=GMB-WEB-1791
Uxbridge,Wingstop Uxbridge,"The Chimes, 215 High St, Uxbridge UB8 1LA, UK",020 4584 3852,https://www.wingstop.co.uk/?y_source=1_MTA4NjYzMDY5MC03MTUtbG9jYXRpb24ud2Vic2l0ZQ%3D%3D
Uxbridge,wagamama uxbridge,"the chimes, 201-203 High St, Uxbridge UB8 1LB, UK",01895 262983,https://www.wagamama.com/restaurants/uxbridge/uxbridge
Uxbridge,Five Guys Burgers and Fries Uxbridge,"162-163 High St, Uxbridge UB8 1JZ, UK",01895 540001,https://restaurants.fiveguys.co.uk/greater-london/162-163-high-st
Uxbridge,Toby Carvery Denham,"17 Oxford Rd, Denham, Uxbridge UB9 4LJ, UK",01895 832623,https://www.tobycarvery.co.uk/restaurants/london/theuglyducklingdenham?utm_source=google&utm_medium=organic&utm_campaign=gmb-homepage
Whitstable,Zizzi - Whitstable,"Sea St, Whitstable CT5 1BU, UK",01227 504858,https://www.zizzi.co.uk/italian-restaurants/south-east/whitstable?utm_source=google&utm_medium=knowledgepanel&utm_campaign=GMB
Strood,M&S Foodhall,"Strood Retail Park, Unit 1 Commercial Rd, Rochester ME2 2AB, UK",01634 648137,https://www.marksandspencer.com/stores/strood-foodhall-2174?extid=local
Strood,KFC Strood - Commercial Road,"3 Commercial Rd, Rochester ME2 2AD, UK",020 3038 1180,https://www.kfc.co.uk/kfc-near-me/strood-commercial-road?utm_term=Commercial-Road&utm_medium=organic&utm_source=uberall
Strood,Morrisons Cafe,"Knight Rd, Rochester ME2 2BD, UK",01634 714873,https://my.morrisons.com/storefinder/140
Glossop,Harvey Leonard's Wine & Ale,"The Old Conservative Club, 22 Norfolk St, Glossop SK13 8BS, UK",01457 239538,http://www.harvey-leonard.com/
Glossop,M&S Foodhall,"Howard Mills, Smithy Fold, Glossop SK13 8AQ, UK",01457 899645,https://www.marksandspencer.com/stores/glossop-simply-food-1134?extid=local
Glossop,McDonald's,"Glossop Brook Rd, Glossop SK13 8GN, UK",01457 600548,https://www.mcdonalds.com/gb/en-gb.html?cid=RF:YEXT:GMB:8261717:Clicks:DIRSYN:
Stretford,Nando's Manchester - White City,"Unit 1/M, White City Retail Park, Chester Rd, Old Trafford, Stretford, Manchester M16 0RP, UK",0161 413 5213,https://www.nandos.co.uk/restaurants/manchester-white-city?utm_campaign=websitecta_NA&utm_content=Multi-Chan_GB_NA_NA_NA_all_NA_NA_manchester-white-city&utm_medium=mybusiness&utm_source=google&utm_term=Local
Stretford,wagamama manchester trafford centre,"r9, the orient trafford centre, Trafford Park, Stretford, Manchester M17 8AA, UK",0161 641 1971,https://www.wagamama.com/restaurants/manchester/manchester-intu-trafford-centre
Stretford,Chaiiwala,"Kiosk K14, The Trafford Centre, Trafford Blvd, Trafford Park, Stretford, 1 M17 8AA, UK",0161 546 5400,https://www.chaiiwala.co.uk/
Borehamwood,Nando's Borehamwood,"75-77 Shenley Rd, Borehamwood WD6 1AG, UK",020 8953 5165,https://www.nandos.co.uk/restaurants/borehamwood?utm_campaign=websitecta_NA&utm_content=Multi-Chan_GB_NA_NA_NA_all_NA_NA_borehamwood&utm_medium=mybusiness&utm_source=google&utm_term=Local
Borehamwood,M&S Foodhall,"Neptune Court Unit 1, 109 Barnwood Road, Borehamwood WD6 4PR, UK",020 8953 3257,https://www.marksandspencer.com/stores/borehamwood-simply-food-0096?extid=local
Burgess Hill,The Six Gold Martlets - JD Wetherspoon,"49-51 Church Walk, Burgess Hill RH15 9BQ, UK",01444 231250,https://www.jdwetherspoon.com/pubs/all-pubs/england/west-sussex/the-six-gold-martlets-burgess-hill
Burgess Hill,Pret A Manger,"Esso, 173 London Rd, Burgess Hill RH15 8LJ, UK",,https://www.pret.co.uk/en-GB/shop-finder/l/london/173-london-road/11225
Windsor,Banana Tree Windsor,"31-32 Royal Station Parade, Thames St, Windsor SL4 1PJ, UK",01753 309252,https://bananatree.co.uk/restaurants/windsor/?utm_source=google&utm_medium=organic&utm_campaign=google_lpm_bananatree_windsor
Windsor,Harvester Windsor Lad Windsor,"250 Maidenhead Rd, Clewer, Windsor SL4 5HQ, UK",01753 864634,https://www.harvester.co.uk/restaurants/southeast/thewindsorladwindsor?utm_source=google&utm_medium=organic&utm_campaign=gmb-homepage
Windsor,Prezzo Windsor,"19 Thames St, Windsor SL4 1PL, UK",01753 980526,https://www.prezzo.co.uk/restaurants/windsor/
Windsor,Toby Carvery Old Windsor,"14 Straight Rd, Old Windsor, Windsor SL4 2RR, UK",01753 860769,https://www.tobycarvery.co.uk/restaurants/south-east/oldwindsorberkshire?utm_source=google&utm_medium=organic&utm_campaign=gmb-homepage
Windsor,itsu - Windsor,"26 Peascod St, Windsor SL4 1DU, UK",01753 291291,https://www.itsu.com/
Windsor,Zizzi - Windsor,"24 Thames St, Windsor SL4 1PL, UK",01753 206863,https://www.zizzi.co.uk/italian-restaurants/south-east/windsor?utm_source=google&utm_medium=knowledgepanel&utm_campaign=GMB
Windsor,wagamama windsor,"31 High St, Windsor SL4 1PQ, UK",01753 833105,https://www.wagamama.com/restaurants/windsor/windsor
Windsor,Harvester Bells Of Ouzeley Old Windsor,"Straight Rd, Old Windsor, Windsor SL4 2SH, UK",01753 861526,https://www.harvester.co.uk/restaurants/southeast/thebellsofouzeleyoldwindsor?utm_source=google&utm_medium=organic&utm_campaign=gmb-homepage
Bedworth,Tesco Cafe,"Leicester St, Bedworth CV12 8SY, UK",0345 671 9433,https://www.tesco.com/store-locator/bedworth/leicester-street/cafe?sc_cmp=ref*yg*stc*6473&utm_source=yext_google&utm_campaign=local_cafe_England&utm_medium=organic
Rayleigh,Harvester Rayleigh Weir Rayleigh,"Arterial Rd, Rayleigh SS6 7SP, UK",01268 743729,https://www.harvester.co.uk/restaurants/eastofengland/therayleighweirrayleigh?utm_source=google&utm_medium=organic&utm_campaign=gmb-homepage
Rayleigh,Prezzo Italian Restaurant Rayleigh,"39-41 High St, Rayleigh SS6 7EW, UK",01268 205036,https://www.prezzo.co.uk/restaurants/rayleigh/
Rayleigh,Miller & Carter Rayleigh,"Essex, 629 Rayleigh Rd, Eastwood, Southend-on-Sea, Leigh-on-Sea SS9 5HR, UK",01702 522357,https://www.millerandcarter.co.uk/restaurants/east-of-england/millerandcarterrayleigh?utm_source=google&utm_medium=organic&utm_campaign=gmb-homepage
Rayleigh,PizzaExpress,"91 High St, Rayleigh SS6 7EJ, UK",01268 777224,https://www.pizzaexpress.com/rayleigh-high-street?utm_source=GMB&utm_medium=Website&utm_campaign=GMB-WEB-3429
Rayleigh,M&S Foodhall,"12-24 Eastwood Rd, Rayleigh SS6 7JQ, UK",01268 508321,https://www.marksandspencer.com/stores/rayleigh-foodhall-1891?extid=local
Loughton,Nando's Loughton,"2 Station Rd, Loughton IG10 1AA, UK",020 8508 8720,https://www.nandos.co.uk/restaurants/loughton?utm_campaign=websitecta_NA&utm_content=Multi-Chan_GB_NA_NA_NA_all_NA_NA_loughton&utm_medium=mybusiness&utm_source=google&utm_term=Local
Loughton,PizzaExpress,"281/283 High Rd, Loughton IG10 1AH, UK",020 8508 3303,https://www.pizzaexpress.com/loughton-high-road?utm_source=GMB&utm_medium=Website&utm_campaign=GMB-WEB-1211
Loughton,Miller & Carter Epping Forest,"Wake Arms Roundabout, Epping Rd, Waltham Abbey, Epping CM16 5HW, UK",01992 814807,https://www.millerandcarter.co.uk/restaurants/east-of-england/millerandcartereppingforest?utm_source=google&utm_medium=organic&utm_campaign=gmb-homepage
Loughton,Toby Carvery Buckhurst Hill,"High Rd, Buckhurst Hill IG9 5JU, UK",020 8559 0909,https://www.tobycarvery.co.uk/restaurants/east-of-england/buckhursthillessex?utm_source=google&utm_medium=organic&utm_campaign=gmb-homepage
Epsom,ASK Italian - Epsom,"The Salt House, 41-43 High St, Epsom KT19 8DD, UK",01372 579093,https://www.askitalian.co.uk/italian/restaurants/epsom?utm_source=google&utm_medium=knowledgepanel&utm_campaign=GMB
Epsom,wagamama epsom,"5 High St, Epsom KT19 8DA, UK",01372 230925,https://www.wagamama.com/restaurants/epsom/epsom
Epsom,Nando's Epsom,"40 The Oaks Sq, Epsom KT19 8AS, UK",01372 749774,https://www.nandos.co.uk/restaurants/epsom?utm_campaign=websitecta_NA&utm_content=Multi-Chan_GB_NA_NA_NA_all_NA_NA_epsom&utm_medium=mybusiness&utm_source=google&utm_term=Local
Epsom,PizzaExpress,"8 South St, Epsom KT18 7PF, UK",01372 729618,https://www.pizzaexpress.com/epsom-south-street?utm_source=GMB&utm_medium=Website&utm_campaign=GMB-WEB-1141
Staines,Turtle Bay Staines,"24-26 High St, Staines-upon-Thames, Staines TW18 4EE, UK",01784 466660,https://turtlebay.co.uk/restaurants/staines
Staines,Prezzo Italian Restaurant Staines,"Unit T7A, Two Rivers Retail Park, Mustard Mill Rd, Staines-upon-Thames, Staines TW18 4WB, UK",01784 918749,https://www.prezzo.co.uk/restaurants/staines/
Staines,Zizzi - Staines,"Tilly's Ln, Two Rivers, Staines-upon-Thames, Staines TW18 4BL, UK",01784 613376,https://www.zizzi.co.uk/italian-restaurants/greater-london/staines?utm_source=google&utm_medium=knowledgepanel&utm_campaign=GMB
Staines,wagamama staines,"Mustard Mill Rd, Staines-upon-Thames, Staines TW18 4WB, UK",01784 682030,https://www.wagamama.com/restaurants/staines-upon-thames/staines
Staines,Wingstop Staines,"Two Rivers Retail Park, Norris Rd, Staines-upon-Thames, Staines TW18 4UP, UK",01784 819614,https://www.wingstop.co.uk/?y_source=1_NjEzMTMwODYtNzE1LWxvY2F0aW9uLndlYnNpdGU%3D
Staines,Nando's Staines,"Unit S8, Two Rivers, Mustard Mill Rd, Staines-upon-Thames, Staines TW18 4BL, UK",01784 441678,https://www.nandos.co.uk/restaurants/staines?utm_campaign=websitecta_NA&utm_content=Multi-Chan_GB_NA_NA_NA_all_NA_NA_staines&utm_medium=mybusiness&utm_source=google&utm_term=Local
Staines,Chaiiwala,"918, Unit SUFC, Two Rivers Retail Park, Norris Rd, Staines-upon-Thames, Middlesex TW18 4UP, UK",01784 697913,https://www.chaiiwala.co.uk/
Staines,Slim Chickens - Staines,"2 Norris Rd, Staines-upon-Thames, Staines TW18 4UP, UK",01784 459261,https://www.slimchickens.co.uk/
Staines,Harvester Bulldog Ashford,"556 London Rd, Stanwell, Ashford TW15 3AF, UK",01784 252386,https://www.harvester.co.uk/restaurants/southeast/thebulldogashford?utm_source=google&utm_medium=organic&utm_campaign=gmb-homepage
Chichester,Brasserie Blanc - Chichester,"Richmond House, The Square, Chichester PO19 7SJ, UK",01243 534200,https://brasserieblanc.com/brasseries/chichester/?utm_source=google&utm_medium=organic&utm_campaign=google_business_profile
Chichester,Harvester Barn Chichester,"Barnfield Dr, Chichester PO19 7AG, UK",01243 785213,https://www.harvester.co.uk/restaurants/southeast/thebarnchichester?utm_source=google&utm_medium=organic&utm_campaign=gmb-homepage
Chichester,Zizzi - Chichester,"43 South St, Chichester PO19 1DR, UK",01243 278255,https://www.zizzi.co.uk/italian-restaurants/south-east/chichester?utm_source=google&utm_medium=knowledgepanel&utm_campaign=GMB
Chichester,ASK Italian - Chichester,"38 East St, Chichester PO19 1HX, UK",01243 775040,https://www.askitalian.co.uk/italian/restaurants/chichester?utm_source=google&utm_medium=knowledgepanel&utm_campaign=GMB
Chichester,Slim Chickens - Chichester,"2 East St, Eastgate Sq, Chichester PO19 1ED, UK",01243 300133,https://www.slimchickens.co.uk/
Chichester,wagamama chichester,"26 South St, Chichester PO19 1EL, UK",01243 533955,https://www.wagamama.com/restaurants/chichester/chichester
Sevenoaks,wagamama sevenoaks,"138 High St, Sevenoaks TN13 1XE, UK",01732 758900,https://www.wagamama.com/restaurants/sevenoaks/sevenoaks
Sevenoaks,Zizzi - Sevenoaks,"35 London Rd, Sevenoaks TN13 1AR, UK",01732 241011,https://www.zizzi.co.uk/italian-restaurants/south-east/sevenoaks?utm_source=google&utm_medium=knowledgepanel&utm_campaign=GMB
Sevenoaks,Miller & Carter Sevenoaks,"Amherst Hill, Riverhead, Sevenoaks TN13 2EN, UK",01732 452787,https://www.millerandcarter.co.uk/restaurants/south-east/millerandcartersevenoaks?utm_source=google&utm_medium=organic&utm_campaign=gmb-homepage
Sevenoaks,Nando's Sevenoaks,"Unit 1, Bligh's Meadow, 5 Bligh's Walk, Sevenoaks TN13 1DA, UK",01732 462018,https://www.nandos.co.uk/restaurants/sevenoaks?utm_campaign=websitecta_NA&utm_content=Multi-Chan_GB_NA_NA_NA_all_NA_NA_sevenoaks&utm_medium=mybusiness&utm_source=google&utm_term=Local
Sevenoaks,PizzaExpress,"146/148 High St, Sevenoaks TN13 1XE, UK",01732 741111,https://www.pizzaexpress.com/sevenoaks-high-street?utm_source=GMB&utm_medium=Website&utm_campaign=GMB-WEB-301
Tonbridge,PizzaExpress,"91 High St, Tonbridge TN9 1DR, UK",01732 368787,https://www.pizzaexpress.com/tonbridge-high-street?utm_source=GMB&utm_medium=Website&utm_campaign=GMB-WEB-1541
Tonbridge,M&S Foodhall,"Cannon Ln, Tonbridge TN9 1PN, UK",01732 422001,https://www.marksandspencer.com/stores/tonbridge-foodhall-2001?extid=local
Rushden,Zizzi - Rushden Lakes,"Unit L7, West Terrace, Rushden, Rushden, Northamptonshire NN10 6FT, UK",01933 413882,https://www.zizzi.co.uk/italian-restaurants/midlands/rushden-lakes?utm_source=google&utm_medium=knowledgepanel&utm_campaign=GMB
Rushden,Wingstop Rushden Lakes,"Unit R8, Rushden NN10 6FH, UK",01933 697515,https://www.wingstop.co.uk/?y_source=1_MjAyODYyNDYyMS03MTUtbG9jYXRpb24ud2Vic2l0ZQ%3D%3D
Rushden,Nando's Rushden Lakes,"Unit L6, Lakes, South Way, Rushden NN10 6FT, UK",01933 314422,https://www.nandos.co.uk/restaurants/rushden-lakes?utm_campaign=websitecta_NA&utm_content=Multi-Chan_GB_NA_NA_NA_all_NA_NA_rushden-lakes&utm_medium=mybusiness&utm_source=google&utm_term=Local
Rushden,Popeyes Louisiana Chicken,"Unit L4, Lakes Retail Park, Rushden NN10 6FH, UK",0330 175 8760,https://popeyesuk.com/
Rushden,wagamama rushden lakes,"lakes shopping centre, Rushden NN10 6FH, UK",01933 448945,https://www.wagamama.com/restaurants/rushden/rushden-lakes
Rushden,PizzaExpress,"R2, The Boardwalk, Rushden NN10 6FH, UK",01933 242730,https://www.pizzaexpress.com/rushden-lakes-boardwalk?utm_source=GMB&utm_medium=Website&utm_campaign=GMB-WEB-3453
Rushden,Five Guys Burgers and Fries Rushden Lakes,"Unit 3 West Terrace, Rushden NN10 6FT, UK",01933 421541,https://restaurants.fiveguys.co.uk/east-midlands/unit-3
Rushden,Starbucks Coffee,"John Clark Way, Rushden NN10 0FN, UK",01933 832997,https://www.starbucks.co.uk/store-locator/62984
Rushden,Pret A Manger,"Unit R, The Boardwalk, South Way, Rushden NN10 6FH, UK",07503 900076,https://www.pret.co.uk/en-GB/shop-finder/l/rushden/unit-r-broadwalk-rushden-lakes/11164
Pontefract,M&S Foodhall,"9 Beastfair, Pontefract WF8 1AL, UK",01977 599813,https://www.marksandspencer.com/stores/pontefract-sf-1614?extid=local
Camberley,Zizzi - Camberley,"50 Park St, Camberley GU15 3PL, UK",01276 911055,https://www.zizzi.co.uk/italian-restaurants/south-east/camberley?utm_source=google&utm_medium=knowledgepanel&utm_campaign=GMB
Camberley,wagamama camberley,"9, The Atrium, Park St, Camberley GU15 3GP, UK",01276 692317,https://wagamama.com/restaurants/camberley/camberley
Camberley,Nando's Camberley,"Unit R3, The Atrium, Park St, Camberley GU15 3GP, UK",01276 684884,https://www.nandos.co.uk/restaurants/camberley?utm_campaign=websitecta_NA&utm_content=Multi-Chan_GB_NA_NA_NA_all_NA_NA_camberley&utm_medium=mybusiness&utm_source=google&utm_term=Local
Camberley,Slim Chickens,"Unit 11, The Atrium, Park St, Camberley GU15 3GP, UK",01276 539282,https://www.slimchickens.co.uk/
Camberley,Miller & Carter Bagshot,"Surrey, 39 London Rd, Bagshot GU19 5EG, UK",01276 479942,https://www.millerandcarter.co.uk/restaurants/south-east/millerandcarterbagshot?utm_source=google&utm_medium=organic&utm_campaign=gmb-homepage
Camberley,PizzaExpress,"52 Park St, Camberley GU15 3PT, UK",01276 21846,https://www.pizzaexpress.com/camberley-park-street?utm_source=GMB&utm_medium=Website&utm_campaign=GMB-WEB-411
Camberley,Toby Carvery Frimley House,"114 Portsmouth Rd, Frimley, Camberley GU15 1HS, UK",01276 691939,https://www.tobycarvery.co.uk/restaurants/south-east/frimleysurrey?utm_source=google&utm_medium=organic&utm_campaign=gmb-homepage
Camberley,Rackstraws Farm Beefeater,"221 Yorktown Rd, College Town, Sandhurst GU47 0RT, UK",01252 878181,https://www.beefeater.co.uk/en-gb/locations/berkshire/rackstraws-farm?cid=GLBC_40016405
Kendal,PizzaExpress,"6 Wainwrights Yard, Kendal LA9 4AP, UK",01539 728598,https://www.pizzaexpress.com/kendal-wainwrights-yard?utm_source=GMB&utm_medium=Website&utm_campaign=GMB-WEB-3263
Ruislip,Miller & Carter Ruislip,"154 Bury St, Ruislip HA4 7TH, UK",01895 635318,https://www.millerandcarter.co.uk/restaurants/london/millerandcarterruislip?utm_source=google&utm_medium=organic&utm_campaign=gmb-homepage
Ruislip,PizzaExpress,"86 High St, Ruislip HA4 8LS, UK",01895 625100,https://www.pizzaexpress.com/ruislip-high-street?utm_source=GMB&utm_medium=Website&utm_campaign=GMB-WEB-1271
Ruislip,Nando's South Ruislip,"Unit 1, The Old Dairy, Victoria Rd South Ruislip, Greater, London HA4 0FY, UK",020 8841 7337,https://www.nandos.co.uk/restaurants/south-ruislip?utm_campaign=websitecta_NA&utm_content=Multi-Chan_GB_NA_NA_NA_all_NA_NA_south-ruislip&utm_medium=mybusiness&utm_source=google&utm_term=Local
Malvern,ASK Italian - Great Malvern,"6, 8 Belle Vue Terrace, Great Malvern, Malvern WR14 4PZ, UK",01684 893500,https://www.askitalian.co.uk/italian/restaurants/great-malvern?utm_source=google&utm_medium=knowledgepanel&utm_campaign=GMB
Bromsgrove,Miller & Carter Marlbrook,"462 Birmingham Rd, Marlbrook, Bromsgrove B61 0HR, UK",01527 878060,https://www.millerandcarter.co.uk/restaurants/east-and-west-midlands/millerandcartermarlbrook?utm_source=google&utm_medium=organic&utm_campaign=gmb-homepage
Stratford-upon-Avon,Miller & Carter Stratford Avon,"Unit 20 Bell Ct, Stratford-upon-Avon CV37 6JF, UK",01789 338331,https://www.millerandcarter.co.uk/restaurants/east-and-west-midlands/millerandcarterstratforduponavon?utm_source=google&utm_medium=organic&utm_campaign=gmb-homepage
Stratford-upon-Avon,Zizzi - Stratford-upon-Avon,"23 Sheep St, Stratford-upon-Avon CV37 6EF, UK",01789 507766,https://www.zizzi.co.uk/italian-restaurants/midlands/stratford-upon-avon?utm_source=google&utm_medium=knowledgepanel&utm_campaign=GMB
Stratford-upon-Avon,ASK Italian - Stratford-Upon-Avon,"Unit R21, Bell Ct, Stratford-upon-Avon CV37 6EX, UK",01789 507710,https://www.askitalian.co.uk/italian/restaurants/stratford-upon-avon?utm_source=google&utm_medium=knowledgepanel&utm_campaign=GMB
Stratford-upon-Avon,Carluccio's,"13 Waterside, Stratford-upon-Avon CV37 6BA, UK",01789 335998,https://www.carluccios.com/restaurants/stratford-upon-avon
Spalding,Prezzo Italian Restaurant Spalding,"Elsom House, 1 Broad St, Spalding PE11 1TB, UK",01775 660739,https://www.prezzo.co.uk/restaurants/spalding/
Spalding,PizzaExpress,"Unit 61, Springfields Outlet Centre, Camelgate, Spalding PE12 6EU, UK",01775 322300,https://www.pizzaexpress.com/spalding-springfields-outlet-centre?utm_source=GMB&utm_medium=Website&utm_campaign=GMB-WEB-3491
Newark,Roman Way Beefeater,"Lincoln Rd, Newark-on-Trent, Newark NG24 2DB, UK",01636 640690,https://www.beefeater.co.uk/en-gb/locations/nottingham/roman-way?cid=GLBC_41516760
Newark,PizzaExpress,"Town Wharf, Newark-on-Trent, Newark NG24 1EU, UK",01636 703073,https://www.pizzaexpress.com/newark-town-wharf?utm_source=GMB&utm_medium=Website&utm_campaign=GMB-WEB-2271
Newark,KFC Newark - Lincoln Road,"Lincoln Rd, Roman Way, Newark-on-Trent, Newark NG24 2DB, UK",020 3038 1791,https://www.kfc.co.uk/kfc-near-me/newark-lincoln-road?utm_term=Lincoln-Way&utm_medium=organic&utm_source=uberall
Newark,Morrisons Cafe,"King's Rd, Newark-on-Trent, Newark NG24 1EW, UK",01636 605184,https://my.morrisons.com/storefinder/48
Brentwood,Harvester Golden Fleece Brentwood,"Essex, 101 London Rd, Brentwood CM14 4NP, UK",01277 224511,https://www.harvester.co.uk/restaurants/eastofengland/thegoldenfleecebrentwood?utm_source=google&utm_medium=organic&utm_campaign=gmb-homepage
Brentwood,Zizzi - Brentwood,"72 High St, Brentwood CM14 4AN, UK",01277 295252,https://www.zizzi.co.uk/italian-restaurants/south-east/brentwood?utm_source=google&utm_medium=knowledgepanel&utm_campaign=GMB
Brentwood,Toby Carvery Brentwood,"Shenfield Common, Brentwood CM15 8DZ, UK",01277 210401,https://www.tobycarvery.co.uk/restaurants/east-of-england/brentwoodessex?utm_source=google&utm_medium=organic&utm_campaign=gmb-homepage
Redhill,Mill House Beefeater,"Brighton Rd, Salfords, Redhill RH1 5BT, UK",01737 767277,https://www.beefeater.co.uk/en-gb/locations/surrey/mill-house?cid=GLBC_40015005
Redhill,Toby Carvery Redhill,"2 Redstone Hill, Redhill RH1 4BL, UK",01737 768434,https://www.tobycarvery.co.uk/restaurants/south-east/redhillsurrey?utm_source=google&utm_medium=organic&utm_campaign=gmb-homepage
Redhill,PizzaExpress,"8 Gallery Walk, Redhill RH1 1RU, UK",01737 532500,https://www.pizzaexpress.com/redhill-gallery-walk?utm_source=GMB&utm_medium=Website&utm_campaign=GMB-WEB-3485
Ashton-in-Makerfield,The Nine Arches - JD Wetherspoon,"3 Legh St, Earlestown, Newton-le-Willows WA12 9NE, UK",01925 224409,https://www.jdwetherspoon.com/pubs/all-pubs/england/merseyside/the-nine-arches-newton-le-willows?utm_source=google&utm_medium=maps&utm_campaign=gmb
Ashton-in-Makerfield,KFC Ashton in Makerfield Rst,"39-41 Gerard St, Ashton-in-Makerfield, Wigan WN4 9AG, UK",020 3038 1232,https://www.kfc.co.uk/kfc-near-me/Ashton-in-Makerfield-Rst?utm_source=uberall&utm_medium=organic&utm_term=39-41-Gerard-Street
Harpenden,PizzaExpress,"House, 1, The Gate, 2 High St, Harpenden AL5 2TH, UK",01582 765714,https://www.pizzaexpress.com/harpenden-high-street?utm_source=GMB&utm_medium=Website&utm_campaign=GMB-WEB-1861
Harpenden,Harvester Flamstead St Albans,"London Rd, Flamstead, St Albans AL3 8HT, UK",01582 842800,https://www.harvester.co.uk/restaurants/eastofengland/harvesterflamsteadstalbans?utm_source=google&utm_medium=organic&utm_campaign=gmb-homepage
Harpenden,Miller & Carter Wheathampstead,"11 High St, Wheathampstead, St Albans AL4 8BS, UK",01582 833379,https://www.millerandcarter.co.uk/restaurants/east-of-england/millerandcarterwheathampstead?utm_source=google&utm_medium=organic&utm_campaign=gmb-homepage
Fleet,Miller & Carter,"Cove Rd, Fleet GU51 2SH, UK",01252 816655,https://www.millerandcarter.co.uk/restaurants/south-east/millerandcarterfleet?utm_source=google&utm_medium=organic&utm_campaign=gmb-homepage
Fleet,PizzaExpress,"200 Fleet Rd, Fleet GU51 4BY, UK",01252 813777,https://www.pizzaexpress.com/fleet-fleet-road?utm_source=GMB&utm_medium=Website&utm_campaign=GMB-WEB-3281
Witney,Bella Italia,"Marriotts Walk, Witney OX28 6GW, UK",01993 225226,https://www.bellaitalia.co.uk/restaurants/witney
Witney,PizzaExpress,"6 Market Square, Witney OX28 6BB, UK",01993 709711,https://www.pizzaexpress.com/witney-market-square?utm_source=GMB&utm_medium=Website&utm_campaign=GMB-WEB-3331
Willenhall,Bella Italia - Wolverhampton,"Unit 3 Wednesfield Wy, Wolverhampton WV11 1BP, UK",01902 920288,https://www.bellaitalia.co.uk/restaurants/wolverhampton/bentley-bridge/?utm_source=google&utm_medium=organic&utm_campaign=google_lpm_bellaitalia_wolverhampton
Willenhall,Morrisons Cafe,"Middle Piece Way, Willenhall WV13 1QG, UK",01902 636794,https://my.morrisons.com/storefinder/442
Ashington,KFC Ashington - Morpeth Road,"Morpeth Rd, Ashington NE63 8QG, UK",020 3038 1623,https://www.kfc.co.uk/kfc-near-me/ashington-morpeth-road?utm_term=Morpeth-Road&utm_medium=organic&utm_source=uberall
Shipley,Costa Coffee,"11 Market St, Shipley BD18 3QD, UK",01274 585874,https://www.costa.co.uk/locations/store-locator/map/#latitude=53.8322126&longitude=-1.7767645
Shipley,McDonald's,"2 Tony Miller Approach, Shipley BD17 7TS, UK",01274 531968,https://www.mcdonalds.com/gb/en-gb.html?cid=RF:YEXT:GMB:8260961:Clicks:DIRSYN:
Frome,Frome Flyer Beefeater,"commerce park, Jenson Ave, Frome BA11 2LD, UK",01373 468980,https://www.beefeater.co.uk/en-gb/locations/bristol/frome-flyer?cid=GLBC_41023895
Gosforth,M&S Foodhall,"Multiyork House, Hollywood Ave, Newcastle upon Tyne NE3 5JG, UK",0191 206 9806,https://www.marksandspencer.com/stores/gosforth-simply-food-1291?extid=local
Bilston,Morrisons Cafe,"Black Country Rte, Bilston WV14 0DZ, UK",01902 402948,https://my.morrisons.com/storefinder/24
Bilston,McDonald's,"High St, Bilston WV14 0EZ, UK",01902 951203,https://www.mcdonalds.com/gb/en-gb.html?cid=RF:YEXT:GMB:8260891:Clicks:DIRSYN:
Tipton,KFC Birmingham - Great Bridge Retail Pk,"Great Western Way Great Bridge Retail, Park, West Bromwich, Tipton DY4 7HJ, UK",020 3038 1574,https://www.kfc.co.uk/kfc-near-me/birmingham-great-bridge-retail-pk?utm_term=Great-Bridge-Retail-Park&utm_medium=organic&utm_source=uberall
Hertford,PizzaExpress,"80 Fore St, Hertford SG14 1BY, UK",01992 509550,https://www.pizzaexpress.com/hertford-fore-street?utm_source=GMB&utm_medium=Website&utm_campaign=GMB-WEB-171
Totton,Morrisons Cafe,"Spruce Dr, Totton, Southampton SO40 8AD, UK",023 8086 4981,https://my.morrisons.com/storefinder/364
Totton,Balmoral Beefeater,"Romsey Rd, Nursling, Southampton SO16 0XJ, UK",023 8073 2262,https://www.beefeater.co.uk/en-gb/locations/hampshire/balmoral-inn?cid=GLBC_40010585
Totton,McDonald's,"97 Commercial Rd, Totton, Southampton SO40 3AF, UK",023 8086 3890,https://www.mcdonalds.com/gb/en-gb.html?cid=RF:YEXT:GMB:8261438:Clicks:DIRSYN:
Totton,Starbucks,"Eddystone Rd, Totton, Southampton SO40 3XF, UK",023 8001 3880,https://www.starbucks.co.uk/store-locator/60383
Burntwood,Morrisons Cafe,"High St, Chasetown, Burntwood WS7 3XA, UK",01543 670919,https://my.morrisons.com/storefinder/243
Farnworth,KFC Farnworth - Albert Road,"99-105 Albert Rd, Farnworth, Bolton BL4 9EA, UK",020 3038 1113,https://www.kfc.co.uk/kfc-near-me/farnworth-albert-road?utm_term=Bolton&utm_medium=organic&utm_source=uberall
Farnworth,Toby Carvery Bolton,"421 Watergate Dr, Over Hulton, Bolton BL5 1BU, UK",01204 650955,https://www.tobycarvery.co.uk/restaurants/north-west/watergatetollbolton?utm_source=google&utm_medium=organic&utm_campaign=gmb-homepage
Jarrow,Morrisons Cafe,"20 Viking Precinct, Jarrow NE32 3LP, UK",0191 483 7404,https://my.morrisons.com/storefinder/88
Jarrow,Subway Jarrow Viking centre,"Bede Precinct, Jarrow NE32 3LW, UK",0191 470 4403,
Jarrow,Burger King,"Jarrow, South Shields NE34 9QD, UK",0191 406 4283,https://locations.burgerking.co.uk/south-shields/south-shields
Jarrow,McDonald's,"Towers Pl, Newcastle Rd, Jarrow, South Shields NE34 9QD, UK",0191 427 5549,https://www.mcdonalds.com/gb/en-gb.html?cid=RF:YEXT:GMB:8261069:Clicks:DIRSYN:
Penarth,Harvester Cardiff Bay Penarth,"Dunleavy Dr, Penarth, Cardiff CF11 0SN, UK",029 2039 6901,https://www.harvester.co.uk/restaurants/wales/harvestercardiffbaycardiff?utm_source=google&utm_medium=organic&utm_campaign=gmb-homepage
Congleton,KFC Congleton Viking Park,"Viking Park, 3 Albion Rd, Congleton CW12 1GW, UK",020 3038 1533,https://www.kfc.co.uk/kfc-near-me/Congleton-Viking-Park
Congleton,M&S Foodhall,"Unit A Barn Rd, Congleton CW12 1LJ, UK",01260 278032,https://www.marksandspencer.com/stores/congleton-simply-food-0383?extid=local
East Grinstead,Prezzo Italian Restaurant East Grinstead,"13 High St, East Grinstead RH19 3AF, UK",01342 777460,https://www.prezzo.co.uk/restaurants/east-grinstead/
East Grinstead,PizzaExpress,"39 High St, East Grinstead RH19 3AF, UK",01342 313343,https://www.pizzaexpress.com/east-grinstead-high-street?utm_source=GMB&utm_medium=Website&utm_campaign=GMB-WEB-1031
Didcot,Nando's Didcot,"Unit R101, Orchard Centre, 36 Orchard St, Didcot OX11 7LG, UK",01235 519154,https://www.nandos.co.uk/restaurants/didcot?utm_campaign=websitecta_NA&utm_content=Multi-Chan_GB_NA_NA_NA_all_NA_NA_didcot&utm_medium=mybusiness&utm_source=google&utm_term=Local
Didcot,The Applecart Beefeater,"milton interchange, Milton Interchange, Milton, Abingdon OX14 4TX, UK",01235 835168,https://www.beefeater.co.uk/en-gb/locations/oxford/the-applecart?cid=GLBC_41010360
Didcot,KFC Didcot Orchard Centre,"5a Orchard St, Didcot OX11 7LG, UK",020 3038 1233,https://www.kfc.co.uk/kfc-near-me/didcot-orchard-centre
Didcot,M&S Foodhall,"66 Orchard St, Didcot OX11 7LG, UK",01235 427289,https://www.marksandspencer.com/stores/didcot-foodhall-0761?extid=local
Daventry,McDonald's,"South Way, Vicar Ln, Daventry NN11 4GD, UK",01327 301348,https://www.mcdonalds.com/gb/en-gb.html?cid=RF:YEXT:GMB:8260793:Clicks:DIRSYN:
Bloxwich,KFC Bloxwich - Leamore Lane,"110A Leamore Ln, Bloxwich, Four Crosses, Walsall WS2 7BU, UK",020 3038 1466,https://www.kfc.co.uk/kfc-near-me/bloxwich-leamore-lane?utm_term=Leamore-Lane&utm_medium=organic&utm_source=uberall
Newton Abbot,Toby Carvery Newton Abbot,"Penn Inn Roundabout, Torquay Rd, Newton Abbot TQ12 4AQ, UK",01626 354661,https://www.tobycarvery.co.uk/restaurants/south-west/newtonabbotdevon?utm_source=google&utm_medium=organic&utm_campaign=gmb-homepage
Thornton Cleveleys,M&S Foodhall,"96 Victoria Rd W, Blackpool, Thornton-Cleveleys FY5 1AG, UK",01253 854682,https://www.marksandspencer.com/stores/cleveleys-simply-food-9182?extid=local
Thornton Cleveleys,Morrisons Cafe,"Amounderness Wy, Thornton-Cleveleys FY5 3TS, UK",01253 863222,https://my.morrisons.com/storefinder/218
Thornton Cleveleys,Red Lion Beefeater,"Devonshire Rd, Bispham, Blackpool FY2 0AR, UK",01253 354942,https://www.beefeater.co.uk/en-gb/locations/lancashire/red-lion?cid=GLBC_40016475
Bognor Regis,Nando's Bognor - Arun Retail Park,"Unit G, Arun Retail Park, Shripney Rd, Bognor Regis, West Sussex PO22 9NF, UK",01243 302804,https://www.nandos.co.uk/restaurants/bognor-arun-retail-park?utm_campaign=websitecta_NA&utm_content=Multi-Chan_GB_NA_NA_NA_all_NA_NA_bognor-arun-retail-park&utm_medium=mybusiness&utm_source=google&utm_term=Local
Whitehaven,Morrisons Cafe,"Flatt Walks, Whitehaven CA28 7RJ, UK",01946 599208,https://my.morrisons.com/storefinder/221
Droitwich,Harvester Wych Way In Droitwich,"Harvester, Worcester Rd, Droitwich Spa, Wychbold, Droitwich WR9 7PA, UK",01527 860130,https://www.harvester.co.uk/restaurants/eastandwestmidlands/thewychwayinndroitwich?utm_source=google&utm_medium=organic&utm_campaign=gmb-homepage
Evesham,The Orchard Beefeater,"Twyford Gdns, Evesham WR11 4TP, UK",01386 444300,https://www.beefeater.co.uk/en-gb/locations/worcestershire/the-orchard?cid=GLBC_41019105
Evesham,The Old Swanne Inne - JD Wetherspoon,"66 High St, Evesham WR11 4HG, UK",01386 442650,https://www.jdwetherspoon.com/pubs/all-pubs/england/worcestershire/the-old-swanne-inne-evesham?utm_source=google&utm_medium=maps&utm_campaign=gmb
Evesham,M&S Foodhall,"Unit 3, Shopping Park, 4 Worcester Rd, Evesham WR11 4AB, UK",01386 765912,https://www.marksandspencer.com/stores/evesham-simply-food-1255?extid=local
Evesham,Morrisons Cafe,"Davies Rd, Evesham WR11 1DX, UK",01386 49351,https://my.morrisons.com/storefinder/247
Ormskirk,Toby Carvery Ormskirk,"County Rd, Ormskirk L39 1NN, UK",01695 579755,https://www.tobycarvery.co.uk/restaurants/north-west/ormskirkwestlancashire?utm_source=google&utm_medium=organic&utm_campaign=gmb-homepage
Ormskirk,Miller & Carter Aughton,"Lancashire, Swan Ln, Springfield Rd, Aughton, Ormskirk L39 6ST, UK",01695 420052,https://www.millerandcarter.co.uk/restaurants/north-west/millerandcarteraughton?utm_source=google&utm_medium=organic&utm_campaign=gmb-homepage
Consett,Morrisons Cafe,"Front St, Consett DH8 5RE, UK",01207 592045,https://my.morrisons.com/storefinder/204
Consett,KFC Consett - Hermistone Retail Park,"Hermiston Retail Park, Front St, Consett Rd, Consett DH8 5SB, UK",020 3038 1108,https://www.kfc.co.uk/kfc-near-me/consett-hermistone-retail-park?utm_source=uberall&utm_medium=organic&utm_term=Front-Street
Consett,Tesco Cafe,"Genesis Way, Consett DH8 5XP, UK",0345 610 2916,https://www.tesco.com/store-locator/consett/genesis-way/cafe?sc_cmp=ref*yg*stc*4358&utm_source=yext_google&utm_campaign=local_cafe_England&utm_medium=organic
Newton Aycliffe,Starbucks Coffee Company,"St. Cuthberts Way, Newton Aycliffe DL5 6DL, UK",,
Newton Aycliffe,Tesco Cafe,"Greenwell Rd, Newton Aycliffe DL5 4DH, UK",0345 677 9799,https://www.tesco.com/store-locator/newton-aycliffe/greenwell-road/cafe?sc_cmp=ref*yg*stc*2916&utm_source=yext_google&utm_campaign=local_cafe_England&utm_medium=organic
Newton Aycliffe,KFC Newton Aycliffe - A167,"A167, Newton Aycliffe DL1 3NL, UK",020 3038 1585,https://www.kfc.co.uk/kfc-near-me/newton-aycliffe-a167?utm_source=uberall&utm_medium=organic&utm_term=newton-aycliffe
Thornaby-on-Tees,TGI Fridays - Teesside,"Teesside Shopping Park, Teesside Park Dr, Thornaby, Stockton-on-Tees TS17 7BG, UK",0330 175 9273,https://www.tgifridays.co.uk/locations/teesside/?utm_source=localGMB&utm_medium=organic&utm_campaign=656
Thornaby-on-Tees,Wagamama,"Unit 19 Subdivision, Teesside Shopping Park, Thornaby, Teesside TS17 7BT, UK",01642 045798,https://www.wagamama.com/restaurants/teesside/teesside
Thornaby-on-Tees,PizzaExpress,"6 The, Teesside Retail Park, Middlesbrough Rd, Thornaby, Stockton-on-Tees TS17 7BG, UK",01642 612693,https://www.pizzaexpress.com/teesside-retail-park?utm_source=GMB&utm_medium=Website&utm_campaign=GMB-WEB-3257
Thornaby-on-Tees,Morrisons Cafe,"Newmarket Ave, Thornaby, Stockton-on-Tees TS17 7BP, UK",01642 677131,https://my.morrisons.com/storefinder/58
Thornaby-on-Tees,Nando's,"Sandown Way, Unit 12C, Teesside Shopping Park, Sandown Way Stockton-on-Tees, County, Thornaby, Durham TS17 7BT, UK",01642 633684,https://www.nandos.co.uk/restaurants/teesside-retail-park?utm_campaign=websitecta_NA&utm_content=Multi-Chan_GB_NA_NA_NA_all_NA_NA_teesside-retail-park&utm_medium=mybusiness&utm_source=google&utm_term=Local
Portishead,McDonald's,"Wyndham Way Retail Park, Wyndham Way, Portishead, Bristol BS20 7BY, UK",01275 844792,https://www.mcdonalds.com/gb/en-gb.html?cid=RF:YEXT:GMB:8261347:Clicks:DIRSYN:
Ferndown,Toby Carvery Northbourne,"Old Vicarage, Bournemouth BH10 7BJ, UK",01202 572433,https://www.tobycarvery.co.uk/restaurants/south-west/northbournebournemouth?utm_source=google&utm_medium=organic&utm_campaign=gmb-homepage
Ferndown,M&S Foodhall,"Ringwood Rd, Ferndown BH22 9AS, UK",01202 509002,https://www.marksandspencer.com/stores/ferndown-foodhall-1938?extid=local
Ferndown,The St Leonards,"185 Ringwood Rd, St Leonards, Ringwood BH24 2NP, UK",01425 471220,https://www.greeneking.co.uk/pubs/hampshire/st-leonards-hotel?utm_source=g_places&utm_medium=locations&utm_campaign=PD_pubpage
Ferndown,McDonald's,"Tricketts Cross Roundabout, Ringwood Rd, Ferndown BH22 9BB, UK",01202 893060,https://www.mcdonalds.com/gb/en-gb.html?cid=RF:YEXT:GMB:8260595:Clicks:DIRSYN:
Broadstairs,ASK Italian - Westwood Cross,"Unit 48, Westwood Cross, Margate Rd, Westwood, Ramsgate, Broadstairs CT10 2BF, UK",020 3802 1999,https://www.askitalian.co.uk/italian/restaurants/westwood-cross?utm_source=google&utm_medium=knowledgepanel&utm_campaign=GMB
Broadstairs,Frankie & Benny's,"Unit 50, Westwood Cross, Margate Rd, Westwood, Ramsgate, Broadstairs CT10 2BF, UK",01843 605110,https://www.frankieandbennys.com/restaurants/thanet-broadstairs?utm_source=google&utm_medium=organic&utm_campaign=google_lpm_frankie_and_bennys_broadstairs
Hoddesdon,Morrisons Cafe,"Amwell St, Hoddesdon EN11 8UD, UK",01992 721300,https://my.morrisons.com/storefinder/571
Wilmslow,PizzaExpress,"26-28 Alderley Rd, Wilmslow SK9 1PL, UK",01625 540055,https://www.pizzaexpress.com/wilmslow-alderley-road?utm_source=GMB&utm_medium=Website&utm_campaign=GMB-WEB-1721
Grays Thurrock,Las Iguanas - Lakeside,"Unit 8a, Lakeside Shopping Centre, The Boardwalk Lakeside Shopping Centre, West Thurrock, Grays, Thurrock RM20 2ZN, UK",01708 987339,https://www.iguanas.co.uk/restaurants/thurrock-lakeside/?utm_source=google&utm_medium=organic&utm_campaign=google_lpm_lasiguanas_lakeside
Grays Thurrock,Harvester Grays,"Arterial Road, A1306, Chafford Hundred, Grays RM16 6UT, UK",01375 387333,https://www.harvester.co.uk/restaurants/eastofengland/harvestergraysessex?utm_source=google&utm_medium=organic&utm_campaign=gmb-homepage
Grays Thurrock,Prezzo Italian Restaurant Lakeside,"Unit 8B, The Boardwalk Lakeside Shopping Centre, West Thurrock, Grays RM20 2ZN, UK",01708 973329,https://www.prezzo.co.uk/restaurants/lakeside/
Grays Thurrock,TGI Fridays - Lakeside Retail Park,"W Thurrock Way, Grays, Thurrock RM20 3WE, UK",0330 175 9257,https://www.tgifridays.co.uk/locations/lakeside-retail-park/?utm_source=localGMB&utm_medium=organic&utm_campaign=lakeside+retail+park
Grays Thurrock,Bella Italia - Lakeside,"Unit 1B, The Broadwalk, West Thurrock, Grays RM20 2ZN, UK",01708 987338,https://www.bellaitalia.co.uk/restaurants/lakeside/lakeside/?utm_source=google&utm_medium=organic&utm_campaign=google_lpm_bellaitalia_lakeside
Grays Thurrock,wagamama lakeside,"unit 5, The Boardwalk Lakeside Shopping Centre, West Thurrock, Grays, thurrock RM20 2ZN, UK",01708 861570,https://www.wagamama.com/restaurants/thurrock/lakeside
Grays Thurrock,TGI Fridays - Lakeside Quay,"Unit 611, Thurrock Lakeside Shopping Centre, The Quay, West Thurrock, Grays, Lakeside RM20 2AD, UK",0330 175 9256,https://www.tgifridays.co.uk/locations/lakeside-quay/?utm_source=localGMB&utm_medium=organic&utm_campaign=lakeside+quay
Grays Thurrock,Zizzi - Lakeside,"Unit 9 The Quay, Intu, Lakeside, West Thurrock, Grays RM20 2ZW, UK",01708 867186,https://www.zizzi.co.uk/italian-restaurants/south-east/lakeside?utm_source=google&utm_medium=knowledgepanel&utm_campaign=GMB
Grays Thurrock,Wingstop Lakeside,"Unit 44-50, Lakeside Shopping Centre, W Thurrock Way, West Thurrock, Grays, Thurrock RM20 2ZP, UK",01708 874703,https://www.wingstop.co.uk/?y_source=1_MTA3ODk0Nzk5Ni03MTUtbG9jYXRpb24ud2Vic2l0ZQ%3D%3D
Grays Thurrock,ASK Italian - Lakeside,"Lakeside Shopping Centre, Unit 4 The Board Walk, West Thurrock, Grays RM20 2ZN, UK",01708 935565,https://www.askitalian.co.uk/italian/restaurants/lakeside?utm_source=google&utm_medium=knowledgepanel&utm_campaign=GMB
Grays Thurrock,Nando's Thurrock,"Unit C2, Lakeside Retail Park, Cygnet View, West Thurrock, Grays, Essex RM20 1WN, UK",01708 862608,https://www.nandos.co.uk/restaurants/thurrock?utm_campaign=websitecta_NA&utm_content=Multi-Chan_GB_NA_NA_NA_all_NA_NA_thurrock&utm_medium=mybusiness&utm_source=google&utm_term=Local
Grays Thurrock,KFC Grays Thurrock - High Street,"6-8 High St, Grays RM17 6LU, UK",020 3038 1614,https://www.kfc.co.uk/kfc-near-me/grays-thurrock-high-street?utm_term=6-8-High-Street&utm_medium=organic&utm_source=uberall
Grays Thurrock,Nando's Lakeside - The Boardwalk,"Unit 3, The Boardwalk, Lakeside, W Thurrock Way, West Thurrock, Grays RM20 2ZP, UK",01708 891522,https://www.nandos.co.uk/restaurants/lakeside-the-boardwalk?utm_campaign=websitecta_NA&utm_content=Multi-Chan_GB_NA_NA_NA_all_NA_NA_lakeside-the-boardwalk&utm_medium=mybusiness&utm_source=google&utm_term=Local
Upminster,Prezzo Italian Restaurant Upminster,"53 Corbets Tey Rd, Upminster RM14 2AJ, UK",01708 973330,https://www.prezzo.co.uk/restaurants/upminster/
Upminster,PizzaExpress,"131-133 St. Marys Ln, Upminster RM14 2SH, UK",01708 224111,https://www.pizzaexpress.com/upminster-st-marys-lane?utm_source=GMB&utm_medium=Website&utm_campaign=GMB-WEB-1521
Rothwell,McDonald's,"A14 Eastbound, Kettering Rd, Rothwell, Kettering NN14 1SS, UK",01536 213409,https://www.mcdonalds.com/gb/en-gb.html?cid=RF:YEXT:GMB:8260639:Clicks:DIRSYN:
Formby,Toby Carvery Formby,"13 Church Rd, Formby, Liverpool L37 8BQ, UK",01704 873890,https://www.tobycarvery.co.uk/restaurants/north-west/formbyliverpool?utm_source=google&utm_medium=organic&utm_campaign=gmb-homepage
Formby,M&S Foodhall,"1, The Cloisters, Beehive Business Park, Halsall Ln, Thomas Way, Formby, Liverpool L37 3PX, UK",01704 833825,https://www.marksandspencer.com/stores/formby-simply-food-2419?extid=local
Formby,McDonald's,"89-91 Altcar Rd, Formby, Liverpool L37 8DL, UK",01704 876577,https://www.mcdonalds.com/gb/en-gb.html?cid=RF:YEXT:GMB:8261550:Clicks:DIRSYN:
Alfreton,wagamama east midlands designer outlet,"unit 12/12a, east midlands designer outlet, Mansfield Rd, Alfreton DE55 2JW, UK",01773 851096,https://www.wagamama.com/restaurants/alfreton/east-midlands
Alfreton,PizzaExpress,"east midlands designer outlet, Mansfield Rd, South Normanton, Alfreton DE55 2JW, UK",01773 811555,https://www.pizzaexpress.com/east-midlands-park-designer-outlet?utm_source=GMB&utm_medium=Website&utm_campaign=GMB-WEB-3424
Alfreton,Slim Chickens,"Unit K2 Food Court, East Midlands, McArthurGlen Designer Outlet, Mansfield Rd, South Normanton, Alfreton DE55 2JW, UK",01773 304198,https://www.slimchickens.co.uk/
Alfreton,Tesco Cafe,"Hall St, Alfreton DE55 7BT, UK",0345 677 9833,https://www.tesco.com/store-locator/alfreton/tesco-stores-ltd/cafe?sc_cmp=ref*yg*stc*2049&utm_source=yext_google&utm_campaign=local_cafe_England&utm_medium=organic
Arbroath,Morrisons Cafe,"Hume St, Arbroath DD11 1LL, UK",01241 870900,https://my.morrisons.com/storefinder/164
Elgin,Domino's Pizza - Elgin,"175-177 High St, Elgin IV30 1DW, UK",01343 547000,https://www.dominos.co.uk/pizza-near-me/elgin/175-177-high-street?utm_source=gmb&utm_medium=yext&y_source=1_MTIxMzcxNjQtNzE1LWxvY2F0aW9uLndlYnNpdGU%3D
Elgin,M&S Foodhall,"213-225 High St, Elgin IV30 1DJ, UK",01343 559319,https://www.marksandspencer.com/stores/elgin-simply-food-6994?extid=local
Rugeley,The Plaza - JD Wetherspoon,"27 Horse Fair, Rugeley WS15 2EL, UK",01889 586831,https://www.jdwetherspoon.com/pubs/all-pubs/england/staffordshire/the-plaza-rugeley
Rugeley,Morrisons Cafe,"Market St, Rugeley WS15 2JN, UK",01889 582347,https://my.morrisons.com/storefinder/260
Kidsgrove,Miller & Carter Talke,"Newcastle Rd, Talke, Talke Pits, Stoke-on-Trent ST7 1UR, UK",01782 776676,https://www.millerandcarter.co.uk/restaurants/east-and-west-midlands/millerandcartertalke?utm_source=google&utm_medium=organic&utm_campaign=gmb-homepage
Kidsgrove,Toby Carvery Talke,"Congleton Rd, Talke, Stoke-on-Trent ST7 1LW, UK",01782 782898,https://www.tobycarvery.co.uk/restaurants/midlands/talkestokeontrent?utm_source=google&utm_medium=organic&utm_campaign=gmb-homepage
Kidsgrove,Leons Traditional Fish & Chips,"8 Market St, Kidsgrove, Stoke-on-Trent ST7 4AB, UK",01782 871029,http://leonsfishandchips.co.uk/
Bishop Auckland,Nando's Bishop Auckland,"Unit 12, Bishop Auckland Retail & Leisure Park, Bishop Auckland, Retail & Leisure Park, St Helen Auckland, Bishop Auckland, Durham DL14 9AA, UK",01388 348543,https://www.nandos.co.uk/restaurants/bishop-auckland?utm_campaign=websitecta_NA&utm_content=Multi-Chan_GB_NA_NA_NA_all_NA_NA_bishop-auckland&utm_medium=mybusiness&utm_source=google&utm_term=Local
Bishop Auckland,Popeyes Lousiana Chicken,"Unit 1, Fieldon, Bridge Retail Park, Bishop Auckland DL14 9AA, UK",0330 175 8760,https://popeyesuk.com/restaurants/bishop-auckland
Bishop Auckland,M&S Foodhall,"Unit D, 39 Pier Avenue, Tindale Crescent, St Helen Auckland, Bishop Auckland DL14 9TE, UK",01388 602900,https://www.marksandspencer.com/stores/bishop-auckland-simply-food-1178?extid=local
Bishop Auckland,Morrisons Cafe,"Bob Hardisty Dr, Bishop Auckland DL14 7TN, UK",01388 450218,https://my.morrisons.com/storefinder/40
Chapeltown,Morrisons Cafe,"299 The Common, Ecclesfield, Sheffield S35 9AE, UK",0114 245 6545,https://my.morrisons.com/storefinder/72
Workington,Morrisons Cafe,"Derwent Dr, Workington CA14 3UG, UK",01900 64336,https://my.morrisons.com/storefinder/223
Workington,KFC Workington - Bassemer Way,"Bessemer Way, Workington CA14 3YW, UK",020 3038 1901,https://www.kfc.co.uk/kfc-near-me/workington-bassemer-way?utm_term=Workington&utm_medium=organic&utm_source=uberall
Walton-on-Thames,Nando's Walton-on-Thames,"Unit 7, The Heart, New Zealand Ave, Walton-on-Thames KT12 1GH, UK",01932 223610,https://www.nandos.co.uk/restaurants/walton-on-thames?utm_campaign=websitecta_NA&utm_content=Multi-Chan_GB_NA_NA_NA_all_NA_NA_walton-on-thames&utm_medium=mybusiness&utm_source=google&utm_term=Local
Walton-on-Thames,wagamama walton-on-thames,"the heart, New Zealand Ave, Walton-on-Thames KT12 1GH, UK",01932 260664,https://www.wagamama.com/restaurants/walton-on-thames/walton-on-thames
Walton-on-Thames,PizzaExpress,"Unit 3, The Heart, Walton-on-Thames KT12 1GH, UK",01932 243404,https://www.pizzaexpress.com/walton-on-thames-new-zealand-avenue?utm_source=GMB&utm_medium=Website&utm_campaign=GMB-WEB-601
Walton-on-Thames,Slim Chickens Walton-onThames,"Unit 9 The Heart Shopping Mall, Walton-on-Thames KT12 1DA, UK",01932 949004,https://www.slimchickens.co.uk/
Esher,PizzaExpress,"34-38 High St, Esher KT10 9QY, UK",01372 470435,https://www.pizzaexpress.com/esher-high-street?utm_source=GMB&utm_medium=Website&utm_campaign=GMB-WEB-3248
Potters Bar,Harvester Oakmere Potters Bar,"High St, Potters Bar EN6 5BT, UK",01707 664035,https://www.harvester.co.uk/restaurants/eastofengland/theoakmerehousepottersbar?utm_source=google&utm_medium=organic&utm_campaign=gmb-homepage
Market Harborough,Zizzi - Market Harborough,"47 High St, Market Harborough LE16 7AF, UK",01858 411006,https://www.zizzi.co.uk/italian-restaurants/midlands/market-harborough?utm_source=google&utm_medium=knowledgepanel&utm_campaign=GMB
Market Harborough,PizzaExpress,"15-16 St Mary's Place, Market Harborough LE16 7DR, UK",01858 467850,https://www.pizzaexpress.com/market-harborough-st-marys-place?utm_source=GMB&utm_medium=Website&utm_campaign=GMB-WEB-3325
Garforth,Harvester Colton Mill Leeds,"Stile Hill Way, Stile Hill Way, Colton, Leeds LS15 9JH, UK",0113 264 1541,https://www.harvester.co.uk/restaurants/yorkshireandthehumber/thecoltonmillleeds?utm_source=google&utm_medium=organic&utm_campaign=gmb-homepage
Garforth,Wingstop Leeds Springs,"Unit 11, The Springs, Thorpe Pk Approach, Leeds LS15 8GG, UK",0113 511 7618,https://www.wingstop.co.uk/?y_source=1_MjAyMjgxNTQwNi03MTUtbG9jYXRpb24ud2Vic2l0ZQ%3D%3D
Garforth,wagamama leeds the springs,"unit 18, The Springs, Thorpe Pk Approach, Leeds LS15 8GG, UK",0113 322 5458,https://www.wagamama.com/restaurants/leeds/leedsthesprings
Newquay,PizzaExpress,"Rocklands, Cliff Rd, Newquay TR7 2NE, UK",01637 872177,https://www.pizzaexpress.com/newquay-rocklands?utm_source=GMB&utm_medium=Website&utm_campaign=GMB-WEB-3310
Truro,ASK Italian - Truro,"76/77 Lemon St, Truro TR1 2PN, UK",01872 858399,https://www.askitalian.co.uk/italian/restaurants/truro?utm_source=google&utm_medium=knowledgepanel&utm_campaign=GMB
Truro,PizzaExpress,"The Coinage Hall, 1 Boscawen St, Truro TR1 2QU, UK",01872 263617,https://www.pizzaexpress.com/truro-coinage-hall?utm_source=GMB&utm_medium=Website&utm_campaign=GMB-WEB-2431
Falmouth,PizzaExpress,"1 Maritime House, Discovery Quay, Falmouth TR11 3QY, UK",01326 318841,https://www.pizzaexpress.com/falmouth-maritime-square?utm_source=GMB&utm_medium=Website&utm_campaign=GMB-WEB-3260
Camborne,KFC Camborne - Trevenson Gateway,"1 Tolvaddon Rd Trevenson, Gateway, Camborne TR14 8NQ, UK",020 3038 1170,https://www.kfc.co.uk/kfc-near-me/camborne-trevenson-gateway?utm_term=Camborne&utm_medium=organic&utm_source=uberall
Tiverton,M&S Foodhall,"Phoenix Lane The Old Brewery Site, High Street 45, Tiverton EX16 6LU, UK",01884 254517,https://www.marksandspencer.com/stores/tiverton-simply-food-1928?extid=local
Tiverton,McDonald's,"Tiverton Business Park, Lowman Way, Tiverton EX16 6SR, UK",01884 235884,https://www.mcdonalds.com/gb/en-gb.html?cid=RF:YEXT:GMB:8261216:Clicks:DIRSYN:
Stamford,Cosy Club,"The Old Delivery Office, Horse Shoe Ln, Stamford PE9 2RB, UK",01780 767710,https://cosyclub.co.uk/location/stamford
Stamford,ASK Italian - Stamford,"9, 10 St John's St, Stamford PE9 2DB, UK",01780 765455,https://www.askitalian.co.uk/italian/restaurants/stamford?utm_source=google&utm_medium=knowledgepanel&utm_campaign=GMB
Stamford,PizzaExpress,"1 High St, St Martins, Stamford PE9 2LE, UK",01780 767902,https://www.pizzaexpress.com/stamford-high-street?utm_source=GMB&utm_medium=Website&utm_campaign=GMB-WEB-3041
Stamford,M&S Foodhall,"41-45 High St, Stamford PE9 2BD, UK",01780 767936,https://www.marksandspencer.com/stores/stamford-simply-food-2833?extid=local
Retford,The Dominie Cross - JD Wetherspoon,"38 Grove St, Retford DN22 6JR, UK",01777 861150,https://www.jdwetherspoon.com/
Retford,Morrisons Cafe,"Idle Valley Rd, Retford DN22 7XD, UK",01777 710232,https://my.morrisons.com/storefinder/114
Retford,KFC Retford - King Edwards Services,"28 London Rd, Retford DN22 6AY, UK",020 3038 1725,https://www.kfc.co.uk/kfc-near-me/retford-king-edwards-services
Dronfield,Toby Carvery Dronfield,"Sheffield Rd, Sheffield, Dronfield S18 2GA, UK",01246 412326,https://www.tobycarvery.co.uk/restaurants/yorkshire/dronfieldderbyshire?utm_source=google&utm_medium=organic&utm_campaign=gmb-homepage
Dronfield,Ferdinando's Italian restaurant,"329 Meadowhead, Norton, Sheffield S8 7UP, UK",0114 274 5202,http://www.ferdinandos.co.uk/
Guiseley,Morrisons Cafe,"89 Otley Rd, Guiseley, Leeds LS20 8AW, UK",01943 870587,https://my.morrisons.com/storefinder/36
Rawtenstall,M&S Foodhall,"New Hall Hey Retail Park, Swanney Lodge Rd, A1, Rawtenstall, Unit BB4 6HR, UK",01706 894247,https://www.marksandspencer.com/stores/rawtenstall-foodhall-1455?extid=local
Hindley,Tesco Cafe,"Cross St, Hindley, Wigan WN2 3AT, UK",0345 677 9782,https://www.tesco.com/store-locator/wigan/cross-street/cafe?sc_cmp=ref*yg*stc*2701&utm_source=yext_google&utm_campaign=local_cafe_England&utm_medium=organic
Royton,Popeyes Louisiana Chicken,"Elk Mill Shopping Park, Royton, Oldham OL2 5HX, UK",0330 175 8760,https://popeyesuk.com/menu
Royton,Nando's Oldham - Elk Mill,"Unit 21, Elk Mill Shopping Park, Broadway Oldham, Greater, Royton, Manchester OL2 5HX, UK",0161 624 4819,https://www.nandos.co.uk/restaurants/oldham-elk-mill?utm_campaign=websitecta_NA&utm_content=Multi-Chan_GB_NA_NA_NA_all_NA_NA_oldham-elk-mill&utm_medium=mybusiness&utm_source=google&utm_term=Local
Reigate,wagamama reigate,"35 Bell St, Reigate RH2 7AD, UK",01737 333018,https://www.wagamama.com/restaurants/reigate/reigate
Reigate,PizzaExpress,"15 High St, Reigate RH2 9AA, UK",01737 241969,https://www.pizzaexpress.com/reigate-high-street?utm_source=GMB&utm_medium=Website&utm_campaign=GMB-WEB-591
Reigate,Nando's Reigate,"59 High St, Reigate RH2 9AE, UK",01737 926517,https://www.nandos.co.uk/restaurants/reigate?utm_campaign=websitecta_NA&utm_content=Multi-Chan_GB_NA_NA_NA_all_NA_NA_reigate&utm_medium=mybusiness&utm_source=google&utm_term=Local
Horley,Nando's Gatwick - South Terminal,"London Gatwick Airport, South Terminal, London Rd, Horley, Gatwick RH6 0NP, UK",01293 569776,https://www.nandos.co.uk/restaurants/gatwick-south-terminal?utm_campaign=websitecta_NA&utm_content=Multi-Chan_GB_NA_NA_NA_all_NA_NA_gatwick-south-terminal&utm_medium=mybusiness&utm_source=google&utm_term=Local
Godalming,Prezzo Italian Restaurant Godalming,"8 Queen St, Godalming GU7 1BD, UK",01483 931224,https://www.prezzo.co.uk/restaurants/godalming/
Godalming,PizzaExpress,"127-129 High St, Godalming GU7 1AF, UK",01483 860880,https://www.pizzaexpress.com/godalming-high-street?utm_source=GMB&utm_medium=Website&utm_campaign=GMB-WEB-1761
Woodley,Toby Carvery Lower Earley,"Unit 2 The Sq, Chalfont Way, Earley, Reading RG6 5HJ, UK",0118 975 0381,https://www.tobycarvery.co.uk/restaurants/south-east/lowerearleyreading?utm_source=google&utm_medium=organic&utm_campaign=gmb-homepage
Woodley,M&S Foodhall,"25 Washway Road, Woodley, Reading RG6 1BG, UK",0118 966 8734,https://www.marksandspencer.com/stores/woodley-reading-1126?extid=local
Caterham,PizzaExpress,"10 Croydon Rd, Caterham CR3 6QB, UK",01883 342717,https://www.pizzaexpress.com/caterham-croydon-road?utm_source=GMB&utm_medium=Website&utm_campaign=GMB-WEB-2021
Caterham,McDonald's,"35-41 Croydon Rd, Caterham CR3 6PB, UK",01883 770804,https://www.mcdonalds.com/gb/en-gb.html?cid=RF:YEXT:GMB:8262268:Clicks:DIRSYN:
Caterham,Fernando's Chicken,"46 High St, Caterham CR3 5UB, UK",01883 912585,http://www.fernandoschicken.co.uk/
Melksham,McDonald's,"G E C Industrial Estate, Beanacre Rd, Melksham SN12 8RP, UK",01225 703702,https://www.mcdonalds.com/gb/en-gb.html?cid=RF:YEXT:GMB:8261061:Clicks:DIRSYN:
Seaham,Byron Place Shopping Centre Seaham,"Seaham SR7 7DR, UK",0191 581 8843,http://www.byronplace.co.uk/
Horwich,Harvester Horwich Park Bolton,"1 Arena Approach, Horwich, Bolton BL6 6LB, UK",01204 698877,https://www.harvester.co.uk/restaurants/northwest/thehorwichparkinnbolton?utm_source=google&utm_medium=organic&utm_campaign=gmb-homepage
Horwich,Las Iguanas Bolton,"Middlebrook Retail & Leisure Park, Horwich, Bolton BL6 6JA, UK",01204 474030,https://www.iguanas.co.uk/restaurants/bolton/?utm_source=google&utm_medium=organic&utm_campaign=google_lpm_las_iguanas_bolton_bolton
Horwich,Popeyes Louisiana Chicken,"Unit 14, Middlebrook Retail & Leisure Park, 37 The Linkway, Horwich, Bolton BL6 6JA, UK",0330 175 8760,http://www.popeyesuk.com/
Horwich,wagamama bolton,"unit 20 The Linkway, Horwich, Bolton BL6 6JA, UK",01204 866456,https://www.wagamama.com/restaurants/bolton/bolton
Horwich,Nando's Bolton - Middlebrook,"Middlebrook Retail & Leisure Park, 47 The Linkway Bolton, Greater, Horwich, Manchester BL6 6JA, UK",01204 669187,https://www.nandos.co.uk/restaurants/bolton-middlebrook?utm_campaign=websitecta_NA&utm_content=Multi-Chan_GB_NA_NA_NA_all_NA_NA_bolton-middlebrook&utm_medium=mybusiness&utm_source=google&utm_term=Local
Hailsham,Harvester Horse & Groom Polegate,"1 High St, Polegate BN26 5HA, UK",01323 483037,https://www.harvester.co.uk/restaurants/southeast/thehorseandgroompolegate?utm_source=google&utm_medium=organic&utm_campaign=gmb-homepage
Hailsham,KFC Hailsham - Ropemaker Park,"F2, Ropemaker Park, Hailsham BN27 3JJ, UK",020 3038 1041,https://www.kfc.co.uk/kfc-near-me/hailsham-ropemaker-park?utm_source=uberall&utm_medium=organic&utm_term=South-Road
Hailsham,McDonald's Hailsham,"Burfield Park Industrial Estate, 19 South Rd, Hailsham BN27 3JL, UK",0370 524 4622,https://www.mcdonalds.com/gb/en-gb.html?cid=RF:YEXT:GMB:8261380:Clicks:DIRSYN:
Hailsham,Burger King Hailsham,"South Rd, Hailsham BN27 3JJ, UK",01323 403344,https://locations.burgerking.co.uk/hailsham/bp-garage
Gainsborough,Prezzo Italian Restaurant Gainsborough,"13b Beaumont St, Gainsborough DN21 2NA, UK",01427 800301,https://www.prezzo.co.uk/restaurants/gainsborough/
Gainsborough,Leons,"65 Church St, Gainsborough DN21 2JX, UK",01427 811828,
Gainsborough,Morrisons Cafe,"Heapham Rd S, Gainsborough DN21 1XY, UK",01427 615522,https://my.morrisons.com/storefinder/31
Gainsborough,M&S Foodhall,"Marshalls Yard, 13B Beaumont St, Gainsborough DN21 2ER, UK",01427 678587,https://www.marksandspencer.com/stores/gainsborough-simply-food-6240?extid=local
Gainsborough,Tesco Cafe,"Trinity St, Gainsborough DN21 2HA, UK",0345 677 9283,https://www.tesco.com/store-locator/gainsborough/trinity-st/cafe?sc_cmp=ref*yg*stc*2551&utm_source=yext_google&utm_campaign=local_cafe_England&utm_medium=organic
Gainsborough,McDonald's,"50 Trinity St, Gainsborough DN21 2HA, UK",01427 679093,https://www.mcdonalds.com/gb/en-gb.html?cid=RF:YEXT:GMB:8261386:Clicks:DIRSYN:
Gainsborough,Starbucks Coffee Company,"Somerby Way, Gainsborough DN21 1NW, UK",,
Gainsborough,KFC Gainsborough - The Roseway,"Roseway, Gainsborough DN21 2BB, UK",020 3038 1141,https://www.kfc.co.uk/kfc-near-me/gainsborough-roseway?utm_term=The-Roseway&utm_medium=organic&utm_source=uberall
Gainsborough,Domino's Pizza - Gainsborough,"8 Market St, Gainsborough DN21 2BE, UK",01427 615999,https://www.dominos.co.uk/pizza-near-me/lincolnshire/8-market-street?utm_source=gmb&utm_medium=yext&y_source=1_MTIxMzc3OTEtNzE1LWxvY2F0aW9uLndlYnNpdGU%3D
Shoreham-by-Sea,Miller & Carter Lancing,"43 Manor Rd, Lancing BN15 0EU, UK",01903 753210,https://www.millerandcarter.co.uk/restaurants/south-east/millerandcarterlancing?utm_source=google&utm_medium=organic&utm_campaign=gmb-homepage
Shoreham-by-Sea,Harvester Britannia Lancing,"98 Grinstead Ln, Lancing BN15 9DP, UK",01903 750511,https://www.harvester.co.uk/restaurants/southeast/thebritannialancing?utm_source=google&utm_medium=organic&utm_campaign=gmb-homepage
Poulton-le-Fylde,Miller & Carter,"Longhouse Ln, Poulton-le-Fylde FY6 8DF, UK",01253 883183,https://www.millerandcarter.co.uk/restaurants/north-west/millerandcarterpoulton-le-fylde?utm_source=google&utm_medium=organic&utm_campaign=gmb-homepage
Dorchester,Zizzi - Dorchester,"5 Eldridge St, Dorchester DT1 1QR, UK",01305 568110,https://www.zizzi.co.uk/italian-restaurants/south-west/dorchester?utm_source=google&utm_medium=knowledgepanel&utm_campaign=GMB
Dorchester,wagamama dorchester,"21 Weymouth Ave, Brewery Sq, Dorchester DT1 1HX, UK",01305 260219,https://www.wagamama.com/restaurants/dorchester/dorchester
Dorchester,PizzaExpress,"25 Weymouth Ave, Dorchester DT1 1QR, UK",01305 251919,https://www.pizzaexpress.com/dorchester-brewery-square?utm_source=GMB&utm_medium=Website&utm_campaign=GMB-WEB-3362
Failsworth,KFC Oldham - Sisson Street,"Sisson St, Failsworth, Manchester M35 0FF, UK",020 3038 1380,https://www.kfc.co.uk/kfc-near-me/oldham-sisson-street?utm_term=Sission-Street&utm_medium=organic&utm_source=uberall
Failsworth,Whitegate Inn Beefeater,"Broadway, Chadderton, Oldham OL9 8DW, UK",0161 681 1373,https://www.beefeater.co.uk/en-gb/locations/lancashire/whitegate-inn?cid=GLBC_40018370
Failsworth,Tesco Cafe,"Ashton Rd W, Failsworth, Manchester M35 0EJ, UK",0345 026 9556,https://www.tesco.com/store-locator/manchester/ashton-road/cafe?sc_cmp=ref*yg*stc*5447&utm_source=yext_google&utm_campaign=local_cafe_England&utm_medium=organic
Mirfield,Miller & Carter Mirfield,"Leeds Rd, Mirfield WF14 0BY, UK",01924 494233,https://www.millerandcarter.co.uk/restaurants/yorkshire-and-the-humber/millerandcartermirfield?utm_source=google&utm_medium=organic&utm_campaign=gmb-homepage
Mirfield,Starbucks Coffee,"Leeds Rd, Mirfield WF14 0BY, UK",01924 480222,https://www.starbucks.co.uk/store-locator/18156
Yeadon,Morrisons Cafe,"High St, Yeadon, Leeds LS19 7YU, UK",0113 250 4721,https://my.morrisons.com/storefinder/7
Yeadon,Toby Carvery Horsforth,"2-4 Fink Hill, Horsforth, Leeds LS18 4DH, UK",0113 258 6401,https://www.tobycarvery.co.uk/restaurants/yorkshire/horsforthleeds?utm_source=google&utm_medium=organic&utm_campaign=gmb-homepage
Peterlee,KFC Peterlee- Essington Way,"Essington Way, Peterlee SR8 1BT, UK",020 3038 1379,https://www.kfc.co.uk/kfc-near-me/Peterlee-Essington-Way?utm_source=uberall&utm_medium=organic&utm_term=peterlee
Peterlee,Starbucks Coffee,"Burnhope Way, Peterlee SR8 1BT, UK",0191 500 1243,https://www.starbucks.co.uk/store-locator/59010
Faversham,ASK Italian - Faversham,"Old Brewmasters Building, Court St, Faversham ME13 7AS, UK",01795 601313,https://www.askitalian.co.uk/italian/restaurants/faversham?utm_source=google&utm_medium=knowledgepanel&utm_campaign=GMB
Berkhamsted,PizzaExpress,"300 High St, Berkhamsted HP4 1ZZ, UK",01442 750510,https://www.pizzaexpress.com/berkhamsted-high-street?utm_source=GMB&utm_medium=Website&utm_campaign=GMB-WEB-3466
Berkhamsted,M&S Foodhall,"138 High St, Berkhamsted HP4 1ZZ, UK",01442 368192,https://www.marksandspencer.com/stores/berkhamsted-simply-food-1294?extid=local
Spennymoor,Greggs,"U23/25, Festival Walk, Spennymoor DL16 6AB, UK",01388 433251,https://www.greggs.co.uk/
Kempston,Chaiiwala,"Unit P3, Interchange Retail Park, Ampthill Rd, Kempston, Bedford MK42 7AZ, UK",01234 746774,https://www.chaiiwala.co.uk/
Kempston,Nando's Bedford - Interchange Retail Park,"Unit F4, Interchange Retail Park, Race Meadows Way, Kempston, Bedfordshire MK42 7AZ, UK",01234 672821,https://www.nandos.co.uk/restaurants/bedford-interchange-retail-park?utm_campaign=websitecta_NA&utm_content=Multi-Chan_GB_NA_NA_NA_all_NA_NA_bedford-interchange-retail-park&utm_medium=mybusiness&utm_source=google&utm_term=Local
Kempston,M&S Foodhall,"Road, Sam Clark Way, Kempston, Leeds MK42 7GB, UK",01234 739993,https://www.marksandspencer.com/stores/bedford-interchange-foodhall-1459?extid=local
Horsforth,Miller & Carter Horsforth,"299 Low Ln, Horsforth, Leeds LS18 4DD, UK",0113 258 2341,https://www.millerandcarter.co.uk/restaurants/yorkshire-and-the-humber/millerandcarterhorsforth?utm_source=google&utm_medium=organic&utm_campaign=gmb-homepage
Goole,Morrisons Cafe,"145 Boothferry Rd, Goole DN14 6EN, UK",01405 769221,https://my.morrisons.com/storefinder/350
Goole,Tesco Cafe,"Boothferry Rd, Goole DN14 6BB, UK",0345 677 9312,https://www.tesco.com/store-locator/goole/boothferry-rd/cafe?sc_cmp=ref*yg*stc*2593&utm_source=yext_google&utm_campaign=local_cafe_England&utm_medium=organic
Oswestry,Prezzo Italian Restaurant Oswestry,"30 Church St, Oswestry SY11 2SP, UK",01691 888519,https://www.prezzo.co.uk/restaurants/oswestry/
Oswestry,M&S Foodhall,"37 Smithfield Rd, Oswestry SY11 2EL, UK",01691 681033,https://www.marksandspencer.com/stores/oswestry-simply-food-4255?extid=local
Oswestry,KFC Oswestry - Maebury Road,"Maes-Y-Clawdd, Morda, Oswestry SY10 8NN, UK",020 3038 1713,https://www.kfc.co.uk/kfc-near-me/oswestry-maebury-road?utm_term=Maes-Y-Clawdd&utm_medium=organic&utm_source=uberall
Stanley,Starbucks Coffee Company,"Agnes St, Stanley DH9 0HT, UK",0191 323 4026,https://www.starbucks.co.uk/store-locator/61077
Cottingham,Toby Carvery Willerby,"Beverley Rd, Hull HU10 6NT, UK",01482 651518,https://www.tobycarvery.co.uk/restaurants/yorkshire/willerbyvillagehull?utm_source=google&utm_medium=organic&utm_campaign=gmb-homepage
Ossett,Toby Carvery Wakefield,"Denby Dale Rd, Wakefield WF2 7AW, UK",01924 363505,https://www.tobycarvery.co.uk/restaurants/yorkshire/calderislandwakefield?utm_source=google&utm_medium=organic&utm_campaign=gmb-homepage
Guisborough,Morrisons Cafe,"71-81 Westgate, Guisborough TS14 6AF, UK",01287 635124,https://my.morrisons.com/storefinder/635
Guisborough,M&S Foodhall,"Retail Park, Unit 4 Rectory Ln, Library Road, Guisborough TS14 7DL, UK",01287 599261,https://www.marksandspencer.com/stores/guisborough-2171?extid=local
Saltash,Burger King,"Service Area, Callington Road Callungton, Road, Saltash PL12 6LF, UK",01752 651830,https://locations.burgerking.co.uk/saltash/service-area-callington-road
Bideford,Morrisons Cafe,"Kingsley Rd, Bideford EX39 2LG, UK",01237 422337,https://my.morrisons.com/storefinder/321
Penrith,Bella Italia - Center Parcs Whinfell,"Whinfell, Forest, Penrith CA10 2DW, UK",01768 893329,https://www.centerparcs.co.uk/discover-center-parcs/things-to-do/restaurants/bella-italia.html?utm_source=google&utm_medium=organic&utm_campaign=google_lpm_bellaitalia_centerparcswhinfell
Knaresborough,M&S Foodhall,"Grimbald Crag Close St James Rp, Fosse, Park Avenue, Knaresborough HG5 8PZ, UK",01423 847993,https://www.marksandspencer.com/stores/knaresborough-foodhall-1454?extid=local
Neston,Costa Coffee,"17 High St, Neston CH64 9TZ, UK",0161 926 3027,https://www.simtrava.co.uk/
Bromborough,Popeyes Louisiana Chicken,"1 Welton Rd, Bromborough, Wirral CH62 3PN, UK",0330 175 8760,https://popeyesuk.com/
Bromborough,Nando's Bromborough,"The Croft, Retail & Leisure Park, 1 Welton Rd, Bromborough, Wirral CH62 3PN, UK",0151 334 1869,https://www.nandos.co.uk/restaurants/bromborough?utm_campaign=websitecta_NA&utm_content=Multi-Chan_GB_NA_NA_NA_all_NA_NA_bromborough&utm_medium=mybusiness&utm_source=google&utm_term=Local
Bromborough,M&S Foodhall,"2-5 Welton Rd, Bromborough, Wirral CH62 3PN, UK",0151 244 7175,https://www.marksandspencer.com/stores/bromborough-simply-food-1922?extid=local
Bromborough,KFC Bromborough - Croft Retail and Leisure Park,"37B, & Leisure Park, Croft Retail Park, Unit 1 Welton Rd, Bromborough, Wirral CH62 3PN, UK",020 3038 1397,https://www.kfc.co.uk/kfc-near-me/bromborough-croft-retail-and-leisure-park?utm_term=Welton-Road&utm_medium=organic&utm_source=uberall
Bromborough,Five Guys Burgers and Fries Bromborough,"Unit 4, Croft Retail Park, Bromborough, Wirral CH62 3PN, UK",0151 332 6509,https://restaurants.fiveguys.co.uk/north-west/unit-4
Bodmin,Morrisons Cafe,"Priory Rd, Bodmin PL31 2ST, UK",01208 78763,https://my.morrisons.com/storefinder/322
Bodmin,KFC Bodmin - Launceston Road,"Launceston Rd Forth an, St Helier, Bodmin PL31 2RW, UK",020 3038 1341,https://www.kfc.co.uk/kfc-near-me/bodmin-launceston-road?utm_source=uberall&utm_medium=organic&utm_term=Manyviews-Manyviews-Manyviews-Manyviews-Launceston-Road
Prudhoe,McDonald's,"Unit 1, Retail Park, Prudhoe NE42 6BU, UK",01661 832299,https://www.mcdonalds.com/gb/en-gb.html?cid=RF:YEXT:GMB:8261623:Clicks:DIRSYN:
Prescot,M&S Foodhall,"Unit B, Cables Retail Park, Thomas Dr, Thomas Street, Prescot L34 5NQ, UK",0151 471 8211,https://www.marksandspencer.com/stores/prescot-cables-sf-1314?extid=local
