Town,Region,Postcode area,Primary archetype,Secondary archetype,Confidence,Industry mix (pre-populated),Lead standards (pre-populated),Garment families,Shopify collections,Verify?
Aberdeen,North East Scotland,AB,Offshore energy,Port & maritime,H,Offshore oil & gas | Subsea | Decommissioning | Offshore wind | +Port & maritime,EN ISO 11612 | EN 1149-5 | EN ISO 11611 | EN 13034 | IEC 61482 | EN ISO 20471 | EN 342 | EN 343 | EN ISO 20345,Multi-norm FR/antistatic coveralls | Hi-vis | Cold & wind | Chemical splash | +Port & maritime kit,offshore-coveralls | fr-coveralls | hi-vis | cold-store-thermal | waterproofs | safety-footwear,
Dundee,Tayside,DD,"University, research & tech",Food & drink processing,M,Higher education | Research & labs | Tech & life sciences | +Food & drink processing,EN 1149-5 | Food-safe | EN ISO 20471 | EN 342 | EN ISO 20345 | EN 388,Lab coats | Antistatic/ESD | Catering | Estates hi-vis | +Food & drink processing kit,lab-coats | healthcare | hi-vis | food-hygiene-wear | cold-store-thermal | wellingtons | work-gloves,check
Edinburgh,Lothian,EH,"Corporate, retail & services","University, research & tech",H,"Financial & professional services | Retail | Facilities | Security | +University, research & tech",Embroidery/branding | EN ISO 20471 (facilities) | EN 1149-5 | Food-safe | EN ISO 20471,"Branded polos & shirts | Retail uniforms | Facilities hi-vis | Security | +University, research & tech kit",corporate-wear | hi-vis | security | lab-coats | healthcare,
Glasgow,Strathclyde,G,Manufacturing & engineering,"Corporate, retail & services",M,"General & precision manufacturing | Engineering | Fabrication | +Corporate, retail & services",EN ISO 11611 | EN ISO 11612 | EN 388 | EN ISO 20471 | EN ISO 20345 | Embroidery/branding | EN ISO 20471 (facilities),"Coveralls | Cut/heat gloves | Hi-vis | Safety boots | Some FR | +Corporate, retail & services kit",coveralls | work-gloves | hi-vis | safety-footwear | corporate-wear | security,check
Inverness,Highland,IV,Tourism & hospitality,Agriculture & rural,M,Hotels & hospitality | Tourism | Catering | Events | +Agriculture & rural,EN ISO 20347 (SRC) | Food-safe | Industrial-wash | EN 343 | EN ISO 11393 (chainsaw) | EN ISO 20471 | EN ISO 20345,Chef whites | Aprons | FOH uniforms | Housekeeping tunics | Kitchen shoes | +Agriculture & rural kit,chef-whites | hospitality | aprons | waterproofs | wellingtons | chainsaw | hi-vis,check
Perth,Tayside,PH,Agriculture & rural,Tourism & hospitality,M,Agriculture | Horticulture | Forestry | Land management | +Tourism & hospitality,EN 343 | EN ISO 11393 (chainsaw) | EN ISO 20471 | EN ISO 20345 | EN ISO 20347 (SRC) | Food-safe | Industrial-wash,Waterproofs | Chainsaw trousers | Wellingtons | Hi-vis | Thermals | +Tourism & hospitality kit,waterproofs | wellingtons | chainsaw | hi-vis | chef-whites | hospitality | aprons,check
Stirling,Central Scotland,FK,"University, research & tech",Tourism & hospitality,M,Higher education | Research & labs | Tech & life sciences | +Tourism & hospitality,EN 1149-5 | Food-safe | EN ISO 20471 | EN ISO 20347 (SRC) | Industrial-wash,Lab coats | Antistatic/ESD | Catering | Estates hi-vis | +Tourism & hospitality kit,lab-coats | healthcare | hi-vis | chef-whites | hospitality | aprons,check
Falkirk,Central Scotland,FK,Manufacturing & engineering,Logistics & distribution,M,General & precision manufacturing | Engineering | Fabrication | +Logistics & distribution,EN ISO 11611 | EN ISO 11612 | EN 388 | EN ISO 20471 | EN ISO 20345 | EN 342 | EN 511,Coveralls | Cut/heat gloves | Hi-vis | Safety boots | Some FR | +Logistics & distribution kit,coveralls | work-gloves | hi-vis | safety-footwear | cold-store-thermal,check
Grangemouth,Central Scotland,FK,"Chemical, petrochem & pharma",Port & maritime,H,Chemicals | Petrochemicals | Pharmaceuticals | +Port & maritime,EN ISO 11612 | EN 1149-5 | EN 13034 | EN 14605 | EN ISO 20471 | EN 343 | EN ISO 20345 | EN 342,FR & antistatic coveralls | Chemical suits | Hi-vis | +Port & maritime kit,fr-coveralls | chemical-suits | hi-vis | waterproofs | safety-footwear | cold-store-thermal,
Livingston,Lothian,EH,Manufacturing & engineering,Logistics & distribution,M,General & precision manufacturing | Engineering | Fabrication | +Logistics & distribution,EN ISO 11611 | EN ISO 11612 | EN 388 | EN ISO 20471 | EN ISO 20345 | EN 342 | EN 511,Coveralls | Cut/heat gloves | Hi-vis | Safety boots | Some FR | +Logistics & distribution kit,coveralls | work-gloves | hi-vis | safety-footwear | cold-store-thermal,check
Paisley,Renfrewshire,PA,Manufacturing & engineering,"Corporate, retail & services",M,"General & precision manufacturing | Engineering | Fabrication | +Corporate, retail & services",EN ISO 11611 | EN ISO 11612 | EN 388 | EN ISO 20471 | EN ISO 20345 | Embroidery/branding | EN ISO 20471 (facilities),"Coveralls | Cut/heat gloves | Hi-vis | Safety boots | Some FR | +Corporate, retail & services kit",coveralls | work-gloves | hi-vis | safety-footwear | corporate-wear | security,check
East Kilbride,South Lanarkshire,G,Manufacturing & engineering,Logistics & distribution,M,General & precision manufacturing | Engineering | Fabrication | +Logistics & distribution,EN ISO 11611 | EN ISO 11612 | EN 388 | EN ISO 20471 | EN ISO 20345 | EN 342 | EN 511,Coveralls | Cut/heat gloves | Hi-vis | Safety boots | Some FR | +Logistics & distribution kit,coveralls | work-gloves | hi-vis | safety-footwear | cold-store-thermal,check
Dunfermline,Fife,KY,Manufacturing & engineering,"Corporate, retail & services",L,"General & precision manufacturing | Engineering | Fabrication | +Corporate, retail & services",EN ISO 11611 | EN ISO 11612 | EN 388 | EN ISO 20471 | EN ISO 20345 | Embroidery/branding | EN ISO 20471 (facilities),"Coveralls | Cut/heat gloves | Hi-vis | Safety boots | Some FR | +Corporate, retail & services kit",coveralls | work-gloves | hi-vis | safety-footwear | corporate-wear | security,YES - verify vs ONS/NOMIS
Kirkcaldy,Fife,KY,Manufacturing & engineering,Mixed market town,L,General & precision manufacturing | Engineering | Fabrication | +Mixed market town,EN ISO 11611 | EN ISO 11612 | EN 388 | EN ISO 20471 | EN ISO 20345,Coveralls | Cut/heat gloves | Hi-vis | Safety boots | Some FR | +Mixed market town kit,coveralls | work-gloves | hi-vis | safety-footwear | work-trousers | polo-shirts,YES - verify vs ONS/NOMIS
Ayr,Ayrshire,KA,Tourism & hospitality,Agriculture & rural,M,Hotels & hospitality | Tourism | Catering | Events | +Agriculture & rural,EN ISO 20347 (SRC) | Food-safe | Industrial-wash | EN 343 | EN ISO 11393 (chainsaw) | EN ISO 20471 | EN ISO 20345,Chef whites | Aprons | FOH uniforms | Housekeeping tunics | Kitchen shoes | +Agriculture & rural kit,chef-whites | hospitality | aprons | waterproofs | wellingtons | chainsaw | hi-vis,check
Kilmarnock,Ayrshire,KA,Manufacturing & engineering,Mixed market town,M,General & precision manufacturing | Engineering | Fabrication | +Mixed market town,EN ISO 11611 | EN ISO 11612 | EN 388 | EN ISO 20471 | EN ISO 20345,Coveralls | Cut/heat gloves | Hi-vis | Safety boots | Some FR | +Mixed market town kit,coveralls | work-gloves | hi-vis | safety-footwear | work-trousers | polo-shirts,check
Greenock,Inverclyde,PA,Port & maritime,Manufacturing & engineering,M,Ports & docks | Shipping & freight | Marine services | +Manufacturing & engineering,EN ISO 20471 | EN 343 | EN ISO 20345 | EN 342 | EN ISO 11611 | EN ISO 11612 | EN 388,Hi-vis | Waterproofs | Cold protection | Safety boots | +Manufacturing & engineering kit,hi-vis | waterproofs | safety-footwear | cold-store-thermal | coveralls | work-gloves,check
Motherwell,Lanarkshire,ML,Steel & metals,Manufacturing & engineering,M,Steel & tube | Foundries | Metals processing | +Manufacturing & engineering,EN ISO 11612 (D/E) | EN ISO 11611 | EN 407 | EN ISO 20345 | EN ISO 11612 | EN 388 | EN ISO 20471,FR & molten-metal coveralls | Heat gloves | Foundry boots | +Manufacturing & engineering kit,fr-coveralls | heat-gloves | safety-footwear | coveralls | work-gloves | hi-vis,check
Peterhead,Aberdeenshire,AB,Food & drink processing,Port & maritime,H,Food manufacturing | Fish & seafood | Meat & poultry | Bakery | +Port & maritime,Food-safe | EN 342 | EN ISO 20345 | EN 388 | EN ISO 20471 | EN 343,Hygiene wear | Cold-store thermals | Wellingtons | Cut gloves | +Port & maritime kit,food-hygiene-wear | cold-store-thermal | wellingtons | work-gloves | hi-vis | waterproofs | safety-footwear,
Fraserburgh,Aberdeenshire,AB,Food & drink processing,Port & maritime,H,Food manufacturing | Fish & seafood | Meat & poultry | Bakery | +Port & maritime,Food-safe | EN 342 | EN ISO 20345 | EN 388 | EN ISO 20471 | EN 343,Hygiene wear | Cold-store thermals | Wellingtons | Cut gloves | +Port & maritime kit,food-hygiene-wear | cold-store-thermal | wellingtons | work-gloves | hi-vis | waterproofs | safety-footwear,
Elgin,Moray,IV,Agriculture & rural,Food & drink processing,M,Agriculture | Horticulture | Forestry | Land management | +Food & drink processing,EN 343 | EN ISO 11393 (chainsaw) | EN ISO 20471 | EN ISO 20345 | Food-safe | EN 342 | EN 388,Waterproofs | Chainsaw trousers | Wellingtons | Hi-vis | Thermals | +Food & drink processing kit,waterproofs | wellingtons | chainsaw | hi-vis | food-hygiene-wear | cold-store-thermal | work-gloves,check
Dumfries,Dumfries & Galloway,DG,Agriculture & rural,Food & drink processing,M,Agriculture | Horticulture | Forestry | Land management | +Food & drink processing,EN 343 | EN ISO 11393 (chainsaw) | EN ISO 20471 | EN ISO 20345 | Food-safe | EN 342 | EN 388,Waterproofs | Chainsaw trousers | Wellingtons | Hi-vis | Thermals | +Food & drink processing kit,waterproofs | wellingtons | chainsaw | hi-vis | food-hygiene-wear | cold-store-thermal | work-gloves,check
Aberdeenshire (Westhill),Aberdeenshire,AB,Offshore energy,Manufacturing & engineering,M,Offshore oil & gas | Subsea | Decommissioning | Offshore wind | +Manufacturing & engineering,EN ISO 11612 | EN 1149-5 | EN ISO 11611 | EN 13034 | IEC 61482 | EN ISO 20471 | EN 342 | EN 388 | EN ISO 20345,Multi-norm FR/antistatic coveralls | Hi-vis | Cold & wind | Chemical splash | +Manufacturing & engineering kit,offshore-coveralls | fr-coveralls | hi-vis | cold-store-thermal | coveralls | work-gloves | safety-footwear,check
Livingston (Bathgate),Lothian,EH,Logistics & distribution,Manufacturing & engineering,L,Warehousing & distribution | Cold-chain | Fulfilment | Haulage | +Manufacturing & engineering,EN ISO 20471 | EN ISO 20345 | EN 342 | EN 511 | EN 388 | EN ISO 11611 | EN ISO 11612,Hi-vis (Class 2/3) | S3 safety boots | Cold-store thermals | Cut gloves | Bump caps | +Manufacturing & engineering kit,hi-vis | safety-footwear | cold-store-thermal | work-gloves | coveralls,YES - verify vs ONS/NOMIS
Newcastle upon Tyne,Tyne & Wear,NE,"Corporate, retail & services","University, research & tech",M,"Financial & professional services | Retail | Facilities | Security | +University, research & tech",Embroidery/branding | EN ISO 20471 (facilities) | EN 1149-5 | Food-safe | EN ISO 20471,"Branded polos & shirts | Retail uniforms | Facilities hi-vis | Security | +University, research & tech kit",corporate-wear | hi-vis | security | lab-coats | healthcare,check
Sunderland,Tyne & Wear,SR,Automotive,Manufacturing & engineering,H,Vehicle manufacture | Bodyshops | MOT & fast-fit | Parts | +Manufacturing & engineering,EN 388 | EN 1149-5 | EN ISO 20345 | EN 13034 | EN ISO 11611 | EN ISO 11612 | EN ISO 20471,Boilersuits/coveralls | Nitrile & cut gloves | Antistatic (paint/ESD) | Safety boots | +Manufacturing & engineering kit,coveralls | work-gloves | safety-footwear | hi-vis,
Gateshead,Tyne & Wear,NE,Manufacturing & engineering,Logistics & distribution,M,General & precision manufacturing | Engineering | Fabrication | +Logistics & distribution,EN ISO 11611 | EN ISO 11612 | EN 388 | EN ISO 20471 | EN ISO 20345 | EN 342 | EN 511,Coveralls | Cut/heat gloves | Hi-vis | Safety boots | Some FR | +Logistics & distribution kit,coveralls | work-gloves | hi-vis | safety-footwear | cold-store-thermal,check
Middlesbrough,Teesside,TS,"Chemical, petrochem & pharma",Steel & metals,H,Chemicals | Petrochemicals | Pharmaceuticals | +Steel & metals,EN ISO 11612 | EN 1149-5 | EN 13034 | EN 14605 | EN ISO 11612 (D/E) | EN ISO 11611 | EN 407 | EN ISO 20345,FR & antistatic coveralls | Chemical suits | Hi-vis | +Steel & metals kit,fr-coveralls | chemical-suits | hi-vis | heat-gloves | safety-footwear,
Stockton-on-Tees,Teesside,TS,"Chemical, petrochem & pharma",Logistics & distribution,M,Chemicals | Petrochemicals | Pharmaceuticals | +Logistics & distribution,EN ISO 11612 | EN 1149-5 | EN 13034 | EN 14605 | EN ISO 20471 | EN ISO 20345 | EN 342 | EN 511 | EN 388,FR & antistatic coveralls | Chemical suits | Hi-vis | +Logistics & distribution kit,fr-coveralls | chemical-suits | hi-vis | safety-footwear | cold-store-thermal | work-gloves,check
Darlington,County Durham,DL,Manufacturing & engineering,Logistics & distribution,M,General & precision manufacturing | Engineering | Fabrication | +Logistics & distribution,EN ISO 11611 | EN ISO 11612 | EN 388 | EN ISO 20471 | EN ISO 20345 | EN 342 | EN 511,Coveralls | Cut/heat gloves | Hi-vis | Safety boots | Some FR | +Logistics & distribution kit,coveralls | work-gloves | hi-vis | safety-footwear | cold-store-thermal,check
Durham,County Durham,DH,"University, research & tech",Healthcare & public sector,M,Higher education | Research & labs | Tech & life sciences | +Healthcare & public sector,EN 1149-5 | Food-safe | EN ISO 20471 | Colour-coded tunics | EN ISO 20347 | Industrial-wash,Lab coats | Antistatic/ESD | Catering | Estates hi-vis | +Healthcare & public sector kit,lab-coats | healthcare | hi-vis | healthcare-scrubs | tunics,check
Hartlepool,Teesside,TS,Port & maritime,Manufacturing & engineering,M,Ports & docks | Shipping & freight | Marine services | +Manufacturing & engineering,EN ISO 20471 | EN 343 | EN ISO 20345 | EN 342 | EN ISO 11611 | EN ISO 11612 | EN 388,Hi-vis | Waterproofs | Cold protection | Safety boots | +Manufacturing & engineering kit,hi-vis | waterproofs | safety-footwear | cold-store-thermal | coveralls | work-gloves,check
South Shields,Tyne & Wear,NE,Port & maritime,Mixed market town,L,Ports & docks | Shipping & freight | Marine services | +Mixed market town,EN ISO 20471 | EN 343 | EN ISO 20345 | EN 342,Hi-vis | Waterproofs | Cold protection | Safety boots | +Mixed market town kit,hi-vis | waterproofs | safety-footwear | cold-store-thermal | work-trousers | polo-shirts,YES - verify vs ONS/NOMIS
Washington,Tyne & Wear,NE,Automotive,Logistics & distribution,M,Vehicle manufacture | Bodyshops | MOT & fast-fit | Parts | +Logistics & distribution,EN 388 | EN 1149-5 | EN ISO 20345 | EN 13034 | EN ISO 20471 | EN 342 | EN 511,Boilersuits/coveralls | Nitrile & cut gloves | Antistatic (paint/ESD) | Safety boots | +Logistics & distribution kit,coveralls | work-gloves | safety-footwear | hi-vis | cold-store-thermal,check
Blyth,Northumberland,NE,Offshore energy,Port & maritime,M,Offshore oil & gas | Subsea | Decommissioning | Offshore wind | +Port & maritime,EN ISO 11612 | EN 1149-5 | EN ISO 11611 | EN 13034 | IEC 61482 | EN ISO 20471 | EN 342 | EN 343 | EN ISO 20345,Multi-norm FR/antistatic coveralls | Hi-vis | Cold & wind | Chemical splash | +Port & maritime kit,offshore-coveralls | fr-coveralls | hi-vis | cold-store-thermal | waterproofs | safety-footwear,check
Redcar,Teesside,TS,Steel & metals,"Chemical, petrochem & pharma",M,"Steel & tube | Foundries | Metals processing | +Chemical, petrochem & pharma",EN ISO 11612 (D/E) | EN ISO 11611 | EN 407 | EN ISO 20345 | EN ISO 11612 | EN 1149-5 | EN 13034 | EN 14605,"FR & molten-metal coveralls | Heat gloves | Foundry boots | +Chemical, petrochem & pharma kit",fr-coveralls | heat-gloves | safety-footwear | chemical-suits | hi-vis,check
Manchester,Greater Manchester,M,"Corporate, retail & services",Logistics & distribution,M,Financial & professional services | Retail | Facilities | Security | +Logistics & distribution,Embroidery/branding | EN ISO 20471 (facilities) | EN ISO 20471 | EN ISO 20345 | EN 342 | EN 511 | EN 388,Branded polos & shirts | Retail uniforms | Facilities hi-vis | Security | +Logistics & distribution kit,corporate-wear | hi-vis | security | safety-footwear | cold-store-thermal | work-gloves,check
Liverpool,Merseyside,L,Port & maritime,"Corporate, retail & services",H,"Ports & docks | Shipping & freight | Marine services | +Corporate, retail & services",EN ISO 20471 | EN 343 | EN ISO 20345 | EN 342 | Embroidery/branding | EN ISO 20471 (facilities),"Hi-vis | Waterproofs | Cold protection | Safety boots | +Corporate, retail & services kit",hi-vis | waterproofs | safety-footwear | cold-store-thermal | corporate-wear | security,
Preston,Lancashire,PR,Manufacturing & engineering,"Corporate, retail & services",M,"General & precision manufacturing | Engineering | Fabrication | +Corporate, retail & services",EN ISO 11611 | EN ISO 11612 | EN 388 | EN ISO 20471 | EN ISO 20345 | Embroidery/branding | EN ISO 20471 (facilities),"Coveralls | Cut/heat gloves | Hi-vis | Safety boots | Some FR | +Corporate, retail & services kit",coveralls | work-gloves | hi-vis | safety-footwear | corporate-wear | security,check
Blackpool,Lancashire,FY,Tourism & hospitality,Mixed market town,H,Hotels & hospitality | Tourism | Catering | Events | +Mixed market town,EN ISO 20347 (SRC) | Food-safe | Industrial-wash | EN ISO 20471 | EN ISO 20345,Chef whites | Aprons | FOH uniforms | Housekeeping tunics | Kitchen shoes | +Mixed market town kit,chef-whites | hospitality | aprons | hi-vis | work-trousers | safety-footwear | polo-shirts,
Bolton,Greater Manchester,BL,Manufacturing & engineering,Logistics & distribution,M,General & precision manufacturing | Engineering | Fabrication | +Logistics & distribution,EN ISO 11611 | EN ISO 11612 | EN 388 | EN ISO 20471 | EN ISO 20345 | EN 342 | EN 511,Coveralls | Cut/heat gloves | Hi-vis | Safety boots | Some FR | +Logistics & distribution kit,coveralls | work-gloves | hi-vis | safety-footwear | cold-store-thermal,check
Warrington,Cheshire,WA,Logistics & distribution,"Chemical, petrochem & pharma",H,"Warehousing & distribution | Cold-chain | Fulfilment | Haulage | +Chemical, petrochem & pharma",EN ISO 20471 | EN ISO 20345 | EN 342 | EN 511 | EN 388 | EN ISO 11612 | EN 1149-5 | EN 13034 | EN 14605,"Hi-vis (Class 2/3) | S3 safety boots | Cold-store thermals | Cut gloves | Bump caps | +Chemical, petrochem & pharma kit",hi-vis | safety-footwear | cold-store-thermal | work-gloves | fr-coveralls | chemical-suits,
Wigan,Greater Manchester,WN,Logistics & distribution,Manufacturing & engineering,M,Warehousing & distribution | Cold-chain | Fulfilment | Haulage | +Manufacturing & engineering,EN ISO 20471 | EN ISO 20345 | EN 342 | EN 511 | EN 388 | EN ISO 11611 | EN ISO 11612,Hi-vis (Class 2/3) | S3 safety boots | Cold-store thermals | Cut gloves | Bump caps | +Manufacturing & engineering kit,hi-vis | safety-footwear | cold-store-thermal | work-gloves | coveralls,check
Blackburn,Lancashire,BB,Manufacturing & engineering,Mixed market town,M,General & precision manufacturing | Engineering | Fabrication | +Mixed market town,EN ISO 11611 | EN ISO 11612 | EN 388 | EN ISO 20471 | EN ISO 20345,Coveralls | Cut/heat gloves | Hi-vis | Safety boots | Some FR | +Mixed market town kit,coveralls | work-gloves | hi-vis | safety-footwear | work-trousers | polo-shirts,check
Burnley,Lancashire,BB,Manufacturing & engineering,Automotive,M,General & precision manufacturing | Engineering | Fabrication | +Automotive,EN ISO 11611 | EN ISO 11612 | EN 388 | EN ISO 20471 | EN ISO 20345 | EN 1149-5 | EN 13034,Coveralls | Cut/heat gloves | Hi-vis | Safety boots | Some FR | +Automotive kit,coveralls | work-gloves | hi-vis | safety-footwear,check
Bury,Greater Manchester,BL,Manufacturing & engineering,Mixed market town,L,General & precision manufacturing | Engineering | Fabrication | +Mixed market town,EN ISO 11611 | EN ISO 11612 | EN 388 | EN ISO 20471 | EN ISO 20345,Coveralls | Cut/heat gloves | Hi-vis | Safety boots | Some FR | +Mixed market town kit,coveralls | work-gloves | hi-vis | safety-footwear | work-trousers | polo-shirts,YES - verify vs ONS/NOMIS
Rochdale,Greater Manchester,OL,Manufacturing & engineering,Logistics & distribution,M,General & precision manufacturing | Engineering | Fabrication | +Logistics & distribution,EN ISO 11611 | EN ISO 11612 | EN 388 | EN ISO 20471 | EN ISO 20345 | EN 342 | EN 511,Coveralls | Cut/heat gloves | Hi-vis | Safety boots | Some FR | +Logistics & distribution kit,coveralls | work-gloves | hi-vis | safety-footwear | cold-store-thermal,check
Oldham,Greater Manchester,OL,Manufacturing & engineering,Mixed market town,L,General & precision manufacturing | Engineering | Fabrication | +Mixed market town,EN ISO 11611 | EN ISO 11612 | EN 388 | EN ISO 20471 | EN ISO 20345,Coveralls | Cut/heat gloves | Hi-vis | Safety boots | Some FR | +Mixed market town kit,coveralls | work-gloves | hi-vis | safety-footwear | work-trousers | polo-shirts,YES - verify vs ONS/NOMIS
Stockport,Greater Manchester,SK,Manufacturing & engineering,"Corporate, retail & services",L,"General & precision manufacturing | Engineering | Fabrication | +Corporate, retail & services",EN ISO 11611 | EN ISO 11612 | EN 388 | EN ISO 20471 | EN ISO 20345 | Embroidery/branding | EN ISO 20471 (facilities),"Coveralls | Cut/heat gloves | Hi-vis | Safety boots | Some FR | +Corporate, retail & services kit",coveralls | work-gloves | hi-vis | safety-footwear | corporate-wear | security,YES - verify vs ONS/NOMIS
Salford,Greater Manchester,M,Logistics & distribution,"Corporate, retail & services",M,"Warehousing & distribution | Cold-chain | Fulfilment | Haulage | +Corporate, retail & services",EN ISO 20471 | EN ISO 20345 | EN 342 | EN 511 | EN 388 | Embroidery/branding | EN ISO 20471 (facilities),"Hi-vis (Class 2/3) | S3 safety boots | Cold-store thermals | Cut gloves | Bump caps | +Corporate, retail & services kit",hi-vis | safety-footwear | cold-store-thermal | work-gloves | corporate-wear | security,check
Bootle,Merseyside,L,Port & maritime,Logistics & distribution,M,Ports & docks | Shipping & freight | Marine services | +Logistics & distribution,EN ISO 20471 | EN 343 | EN ISO 20345 | EN 342 | EN 511 | EN 388,Hi-vis | Waterproofs | Cold protection | Safety boots | +Logistics & distribution kit,hi-vis | waterproofs | safety-footwear | cold-store-thermal | work-gloves,check
Birkenhead,Merseyside,CH,Port & maritime,Manufacturing & engineering,M,Ports & docks | Shipping & freight | Marine services | +Manufacturing & engineering,EN ISO 20471 | EN 343 | EN ISO 20345 | EN 342 | EN ISO 11611 | EN ISO 11612 | EN 388,Hi-vis | Waterproofs | Cold protection | Safety boots | +Manufacturing & engineering kit,hi-vis | waterproofs | safety-footwear | cold-store-thermal | coveralls | work-gloves,check
Ellesmere Port,Cheshire,CH,Automotive,"Chemical, petrochem & pharma",H,"Vehicle manufacture | Bodyshops | MOT & fast-fit | Parts | +Chemical, petrochem & pharma",EN 388 | EN 1149-5 | EN ISO 20345 | EN 13034 | EN ISO 11612 | EN 14605,"Boilersuits/coveralls | Nitrile & cut gloves | Antistatic (paint/ESD) | Safety boots | +Chemical, petrochem & pharma kit",coveralls | work-gloves | safety-footwear | fr-coveralls | chemical-suits | hi-vis,
Runcorn,Cheshire,WA,"Chemical, petrochem & pharma",Logistics & distribution,H,Chemicals | Petrochemicals | Pharmaceuticals | +Logistics & distribution,EN ISO 11612 | EN 1149-5 | EN 13034 | EN 14605 | EN ISO 20471 | EN ISO 20345 | EN 342 | EN 511 | EN 388,FR & antistatic coveralls | Chemical suits | Hi-vis | +Logistics & distribution kit,fr-coveralls | chemical-suits | hi-vis | safety-footwear | cold-store-thermal | work-gloves,
Widnes,Cheshire,WA,"Chemical, petrochem & pharma",Manufacturing & engineering,M,Chemicals | Petrochemicals | Pharmaceuticals | +Manufacturing & engineering,EN ISO 11612 | EN 1149-5 | EN 13034 | EN 14605 | EN ISO 11611 | EN 388 | EN ISO 20471 | EN ISO 20345,FR & antistatic coveralls | Chemical suits | Hi-vis | +Manufacturing & engineering kit,fr-coveralls | chemical-suits | hi-vis | coveralls | work-gloves | safety-footwear,check
Chester,Cheshire,CH,Tourism & hospitality,"Corporate, retail & services",M,"Hotels & hospitality | Tourism | Catering | Events | +Corporate, retail & services",EN ISO 20347 (SRC) | Food-safe | Industrial-wash | Embroidery/branding | EN ISO 20471 (facilities),"Chef whites | Aprons | FOH uniforms | Housekeeping tunics | Kitchen shoes | +Corporate, retail & services kit",chef-whites | hospitality | aprons | corporate-wear | hi-vis | security,check
Crewe,Cheshire,CW,Automotive,Logistics & distribution,H,Vehicle manufacture | Bodyshops | MOT & fast-fit | Parts | +Logistics & distribution,EN 388 | EN 1149-5 | EN ISO 20345 | EN 13034 | EN ISO 20471 | EN 342 | EN 511,Boilersuits/coveralls | Nitrile & cut gloves | Antistatic (paint/ESD) | Safety boots | +Logistics & distribution kit,coveralls | work-gloves | safety-footwear | hi-vis | cold-store-thermal,
Lancaster,Lancashire,LA,"University, research & tech",Tourism & hospitality,M,Higher education | Research & labs | Tech & life sciences | +Tourism & hospitality,EN 1149-5 | Food-safe | EN ISO 20471 | EN ISO 20347 (SRC) | Industrial-wash,Lab coats | Antistatic/ESD | Catering | Estates hi-vis | +Tourism & hospitality kit,lab-coats | healthcare | hi-vis | chef-whites | hospitality | aprons,check
Barrow-in-Furness,Cumbria,LA,Manufacturing & engineering,Port & maritime,H,General & precision manufacturing | Engineering | Fabrication | +Port & maritime,EN ISO 11611 | EN ISO 11612 | EN 388 | EN ISO 20471 | EN ISO 20345 | EN 343 | EN 342,Coveralls | Cut/heat gloves | Hi-vis | Safety boots | Some FR | +Port & maritime kit,coveralls | work-gloves | hi-vis | safety-footwear | waterproofs | cold-store-thermal,
Carlisle,Cumbria,CA,Agriculture & rural,Logistics & distribution,M,Agriculture | Horticulture | Forestry | Land management | +Logistics & distribution,EN 343 | EN ISO 11393 (chainsaw) | EN ISO 20471 | EN ISO 20345 | EN 342 | EN 511 | EN 388,Waterproofs | Chainsaw trousers | Wellingtons | Hi-vis | Thermals | +Logistics & distribution kit,waterproofs | wellingtons | chainsaw | hi-vis | safety-footwear | cold-store-thermal | work-gloves,check
Kendal,Cumbria,LA,Agriculture & rural,Tourism & hospitality,M,Agriculture | Horticulture | Forestry | Land management | +Tourism & hospitality,EN 343 | EN ISO 11393 (chainsaw) | EN ISO 20471 | EN ISO 20345 | EN ISO 20347 (SRC) | Food-safe | Industrial-wash,Waterproofs | Chainsaw trousers | Wellingtons | Hi-vis | Thermals | +Tourism & hospitality kit,waterproofs | wellingtons | chainsaw | hi-vis | chef-whites | hospitality | aprons,check
Southport,Merseyside,PR,Tourism & hospitality,Mixed market town,M,Hotels & hospitality | Tourism | Catering | Events | +Mixed market town,EN ISO 20347 (SRC) | Food-safe | Industrial-wash | EN ISO 20471 | EN ISO 20345,Chef whites | Aprons | FOH uniforms | Housekeeping tunics | Kitchen shoes | +Mixed market town kit,chef-whites | hospitality | aprons | hi-vis | work-trousers | safety-footwear | polo-shirts,check
St Helens,Merseyside,WA,Manufacturing & engineering,Logistics & distribution,M,General & precision manufacturing | Engineering | Fabrication | +Logistics & distribution,EN ISO 11611 | EN ISO 11612 | EN 388 | EN ISO 20471 | EN ISO 20345 | EN 342 | EN 511,Coveralls | Cut/heat gloves | Hi-vis | Safety boots | Some FR | +Logistics & distribution kit,coveralls | work-gloves | hi-vis | safety-footwear | cold-store-thermal,check
Leeds,West Yorkshire,LS,"Corporate, retail & services",Manufacturing & engineering,H,Financial & professional services | Retail | Facilities | Security | +Manufacturing & engineering,Embroidery/branding | EN ISO 20471 (facilities) | EN ISO 11611 | EN ISO 11612 | EN 388 | EN ISO 20471 | EN ISO 20345,Branded polos & shirts | Retail uniforms | Facilities hi-vis | Security | +Manufacturing & engineering kit,corporate-wear | hi-vis | security | coveralls | work-gloves | safety-footwear,
Sheffield,South Yorkshire,S,Steel & metals,Manufacturing & engineering,H,Steel & tube | Foundries | Metals processing | +Manufacturing & engineering,EN ISO 11612 (D/E) | EN ISO 11611 | EN 407 | EN ISO 20345 | EN ISO 11612 | EN 388 | EN ISO 20471,FR & molten-metal coveralls | Heat gloves | Foundry boots | +Manufacturing & engineering kit,fr-coveralls | heat-gloves | safety-footwear | coveralls | work-gloves | hi-vis,
Bradford,West Yorkshire,BD,Manufacturing & engineering,Food & drink processing,M,General & precision manufacturing | Engineering | Fabrication | +Food & drink processing,EN ISO 11611 | EN ISO 11612 | EN 388 | EN ISO 20471 | EN ISO 20345 | Food-safe | EN 342,Coveralls | Cut/heat gloves | Hi-vis | Safety boots | Some FR | +Food & drink processing kit,coveralls | work-gloves | hi-vis | safety-footwear | food-hygiene-wear | cold-store-thermal | wellingtons,check
Hull,East Yorkshire,HU,Port & maritime,Food & drink processing,H,Ports & docks | Shipping & freight | Marine services | +Food & drink processing,EN ISO 20471 | EN 343 | EN ISO 20345 | EN 342 | Food-safe | EN 388,Hi-vis | Waterproofs | Cold protection | Safety boots | +Food & drink processing kit,hi-vis | waterproofs | safety-footwear | cold-store-thermal | food-hygiene-wear | wellingtons | work-gloves,
York,North Yorkshire,YO,Tourism & hospitality,"University, research & tech",M,"Hotels & hospitality | Tourism | Catering | Events | +University, research & tech",EN ISO 20347 (SRC) | Food-safe | Industrial-wash | EN 1149-5 | EN ISO 20471,"Chef whites | Aprons | FOH uniforms | Housekeeping tunics | Kitchen shoes | +University, research & tech kit",chef-whites | hospitality | aprons | lab-coats | healthcare | hi-vis,check
Harrogate,North Yorkshire,HG,Tourism & hospitality,Healthcare & public sector,H,Hotels & hospitality | Tourism | Catering | Events | +Healthcare & public sector,EN ISO 20347 (SRC) | Food-safe | Industrial-wash | Colour-coded tunics | EN ISO 20347,Chef whites | Aprons | FOH uniforms | Housekeeping tunics | Kitchen shoes | +Healthcare & public sector kit,chef-whites | hospitality | aprons | healthcare-scrubs | tunics | hi-vis,
Doncaster,South Yorkshire,DN,Logistics & distribution,Manufacturing & engineering,H,Warehousing & distribution | Cold-chain | Fulfilment | Haulage | +Manufacturing & engineering,EN ISO 20471 | EN ISO 20345 | EN 342 | EN 511 | EN 388 | EN ISO 11611 | EN ISO 11612,Hi-vis (Class 2/3) | S3 safety boots | Cold-store thermals | Cut gloves | Bump caps | +Manufacturing & engineering kit,hi-vis | safety-footwear | cold-store-thermal | work-gloves | coveralls,
Rotherham,South Yorkshire,S,Steel & metals,Manufacturing & engineering,H,Steel & tube | Foundries | Metals processing | +Manufacturing & engineering,EN ISO 11612 (D/E) | EN ISO 11611 | EN 407 | EN ISO 20345 | EN ISO 11612 | EN 388 | EN ISO 20471,FR & molten-metal coveralls | Heat gloves | Foundry boots | +Manufacturing & engineering kit,fr-coveralls | heat-gloves | safety-footwear | coveralls | work-gloves | hi-vis,
Barnsley,South Yorkshire,S,Manufacturing & engineering,Logistics & distribution,M,General & precision manufacturing | Engineering | Fabrication | +Logistics & distribution,EN ISO 11611 | EN ISO 11612 | EN 388 | EN ISO 20471 | EN ISO 20345 | EN 342 | EN 511,Coveralls | Cut/heat gloves | Hi-vis | Safety boots | Some FR | +Logistics & distribution kit,coveralls | work-gloves | hi-vis | safety-footwear | cold-store-thermal,check
Wakefield,West Yorkshire,WF,Logistics & distribution,Manufacturing & engineering,M,Warehousing & distribution | Cold-chain | Fulfilment | Haulage | +Manufacturing & engineering,EN ISO 20471 | EN ISO 20345 | EN 342 | EN 511 | EN 388 | EN ISO 11611 | EN ISO 11612,Hi-vis (Class 2/3) | S3 safety boots | Cold-store thermals | Cut gloves | Bump caps | +Manufacturing & engineering kit,hi-vis | safety-footwear | cold-store-thermal | work-gloves | coveralls,check
Huddersfield,West Yorkshire,HD,Manufacturing & engineering,Mixed market town,M,General & precision manufacturing | Engineering | Fabrication | +Mixed market town,EN ISO 11611 | EN ISO 11612 | EN 388 | EN ISO 20471 | EN ISO 20345,Coveralls | Cut/heat gloves | Hi-vis | Safety boots | Some FR | +Mixed market town kit,coveralls | work-gloves | hi-vis | safety-footwear | work-trousers | polo-shirts,check
Halifax,West Yorkshire,HX,Manufacturing & engineering,"Corporate, retail & services",M,"General & precision manufacturing | Engineering | Fabrication | +Corporate, retail & services",EN ISO 11611 | EN ISO 11612 | EN 388 | EN ISO 20471 | EN ISO 20345 | Embroidery/branding | EN ISO 20471 (facilities),"Coveralls | Cut/heat gloves | Hi-vis | Safety boots | Some FR | +Corporate, retail & services kit",coveralls | work-gloves | hi-vis | safety-footwear | corporate-wear | security,check
Grimsby,Lincolnshire,DN,Food & drink processing,Port & maritime,H,Food manufacturing | Fish & seafood | Meat & poultry | Bakery | +Port & maritime,Food-safe | EN 342 | EN ISO 20345 | EN 388 | EN ISO 20471 | EN 343,Hygiene wear | Cold-store thermals | Wellingtons | Cut gloves | +Port & maritime kit,food-hygiene-wear | cold-store-thermal | wellingtons | work-gloves | hi-vis | waterproofs | safety-footwear,
Scunthorpe,Lincolnshire,DN,Steel & metals,Logistics & distribution,H,Steel & tube | Foundries | Metals processing | +Logistics & distribution,EN ISO 11612 (D/E) | EN ISO 11611 | EN 407 | EN ISO 20345 | EN ISO 20471 | EN 342 | EN 511 | EN 388,FR & molten-metal coveralls | Heat gloves | Foundry boots | +Logistics & distribution kit,fr-coveralls | heat-gloves | safety-footwear | hi-vis | cold-store-thermal | work-gloves,
Immingham,Lincolnshire,DN,Port & maritime,"Chemical, petrochem & pharma",H,"Ports & docks | Shipping & freight | Marine services | +Chemical, petrochem & pharma",EN ISO 20471 | EN 343 | EN ISO 20345 | EN 342 | EN ISO 11612 | EN 1149-5 | EN 13034 | EN 14605,"Hi-vis | Waterproofs | Cold protection | Safety boots | +Chemical, petrochem & pharma kit",hi-vis | waterproofs | safety-footwear | cold-store-thermal | fr-coveralls | chemical-suits,
Scarborough,North Yorkshire,YO,Tourism & hospitality,Agriculture & rural,M,Hotels & hospitality | Tourism | Catering | Events | +Agriculture & rural,EN ISO 20347 (SRC) | Food-safe | Industrial-wash | EN 343 | EN ISO 11393 (chainsaw) | EN ISO 20471 | EN ISO 20345,Chef whites | Aprons | FOH uniforms | Housekeeping tunics | Kitchen shoes | +Agriculture & rural kit,chef-whites | hospitality | aprons | waterproofs | wellingtons | chainsaw | hi-vis,check
Castleford,West Yorkshire,WF,Logistics & distribution,Manufacturing & engineering,M,Warehousing & distribution | Cold-chain | Fulfilment | Haulage | +Manufacturing & engineering,EN ISO 20471 | EN ISO 20345 | EN 342 | EN 511 | EN 388 | EN ISO 11611 | EN ISO 11612,Hi-vis (Class 2/3) | S3 safety boots | Cold-store thermals | Cut gloves | Bump caps | +Manufacturing & engineering kit,hi-vis | safety-footwear | cold-store-thermal | work-gloves | coveralls,check
Keighley,West Yorkshire,BD,Manufacturing & engineering,Mixed market town,L,General & precision manufacturing | Engineering | Fabrication | +Mixed market town,EN ISO 11611 | EN ISO 11612 | EN 388 | EN ISO 20471 | EN ISO 20345,Coveralls | Cut/heat gloves | Hi-vis | Safety boots | Some FR | +Mixed market town kit,coveralls | work-gloves | hi-vis | safety-footwear | work-trousers | polo-shirts,YES - verify vs ONS/NOMIS
Dewsbury,West Yorkshire,WF,Manufacturing & engineering,Logistics & distribution,L,General & precision manufacturing | Engineering | Fabrication | +Logistics & distribution,EN ISO 11611 | EN ISO 11612 | EN 388 | EN ISO 20471 | EN ISO 20345 | EN 342 | EN 511,Coveralls | Cut/heat gloves | Hi-vis | Safety boots | Some FR | +Logistics & distribution kit,coveralls | work-gloves | hi-vis | safety-footwear | cold-store-thermal,YES - verify vs ONS/NOMIS
Beverley,East Yorkshire,HU,Tourism & hospitality,Agriculture & rural,L,Hotels & hospitality | Tourism | Catering | Events | +Agriculture & rural,EN ISO 20347 (SRC) | Food-safe | Industrial-wash | EN 343 | EN ISO 11393 (chainsaw) | EN ISO 20471 | EN ISO 20345,Chef whites | Aprons | FOH uniforms | Housekeeping tunics | Kitchen shoes | +Agriculture & rural kit,chef-whites | hospitality | aprons | waterproofs | wellingtons | chainsaw | hi-vis,YES - verify vs ONS/NOMIS
Selby,North Yorkshire,YO,Food & drink processing,Agriculture & rural,M,Food manufacturing | Fish & seafood | Meat & poultry | Bakery | +Agriculture & rural,Food-safe | EN 342 | EN ISO 20345 | EN 388 | EN 343 | EN ISO 11393 (chainsaw) | EN ISO 20471,Hygiene wear | Cold-store thermals | Wellingtons | Cut gloves | +Agriculture & rural kit,food-hygiene-wear | cold-store-thermal | wellingtons | work-gloves | waterproofs | chainsaw | hi-vis,check
Birmingham,West Midlands,B,Manufacturing & engineering,"Corporate, retail & services",H,"General & precision manufacturing | Engineering | Fabrication | +Corporate, retail & services",EN ISO 11611 | EN ISO 11612 | EN 388 | EN ISO 20471 | EN ISO 20345 | Embroidery/branding | EN ISO 20471 (facilities),"Coveralls | Cut/heat gloves | Hi-vis | Safety boots | Some FR | +Corporate, retail & services kit",coveralls | work-gloves | hi-vis | safety-footwear | corporate-wear | security,
Coventry,West Midlands,CV,Automotive,Manufacturing & engineering,H,Vehicle manufacture | Bodyshops | MOT & fast-fit | Parts | +Manufacturing & engineering,EN 388 | EN 1149-5 | EN ISO 20345 | EN 13034 | EN ISO 11611 | EN ISO 11612 | EN ISO 20471,Boilersuits/coveralls | Nitrile & cut gloves | Antistatic (paint/ESD) | Safety boots | +Manufacturing & engineering kit,coveralls | work-gloves | safety-footwear | hi-vis,
Wolverhampton,West Midlands,WV,Manufacturing & engineering,Automotive,M,General & precision manufacturing | Engineering | Fabrication | +Automotive,EN ISO 11611 | EN ISO 11612 | EN 388 | EN ISO 20471 | EN ISO 20345 | EN 1149-5 | EN 13034,Coveralls | Cut/heat gloves | Hi-vis | Safety boots | Some FR | +Automotive kit,coveralls | work-gloves | hi-vis | safety-footwear,check
Stoke-on-Trent,Staffordshire,ST,Manufacturing & engineering,Logistics & distribution,H,General & precision manufacturing | Engineering | Fabrication | +Logistics & distribution,EN ISO 11611 | EN ISO 11612 | EN 388 | EN ISO 20471 | EN ISO 20345 | EN 342 | EN 511,Coveralls | Cut/heat gloves | Hi-vis | Safety boots | Some FR | +Logistics & distribution kit,coveralls | work-gloves | hi-vis | safety-footwear | cold-store-thermal,
Solihull,West Midlands,B,Automotive,"Corporate, retail & services",H,"Vehicle manufacture | Bodyshops | MOT & fast-fit | Parts | +Corporate, retail & services",EN 388 | EN 1149-5 | EN ISO 20345 | EN 13034 | Embroidery/branding | EN ISO 20471 (facilities),"Boilersuits/coveralls | Nitrile & cut gloves | Antistatic (paint/ESD) | Safety boots | +Corporate, retail & services kit",coveralls | work-gloves | safety-footwear | corporate-wear | hi-vis | security,
Dudley,West Midlands,DY,Manufacturing & engineering,Mixed market town,M,General & precision manufacturing | Engineering | Fabrication | +Mixed market town,EN ISO 11611 | EN ISO 11612 | EN 388 | EN ISO 20471 | EN ISO 20345,Coveralls | Cut/heat gloves | Hi-vis | Safety boots | Some FR | +Mixed market town kit,coveralls | work-gloves | hi-vis | safety-footwear | work-trousers | polo-shirts,check
Walsall,West Midlands,WS,Manufacturing & engineering,Logistics & distribution,M,General & precision manufacturing | Engineering | Fabrication | +Logistics & distribution,EN ISO 11611 | EN ISO 11612 | EN 388 | EN ISO 20471 | EN ISO 20345 | EN 342 | EN 511,Coveralls | Cut/heat gloves | Hi-vis | Safety boots | Some FR | +Logistics & distribution kit,coveralls | work-gloves | hi-vis | safety-footwear | cold-store-thermal,check
West Bromwich,West Midlands,B,Manufacturing & engineering,Mixed market town,M,General & precision manufacturing | Engineering | Fabrication | +Mixed market town,EN ISO 11611 | EN ISO 11612 | EN 388 | EN ISO 20471 | EN ISO 20345,Coveralls | Cut/heat gloves | Hi-vis | Safety boots | Some FR | +Mixed market town kit,coveralls | work-gloves | hi-vis | safety-footwear | work-trousers | polo-shirts,check
Telford,Shropshire,TF,Manufacturing & engineering,Logistics & distribution,H,General & precision manufacturing | Engineering | Fabrication | +Logistics & distribution,EN ISO 11611 | EN ISO 11612 | EN 388 | EN ISO 20471 | EN ISO 20345 | EN 342 | EN 511,Coveralls | Cut/heat gloves | Hi-vis | Safety boots | Some FR | +Logistics & distribution kit,coveralls | work-gloves | hi-vis | safety-footwear | cold-store-thermal,
Worcester,Worcestershire,WR,Manufacturing & engineering,Tourism & hospitality,M,General & precision manufacturing | Engineering | Fabrication | +Tourism & hospitality,EN ISO 11611 | EN ISO 11612 | EN 388 | EN ISO 20471 | EN ISO 20345 | EN ISO 20347 (SRC) | Food-safe | Industrial-wash,Coveralls | Cut/heat gloves | Hi-vis | Safety boots | Some FR | +Tourism & hospitality kit,coveralls | work-gloves | hi-vis | safety-footwear | chef-whites | hospitality | aprons,check
Redditch,Worcestershire,B,Manufacturing & engineering,Logistics & distribution,M,General & precision manufacturing | Engineering | Fabrication | +Logistics & distribution,EN ISO 11611 | EN ISO 11612 | EN 388 | EN ISO 20471 | EN ISO 20345 | EN 342 | EN 511,Coveralls | Cut/heat gloves | Hi-vis | Safety boots | Some FR | +Logistics & distribution kit,coveralls | work-gloves | hi-vis | safety-footwear | cold-store-thermal,check
Kidderminster,Worcestershire,DY,Manufacturing & engineering,Mixed market town,L,General & precision manufacturing | Engineering | Fabrication | +Mixed market town,EN ISO 11611 | EN ISO 11612 | EN 388 | EN ISO 20471 | EN ISO 20345,Coveralls | Cut/heat gloves | Hi-vis | Safety boots | Some FR | +Mixed market town kit,coveralls | work-gloves | hi-vis | safety-footwear | work-trousers | polo-shirts,YES - verify vs ONS/NOMIS
Nuneaton,Warwickshire,CV,Logistics & distribution,Manufacturing & engineering,M,Warehousing & distribution | Cold-chain | Fulfilment | Haulage | +Manufacturing & engineering,EN ISO 20471 | EN ISO 20345 | EN 342 | EN 511 | EN 388 | EN ISO 11611 | EN ISO 11612,Hi-vis (Class 2/3) | S3 safety boots | Cold-store thermals | Cut gloves | Bump caps | +Manufacturing & engineering kit,hi-vis | safety-footwear | cold-store-thermal | work-gloves | coveralls,check
Rugby,Warwickshire,CV,Logistics & distribution,Manufacturing & engineering,H,Warehousing & distribution | Cold-chain | Fulfilment | Haulage | +Manufacturing & engineering,EN ISO 20471 | EN ISO 20345 | EN 342 | EN 511 | EN 388 | EN ISO 11611 | EN ISO 11612,Hi-vis (Class 2/3) | S3 safety boots | Cold-store thermals | Cut gloves | Bump caps | +Manufacturing & engineering kit,hi-vis | safety-footwear | cold-store-thermal | work-gloves | coveralls,
Tamworth,Staffordshire,B,Logistics & distribution,Manufacturing & engineering,M,Warehousing & distribution | Cold-chain | Fulfilment | Haulage | +Manufacturing & engineering,EN ISO 20471 | EN ISO 20345 | EN 342 | EN 511 | EN 388 | EN ISO 11611 | EN ISO 11612,Hi-vis (Class 2/3) | S3 safety boots | Cold-store thermals | Cut gloves | Bump caps | +Manufacturing & engineering kit,hi-vis | safety-footwear | cold-store-thermal | work-gloves | coveralls,check
Cannock,Staffordshire,WS,Logistics & distribution,Manufacturing & engineering,M,Warehousing & distribution | Cold-chain | Fulfilment | Haulage | +Manufacturing & engineering,EN ISO 20471 | EN ISO 20345 | EN 342 | EN 511 | EN 388 | EN ISO 11611 | EN ISO 11612,Hi-vis (Class 2/3) | S3 safety boots | Cold-store thermals | Cut gloves | Bump caps | +Manufacturing & engineering kit,hi-vis | safety-footwear | cold-store-thermal | work-gloves | coveralls,check
Stafford,Staffordshire,ST,Manufacturing & engineering,Mixed market town,M,General & precision manufacturing | Engineering | Fabrication | +Mixed market town,EN ISO 11611 | EN ISO 11612 | EN 388 | EN ISO 20471 | EN ISO 20345,Coveralls | Cut/heat gloves | Hi-vis | Safety boots | Some FR | +Mixed market town kit,coveralls | work-gloves | hi-vis | safety-footwear | work-trousers | polo-shirts,check
Burton upon Trent,Staffordshire,DE,Food & drink processing,Logistics & distribution,H,Food manufacturing | Fish & seafood | Meat & poultry | Bakery | +Logistics & distribution,Food-safe | EN 342 | EN ISO 20345 | EN 388 | EN ISO 20471 | EN 511,Hygiene wear | Cold-store thermals | Wellingtons | Cut gloves | +Logistics & distribution kit,food-hygiene-wear | cold-store-thermal | wellingtons | work-gloves | hi-vis | safety-footwear,
Shrewsbury,Shropshire,SY,Agriculture & rural,Tourism & hospitality,M,Agriculture | Horticulture | Forestry | Land management | +Tourism & hospitality,EN 343 | EN ISO 11393 (chainsaw) | EN ISO 20471 | EN ISO 20345 | EN ISO 20347 (SRC) | Food-safe | Industrial-wash,Waterproofs | Chainsaw trousers | Wellingtons | Hi-vis | Thermals | +Tourism & hospitality kit,waterproofs | wellingtons | chainsaw | hi-vis | chef-whites | hospitality | aprons,check
Hereford,Herefordshire,HR,Agriculture & rural,Food & drink processing,H,Agriculture | Horticulture | Forestry | Land management | +Food & drink processing,EN 343 | EN ISO 11393 (chainsaw) | EN ISO 20471 | EN ISO 20345 | Food-safe | EN 342 | EN 388,Waterproofs | Chainsaw trousers | Wellingtons | Hi-vis | Thermals | +Food & drink processing kit,waterproofs | wellingtons | chainsaw | hi-vis | food-hygiene-wear | cold-store-thermal | work-gloves,
Leamington Spa,Warwickshire,CV,"University, research & tech","Corporate, retail & services",M,"Higher education | Research & labs | Tech & life sciences | +Corporate, retail & services",EN 1149-5 | Food-safe | EN ISO 20471 | Embroidery/branding | EN ISO 20471 (facilities),"Lab coats | Antistatic/ESD | Catering | Estates hi-vis | +Corporate, retail & services kit",lab-coats | healthcare | hi-vis | corporate-wear | security,check
Warwick,Warwickshire,CV,"Corporate, retail & services","University, research & tech",M,"Financial & professional services | Retail | Facilities | Security | +University, research & tech",Embroidery/branding | EN ISO 20471 (facilities) | EN 1149-5 | Food-safe | EN ISO 20471,"Branded polos & shirts | Retail uniforms | Facilities hi-vis | Security | +University, research & tech kit",corporate-wear | hi-vis | security | lab-coats | healthcare,check
Halesowen,West Midlands,B,Manufacturing & engineering,Mixed market town,L,General & precision manufacturing | Engineering | Fabrication | +Mixed market town,EN ISO 11611 | EN ISO 11612 | EN 388 | EN ISO 20471 | EN ISO 20345,Coveralls | Cut/heat gloves | Hi-vis | Safety boots | Some FR | +Mixed market town kit,coveralls | work-gloves | hi-vis | safety-footwear | work-trousers | polo-shirts,YES - verify vs ONS/NOMIS
Smethwick,West Midlands,B,Manufacturing & engineering,Mixed market town,L,General & precision manufacturing | Engineering | Fabrication | +Mixed market town,EN ISO 11611 | EN ISO 11612 | EN 388 | EN ISO 20471 | EN ISO 20345,Coveralls | Cut/heat gloves | Hi-vis | Safety boots | Some FR | +Mixed market town kit,coveralls | work-gloves | hi-vis | safety-footwear | work-trousers | polo-shirts,YES - verify vs ONS/NOMIS
Nottingham,Nottinghamshire,NG,"Corporate, retail & services","University, research & tech",M,"Financial & professional services | Retail | Facilities | Security | +University, research & tech",Embroidery/branding | EN ISO 20471 (facilities) | EN 1149-5 | Food-safe | EN ISO 20471,"Branded polos & shirts | Retail uniforms | Facilities hi-vis | Security | +University, research & tech kit",corporate-wear | hi-vis | security | lab-coats | healthcare,check
Leicester,Leicestershire,LE,Manufacturing & engineering,Logistics & distribution,H,General & precision manufacturing | Engineering | Fabrication | +Logistics & distribution,EN ISO 11611 | EN ISO 11612 | EN 388 | EN ISO 20471 | EN ISO 20345 | EN 342 | EN 511,Coveralls | Cut/heat gloves | Hi-vis | Safety boots | Some FR | +Logistics & distribution kit,coveralls | work-gloves | hi-vis | safety-footwear | cold-store-thermal,
Derby,Derbyshire,DE,Manufacturing & engineering,Automotive,H,General & precision manufacturing | Engineering | Fabrication | +Automotive,EN ISO 11611 | EN ISO 11612 | EN 388 | EN ISO 20471 | EN ISO 20345 | EN 1149-5 | EN 13034,Coveralls | Cut/heat gloves | Hi-vis | Safety boots | Some FR | +Automotive kit,coveralls | work-gloves | hi-vis | safety-footwear,
Northampton,Northamptonshire,NN,Logistics & distribution,Manufacturing & engineering,H,Warehousing & distribution | Cold-chain | Fulfilment | Haulage | +Manufacturing & engineering,EN ISO 20471 | EN ISO 20345 | EN 342 | EN 511 | EN 388 | EN ISO 11611 | EN ISO 11612,Hi-vis (Class 2/3) | S3 safety boots | Cold-store thermals | Cut gloves | Bump caps | +Manufacturing & engineering kit,hi-vis | safety-footwear | cold-store-thermal | work-gloves | coveralls,
Corby,Northamptonshire,NN,Logistics & distribution,Food & drink processing,H,Warehousing & distribution | Cold-chain | Fulfilment | Haulage | +Food & drink processing,EN ISO 20471 | EN ISO 20345 | EN 342 | EN 511 | EN 388 | Food-safe,Hi-vis (Class 2/3) | S3 safety boots | Cold-store thermals | Cut gloves | Bump caps | +Food & drink processing kit,hi-vis | safety-footwear | cold-store-thermal | work-gloves | food-hygiene-wear | wellingtons,
Kettering,Northamptonshire,NN,Logistics & distribution,Manufacturing & engineering,M,Warehousing & distribution | Cold-chain | Fulfilment | Haulage | +Manufacturing & engineering,EN ISO 20471 | EN ISO 20345 | EN 342 | EN 511 | EN 388 | EN ISO 11611 | EN ISO 11612,Hi-vis (Class 2/3) | S3 safety boots | Cold-store thermals | Cut gloves | Bump caps | +Manufacturing & engineering kit,hi-vis | safety-footwear | cold-store-thermal | work-gloves | coveralls,check
Wellingborough,Northamptonshire,NN,Logistics & distribution,Manufacturing & engineering,M,Warehousing & distribution | Cold-chain | Fulfilment | Haulage | +Manufacturing & engineering,EN ISO 20471 | EN ISO 20345 | EN 342 | EN 511 | EN 388 | EN ISO 11611 | EN ISO 11612,Hi-vis (Class 2/3) | S3 safety boots | Cold-store thermals | Cut gloves | Bump caps | +Manufacturing & engineering kit,hi-vis | safety-footwear | cold-store-thermal | work-gloves | coveralls,check
Lincoln,Lincolnshire,LN,Manufacturing & engineering,Agriculture & rural,M,General & precision manufacturing | Engineering | Fabrication | +Agriculture & rural,EN ISO 11611 | EN ISO 11612 | EN 388 | EN ISO 20471 | EN ISO 20345 | EN 343 | EN ISO 11393 (chainsaw),Coveralls | Cut/heat gloves | Hi-vis | Safety boots | Some FR | +Agriculture & rural kit,coveralls | work-gloves | hi-vis | safety-footwear | waterproofs | wellingtons | chainsaw,check
Boston,Lincolnshire,PE,Agriculture & rural,Food & drink processing,H,Agriculture | Horticulture | Forestry | Land management | +Food & drink processing,EN 343 | EN ISO 11393 (chainsaw) | EN ISO 20471 | EN ISO 20345 | Food-safe | EN 342 | EN 388,Waterproofs | Chainsaw trousers | Wellingtons | Hi-vis | Thermals | +Food & drink processing kit,waterproofs | wellingtons | chainsaw | hi-vis | food-hygiene-wear | cold-store-thermal | work-gloves,
Mansfield,Nottinghamshire,NG,Logistics & distribution,Manufacturing & engineering,M,Warehousing & distribution | Cold-chain | Fulfilment | Haulage | +Manufacturing & engineering,EN ISO 20471 | EN ISO 20345 | EN 342 | EN 511 | EN 388 | EN ISO 11611 | EN ISO 11612,Hi-vis (Class 2/3) | S3 safety boots | Cold-store thermals | Cut gloves | Bump caps | +Manufacturing & engineering kit,hi-vis | safety-footwear | cold-store-thermal | work-gloves | coveralls,check
Chesterfield,Derbyshire,S,Manufacturing & engineering,Logistics & distribution,M,General & precision manufacturing | Engineering | Fabrication | +Logistics & distribution,EN ISO 11611 | EN ISO 11612 | EN 388 | EN ISO 20471 | EN ISO 20345 | EN 342 | EN 511,Coveralls | Cut/heat gloves | Hi-vis | Safety boots | Some FR | +Logistics & distribution kit,coveralls | work-gloves | hi-vis | safety-footwear | cold-store-thermal,check
Loughborough,Leicestershire,LE,"University, research & tech",Manufacturing & engineering,M,Higher education | Research & labs | Tech & life sciences | +Manufacturing & engineering,EN 1149-5 | Food-safe | EN ISO 20471 | EN ISO 11611 | EN ISO 11612 | EN 388 | EN ISO 20345,Lab coats | Antistatic/ESD | Catering | Estates hi-vis | +Manufacturing & engineering kit,lab-coats | healthcare | hi-vis | coveralls | work-gloves | safety-footwear,check
Grantham,Lincolnshire,NG,Logistics & distribution,Food & drink processing,M,Warehousing & distribution | Cold-chain | Fulfilment | Haulage | +Food & drink processing,EN ISO 20471 | EN ISO 20345 | EN 342 | EN 511 | EN 388 | Food-safe,Hi-vis (Class 2/3) | S3 safety boots | Cold-store thermals | Cut gloves | Bump caps | +Food & drink processing kit,hi-vis | safety-footwear | cold-store-thermal | work-gloves | food-hygiene-wear | wellingtons,check
Spalding,Lincolnshire,PE,Food & drink processing,Agriculture & rural,H,Food manufacturing | Fish & seafood | Meat & poultry | Bakery | +Agriculture & rural,Food-safe | EN 342 | EN ISO 20345 | EN 388 | EN 343 | EN ISO 11393 (chainsaw) | EN ISO 20471,Hygiene wear | Cold-store thermals | Wellingtons | Cut gloves | +Agriculture & rural kit,food-hygiene-wear | cold-store-thermal | wellingtons | work-gloves | waterproofs | chainsaw | hi-vis,
Newark-on-Trent,Nottinghamshire,NG,Logistics & distribution,Agriculture & rural,M,Warehousing & distribution | Cold-chain | Fulfilment | Haulage | +Agriculture & rural,EN ISO 20471 | EN ISO 20345 | EN 342 | EN 511 | EN 388 | EN 343 | EN ISO 11393 (chainsaw),Hi-vis (Class 2/3) | S3 safety boots | Cold-store thermals | Cut gloves | Bump caps | +Agriculture & rural kit,hi-vis | safety-footwear | cold-store-thermal | work-gloves | waterproofs | wellingtons | chainsaw,check
Daventry,Northamptonshire,NN,Logistics & distribution,Manufacturing & engineering,H,Warehousing & distribution | Cold-chain | Fulfilment | Haulage | +Manufacturing & engineering,EN ISO 20471 | EN ISO 20345 | EN 342 | EN 511 | EN 388 | EN ISO 11611 | EN ISO 11612,Hi-vis (Class 2/3) | S3 safety boots | Cold-store thermals | Cut gloves | Bump caps | +Manufacturing & engineering kit,hi-vis | safety-footwear | cold-store-thermal | work-gloves | coveralls,
Ilkeston,Derbyshire,DE,Manufacturing & engineering,Mixed market town,L,General & precision manufacturing | Engineering | Fabrication | +Mixed market town,EN ISO 11611 | EN ISO 11612 | EN 388 | EN ISO 20471 | EN ISO 20345,Coveralls | Cut/heat gloves | Hi-vis | Safety boots | Some FR | +Mixed market town kit,coveralls | work-gloves | hi-vis | safety-footwear | work-trousers | polo-shirts,YES - verify vs ONS/NOMIS
Worksop,Nottinghamshire,S,Logistics & distribution,Manufacturing & engineering,M,Warehousing & distribution | Cold-chain | Fulfilment | Haulage | +Manufacturing & engineering,EN ISO 20471 | EN ISO 20345 | EN 342 | EN 511 | EN 388 | EN ISO 11611 | EN ISO 11612,Hi-vis (Class 2/3) | S3 safety boots | Cold-store thermals | Cut gloves | Bump caps | +Manufacturing & engineering kit,hi-vis | safety-footwear | cold-store-thermal | work-gloves | coveralls,check
Skegness,Lincolnshire,PE,Tourism & hospitality,Agriculture & rural,M,Hotels & hospitality | Tourism | Catering | Events | +Agriculture & rural,EN ISO 20347 (SRC) | Food-safe | Industrial-wash | EN 343 | EN ISO 11393 (chainsaw) | EN ISO 20471 | EN ISO 20345,Chef whites | Aprons | FOH uniforms | Housekeeping tunics | Kitchen shoes | +Agriculture & rural kit,chef-whites | hospitality | aprons | waterproofs | wellingtons | chainsaw | hi-vis,check
Hinckley,Leicestershire,LE,Logistics & distribution,Manufacturing & engineering,M,Warehousing & distribution | Cold-chain | Fulfilment | Haulage | +Manufacturing & engineering,EN ISO 20471 | EN ISO 20345 | EN 342 | EN 511 | EN 388 | EN ISO 11611 | EN ISO 11612,Hi-vis (Class 2/3) | S3 safety boots | Cold-store thermals | Cut gloves | Bump caps | +Manufacturing & engineering kit,hi-vis | safety-footwear | cold-store-thermal | work-gloves | coveralls,check
Coalville,Leicestershire,LE,Logistics & distribution,Manufacturing & engineering,M,Warehousing & distribution | Cold-chain | Fulfilment | Haulage | +Manufacturing & engineering,EN ISO 20471 | EN ISO 20345 | EN 342 | EN 511 | EN 388 | EN ISO 11611 | EN ISO 11612,Hi-vis (Class 2/3) | S3 safety boots | Cold-store thermals | Cut gloves | Bump caps | +Manufacturing & engineering kit,hi-vis | safety-footwear | cold-store-thermal | work-gloves | coveralls,check
Peterborough,Cambridgeshire,PE,Logistics & distribution,Food & drink processing,H,Warehousing & distribution | Cold-chain | Fulfilment | Haulage | +Food & drink processing,EN ISO 20471 | EN ISO 20345 | EN 342 | EN 511 | EN 388 | Food-safe,Hi-vis (Class 2/3) | S3 safety boots | Cold-store thermals | Cut gloves | Bump caps | +Food & drink processing kit,hi-vis | safety-footwear | cold-store-thermal | work-gloves | food-hygiene-wear | wellingtons,
Cambridge,Cambridgeshire,CB,"University, research & tech","Corporate, retail & services",H,"Higher education | Research & labs | Tech & life sciences | +Corporate, retail & services",EN 1149-5 | Food-safe | EN ISO 20471 | Embroidery/branding | EN ISO 20471 (facilities),"Lab coats | Antistatic/ESD | Catering | Estates hi-vis | +Corporate, retail & services kit",lab-coats | healthcare | hi-vis | corporate-wear | security,
Norwich,Norfolk,NR,"Corporate, retail & services",Food & drink processing,M,Financial & professional services | Retail | Facilities | Security | +Food & drink processing,Embroidery/branding | EN ISO 20471 (facilities) | Food-safe | EN 342 | EN ISO 20345 | EN 388,Branded polos & shirts | Retail uniforms | Facilities hi-vis | Security | +Food & drink processing kit,corporate-wear | hi-vis | security | food-hygiene-wear | cold-store-thermal | wellingtons | work-gloves,check
Ipswich,Suffolk,IP,Port & maritime,Logistics & distribution,M,Ports & docks | Shipping & freight | Marine services | +Logistics & distribution,EN ISO 20471 | EN 343 | EN ISO 20345 | EN 342 | EN 511 | EN 388,Hi-vis | Waterproofs | Cold protection | Safety boots | +Logistics & distribution kit,hi-vis | waterproofs | safety-footwear | cold-store-thermal | work-gloves,check
Luton,Bedfordshire,LU,Automotive,Logistics & distribution,H,Vehicle manufacture | Bodyshops | MOT & fast-fit | Parts | +Logistics & distribution,EN 388 | EN 1149-5 | EN ISO 20345 | EN 13034 | EN ISO 20471 | EN 342 | EN 511,Boilersuits/coveralls | Nitrile & cut gloves | Antistatic (paint/ESD) | Safety boots | +Logistics & distribution kit,coveralls | work-gloves | safety-footwear | hi-vis | cold-store-thermal,
Bedford,Bedfordshire,MK,Logistics & distribution,Manufacturing & engineering,M,Warehousing & distribution | Cold-chain | Fulfilment | Haulage | +Manufacturing & engineering,EN ISO 20471 | EN ISO 20345 | EN 342 | EN 511 | EN 388 | EN ISO 11611 | EN ISO 11612,Hi-vis (Class 2/3) | S3 safety boots | Cold-store thermals | Cut gloves | Bump caps | +Manufacturing & engineering kit,hi-vis | safety-footwear | cold-store-thermal | work-gloves | coveralls,check
Milton Keynes,Buckinghamshire,MK,Logistics & distribution,"Corporate, retail & services",H,"Warehousing & distribution | Cold-chain | Fulfilment | Haulage | +Corporate, retail & services",EN ISO 20471 | EN ISO 20345 | EN 342 | EN 511 | EN 388 | Embroidery/branding | EN ISO 20471 (facilities),"Hi-vis (Class 2/3) | S3 safety boots | Cold-store thermals | Cut gloves | Bump caps | +Corporate, retail & services kit",hi-vis | safety-footwear | cold-store-thermal | work-gloves | corporate-wear | security,
Colchester,Essex,CO,"Corporate, retail & services",Tourism & hospitality,M,Financial & professional services | Retail | Facilities | Security | +Tourism & hospitality,Embroidery/branding | EN ISO 20471 (facilities) | EN ISO 20347 (SRC) | Food-safe | Industrial-wash,Branded polos & shirts | Retail uniforms | Facilities hi-vis | Security | +Tourism & hospitality kit,corporate-wear | hi-vis | security | chef-whites | hospitality | aprons,check
Chelmsford,Essex,CM,"Corporate, retail & services",Construction & civils,M,Financial & professional services | Retail | Facilities | Security | +Construction & civils,Embroidery/branding | EN ISO 20471 (facilities) | EN ISO 20471 | EN 397 | EN ISO 20345,Branded polos & shirts | Retail uniforms | Facilities hi-vis | Security | +Construction & civils kit,corporate-wear | hi-vis | security | safety-footwear | work-trousers,check
Basildon,Essex,SS,Manufacturing & engineering,Logistics & distribution,M,General & precision manufacturing | Engineering | Fabrication | +Logistics & distribution,EN ISO 11611 | EN ISO 11612 | EN 388 | EN ISO 20471 | EN ISO 20345 | EN 342 | EN 511,Coveralls | Cut/heat gloves | Hi-vis | Safety boots | Some FR | +Logistics & distribution kit,coveralls | work-gloves | hi-vis | safety-footwear | cold-store-thermal,check
Southend-on-Sea,Essex,SS,Tourism & hospitality,"Corporate, retail & services",M,"Hotels & hospitality | Tourism | Catering | Events | +Corporate, retail & services",EN ISO 20347 (SRC) | Food-safe | Industrial-wash | Embroidery/branding | EN ISO 20471 (facilities),"Chef whites | Aprons | FOH uniforms | Housekeeping tunics | Kitchen shoes | +Corporate, retail & services kit",chef-whites | hospitality | aprons | corporate-wear | hi-vis | security,check
Harlow,Essex,CM,Manufacturing & engineering,Logistics & distribution,M,General & precision manufacturing | Engineering | Fabrication | +Logistics & distribution,EN ISO 11611 | EN ISO 11612 | EN 388 | EN ISO 20471 | EN ISO 20345 | EN 342 | EN 511,Coveralls | Cut/heat gloves | Hi-vis | Safety boots | Some FR | +Logistics & distribution kit,coveralls | work-gloves | hi-vis | safety-footwear | cold-store-thermal,check
Watford,Hertfordshire,WD,"Corporate, retail & services",Logistics & distribution,M,Financial & professional services | Retail | Facilities | Security | +Logistics & distribution,Embroidery/branding | EN ISO 20471 (facilities) | EN ISO 20471 | EN ISO 20345 | EN 342 | EN 511 | EN 388,Branded polos & shirts | Retail uniforms | Facilities hi-vis | Security | +Logistics & distribution kit,corporate-wear | hi-vis | security | safety-footwear | cold-store-thermal | work-gloves,check
Stevenage,Hertfordshire,SG,Manufacturing & engineering,"Corporate, retail & services",M,"General & precision manufacturing | Engineering | Fabrication | +Corporate, retail & services",EN ISO 11611 | EN ISO 11612 | EN 388 | EN ISO 20471 | EN ISO 20345 | Embroidery/branding | EN ISO 20471 (facilities),"Coveralls | Cut/heat gloves | Hi-vis | Safety boots | Some FR | +Corporate, retail & services kit",coveralls | work-gloves | hi-vis | safety-footwear | corporate-wear | security,check
Hemel Hempstead,Hertfordshire,HP,Logistics & distribution,Manufacturing & engineering,M,Warehousing & distribution | Cold-chain | Fulfilment | Haulage | +Manufacturing & engineering,EN ISO 20471 | EN ISO 20345 | EN 342 | EN 511 | EN 388 | EN ISO 11611 | EN ISO 11612,Hi-vis (Class 2/3) | S3 safety boots | Cold-store thermals | Cut gloves | Bump caps | +Manufacturing & engineering kit,hi-vis | safety-footwear | cold-store-thermal | work-gloves | coveralls,check
St Albans,Hertfordshire,AL,"Corporate, retail & services",Mixed market town,M,Financial & professional services | Retail | Facilities | Security | +Mixed market town,Embroidery/branding | EN ISO 20471 (facilities) | EN ISO 20471 | EN ISO 20345,Branded polos & shirts | Retail uniforms | Facilities hi-vis | Security | +Mixed market town kit,corporate-wear | hi-vis | security | work-trousers | safety-footwear | polo-shirts,check
Great Yarmouth,Norfolk,NR,Offshore energy,Tourism & hospitality,H,Offshore oil & gas | Subsea | Decommissioning | Offshore wind | +Tourism & hospitality,EN ISO 11612 | EN 1149-5 | EN ISO 11611 | EN 13034 | IEC 61482 | EN ISO 20471 | EN 342 | EN ISO 20347 (SRC) | Food-safe | Industrial-wash,Multi-norm FR/antistatic coveralls | Hi-vis | Cold & wind | Chemical splash | +Tourism & hospitality kit,offshore-coveralls | fr-coveralls | hi-vis | cold-store-thermal | chef-whites | hospitality | aprons,
Lowestoft,Suffolk,NR,Offshore energy,Food & drink processing,H,Offshore oil & gas | Subsea | Decommissioning | Offshore wind | +Food & drink processing,EN ISO 11612 | EN 1149-5 | EN ISO 11611 | EN 13034 | IEC 61482 | EN ISO 20471 | EN 342 | Food-safe | EN ISO 20345 | EN 388,Multi-norm FR/antistatic coveralls | Hi-vis | Cold & wind | Chemical splash | +Food & drink processing kit,offshore-coveralls | fr-coveralls | hi-vis | cold-store-thermal | food-hygiene-wear | wellingtons | work-gloves,
King's Lynn,Norfolk,PE,Food & drink processing,Agriculture & rural,M,Food manufacturing | Fish & seafood | Meat & poultry | Bakery | +Agriculture & rural,Food-safe | EN 342 | EN ISO 20345 | EN 388 | EN 343 | EN ISO 11393 (chainsaw) | EN ISO 20471,Hygiene wear | Cold-store thermals | Wellingtons | Cut gloves | +Agriculture & rural kit,food-hygiene-wear | cold-store-thermal | wellingtons | work-gloves | waterproofs | chainsaw | hi-vis,check
Wisbech,Cambridgeshire,PE,Food & drink processing,Agriculture & rural,H,Food manufacturing | Fish & seafood | Meat & poultry | Bakery | +Agriculture & rural,Food-safe | EN 342 | EN ISO 20345 | EN 388 | EN 343 | EN ISO 11393 (chainsaw) | EN ISO 20471,Hygiene wear | Cold-store thermals | Wellingtons | Cut gloves | +Agriculture & rural kit,food-hygiene-wear | cold-store-thermal | wellingtons | work-gloves | waterproofs | chainsaw | hi-vis,
Felixstowe,Suffolk,IP,Port & maritime,Logistics & distribution,H,Ports & docks | Shipping & freight | Marine services | +Logistics & distribution,EN ISO 20471 | EN 343 | EN ISO 20345 | EN 342 | EN 511 | EN 388,Hi-vis | Waterproofs | Cold protection | Safety boots | +Logistics & distribution kit,hi-vis | waterproofs | safety-footwear | cold-store-thermal | work-gloves,
Braintree,Essex,CM,Logistics & distribution,Manufacturing & engineering,L,Warehousing & distribution | Cold-chain | Fulfilment | Haulage | +Manufacturing & engineering,EN ISO 20471 | EN ISO 20345 | EN 342 | EN 511 | EN 388 | EN ISO 11611 | EN ISO 11612,Hi-vis (Class 2/3) | S3 safety boots | Cold-store thermals | Cut gloves | Bump caps | +Manufacturing & engineering kit,hi-vis | safety-footwear | cold-store-thermal | work-gloves | coveralls,YES - verify vs ONS/NOMIS
Welwyn Garden City,Hertfordshire,AL,Manufacturing & engineering,"Corporate, retail & services",M,"General & precision manufacturing | Engineering | Fabrication | +Corporate, retail & services",EN ISO 11611 | EN ISO 11612 | EN 388 | EN ISO 20471 | EN ISO 20345 | Embroidery/branding | EN ISO 20471 (facilities),"Coveralls | Cut/heat gloves | Hi-vis | Safety boots | Some FR | +Corporate, retail & services kit",coveralls | work-gloves | hi-vis | safety-footwear | corporate-wear | security,check
Huntingdon,Cambridgeshire,PE,Logistics & distribution,Manufacturing & engineering,L,Warehousing & distribution | Cold-chain | Fulfilment | Haulage | +Manufacturing & engineering,EN ISO 20471 | EN ISO 20345 | EN 342 | EN 511 | EN 388 | EN ISO 11611 | EN ISO 11612,Hi-vis (Class 2/3) | S3 safety boots | Cold-store thermals | Cut gloves | Bump caps | +Manufacturing & engineering kit,hi-vis | safety-footwear | cold-store-thermal | work-gloves | coveralls,YES - verify vs ONS/NOMIS
Thetford,Norfolk,IP,Food & drink processing,Logistics & distribution,M,Food manufacturing | Fish & seafood | Meat & poultry | Bakery | +Logistics & distribution,Food-safe | EN 342 | EN ISO 20345 | EN 388 | EN ISO 20471 | EN 511,Hygiene wear | Cold-store thermals | Wellingtons | Cut gloves | +Logistics & distribution kit,food-hygiene-wear | cold-store-thermal | wellingtons | work-gloves | hi-vis | safety-footwear,check
Bury St Edmunds,Suffolk,IP,Food & drink processing,Tourism & hospitality,M,Food manufacturing | Fish & seafood | Meat & poultry | Bakery | +Tourism & hospitality,Food-safe | EN 342 | EN ISO 20345 | EN 388 | EN ISO 20347 (SRC) | Industrial-wash,Hygiene wear | Cold-store thermals | Wellingtons | Cut gloves | +Tourism & hospitality kit,food-hygiene-wear | cold-store-thermal | wellingtons | work-gloves | chef-whites | hospitality | aprons,check
Clacton-on-Sea,Essex,CO,Tourism & hospitality,Mixed market town,L,Hotels & hospitality | Tourism | Catering | Events | +Mixed market town,EN ISO 20347 (SRC) | Food-safe | Industrial-wash | EN ISO 20471 | EN ISO 20345,Chef whites | Aprons | FOH uniforms | Housekeeping tunics | Kitchen shoes | +Mixed market town kit,chef-whites | hospitality | aprons | hi-vis | work-trousers | safety-footwear | polo-shirts,YES - verify vs ONS/NOMIS
London (City),Greater London,EC,"Corporate, retail & services",,H,Financial & professional services | Retail | Facilities | Security,Embroidery/branding | EN ISO 20471 (facilities),Branded polos & shirts | Retail uniforms | Facilities hi-vis | Security,corporate-wear | hi-vis | security,
Croydon,Greater London,CR,"Corporate, retail & services",Construction & civils,M,Financial & professional services | Retail | Facilities | Security | +Construction & civils,Embroidery/branding | EN ISO 20471 (facilities) | EN ISO 20471 | EN 397 | EN ISO 20345,Branded polos & shirts | Retail uniforms | Facilities hi-vis | Security | +Construction & civils kit,corporate-wear | hi-vis | security | safety-footwear | work-trousers,check
Hounslow,Greater London,TW,Logistics & distribution,"Corporate, retail & services",M,"Warehousing & distribution | Cold-chain | Fulfilment | Haulage | +Corporate, retail & services",EN ISO 20471 | EN ISO 20345 | EN 342 | EN 511 | EN 388 | Embroidery/branding | EN ISO 20471 (facilities),"Hi-vis (Class 2/3) | S3 safety boots | Cold-store thermals | Cut gloves | Bump caps | +Corporate, retail & services kit",hi-vis | safety-footwear | cold-store-thermal | work-gloves | corporate-wear | security,check
Dartford,Kent,DA,Logistics & distribution,Construction & civils,M,Warehousing & distribution | Cold-chain | Fulfilment | Haulage | +Construction & civils,EN ISO 20471 | EN ISO 20345 | EN 342 | EN 511 | EN 388 | EN 397,Hi-vis (Class 2/3) | S3 safety boots | Cold-store thermals | Cut gloves | Bump caps | +Construction & civils kit,hi-vis | safety-footwear | cold-store-thermal | work-gloves | work-trousers,check
Reading,Berkshire,RG,"Corporate, retail & services","University, research & tech",H,"Financial & professional services | Retail | Facilities | Security | +University, research & tech",Embroidery/branding | EN ISO 20471 (facilities) | EN 1149-5 | Food-safe | EN ISO 20471,"Branded polos & shirts | Retail uniforms | Facilities hi-vis | Security | +University, research & tech kit",corporate-wear | hi-vis | security | lab-coats | healthcare,
Slough,Berkshire,SL,Logistics & distribution,Manufacturing & engineering,H,Warehousing & distribution | Cold-chain | Fulfilment | Haulage | +Manufacturing & engineering,EN ISO 20471 | EN ISO 20345 | EN 342 | EN 511 | EN 388 | EN ISO 11611 | EN ISO 11612,Hi-vis (Class 2/3) | S3 safety boots | Cold-store thermals | Cut gloves | Bump caps | +Manufacturing & engineering kit,hi-vis | safety-footwear | cold-store-thermal | work-gloves | coveralls,
Oxford,Oxfordshire,OX,"University, research & tech",Healthcare & public sector,H,Higher education | Research & labs | Tech & life sciences | +Healthcare & public sector,EN 1149-5 | Food-safe | EN ISO 20471 | Colour-coded tunics | EN ISO 20347 | Industrial-wash,Lab coats | Antistatic/ESD | Catering | Estates hi-vis | +Healthcare & public sector kit,lab-coats | healthcare | hi-vis | healthcare-scrubs | tunics,
Southampton,Hampshire,SO,Port & maritime,"University, research & tech",H,"Ports & docks | Shipping & freight | Marine services | +University, research & tech",EN ISO 20471 | EN 343 | EN ISO 20345 | EN 342 | EN 1149-5 | Food-safe,"Hi-vis | Waterproofs | Cold protection | Safety boots | +University, research & tech kit",hi-vis | waterproofs | safety-footwear | cold-store-thermal | lab-coats | healthcare,
Portsmouth,Hampshire,PO,Port & maritime,Manufacturing & engineering,H,Ports & docks | Shipping & freight | Marine services | +Manufacturing & engineering,EN ISO 20471 | EN 343 | EN ISO 20345 | EN 342 | EN ISO 11611 | EN ISO 11612 | EN 388,Hi-vis | Waterproofs | Cold protection | Safety boots | +Manufacturing & engineering kit,hi-vis | waterproofs | safety-footwear | cold-store-thermal | coveralls | work-gloves,
Brighton,East Sussex,BN,Tourism & hospitality,"Corporate, retail & services",H,"Hotels & hospitality | Tourism | Catering | Events | +Corporate, retail & services",EN ISO 20347 (SRC) | Food-safe | Industrial-wash | Embroidery/branding | EN ISO 20471 (facilities),"Chef whites | Aprons | FOH uniforms | Housekeeping tunics | Kitchen shoes | +Corporate, retail & services kit",chef-whites | hospitality | aprons | corporate-wear | hi-vis | security,
Crawley,West Sussex,RH,Logistics & distribution,"Corporate, retail & services",H,"Warehousing & distribution | Cold-chain | Fulfilment | Haulage | +Corporate, retail & services",EN ISO 20471 | EN ISO 20345 | EN 342 | EN 511 | EN 388 | Embroidery/branding | EN ISO 20471 (facilities),"Hi-vis (Class 2/3) | S3 safety boots | Cold-store thermals | Cut gloves | Bump caps | +Corporate, retail & services kit",hi-vis | safety-footwear | cold-store-thermal | work-gloves | corporate-wear | security,
Guildford,Surrey,GU,"Corporate, retail & services","University, research & tech",M,"Financial & professional services | Retail | Facilities | Security | +University, research & tech",Embroidery/branding | EN ISO 20471 (facilities) | EN 1149-5 | Food-safe | EN ISO 20471,"Branded polos & shirts | Retail uniforms | Facilities hi-vis | Security | +University, research & tech kit",corporate-wear | hi-vis | security | lab-coats | healthcare,check
Basingstoke,Hampshire,RG,Logistics & distribution,"Corporate, retail & services",M,"Warehousing & distribution | Cold-chain | Fulfilment | Haulage | +Corporate, retail & services",EN ISO 20471 | EN ISO 20345 | EN 342 | EN 511 | EN 388 | Embroidery/branding | EN ISO 20471 (facilities),"Hi-vis (Class 2/3) | S3 safety boots | Cold-store thermals | Cut gloves | Bump caps | +Corporate, retail & services kit",hi-vis | safety-footwear | cold-store-thermal | work-gloves | corporate-wear | security,check
Maidstone,Kent,ME,"Corporate, retail & services",Agriculture & rural,M,Financial & professional services | Retail | Facilities | Security | +Agriculture & rural,Embroidery/branding | EN ISO 20471 (facilities) | EN 343 | EN ISO 11393 (chainsaw) | EN ISO 20471 | EN ISO 20345,Branded polos & shirts | Retail uniforms | Facilities hi-vis | Security | +Agriculture & rural kit,corporate-wear | hi-vis | security | waterproofs | wellingtons | chainsaw,check
Canterbury,Kent,CT,"University, research & tech",Tourism & hospitality,M,Higher education | Research & labs | Tech & life sciences | +Tourism & hospitality,EN 1149-5 | Food-safe | EN ISO 20471 | EN ISO 20347 (SRC) | Industrial-wash,Lab coats | Antistatic/ESD | Catering | Estates hi-vis | +Tourism & hospitality kit,lab-coats | healthcare | hi-vis | chef-whites | hospitality | aprons,check
Ashford,Kent,TN,Logistics & distribution,Construction & civils,M,Warehousing & distribution | Cold-chain | Fulfilment | Haulage | +Construction & civils,EN ISO 20471 | EN ISO 20345 | EN 342 | EN 511 | EN 388 | EN 397,Hi-vis (Class 2/3) | S3 safety boots | Cold-store thermals | Cut gloves | Bump caps | +Construction & civils kit,hi-vis | safety-footwear | cold-store-thermal | work-gloves | work-trousers,check
Dover,Kent,CT,Port & maritime,Tourism & hospitality,H,Ports & docks | Shipping & freight | Marine services | +Tourism & hospitality,EN ISO 20471 | EN 343 | EN ISO 20345 | EN 342 | EN ISO 20347 (SRC) | Food-safe | Industrial-wash,Hi-vis | Waterproofs | Cold protection | Safety boots | +Tourism & hospitality kit,hi-vis | waterproofs | safety-footwear | cold-store-thermal | chef-whites | hospitality | aprons,
Folkestone,Kent,CT,Tourism & hospitality,Mixed market town,M,Hotels & hospitality | Tourism | Catering | Events | +Mixed market town,EN ISO 20347 (SRC) | Food-safe | Industrial-wash | EN ISO 20471 | EN ISO 20345,Chef whites | Aprons | FOH uniforms | Housekeeping tunics | Kitchen shoes | +Mixed market town kit,chef-whites | hospitality | aprons | hi-vis | work-trousers | safety-footwear | polo-shirts,check
Gillingham,Kent,ME,Manufacturing & engineering,Logistics & distribution,L,General & precision manufacturing | Engineering | Fabrication | +Logistics & distribution,EN ISO 11611 | EN ISO 11612 | EN 388 | EN ISO 20471 | EN ISO 20345 | EN 342 | EN 511,Coveralls | Cut/heat gloves | Hi-vis | Safety boots | Some FR | +Logistics & distribution kit,coveralls | work-gloves | hi-vis | safety-footwear | cold-store-thermal,YES - verify vs ONS/NOMIS
Chatham,Kent,ME,Port & maritime,Manufacturing & engineering,M,Ports & docks | Shipping & freight | Marine services | +Manufacturing & engineering,EN ISO 20471 | EN 343 | EN ISO 20345 | EN 342 | EN ISO 11611 | EN ISO 11612 | EN 388,Hi-vis | Waterproofs | Cold protection | Safety boots | +Manufacturing & engineering kit,hi-vis | waterproofs | safety-footwear | cold-store-thermal | coveralls | work-gloves,check
Tunbridge Wells,Kent,TN,"Corporate, retail & services",Tourism & hospitality,M,Financial & professional services | Retail | Facilities | Security | +Tourism & hospitality,Embroidery/branding | EN ISO 20471 (facilities) | EN ISO 20347 (SRC) | Food-safe | Industrial-wash,Branded polos & shirts | Retail uniforms | Facilities hi-vis | Security | +Tourism & hospitality kit,corporate-wear | hi-vis | security | chef-whites | hospitality | aprons,check
Woking,Surrey,GU,"Corporate, retail & services",Mixed market town,M,Financial & professional services | Retail | Facilities | Security | +Mixed market town,Embroidery/branding | EN ISO 20471 (facilities) | EN ISO 20471 | EN ISO 20345,Branded polos & shirts | Retail uniforms | Facilities hi-vis | Security | +Mixed market town kit,corporate-wear | hi-vis | security | work-trousers | safety-footwear | polo-shirts,check
Farnborough,Hampshire,GU,Manufacturing & engineering,"Corporate, retail & services",M,"General & precision manufacturing | Engineering | Fabrication | +Corporate, retail & services",EN ISO 11611 | EN ISO 11612 | EN 388 | EN ISO 20471 | EN ISO 20345 | Embroidery/branding | EN ISO 20471 (facilities),"Coveralls | Cut/heat gloves | Hi-vis | Safety boots | Some FR | +Corporate, retail & services kit",coveralls | work-gloves | hi-vis | safety-footwear | corporate-wear | security,check
Aldershot,Hampshire,GU,Manufacturing & engineering,Mixed market town,L,General & precision manufacturing | Engineering | Fabrication | +Mixed market town,EN ISO 11611 | EN ISO 11612 | EN 388 | EN ISO 20471 | EN ISO 20345,Coveralls | Cut/heat gloves | Hi-vis | Safety boots | Some FR | +Mixed market town kit,coveralls | work-gloves | hi-vis | safety-footwear | work-trousers | polo-shirts,YES - verify vs ONS/NOMIS
Eastbourne,East Sussex,BN,Tourism & hospitality,Healthcare & public sector,M,Hotels & hospitality | Tourism | Catering | Events | +Healthcare & public sector,EN ISO 20347 (SRC) | Food-safe | Industrial-wash | Colour-coded tunics | EN ISO 20347,Chef whites | Aprons | FOH uniforms | Housekeeping tunics | Kitchen shoes | +Healthcare & public sector kit,chef-whites | hospitality | aprons | healthcare-scrubs | tunics | hi-vis,check
Hastings,East Sussex,TN,Tourism & hospitality,Mixed market town,M,Hotels & hospitality | Tourism | Catering | Events | +Mixed market town,EN ISO 20347 (SRC) | Food-safe | Industrial-wash | EN ISO 20471 | EN ISO 20345,Chef whites | Aprons | FOH uniforms | Housekeeping tunics | Kitchen shoes | +Mixed market town kit,chef-whites | hospitality | aprons | hi-vis | work-trousers | safety-footwear | polo-shirts,check
Worthing,West Sussex,BN,"Corporate, retail & services",Tourism & hospitality,M,Financial & professional services | Retail | Facilities | Security | +Tourism & hospitality,Embroidery/branding | EN ISO 20471 (facilities) | EN ISO 20347 (SRC) | Food-safe | Industrial-wash,Branded polos & shirts | Retail uniforms | Facilities hi-vis | Security | +Tourism & hospitality kit,corporate-wear | hi-vis | security | chef-whites | hospitality | aprons,check
Bognor Regis,West Sussex,PO,Tourism & hospitality,Agriculture & rural,M,Hotels & hospitality | Tourism | Catering | Events | +Agriculture & rural,EN ISO 20347 (SRC) | Food-safe | Industrial-wash | EN 343 | EN ISO 11393 (chainsaw) | EN ISO 20471 | EN ISO 20345,Chef whites | Aprons | FOH uniforms | Housekeeping tunics | Kitchen shoes | +Agriculture & rural kit,chef-whites | hospitality | aprons | waterproofs | wellingtons | chainsaw | hi-vis,check
Chichester,West Sussex,PO,Tourism & hospitality,Agriculture & rural,M,Hotels & hospitality | Tourism | Catering | Events | +Agriculture & rural,EN ISO 20347 (SRC) | Food-safe | Industrial-wash | EN 343 | EN ISO 11393 (chainsaw) | EN ISO 20471 | EN ISO 20345,Chef whites | Aprons | FOH uniforms | Housekeeping tunics | Kitchen shoes | +Agriculture & rural kit,chef-whites | hospitality | aprons | waterproofs | wellingtons | chainsaw | hi-vis,check
Horsham,West Sussex,RH,"Corporate, retail & services",Mixed market town,L,Financial & professional services | Retail | Facilities | Security | +Mixed market town,Embroidery/branding | EN ISO 20471 (facilities) | EN ISO 20471 | EN ISO 20345,Branded polos & shirts | Retail uniforms | Facilities hi-vis | Security | +Mixed market town kit,corporate-wear | hi-vis | security | work-trousers | safety-footwear | polo-shirts,YES - verify vs ONS/NOMIS
Winchester,Hampshire,SO,"Corporate, retail & services",Healthcare & public sector,M,Financial & professional services | Retail | Facilities | Security | +Healthcare & public sector,Embroidery/branding | EN ISO 20471 (facilities) | Colour-coded tunics | EN ISO 20347 | Industrial-wash,Branded polos & shirts | Retail uniforms | Facilities hi-vis | Security | +Healthcare & public sector kit,corporate-wear | hi-vis | security | healthcare-scrubs | tunics,check
Bracknell,Berkshire,RG,"Corporate, retail & services",Logistics & distribution,M,Financial & professional services | Retail | Facilities | Security | +Logistics & distribution,Embroidery/branding | EN ISO 20471 (facilities) | EN ISO 20471 | EN ISO 20345 | EN 342 | EN 511 | EN 388,Branded polos & shirts | Retail uniforms | Facilities hi-vis | Security | +Logistics & distribution kit,corporate-wear | hi-vis | security | safety-footwear | cold-store-thermal | work-gloves,check
Newbury,Berkshire,RG,"Corporate, retail & services",Agriculture & rural,M,Financial & professional services | Retail | Facilities | Security | +Agriculture & rural,Embroidery/branding | EN ISO 20471 (facilities) | EN 343 | EN ISO 11393 (chainsaw) | EN ISO 20471 | EN ISO 20345,Branded polos & shirts | Retail uniforms | Facilities hi-vis | Security | +Agriculture & rural kit,corporate-wear | hi-vis | security | waterproofs | wellingtons | chainsaw,check
Gravesend,Kent,DA,Port & maritime,Logistics & distribution,M,Ports & docks | Shipping & freight | Marine services | +Logistics & distribution,EN ISO 20471 | EN 343 | EN ISO 20345 | EN 342 | EN 511 | EN 388,Hi-vis | Waterproofs | Cold protection | Safety boots | +Logistics & distribution kit,hi-vis | waterproofs | safety-footwear | cold-store-thermal | work-gloves,check
Sittingbourne,Kent,ME,Logistics & distribution,Food & drink processing,M,Warehousing & distribution | Cold-chain | Fulfilment | Haulage | +Food & drink processing,EN ISO 20471 | EN ISO 20345 | EN 342 | EN 511 | EN 388 | Food-safe,Hi-vis (Class 2/3) | S3 safety boots | Cold-store thermals | Cut gloves | Bump caps | +Food & drink processing kit,hi-vis | safety-footwear | cold-store-thermal | work-gloves | food-hygiene-wear | wellingtons,check
Margate,Kent,CT,Tourism & hospitality,Mixed market town,L,Hotels & hospitality | Tourism | Catering | Events | +Mixed market town,EN ISO 20347 (SRC) | Food-safe | Industrial-wash | EN ISO 20471 | EN ISO 20345,Chef whites | Aprons | FOH uniforms | Housekeeping tunics | Kitchen shoes | +Mixed market town kit,chef-whites | hospitality | aprons | hi-vis | work-trousers | safety-footwear | polo-shirts,YES - verify vs ONS/NOMIS
High Wycombe,Buckinghamshire,HP,Manufacturing & engineering,"Corporate, retail & services",M,"General & precision manufacturing | Engineering | Fabrication | +Corporate, retail & services",EN ISO 11611 | EN ISO 11612 | EN 388 | EN ISO 20471 | EN ISO 20345 | Embroidery/branding | EN ISO 20471 (facilities),"Coveralls | Cut/heat gloves | Hi-vis | Safety boots | Some FR | +Corporate, retail & services kit",coveralls | work-gloves | hi-vis | safety-footwear | corporate-wear | security,check
Aylesbury,Buckinghamshire,HP,Logistics & distribution,Manufacturing & engineering,M,Warehousing & distribution | Cold-chain | Fulfilment | Haulage | +Manufacturing & engineering,EN ISO 20471 | EN ISO 20345 | EN 342 | EN 511 | EN 388 | EN ISO 11611 | EN ISO 11612,Hi-vis (Class 2/3) | S3 safety boots | Cold-store thermals | Cut gloves | Bump caps | +Manufacturing & engineering kit,hi-vis | safety-footwear | cold-store-thermal | work-gloves | coveralls,check
Banbury,Oxfordshire,OX,Food & drink processing,Logistics & distribution,H,Food manufacturing | Fish & seafood | Meat & poultry | Bakery | +Logistics & distribution,Food-safe | EN 342 | EN ISO 20345 | EN 388 | EN ISO 20471 | EN 511,Hygiene wear | Cold-store thermals | Wellingtons | Cut gloves | +Logistics & distribution kit,food-hygiene-wear | cold-store-thermal | wellingtons | work-gloves | hi-vis | safety-footwear,
Andover,Hampshire,SP,Logistics & distribution,Manufacturing & engineering,M,Warehousing & distribution | Cold-chain | Fulfilment | Haulage | +Manufacturing & engineering,EN ISO 20471 | EN ISO 20345 | EN 342 | EN 511 | EN 388 | EN ISO 11611 | EN ISO 11612,Hi-vis (Class 2/3) | S3 safety boots | Cold-store thermals | Cut gloves | Bump caps | +Manufacturing & engineering kit,hi-vis | safety-footwear | cold-store-thermal | work-gloves | coveralls,check
Havant,Hampshire,PO,Manufacturing & engineering,Logistics & distribution,L,General & precision manufacturing | Engineering | Fabrication | +Logistics & distribution,EN ISO 11611 | EN ISO 11612 | EN 388 | EN ISO 20471 | EN ISO 20345 | EN 342 | EN 511,Coveralls | Cut/heat gloves | Hi-vis | Safety boots | Some FR | +Logistics & distribution kit,coveralls | work-gloves | hi-vis | safety-footwear | cold-store-thermal,YES - verify vs ONS/NOMIS
Fareham,Hampshire,PO,Manufacturing & engineering,Mixed market town,L,General & precision manufacturing | Engineering | Fabrication | +Mixed market town,EN ISO 11611 | EN ISO 11612 | EN 388 | EN ISO 20471 | EN ISO 20345,Coveralls | Cut/heat gloves | Hi-vis | Safety boots | Some FR | +Mixed market town kit,coveralls | work-gloves | hi-vis | safety-footwear | work-trousers | polo-shirts,YES - verify vs ONS/NOMIS
Redhill,Surrey,RH,"Corporate, retail & services",Logistics & distribution,L,Financial & professional services | Retail | Facilities | Security | +Logistics & distribution,Embroidery/branding | EN ISO 20471 (facilities) | EN ISO 20471 | EN ISO 20345 | EN 342 | EN 511 | EN 388,Branded polos & shirts | Retail uniforms | Facilities hi-vis | Security | +Logistics & distribution kit,corporate-wear | hi-vis | security | safety-footwear | cold-store-thermal | work-gloves,YES - verify vs ONS/NOMIS
Epsom,Surrey,KT,"Corporate, retail & services",Healthcare & public sector,L,Financial & professional services | Retail | Facilities | Security | +Healthcare & public sector,Embroidery/branding | EN ISO 20471 (facilities) | Colour-coded tunics | EN ISO 20347 | Industrial-wash,Branded polos & shirts | Retail uniforms | Facilities hi-vis | Security | +Healthcare & public sector kit,corporate-wear | hi-vis | security | healthcare-scrubs | tunics,YES - verify vs ONS/NOMIS
Staines,Surrey,TW,Logistics & distribution,"Corporate, retail & services",M,"Warehousing & distribution | Cold-chain | Fulfilment | Haulage | +Corporate, retail & services",EN ISO 20471 | EN ISO 20345 | EN 342 | EN 511 | EN 388 | Embroidery/branding | EN ISO 20471 (facilities),"Hi-vis (Class 2/3) | S3 safety boots | Cold-store thermals | Cut gloves | Bump caps | +Corporate, retail & services kit",hi-vis | safety-footwear | cold-store-thermal | work-gloves | corporate-wear | security,check
Bristol,Bristol,BS,"Corporate, retail & services",Manufacturing & engineering,H,Financial & professional services | Retail | Facilities | Security | +Manufacturing & engineering,Embroidery/branding | EN ISO 20471 (facilities) | EN ISO 11611 | EN ISO 11612 | EN 388 | EN ISO 20471 | EN ISO 20345,Branded polos & shirts | Retail uniforms | Facilities hi-vis | Security | +Manufacturing & engineering kit,corporate-wear | hi-vis | security | coveralls | work-gloves | safety-footwear,
Plymouth,Devon,PL,Port & maritime,Manufacturing & engineering,H,Ports & docks | Shipping & freight | Marine services | +Manufacturing & engineering,EN ISO 20471 | EN 343 | EN ISO 20345 | EN 342 | EN ISO 11611 | EN ISO 11612 | EN 388,Hi-vis | Waterproofs | Cold protection | Safety boots | +Manufacturing & engineering kit,hi-vis | waterproofs | safety-footwear | cold-store-thermal | coveralls | work-gloves,
Exeter,Devon,EX,"University, research & tech",Healthcare & public sector,M,Higher education | Research & labs | Tech & life sciences | +Healthcare & public sector,EN 1149-5 | Food-safe | EN ISO 20471 | Colour-coded tunics | EN ISO 20347 | Industrial-wash,Lab coats | Antistatic/ESD | Catering | Estates hi-vis | +Healthcare & public sector kit,lab-coats | healthcare | hi-vis | healthcare-scrubs | tunics,check
Gloucester,Gloucestershire,GL,Manufacturing & engineering,Healthcare & public sector,M,General & precision manufacturing | Engineering | Fabrication | +Healthcare & public sector,EN ISO 11611 | EN ISO 11612 | EN 388 | EN ISO 20471 | EN ISO 20345 | Colour-coded tunics | EN ISO 20347 | Industrial-wash,Coveralls | Cut/heat gloves | Hi-vis | Safety boots | Some FR | +Healthcare & public sector kit,coveralls | work-gloves | hi-vis | safety-footwear | healthcare-scrubs | tunics,check
Cheltenham,Gloucestershire,GL,"Corporate, retail & services",Tourism & hospitality,M,Financial & professional services | Retail | Facilities | Security | +Tourism & hospitality,Embroidery/branding | EN ISO 20471 (facilities) | EN ISO 20347 (SRC) | Food-safe | Industrial-wash,Branded polos & shirts | Retail uniforms | Facilities hi-vis | Security | +Tourism & hospitality kit,corporate-wear | hi-vis | security | chef-whites | hospitality | aprons,check
Swindon,Wiltshire,SN,Logistics & distribution,Automotive,H,Warehousing & distribution | Cold-chain | Fulfilment | Haulage | +Automotive,EN ISO 20471 | EN ISO 20345 | EN 342 | EN 511 | EN 388 | EN 1149-5 | EN 13034,Hi-vis (Class 2/3) | S3 safety boots | Cold-store thermals | Cut gloves | Bump caps | +Automotive kit,hi-vis | safety-footwear | cold-store-thermal | work-gloves | coveralls,
Bournemouth,Dorset,BH,Tourism & hospitality,"Corporate, retail & services",H,"Hotels & hospitality | Tourism | Catering | Events | +Corporate, retail & services",EN ISO 20347 (SRC) | Food-safe | Industrial-wash | Embroidery/branding | EN ISO 20471 (facilities),"Chef whites | Aprons | FOH uniforms | Housekeeping tunics | Kitchen shoes | +Corporate, retail & services kit",chef-whites | hospitality | aprons | corporate-wear | hi-vis | security,
Poole,Dorset,BH,Manufacturing & engineering,Port & maritime,H,General & precision manufacturing | Engineering | Fabrication | +Port & maritime,EN ISO 11611 | EN ISO 11612 | EN 388 | EN ISO 20471 | EN ISO 20345 | EN 343 | EN 342,Coveralls | Cut/heat gloves | Hi-vis | Safety boots | Some FR | +Port & maritime kit,coveralls | work-gloves | hi-vis | safety-footwear | waterproofs | cold-store-thermal,
Bath,Somerset,BA,Tourism & hospitality,"University, research & tech",H,"Hotels & hospitality | Tourism | Catering | Events | +University, research & tech",EN ISO 20347 (SRC) | Food-safe | Industrial-wash | EN 1149-5 | EN ISO 20471,"Chef whites | Aprons | FOH uniforms | Housekeeping tunics | Kitchen shoes | +University, research & tech kit",chef-whites | hospitality | aprons | lab-coats | healthcare | hi-vis,
Taunton,Somerset,TA,Agriculture & rural,Healthcare & public sector,M,Agriculture | Horticulture | Forestry | Land management | +Healthcare & public sector,EN 343 | EN ISO 11393 (chainsaw) | EN ISO 20471 | EN ISO 20345 | Colour-coded tunics | EN ISO 20347 | Industrial-wash,Waterproofs | Chainsaw trousers | Wellingtons | Hi-vis | Thermals | +Healthcare & public sector kit,waterproofs | wellingtons | chainsaw | hi-vis | healthcare-scrubs | tunics,check
Yeovil,Somerset,BA,Manufacturing & engineering,Agriculture & rural,H,General & precision manufacturing | Engineering | Fabrication | +Agriculture & rural,EN ISO 11611 | EN ISO 11612 | EN 388 | EN ISO 20471 | EN ISO 20345 | EN 343 | EN ISO 11393 (chainsaw),Coveralls | Cut/heat gloves | Hi-vis | Safety boots | Some FR | +Agriculture & rural kit,coveralls | work-gloves | hi-vis | safety-footwear | waterproofs | wellingtons | chainsaw,
Weston-super-Mare,Somerset,BS,Tourism & hospitality,Mixed market town,M,Hotels & hospitality | Tourism | Catering | Events | +Mixed market town,EN ISO 20347 (SRC) | Food-safe | Industrial-wash | EN ISO 20471 | EN ISO 20345,Chef whites | Aprons | FOH uniforms | Housekeeping tunics | Kitchen shoes | +Mixed market town kit,chef-whites | hospitality | aprons | hi-vis | work-trousers | safety-footwear | polo-shirts,check
Truro,Cornwall,TR,Healthcare & public sector,Tourism & hospitality,M,NHS & healthcare | Care homes | Public sector | Facilities | +Tourism & hospitality,Colour-coded tunics | EN ISO 20347 | Industrial-wash | EN ISO 20347 (SRC) | Food-safe,Scrubs | Tunics | Healthcare footwear | Facilities hi-vis | +Tourism & hospitality kit,healthcare-scrubs | tunics | hi-vis | chef-whites | hospitality | aprons,check
Newquay,Cornwall,TR,Tourism & hospitality,Agriculture & rural,H,Hotels & hospitality | Tourism | Catering | Events | +Agriculture & rural,EN ISO 20347 (SRC) | Food-safe | Industrial-wash | EN 343 | EN ISO 11393 (chainsaw) | EN ISO 20471 | EN ISO 20345,Chef whites | Aprons | FOH uniforms | Housekeeping tunics | Kitchen shoes | +Agriculture & rural kit,chef-whites | hospitality | aprons | waterproofs | wellingtons | chainsaw | hi-vis,
Penzance,Cornwall,TR,Tourism & hospitality,Food & drink processing,M,Hotels & hospitality | Tourism | Catering | Events | +Food & drink processing,EN ISO 20347 (SRC) | Food-safe | Industrial-wash | EN 342 | EN ISO 20345 | EN 388,Chef whites | Aprons | FOH uniforms | Housekeeping tunics | Kitchen shoes | +Food & drink processing kit,chef-whites | hospitality | aprons | food-hygiene-wear | cold-store-thermal | wellingtons | work-gloves,check
St Austell,Cornwall,PL,Agriculture & rural,Tourism & hospitality,M,Agriculture | Horticulture | Forestry | Land management | +Tourism & hospitality,EN 343 | EN ISO 11393 (chainsaw) | EN ISO 20471 | EN ISO 20345 | EN ISO 20347 (SRC) | Food-safe | Industrial-wash,Waterproofs | Chainsaw trousers | Wellingtons | Hi-vis | Thermals | +Tourism & hospitality kit,waterproofs | wellingtons | chainsaw | hi-vis | chef-whites | hospitality | aprons,check
Torquay,Devon,TQ,Tourism & hospitality,Mixed market town,H,Hotels & hospitality | Tourism | Catering | Events | +Mixed market town,EN ISO 20347 (SRC) | Food-safe | Industrial-wash | EN ISO 20471 | EN ISO 20345,Chef whites | Aprons | FOH uniforms | Housekeeping tunics | Kitchen shoes | +Mixed market town kit,chef-whites | hospitality | aprons | hi-vis | work-trousers | safety-footwear | polo-shirts,
Barnstaple,Devon,EX,Agriculture & rural,Tourism & hospitality,M,Agriculture | Horticulture | Forestry | Land management | +Tourism & hospitality,EN 343 | EN ISO 11393 (chainsaw) | EN ISO 20471 | EN ISO 20345 | EN ISO 20347 (SRC) | Food-safe | Industrial-wash,Waterproofs | Chainsaw trousers | Wellingtons | Hi-vis | Thermals | +Tourism & hospitality kit,waterproofs | wellingtons | chainsaw | hi-vis | chef-whites | hospitality | aprons,check
Salisbury,Wiltshire,SP,Tourism & hospitality,Agriculture & rural,M,Hotels & hospitality | Tourism | Catering | Events | +Agriculture & rural,EN ISO 20347 (SRC) | Food-safe | Industrial-wash | EN 343 | EN ISO 11393 (chainsaw) | EN ISO 20471 | EN ISO 20345,Chef whites | Aprons | FOH uniforms | Housekeeping tunics | Kitchen shoes | +Agriculture & rural kit,chef-whites | hospitality | aprons | waterproofs | wellingtons | chainsaw | hi-vis,check
Chippenham,Wiltshire,SN,Manufacturing & engineering,Logistics & distribution,M,General & precision manufacturing | Engineering | Fabrication | +Logistics & distribution,EN ISO 11611 | EN ISO 11612 | EN 388 | EN ISO 20471 | EN ISO 20345 | EN 342 | EN 511,Coveralls | Cut/heat gloves | Hi-vis | Safety boots | Some FR | +Logistics & distribution kit,coveralls | work-gloves | hi-vis | safety-footwear | cold-store-thermal,check
Trowbridge,Wiltshire,BA,Manufacturing & engineering,Mixed market town,L,General & precision manufacturing | Engineering | Fabrication | +Mixed market town,EN ISO 11611 | EN ISO 11612 | EN 388 | EN ISO 20471 | EN ISO 20345,Coveralls | Cut/heat gloves | Hi-vis | Safety boots | Some FR | +Mixed market town kit,coveralls | work-gloves | hi-vis | safety-footwear | work-trousers | polo-shirts,YES - verify vs ONS/NOMIS
Weymouth,Dorset,DT,Tourism & hospitality,Mixed market town,M,Hotels & hospitality | Tourism | Catering | Events | +Mixed market town,EN ISO 20347 (SRC) | Food-safe | Industrial-wash | EN ISO 20471 | EN ISO 20345,Chef whites | Aprons | FOH uniforms | Housekeeping tunics | Kitchen shoes | +Mixed market town kit,chef-whites | hospitality | aprons | hi-vis | work-trousers | safety-footwear | polo-shirts,check
Bridgwater,Somerset,TA,Manufacturing & engineering,Logistics & distribution,H,General & precision manufacturing | Engineering | Fabrication | +Logistics & distribution,EN ISO 11611 | EN ISO 11612 | EN 388 | EN ISO 20471 | EN ISO 20345 | EN 342 | EN 511,Coveralls | Cut/heat gloves | Hi-vis | Safety boots | Some FR | +Logistics & distribution kit,coveralls | work-gloves | hi-vis | safety-footwear | cold-store-thermal,
Stroud,Gloucestershire,GL,Manufacturing & engineering,Agriculture & rural,L,General & precision manufacturing | Engineering | Fabrication | +Agriculture & rural,EN ISO 11611 | EN ISO 11612 | EN 388 | EN ISO 20471 | EN ISO 20345 | EN 343 | EN ISO 11393 (chainsaw),Coveralls | Cut/heat gloves | Hi-vis | Safety boots | Some FR | +Agriculture & rural kit,coveralls | work-gloves | hi-vis | safety-footwear | waterproofs | wellingtons | chainsaw,YES - verify vs ONS/NOMIS
Dorchester,Dorset,DT,Agriculture & rural,Tourism & hospitality,L,Agriculture | Horticulture | Forestry | Land management | +Tourism & hospitality,EN 343 | EN ISO 11393 (chainsaw) | EN ISO 20471 | EN ISO 20345 | EN ISO 20347 (SRC) | Food-safe | Industrial-wash,Waterproofs | Chainsaw trousers | Wellingtons | Hi-vis | Thermals | +Tourism & hospitality kit,waterproofs | wellingtons | chainsaw | hi-vis | chef-whites | hospitality | aprons,YES - verify vs ONS/NOMIS
Falmouth,Cornwall,TR,Port & maritime,Tourism & hospitality,M,Ports & docks | Shipping & freight | Marine services | +Tourism & hospitality,EN ISO 20471 | EN 343 | EN ISO 20345 | EN 342 | EN ISO 20347 (SRC) | Food-safe | Industrial-wash,Hi-vis | Waterproofs | Cold protection | Safety boots | +Tourism & hospitality kit,hi-vis | waterproofs | safety-footwear | cold-store-thermal | chef-whites | hospitality | aprons,check
Redruth,Cornwall,TR,Manufacturing & engineering,Mixed market town,L,General & precision manufacturing | Engineering | Fabrication | +Mixed market town,EN ISO 11611 | EN ISO 11612 | EN 388 | EN ISO 20471 | EN ISO 20345,Coveralls | Cut/heat gloves | Hi-vis | Safety boots | Some FR | +Mixed market town kit,coveralls | work-gloves | hi-vis | safety-footwear | work-trousers | polo-shirts,YES - verify vs ONS/NOMIS
Cardiff,South Wales,CF,"Corporate, retail & services","University, research & tech",H,"Financial & professional services | Retail | Facilities | Security | +University, research & tech",Embroidery/branding | EN ISO 20471 (facilities) | EN 1149-5 | Food-safe | EN ISO 20471,"Branded polos & shirts | Retail uniforms | Facilities hi-vis | Security | +University, research & tech kit",corporate-wear | hi-vis | security | lab-coats | healthcare,
Swansea,South Wales,SA,Manufacturing & engineering,"University, research & tech",M,"General & precision manufacturing | Engineering | Fabrication | +University, research & tech",EN ISO 11611 | EN ISO 11612 | EN 388 | EN ISO 20471 | EN ISO 20345 | EN 1149-5 | Food-safe,"Coveralls | Cut/heat gloves | Hi-vis | Safety boots | Some FR | +University, research & tech kit",coveralls | work-gloves | hi-vis | safety-footwear | lab-coats | healthcare,check
Newport,South Wales,NP,Steel & metals,Logistics & distribution,H,Steel & tube | Foundries | Metals processing | +Logistics & distribution,EN ISO 11612 (D/E) | EN ISO 11611 | EN 407 | EN ISO 20345 | EN ISO 20471 | EN 342 | EN 511 | EN 388,FR & molten-metal coveralls | Heat gloves | Foundry boots | +Logistics & distribution kit,fr-coveralls | heat-gloves | safety-footwear | hi-vis | cold-store-thermal | work-gloves,
Wrexham,North Wales,LL,Manufacturing & engineering,Logistics & distribution,H,General & precision manufacturing | Engineering | Fabrication | +Logistics & distribution,EN ISO 11611 | EN ISO 11612 | EN 388 | EN ISO 20471 | EN ISO 20345 | EN 342 | EN 511,Coveralls | Cut/heat gloves | Hi-vis | Safety boots | Some FR | +Logistics & distribution kit,coveralls | work-gloves | hi-vis | safety-footwear | cold-store-thermal,
Port Talbot,South Wales,SA,Steel & metals,"Chemical, petrochem & pharma",H,"Steel & tube | Foundries | Metals processing | +Chemical, petrochem & pharma",EN ISO 11612 (D/E) | EN ISO 11611 | EN 407 | EN ISO 20345 | EN ISO 11612 | EN 1149-5 | EN 13034 | EN 14605,"FR & molten-metal coveralls | Heat gloves | Foundry boots | +Chemical, petrochem & pharma kit",fr-coveralls | heat-gloves | safety-footwear | chemical-suits | hi-vis,
Bridgend,South Wales,CF,Automotive,Logistics & distribution,M,Vehicle manufacture | Bodyshops | MOT & fast-fit | Parts | +Logistics & distribution,EN 388 | EN 1149-5 | EN ISO 20345 | EN 13034 | EN ISO 20471 | EN 342 | EN 511,Boilersuits/coveralls | Nitrile & cut gloves | Antistatic (paint/ESD) | Safety boots | +Logistics & distribution kit,coveralls | work-gloves | safety-footwear | hi-vis | cold-store-thermal,check
Barry,South Wales,CF,"Chemical, petrochem & pharma",Port & maritime,M,Chemicals | Petrochemicals | Pharmaceuticals | +Port & maritime,EN ISO 11612 | EN 1149-5 | EN 13034 | EN 14605 | EN ISO 20471 | EN 343 | EN ISO 20345 | EN 342,FR & antistatic coveralls | Chemical suits | Hi-vis | +Port & maritime kit,fr-coveralls | chemical-suits | hi-vis | waterproofs | safety-footwear | cold-store-thermal,check
Llanelli,South Wales,SA,Manufacturing & engineering,Mixed market town,L,General & precision manufacturing | Engineering | Fabrication | +Mixed market town,EN ISO 11611 | EN ISO 11612 | EN 388 | EN ISO 20471 | EN ISO 20345,Coveralls | Cut/heat gloves | Hi-vis | Safety boots | Some FR | +Mixed market town kit,coveralls | work-gloves | hi-vis | safety-footwear | work-trousers | polo-shirts,YES - verify vs ONS/NOMIS
Merthyr Tydfil,South Wales,CF,Manufacturing & engineering,Logistics & distribution,M,General & precision manufacturing | Engineering | Fabrication | +Logistics & distribution,EN ISO 11611 | EN ISO 11612 | EN 388 | EN ISO 20471 | EN ISO 20345 | EN 342 | EN 511,Coveralls | Cut/heat gloves | Hi-vis | Safety boots | Some FR | +Logistics & distribution kit,coveralls | work-gloves | hi-vis | safety-footwear | cold-store-thermal,check
Rhyl,North Wales,LL,Tourism & hospitality,Mixed market town,L,Hotels & hospitality | Tourism | Catering | Events | +Mixed market town,EN ISO 20347 (SRC) | Food-safe | Industrial-wash | EN ISO 20471 | EN ISO 20345,Chef whites | Aprons | FOH uniforms | Housekeeping tunics | Kitchen shoes | +Mixed market town kit,chef-whites | hospitality | aprons | hi-vis | work-trousers | safety-footwear | polo-shirts,YES - verify vs ONS/NOMIS
Bangor,North Wales,LL,"University, research & tech",Tourism & hospitality,M,Higher education | Research & labs | Tech & life sciences | +Tourism & hospitality,EN 1149-5 | Food-safe | EN ISO 20471 | EN ISO 20347 (SRC) | Industrial-wash,Lab coats | Antistatic/ESD | Catering | Estates hi-vis | +Tourism & hospitality kit,lab-coats | healthcare | hi-vis | chef-whites | hospitality | aprons,check
Aberystwyth,Mid Wales,SY,"University, research & tech",Agriculture & rural,M,Higher education | Research & labs | Tech & life sciences | +Agriculture & rural,EN 1149-5 | Food-safe | EN ISO 20471 | EN 343 | EN ISO 11393 (chainsaw) | EN ISO 20345,Lab coats | Antistatic/ESD | Catering | Estates hi-vis | +Agriculture & rural kit,lab-coats | healthcare | hi-vis | waterproofs | wellingtons | chainsaw,check
Cwmbran,South Wales,NP,Manufacturing & engineering,Logistics & distribution,M,General & precision manufacturing | Engineering | Fabrication | +Logistics & distribution,EN ISO 11611 | EN ISO 11612 | EN 388 | EN ISO 20471 | EN ISO 20345 | EN 342 | EN 511,Coveralls | Cut/heat gloves | Hi-vis | Safety boots | Some FR | +Logistics & distribution kit,coveralls | work-gloves | hi-vis | safety-footwear | cold-store-thermal,check
Pontypridd,South Wales,CF,Manufacturing & engineering,Mixed market town,L,General & precision manufacturing | Engineering | Fabrication | +Mixed market town,EN ISO 11611 | EN ISO 11612 | EN 388 | EN ISO 20471 | EN ISO 20345,Coveralls | Cut/heat gloves | Hi-vis | Safety boots | Some FR | +Mixed market town kit,coveralls | work-gloves | hi-vis | safety-footwear | work-trousers | polo-shirts,YES - verify vs ONS/NOMIS
Neath,South Wales,SA,Manufacturing & engineering,Mixed market town,L,General & precision manufacturing | Engineering | Fabrication | +Mixed market town,EN ISO 11611 | EN ISO 11612 | EN 388 | EN ISO 20471 | EN ISO 20345,Coveralls | Cut/heat gloves | Hi-vis | Safety boots | Some FR | +Mixed market town kit,coveralls | work-gloves | hi-vis | safety-footwear | work-trousers | polo-shirts,YES - verify vs ONS/NOMIS
Deeside,North Wales,CH,Manufacturing & engineering,Automotive,H,General & precision manufacturing | Engineering | Fabrication | +Automotive,EN ISO 11611 | EN ISO 11612 | EN 388 | EN ISO 20471 | EN ISO 20345 | EN 1149-5 | EN 13034,Coveralls | Cut/heat gloves | Hi-vis | Safety boots | Some FR | +Automotive kit,coveralls | work-gloves | hi-vis | safety-footwear,
Colwyn Bay,North Wales,LL,Tourism & hospitality,Mixed market town,L,Hotels & hospitality | Tourism | Catering | Events | +Mixed market town,EN ISO 20347 (SRC) | Food-safe | Industrial-wash | EN ISO 20471 | EN ISO 20345,Chef whites | Aprons | FOH uniforms | Housekeeping tunics | Kitchen shoes | +Mixed market town kit,chef-whites | hospitality | aprons | hi-vis | work-trousers | safety-footwear | polo-shirts,YES - verify vs ONS/NOMIS
Haverfordwest,West Wales,SA,Agriculture & rural,"Chemical, petrochem & pharma",M,"Agriculture | Horticulture | Forestry | Land management | +Chemical, petrochem & pharma",EN 343 | EN ISO 11393 (chainsaw) | EN ISO 20471 | EN ISO 20345 | EN ISO 11612 | EN 1149-5 | EN 13034 | EN 14605,"Waterproofs | Chainsaw trousers | Wellingtons | Hi-vis | Thermals | +Chemical, petrochem & pharma kit",waterproofs | wellingtons | chainsaw | hi-vis | fr-coveralls | chemical-suits,check
Belfast,Northern Ireland,BT,Manufacturing & engineering,Port & maritime,H,General & precision manufacturing | Engineering | Fabrication | +Port & maritime,EN ISO 11611 | EN ISO 11612 | EN 388 | EN ISO 20471 | EN ISO 20345 | EN 343 | EN 342,Coveralls | Cut/heat gloves | Hi-vis | Safety boots | Some FR | +Port & maritime kit,coveralls | work-gloves | hi-vis | safety-footwear | waterproofs | cold-store-thermal,
Londonderry,Northern Ireland,BT,Manufacturing & engineering,Healthcare & public sector,M,General & precision manufacturing | Engineering | Fabrication | +Healthcare & public sector,EN ISO 11611 | EN ISO 11612 | EN 388 | EN ISO 20471 | EN ISO 20345 | Colour-coded tunics | EN ISO 20347 | Industrial-wash,Coveralls | Cut/heat gloves | Hi-vis | Safety boots | Some FR | +Healthcare & public sector kit,coveralls | work-gloves | hi-vis | safety-footwear | healthcare-scrubs | tunics,check
Lisburn,Northern Ireland,BT,Manufacturing & engineering,Logistics & distribution,M,General & precision manufacturing | Engineering | Fabrication | +Logistics & distribution,EN ISO 11611 | EN ISO 11612 | EN 388 | EN ISO 20471 | EN ISO 20345 | EN 342 | EN 511,Coveralls | Cut/heat gloves | Hi-vis | Safety boots | Some FR | +Logistics & distribution kit,coveralls | work-gloves | hi-vis | safety-footwear | cold-store-thermal,check
Newtownabbey,Northern Ireland,BT,Manufacturing & engineering,Logistics & distribution,L,General & precision manufacturing | Engineering | Fabrication | +Logistics & distribution,EN ISO 11611 | EN ISO 11612 | EN 388 | EN ISO 20471 | EN ISO 20345 | EN 342 | EN 511,Coveralls | Cut/heat gloves | Hi-vis | Safety boots | Some FR | +Logistics & distribution kit,coveralls | work-gloves | hi-vis | safety-footwear | cold-store-thermal,YES - verify vs ONS/NOMIS
Bangor (NI),Northern Ireland,BT,"Corporate, retail & services",Tourism & hospitality,L,Financial & professional services | Retail | Facilities | Security | +Tourism & hospitality,Embroidery/branding | EN ISO 20471 (facilities) | EN ISO 20347 (SRC) | Food-safe | Industrial-wash,Branded polos & shirts | Retail uniforms | Facilities hi-vis | Security | +Tourism & hospitality kit,corporate-wear | hi-vis | security | chef-whites | hospitality | aprons,YES - verify vs ONS/NOMIS
Craigavon,Northern Ireland,BT,Food & drink processing,Logistics & distribution,M,Food manufacturing | Fish & seafood | Meat & poultry | Bakery | +Logistics & distribution,Food-safe | EN 342 | EN ISO 20345 | EN 388 | EN ISO 20471 | EN 511,Hygiene wear | Cold-store thermals | Wellingtons | Cut gloves | +Logistics & distribution kit,food-hygiene-wear | cold-store-thermal | wellingtons | work-gloves | hi-vis | safety-footwear,check
Ballymena,Northern Ireland,BT,Manufacturing & engineering,Agriculture & rural,M,General & precision manufacturing | Engineering | Fabrication | +Agriculture & rural,EN ISO 11611 | EN ISO 11612 | EN 388 | EN ISO 20471 | EN ISO 20345 | EN 343 | EN ISO 11393 (chainsaw),Coveralls | Cut/heat gloves | Hi-vis | Safety boots | Some FR | +Agriculture & rural kit,coveralls | work-gloves | hi-vis | safety-footwear | waterproofs | wellingtons | chainsaw,check
Newry,Northern Ireland,BT,Logistics & distribution,Agriculture & rural,M,Warehousing & distribution | Cold-chain | Fulfilment | Haulage | +Agriculture & rural,EN ISO 20471 | EN ISO 20345 | EN 342 | EN 511 | EN 388 | EN 343 | EN ISO 11393 (chainsaw),Hi-vis (Class 2/3) | S3 safety boots | Cold-store thermals | Cut gloves | Bump caps | +Agriculture & rural kit,hi-vis | safety-footwear | cold-store-thermal | work-gloves | waterproofs | wellingtons | chainsaw,check
Coleraine,Northern Ireland,BT,Agriculture & rural,Tourism & hospitality,L,Agriculture | Horticulture | Forestry | Land management | +Tourism & hospitality,EN 343 | EN ISO 11393 (chainsaw) | EN ISO 20471 | EN ISO 20345 | EN ISO 20347 (SRC) | Food-safe | Industrial-wash,Waterproofs | Chainsaw trousers | Wellingtons | Hi-vis | Thermals | +Tourism & hospitality kit,waterproofs | wellingtons | chainsaw | hi-vis | chef-whites | hospitality | aprons,YES - verify vs ONS/NOMIS
Omagh,Northern Ireland,BT,Agriculture & rural,Mixed market town,L,Agriculture | Horticulture | Forestry | Land management | +Mixed market town,EN 343 | EN ISO 11393 (chainsaw) | EN ISO 20471 | EN ISO 20345,Waterproofs | Chainsaw trousers | Wellingtons | Hi-vis | Thermals | +Mixed market town kit,waterproofs | wellingtons | chainsaw | hi-vis | work-trousers | safety-footwear | polo-shirts,YES - verify vs ONS/NOMIS
Enniskillen,Northern Ireland,BT,Agriculture & rural,Tourism & hospitality,L,Agriculture | Horticulture | Forestry | Land management | +Tourism & hospitality,EN 343 | EN ISO 11393 (chainsaw) | EN ISO 20471 | EN ISO 20345 | EN ISO 20347 (SRC) | Food-safe | Industrial-wash,Waterproofs | Chainsaw trousers | Wellingtons | Hi-vis | Thermals | +Tourism & hospitality kit,waterproofs | wellingtons | chainsaw | hi-vis | chef-whites | hospitality | aprons,YES - verify vs ONS/NOMIS
Antrim,Northern Ireland,BT,Manufacturing & engineering,Logistics & distribution,L,General & precision manufacturing | Engineering | Fabrication | +Logistics & distribution,EN ISO 11611 | EN ISO 11612 | EN 388 | EN ISO 20471 | EN ISO 20345 | EN 342 | EN 511,Coveralls | Cut/heat gloves | Hi-vis | Safety boots | Some FR | +Logistics & distribution kit,coveralls | work-gloves | hi-vis | safety-footwear | cold-store-thermal,YES - verify vs ONS/NOMIS
Croydon (Purley),Greater London,CR,"Corporate, retail & services",Construction & civils,L,Financial & professional services | Retail | Facilities | Security | +Construction & civils,Embroidery/branding | EN ISO 20471 (facilities) | EN ISO 20471 | EN 397 | EN ISO 20345,Branded polos & shirts | Retail uniforms | Facilities hi-vis | Security | +Construction & civils kit,corporate-wear | hi-vis | security | safety-footwear | work-trousers,YES - verify vs ONS/NOMIS
Bromley,Greater London,BR,"Corporate, retail & services",Mixed market town,L,Financial & professional services | Retail | Facilities | Security | +Mixed market town,Embroidery/branding | EN ISO 20471 (facilities) | EN ISO 20471 | EN ISO 20345,Branded polos & shirts | Retail uniforms | Facilities hi-vis | Security | +Mixed market town kit,corporate-wear | hi-vis | security | work-trousers | safety-footwear | polo-shirts,YES - verify vs ONS/NOMIS
Enfield,Greater London,EN,Logistics & distribution,Manufacturing & engineering,L,Warehousing & distribution | Cold-chain | Fulfilment | Haulage | +Manufacturing & engineering,EN ISO 20471 | EN ISO 20345 | EN 342 | EN 511 | EN 388 | EN ISO 11611 | EN ISO 11612,Hi-vis (Class 2/3) | S3 safety boots | Cold-store thermals | Cut gloves | Bump caps | +Manufacturing & engineering kit,hi-vis | safety-footwear | cold-store-thermal | work-gloves | coveralls,YES - verify vs ONS/NOMIS
Ealing,Greater London,W,"Corporate, retail & services",Mixed market town,L,Financial & professional services | Retail | Facilities | Security | +Mixed market town,Embroidery/branding | EN ISO 20471 (facilities) | EN ISO 20471 | EN ISO 20345,Branded polos & shirts | Retail uniforms | Facilities hi-vis | Security | +Mixed market town kit,corporate-wear | hi-vis | security | work-trousers | safety-footwear | polo-shirts,YES - verify vs ONS/NOMIS
Harrow,Greater London,HA,"Corporate, retail & services",Mixed market town,L,Financial & professional services | Retail | Facilities | Security | +Mixed market town,Embroidery/branding | EN ISO 20471 (facilities) | EN ISO 20471 | EN ISO 20345,Branded polos & shirts | Retail uniforms | Facilities hi-vis | Security | +Mixed market town kit,corporate-wear | hi-vis | security | work-trousers | safety-footwear | polo-shirts,YES - verify vs ONS/NOMIS
Barnet,Greater London,EN,"Corporate, retail & services",Mixed market town,L,Financial & professional services | Retail | Facilities | Security | +Mixed market town,Embroidery/branding | EN ISO 20471 (facilities) | EN ISO 20471 | EN ISO 20345,Branded polos & shirts | Retail uniforms | Facilities hi-vis | Security | +Mixed market town kit,corporate-wear | hi-vis | security | work-trousers | safety-footwear | polo-shirts,YES - verify vs ONS/NOMIS
Kingston upon Thames,Greater London,KT,"Corporate, retail & services",Tourism & hospitality,L,Financial & professional services | Retail | Facilities | Security | +Tourism & hospitality,Embroidery/branding | EN ISO 20471 (facilities) | EN ISO 20347 (SRC) | Food-safe | Industrial-wash,Branded polos & shirts | Retail uniforms | Facilities hi-vis | Security | +Tourism & hospitality kit,corporate-wear | hi-vis | security | chef-whites | hospitality | aprons,YES - verify vs ONS/NOMIS
Sutton,Greater London,SM,"Corporate, retail & services",Mixed market town,L,Financial & professional services | Retail | Facilities | Security | +Mixed market town,Embroidery/branding | EN ISO 20471 (facilities) | EN ISO 20471 | EN ISO 20345,Branded polos & shirts | Retail uniforms | Facilities hi-vis | Security | +Mixed market town kit,corporate-wear | hi-vis | security | work-trousers | safety-footwear | polo-shirts,YES - verify vs ONS/NOMIS
Romford,Greater London,RM,"Corporate, retail & services",Logistics & distribution,L,Financial & professional services | Retail | Facilities | Security | +Logistics & distribution,Embroidery/branding | EN ISO 20471 (facilities) | EN ISO 20471 | EN ISO 20345 | EN 342 | EN 511 | EN 388,Branded polos & shirts | Retail uniforms | Facilities hi-vis | Security | +Logistics & distribution kit,corporate-wear | hi-vis | security | safety-footwear | cold-store-thermal | work-gloves,YES - verify vs ONS/NOMIS
Ilford,Greater London,IG,"Corporate, retail & services",Mixed market town,L,Financial & professional services | Retail | Facilities | Security | +Mixed market town,Embroidery/branding | EN ISO 20471 (facilities) | EN ISO 20471 | EN ISO 20345,Branded polos & shirts | Retail uniforms | Facilities hi-vis | Security | +Mixed market town kit,corporate-wear | hi-vis | security | work-trousers | safety-footwear | polo-shirts,YES - verify vs ONS/NOMIS
Uxbridge,Greater London,UB,Logistics & distribution,"Corporate, retail & services",L,"Warehousing & distribution | Cold-chain | Fulfilment | Haulage | +Corporate, retail & services",EN ISO 20471 | EN ISO 20345 | EN 342 | EN 511 | EN 388 | Embroidery/branding | EN ISO 20471 (facilities),"Hi-vis (Class 2/3) | S3 safety boots | Cold-store thermals | Cut gloves | Bump caps | +Corporate, retail & services kit",hi-vis | safety-footwear | cold-store-thermal | work-gloves | corporate-wear | security,YES - verify vs ONS/NOMIS
Barking,Greater London,IG,Logistics & distribution,Construction & civils,L,Warehousing & distribution | Cold-chain | Fulfilment | Haulage | +Construction & civils,EN ISO 20471 | EN ISO 20345 | EN 342 | EN 511 | EN 388 | EN 397,Hi-vis (Class 2/3) | S3 safety boots | Cold-store thermals | Cut gloves | Bump caps | +Construction & civils kit,hi-vis | safety-footwear | cold-store-thermal | work-gloves | work-trousers,YES - verify vs ONS/NOMIS
Wembley,Greater London,HA,Construction & civils,"Corporate, retail & services",L,"Construction | Civil engineering | Groundworks | Regeneration | +Corporate, retail & services",EN ISO 20471 | EN 397 | EN ISO 20345 | Embroidery/branding | EN ISO 20471 (facilities),"Hi-vis | Hard hats | Cargo trousers | Safety boots | Knee pads | +Corporate, retail & services kit",hi-vis | safety-footwear | work-trousers | corporate-wear | security,YES - verify vs ONS/NOMIS
Feltham,Greater London,TW,Logistics & distribution,Manufacturing & engineering,L,Warehousing & distribution | Cold-chain | Fulfilment | Haulage | +Manufacturing & engineering,EN ISO 20471 | EN ISO 20345 | EN 342 | EN 511 | EN 388 | EN ISO 11611 | EN ISO 11612,Hi-vis (Class 2/3) | S3 safety boots | Cold-store thermals | Cut gloves | Bump caps | +Manufacturing & engineering kit,hi-vis | safety-footwear | cold-store-thermal | work-gloves | coveralls,YES - verify vs ONS/NOMIS
Orpington,Greater London,BR,"Corporate, retail & services",Mixed market town,L,Financial & professional services | Retail | Facilities | Security | +Mixed market town,Embroidery/branding | EN ISO 20471 (facilities) | EN ISO 20471 | EN ISO 20345,Branded polos & shirts | Retail uniforms | Facilities hi-vis | Security | +Mixed market town kit,corporate-wear | hi-vis | security | work-trousers | safety-footwear | polo-shirts,YES - verify vs ONS/NOMIS
Sevenoaks,Kent,TN,"Corporate, retail & services",Mixed market town,L,Financial & professional services | Retail | Facilities | Security | +Mixed market town,Embroidery/branding | EN ISO 20471 (facilities) | EN ISO 20471 | EN ISO 20345,Branded polos & shirts | Retail uniforms | Facilities hi-vis | Security | +Mixed market town kit,corporate-wear | hi-vis | security | work-trousers | safety-footwear | polo-shirts,YES - verify vs ONS/NOMIS
Tonbridge,Kent,TN,"Corporate, retail & services",Mixed market town,L,Financial & professional services | Retail | Facilities | Security | +Mixed market town,Embroidery/branding | EN ISO 20471 (facilities) | EN ISO 20471 | EN ISO 20345,Branded polos & shirts | Retail uniforms | Facilities hi-vis | Security | +Mixed market town kit,corporate-wear | hi-vis | security | work-trousers | safety-footwear | polo-shirts,YES - verify vs ONS/NOMIS
Royal Tunbridge Wells (Southborough),Kent,TN,"Corporate, retail & services",Tourism & hospitality,L,Financial & professional services | Retail | Facilities | Security | +Tourism & hospitality,Embroidery/branding | EN ISO 20471 (facilities) | EN ISO 20347 (SRC) | Food-safe | Industrial-wash,Branded polos & shirts | Retail uniforms | Facilities hi-vis | Security | +Tourism & hospitality kit,corporate-wear | hi-vis | security | chef-whites | hospitality | aprons,YES - verify vs ONS/NOMIS
Haywards Heath,West Sussex,RH,"Corporate, retail & services",Mixed market town,L,Financial & professional services | Retail | Facilities | Security | +Mixed market town,Embroidery/branding | EN ISO 20471 (facilities) | EN ISO 20471 | EN ISO 20345,Branded polos & shirts | Retail uniforms | Facilities hi-vis | Security | +Mixed market town kit,corporate-wear | hi-vis | security | work-trousers | safety-footwear | polo-shirts,YES - verify vs ONS/NOMIS
Burgess Hill,West Sussex,RH,Manufacturing & engineering,"Corporate, retail & services",L,"General & precision manufacturing | Engineering | Fabrication | +Corporate, retail & services",EN ISO 11611 | EN ISO 11612 | EN 388 | EN ISO 20471 | EN ISO 20345 | Embroidery/branding | EN ISO 20471 (facilities),"Coveralls | Cut/heat gloves | Hi-vis | Safety boots | Some FR | +Corporate, retail & services kit",coveralls | work-gloves | hi-vis | safety-footwear | corporate-wear | security,YES - verify vs ONS/NOMIS
Littlehampton,West Sussex,BN,Tourism & hospitality,Mixed market town,L,Hotels & hospitality | Tourism | Catering | Events | +Mixed market town,EN ISO 20347 (SRC) | Food-safe | Industrial-wash | EN ISO 20471 | EN ISO 20345,Chef whites | Aprons | FOH uniforms | Housekeeping tunics | Kitchen shoes | +Mixed market town kit,chef-whites | hospitality | aprons | hi-vis | work-trousers | safety-footwear | polo-shirts,YES - verify vs ONS/NOMIS
Gosport,Hampshire,PO,Manufacturing & engineering,Port & maritime,M,General & precision manufacturing | Engineering | Fabrication | +Port & maritime,EN ISO 11611 | EN ISO 11612 | EN 388 | EN ISO 20471 | EN ISO 20345 | EN 343 | EN 342,Coveralls | Cut/heat gloves | Hi-vis | Safety boots | Some FR | +Port & maritime kit,coveralls | work-gloves | hi-vis | safety-footwear | waterproofs | cold-store-thermal,check
Waterlooville,Hampshire,PO,"Corporate, retail & services",Mixed market town,L,Financial & professional services | Retail | Facilities | Security | +Mixed market town,Embroidery/branding | EN ISO 20471 (facilities) | EN ISO 20471 | EN ISO 20345,Branded polos & shirts | Retail uniforms | Facilities hi-vis | Security | +Mixed market town kit,corporate-wear | hi-vis | security | work-trousers | safety-footwear | polo-shirts,YES - verify vs ONS/NOMIS
Petersfield,Hampshire,GU,Agriculture & rural,"Corporate, retail & services",L,"Agriculture | Horticulture | Forestry | Land management | +Corporate, retail & services",EN 343 | EN ISO 11393 (chainsaw) | EN ISO 20471 | EN ISO 20345 | Embroidery/branding | EN ISO 20471 (facilities),"Waterproofs | Chainsaw trousers | Wellingtons | Hi-vis | Thermals | +Corporate, retail & services kit",waterproofs | wellingtons | chainsaw | hi-vis | corporate-wear | security,YES - verify vs ONS/NOMIS
Fleet,Hampshire,GU,"Corporate, retail & services",Mixed market town,L,Financial & professional services | Retail | Facilities | Security | +Mixed market town,Embroidery/branding | EN ISO 20471 (facilities) | EN ISO 20471 | EN ISO 20345,Branded polos & shirts | Retail uniforms | Facilities hi-vis | Security | +Mixed market town kit,corporate-wear | hi-vis | security | work-trousers | safety-footwear | polo-shirts,YES - verify vs ONS/NOMIS
Camberley,Surrey,GU,"Corporate, retail & services",Mixed market town,L,Financial & professional services | Retail | Facilities | Security | +Mixed market town,Embroidery/branding | EN ISO 20471 (facilities) | EN ISO 20471 | EN ISO 20345,Branded polos & shirts | Retail uniforms | Facilities hi-vis | Security | +Mixed market town kit,corporate-wear | hi-vis | security | work-trousers | safety-footwear | polo-shirts,YES - verify vs ONS/NOMIS
Leatherhead,Surrey,KT,"Corporate, retail & services",Mixed market town,L,Financial & professional services | Retail | Facilities | Security | +Mixed market town,Embroidery/branding | EN ISO 20471 (facilities) | EN ISO 20471 | EN ISO 20345,Branded polos & shirts | Retail uniforms | Facilities hi-vis | Security | +Mixed market town kit,corporate-wear | hi-vis | security | work-trousers | safety-footwear | polo-shirts,YES - verify vs ONS/NOMIS
Dorking,Surrey,RH,"Corporate, retail & services",Agriculture & rural,L,Financial & professional services | Retail | Facilities | Security | +Agriculture & rural,Embroidery/branding | EN ISO 20471 (facilities) | EN 343 | EN ISO 11393 (chainsaw) | EN ISO 20471 | EN ISO 20345,Branded polos & shirts | Retail uniforms | Facilities hi-vis | Security | +Agriculture & rural kit,corporate-wear | hi-vis | security | waterproofs | wellingtons | chainsaw,YES - verify vs ONS/NOMIS
Reigate,Surrey,RH,"Corporate, retail & services",Mixed market town,L,Financial & professional services | Retail | Facilities | Security | +Mixed market town,Embroidery/branding | EN ISO 20471 (facilities) | EN ISO 20471 | EN ISO 20345,Branded polos & shirts | Retail uniforms | Facilities hi-vis | Security | +Mixed market town kit,corporate-wear | hi-vis | security | work-trousers | safety-footwear | polo-shirts,YES - verify vs ONS/NOMIS
Godalming,Surrey,GU,"Corporate, retail & services",Mixed market town,L,Financial & professional services | Retail | Facilities | Security | +Mixed market town,Embroidery/branding | EN ISO 20471 (facilities) | EN ISO 20471 | EN ISO 20345,Branded polos & shirts | Retail uniforms | Facilities hi-vis | Security | +Mixed market town kit,corporate-wear | hi-vis | security | work-trousers | safety-footwear | polo-shirts,YES - verify vs ONS/NOMIS
Bicester,Oxfordshire,OX,Logistics & distribution,"Corporate, retail & services",M,"Warehousing & distribution | Cold-chain | Fulfilment | Haulage | +Corporate, retail & services",EN ISO 20471 | EN ISO 20345 | EN 342 | EN 511 | EN 388 | Embroidery/branding | EN ISO 20471 (facilities),"Hi-vis (Class 2/3) | S3 safety boots | Cold-store thermals | Cut gloves | Bump caps | +Corporate, retail & services kit",hi-vis | safety-footwear | cold-store-thermal | work-gloves | corporate-wear | security,check
Witney,Oxfordshire,OX,Manufacturing & engineering,Agriculture & rural,L,General & precision manufacturing | Engineering | Fabrication | +Agriculture & rural,EN ISO 11611 | EN ISO 11612 | EN 388 | EN ISO 20471 | EN ISO 20345 | EN 343 | EN ISO 11393 (chainsaw),Coveralls | Cut/heat gloves | Hi-vis | Safety boots | Some FR | +Agriculture & rural kit,coveralls | work-gloves | hi-vis | safety-footwear | waterproofs | wellingtons | chainsaw,YES - verify vs ONS/NOMIS
Abingdon,Oxfordshire,OX,"University, research & tech",Manufacturing & engineering,M,Higher education | Research & labs | Tech & life sciences | +Manufacturing & engineering,EN 1149-5 | Food-safe | EN ISO 20471 | EN ISO 11611 | EN ISO 11612 | EN 388 | EN ISO 20345,Lab coats | Antistatic/ESD | Catering | Estates hi-vis | +Manufacturing & engineering kit,lab-coats | healthcare | hi-vis | coveralls | work-gloves | safety-footwear,check
Didcot,Oxfordshire,OX,"University, research & tech",Logistics & distribution,M,Higher education | Research & labs | Tech & life sciences | +Logistics & distribution,EN 1149-5 | Food-safe | EN ISO 20471 | EN ISO 20345 | EN 342 | EN 511 | EN 388,Lab coats | Antistatic/ESD | Catering | Estates hi-vis | +Logistics & distribution kit,lab-coats | healthcare | hi-vis | safety-footwear | cold-store-thermal | work-gloves,check
Chesham,Buckinghamshire,HP,"Corporate, retail & services",Mixed market town,L,Financial & professional services | Retail | Facilities | Security | +Mixed market town,Embroidery/branding | EN ISO 20471 (facilities) | EN ISO 20471 | EN ISO 20345,Branded polos & shirts | Retail uniforms | Facilities hi-vis | Security | +Mixed market town kit,corporate-wear | hi-vis | security | work-trousers | safety-footwear | polo-shirts,YES - verify vs ONS/NOMIS
Amersham,Buckinghamshire,HP,"Corporate, retail & services",Mixed market town,L,Financial & professional services | Retail | Facilities | Security | +Mixed market town,Embroidery/branding | EN ISO 20471 (facilities) | EN ISO 20471 | EN ISO 20345,Branded polos & shirts | Retail uniforms | Facilities hi-vis | Security | +Mixed market town kit,corporate-wear | hi-vis | security | work-trousers | safety-footwear | polo-shirts,YES - verify vs ONS/NOMIS
Marlow,Buckinghamshire,SL,"Corporate, retail & services",Tourism & hospitality,L,Financial & professional services | Retail | Facilities | Security | +Tourism & hospitality,Embroidery/branding | EN ISO 20471 (facilities) | EN ISO 20347 (SRC) | Food-safe | Industrial-wash,Branded polos & shirts | Retail uniforms | Facilities hi-vis | Security | +Tourism & hospitality kit,corporate-wear | hi-vis | security | chef-whites | hospitality | aprons,YES - verify vs ONS/NOMIS
Wokingham,Berkshire,RG,"Corporate, retail & services",Mixed market town,L,Financial & professional services | Retail | Facilities | Security | +Mixed market town,Embroidery/branding | EN ISO 20471 (facilities) | EN ISO 20471 | EN ISO 20345,Branded polos & shirts | Retail uniforms | Facilities hi-vis | Security | +Mixed market town kit,corporate-wear | hi-vis | security | work-trousers | safety-footwear | polo-shirts,YES - verify vs ONS/NOMIS
Maidenhead,Berkshire,SL,"Corporate, retail & services",Logistics & distribution,M,Financial & professional services | Retail | Facilities | Security | +Logistics & distribution,Embroidery/branding | EN ISO 20471 (facilities) | EN ISO 20471 | EN ISO 20345 | EN 342 | EN 511 | EN 388,Branded polos & shirts | Retail uniforms | Facilities hi-vis | Security | +Logistics & distribution kit,corporate-wear | hi-vis | security | safety-footwear | cold-store-thermal | work-gloves,check
Windsor,Berkshire,SL,Tourism & hospitality,"Corporate, retail & services",M,"Hotels & hospitality | Tourism | Catering | Events | +Corporate, retail & services",EN ISO 20347 (SRC) | Food-safe | Industrial-wash | Embroidery/branding | EN ISO 20471 (facilities),"Chef whites | Aprons | FOH uniforms | Housekeeping tunics | Kitchen shoes | +Corporate, retail & services kit",chef-whites | hospitality | aprons | corporate-wear | hi-vis | security,check
Deal,Kent,CT,Tourism & hospitality,Mixed market town,L,Hotels & hospitality | Tourism | Catering | Events | +Mixed market town,EN ISO 20347 (SRC) | Food-safe | Industrial-wash | EN ISO 20471 | EN ISO 20345,Chef whites | Aprons | FOH uniforms | Housekeeping tunics | Kitchen shoes | +Mixed market town kit,chef-whites | hospitality | aprons | hi-vis | work-trousers | safety-footwear | polo-shirts,YES - verify vs ONS/NOMIS
Herne Bay,Kent,CT,Tourism & hospitality,Mixed market town,L,Hotels & hospitality | Tourism | Catering | Events | +Mixed market town,EN ISO 20347 (SRC) | Food-safe | Industrial-wash | EN ISO 20471 | EN ISO 20345,Chef whites | Aprons | FOH uniforms | Housekeeping tunics | Kitchen shoes | +Mixed market town kit,chef-whites | hospitality | aprons | hi-vis | work-trousers | safety-footwear | polo-shirts,YES - verify vs ONS/NOMIS
Faversham,Kent,ME,Food & drink processing,Agriculture & rural,M,Food manufacturing | Fish & seafood | Meat & poultry | Bakery | +Agriculture & rural,Food-safe | EN 342 | EN ISO 20345 | EN 388 | EN 343 | EN ISO 11393 (chainsaw) | EN ISO 20471,Hygiene wear | Cold-store thermals | Wellingtons | Cut gloves | +Agriculture & rural kit,food-hygiene-wear | cold-store-thermal | wellingtons | work-gloves | waterproofs | chainsaw | hi-vis,check
Sheerness,Kent,ME,Port & maritime,Logistics & distribution,M,Ports & docks | Shipping & freight | Marine services | +Logistics & distribution,EN ISO 20471 | EN 343 | EN ISO 20345 | EN 342 | EN 511 | EN 388,Hi-vis | Waterproofs | Cold protection | Safety boots | +Logistics & distribution kit,hi-vis | waterproofs | safety-footwear | cold-store-thermal | work-gloves,check
Ramsgate,Kent,CT,Port & maritime,Tourism & hospitality,M,Ports & docks | Shipping & freight | Marine services | +Tourism & hospitality,EN ISO 20471 | EN 343 | EN ISO 20345 | EN 342 | EN ISO 20347 (SRC) | Food-safe | Industrial-wash,Hi-vis | Waterproofs | Cold protection | Safety boots | +Tourism & hospitality kit,hi-vis | waterproofs | safety-footwear | cold-store-thermal | chef-whites | hospitality | aprons,check
Whitstable,Kent,CT,Tourism & hospitality,Food & drink processing,L,Hotels & hospitality | Tourism | Catering | Events | +Food & drink processing,EN ISO 20347 (SRC) | Food-safe | Industrial-wash | EN 342 | EN ISO 20345 | EN 388,Chef whites | Aprons | FOH uniforms | Housekeeping tunics | Kitchen shoes | +Food & drink processing kit,chef-whites | hospitality | aprons | food-hygiene-wear | cold-store-thermal | wellingtons | work-gloves,YES - verify vs ONS/NOMIS
Newhaven,East Sussex,BN,Port & maritime,Manufacturing & engineering,M,Ports & docks | Shipping & freight | Marine services | +Manufacturing & engineering,EN ISO 20471 | EN 343 | EN ISO 20345 | EN 342 | EN ISO 11611 | EN ISO 11612 | EN 388,Hi-vis | Waterproofs | Cold protection | Safety boots | +Manufacturing & engineering kit,hi-vis | waterproofs | safety-footwear | cold-store-thermal | coveralls | work-gloves,check
Bexhill-on-Sea,East Sussex,TN,Tourism & hospitality,Healthcare & public sector,L,Hotels & hospitality | Tourism | Catering | Events | +Healthcare & public sector,EN ISO 20347 (SRC) | Food-safe | Industrial-wash | Colour-coded tunics | EN ISO 20347,Chef whites | Aprons | FOH uniforms | Housekeeping tunics | Kitchen shoes | +Healthcare & public sector kit,chef-whites | hospitality | aprons | healthcare-scrubs | tunics | hi-vis,YES - verify vs ONS/NOMIS
Frome,Somerset,BA,Manufacturing & engineering,Agriculture & rural,L,General & precision manufacturing | Engineering | Fabrication | +Agriculture & rural,EN ISO 11611 | EN ISO 11612 | EN 388 | EN ISO 20471 | EN ISO 20345 | EN 343 | EN ISO 11393 (chainsaw),Coveralls | Cut/heat gloves | Hi-vis | Safety boots | Some FR | +Agriculture & rural kit,coveralls | work-gloves | hi-vis | safety-footwear | waterproofs | wellingtons | chainsaw,YES - verify vs ONS/NOMIS
Wells,Somerset,BA,Tourism & hospitality,Agriculture & rural,L,Hotels & hospitality | Tourism | Catering | Events | +Agriculture & rural,EN ISO 20347 (SRC) | Food-safe | Industrial-wash | EN 343 | EN ISO 11393 (chainsaw) | EN ISO 20471 | EN ISO 20345,Chef whites | Aprons | FOH uniforms | Housekeeping tunics | Kitchen shoes | +Agriculture & rural kit,chef-whites | hospitality | aprons | waterproofs | wellingtons | chainsaw | hi-vis,YES - verify vs ONS/NOMIS
Glastonbury,Somerset,BA,Tourism & hospitality,Agriculture & rural,L,Hotels & hospitality | Tourism | Catering | Events | +Agriculture & rural,EN ISO 20347 (SRC) | Food-safe | Industrial-wash | EN 343 | EN ISO 11393 (chainsaw) | EN ISO 20471 | EN ISO 20345,Chef whites | Aprons | FOH uniforms | Housekeeping tunics | Kitchen shoes | +Agriculture & rural kit,chef-whites | hospitality | aprons | waterproofs | wellingtons | chainsaw | hi-vis,YES - verify vs ONS/NOMIS
Clevedon,Somerset,BS,"Corporate, retail & services",Tourism & hospitality,L,Financial & professional services | Retail | Facilities | Security | +Tourism & hospitality,Embroidery/branding | EN ISO 20471 (facilities) | EN ISO 20347 (SRC) | Food-safe | Industrial-wash,Branded polos & shirts | Retail uniforms | Facilities hi-vis | Security | +Tourism & hospitality kit,corporate-wear | hi-vis | security | chef-whites | hospitality | aprons,YES - verify vs ONS/NOMIS
Portishead,Somerset,BS,"Corporate, retail & services",Mixed market town,L,Financial & professional services | Retail | Facilities | Security | +Mixed market town,Embroidery/branding | EN ISO 20471 (facilities) | EN ISO 20471 | EN ISO 20345,Branded polos & shirts | Retail uniforms | Facilities hi-vis | Security | +Mixed market town kit,corporate-wear | hi-vis | security | work-trousers | safety-footwear | polo-shirts,YES - verify vs ONS/NOMIS
Keynsham,Somerset,BS,Manufacturing & engineering,"Corporate, retail & services",L,"General & precision manufacturing | Engineering | Fabrication | +Corporate, retail & services",EN ISO 11611 | EN ISO 11612 | EN 388 | EN ISO 20471 | EN ISO 20345 | Embroidery/branding | EN ISO 20471 (facilities),"Coveralls | Cut/heat gloves | Hi-vis | Safety boots | Some FR | +Corporate, retail & services kit",coveralls | work-gloves | hi-vis | safety-footwear | corporate-wear | security,YES - verify vs ONS/NOMIS
Yate,Gloucestershire,BS,Manufacturing & engineering,Logistics & distribution,L,General & precision manufacturing | Engineering | Fabrication | +Logistics & distribution,EN ISO 11611 | EN ISO 11612 | EN 388 | EN ISO 20471 | EN ISO 20345 | EN 342 | EN 511,Coveralls | Cut/heat gloves | Hi-vis | Safety boots | Some FR | +Logistics & distribution kit,coveralls | work-gloves | hi-vis | safety-footwear | cold-store-thermal,YES - verify vs ONS/NOMIS
Cirencester,Gloucestershire,GL,Agriculture & rural,Tourism & hospitality,M,Agriculture | Horticulture | Forestry | Land management | +Tourism & hospitality,EN 343 | EN ISO 11393 (chainsaw) | EN ISO 20471 | EN ISO 20345 | EN ISO 20347 (SRC) | Food-safe | Industrial-wash,Waterproofs | Chainsaw trousers | Wellingtons | Hi-vis | Thermals | +Tourism & hospitality kit,waterproofs | wellingtons | chainsaw | hi-vis | chef-whites | hospitality | aprons,check
Tewkesbury,Gloucestershire,GL,Logistics & distribution,Manufacturing & engineering,M,Warehousing & distribution | Cold-chain | Fulfilment | Haulage | +Manufacturing & engineering,EN ISO 20471 | EN ISO 20345 | EN 342 | EN 511 | EN 388 | EN ISO 11611 | EN ISO 11612,Hi-vis (Class 2/3) | S3 safety boots | Cold-store thermals | Cut gloves | Bump caps | +Manufacturing & engineering kit,hi-vis | safety-footwear | cold-store-thermal | work-gloves | coveralls,check
Newton Abbot,Devon,TQ,Agriculture & rural,Logistics & distribution,L,Agriculture | Horticulture | Forestry | Land management | +Logistics & distribution,EN 343 | EN ISO 11393 (chainsaw) | EN ISO 20471 | EN ISO 20345 | EN 342 | EN 511 | EN 388,Waterproofs | Chainsaw trousers | Wellingtons | Hi-vis | Thermals | +Logistics & distribution kit,waterproofs | wellingtons | chainsaw | hi-vis | safety-footwear | cold-store-thermal | work-gloves,YES - verify vs ONS/NOMIS
Paignton,Devon,TQ,Tourism & hospitality,Mixed market town,M,Hotels & hospitality | Tourism | Catering | Events | +Mixed market town,EN ISO 20347 (SRC) | Food-safe | Industrial-wash | EN ISO 20471 | EN ISO 20345,Chef whites | Aprons | FOH uniforms | Housekeeping tunics | Kitchen shoes | +Mixed market town kit,chef-whites | hospitality | aprons | hi-vis | work-trousers | safety-footwear | polo-shirts,check
Brixham,Devon,TQ,Food & drink processing,Tourism & hospitality,M,Food manufacturing | Fish & seafood | Meat & poultry | Bakery | +Tourism & hospitality,Food-safe | EN 342 | EN ISO 20345 | EN 388 | EN ISO 20347 (SRC) | Industrial-wash,Hygiene wear | Cold-store thermals | Wellingtons | Cut gloves | +Tourism & hospitality kit,food-hygiene-wear | cold-store-thermal | wellingtons | work-gloves | chef-whites | hospitality | aprons,check
Tiverton,Devon,EX,Agriculture & rural,Manufacturing & engineering,L,Agriculture | Horticulture | Forestry | Land management | +Manufacturing & engineering,EN 343 | EN ISO 11393 (chainsaw) | EN ISO 20471 | EN ISO 20345 | EN ISO 11611 | EN ISO 11612 | EN 388,Waterproofs | Chainsaw trousers | Wellingtons | Hi-vis | Thermals | +Manufacturing & engineering kit,waterproofs | wellingtons | chainsaw | hi-vis | coveralls | work-gloves | safety-footwear,YES - verify vs ONS/NOMIS
Bideford,Devon,EX,Port & maritime,Agriculture & rural,L,Ports & docks | Shipping & freight | Marine services | +Agriculture & rural,EN ISO 20471 | EN 343 | EN ISO 20345 | EN 342 | EN ISO 11393 (chainsaw),Hi-vis | Waterproofs | Cold protection | Safety boots | +Agriculture & rural kit,hi-vis | waterproofs | safety-footwear | cold-store-thermal | wellingtons | chainsaw,YES - verify vs ONS/NOMIS
Bridport,Dorset,DT,Manufacturing & engineering,Tourism & hospitality,L,General & precision manufacturing | Engineering | Fabrication | +Tourism & hospitality,EN ISO 11611 | EN ISO 11612 | EN 388 | EN ISO 20471 | EN ISO 20345 | EN ISO 20347 (SRC) | Food-safe | Industrial-wash,Coveralls | Cut/heat gloves | Hi-vis | Safety boots | Some FR | +Tourism & hospitality kit,coveralls | work-gloves | hi-vis | safety-footwear | chef-whites | hospitality | aprons,YES - verify vs ONS/NOMIS
Wimborne Minster,Dorset,BH,"Corporate, retail & services",Agriculture & rural,L,Financial & professional services | Retail | Facilities | Security | +Agriculture & rural,Embroidery/branding | EN ISO 20471 (facilities) | EN 343 | EN ISO 11393 (chainsaw) | EN ISO 20471 | EN ISO 20345,Branded polos & shirts | Retail uniforms | Facilities hi-vis | Security | +Agriculture & rural kit,corporate-wear | hi-vis | security | waterproofs | wellingtons | chainsaw,YES - verify vs ONS/NOMIS
Christchurch,Dorset,BH,Tourism & hospitality,Manufacturing & engineering,L,Hotels & hospitality | Tourism | Catering | Events | +Manufacturing & engineering,EN ISO 20347 (SRC) | Food-safe | Industrial-wash | EN ISO 11611 | EN ISO 11612 | EN 388 | EN ISO 20471 | EN ISO 20345,Chef whites | Aprons | FOH uniforms | Housekeeping tunics | Kitchen shoes | +Manufacturing & engineering kit,chef-whites | hospitality | aprons | coveralls | work-gloves | hi-vis | safety-footwear,YES - verify vs ONS/NOMIS
Camborne,Cornwall,TR,Manufacturing & engineering,Mixed market town,L,General & precision manufacturing | Engineering | Fabrication | +Mixed market town,EN ISO 11611 | EN ISO 11612 | EN 388 | EN ISO 20471 | EN ISO 20345,Coveralls | Cut/heat gloves | Hi-vis | Safety boots | Some FR | +Mixed market town kit,coveralls | work-gloves | hi-vis | safety-footwear | work-trousers | polo-shirts,YES - verify vs ONS/NOMIS
Bodmin,Cornwall,PL,Agriculture & rural,Logistics & distribution,L,Agriculture | Horticulture | Forestry | Land management | +Logistics & distribution,EN 343 | EN ISO 11393 (chainsaw) | EN ISO 20471 | EN ISO 20345 | EN 342 | EN 511 | EN 388,Waterproofs | Chainsaw trousers | Wellingtons | Hi-vis | Thermals | +Logistics & distribution kit,waterproofs | wellingtons | chainsaw | hi-vis | safety-footwear | cold-store-thermal | work-gloves,YES - verify vs ONS/NOMIS
Saltash,Cornwall,PL,Mixed market town,Construction & civils,L,Mixed trades | Construction | Retail & services | Light industry | +Construction & civils,EN ISO 20471 | EN ISO 20345 | EN 397,Hi-vis | Work trousers | Safety boots | Branded polos | Embroidery | +Construction & civils kit,hi-vis | work-trousers | safety-footwear | polo-shirts,YES - verify vs ONS/NOMIS
Cirencester (Tetbury),Gloucestershire,GL,Agriculture & rural,Tourism & hospitality,L,Agriculture | Horticulture | Forestry | Land management | +Tourism & hospitality,EN 343 | EN ISO 11393 (chainsaw) | EN ISO 20471 | EN ISO 20345 | EN ISO 20347 (SRC) | Food-safe | Industrial-wash,Waterproofs | Chainsaw trousers | Wellingtons | Hi-vis | Thermals | +Tourism & hospitality kit,waterproofs | wellingtons | chainsaw | hi-vis | chef-whites | hospitality | aprons,YES - verify vs ONS/NOMIS
Ely,Cambridgeshire,CB,Agriculture & rural,Tourism & hospitality,L,Agriculture | Horticulture | Forestry | Land management | +Tourism & hospitality,EN 343 | EN ISO 11393 (chainsaw) | EN ISO 20471 | EN ISO 20345 | EN ISO 20347 (SRC) | Food-safe | Industrial-wash,Waterproofs | Chainsaw trousers | Wellingtons | Hi-vis | Thermals | +Tourism & hospitality kit,waterproofs | wellingtons | chainsaw | hi-vis | chef-whites | hospitality | aprons,YES - verify vs ONS/NOMIS
St Neots,Cambridgeshire,PE,Logistics & distribution,"Corporate, retail & services",L,"Warehousing & distribution | Cold-chain | Fulfilment | Haulage | +Corporate, retail & services",EN ISO 20471 | EN ISO 20345 | EN 342 | EN 511 | EN 388 | Embroidery/branding | EN ISO 20471 (facilities),"Hi-vis (Class 2/3) | S3 safety boots | Cold-store thermals | Cut gloves | Bump caps | +Corporate, retail & services kit",hi-vis | safety-footwear | cold-store-thermal | work-gloves | corporate-wear | security,YES - verify vs ONS/NOMIS
March,Cambridgeshire,PE,Food & drink processing,Agriculture & rural,M,Food manufacturing | Fish & seafood | Meat & poultry | Bakery | +Agriculture & rural,Food-safe | EN 342 | EN ISO 20345 | EN 388 | EN 343 | EN ISO 11393 (chainsaw) | EN ISO 20471,Hygiene wear | Cold-store thermals | Wellingtons | Cut gloves | +Agriculture & rural kit,food-hygiene-wear | cold-store-thermal | wellingtons | work-gloves | waterproofs | chainsaw | hi-vis,check
Newmarket,Suffolk,CB,Agriculture & rural,Tourism & hospitality,M,Agriculture | Horticulture | Forestry | Land management | +Tourism & hospitality,EN 343 | EN ISO 11393 (chainsaw) | EN ISO 20471 | EN ISO 20345 | EN ISO 20347 (SRC) | Food-safe | Industrial-wash,Waterproofs | Chainsaw trousers | Wellingtons | Hi-vis | Thermals | +Tourism & hospitality kit,waterproofs | wellingtons | chainsaw | hi-vis | chef-whites | hospitality | aprons,check
Stowmarket,Suffolk,IP,Food & drink processing,Logistics & distribution,M,Food manufacturing | Fish & seafood | Meat & poultry | Bakery | +Logistics & distribution,Food-safe | EN 342 | EN ISO 20345 | EN 388 | EN ISO 20471 | EN 511,Hygiene wear | Cold-store thermals | Wellingtons | Cut gloves | +Logistics & distribution kit,food-hygiene-wear | cold-store-thermal | wellingtons | work-gloves | hi-vis | safety-footwear,check
Sudbury,Suffolk,CO,Manufacturing & engineering,Agriculture & rural,L,General & precision manufacturing | Engineering | Fabrication | +Agriculture & rural,EN ISO 11611 | EN ISO 11612 | EN 388 | EN ISO 20471 | EN ISO 20345 | EN 343 | EN ISO 11393 (chainsaw),Coveralls | Cut/heat gloves | Hi-vis | Safety boots | Some FR | +Agriculture & rural kit,coveralls | work-gloves | hi-vis | safety-footwear | waterproofs | wellingtons | chainsaw,YES - verify vs ONS/NOMIS
Haverhill,Suffolk,CB,Manufacturing & engineering,Logistics & distribution,M,General & precision manufacturing | Engineering | Fabrication | +Logistics & distribution,EN ISO 11611 | EN ISO 11612 | EN 388 | EN ISO 20471 | EN ISO 20345 | EN 342 | EN 511,Coveralls | Cut/heat gloves | Hi-vis | Safety boots | Some FR | +Logistics & distribution kit,coveralls | work-gloves | hi-vis | safety-footwear | cold-store-thermal,check
Diss,Norfolk,IP,Agriculture & rural,Food & drink processing,L,Agriculture | Horticulture | Forestry | Land management | +Food & drink processing,EN 343 | EN ISO 11393 (chainsaw) | EN ISO 20471 | EN ISO 20345 | Food-safe | EN 342 | EN 388,Waterproofs | Chainsaw trousers | Wellingtons | Hi-vis | Thermals | +Food & drink processing kit,waterproofs | wellingtons | chainsaw | hi-vis | food-hygiene-wear | cold-store-thermal | work-gloves,YES - verify vs ONS/NOMIS
Dereham,Norfolk,NR,Food & drink processing,Agriculture & rural,M,Food manufacturing | Fish & seafood | Meat & poultry | Bakery | +Agriculture & rural,Food-safe | EN 342 | EN ISO 20345 | EN 388 | EN 343 | EN ISO 11393 (chainsaw) | EN ISO 20471,Hygiene wear | Cold-store thermals | Wellingtons | Cut gloves | +Agriculture & rural kit,food-hygiene-wear | cold-store-thermal | wellingtons | work-gloves | waterproofs | chainsaw | hi-vis,check
Cromer,Norfolk,NR,Tourism & hospitality,Food & drink processing,L,Hotels & hospitality | Tourism | Catering | Events | +Food & drink processing,EN ISO 20347 (SRC) | Food-safe | Industrial-wash | EN 342 | EN ISO 20345 | EN 388,Chef whites | Aprons | FOH uniforms | Housekeeping tunics | Kitchen shoes | +Food & drink processing kit,chef-whites | hospitality | aprons | food-hygiene-wear | cold-store-thermal | wellingtons | work-gloves,YES - verify vs ONS/NOMIS
Saffron Walden,Essex,CB,Agriculture & rural,"Corporate, retail & services",L,"Agriculture | Horticulture | Forestry | Land management | +Corporate, retail & services",EN 343 | EN ISO 11393 (chainsaw) | EN ISO 20471 | EN ISO 20345 | Embroidery/branding | EN ISO 20471 (facilities),"Waterproofs | Chainsaw trousers | Wellingtons | Hi-vis | Thermals | +Corporate, retail & services kit",waterproofs | wellingtons | chainsaw | hi-vis | corporate-wear | security,YES - verify vs ONS/NOMIS
Bishop's Stortford,Hertfordshire,CM,"Corporate, retail & services",Logistics & distribution,L,Financial & professional services | Retail | Facilities | Security | +Logistics & distribution,Embroidery/branding | EN ISO 20471 (facilities) | EN ISO 20471 | EN ISO 20345 | EN 342 | EN 511 | EN 388,Branded polos & shirts | Retail uniforms | Facilities hi-vis | Security | +Logistics & distribution kit,corporate-wear | hi-vis | security | safety-footwear | cold-store-thermal | work-gloves,YES - verify vs ONS/NOMIS
Hitchin,Hertfordshire,SG,"Corporate, retail & services",Mixed market town,L,Financial & professional services | Retail | Facilities | Security | +Mixed market town,Embroidery/branding | EN ISO 20471 (facilities) | EN ISO 20471 | EN ISO 20345,Branded polos & shirts | Retail uniforms | Facilities hi-vis | Security | +Mixed market town kit,corporate-wear | hi-vis | security | work-trousers | safety-footwear | polo-shirts,YES - verify vs ONS/NOMIS
Letchworth Garden City,Hertfordshire,SG,Manufacturing & engineering,"Corporate, retail & services",L,"General & precision manufacturing | Engineering | Fabrication | +Corporate, retail & services",EN ISO 11611 | EN ISO 11612 | EN 388 | EN ISO 20471 | EN ISO 20345 | Embroidery/branding | EN ISO 20471 (facilities),"Coveralls | Cut/heat gloves | Hi-vis | Safety boots | Some FR | +Corporate, retail & services kit",coveralls | work-gloves | hi-vis | safety-footwear | corporate-wear | security,YES - verify vs ONS/NOMIS
Royston,Hertfordshire,SG,Manufacturing & engineering,Agriculture & rural,L,General & precision manufacturing | Engineering | Fabrication | +Agriculture & rural,EN ISO 11611 | EN ISO 11612 | EN 388 | EN ISO 20471 | EN ISO 20345 | EN 343 | EN ISO 11393 (chainsaw),Coveralls | Cut/heat gloves | Hi-vis | Safety boots | Some FR | +Agriculture & rural kit,coveralls | work-gloves | hi-vis | safety-footwear | waterproofs | wellingtons | chainsaw,YES - verify vs ONS/NOMIS
Biggleswade,Bedfordshire,SG,Logistics & distribution,Agriculture & rural,M,Warehousing & distribution | Cold-chain | Fulfilment | Haulage | +Agriculture & rural,EN ISO 20471 | EN ISO 20345 | EN 342 | EN 511 | EN 388 | EN 343 | EN ISO 11393 (chainsaw),Hi-vis (Class 2/3) | S3 safety boots | Cold-store thermals | Cut gloves | Bump caps | +Agriculture & rural kit,hi-vis | safety-footwear | cold-store-thermal | work-gloves | waterproofs | wellingtons | chainsaw,check
Leighton Buzzard,Bedfordshire,LU,Logistics & distribution,Manufacturing & engineering,L,Warehousing & distribution | Cold-chain | Fulfilment | Haulage | +Manufacturing & engineering,EN ISO 20471 | EN ISO 20345 | EN 342 | EN 511 | EN 388 | EN ISO 11611 | EN ISO 11612,Hi-vis (Class 2/3) | S3 safety boots | Cold-store thermals | Cut gloves | Bump caps | +Manufacturing & engineering kit,hi-vis | safety-footwear | cold-store-thermal | work-gloves | coveralls,YES - verify vs ONS/NOMIS
Dunstable,Bedfordshire,LU,Logistics & distribution,Manufacturing & engineering,M,Warehousing & distribution | Cold-chain | Fulfilment | Haulage | +Manufacturing & engineering,EN ISO 20471 | EN ISO 20345 | EN 342 | EN 511 | EN 388 | EN ISO 11611 | EN ISO 11612,Hi-vis (Class 2/3) | S3 safety boots | Cold-store thermals | Cut gloves | Bump caps | +Manufacturing & engineering kit,hi-vis | safety-footwear | cold-store-thermal | work-gloves | coveralls,check
Rushden,Northamptonshire,NN,Logistics & distribution,Manufacturing & engineering,M,Warehousing & distribution | Cold-chain | Fulfilment | Haulage | +Manufacturing & engineering,EN ISO 20471 | EN ISO 20345 | EN 342 | EN 511 | EN 388 | EN ISO 11611 | EN ISO 11612,Hi-vis (Class 2/3) | S3 safety boots | Cold-store thermals | Cut gloves | Bump caps | +Manufacturing & engineering kit,hi-vis | safety-footwear | cold-store-thermal | work-gloves | coveralls,check
Ramsgate (Broadstairs),Kent,CT,Tourism & hospitality,Mixed market town,L,Hotels & hospitality | Tourism | Catering | Events | +Mixed market town,EN ISO 20347 (SRC) | Food-safe | Industrial-wash | EN ISO 20471 | EN ISO 20345,Chef whites | Aprons | FOH uniforms | Housekeeping tunics | Kitchen shoes | +Mixed market town kit,chef-whites | hospitality | aprons | hi-vis | work-trousers | safety-footwear | polo-shirts,YES - verify vs ONS/NOMIS
Sandy,Bedfordshire,SG,Agriculture & rural,Logistics & distribution,L,Agriculture | Horticulture | Forestry | Land management | +Logistics & distribution,EN 343 | EN ISO 11393 (chainsaw) | EN ISO 20471 | EN ISO 20345 | EN 342 | EN 511 | EN 388,Waterproofs | Chainsaw trousers | Wellingtons | Hi-vis | Thermals | +Logistics & distribution kit,waterproofs | wellingtons | chainsaw | hi-vis | safety-footwear | cold-store-thermal | work-gloves,YES - verify vs ONS/NOMIS
Melton Mowbray,Leicestershire,LE,Food & drink processing,Agriculture & rural,H,Food manufacturing | Fish & seafood | Meat & poultry | Bakery | +Agriculture & rural,Food-safe | EN 342 | EN ISO 20345 | EN 388 | EN 343 | EN ISO 11393 (chainsaw) | EN ISO 20471,Hygiene wear | Cold-store thermals | Wellingtons | Cut gloves | +Agriculture & rural kit,food-hygiene-wear | cold-store-thermal | wellingtons | work-gloves | waterproofs | chainsaw | hi-vis,
Market Harborough,Leicestershire,LE,"Corporate, retail & services",Logistics & distribution,L,Financial & professional services | Retail | Facilities | Security | +Logistics & distribution,Embroidery/branding | EN ISO 20471 (facilities) | EN ISO 20471 | EN ISO 20345 | EN 342 | EN 511 | EN 388,Branded polos & shirts | Retail uniforms | Facilities hi-vis | Security | +Logistics & distribution kit,corporate-wear | hi-vis | security | safety-footwear | cold-store-thermal | work-gloves,YES - verify vs ONS/NOMIS
Oakham,Rutland,LE,Agriculture & rural,Tourism & hospitality,L,Agriculture | Horticulture | Forestry | Land management | +Tourism & hospitality,EN 343 | EN ISO 11393 (chainsaw) | EN ISO 20471 | EN ISO 20345 | EN ISO 20347 (SRC) | Food-safe | Industrial-wash,Waterproofs | Chainsaw trousers | Wellingtons | Hi-vis | Thermals | +Tourism & hospitality kit,waterproofs | wellingtons | chainsaw | hi-vis | chef-whites | hospitality | aprons,YES - verify vs ONS/NOMIS
Ashby-de-la-Zouch,Leicestershire,LE,Logistics & distribution,Manufacturing & engineering,M,Warehousing & distribution | Cold-chain | Fulfilment | Haulage | +Manufacturing & engineering,EN ISO 20471 | EN ISO 20345 | EN 342 | EN 511 | EN 388 | EN ISO 11611 | EN ISO 11612,Hi-vis (Class 2/3) | S3 safety boots | Cold-store thermals | Cut gloves | Bump caps | +Manufacturing & engineering kit,hi-vis | safety-footwear | cold-store-thermal | work-gloves | coveralls,check
Long Eaton,Derbyshire,NG,Manufacturing & engineering,Logistics & distribution,M,General & precision manufacturing | Engineering | Fabrication | +Logistics & distribution,EN ISO 11611 | EN ISO 11612 | EN 388 | EN ISO 20471 | EN ISO 20345 | EN 342 | EN 511,Coveralls | Cut/heat gloves | Hi-vis | Safety boots | Some FR | +Logistics & distribution kit,coveralls | work-gloves | hi-vis | safety-footwear | cold-store-thermal,check
Buxton,Derbyshire,SK,Tourism & hospitality,Manufacturing & engineering,M,Hotels & hospitality | Tourism | Catering | Events | +Manufacturing & engineering,EN ISO 20347 (SRC) | Food-safe | Industrial-wash | EN ISO 11611 | EN ISO 11612 | EN 388 | EN ISO 20471 | EN ISO 20345,Chef whites | Aprons | FOH uniforms | Housekeeping tunics | Kitchen shoes | +Manufacturing & engineering kit,chef-whites | hospitality | aprons | coveralls | work-gloves | hi-vis | safety-footwear,check
Matlock,Derbyshire,DE,Tourism & hospitality,Agriculture & rural,L,Hotels & hospitality | Tourism | Catering | Events | +Agriculture & rural,EN ISO 20347 (SRC) | Food-safe | Industrial-wash | EN 343 | EN ISO 11393 (chainsaw) | EN ISO 20471 | EN ISO 20345,Chef whites | Aprons | FOH uniforms | Housekeeping tunics | Kitchen shoes | +Agriculture & rural kit,chef-whites | hospitality | aprons | waterproofs | wellingtons | chainsaw | hi-vis,YES - verify vs ONS/NOMIS
Belper,Derbyshire,DE,Manufacturing & engineering,Mixed market town,L,General & precision manufacturing | Engineering | Fabrication | +Mixed market town,EN ISO 11611 | EN ISO 11612 | EN 388 | EN ISO 20471 | EN ISO 20345,Coveralls | Cut/heat gloves | Hi-vis | Safety boots | Some FR | +Mixed market town kit,coveralls | work-gloves | hi-vis | safety-footwear | work-trousers | polo-shirts,YES - verify vs ONS/NOMIS
Swadlincote,Derbyshire,DE,Manufacturing & engineering,Logistics & distribution,M,General & precision manufacturing | Engineering | Fabrication | +Logistics & distribution,EN ISO 11611 | EN ISO 11612 | EN 388 | EN ISO 20471 | EN ISO 20345 | EN 342 | EN 511,Coveralls | Cut/heat gloves | Hi-vis | Safety boots | Some FR | +Logistics & distribution kit,coveralls | work-gloves | hi-vis | safety-footwear | cold-store-thermal,check
Newcastle-under-Lyme,Staffordshire,ST,Manufacturing & engineering,"University, research & tech",M,"General & precision manufacturing | Engineering | Fabrication | +University, research & tech",EN ISO 11611 | EN ISO 11612 | EN 388 | EN ISO 20471 | EN ISO 20345 | EN 1149-5 | Food-safe,"Coveralls | Cut/heat gloves | Hi-vis | Safety boots | Some FR | +University, research & tech kit",coveralls | work-gloves | hi-vis | safety-footwear | lab-coats | healthcare,check
Leek,Staffordshire,ST,Manufacturing & engineering,Agriculture & rural,L,General & precision manufacturing | Engineering | Fabrication | +Agriculture & rural,EN ISO 11611 | EN ISO 11612 | EN 388 | EN ISO 20471 | EN ISO 20345 | EN 343 | EN ISO 11393 (chainsaw),Coveralls | Cut/heat gloves | Hi-vis | Safety boots | Some FR | +Agriculture & rural kit,coveralls | work-gloves | hi-vis | safety-footwear | waterproofs | wellingtons | chainsaw,YES - verify vs ONS/NOMIS
Rugeley,Staffordshire,WS,Logistics & distribution,Manufacturing & engineering,L,Warehousing & distribution | Cold-chain | Fulfilment | Haulage | +Manufacturing & engineering,EN ISO 20471 | EN ISO 20345 | EN 342 | EN 511 | EN 388 | EN ISO 11611 | EN ISO 11612,Hi-vis (Class 2/3) | S3 safety boots | Cold-store thermals | Cut gloves | Bump caps | +Manufacturing & engineering kit,hi-vis | safety-footwear | cold-store-thermal | work-gloves | coveralls,YES - verify vs ONS/NOMIS
Lichfield,Staffordshire,WS,"Corporate, retail & services",Tourism & hospitality,L,Financial & professional services | Retail | Facilities | Security | +Tourism & hospitality,Embroidery/branding | EN ISO 20471 (facilities) | EN ISO 20347 (SRC) | Food-safe | Industrial-wash,Branded polos & shirts | Retail uniforms | Facilities hi-vis | Security | +Tourism & hospitality kit,corporate-wear | hi-vis | security | chef-whites | hospitality | aprons,YES - verify vs ONS/NOMIS
Bromsgrove,Worcestershire,B,Manufacturing & engineering,"Corporate, retail & services",L,"General & precision manufacturing | Engineering | Fabrication | +Corporate, retail & services",EN ISO 11611 | EN ISO 11612 | EN 388 | EN ISO 20471 | EN ISO 20345 | Embroidery/branding | EN ISO 20471 (facilities),"Coveralls | Cut/heat gloves | Hi-vis | Safety boots | Some FR | +Corporate, retail & services kit",coveralls | work-gloves | hi-vis | safety-footwear | corporate-wear | security,YES - verify vs ONS/NOMIS
Droitwich Spa,Worcestershire,WR,Manufacturing & engineering,Tourism & hospitality,L,General & precision manufacturing | Engineering | Fabrication | +Tourism & hospitality,EN ISO 11611 | EN ISO 11612 | EN 388 | EN ISO 20471 | EN ISO 20345 | EN ISO 20347 (SRC) | Food-safe | Industrial-wash,Coveralls | Cut/heat gloves | Hi-vis | Safety boots | Some FR | +Tourism & hospitality kit,coveralls | work-gloves | hi-vis | safety-footwear | chef-whites | hospitality | aprons,YES - verify vs ONS/NOMIS
Malvern,Worcestershire,WR,"University, research & tech",Tourism & hospitality,M,Higher education | Research & labs | Tech & life sciences | +Tourism & hospitality,EN 1149-5 | Food-safe | EN ISO 20471 | EN ISO 20347 (SRC) | Industrial-wash,Lab coats | Antistatic/ESD | Catering | Estates hi-vis | +Tourism & hospitality kit,lab-coats | healthcare | hi-vis | chef-whites | hospitality | aprons,check
Ludlow,Shropshire,SY,Tourism & hospitality,Agriculture & rural,M,Hotels & hospitality | Tourism | Catering | Events | +Agriculture & rural,EN ISO 20347 (SRC) | Food-safe | Industrial-wash | EN 343 | EN ISO 11393 (chainsaw) | EN ISO 20471 | EN ISO 20345,Chef whites | Aprons | FOH uniforms | Housekeeping tunics | Kitchen shoes | +Agriculture & rural kit,chef-whites | hospitality | aprons | waterproofs | wellingtons | chainsaw | hi-vis,check
Oswestry,Shropshire,SY,Agriculture & rural,Logistics & distribution,L,Agriculture | Horticulture | Forestry | Land management | +Logistics & distribution,EN 343 | EN ISO 11393 (chainsaw) | EN ISO 20471 | EN ISO 20345 | EN 342 | EN 511 | EN 388,Waterproofs | Chainsaw trousers | Wellingtons | Hi-vis | Thermals | +Logistics & distribution kit,waterproofs | wellingtons | chainsaw | hi-vis | safety-footwear | cold-store-thermal | work-gloves,YES - verify vs ONS/NOMIS
Bridgnorth,Shropshire,WV,Agriculture & rural,Manufacturing & engineering,L,Agriculture | Horticulture | Forestry | Land management | +Manufacturing & engineering,EN 343 | EN ISO 11393 (chainsaw) | EN ISO 20471 | EN ISO 20345 | EN ISO 11611 | EN ISO 11612 | EN 388,Waterproofs | Chainsaw trousers | Wellingtons | Hi-vis | Thermals | +Manufacturing & engineering kit,waterproofs | wellingtons | chainsaw | hi-vis | coveralls | work-gloves | safety-footwear,YES - verify vs ONS/NOMIS
Market Drayton,Shropshire,TF,Food & drink processing,Agriculture & rural,M,Food manufacturing | Fish & seafood | Meat & poultry | Bakery | +Agriculture & rural,Food-safe | EN 342 | EN ISO 20345 | EN 388 | EN 343 | EN ISO 11393 (chainsaw) | EN ISO 20471,Hygiene wear | Cold-store thermals | Wellingtons | Cut gloves | +Agriculture & rural kit,food-hygiene-wear | cold-store-thermal | wellingtons | work-gloves | waterproofs | chainsaw | hi-vis,check
Stamford,Lincolnshire,PE,Tourism & hospitality,"Corporate, retail & services",L,"Hotels & hospitality | Tourism | Catering | Events | +Corporate, retail & services",EN ISO 20347 (SRC) | Food-safe | Industrial-wash | Embroidery/branding | EN ISO 20471 (facilities),"Chef whites | Aprons | FOH uniforms | Housekeeping tunics | Kitchen shoes | +Corporate, retail & services kit",chef-whites | hospitality | aprons | corporate-wear | hi-vis | security,YES - verify vs ONS/NOMIS
Sleaford,Lincolnshire,NG,Food & drink processing,Agriculture & rural,M,Food manufacturing | Fish & seafood | Meat & poultry | Bakery | +Agriculture & rural,Food-safe | EN 342 | EN ISO 20345 | EN 388 | EN 343 | EN ISO 11393 (chainsaw) | EN ISO 20471,Hygiene wear | Cold-store thermals | Wellingtons | Cut gloves | +Agriculture & rural kit,food-hygiene-wear | cold-store-thermal | wellingtons | work-gloves | waterproofs | chainsaw | hi-vis,check
Louth,Lincolnshire,LN,Food & drink processing,Agriculture & rural,L,Food manufacturing | Fish & seafood | Meat & poultry | Bakery | +Agriculture & rural,Food-safe | EN 342 | EN ISO 20345 | EN 388 | EN 343 | EN ISO 11393 (chainsaw) | EN ISO 20471,Hygiene wear | Cold-store thermals | Wellingtons | Cut gloves | +Agriculture & rural kit,food-hygiene-wear | cold-store-thermal | wellingtons | work-gloves | waterproofs | chainsaw | hi-vis,YES - verify vs ONS/NOMIS
Gainsborough,Lincolnshire,DN,Manufacturing & engineering,Agriculture & rural,M,General & precision manufacturing | Engineering | Fabrication | +Agriculture & rural,EN ISO 11611 | EN ISO 11612 | EN 388 | EN ISO 20471 | EN ISO 20345 | EN 343 | EN ISO 11393 (chainsaw),Coveralls | Cut/heat gloves | Hi-vis | Safety boots | Some FR | +Agriculture & rural kit,coveralls | work-gloves | hi-vis | safety-footwear | waterproofs | wellingtons | chainsaw,check
Retford,Nottinghamshire,DN,Logistics & distribution,Agriculture & rural,L,Warehousing & distribution | Cold-chain | Fulfilment | Haulage | +Agriculture & rural,EN ISO 20471 | EN ISO 20345 | EN 342 | EN 511 | EN 388 | EN 343 | EN ISO 11393 (chainsaw),Hi-vis (Class 2/3) | S3 safety boots | Cold-store thermals | Cut gloves | Bump caps | +Agriculture & rural kit,hi-vis | safety-footwear | cold-store-thermal | work-gloves | waterproofs | wellingtons | chainsaw,YES - verify vs ONS/NOMIS
Sutton-in-Ashfield,Nottinghamshire,NG,Logistics & distribution,Manufacturing & engineering,L,Warehousing & distribution | Cold-chain | Fulfilment | Haulage | +Manufacturing & engineering,EN ISO 20471 | EN ISO 20345 | EN 342 | EN 511 | EN 388 | EN ISO 11611 | EN ISO 11612,Hi-vis (Class 2/3) | S3 safety boots | Cold-store thermals | Cut gloves | Bump caps | +Manufacturing & engineering kit,hi-vis | safety-footwear | cold-store-thermal | work-gloves | coveralls,YES - verify vs ONS/NOMIS
Kirkby-in-Ashfield,Nottinghamshire,NG,Logistics & distribution,Manufacturing & engineering,L,Warehousing & distribution | Cold-chain | Fulfilment | Haulage | +Manufacturing & engineering,EN ISO 20471 | EN ISO 20345 | EN 342 | EN 511 | EN 388 | EN ISO 11611 | EN ISO 11612,Hi-vis (Class 2/3) | S3 safety boots | Cold-store thermals | Cut gloves | Bump caps | +Manufacturing & engineering kit,hi-vis | safety-footwear | cold-store-thermal | work-gloves | coveralls,YES - verify vs ONS/NOMIS
Accrington,Lancashire,BB,Manufacturing & engineering,Mixed market town,L,General & precision manufacturing | Engineering | Fabrication | +Mixed market town,EN ISO 11611 | EN ISO 11612 | EN 388 | EN ISO 20471 | EN ISO 20345,Coveralls | Cut/heat gloves | Hi-vis | Safety boots | Some FR | +Mixed market town kit,coveralls | work-gloves | hi-vis | safety-footwear | work-trousers | polo-shirts,YES - verify vs ONS/NOMIS
Nelson,Lancashire,BB,Manufacturing & engineering,Mixed market town,L,General & precision manufacturing | Engineering | Fabrication | +Mixed market town,EN ISO 11611 | EN ISO 11612 | EN 388 | EN ISO 20471 | EN ISO 20345,Coveralls | Cut/heat gloves | Hi-vis | Safety boots | Some FR | +Mixed market town kit,coveralls | work-gloves | hi-vis | safety-footwear | work-trousers | polo-shirts,YES - verify vs ONS/NOMIS
Clitheroe,Lancashire,BB,Food & drink processing,Agriculture & rural,M,Food manufacturing | Fish & seafood | Meat & poultry | Bakery | +Agriculture & rural,Food-safe | EN 342 | EN ISO 20345 | EN 388 | EN 343 | EN ISO 11393 (chainsaw) | EN ISO 20471,Hygiene wear | Cold-store thermals | Wellingtons | Cut gloves | +Agriculture & rural kit,food-hygiene-wear | cold-store-thermal | wellingtons | work-gloves | waterproofs | chainsaw | hi-vis,check
Chorley,Lancashire,PR,Logistics & distribution,Manufacturing & engineering,M,Warehousing & distribution | Cold-chain | Fulfilment | Haulage | +Manufacturing & engineering,EN ISO 20471 | EN ISO 20345 | EN 342 | EN 511 | EN 388 | EN ISO 11611 | EN ISO 11612,Hi-vis (Class 2/3) | S3 safety boots | Cold-store thermals | Cut gloves | Bump caps | +Manufacturing & engineering kit,hi-vis | safety-footwear | cold-store-thermal | work-gloves | coveralls,check
Leyland,Lancashire,PR,Automotive,Logistics & distribution,M,Vehicle manufacture | Bodyshops | MOT & fast-fit | Parts | +Logistics & distribution,EN 388 | EN 1149-5 | EN ISO 20345 | EN 13034 | EN ISO 20471 | EN 342 | EN 511,Boilersuits/coveralls | Nitrile & cut gloves | Antistatic (paint/ESD) | Safety boots | +Logistics & distribution kit,coveralls | work-gloves | safety-footwear | hi-vis | cold-store-thermal,check
Skelmersdale,Lancashire,WN,Logistics & distribution,Manufacturing & engineering,M,Warehousing & distribution | Cold-chain | Fulfilment | Haulage | +Manufacturing & engineering,EN ISO 20471 | EN ISO 20345 | EN 342 | EN 511 | EN 388 | EN ISO 11611 | EN ISO 11612,Hi-vis (Class 2/3) | S3 safety boots | Cold-store thermals | Cut gloves | Bump caps | +Manufacturing & engineering kit,hi-vis | safety-footwear | cold-store-thermal | work-gloves | coveralls,check
Ormskirk,Lancashire,L,"University, research & tech",Agriculture & rural,L,Higher education | Research & labs | Tech & life sciences | +Agriculture & rural,EN 1149-5 | Food-safe | EN ISO 20471 | EN 343 | EN ISO 11393 (chainsaw) | EN ISO 20345,Lab coats | Antistatic/ESD | Catering | Estates hi-vis | +Agriculture & rural kit,lab-coats | healthcare | hi-vis | waterproofs | wellingtons | chainsaw,YES - verify vs ONS/NOMIS
Northwich,Cheshire,CW,"Chemical, petrochem & pharma",Logistics & distribution,M,Chemicals | Petrochemicals | Pharmaceuticals | +Logistics & distribution,EN ISO 11612 | EN 1149-5 | EN 13034 | EN 14605 | EN ISO 20471 | EN ISO 20345 | EN 342 | EN 511 | EN 388,FR & antistatic coveralls | Chemical suits | Hi-vis | +Logistics & distribution kit,fr-coveralls | chemical-suits | hi-vis | safety-footwear | cold-store-thermal | work-gloves,check
Winsford,Cheshire,CW,Manufacturing & engineering,Logistics & distribution,L,General & precision manufacturing | Engineering | Fabrication | +Logistics & distribution,EN ISO 11611 | EN ISO 11612 | EN 388 | EN ISO 20471 | EN ISO 20345 | EN 342 | EN 511,Coveralls | Cut/heat gloves | Hi-vis | Safety boots | Some FR | +Logistics & distribution kit,coveralls | work-gloves | hi-vis | safety-footwear | cold-store-thermal,YES - verify vs ONS/NOMIS
Sandbach,Cheshire,CW,Logistics & distribution,Food & drink processing,L,Warehousing & distribution | Cold-chain | Fulfilment | Haulage | +Food & drink processing,EN ISO 20471 | EN ISO 20345 | EN 342 | EN 511 | EN 388 | Food-safe,Hi-vis (Class 2/3) | S3 safety boots | Cold-store thermals | Cut gloves | Bump caps | +Food & drink processing kit,hi-vis | safety-footwear | cold-store-thermal | work-gloves | food-hygiene-wear | wellingtons,YES - verify vs ONS/NOMIS
Congleton,Cheshire,CW,Manufacturing & engineering,Mixed market town,L,General & precision manufacturing | Engineering | Fabrication | +Mixed market town,EN ISO 11611 | EN ISO 11612 | EN 388 | EN ISO 20471 | EN ISO 20345,Coveralls | Cut/heat gloves | Hi-vis | Safety boots | Some FR | +Mixed market town kit,coveralls | work-gloves | hi-vis | safety-footwear | work-trousers | polo-shirts,YES - verify vs ONS/NOMIS
Macclesfield,Cheshire,SK,"Chemical, petrochem & pharma","Corporate, retail & services",M,"Chemicals | Petrochemicals | Pharmaceuticals | +Corporate, retail & services",EN ISO 11612 | EN 1149-5 | EN 13034 | EN 14605 | Embroidery/branding | EN ISO 20471 (facilities),"FR & antistatic coveralls | Chemical suits | Hi-vis | +Corporate, retail & services kit",fr-coveralls | chemical-suits | hi-vis | corporate-wear | security,check
Wilmslow,Cheshire,SK,"Corporate, retail & services",Mixed market town,L,Financial & professional services | Retail | Facilities | Security | +Mixed market town,Embroidery/branding | EN ISO 20471 (facilities) | EN ISO 20471 | EN ISO 20345,Branded polos & shirts | Retail uniforms | Facilities hi-vis | Security | +Mixed market town kit,corporate-wear | hi-vis | security | work-trousers | safety-footwear | polo-shirts,YES - verify vs ONS/NOMIS
Ashton-under-Lyne,Greater Manchester,OL,Manufacturing & engineering,Logistics & distribution,L,General & precision manufacturing | Engineering | Fabrication | +Logistics & distribution,EN ISO 11611 | EN ISO 11612 | EN 388 | EN ISO 20471 | EN ISO 20345 | EN 342 | EN 511,Coveralls | Cut/heat gloves | Hi-vis | Safety boots | Some FR | +Logistics & distribution kit,coveralls | work-gloves | hi-vis | safety-footwear | cold-store-thermal,YES - verify vs ONS/NOMIS
Hyde,Greater Manchester,SK,Manufacturing & engineering,Mixed market town,L,General & precision manufacturing | Engineering | Fabrication | +Mixed market town,EN ISO 11611 | EN ISO 11612 | EN 388 | EN ISO 20471 | EN ISO 20345,Coveralls | Cut/heat gloves | Hi-vis | Safety boots | Some FR | +Mixed market town kit,coveralls | work-gloves | hi-vis | safety-footwear | work-trousers | polo-shirts,YES - verify vs ONS/NOMIS
Sale,Greater Manchester,M,"Corporate, retail & services",Mixed market town,L,Financial & professional services | Retail | Facilities | Security | +Mixed market town,Embroidery/branding | EN ISO 20471 (facilities) | EN ISO 20471 | EN ISO 20345,Branded polos & shirts | Retail uniforms | Facilities hi-vis | Security | +Mixed market town kit,corporate-wear | hi-vis | security | work-trousers | safety-footwear | polo-shirts,YES - verify vs ONS/NOMIS
Altrincham,Greater Manchester,WA,"Corporate, retail & services",Mixed market town,L,Financial & professional services | Retail | Facilities | Security | +Mixed market town,Embroidery/branding | EN ISO 20471 (facilities) | EN ISO 20471 | EN ISO 20345,Branded polos & shirts | Retail uniforms | Facilities hi-vis | Security | +Mixed market town kit,corporate-wear | hi-vis | security | work-trousers | safety-footwear | polo-shirts,YES - verify vs ONS/NOMIS
Eccles,Greater Manchester,M,Manufacturing & engineering,Logistics & distribution,L,General & precision manufacturing | Engineering | Fabrication | +Logistics & distribution,EN ISO 11611 | EN ISO 11612 | EN 388 | EN ISO 20471 | EN ISO 20345 | EN 342 | EN 511,Coveralls | Cut/heat gloves | Hi-vis | Safety boots | Some FR | +Logistics & distribution kit,coveralls | work-gloves | hi-vis | safety-footwear | cold-store-thermal,YES - verify vs ONS/NOMIS
Workington,Cumbria,CA,Manufacturing & engineering,Port & maritime,M,General & precision manufacturing | Engineering | Fabrication | +Port & maritime,EN ISO 11611 | EN ISO 11612 | EN 388 | EN ISO 20471 | EN ISO 20345 | EN 343 | EN 342,Coveralls | Cut/heat gloves | Hi-vis | Safety boots | Some FR | +Port & maritime kit,coveralls | work-gloves | hi-vis | safety-footwear | waterproofs | cold-store-thermal,check
Whitehaven,Cumbria,CA,Manufacturing & engineering,Port & maritime,M,General & precision manufacturing | Engineering | Fabrication | +Port & maritime,EN ISO 11611 | EN ISO 11612 | EN 388 | EN ISO 20471 | EN ISO 20345 | EN 343 | EN 342,Coveralls | Cut/heat gloves | Hi-vis | Safety boots | Some FR | +Port & maritime kit,coveralls | work-gloves | hi-vis | safety-footwear | waterproofs | cold-store-thermal,check
Penrith,Cumbria,CA,Agriculture & rural,Logistics & distribution,M,Agriculture | Horticulture | Forestry | Land management | +Logistics & distribution,EN 343 | EN ISO 11393 (chainsaw) | EN ISO 20471 | EN ISO 20345 | EN 342 | EN 511 | EN 388,Waterproofs | Chainsaw trousers | Wellingtons | Hi-vis | Thermals | +Logistics & distribution kit,waterproofs | wellingtons | chainsaw | hi-vis | safety-footwear | cold-store-thermal | work-gloves,check
Ulverston,Cumbria,LA,Manufacturing & engineering,Agriculture & rural,L,General & precision manufacturing | Engineering | Fabrication | +Agriculture & rural,EN ISO 11611 | EN ISO 11612 | EN 388 | EN ISO 20471 | EN ISO 20345 | EN 343 | EN ISO 11393 (chainsaw),Coveralls | Cut/heat gloves | Hi-vis | Safety boots | Some FR | +Agriculture & rural kit,coveralls | work-gloves | hi-vis | safety-footwear | waterproofs | wellingtons | chainsaw,YES - verify vs ONS/NOMIS
Windermere,Cumbria,LA,Tourism & hospitality,Agriculture & rural,M,Hotels & hospitality | Tourism | Catering | Events | +Agriculture & rural,EN ISO 20347 (SRC) | Food-safe | Industrial-wash | EN 343 | EN ISO 11393 (chainsaw) | EN ISO 20471 | EN ISO 20345,Chef whites | Aprons | FOH uniforms | Housekeeping tunics | Kitchen shoes | +Agriculture & rural kit,chef-whites | hospitality | aprons | waterproofs | wellingtons | chainsaw | hi-vis,check
Middlewich,Cheshire,CW,Food & drink processing,Logistics & distribution,L,Food manufacturing | Fish & seafood | Meat & poultry | Bakery | +Logistics & distribution,Food-safe | EN 342 | EN ISO 20345 | EN 388 | EN ISO 20471 | EN 511,Hygiene wear | Cold-store thermals | Wellingtons | Cut gloves | +Logistics & distribution kit,food-hygiene-wear | cold-store-thermal | wellingtons | work-gloves | hi-vis | safety-footwear,YES - verify vs ONS/NOMIS
Pontefract,West Yorkshire,WF,Food & drink processing,Logistics & distribution,M,Food manufacturing | Fish & seafood | Meat & poultry | Bakery | +Logistics & distribution,Food-safe | EN 342 | EN ISO 20345 | EN 388 | EN ISO 20471 | EN 511,Hygiene wear | Cold-store thermals | Wellingtons | Cut gloves | +Logistics & distribution kit,food-hygiene-wear | cold-store-thermal | wellingtons | work-gloves | hi-vis | safety-footwear,check
Normanton,West Yorkshire,WF,Logistics & distribution,Manufacturing & engineering,M,Warehousing & distribution | Cold-chain | Fulfilment | Haulage | +Manufacturing & engineering,EN ISO 20471 | EN ISO 20345 | EN 342 | EN 511 | EN 388 | EN ISO 11611 | EN ISO 11612,Hi-vis (Class 2/3) | S3 safety boots | Cold-store thermals | Cut gloves | Bump caps | +Manufacturing & engineering kit,hi-vis | safety-footwear | cold-store-thermal | work-gloves | coveralls,check
Batley,West Yorkshire,WF,Manufacturing & engineering,Logistics & distribution,L,General & precision manufacturing | Engineering | Fabrication | +Logistics & distribution,EN ISO 11611 | EN ISO 11612 | EN 388 | EN ISO 20471 | EN ISO 20345 | EN 342 | EN 511,Coveralls | Cut/heat gloves | Hi-vis | Safety boots | Some FR | +Logistics & distribution kit,coveralls | work-gloves | hi-vis | safety-footwear | cold-store-thermal,YES - verify vs ONS/NOMIS
Brighouse,West Yorkshire,HD,Manufacturing & engineering,Logistics & distribution,L,General & precision manufacturing | Engineering | Fabrication | +Logistics & distribution,EN ISO 11611 | EN ISO 11612 | EN 388 | EN ISO 20471 | EN ISO 20345 | EN 342 | EN 511,Coveralls | Cut/heat gloves | Hi-vis | Safety boots | Some FR | +Logistics & distribution kit,coveralls | work-gloves | hi-vis | safety-footwear | cold-store-thermal,YES - verify vs ONS/NOMIS
Morley,West Yorkshire,LS,Manufacturing & engineering,Logistics & distribution,L,General & precision manufacturing | Engineering | Fabrication | +Logistics & distribution,EN ISO 11611 | EN ISO 11612 | EN 388 | EN ISO 20471 | EN ISO 20345 | EN 342 | EN 511,Coveralls | Cut/heat gloves | Hi-vis | Safety boots | Some FR | +Logistics & distribution kit,coveralls | work-gloves | hi-vis | safety-footwear | cold-store-thermal,YES - verify vs ONS/NOMIS
Pudsey,West Yorkshire,LS,Manufacturing & engineering,Mixed market town,L,General & precision manufacturing | Engineering | Fabrication | +Mixed market town,EN ISO 11611 | EN ISO 11612 | EN 388 | EN ISO 20471 | EN ISO 20345,Coveralls | Cut/heat gloves | Hi-vis | Safety boots | Some FR | +Mixed market town kit,coveralls | work-gloves | hi-vis | safety-footwear | work-trousers | polo-shirts,YES - verify vs ONS/NOMIS
Ilkley,West Yorkshire,LS,"Corporate, retail & services",Tourism & hospitality,L,Financial & professional services | Retail | Facilities | Security | +Tourism & hospitality,Embroidery/branding | EN ISO 20471 (facilities) | EN ISO 20347 (SRC) | Food-safe | Industrial-wash,Branded polos & shirts | Retail uniforms | Facilities hi-vis | Security | +Tourism & hospitality kit,corporate-wear | hi-vis | security | chef-whites | hospitality | aprons,YES - verify vs ONS/NOMIS
Skipton,North Yorkshire,BD,Agriculture & rural,Tourism & hospitality,M,Agriculture | Horticulture | Forestry | Land management | +Tourism & hospitality,EN 343 | EN ISO 11393 (chainsaw) | EN ISO 20471 | EN ISO 20345 | EN ISO 20347 (SRC) | Food-safe | Industrial-wash,Waterproofs | Chainsaw trousers | Wellingtons | Hi-vis | Thermals | +Tourism & hospitality kit,waterproofs | wellingtons | chainsaw | hi-vis | chef-whites | hospitality | aprons,check
Ripon,North Yorkshire,HG,Tourism & hospitality,Agriculture & rural,L,Hotels & hospitality | Tourism | Catering | Events | +Agriculture & rural,EN ISO 20347 (SRC) | Food-safe | Industrial-wash | EN 343 | EN ISO 11393 (chainsaw) | EN ISO 20471 | EN ISO 20345,Chef whites | Aprons | FOH uniforms | Housekeeping tunics | Kitchen shoes | +Agriculture & rural kit,chef-whites | hospitality | aprons | waterproofs | wellingtons | chainsaw | hi-vis,YES - verify vs ONS/NOMIS
Northallerton,North Yorkshire,DL,Agriculture & rural,Healthcare & public sector,L,Agriculture | Horticulture | Forestry | Land management | +Healthcare & public sector,EN 343 | EN ISO 11393 (chainsaw) | EN ISO 20471 | EN ISO 20345 | Colour-coded tunics | EN ISO 20347 | Industrial-wash,Waterproofs | Chainsaw trousers | Wellingtons | Hi-vis | Thermals | +Healthcare & public sector kit,waterproofs | wellingtons | chainsaw | hi-vis | healthcare-scrubs | tunics,YES - verify vs ONS/NOMIS
Thirsk,North Yorkshire,YO,Agriculture & rural,Tourism & hospitality,L,Agriculture | Horticulture | Forestry | Land management | +Tourism & hospitality,EN 343 | EN ISO 11393 (chainsaw) | EN ISO 20471 | EN ISO 20345 | EN ISO 20347 (SRC) | Food-safe | Industrial-wash,Waterproofs | Chainsaw trousers | Wellingtons | Hi-vis | Thermals | +Tourism & hospitality kit,waterproofs | wellingtons | chainsaw | hi-vis | chef-whites | hospitality | aprons,YES - verify vs ONS/NOMIS
Malton,North Yorkshire,YO,Food & drink processing,Agriculture & rural,M,Food manufacturing | Fish & seafood | Meat & poultry | Bakery | +Agriculture & rural,Food-safe | EN 342 | EN ISO 20345 | EN 388 | EN 343 | EN ISO 11393 (chainsaw) | EN ISO 20471,Hygiene wear | Cold-store thermals | Wellingtons | Cut gloves | +Agriculture & rural kit,food-hygiene-wear | cold-store-thermal | wellingtons | work-gloves | waterproofs | chainsaw | hi-vis,check
Whitby,North Yorkshire,YO,Tourism & hospitality,Food & drink processing,M,Hotels & hospitality | Tourism | Catering | Events | +Food & drink processing,EN ISO 20347 (SRC) | Food-safe | Industrial-wash | EN 342 | EN ISO 20345 | EN 388,Chef whites | Aprons | FOH uniforms | Housekeeping tunics | Kitchen shoes | +Food & drink processing kit,chef-whites | hospitality | aprons | food-hygiene-wear | cold-store-thermal | wellingtons | work-gloves,check
Bridlington,East Yorkshire,YO,Tourism & hospitality,Food & drink processing,M,Hotels & hospitality | Tourism | Catering | Events | +Food & drink processing,EN ISO 20347 (SRC) | Food-safe | Industrial-wash | EN 342 | EN ISO 20345 | EN 388,Chef whites | Aprons | FOH uniforms | Housekeeping tunics | Kitchen shoes | +Food & drink processing kit,chef-whites | hospitality | aprons | food-hygiene-wear | cold-store-thermal | wellingtons | work-gloves,check
Goole,East Yorkshire,DN,Port & maritime,Logistics & distribution,M,Ports & docks | Shipping & freight | Marine services | +Logistics & distribution,EN ISO 20471 | EN 343 | EN ISO 20345 | EN 342 | EN 511 | EN 388,Hi-vis | Waterproofs | Cold protection | Safety boots | +Logistics & distribution kit,hi-vis | waterproofs | safety-footwear | cold-store-thermal | work-gloves,check
Mexborough,South Yorkshire,S,Manufacturing & engineering,Logistics & distribution,L,General & precision manufacturing | Engineering | Fabrication | +Logistics & distribution,EN ISO 11611 | EN ISO 11612 | EN 388 | EN ISO 20471 | EN ISO 20345 | EN 342 | EN 511,Coveralls | Cut/heat gloves | Hi-vis | Safety boots | Some FR | +Logistics & distribution kit,coveralls | work-gloves | hi-vis | safety-footwear | cold-store-thermal,YES - verify vs ONS/NOMIS
Penistone,South Yorkshire,S,Agriculture & rural,Manufacturing & engineering,L,Agriculture | Horticulture | Forestry | Land management | +Manufacturing & engineering,EN 343 | EN ISO 11393 (chainsaw) | EN ISO 20471 | EN ISO 20345 | EN ISO 11611 | EN ISO 11612 | EN 388,Waterproofs | Chainsaw trousers | Wellingtons | Hi-vis | Thermals | +Manufacturing & engineering kit,waterproofs | wellingtons | chainsaw | hi-vis | coveralls | work-gloves | safety-footwear,YES - verify vs ONS/NOMIS
Stocksbridge,South Yorkshire,S,Steel & metals,Manufacturing & engineering,M,Steel & tube | Foundries | Metals processing | +Manufacturing & engineering,EN ISO 11612 (D/E) | EN ISO 11611 | EN 407 | EN ISO 20345 | EN ISO 11612 | EN 388 | EN ISO 20471,FR & molten-metal coveralls | Heat gloves | Foundry boots | +Manufacturing & engineering kit,fr-coveralls | heat-gloves | safety-footwear | coveralls | work-gloves | hi-vis,check
Chester-le-Street,County Durham,DH,"Corporate, retail & services",Logistics & distribution,L,Financial & professional services | Retail | Facilities | Security | +Logistics & distribution,Embroidery/branding | EN ISO 20471 (facilities) | EN ISO 20471 | EN ISO 20345 | EN 342 | EN 511 | EN 388,Branded polos & shirts | Retail uniforms | Facilities hi-vis | Security | +Logistics & distribution kit,corporate-wear | hi-vis | security | safety-footwear | cold-store-thermal | work-gloves,YES - verify vs ONS/NOMIS
Consett,County Durham,DH,Manufacturing & engineering,Mixed market town,L,General & precision manufacturing | Engineering | Fabrication | +Mixed market town,EN ISO 11611 | EN ISO 11612 | EN 388 | EN ISO 20471 | EN ISO 20345,Coveralls | Cut/heat gloves | Hi-vis | Safety boots | Some FR | +Mixed market town kit,coveralls | work-gloves | hi-vis | safety-footwear | work-trousers | polo-shirts,YES - verify vs ONS/NOMIS
Seaham,County Durham,SR,Manufacturing & engineering,Port & maritime,L,General & precision manufacturing | Engineering | Fabrication | +Port & maritime,EN ISO 11611 | EN ISO 11612 | EN 388 | EN ISO 20471 | EN ISO 20345 | EN 343 | EN 342,Coveralls | Cut/heat gloves | Hi-vis | Safety boots | Some FR | +Port & maritime kit,coveralls | work-gloves | hi-vis | safety-footwear | waterproofs | cold-store-thermal,YES - verify vs ONS/NOMIS
Peterlee,County Durham,SR,Manufacturing & engineering,Logistics & distribution,M,General & precision manufacturing | Engineering | Fabrication | +Logistics & distribution,EN ISO 11611 | EN ISO 11612 | EN 388 | EN ISO 20471 | EN ISO 20345 | EN 342 | EN 511,Coveralls | Cut/heat gloves | Hi-vis | Safety boots | Some FR | +Logistics & distribution kit,coveralls | work-gloves | hi-vis | safety-footwear | cold-store-thermal,check
Newton Aycliffe,County Durham,DL,Manufacturing & engineering,Logistics & distribution,M,General & precision manufacturing | Engineering | Fabrication | +Logistics & distribution,EN ISO 11611 | EN ISO 11612 | EN 388 | EN ISO 20471 | EN ISO 20345 | EN 342 | EN 511,Coveralls | Cut/heat gloves | Hi-vis | Safety boots | Some FR | +Logistics & distribution kit,coveralls | work-gloves | hi-vis | safety-footwear | cold-store-thermal,check
Bishop Auckland,County Durham,DL,Mixed market town,Agriculture & rural,L,Mixed trades | Construction | Retail & services | Light industry | +Agriculture & rural,EN ISO 20471 | EN ISO 20345 | EN 343 | EN ISO 11393 (chainsaw),Hi-vis | Work trousers | Safety boots | Branded polos | Embroidery | +Agriculture & rural kit,hi-vis | work-trousers | safety-footwear | polo-shirts | waterproofs | wellingtons | chainsaw,YES - verify vs ONS/NOMIS
Cramlington,Northumberland,NE,Manufacturing & engineering,Logistics & distribution,M,General & precision manufacturing | Engineering | Fabrication | +Logistics & distribution,EN ISO 11611 | EN ISO 11612 | EN 388 | EN ISO 20471 | EN ISO 20345 | EN 342 | EN 511,Coveralls | Cut/heat gloves | Hi-vis | Safety boots | Some FR | +Logistics & distribution kit,coveralls | work-gloves | hi-vis | safety-footwear | cold-store-thermal,check
Ashington,Northumberland,NE,Manufacturing & engineering,Mixed market town,L,General & precision manufacturing | Engineering | Fabrication | +Mixed market town,EN ISO 11611 | EN ISO 11612 | EN 388 | EN ISO 20471 | EN ISO 20345,Coveralls | Cut/heat gloves | Hi-vis | Safety boots | Some FR | +Mixed market town kit,coveralls | work-gloves | hi-vis | safety-footwear | work-trousers | polo-shirts,YES - verify vs ONS/NOMIS
Morpeth,Northumberland,NE,"Corporate, retail & services",Agriculture & rural,L,Financial & professional services | Retail | Facilities | Security | +Agriculture & rural,Embroidery/branding | EN ISO 20471 (facilities) | EN 343 | EN ISO 11393 (chainsaw) | EN ISO 20471 | EN ISO 20345,Branded polos & shirts | Retail uniforms | Facilities hi-vis | Security | +Agriculture & rural kit,corporate-wear | hi-vis | security | waterproofs | wellingtons | chainsaw,YES - verify vs ONS/NOMIS
Hexham,Northumberland,NE,Agriculture & rural,Tourism & hospitality,M,Agriculture | Horticulture | Forestry | Land management | +Tourism & hospitality,EN 343 | EN ISO 11393 (chainsaw) | EN ISO 20471 | EN ISO 20345 | EN ISO 20347 (SRC) | Food-safe | Industrial-wash,Waterproofs | Chainsaw trousers | Wellingtons | Hi-vis | Thermals | +Tourism & hospitality kit,waterproofs | wellingtons | chainsaw | hi-vis | chef-whites | hospitality | aprons,check
Berwick-upon-Tweed,Northumberland,TD,Agriculture & rural,Tourism & hospitality,M,Agriculture | Horticulture | Forestry | Land management | +Tourism & hospitality,EN 343 | EN ISO 11393 (chainsaw) | EN ISO 20471 | EN ISO 20345 | EN ISO 20347 (SRC) | Food-safe | Industrial-wash,Waterproofs | Chainsaw trousers | Wellingtons | Hi-vis | Thermals | +Tourism & hospitality kit,waterproofs | wellingtons | chainsaw | hi-vis | chef-whites | hospitality | aprons,check
Billingham,Teesside,TS,"Chemical, petrochem & pharma",Logistics & distribution,H,Chemicals | Petrochemicals | Pharmaceuticals | +Logistics & distribution,EN ISO 11612 | EN 1149-5 | EN 13034 | EN 14605 | EN ISO 20471 | EN ISO 20345 | EN 342 | EN 511 | EN 388,FR & antistatic coveralls | Chemical suits | Hi-vis | +Logistics & distribution kit,fr-coveralls | chemical-suits | hi-vis | safety-footwear | cold-store-thermal | work-gloves,
Yarm,Teesside,TS,"Corporate, retail & services",Mixed market town,L,Financial & professional services | Retail | Facilities | Security | +Mixed market town,Embroidery/branding | EN ISO 20471 (facilities) | EN ISO 20471 | EN ISO 20345,Branded polos & shirts | Retail uniforms | Facilities hi-vis | Security | +Mixed market town kit,corporate-wear | hi-vis | security | work-trousers | safety-footwear | polo-shirts,YES - verify vs ONS/NOMIS
Guisborough,Teesside,TS,Mixed market town,Agriculture & rural,L,Mixed trades | Construction | Retail & services | Light industry | +Agriculture & rural,EN ISO 20471 | EN ISO 20345 | EN 343 | EN ISO 11393 (chainsaw),Hi-vis | Work trousers | Safety boots | Branded polos | Embroidery | +Agriculture & rural kit,hi-vis | work-trousers | safety-footwear | polo-shirts | waterproofs | wellingtons | chainsaw,YES - verify vs ONS/NOMIS
Saltburn-by-the-Sea,Teesside,TS,Tourism & hospitality,Mixed market town,L,Hotels & hospitality | Tourism | Catering | Events | +Mixed market town,EN ISO 20347 (SRC) | Food-safe | Industrial-wash | EN ISO 20471 | EN ISO 20345,Chef whites | Aprons | FOH uniforms | Housekeeping tunics | Kitchen shoes | +Mixed market town kit,chef-whites | hospitality | aprons | hi-vis | work-trousers | safety-footwear | polo-shirts,YES - verify vs ONS/NOMIS
Airdrie,North Lanarkshire,ML,Manufacturing & engineering,Logistics & distribution,L,General & precision manufacturing | Engineering | Fabrication | +Logistics & distribution,EN ISO 11611 | EN ISO 11612 | EN 388 | EN ISO 20471 | EN ISO 20345 | EN 342 | EN 511,Coveralls | Cut/heat gloves | Hi-vis | Safety boots | Some FR | +Logistics & distribution kit,coveralls | work-gloves | hi-vis | safety-footwear | cold-store-thermal,YES - verify vs ONS/NOMIS
Coatbridge,North Lanarkshire,ML,Manufacturing & engineering,Logistics & distribution,L,General & precision manufacturing | Engineering | Fabrication | +Logistics & distribution,EN ISO 11611 | EN ISO 11612 | EN 388 | EN ISO 20471 | EN ISO 20345 | EN 342 | EN 511,Coveralls | Cut/heat gloves | Hi-vis | Safety boots | Some FR | +Logistics & distribution kit,coveralls | work-gloves | hi-vis | safety-footwear | cold-store-thermal,YES - verify vs ONS/NOMIS
Hamilton,South Lanarkshire,ML,"Corporate, retail & services",Manufacturing & engineering,L,Financial & professional services | Retail | Facilities | Security | +Manufacturing & engineering,Embroidery/branding | EN ISO 20471 (facilities) | EN ISO 11611 | EN ISO 11612 | EN 388 | EN ISO 20471 | EN ISO 20345,Branded polos & shirts | Retail uniforms | Facilities hi-vis | Security | +Manufacturing & engineering kit,corporate-wear | hi-vis | security | coveralls | work-gloves | safety-footwear,YES - verify vs ONS/NOMIS
Wishaw,North Lanarkshire,ML,Manufacturing & engineering,Mixed market town,L,General & precision manufacturing | Engineering | Fabrication | +Mixed market town,EN ISO 11611 | EN ISO 11612 | EN 388 | EN ISO 20471 | EN ISO 20345,Coveralls | Cut/heat gloves | Hi-vis | Safety boots | Some FR | +Mixed market town kit,coveralls | work-gloves | hi-vis | safety-footwear | work-trousers | polo-shirts,YES - verify vs ONS/NOMIS
Cumbernauld,North Lanarkshire,G,Logistics & distribution,Manufacturing & engineering,M,Warehousing & distribution | Cold-chain | Fulfilment | Haulage | +Manufacturing & engineering,EN ISO 20471 | EN ISO 20345 | EN 342 | EN 511 | EN 388 | EN ISO 11611 | EN ISO 11612,Hi-vis (Class 2/3) | S3 safety boots | Cold-store thermals | Cut gloves | Bump caps | +Manufacturing & engineering kit,hi-vis | safety-footwear | cold-store-thermal | work-gloves | coveralls,check
Clydebank,West Dunbartonshire,G,Manufacturing & engineering,Port & maritime,M,General & precision manufacturing | Engineering | Fabrication | +Port & maritime,EN ISO 11611 | EN ISO 11612 | EN 388 | EN ISO 20471 | EN ISO 20345 | EN 343 | EN 342,Coveralls | Cut/heat gloves | Hi-vis | Safety boots | Some FR | +Port & maritime kit,coveralls | work-gloves | hi-vis | safety-footwear | waterproofs | cold-store-thermal,check
Dumbarton,West Dunbartonshire,G,Manufacturing & engineering,Mixed market town,L,General & precision manufacturing | Engineering | Fabrication | +Mixed market town,EN ISO 11611 | EN ISO 11612 | EN 388 | EN ISO 20471 | EN ISO 20345,Coveralls | Cut/heat gloves | Hi-vis | Safety boots | Some FR | +Mixed market town kit,coveralls | work-gloves | hi-vis | safety-footwear | work-trousers | polo-shirts,YES - verify vs ONS/NOMIS
Renfrew,Renfrewshire,PA,Manufacturing & engineering,Logistics & distribution,L,General & precision manufacturing | Engineering | Fabrication | +Logistics & distribution,EN ISO 11611 | EN ISO 11612 | EN 388 | EN ISO 20471 | EN ISO 20345 | EN 342 | EN 511,Coveralls | Cut/heat gloves | Hi-vis | Safety boots | Some FR | +Logistics & distribution kit,coveralls | work-gloves | hi-vis | safety-footwear | cold-store-thermal,YES - verify vs ONS/NOMIS
Johnstone,Renfrewshire,PA,Manufacturing & engineering,Mixed market town,L,General & precision manufacturing | Engineering | Fabrication | +Mixed market town,EN ISO 11611 | EN ISO 11612 | EN 388 | EN ISO 20471 | EN ISO 20345,Coveralls | Cut/heat gloves | Hi-vis | Safety boots | Some FR | +Mixed market town kit,coveralls | work-gloves | hi-vis | safety-footwear | work-trousers | polo-shirts,YES - verify vs ONS/NOMIS
Rutherglen,South Lanarkshire,G,Manufacturing & engineering,Logistics & distribution,L,General & precision manufacturing | Engineering | Fabrication | +Logistics & distribution,EN ISO 11611 | EN ISO 11612 | EN 388 | EN ISO 20471 | EN ISO 20345 | EN 342 | EN 511,Coveralls | Cut/heat gloves | Hi-vis | Safety boots | Some FR | +Logistics & distribution kit,coveralls | work-gloves | hi-vis | safety-footwear | cold-store-thermal,YES - verify vs ONS/NOMIS
Cambuslang,South Lanarkshire,G,Logistics & distribution,Manufacturing & engineering,L,Warehousing & distribution | Cold-chain | Fulfilment | Haulage | +Manufacturing & engineering,EN ISO 20471 | EN ISO 20345 | EN 342 | EN 511 | EN 388 | EN ISO 11611 | EN ISO 11612,Hi-vis (Class 2/3) | S3 safety boots | Cold-store thermals | Cut gloves | Bump caps | +Manufacturing & engineering kit,hi-vis | safety-footwear | cold-store-thermal | work-gloves | coveralls,YES - verify vs ONS/NOMIS
Bathgate,West Lothian,EH,Logistics & distribution,Manufacturing & engineering,M,Warehousing & distribution | Cold-chain | Fulfilment | Haulage | +Manufacturing & engineering,EN ISO 20471 | EN ISO 20345 | EN 342 | EN 511 | EN 388 | EN ISO 11611 | EN ISO 11612,Hi-vis (Class 2/3) | S3 safety boots | Cold-store thermals | Cut gloves | Bump caps | +Manufacturing & engineering kit,hi-vis | safety-footwear | cold-store-thermal | work-gloves | coveralls,check
Musselburgh,East Lothian,EH,"Corporate, retail & services",Mixed market town,L,Financial & professional services | Retail | Facilities | Security | +Mixed market town,Embroidery/branding | EN ISO 20471 (facilities) | EN ISO 20471 | EN ISO 20345,Branded polos & shirts | Retail uniforms | Facilities hi-vis | Security | +Mixed market town kit,corporate-wear | hi-vis | security | work-trousers | safety-footwear | polo-shirts,YES - verify vs ONS/NOMIS
Dalkeith,Midlothian,EH,Logistics & distribution,Agriculture & rural,L,Warehousing & distribution | Cold-chain | Fulfilment | Haulage | +Agriculture & rural,EN ISO 20471 | EN ISO 20345 | EN 342 | EN 511 | EN 388 | EN 343 | EN ISO 11393 (chainsaw),Hi-vis (Class 2/3) | S3 safety boots | Cold-store thermals | Cut gloves | Bump caps | +Agriculture & rural kit,hi-vis | safety-footwear | cold-store-thermal | work-gloves | waterproofs | wellingtons | chainsaw,YES - verify vs ONS/NOMIS
Alloa,Clackmannanshire,FK,Manufacturing & engineering,Food & drink processing,L,General & precision manufacturing | Engineering | Fabrication | +Food & drink processing,EN ISO 11611 | EN ISO 11612 | EN 388 | EN ISO 20471 | EN ISO 20345 | Food-safe | EN 342,Coveralls | Cut/heat gloves | Hi-vis | Safety boots | Some FR | +Food & drink processing kit,coveralls | work-gloves | hi-vis | safety-footwear | food-hygiene-wear | cold-store-thermal | wellingtons,YES - verify vs ONS/NOMIS
Arbroath,Angus,DD,Food & drink processing,Port & maritime,M,Food manufacturing | Fish & seafood | Meat & poultry | Bakery | +Port & maritime,Food-safe | EN 342 | EN ISO 20345 | EN 388 | EN ISO 20471 | EN 343,Hygiene wear | Cold-store thermals | Wellingtons | Cut gloves | +Port & maritime kit,food-hygiene-wear | cold-store-thermal | wellingtons | work-gloves | hi-vis | waterproofs | safety-footwear,check
Forfar,Angus,DD,Agriculture & rural,Food & drink processing,L,Agriculture | Horticulture | Forestry | Land management | +Food & drink processing,EN 343 | EN ISO 11393 (chainsaw) | EN ISO 20471 | EN ISO 20345 | Food-safe | EN 342 | EN 388,Waterproofs | Chainsaw trousers | Wellingtons | Hi-vis | Thermals | +Food & drink processing kit,waterproofs | wellingtons | chainsaw | hi-vis | food-hygiene-wear | cold-store-thermal | work-gloves,YES - verify vs ONS/NOMIS
Montrose,Angus,DD,Offshore energy,Port & maritime,M,Offshore oil & gas | Subsea | Decommissioning | Offshore wind | +Port & maritime,EN ISO 11612 | EN 1149-5 | EN ISO 11611 | EN 13034 | IEC 61482 | EN ISO 20471 | EN 342 | EN 343 | EN ISO 20345,Multi-norm FR/antistatic coveralls | Hi-vis | Cold & wind | Chemical splash | +Port & maritime kit,offshore-coveralls | fr-coveralls | hi-vis | cold-store-thermal | waterproofs | safety-footwear,check
Stonehaven,Aberdeenshire,AB,Offshore energy,Tourism & hospitality,M,Offshore oil & gas | Subsea | Decommissioning | Offshore wind | +Tourism & hospitality,EN ISO 11612 | EN 1149-5 | EN ISO 11611 | EN 13034 | IEC 61482 | EN ISO 20471 | EN 342 | EN ISO 20347 (SRC) | Food-safe | Industrial-wash,Multi-norm FR/antistatic coveralls | Hi-vis | Cold & wind | Chemical splash | +Tourism & hospitality kit,offshore-coveralls | fr-coveralls | hi-vis | cold-store-thermal | chef-whites | hospitality | aprons,check
Inverurie,Aberdeenshire,AB,Offshore energy,Agriculture & rural,M,Offshore oil & gas | Subsea | Decommissioning | Offshore wind | +Agriculture & rural,EN ISO 11612 | EN 1149-5 | EN ISO 11611 | EN 13034 | IEC 61482 | EN ISO 20471 | EN 342 | EN 343 | EN ISO 11393 (chainsaw) | EN ISO 20345,Multi-norm FR/antistatic coveralls | Hi-vis | Cold & wind | Chemical splash | +Agriculture & rural kit,offshore-coveralls | fr-coveralls | hi-vis | cold-store-thermal | waterproofs | wellingtons | chainsaw,check
Ellon,Aberdeenshire,AB,Offshore energy,Agriculture & rural,M,Offshore oil & gas | Subsea | Decommissioning | Offshore wind | +Agriculture & rural,EN ISO 11612 | EN 1149-5 | EN ISO 11611 | EN 13034 | IEC 61482 | EN ISO 20471 | EN 342 | EN 343 | EN ISO 11393 (chainsaw) | EN ISO 20345,Multi-norm FR/antistatic coveralls | Hi-vis | Cold & wind | Chemical splash | +Agriculture & rural kit,offshore-coveralls | fr-coveralls | hi-vis | cold-store-thermal | waterproofs | wellingtons | chainsaw,check
Nairn,Highland,IV,Tourism & hospitality,Agriculture & rural,L,Hotels & hospitality | Tourism | Catering | Events | +Agriculture & rural,EN ISO 20347 (SRC) | Food-safe | Industrial-wash | EN 343 | EN ISO 11393 (chainsaw) | EN ISO 20471 | EN ISO 20345,Chef whites | Aprons | FOH uniforms | Housekeeping tunics | Kitchen shoes | +Agriculture & rural kit,chef-whites | hospitality | aprons | waterproofs | wellingtons | chainsaw | hi-vis,YES - verify vs ONS/NOMIS
Forres,Moray,IV,Agriculture & rural,Food & drink processing,L,Agriculture | Horticulture | Forestry | Land management | +Food & drink processing,EN 343 | EN ISO 11393 (chainsaw) | EN ISO 20471 | EN ISO 20345 | Food-safe | EN 342 | EN 388,Waterproofs | Chainsaw trousers | Wellingtons | Hi-vis | Thermals | +Food & drink processing kit,waterproofs | wellingtons | chainsaw | hi-vis | food-hygiene-wear | cold-store-thermal | work-gloves,YES - verify vs ONS/NOMIS
Wick,Highland,KW,Offshore energy,Agriculture & rural,M,Offshore oil & gas | Subsea | Decommissioning | Offshore wind | +Agriculture & rural,EN ISO 11612 | EN 1149-5 | EN ISO 11611 | EN 13034 | IEC 61482 | EN ISO 20471 | EN 342 | EN 343 | EN ISO 11393 (chainsaw) | EN ISO 20345,Multi-norm FR/antistatic coveralls | Hi-vis | Cold & wind | Chemical splash | +Agriculture & rural kit,offshore-coveralls | fr-coveralls | hi-vis | cold-store-thermal | waterproofs | wellingtons | chainsaw,check
Thurso,Highland,KW,Offshore energy,Agriculture & rural,M,Offshore oil & gas | Subsea | Decommissioning | Offshore wind | +Agriculture & rural,EN ISO 11612 | EN 1149-5 | EN ISO 11611 | EN 13034 | IEC 61482 | EN ISO 20471 | EN 342 | EN 343 | EN ISO 11393 (chainsaw) | EN ISO 20345,Multi-norm FR/antistatic coveralls | Hi-vis | Cold & wind | Chemical splash | +Agriculture & rural kit,offshore-coveralls | fr-coveralls | hi-vis | cold-store-thermal | waterproofs | wellingtons | chainsaw,check
Oban,Argyll & Bute,PA,Tourism & hospitality,Food & drink processing,M,Hotels & hospitality | Tourism | Catering | Events | +Food & drink processing,EN ISO 20347 (SRC) | Food-safe | Industrial-wash | EN 342 | EN ISO 20345 | EN 388,Chef whites | Aprons | FOH uniforms | Housekeeping tunics | Kitchen shoes | +Food & drink processing kit,chef-whites | hospitality | aprons | food-hygiene-wear | cold-store-thermal | wellingtons | work-gloves,check
Fort William,Highland,PH,Tourism & hospitality,Agriculture & rural,M,Hotels & hospitality | Tourism | Catering | Events | +Agriculture & rural,EN ISO 20347 (SRC) | Food-safe | Industrial-wash | EN 343 | EN ISO 11393 (chainsaw) | EN ISO 20471 | EN ISO 20345,Chef whites | Aprons | FOH uniforms | Housekeeping tunics | Kitchen shoes | +Agriculture & rural kit,chef-whites | hospitality | aprons | waterproofs | wellingtons | chainsaw | hi-vis,check
Galashiels,Scottish Borders,TD,Manufacturing & engineering,Agriculture & rural,L,General & precision manufacturing | Engineering | Fabrication | +Agriculture & rural,EN ISO 11611 | EN ISO 11612 | EN 388 | EN ISO 20471 | EN ISO 20345 | EN 343 | EN ISO 11393 (chainsaw),Coveralls | Cut/heat gloves | Hi-vis | Safety boots | Some FR | +Agriculture & rural kit,coveralls | work-gloves | hi-vis | safety-footwear | waterproofs | wellingtons | chainsaw,YES - verify vs ONS/NOMIS
Hawick,Scottish Borders,TD,Manufacturing & engineering,Agriculture & rural,M,General & precision manufacturing | Engineering | Fabrication | +Agriculture & rural,EN ISO 11611 | EN ISO 11612 | EN 388 | EN ISO 20471 | EN ISO 20345 | EN 343 | EN ISO 11393 (chainsaw),Coveralls | Cut/heat gloves | Hi-vis | Safety boots | Some FR | +Agriculture & rural kit,coveralls | work-gloves | hi-vis | safety-footwear | waterproofs | wellingtons | chainsaw,check
Stranraer,Dumfries & Galloway,DG,Port & maritime,Agriculture & rural,M,Ports & docks | Shipping & freight | Marine services | +Agriculture & rural,EN ISO 20471 | EN 343 | EN ISO 20345 | EN 342 | EN ISO 11393 (chainsaw),Hi-vis | Waterproofs | Cold protection | Safety boots | +Agriculture & rural kit,hi-vis | waterproofs | safety-footwear | cold-store-thermal | wellingtons | chainsaw,check
Caerphilly,South Wales,CF,Manufacturing & engineering,Logistics & distribution,L,General & precision manufacturing | Engineering | Fabrication | +Logistics & distribution,EN ISO 11611 | EN ISO 11612 | EN 388 | EN ISO 20471 | EN ISO 20345 | EN 342 | EN 511,Coveralls | Cut/heat gloves | Hi-vis | Safety boots | Some FR | +Logistics & distribution kit,coveralls | work-gloves | hi-vis | safety-footwear | cold-store-thermal,YES - verify vs ONS/NOMIS
Pontypool,South Wales,NP,Manufacturing & engineering,Mixed market town,L,General & precision manufacturing | Engineering | Fabrication | +Mixed market town,EN ISO 11611 | EN ISO 11612 | EN 388 | EN ISO 20471 | EN ISO 20345,Coveralls | Cut/heat gloves | Hi-vis | Safety boots | Some FR | +Mixed market town kit,coveralls | work-gloves | hi-vis | safety-footwear | work-trousers | polo-shirts,YES - verify vs ONS/NOMIS
Ebbw Vale,South Wales,NP,Manufacturing & engineering,Mixed market town,L,General & precision manufacturing | Engineering | Fabrication | +Mixed market town,EN ISO 11611 | EN ISO 11612 | EN 388 | EN ISO 20471 | EN ISO 20345,Coveralls | Cut/heat gloves | Hi-vis | Safety boots | Some FR | +Mixed market town kit,coveralls | work-gloves | hi-vis | safety-footwear | work-trousers | polo-shirts,YES - verify vs ONS/NOMIS
Abergavenny,South Wales,NP,Agriculture & rural,Tourism & hospitality,M,Agriculture | Horticulture | Forestry | Land management | +Tourism & hospitality,EN 343 | EN ISO 11393 (chainsaw) | EN ISO 20471 | EN ISO 20345 | EN ISO 20347 (SRC) | Food-safe | Industrial-wash,Waterproofs | Chainsaw trousers | Wellingtons | Hi-vis | Thermals | +Tourism & hospitality kit,waterproofs | wellingtons | chainsaw | hi-vis | chef-whites | hospitality | aprons,check
Chepstow,South Wales,NP,Manufacturing & engineering,Tourism & hospitality,L,General & precision manufacturing | Engineering | Fabrication | +Tourism & hospitality,EN ISO 11611 | EN ISO 11612 | EN 388 | EN ISO 20471 | EN ISO 20345 | EN ISO 20347 (SRC) | Food-safe | Industrial-wash,Coveralls | Cut/heat gloves | Hi-vis | Safety boots | Some FR | +Tourism & hospitality kit,coveralls | work-gloves | hi-vis | safety-footwear | chef-whites | hospitality | aprons,YES - verify vs ONS/NOMIS
Aberdare,South Wales,CF,Manufacturing & engineering,Mixed market town,L,General & precision manufacturing | Engineering | Fabrication | +Mixed market town,EN ISO 11611 | EN ISO 11612 | EN 388 | EN ISO 20471 | EN ISO 20345,Coveralls | Cut/heat gloves | Hi-vis | Safety boots | Some FR | +Mixed market town kit,coveralls | work-gloves | hi-vis | safety-footwear | work-trousers | polo-shirts,YES - verify vs ONS/NOMIS
Porthcawl,South Wales,CF,Tourism & hospitality,Mixed market town,L,Hotels & hospitality | Tourism | Catering | Events | +Mixed market town,EN ISO 20347 (SRC) | Food-safe | Industrial-wash | EN ISO 20471 | EN ISO 20345,Chef whites | Aprons | FOH uniforms | Housekeeping tunics | Kitchen shoes | +Mixed market town kit,chef-whites | hospitality | aprons | hi-vis | work-trousers | safety-footwear | polo-shirts,YES - verify vs ONS/NOMIS
Penarth,South Wales,CF,"Corporate, retail & services",Tourism & hospitality,L,Financial & professional services | Retail | Facilities | Security | +Tourism & hospitality,Embroidery/branding | EN ISO 20471 (facilities) | EN ISO 20347 (SRC) | Food-safe | Industrial-wash,Branded polos & shirts | Retail uniforms | Facilities hi-vis | Security | +Tourism & hospitality kit,corporate-wear | hi-vis | security | chef-whites | hospitality | aprons,YES - verify vs ONS/NOMIS
Carmarthen,West Wales,SA,Agriculture & rural,Healthcare & public sector,M,Agriculture | Horticulture | Forestry | Land management | +Healthcare & public sector,EN 343 | EN ISO 11393 (chainsaw) | EN ISO 20471 | EN ISO 20345 | Colour-coded tunics | EN ISO 20347 | Industrial-wash,Waterproofs | Chainsaw trousers | Wellingtons | Hi-vis | Thermals | +Healthcare & public sector kit,waterproofs | wellingtons | chainsaw | hi-vis | healthcare-scrubs | tunics,check
Llandudno,North Wales,LL,Tourism & hospitality,Mixed market town,H,Hotels & hospitality | Tourism | Catering | Events | +Mixed market town,EN ISO 20347 (SRC) | Food-safe | Industrial-wash | EN ISO 20471 | EN ISO 20345,Chef whites | Aprons | FOH uniforms | Housekeeping tunics | Kitchen shoes | +Mixed market town kit,chef-whites | hospitality | aprons | hi-vis | work-trousers | safety-footwear | polo-shirts,
Caernarfon,North Wales,LL,Tourism & hospitality,Agriculture & rural,M,Hotels & hospitality | Tourism | Catering | Events | +Agriculture & rural,EN ISO 20347 (SRC) | Food-safe | Industrial-wash | EN 343 | EN ISO 11393 (chainsaw) | EN ISO 20471 | EN ISO 20345,Chef whites | Aprons | FOH uniforms | Housekeeping tunics | Kitchen shoes | +Agriculture & rural kit,chef-whites | hospitality | aprons | waterproofs | wellingtons | chainsaw | hi-vis,check
Holyhead,North Wales,LL,Port & maritime,Tourism & hospitality,M,Ports & docks | Shipping & freight | Marine services | +Tourism & hospitality,EN ISO 20471 | EN 343 | EN ISO 20345 | EN 342 | EN ISO 20347 (SRC) | Food-safe | Industrial-wash,Hi-vis | Waterproofs | Cold protection | Safety boots | +Tourism & hospitality kit,hi-vis | waterproofs | safety-footwear | cold-store-thermal | chef-whites | hospitality | aprons,check
Prestatyn,North Wales,LL,Tourism & hospitality,Mixed market town,L,Hotels & hospitality | Tourism | Catering | Events | +Mixed market town,EN ISO 20347 (SRC) | Food-safe | Industrial-wash | EN ISO 20471 | EN ISO 20345,Chef whites | Aprons | FOH uniforms | Housekeeping tunics | Kitchen shoes | +Mixed market town kit,chef-whites | hospitality | aprons | hi-vis | work-trousers | safety-footwear | polo-shirts,YES - verify vs ONS/NOMIS
Mold,North Wales,CH,Logistics & distribution,Manufacturing & engineering,L,Warehousing & distribution | Cold-chain | Fulfilment | Haulage | +Manufacturing & engineering,EN ISO 20471 | EN ISO 20345 | EN 342 | EN 511 | EN 388 | EN ISO 11611 | EN ISO 11612,Hi-vis (Class 2/3) | S3 safety boots | Cold-store thermals | Cut gloves | Bump caps | +Manufacturing & engineering kit,hi-vis | safety-footwear | cold-store-thermal | work-gloves | coveralls,YES - verify vs ONS/NOMIS
Newtown,Mid Wales,SY,Manufacturing & engineering,Agriculture & rural,L,General & precision manufacturing | Engineering | Fabrication | +Agriculture & rural,EN ISO 11611 | EN ISO 11612 | EN 388 | EN ISO 20471 | EN ISO 20345 | EN 343 | EN ISO 11393 (chainsaw),Coveralls | Cut/heat gloves | Hi-vis | Safety boots | Some FR | +Agriculture & rural kit,coveralls | work-gloves | hi-vis | safety-footwear | waterproofs | wellingtons | chainsaw,YES - verify vs ONS/NOMIS
Welshpool,Mid Wales,SY,Agriculture & rural,Logistics & distribution,L,Agriculture | Horticulture | Forestry | Land management | +Logistics & distribution,EN 343 | EN ISO 11393 (chainsaw) | EN ISO 20471 | EN ISO 20345 | EN 342 | EN 511 | EN 388,Waterproofs | Chainsaw trousers | Wellingtons | Hi-vis | Thermals | +Logistics & distribution kit,waterproofs | wellingtons | chainsaw | hi-vis | safety-footwear | cold-store-thermal | work-gloves,YES - verify vs ONS/NOMIS
Brecon,Mid Wales,LD,Agriculture & rural,Tourism & hospitality,M,Agriculture | Horticulture | Forestry | Land management | +Tourism & hospitality,EN 343 | EN ISO 11393 (chainsaw) | EN ISO 20471 | EN ISO 20345 | EN ISO 20347 (SRC) | Food-safe | Industrial-wash,Waterproofs | Chainsaw trousers | Wellingtons | Hi-vis | Thermals | +Tourism & hospitality kit,waterproofs | wellingtons | chainsaw | hi-vis | chef-whites | hospitality | aprons,check
Milford Haven,West Wales,SA,"Chemical, petrochem & pharma",Port & maritime,H,Chemicals | Petrochemicals | Pharmaceuticals | +Port & maritime,EN ISO 11612 | EN 1149-5 | EN 13034 | EN 14605 | EN ISO 20471 | EN 343 | EN ISO 20345 | EN 342,FR & antistatic coveralls | Chemical suits | Hi-vis | +Port & maritime kit,fr-coveralls | chemical-suits | hi-vis | waterproofs | safety-footwear | cold-store-thermal,
Tenby,West Wales,SA,Tourism & hospitality,Food & drink processing,M,Hotels & hospitality | Tourism | Catering | Events | +Food & drink processing,EN ISO 20347 (SRC) | Food-safe | Industrial-wash | EN 342 | EN ISO 20345 | EN 388,Chef whites | Aprons | FOH uniforms | Housekeeping tunics | Kitchen shoes | +Food & drink processing kit,chef-whites | hospitality | aprons | food-hygiene-wear | cold-store-thermal | wellingtons | work-gloves,check
Ammanford,West Wales,SA,Manufacturing & engineering,Agriculture & rural,L,General & precision manufacturing | Engineering | Fabrication | +Agriculture & rural,EN ISO 11611 | EN ISO 11612 | EN 388 | EN ISO 20471 | EN ISO 20345 | EN 343 | EN ISO 11393 (chainsaw),Coveralls | Cut/heat gloves | Hi-vis | Safety boots | Some FR | +Agriculture & rural kit,coveralls | work-gloves | hi-vis | safety-footwear | waterproofs | wellingtons | chainsaw,YES - verify vs ONS/NOMIS
Bridgend (Pencoed),South Wales,CF,Automotive,Manufacturing & engineering,M,Vehicle manufacture | Bodyshops | MOT & fast-fit | Parts | +Manufacturing & engineering,EN 388 | EN 1149-5 | EN ISO 20345 | EN 13034 | EN ISO 11611 | EN ISO 11612 | EN ISO 20471,Boilersuits/coveralls | Nitrile & cut gloves | Antistatic (paint/ESD) | Safety boots | +Manufacturing & engineering kit,coveralls | work-gloves | safety-footwear | hi-vis,check
Larne,Northern Ireland,BT,Port & maritime,Manufacturing & engineering,M,Ports & docks | Shipping & freight | Marine services | +Manufacturing & engineering,EN ISO 20471 | EN 343 | EN ISO 20345 | EN 342 | EN ISO 11611 | EN ISO 11612 | EN 388,Hi-vis | Waterproofs | Cold protection | Safety boots | +Manufacturing & engineering kit,hi-vis | waterproofs | safety-footwear | cold-store-thermal | coveralls | work-gloves,check
Carrickfergus,Northern Ireland,BT,Manufacturing & engineering,Mixed market town,L,General & precision manufacturing | Engineering | Fabrication | +Mixed market town,EN ISO 11611 | EN ISO 11612 | EN 388 | EN ISO 20471 | EN ISO 20345,Coveralls | Cut/heat gloves | Hi-vis | Safety boots | Some FR | +Mixed market town kit,coveralls | work-gloves | hi-vis | safety-footwear | work-trousers | polo-shirts,YES - verify vs ONS/NOMIS
Armagh,Northern Ireland,BT,Agriculture & rural,Food & drink processing,M,Agriculture | Horticulture | Forestry | Land management | +Food & drink processing,EN 343 | EN ISO 11393 (chainsaw) | EN ISO 20471 | EN ISO 20345 | Food-safe | EN 342 | EN 388,Waterproofs | Chainsaw trousers | Wellingtons | Hi-vis | Thermals | +Food & drink processing kit,waterproofs | wellingtons | chainsaw | hi-vis | food-hygiene-wear | cold-store-thermal | work-gloves,check
Portadown,Northern Ireland,BT,Food & drink processing,Logistics & distribution,M,Food manufacturing | Fish & seafood | Meat & poultry | Bakery | +Logistics & distribution,Food-safe | EN 342 | EN ISO 20345 | EN 388 | EN ISO 20471 | EN 511,Hygiene wear | Cold-store thermals | Wellingtons | Cut gloves | +Logistics & distribution kit,food-hygiene-wear | cold-store-thermal | wellingtons | work-gloves | hi-vis | safety-footwear,check
Banbridge,Northern Ireland,BT,Logistics & distribution,Agriculture & rural,L,Warehousing & distribution | Cold-chain | Fulfilment | Haulage | +Agriculture & rural,EN ISO 20471 | EN ISO 20345 | EN 342 | EN 511 | EN 388 | EN 343 | EN ISO 11393 (chainsaw),Hi-vis (Class 2/3) | S3 safety boots | Cold-store thermals | Cut gloves | Bump caps | +Agriculture & rural kit,hi-vis | safety-footwear | cold-store-thermal | work-gloves | waterproofs | wellingtons | chainsaw,YES - verify vs ONS/NOMIS
Newtownards,Northern Ireland,BT,Manufacturing & engineering,Logistics & distribution,L,General & precision manufacturing | Engineering | Fabrication | +Logistics & distribution,EN ISO 11611 | EN ISO 11612 | EN 388 | EN ISO 20471 | EN ISO 20345 | EN 342 | EN 511,Coveralls | Cut/heat gloves | Hi-vis | Safety boots | Some FR | +Logistics & distribution kit,coveralls | work-gloves | hi-vis | safety-footwear | cold-store-thermal,YES - verify vs ONS/NOMIS
Cookstown,Northern Ireland,BT,Food & drink processing,Agriculture & rural,M,Food manufacturing | Fish & seafood | Meat & poultry | Bakery | +Agriculture & rural,Food-safe | EN 342 | EN ISO 20345 | EN 388 | EN 343 | EN ISO 11393 (chainsaw) | EN ISO 20471,Hygiene wear | Cold-store thermals | Wellingtons | Cut gloves | +Agriculture & rural kit,food-hygiene-wear | cold-store-thermal | wellingtons | work-gloves | waterproofs | chainsaw | hi-vis,check
Dungannon,Northern Ireland,BT,Food & drink processing,Agriculture & rural,M,Food manufacturing | Fish & seafood | Meat & poultry | Bakery | +Agriculture & rural,Food-safe | EN 342 | EN ISO 20345 | EN 388 | EN 343 | EN ISO 11393 (chainsaw) | EN ISO 20471,Hygiene wear | Cold-store thermals | Wellingtons | Cut gloves | +Agriculture & rural kit,food-hygiene-wear | cold-store-thermal | wellingtons | work-gloves | waterproofs | chainsaw | hi-vis,check
Magherafelt,Northern Ireland,BT,Agriculture & rural,Manufacturing & engineering,L,Agriculture | Horticulture | Forestry | Land management | +Manufacturing & engineering,EN 343 | EN ISO 11393 (chainsaw) | EN ISO 20471 | EN ISO 20345 | EN ISO 11611 | EN ISO 11612 | EN 388,Waterproofs | Chainsaw trousers | Wellingtons | Hi-vis | Thermals | +Manufacturing & engineering kit,waterproofs | wellingtons | chainsaw | hi-vis | coveralls | work-gloves | safety-footwear,YES - verify vs ONS/NOMIS
Ballymoney,Northern Ireland,BT,Agriculture & rural,Food & drink processing,L,Agriculture | Horticulture | Forestry | Land management | +Food & drink processing,EN 343 | EN ISO 11393 (chainsaw) | EN ISO 20471 | EN ISO 20345 | Food-safe | EN 342 | EN 388,Waterproofs | Chainsaw trousers | Wellingtons | Hi-vis | Thermals | +Food & drink processing kit,waterproofs | wellingtons | chainsaw | hi-vis | food-hygiene-wear | cold-store-thermal | work-gloves,YES - verify vs ONS/NOMIS
Limavady,Northern Ireland,BT,Agriculture & rural,Manufacturing & engineering,L,Agriculture | Horticulture | Forestry | Land management | +Manufacturing & engineering,EN 343 | EN ISO 11393 (chainsaw) | EN ISO 20471 | EN ISO 20345 | EN ISO 11611 | EN ISO 11612 | EN 388,Waterproofs | Chainsaw trousers | Wellingtons | Hi-vis | Thermals | +Manufacturing & engineering kit,waterproofs | wellingtons | chainsaw | hi-vis | coveralls | work-gloves | safety-footwear,YES - verify vs ONS/NOMIS
Strabane,Northern Ireland,BT,Manufacturing & engineering,Agriculture & rural,L,General & precision manufacturing | Engineering | Fabrication | +Agriculture & rural,EN ISO 11611 | EN ISO 11612 | EN 388 | EN ISO 20471 | EN ISO 20345 | EN 343 | EN ISO 11393 (chainsaw),Coveralls | Cut/heat gloves | Hi-vis | Safety boots | Some FR | +Agriculture & rural kit,coveralls | work-gloves | hi-vis | safety-footwear | waterproofs | wellingtons | chainsaw,YES - verify vs ONS/NOMIS
